solid ASCII
  facet normal -5.195149e-01 -8.544614e-01 -0.000000e+00
    outer loop
      vertex   -1.600000e+00 1.201141e+01 7.352000e+00
      vertex   -1.604548e+00 1.201417e+01 7.538031e+00
      vertex   -1.600000e+00 1.201141e+01 7.150000e+00
    endloop
  endfacet
  facet normal -5.281853e-01 -8.491291e-01 -1.396249e-04
    outer loop
      vertex   -1.600000e+00 1.201141e+01 7.150000e+00
      vertex   -1.604548e+00 1.201417e+01 7.538031e+00
      vertex   -1.618101e+00 1.202257e+01 7.725234e+00
    endloop
  endfacet
  facet normal -5.382277e-01 -8.427993e-01 -5.784840e-04
    outer loop
      vertex   -1.600000e+00 1.201141e+01 7.150000e+00
      vertex   -1.618101e+00 1.202257e+01 7.725234e+00
      vertex   -1.640521e+00 1.203676e+01 7.912739e+00
    endloop
  endfacet
  facet normal -5.485350e-01 -8.361265e-01 -1.347869e-03
    outer loop
      vertex   -1.640521e+00 1.203676e+01 7.912739e+00
      vertex   -1.671671e+00 1.205690e+01 8.099675e+00
      vertex   -1.600000e+00 1.201141e+01 7.150000e+00
    endloop
  endfacet
  facet normal -5.425433e-01 -8.400275e-01 -7.088308e-04
    outer loop
      vertex   -1.600000e+00 1.201141e+01 7.150000e+00
      vertex   -1.671671e+00 1.205690e+01 8.099675e+00
      vertex   -1.880831e+00 1.220000e+01 -1.400000e+00
    endloop
  endfacet
  facet normal -5.506167e-01 -8.347581e-01 -3.274242e-04
    outer loop
      vertex   -1.600000e+00 1.201141e+01 7.150000e+00
      vertex   -1.880831e+00 1.220000e+01 -1.400000e+00
      vertex   -1.508683e+00 1.195453e+01 -1.400000e+00
    endloop
  endfacet
  facet normal -5.522167e-01 -8.337005e-01 -4.005366e-04
    outer loop
      vertex   -1.671671e+00 1.205690e+01 8.099675e+00
      vertex   -1.711415e+00 1.208313e+01 8.285173e+00
      vertex   -1.880831e+00 1.220000e+01 -1.400000e+00
    endloop
  endfacet
  facet normal -5.595318e-01 -8.288089e-01 -2.135535e-04
    outer loop
      vertex   -1.880831e+00 1.220000e+01 -1.400000e+00
      vertex   -1.711415e+00 1.208313e+01 8.285173e+00
      vertex   -1.759614e+00 1.211562e+01 8.468363e+00
    endloop
  endfacet
  facet normal -5.671709e-01 -8.236001e-01 -7.518349e-05
    outer loop
      vertex   -1.880831e+00 1.220000e+01 -1.400000e+00
      vertex   -1.759614e+00 1.211562e+01 8.468363e+00
      vertex   -1.816132e+00 1.215453e+01 8.648375e+00
    endloop
  endfacet
  facet normal -5.750131e-01 -8.181442e-01 4.392631e-13
    outer loop
      vertex   -1.816132e+00 1.215453e+01 8.648375e+00
      vertex   -1.880831e+00 1.220000e+01 8.824338e+00
      vertex   -1.880831e+00 1.220000e+01 -1.400000e+00
    endloop
  endfacet
  facet normal -5.055502e-01 -8.627971e-01 3.404362e-04
    outer loop
      vertex   -1.600000e+00 1.201141e+01 7.150000e+00
      vertex   -1.508683e+00 1.195453e+01 -1.400000e+00
      vertex   -1.203756e+00 1.177923e+01 7.150000e+00
    endloop
  endfacet
  facet normal -4.921018e-01 -8.705376e-01 -2.978824e-04
    outer loop
      vertex   -1.203756e+00 1.177923e+01 7.150000e+00
      vertex   -1.508683e+00 1.195453e+01 -1.400000e+00
      vertex   -1.120584e+00 1.173514e+01 -1.400000e+00
    endloop
  endfacet
  facet normal -4.433658e-01 -8.963407e-01 3.092676e-04
    outer loop
      vertex   -1.203756e+00 1.177923e+01 7.150000e+00
      vertex   -1.120584e+00 1.173514e+01 -1.400000e+00
      vertex   -7.921076e-01 1.157561e+01 7.150000e+00
    endloop
  endfacet
  facet normal -4.312720e-01 -9.022219e-01 -2.650871e-04
    outer loop
      vertex   -7.921076e-01 1.157561e+01 7.150000e+00
      vertex   -1.120584e+00 1.173514e+01 -1.400000e+00
      vertex   -7.183606e-01 1.154287e+01 -1.400000e+00
    endloop
  endfacet
  facet normal -3.789681e-01 -9.254097e-01 2.748455e-04
    outer loop
      vertex   -7.921076e-01 1.157561e+01 7.150000e+00
      vertex   -7.183606e-01 1.154287e+01 -1.400000e+00
      vertex   -3.671089e-01 1.140157e+01 7.150000e+00
    endloop
  endfacet
  facet normal -3.684135e-01 -9.296620e-01 -2.290384e-04
    outer loop
      vertex   -3.671089e-01 1.140157e+01 7.150000e+00
      vertex   -7.183606e-01 1.154287e+01 -1.400000e+00
      vertex   -3.039035e-01 1.137863e+01 -1.400000e+00
    endloop
  endfacet
  facet normal -3.126786e-01 -9.498590e-01 2.371702e-04
    outer loop
      vertex   -3.671089e-01 1.140157e+01 7.150000e+00
      vertex   -3.039035e-01 1.137863e+01 -1.400000e+00
      vertex   6.911832e-02 1.125797e+01 7.150000e+00
    endloop
  endfacet
  facet normal -3.038218e-01 -9.527289e-01 -1.897365e-04
    outer loop
      vertex   6.911832e-02 1.125797e+01 7.150000e+00
      vertex   -3.039035e-01 1.137863e+01 -1.400000e+00
      vertex   1.208371e-01 1.124318e+01 -1.400000e+00
    endloop
  endfacet
  facet normal -2.448282e-01 -9.695665e-01 1.962417e-04
    outer loop
      vertex   6.911832e-02 1.125797e+01 7.150000e+00
      vertex   1.208371e-01 1.124318e+01 -1.400000e+00
      vertex   5.143963e-01 1.114553e+01 7.150000e+00
    endloop
  endfacet
  facet normal -2.378009e-01 -9.713139e-01 -1.471815e-04
    outer loop
      vertex   5.143963e-01 1.114553e+01 7.150000e+00
      vertex   1.208371e-01 1.124318e+01 -1.400000e+00
      vertex   5.538632e-01 1.113717e+01 -1.400000e+00
    endloop
  endfacet
  facet normal -1.757555e-01 -9.844338e-01 1.520603e-04
    outer loop
      vertex   5.143963e-01 1.114553e+01 7.150000e+00
      vertex   5.538632e-01 1.113717e+01 -1.400000e+00
      vertex   9.665021e-01 1.106482e+01 7.150000e+00
    endloop
  endfacet
  facet normal -1.706614e-01 -9.853297e-01 -1.013736e-04
    outer loop
      vertex   9.665021e-01 1.106482e+01 7.150000e+00
      vertex   5.538632e-01 1.113717e+01 -1.400000e+00
      vertex   9.931378e-01 1.106108e+01 -1.400000e+00
    endloop
  endfacet
  facet normal -1.058055e-01 -9.943868e-01 1.046260e-04
    outer loop
      vertex   9.665021e-01 1.106482e+01 7.150000e+00
      vertex   9.931378e-01 1.106108e+01 -1.400000e+00
      vertex   1.423179e+00 1.101622e+01 7.150000e+00
    endloop
  endfacet
  facet normal -1.027190e-01 -9.947104e-01 -5.231304e-05
    outer loop
      vertex   1.423179e+00 1.101622e+01 7.150000e+00
      vertex   9.931378e-01 1.106108e+01 -1.400000e+00
      vertex   1.436594e+00 1.101529e+01 -1.400000e+00
    endloop
  endfacet
  facet normal -3.532728e-02 -9.993758e-01 5.393919e-05
    outer loop
      vertex   1.423179e+00 1.101622e+01 7.150000e+00
      vertex   1.436594e+00 1.101529e+01 -1.400000e+00
      vertex   1.882147e+00 1.100000e+01 7.150000e+00
    endloop
  endfacet
  facet normal -3.429345e-02 -9.994118e-01 -0.000000e+00
    outer loop
      vertex   1.882147e+00 1.100000e+01 7.150000e+00
      vertex   1.436594e+00 1.101529e+01 -1.400000e+00
      vertex   1.882147e+00 1.100000e+01 -1.400000e+00
    endloop
  endfacet
  facet normal 0.000000e+00 -1.000000e+00 0.000000e+00
    outer loop
      vertex   5.945690e+00 1.100000e+01 5.662209e+00
      vertex   5.935560e+00 1.100000e+01 5.750000e+00
      vertex   1.882147e+00 1.100000e+01 7.150000e+00
    endloop
  endfacet
  facet normal 0.000000e+00 -1.000000e+00 0.000000e+00
    outer loop
      vertex   1.882147e+00 1.100000e+01 7.150000e+00
      vertex   5.935560e+00 1.100000e+01 5.750000e+00
      vertex   5.945690e+00 1.100000e+01 5.837791e+00
    endloop
  endfacet
  facet normal 0.000000e+00 -1.000000e+00 0.000000e+00
    outer loop
      vertex   1.882147e+00 1.100000e+01 7.150000e+00
      vertex   5.945690e+00 1.100000e+01 5.837791e+00
      vertex   5.975692e+00 1.100000e+01 5.922208e+00
    endloop
  endfacet
  facet normal 0.000000e+00 -1.000000e+00 0.000000e+00
    outer loop
      vertex   5.975692e+00 1.100000e+01 5.922208e+00
      vertex   6.024412e+00 1.100000e+01 6.000007e+00
      vertex   1.882147e+00 1.100000e+01 7.150000e+00
    endloop
  endfacet
  facet normal 0.000000e+00 -1.000000e+00 0.000000e+00
    outer loop
      vertex   1.882147e+00 1.100000e+01 7.150000e+00
      vertex   6.024412e+00 1.100000e+01 6.000007e+00
      vertex   6.089977e+00 1.100000e+01 6.068198e+00
    endloop
  endfacet
  facet normal 0.000000e+00 -1.000000e+00 0.000000e+00
    outer loop
      vertex   1.882147e+00 1.100000e+01 7.150000e+00
      vertex   6.089977e+00 1.100000e+01 6.068198e+00
      vertex   6.169869e+00 1.100000e+01 6.124161e+00
    endloop
  endfacet
  facet normal 0.000000e+00 -1.000000e+00 0.000000e+00
    outer loop
      vertex   6.169869e+00 1.100000e+01 6.124161e+00
      vertex   6.261017e+00 1.100000e+01 6.165746e+00
      vertex   1.882147e+00 1.100000e+01 7.150000e+00
    endloop
  endfacet
  facet normal 0.000000e+00 -1.000000e+00 0.000000e+00
    outer loop
      vertex   1.882147e+00 1.100000e+01 7.150000e+00
      vertex   6.261017e+00 1.100000e+01 6.165746e+00
      vertex   7.700000e+00 1.100000e+01 7.150000e+00
    endloop
  endfacet
  facet normal 0.000000e+00 -1.000000e+00 0.000000e+00
    outer loop
      vertex   7.700000e+00 1.100000e+01 7.150000e+00
      vertex   6.261017e+00 1.100000e+01 6.165746e+00
      vertex   6.359919e+00 1.100000e+01 6.191353e+00
    endloop
  endfacet
  facet normal 0.000000e+00 -1.000000e+00 0.000000e+00
    outer loop
      vertex   7.700000e+00 1.100000e+01 7.150000e+00
      vertex   6.359919e+00 1.100000e+01 6.191353e+00
      vertex   6.462773e+00 1.100000e+01 6.200000e+00
    endloop
  endfacet
  facet normal 0.000000e+00 -1.000000e+00 0.000000e+00
    outer loop
      vertex   6.462773e+00 1.100000e+01 6.200000e+00
      vertex   6.565627e+00 1.100000e+01 6.191353e+00
      vertex   7.700000e+00 1.100000e+01 7.150000e+00
    endloop
  endfacet
  facet normal 0.000000e+00 -1.000000e+00 0.000000e+00
    outer loop
      vertex   7.700000e+00 1.100000e+01 7.150000e+00
      vertex   6.565627e+00 1.100000e+01 6.191353e+00
      vertex   6.664528e+00 1.100000e+01 6.165746e+00
    endloop
  endfacet
  facet normal 0.000000e+00 -1.000000e+00 0.000000e+00
    outer loop
      vertex   7.700000e+00 1.100000e+01 7.150000e+00
      vertex   6.664528e+00 1.100000e+01 6.165746e+00
      vertex   6.755677e+00 1.100000e+01 6.124161e+00
    endloop
  endfacet
  facet normal 0.000000e+00 -1.000000e+00 0.000000e+00
    outer loop
      vertex   6.755677e+00 1.100000e+01 6.124161e+00
      vertex   6.835569e+00 1.100000e+01 6.068198e+00
      vertex   7.700000e+00 1.100000e+01 7.150000e+00
    endloop
  endfacet
  facet normal 0.000000e+00 -1.000000e+00 0.000000e+00
    outer loop
      vertex   7.700000e+00 1.100000e+01 7.150000e+00
      vertex   6.835569e+00 1.100000e+01 6.068198e+00
      vertex   6.901134e+00 1.100000e+01 6.000007e+00
    endloop
  endfacet
  facet normal 0.000000e+00 -1.000000e+00 0.000000e+00
    outer loop
      vertex   7.700000e+00 1.100000e+01 7.150000e+00
      vertex   6.901134e+00 1.100000e+01 6.000007e+00
      vertex   6.949854e+00 1.100000e+01 5.922208e+00
    endloop
  endfacet
  facet normal 0.000000e+00 -1.000000e+00 0.000000e+00
    outer loop
      vertex   6.949854e+00 1.100000e+01 5.922208e+00
      vertex   6.979855e+00 1.100000e+01 5.837791e+00
      vertex   7.700000e+00 1.100000e+01 7.150000e+00
    endloop
  endfacet
  facet normal 0.000000e+00 -1.000000e+00 0.000000e+00
    outer loop
      vertex   7.700000e+00 1.100000e+01 7.150000e+00
      vertex   6.979855e+00 1.100000e+01 5.837791e+00
      vertex   6.989986e+00 1.100000e+01 5.750000e+00
    endloop
  endfacet
  facet normal 0.000000e+00 -1.000000e+00 0.000000e+00
    outer loop
      vertex   7.700000e+00 1.100000e+01 7.150000e+00
      vertex   6.989986e+00 1.100000e+01 5.750000e+00
      vertex   6.979855e+00 1.100000e+01 5.662209e+00
    endloop
  endfacet
  facet normal 0.000000e+00 -1.000000e+00 0.000000e+00
    outer loop
      vertex   6.949854e+00 1.100000e+01 5.577792e+00
      vertex   6.949854e+00 1.100000e+01 1.722075e-01
      vertex   6.979855e+00 1.100000e+01 5.662209e+00
    endloop
  endfacet
  facet normal 0.000000e+00 -1.000000e+00 -0.000000e+00
    outer loop
      vertex   6.979855e+00 1.100000e+01 5.662209e+00
      vertex   6.949854e+00 1.100000e+01 1.722075e-01
      vertex   6.979855e+00 1.100000e+01 8.779064e-02
    endloop
  endfacet
  facet normal 0.000000e+00 -1.000000e+00 0.000000e+00
    outer loop
      vertex   6.979855e+00 1.100000e+01 5.662209e+00
      vertex   6.979855e+00 1.100000e+01 8.779064e-02
      vertex   7.700000e+00 1.100000e+01 7.150000e+00
    endloop
  endfacet
  facet normal 0.000000e+00 -1.000000e+00 -0.000000e+00
    outer loop
      vertex   7.700000e+00 1.100000e+01 7.150000e+00
      vertex   6.979855e+00 1.100000e+01 8.779064e-02
      vertex   7.700000e+00 1.100000e+01 -1.400000e+00
    endloop
  endfacet
  facet normal 0.000000e+00 -1.000000e+00 0.000000e+00
    outer loop
      vertex   7.700000e+00 1.100000e+01 -1.400000e+00
      vertex   6.979855e+00 1.100000e+01 8.779064e-02
      vertex   6.989986e+00 1.100000e+01 4.933126e-23
    endloop
  endfacet
  facet normal 0.000000e+00 -1.000000e+00 0.000000e+00
    outer loop
      vertex   7.700000e+00 1.100000e+01 -1.400000e+00
      vertex   6.989986e+00 1.100000e+01 4.933126e-23
      vertex   6.979855e+00 1.100000e+01 -8.779064e-02
    endloop
  endfacet
  facet normal 0.000000e+00 -1.000000e+00 0.000000e+00
    outer loop
      vertex   6.949854e+00 1.100000e+01 1.722075e-01
      vertex   6.949854e+00 1.100000e+01 5.577792e+00
      vertex   6.901134e+00 1.100000e+01 2.500066e-01
    endloop
  endfacet
  facet normal 0.000000e+00 -1.000000e+00 0.000000e+00
    outer loop
      vertex   6.901134e+00 1.100000e+01 2.500066e-01
      vertex   6.949854e+00 1.100000e+01 5.577792e+00
      vertex   6.901134e+00 1.100000e+01 5.499993e+00
    endloop
  endfacet
  facet normal 0.000000e+00 -1.000000e+00 0.000000e+00
    outer loop
      vertex   6.901134e+00 1.100000e+01 2.500066e-01
      vertex   6.901134e+00 1.100000e+01 5.499993e+00
      vertex   6.835569e+00 1.100000e+01 3.181981e-01
    endloop
  endfacet
  facet normal 0.000000e+00 -1.000000e+00 0.000000e+00
    outer loop
      vertex   6.835569e+00 1.100000e+01 3.181981e-01
      vertex   6.901134e+00 1.100000e+01 5.499993e+00
      vertex   6.835569e+00 1.100000e+01 5.431802e+00
    endloop
  endfacet
  facet normal 0.000000e+00 -1.000000e+00 0.000000e+00
    outer loop
      vertex   6.835569e+00 1.100000e+01 3.181981e-01
      vertex   6.835569e+00 1.100000e+01 5.431802e+00
      vertex   6.755677e+00 1.100000e+01 3.741613e-01
    endloop
  endfacet
  facet normal 0.000000e+00 -1.000000e+00 0.000000e+00
    outer loop
      vertex   6.755677e+00 1.100000e+01 3.741613e-01
      vertex   6.835569e+00 1.100000e+01 5.431802e+00
      vertex   6.755677e+00 1.100000e+01 5.375839e+00
    endloop
  endfacet
  facet normal 0.000000e+00 -1.000000e+00 0.000000e+00
    outer loop
      vertex   6.755677e+00 1.100000e+01 3.741613e-01
      vertex   6.755677e+00 1.100000e+01 5.375839e+00
      vertex   6.664528e+00 1.100000e+01 4.157458e-01
    endloop
  endfacet
  facet normal 0.000000e+00 -1.000000e+00 0.000000e+00
    outer loop
      vertex   6.664528e+00 1.100000e+01 4.157458e-01
      vertex   6.755677e+00 1.100000e+01 5.375839e+00
      vertex   6.664528e+00 1.100000e+01 5.334254e+00
    endloop
  endfacet
  facet normal 0.000000e+00 -1.000000e+00 0.000000e+00
    outer loop
      vertex   6.664528e+00 1.100000e+01 4.157458e-01
      vertex   6.664528e+00 1.100000e+01 5.334254e+00
      vertex   6.565627e+00 1.100000e+01 4.413534e-01
    endloop
  endfacet
  facet normal 0.000000e+00 -1.000000e+00 0.000000e+00
    outer loop
      vertex   6.565627e+00 1.100000e+01 4.413534e-01
      vertex   6.664528e+00 1.100000e+01 5.334254e+00
      vertex   6.565627e+00 1.100000e+01 5.308647e+00
    endloop
  endfacet
  facet normal 0.000000e+00 -1.000000e+00 0.000000e+00
    outer loop
      vertex   6.565627e+00 1.100000e+01 4.413534e-01
      vertex   6.565627e+00 1.100000e+01 5.308647e+00
      vertex   6.462773e+00 1.100000e+01 4.500000e-01
    endloop
  endfacet
  facet normal 0.000000e+00 -1.000000e+00 0.000000e+00
    outer loop
      vertex   6.462773e+00 1.100000e+01 4.500000e-01
      vertex   6.565627e+00 1.100000e+01 5.308647e+00
      vertex   6.462773e+00 1.100000e+01 5.300000e+00
    endloop
  endfacet
  facet normal -0.000000e+00 -1.000000e+00 0.000000e+00
    outer loop
      vertex   6.462773e+00 1.100000e+01 4.500000e-01
      vertex   6.462773e+00 1.100000e+01 5.300000e+00
      vertex   6.359919e+00 1.100000e+01 4.413534e-01
    endloop
  endfacet
  facet normal 0.000000e+00 -1.000000e+00 0.000000e+00
    outer loop
      vertex   6.359919e+00 1.100000e+01 4.413534e-01
      vertex   6.462773e+00 1.100000e+01 5.300000e+00
      vertex   6.359919e+00 1.100000e+01 5.308647e+00
    endloop
  endfacet
  facet normal -0.000000e+00 -1.000000e+00 0.000000e+00
    outer loop
      vertex   6.359919e+00 1.100000e+01 4.413534e-01
      vertex   6.359919e+00 1.100000e+01 5.308647e+00
      vertex   6.261017e+00 1.100000e+01 4.157458e-01
    endloop
  endfacet
  facet normal 0.000000e+00 -1.000000e+00 0.000000e+00
    outer loop
      vertex   6.261017e+00 1.100000e+01 4.157458e-01
      vertex   6.359919e+00 1.100000e+01 5.308647e+00
      vertex   6.261017e+00 1.100000e+01 5.334254e+00
    endloop
  endfacet
  facet normal -0.000000e+00 -1.000000e+00 0.000000e+00
    outer loop
      vertex   6.261017e+00 1.100000e+01 4.157458e-01
      vertex   6.261017e+00 1.100000e+01 5.334254e+00
      vertex   6.169869e+00 1.100000e+01 3.741613e-01
    endloop
  endfacet
  facet normal 0.000000e+00 -1.000000e+00 0.000000e+00
    outer loop
      vertex   6.169869e+00 1.100000e+01 3.741613e-01
      vertex   6.261017e+00 1.100000e+01 5.334254e+00
      vertex   6.169869e+00 1.100000e+01 5.375839e+00
    endloop
  endfacet
  facet normal -0.000000e+00 -1.000000e+00 0.000000e+00
    outer loop
      vertex   6.169869e+00 1.100000e+01 3.741613e-01
      vertex   6.169869e+00 1.100000e+01 5.375839e+00
      vertex   6.089977e+00 1.100000e+01 3.181981e-01
    endloop
  endfacet
  facet normal 0.000000e+00 -1.000000e+00 0.000000e+00
    outer loop
      vertex   6.089977e+00 1.100000e+01 3.181981e-01
      vertex   6.169869e+00 1.100000e+01 5.375839e+00
      vertex   6.089977e+00 1.100000e+01 5.431802e+00
    endloop
  endfacet
  facet normal -0.000000e+00 -1.000000e+00 0.000000e+00
    outer loop
      vertex   6.089977e+00 1.100000e+01 3.181981e-01
      vertex   6.089977e+00 1.100000e+01 5.431802e+00
      vertex   6.024412e+00 1.100000e+01 2.500066e-01
    endloop
  endfacet
  facet normal 0.000000e+00 -1.000000e+00 0.000000e+00
    outer loop
      vertex   6.024412e+00 1.100000e+01 2.500066e-01
      vertex   6.089977e+00 1.100000e+01 5.431802e+00
      vertex   6.024412e+00 1.100000e+01 5.499993e+00
    endloop
  endfacet
  facet normal -0.000000e+00 -1.000000e+00 0.000000e+00
    outer loop
      vertex   6.024412e+00 1.100000e+01 2.500066e-01
      vertex   6.024412e+00 1.100000e+01 5.499993e+00
      vertex   5.975692e+00 1.100000e+01 1.722075e-01
    endloop
  endfacet
  facet normal 0.000000e+00 -1.000000e+00 0.000000e+00
    outer loop
      vertex   5.975692e+00 1.100000e+01 1.722075e-01
      vertex   6.024412e+00 1.100000e+01 5.499993e+00
      vertex   5.975692e+00 1.100000e+01 5.577792e+00
    endloop
  endfacet
  facet normal -0.000000e+00 -1.000000e+00 0.000000e+00
    outer loop
      vertex   5.975692e+00 1.100000e+01 1.722075e-01
      vertex   5.975692e+00 1.100000e+01 5.577792e+00
      vertex   1.882147e+00 1.100000e+01 -1.400000e+00
    endloop
  endfacet
  facet normal 0.000000e+00 -1.000000e+00 0.000000e+00
    outer loop
      vertex   1.882147e+00 1.100000e+01 -1.400000e+00
      vertex   5.975692e+00 1.100000e+01 5.577792e+00
      vertex   1.882147e+00 1.100000e+01 7.150000e+00
    endloop
  endfacet
  facet normal 0.000000e+00 -1.000000e+00 0.000000e+00
    outer loop
      vertex   1.882147e+00 1.100000e+01 7.150000e+00
      vertex   5.975692e+00 1.100000e+01 5.577792e+00
      vertex   5.945690e+00 1.100000e+01 5.662209e+00
    endloop
  endfacet
  facet normal -0.000000e+00 -1.000000e+00 0.000000e+00
    outer loop
      vertex   5.945690e+00 1.100000e+01 -8.779064e-02
      vertex   5.935560e+00 1.100000e+01 5.510916e-17
      vertex   1.882147e+00 1.100000e+01 -1.400000e+00
    endloop
  endfacet
  facet normal 0.000000e+00 -1.000000e+00 0.000000e+00
    outer loop
      vertex   1.882147e+00 1.100000e+01 -1.400000e+00
      vertex   5.935560e+00 1.100000e+01 5.510916e-17
      vertex   5.945690e+00 1.100000e+01 8.779064e-02
    endloop
  endfacet
  facet normal 0.000000e+00 -1.000000e+00 0.000000e+00
    outer loop
      vertex   1.882147e+00 1.100000e+01 -1.400000e+00
      vertex   5.945690e+00 1.100000e+01 8.779064e-02
      vertex   5.975692e+00 1.100000e+01 1.722075e-01
    endloop
  endfacet
  facet normal 0.000000e+00 -1.000000e+00 -0.000000e+00
    outer loop
      vertex   6.979855e+00 1.100000e+01 -8.779064e-02
      vertex   6.949854e+00 1.100000e+01 -1.722075e-01
      vertex   7.700000e+00 1.100000e+01 -1.400000e+00
    endloop
  endfacet
  facet normal 0.000000e+00 -1.000000e+00 0.000000e+00
    outer loop
      vertex   7.700000e+00 1.100000e+01 -1.400000e+00
      vertex   6.949854e+00 1.100000e+01 -1.722075e-01
      vertex   6.901134e+00 1.100000e+01 -2.500066e-01
    endloop
  endfacet
  facet normal 0.000000e+00 -1.000000e+00 0.000000e+00
    outer loop
      vertex   7.700000e+00 1.100000e+01 -1.400000e+00
      vertex   6.901134e+00 1.100000e+01 -2.500066e-01
      vertex   6.835569e+00 1.100000e+01 -3.181981e-01
    endloop
  endfacet
  facet normal 0.000000e+00 -1.000000e+00 -0.000000e+00
    outer loop
      vertex   6.835569e+00 1.100000e+01 -3.181981e-01
      vertex   6.755677e+00 1.100000e+01 -3.741613e-01
      vertex   7.700000e+00 1.100000e+01 -1.400000e+00
    endloop
  endfacet
  facet normal 0.000000e+00 -1.000000e+00 0.000000e+00
    outer loop
      vertex   7.700000e+00 1.100000e+01 -1.400000e+00
      vertex   6.755677e+00 1.100000e+01 -3.741613e-01
      vertex   6.664528e+00 1.100000e+01 -4.157458e-01
    endloop
  endfacet
  facet normal 0.000000e+00 -1.000000e+00 0.000000e+00
    outer loop
      vertex   7.700000e+00 1.100000e+01 -1.400000e+00
      vertex   6.664528e+00 1.100000e+01 -4.157458e-01
      vertex   6.565627e+00 1.100000e+01 -4.413534e-01
    endloop
  endfacet
  facet normal 0.000000e+00 -1.000000e+00 -0.000000e+00
    outer loop
      vertex   6.565627e+00 1.100000e+01 -4.413534e-01
      vertex   6.462773e+00 1.100000e+01 -4.500000e-01
      vertex   7.700000e+00 1.100000e+01 -1.400000e+00
    endloop
  endfacet
  facet normal 0.000000e+00 -1.000000e+00 0.000000e+00
    outer loop
      vertex   7.700000e+00 1.100000e+01 -1.400000e+00
      vertex   6.462773e+00 1.100000e+01 -4.500000e-01
      vertex   6.359919e+00 1.100000e+01 -4.413534e-01
    endloop
  endfacet
  facet normal 0.000000e+00 -1.000000e+00 0.000000e+00
    outer loop
      vertex   7.700000e+00 1.100000e+01 -1.400000e+00
      vertex   6.359919e+00 1.100000e+01 -4.413534e-01
      vertex   6.261017e+00 1.100000e+01 -4.157458e-01
    endloop
  endfacet
  facet normal 0.000000e+00 -1.000000e+00 0.000000e+00
    outer loop
      vertex   7.700000e+00 1.100000e+01 -1.400000e+00
      vertex   6.261017e+00 1.100000e+01 -4.157458e-01
      vertex   1.882147e+00 1.100000e+01 -1.400000e+00
    endloop
  endfacet
  facet normal 0.000000e+00 -1.000000e+00 0.000000e+00
    outer loop
      vertex   1.882147e+00 1.100000e+01 -1.400000e+00
      vertex   6.261017e+00 1.100000e+01 -4.157458e-01
      vertex   6.169869e+00 1.100000e+01 -3.741613e-01
    endloop
  endfacet
  facet normal 0.000000e+00 -1.000000e+00 0.000000e+00
    outer loop
      vertex   1.882147e+00 1.100000e+01 -1.400000e+00
      vertex   6.169869e+00 1.100000e+01 -3.741613e-01
      vertex   6.089977e+00 1.100000e+01 -3.181981e-01
    endloop
  endfacet
  facet normal -0.000000e+00 -1.000000e+00 0.000000e+00
    outer loop
      vertex   6.089977e+00 1.100000e+01 -3.181981e-01
      vertex   6.024412e+00 1.100000e+01 -2.500066e-01
      vertex   1.882147e+00 1.100000e+01 -1.400000e+00
    endloop
  endfacet
  facet normal 0.000000e+00 -1.000000e+00 0.000000e+00
    outer loop
      vertex   1.882147e+00 1.100000e+01 -1.400000e+00
      vertex   6.024412e+00 1.100000e+01 -2.500066e-01
      vertex   5.975692e+00 1.100000e+01 -1.722075e-01
    endloop
  endfacet
  facet normal 0.000000e+00 -1.000000e+00 0.000000e+00
    outer loop
      vertex   1.882147e+00 1.100000e+01 -1.400000e+00
      vertex   5.975692e+00 1.100000e+01 -1.722075e-01
      vertex   5.945690e+00 1.100000e+01 -8.779064e-02
    endloop
  endfacet
  facet normal 0.000000e+00 4.357084e-14 -1.000000e+00
    outer loop
      vertex   1.882147e+00 1.100000e+01 -1.400000e+00
      vertex   1.436594e+00 1.101529e+01 -1.400000e+00
      vertex   7.700000e+00 1.100000e+01 -1.400000e+00
    endloop
  endfacet
  facet normal -1.019232e-16 1.814911e-15 -1.000000e+00
    outer loop
      vertex   7.700000e+00 1.100000e+01 -1.400000e+00
      vertex   1.436594e+00 1.101529e+01 -1.400000e+00
      vertex   7.979911e+00 1.101572e+01 -1.400000e+00
    endloop
  endfacet
  facet normal -1.017388e-16 -9.852183e-16 -1.000000e+00
    outer loop
      vertex   7.979911e+00 1.101572e+01 -1.400000e+00
      vertex   1.436594e+00 1.101529e+01 -1.400000e+00
      vertex   9.931378e-01 1.106108e+01 -1.400000e+00
    endloop
  endfacet
  facet normal -9.183291e-17 5.404898e-16 -1.000000e+00
    outer loop
      vertex   7.979911e+00 1.101572e+01 -1.400000e+00
      vertex   9.931378e-01 1.106108e+01 -1.400000e+00
      vertex   8.256302e+00 1.106268e+01 -1.400000e+00
    endloop
  endfacet
  facet normal -9.173658e-17 1.026533e-16 -1.000000e+00
    outer loop
      vertex   8.256302e+00 1.106268e+01 -1.400000e+00
      vertex   9.931378e-01 1.106108e+01 -1.400000e+00
      vertex   1.005971e+01 1.267430e+01 -1.400000e+00
    endloop
  endfacet
  facet normal 0.000000e+00 0.000000e+00 -1.000000e+00
    outer loop
      vertex   8.256302e+00 1.106268e+01 -1.400000e+00
      vertex   1.005971e+01 1.267430e+01 -1.400000e+00
      vertex   9.952422e+00 1.241529e+01 -1.400000e+00
    endloop
  endfacet
  facet normal 0.000000e+00 0.000000e+00 -1.000000e+00
    outer loop
      vertex   5.538632e-01 1.113717e+01 -1.400000e+00
      vertex   1.208371e-01 1.124318e+01 -1.400000e+00
      vertex   9.931378e-01 1.106108e+01 -1.400000e+00
    endloop
  endfacet
  facet normal 0.000000e+00 0.000000e+00 -1.000000e+00
    outer loop
      vertex   9.931378e-01 1.106108e+01 -1.400000e+00
      vertex   1.208371e-01 1.124318e+01 -1.400000e+00
      vertex   -3.039035e-01 1.137863e+01 -1.400000e+00
    endloop
  endfacet
  facet normal 0.000000e+00 0.000000e+00 -1.000000e+00
    outer loop
      vertex   9.931378e-01 1.106108e+01 -1.400000e+00
      vertex   -3.039035e-01 1.137863e+01 -1.400000e+00
      vertex   -7.183606e-01 1.154287e+01 -1.400000e+00
    endloop
  endfacet
  facet normal 0.000000e+00 0.000000e+00 -1.000000e+00
    outer loop
      vertex   -7.183606e-01 1.154287e+01 -1.400000e+00
      vertex   -1.120584e+00 1.173514e+01 -1.400000e+00
      vertex   9.931378e-01 1.106108e+01 -1.400000e+00
    endloop
  endfacet
  facet normal 0.000000e+00 0.000000e+00 -1.000000e+00
    outer loop
      vertex   9.931378e-01 1.106108e+01 -1.400000e+00
      vertex   -1.120584e+00 1.173514e+01 -1.400000e+00
      vertex   -1.508683e+00 1.195453e+01 -1.400000e+00
    endloop
  endfacet
  facet normal 0.000000e+00 0.000000e+00 -1.000000e+00
    outer loop
      vertex   9.931378e-01 1.106108e+01 -1.400000e+00
      vertex   -1.508683e+00 1.195453e+01 -1.400000e+00
      vertex   -1.880831e+00 1.220000e+01 -1.400000e+00
    endloop
  endfacet
  facet normal -2.337353e-17 -5.898124e-17 -1.000000e+00
    outer loop
      vertex   9.931378e-01 1.106108e+01 -1.400000e+00
      vertex   -1.880831e+00 1.220000e+01 -1.400000e+00
      vertex   4.249388e+00 1.730000e+01 -1.400000e+00
    endloop
  endfacet
  facet normal -3.291130e-17 -4.751681e-17 -1.000000e+00
    outer loop
      vertex   4.249388e+00 1.730000e+01 -1.400000e+00
      vertex   -1.880831e+00 1.220000e+01 -1.400000e+00
      vertex   -2.005270e+00 1.228619e+01 -1.400000e+00
    endloop
  endfacet
  facet normal -3.202655e-17 -4.862052e-17 -1.000000e+00
    outer loop
      vertex   4.249388e+00 1.730000e+01 -1.400000e+00
      vertex   -2.005270e+00 1.228619e+01 -1.400000e+00
      vertex   -2.131683e+00 1.236946e+01 -1.400000e+00
    endloop
  endfacet
  facet normal -3.114289e-17 -4.976415e-17 -1.000000e+00
    outer loop
      vertex   -2.131683e+00 1.236946e+01 -1.400000e+00
      vertex   -2.260000e+00 1.244976e+01 -1.400000e+00
      vertex   4.249388e+00 1.730000e+01 -1.400000e+00
    endloop
  endfacet
  facet normal -6.822288e-17 0.000000e+00 -1.000000e+00
    outer loop
      vertex   4.249388e+00 1.730000e+01 -1.400000e+00
      vertex   -2.260000e+00 1.244976e+01 -1.400000e+00
      vertex   -2.260000e+00 1.730000e+01 -1.400000e+00
    endloop
  endfacet
  facet normal -3.295163e-17 -5.398219e-17 -1.000000e+00
    outer loop
      vertex   4.249388e+00 1.730000e+01 -1.400000e+00
      vertex   1.020000e+01 1.366765e+01 -1.400000e+00
      vertex   9.931378e-01 1.106108e+01 -1.400000e+00
    endloop
  endfacet
  facet normal -4.823459e-17 0.000000e+00 -1.000000e+00
    outer loop
      vertex   9.931378e-01 1.106108e+01 -1.400000e+00
      vertex   1.020000e+01 1.366765e+01 -1.400000e+00
      vertex   1.020000e+01 1.350000e+01 -1.400000e+00
    endloop
  endfacet
  facet normal -2.622748e-16 8.079971e-16 -1.000000e+00
    outer loop
      vertex   9.931378e-01 1.106108e+01 -1.400000e+00
      vertex   1.020000e+01 1.350000e+01 -1.400000e+00
      vertex   1.018428e+01 1.322009e+01 -1.400000e+00
    endloop
  endfacet
  facet normal -7.548846e-17 1.282601e-17 -1.000000e+00
    outer loop
      vertex   1.018428e+01 1.322009e+01 -1.400000e+00
      vertex   1.013732e+01 1.294370e+01 -1.400000e+00
      vertex   9.931378e-01 1.106108e+01 -1.400000e+00
    endloop
  endfacet
  facet normal -7.744112e-17 2.231040e-17 -1.000000e+00
    outer loop
      vertex   9.931378e-01 1.106108e+01 -1.400000e+00
      vertex   1.013732e+01 1.294370e+01 -1.400000e+00
      vertex   1.005971e+01 1.267430e+01 -1.400000e+00
    endloop
  endfacet
  facet normal 0.000000e+00 0.000000e+00 -1.000000e+00
    outer loop
      vertex   9.952422e+00 1.241529e+01 -1.400000e+00
      vertex   9.816810e+00 1.216992e+01 -1.400000e+00
      vertex   8.256302e+00 1.106268e+01 -1.400000e+00
    endloop
  endfacet
  facet normal 0.000000e+00 0.000000e+00 -1.000000e+00
    outer loop
      vertex   8.256302e+00 1.106268e+01 -1.400000e+00
      vertex   9.816810e+00 1.216992e+01 -1.400000e+00
      vertex   9.654579e+00 1.194128e+01 -1.400000e+00
    endloop
  endfacet
  facet normal 0.000000e+00 0.000000e+00 -1.000000e+00
    outer loop
      vertex   8.256302e+00 1.106268e+01 -1.400000e+00
      vertex   9.654579e+00 1.194128e+01 -1.400000e+00
      vertex   9.467767e+00 1.173223e+01 -1.400000e+00
    endloop
  endfacet
  facet normal 0.000000e+00 0.000000e+00 -1.000000e+00
    outer loop
      vertex   9.467767e+00 1.173223e+01 -1.400000e+00
      vertex   9.258725e+00 1.154542e+01 -1.400000e+00
      vertex   8.256302e+00 1.106268e+01 -1.400000e+00
    endloop
  endfacet
  facet normal 0.000000e+00 0.000000e+00 -1.000000e+00
    outer loop
      vertex   8.256302e+00 1.106268e+01 -1.400000e+00
      vertex   9.258725e+00 1.154542e+01 -1.400000e+00
      vertex   9.030080e+00 1.138319e+01 -1.400000e+00
    endloop
  endfacet
  facet normal 0.000000e+00 0.000000e+00 -1.000000e+00
    outer loop
      vertex   8.256302e+00 1.106268e+01 -1.400000e+00
      vertex   9.030080e+00 1.138319e+01 -1.400000e+00
      vertex   8.784709e+00 1.124758e+01 -1.400000e+00
    endloop
  endfacet
  facet normal 0.000000e+00 0.000000e+00 -1.000000e+00
    outer loop
      vertex   8.784709e+00 1.124758e+01 -1.400000e+00
      vertex   8.525698e+00 1.114029e+01 -1.400000e+00
      vertex   8.256302e+00 1.106268e+01 -1.400000e+00
    endloop
  endfacet
  facet normal -5.693860e-01 -8.220703e-01 1.069418e-12
    outer loop
      vertex   -1.880831e+00 1.220000e+01 -1.400000e+00
      vertex   -1.880831e+00 1.220000e+01 8.824338e+00
      vertex   -2.005270e+00 1.228619e+01 -1.400000e+00
    endloop
  endfacet
  facet normal -5.689835e-01 -8.223489e-01 -7.246874e-06
    outer loop
      vertex   -2.005270e+00 1.228619e+01 -1.400000e+00
      vertex   -1.880831e+00 1.220000e+01 8.824338e+00
      vertex   -2.002635e+00 1.228427e+01 9.100567e+00
    endloop
  endfacet
  facet normal -5.500883e-01 -8.351065e-01 -1.431592e-05
    outer loop
      vertex   -2.005270e+00 1.228619e+01 -1.400000e+00
      vertex   -2.002635e+00 1.228427e+01 9.100567e+00
      vertex   -2.131683e+00 1.236946e+01 -1.400000e+00
    endloop
  endfacet
  facet normal -5.379234e-01 -8.429937e-01 -2.278025e-04
    outer loop
      vertex   -2.131683e+00 1.236946e+01 -1.400000e+00
      vertex   -2.002635e+00 1.228427e+01 9.100567e+00
      vertex   -2.252978e+00 1.244547e+01 3.726000e+00
    endloop
  endfacet
  facet normal -5.304924e-01 -8.476897e-01 1.767343e-05
    outer loop
      vertex   -2.131683e+00 1.236946e+01 -1.400000e+00
      vertex   -2.252978e+00 1.244547e+01 3.726000e+00
      vertex   -2.260000e+00 1.244976e+01 -1.400000e+00
    endloop
  endfacet
  facet normal -4.921019e-01 -8.705376e-01 -5.402695e-05
    outer loop
      vertex   -2.260000e+00 1.244976e+01 -1.400000e+00
      vertex   -2.252978e+00 1.244547e+01 3.726000e+00
      vertex   -2.641077e+00 1.266486e+01 3.726000e+00
    endloop
  endfacet
  facet normal -4.912249e-01 -8.710328e-01 3.194549e-05
    outer loop
      vertex   -2.260000e+00 1.244976e+01 -1.400000e+00
      vertex   -2.641077e+00 1.266486e+01 3.726000e+00
      vertex   -2.647463e+00 1.266818e+01 -3.900000e+00
    endloop
  endfacet
  facet normal -4.312721e-01 -9.022219e-01 -3.185072e-05
    outer loop
      vertex   -2.647463e+00 1.266818e+01 -3.900000e+00
      vertex   -2.641077e+00 1.266486e+01 3.726000e+00
      vertex   -3.043301e+00 1.285713e+01 3.726000e+00
    endloop
  endfacet
  facet normal -4.303440e-01 -9.026650e-01 2.730062e-05
    outer loop
      vertex   -2.647463e+00 1.266818e+01 -3.900000e+00
      vertex   -3.043301e+00 1.285713e+01 3.726000e+00
      vertex   -3.048957e+00 1.285959e+01 -3.900000e+00
    endloop
  endfacet
  facet normal -3.684135e-01 -9.296620e-01 -2.736459e-05
    outer loop
      vertex   -3.048957e+00 1.285959e+01 -3.900000e+00
      vertex   -3.043301e+00 1.285713e+01 3.726000e+00
      vertex   -3.457758e+00 1.302137e+01 3.726000e+00
    endloop
  endfacet
  facet normal -3.676043e-01 -9.299823e-01 2.280383e-05
    outer loop
      vertex   -3.048957e+00 1.285959e+01 -3.900000e+00
      vertex   -3.457758e+00 1.302137e+01 3.726000e+00
      vertex   -3.462601e+00 1.302310e+01 -3.900000e+00
    endloop
  endfacet
  facet normal -3.289426e-01 -9.443499e-01 -5.004885e-06
    outer loop
      vertex   -3.462601e+00 1.302310e+01 -3.900000e+00
      vertex   -3.457758e+00 1.302137e+01 3.726000e+00
      vertex   -3.550000e+00 1.305353e+01 -2.198000e+00
    endloop
  endfacet
  facet normal -3.251849e-01 -9.456504e-01 2.112094e-04
    outer loop
      vertex   -3.462601e+00 1.302310e+01 -3.900000e+00
      vertex   -3.550000e+00 1.305353e+01 -2.198000e+00
      vertex   -3.565599e+00 1.305886e+01 -2.380855e+00
    endloop
  endfacet
  facet normal -5.473741e-01 -8.368880e-01 3.955319e-04
    outer loop
      vertex   -2.002635e+00 1.228427e+01 9.100567e+00
      vertex   -2.144100e+00 1.237693e+01 9.364847e+00
      vertex   -2.252978e+00 1.244547e+01 3.726000e+00
    endloop
  endfacet
  facet normal -5.258367e-01 -8.505855e-01 -1.868388e-04
    outer loop
      vertex   -2.252978e+00 1.244547e+01 3.726000e+00
      vertex   -2.144100e+00 1.237693e+01 9.364847e+00
      vertex   -2.303033e+00 1.247512e+01 9.615456e+00
    endloop
  endfacet
  facet normal -5.012393e-01 -8.653087e-01 9.633794e-05
    outer loop
      vertex   -2.252978e+00 1.244547e+01 3.726000e+00
      vertex   -2.303033e+00 1.247512e+01 9.615456e+00
      vertex   -2.477204e+00 1.257604e+01 9.850689e+00
    endloop
  endfacet
  facet normal -4.921018e-01 -8.705375e-01 5.423306e-04
    outer loop
      vertex   -2.252978e+00 1.244547e+01 3.726000e+00
      vertex   -2.477204e+00 1.257604e+01 9.850689e+00
      vertex   -2.641077e+00 1.266486e+01 3.726000e+00
    endloop
  endfacet
  facet normal -4.742358e-01 -8.803979e-01 -7.868750e-05
    outer loop
      vertex   -2.641077e+00 1.266486e+01 3.726000e+00
      vertex   -2.477204e+00 1.257604e+01 9.850689e+00
      vertex   -2.664383e+00 1.267685e+01 1.006884e+01
    endloop
  endfacet
  facet normal -4.431911e-01 -8.964271e-01 6.567549e-05
    outer loop
      vertex   -2.641077e+00 1.266486e+01 3.726000e+00
      vertex   -2.664383e+00 1.267685e+01 1.006884e+01
      vertex   -2.863517e+00 1.277531e+01 1.026934e+01
    endloop
  endfacet
  facet normal -4.312720e-01 -9.022218e-01 5.686819e-04
    outer loop
      vertex   -2.641077e+00 1.266486e+01 3.726000e+00
      vertex   -2.863517e+00 1.277531e+01 1.026934e+01
      vertex   -3.043301e+00 1.285713e+01 3.726000e+00
    endloop
  endfacet
  facet normal -4.100957e-01 -9.120425e-01 -1.359451e-04
    outer loop
      vertex   -3.043301e+00 1.285713e+01 3.726000e+00
      vertex   -2.863517e+00 1.277531e+01 1.026934e+01
      vertex   -3.080896e+00 1.287303e+01 1.045831e+01
    endloop
  endfacet
  facet normal -3.755197e-01 -9.268144e-01 9.202681e-05
    outer loop
      vertex   -3.043301e+00 1.285713e+01 3.726000e+00
      vertex   -3.080896e+00 1.287303e+01 1.045831e+01
      vertex   -3.316314e+00 1.296843e+01 1.063486e+01
    endloop
  endfacet
  facet normal -3.684134e-01 -9.296620e-01 4.187157e-04
    outer loop
      vertex   -3.043301e+00 1.285713e+01 3.726000e+00
      vertex   -3.316314e+00 1.296843e+01 1.063486e+01
      vertex   -3.457758e+00 1.302137e+01 3.726000e+00
    endloop
  endfacet
  facet normal -3.392975e-01 -9.406791e-01 -2.617876e-04
    outer loop
      vertex   -3.457758e+00 1.302137e+01 3.726000e+00
      vertex   -3.316314e+00 1.296843e+01 1.063486e+01
      vertex   -3.567951e+00 1.305915e+01 1.079652e+01
    endloop
  endfacet
  facet normal -3.038218e-01 -9.527288e-01 3.554831e-04
    outer loop
      vertex   -3.457758e+00 1.302137e+01 3.726000e+00
      vertex   -3.567951e+00 1.305915e+01 1.079652e+01
      vertex   -3.882498e+00 1.315682e+01 3.726000e+00
    endloop
  endfacet
  facet normal -2.999198e-01 -9.539644e-01 1.648273e-04
    outer loop
      vertex   -3.882498e+00 1.315682e+01 3.726000e+00
      vertex   -3.567951e+00 1.305915e+01 1.079652e+01
      vertex   -3.833985e+00 1.314281e+01 1.094078e+01
    endloop
  endfacet
  facet normal -2.575047e-01 -9.662770e-01 -1.442818e-04
    outer loop
      vertex   -3.882498e+00 1.315682e+01 3.726000e+00
      vertex   -3.833985e+00 1.314281e+01 1.094078e+01
      vertex   -4.112594e+00 1.321704e+01 1.106514e+01
    endloop
  endfacet
  facet normal -2.378009e-01 -9.713138e-01 5.148022e-04
    outer loop
      vertex   -3.882498e+00 1.315682e+01 3.726000e+00
      vertex   -4.112594e+00 1.321704e+01 1.106514e+01
      vertex   -4.315524e+00 1.326283e+01 3.726000e+00
    endloop
  endfacet
  facet normal -2.118668e-01 -9.772985e-01 -2.396267e-04
    outer loop
      vertex   -4.315524e+00 1.326283e+01 3.726000e+00
      vertex   -4.112594e+00 1.321704e+01 1.106514e+01
      vertex   -4.401662e+00 1.327968e+01 1.116768e+01
    endloop
  endfacet
  facet normal -1.706614e-01 -9.853297e-01 2.555146e-04
    outer loop
      vertex   -4.315524e+00 1.326283e+01 3.726000e+00
      vertex   -4.401662e+00 1.327968e+01 1.116768e+01
      vertex   -4.754799e+00 1.333892e+01 3.726000e+00
    endloop
  endfacet
  facet normal -1.668904e-01 -9.859755e-01 7.142670e-05
    outer loop
      vertex   -4.754799e+00 1.333892e+01 3.726000e+00
      vertex   -4.401662e+00 1.327968e+01 1.116768e+01
      vertex   -4.698144e+00 1.332987e+01 1.124791e+01
    endloop
  endfacet
  facet normal -1.226679e-01 -9.924477e-01 -2.694415e-04
    outer loop
      vertex   -4.754799e+00 1.333892e+01 3.726000e+00
      vertex   -4.698144e+00 1.332987e+01 1.124791e+01
      vertex   -4.998831e+00 1.336702e+01 1.130555e+01
    endloop
  endfacet
  facet normal -1.027190e-01 -9.947103e-01 3.812265e-04
    outer loop
      vertex   -4.754799e+00 1.333892e+01 3.726000e+00
      vertex   -4.998831e+00 1.336702e+01 1.130555e+01
      vertex   -5.198256e+00 1.338471e+01 3.726000e+00
    endloop
  endfacet
  facet normal -7.776548e-02 -9.969716e-01 -2.805990e-04
    outer loop
      vertex   -5.198256e+00 1.338471e+01 3.726000e+00
      vertex   -4.998831e+00 1.336702e+01 1.130555e+01
      vertex   -5.300519e+00 1.339055e+01 1.134034e+01
    endloop
  endfacet
  facet normal -3.104939e-02 -9.995178e-01 3.487643e-04
    outer loop
      vertex   -5.198256e+00 1.338471e+01 3.726000e+00
      vertex   -5.300519e+00 1.339055e+01 1.134034e+01
      vertex   -5.600000e+00 1.339985e+01 1.135200e+01
    endloop
  endfacet
  facet normal -3.986037e-02 -9.992053e-01 -1.160269e-04
    outer loop
      vertex   -5.198256e+00 1.338471e+01 3.726000e+00
      vertex   -5.600000e+00 1.339985e+01 1.135200e+01
      vertex   -5.547973e+00 1.339928e+01 -1.563171e+00
    endloop
  endfacet
  facet normal -5.616434e-03 -9.999842e-01 2.195399e-05
    outer loop
      vertex   -5.547973e+00 1.339928e+01 -1.563171e+00
      vertex   -5.600000e+00 1.339985e+01 1.135200e+01
      vertex   -5.614603e+00 1.339993e+01 1.135200e+01
    endloop
  endfacet
  facet normal -3.369872e-03 -9.999943e-01 3.354450e-05
    outer loop
      vertex   -5.547973e+00 1.339928e+01 -1.563171e+00
      vertex   -5.614603e+00 1.339993e+01 1.135200e+01
      vertex   -5.629205e+00 1.339998e+01 1.135200e+01
    endloop
  endfacet
  facet normal -1.123293e-03 -9.999994e-01 -1.358230e-16
    outer loop
      vertex   -5.643808e+00 1.340000e+01 1.135200e+01
      vertex   -5.643808e+00 1.340000e+01 -1.726465e+00
      vertex   -5.629205e+00 1.339998e+01 1.135200e+01
    endloop
  endfacet
  facet normal -7.560247e-03 -9.999714e-01 7.187233e-06
    outer loop
      vertex   -5.629205e+00 1.339998e+01 1.135200e+01
      vertex   -5.643808e+00 1.340000e+01 -1.726465e+00
      vertex   -5.547973e+00 1.339928e+01 -1.563171e+00
    endloop
  endfacet
  facet normal -2.215680e-02 -9.997537e-01 -1.288090e-03
    outer loop
      vertex   -5.547973e+00 1.339928e+01 -1.563171e+00
      vertex   -5.429797e+00 1.339648e+01 -1.422168e+00
      vertex   -5.198256e+00 1.338471e+01 3.726000e+00
    endloop
  endfacet
  facet normal -4.366052e-02 -9.990464e-01 -3.193323e-04
    outer loop
      vertex   -5.198256e+00 1.338471e+01 3.726000e+00
      vertex   -5.429797e+00 1.339648e+01 -1.422168e+00
      vertex   -5.289715e+00 1.339032e+01 -1.303505e+00
    endloop
  endfacet
  facet normal -6.688814e-02 -9.977605e-01 1.044848e-04
    outer loop
      vertex   -5.198256e+00 1.338471e+01 3.726000e+00
      vertex   -5.289715e+00 1.339032e+01 -1.303505e+00
      vertex   -5.127389e+00 1.337944e+01 -1.207071e+00
    endloop
  endfacet
  facet normal -9.326691e-02 -9.956411e-01 -2.767244e-04
    outer loop
      vertex   -5.127389e+00 1.337944e+01 -1.207071e+00
      vertex   -4.950089e+00 1.336282e+01 -1.139933e+00
      vertex   -5.198256e+00 1.338471e+01 3.726000e+00
    endloop
  endfacet
  facet normal -1.027190e-01 -9.947101e-01 -7.629768e-04
    outer loop
      vertex   -5.198256e+00 1.338471e+01 3.726000e+00
      vertex   -4.950089e+00 1.336282e+01 -1.139933e+00
      vertex   -4.754799e+00 1.333892e+01 3.726000e+00
    endloop
  endfacet
  facet normal -1.208128e-01 -9.926753e-01 -2.680359e-05
    outer loop
      vertex   -4.950089e+00 1.336282e+01 -1.139933e+00
      vertex   -4.766938e+00 1.334053e+01 -1.104431e+00
      vertex   -4.754799e+00 1.333892e+01 3.726000e+00
    endloop
  endfacet
  facet normal -1.485808e-01 -9.889003e-01 4.423262e-05
    outer loop
      vertex   -4.754799e+00 1.333892e+01 3.726000e+00
      vertex   -4.766938e+00 1.334053e+01 -1.104431e+00
      vertex   -4.586962e+00 1.331348e+01 -1.099883e+00
    endloop
  endfacet
  facet normal -1.706613e-01 -9.853295e-01 -7.425150e-04
    outer loop
      vertex   -4.754799e+00 1.333892e+01 3.726000e+00
      vertex   -4.586962e+00 1.331348e+01 -1.099883e+00
      vertex   -4.315524e+00 1.326283e+01 3.726000e+00
    endloop
  endfacet
  facet normal -1.769477e-01 -9.842202e-01 -3.772859e-04
    outer loop
      vertex   -4.315524e+00 1.326283e+01 3.726000e+00
      vertex   -4.586962e+00 1.331348e+01 -1.099883e+00
      vertex   -4.405488e+00 1.328087e+01 -1.125805e+00
    endloop
  endfacet
  facet normal -2.037129e-01 -9.790307e-01 1.382890e-04
    outer loop
      vertex   -4.315524e+00 1.326283e+01 3.726000e+00
      vertex   -4.405488e+00 1.328087e+01 -1.125805e+00
      vertex   -4.227758e+00 1.324388e+01 -1.182268e+00
    endloop
  endfacet
  facet normal -2.309629e-01 -9.729625e-01 -3.724091e-04
    outer loop
      vertex   -4.227758e+00 1.324388e+01 -1.182268e+00
      vertex   -4.062641e+00 1.320472e+01 -1.268255e+00
      vertex   -4.315524e+00 1.326283e+01 3.726000e+00
    endloop
  endfacet
  facet normal -2.378009e-01 -9.713137e-01 -7.378385e-04
    outer loop
      vertex   -4.315524e+00 1.326283e+01 3.726000e+00
      vertex   -4.062641e+00 1.320472e+01 -1.268255e+00
      vertex   -3.882498e+00 1.315682e+01 3.726000e+00
    endloop
  endfacet
  facet normal -2.543929e-01 -9.671010e-01 -9.896510e-05
    outer loop
      vertex   -4.062641e+00 1.320472e+01 -1.268255e+00
      vertex   -3.916857e+00 1.316638e+01 -1.378047e+00
      vertex   -3.882498e+00 1.315682e+01 3.726000e+00
    endloop
  endfacet
  facet normal -2.751528e-01 -9.614005e-01 5.145896e-05
    outer loop
      vertex   -3.882498e+00 1.315682e+01 3.726000e+00
      vertex   -3.916857e+00 1.316638e+01 -1.378047e+00
      vertex   -3.793866e+00 1.313117e+01 -1.507610e+00
    endloop
  endfacet
  facet normal -2.929568e-01 -9.561257e-01 -2.759029e-04
    outer loop
      vertex   -3.882498e+00 1.315682e+01 3.726000e+00
      vertex   -3.793866e+00 1.313117e+01 -1.507610e+00
      vertex   -3.690182e+00 1.309945e+01 -1.661056e+00
    endloop
  endfacet
  facet normal -3.038217e-01 -9.527286e-01 -6.999574e-04
    outer loop
      vertex   -3.882498e+00 1.315682e+01 3.726000e+00
      vertex   -3.690182e+00 1.309945e+01 -1.661056e+00
      vertex   -3.457758e+00 1.302137e+01 3.726000e+00
    endloop
  endfacet
  facet normal -3.073457e-01 -9.515978e-01 -5.315257e-04
    outer loop
      vertex   -3.457758e+00 1.302137e+01 3.726000e+00
      vertex   -3.690182e+00 1.309945e+01 -1.661056e+00
      vertex   -3.612447e+00 1.307444e+01 -1.832842e+00
    endloop
  endfacet
  facet normal -3.164653e-01 -9.486041e-01 -2.491705e-04
    outer loop
      vertex   -3.457758e+00 1.302137e+01 3.726000e+00
      vertex   -3.612447e+00 1.307444e+01 -1.832842e+00
      vertex   -3.565599e+00 1.305886e+01 -2.015145e+00
    endloop
  endfacet
  facet normal -3.239374e-01 -9.460785e-01 -9.232475e-05
    outer loop
      vertex   -3.565599e+00 1.305886e+01 -2.015145e+00
      vertex   -3.550000e+00 1.305353e+01 -2.198000e+00
      vertex   -3.457758e+00 1.302137e+01 3.726000e+00
    endloop
  endfacet
  facet normal -3.181891e-01 -9.480270e-01 7.414656e-04
    outer loop
      vertex   -3.565599e+00 1.305886e+01 -2.380855e+00
      vertex   -3.612447e+00 1.307444e+01 -2.563158e+00
      vertex   -3.462601e+00 1.302310e+01 -3.900000e+00
    endloop
  endfacet
  facet normal -3.098481e-01 -9.507844e-01 1.782301e-03
    outer loop
      vertex   -3.462601e+00 1.302310e+01 -3.900000e+00
      vertex   -3.612447e+00 1.307444e+01 -2.563158e+00
      vertex   -3.690182e+00 1.309945e+01 -2.734944e+00
    endloop
  endfacet
  facet normal -3.031418e-01 -9.529400e-01 3.233554e-03
    outer loop
      vertex   -3.462601e+00 1.302310e+01 -3.900000e+00
      vertex   -3.690182e+00 1.309945e+01 -2.734944e+00
      vertex   -3.886458e+00 1.315793e+01 -3.900000e+00
    endloop
  endfacet
  facet normal -2.949043e-01 -9.555253e-01 1.716003e-03
    outer loop
      vertex   -3.886458e+00 1.315793e+01 -3.900000e+00
      vertex   -3.690182e+00 1.309945e+01 -2.734944e+00
      vertex   -3.793866e+00 1.313117e+01 -2.888390e+00
    endloop
  endfacet
  facet normal -2.749417e-01 -9.614609e-01 -2.681714e-04
    outer loop
      vertex   -3.886458e+00 1.315793e+01 -3.900000e+00
      vertex   -3.793866e+00 1.313117e+01 -2.888390e+00
      vertex   -3.916857e+00 1.316638e+01 -3.017953e+00
    endloop
  endfacet
  facet normal -2.546640e-01 -9.670295e-01 4.839889e-04
    outer loop
      vertex   -3.916857e+00 1.316638e+01 -3.017953e+00
      vertex   -4.062641e+00 1.320472e+01 -3.127745e+00
      vertex   -3.886458e+00 1.315793e+01 -3.900000e+00
    endloop
  endfacet
  facet normal -2.372604e-01 -9.714346e-01 4.721328e-03
    outer loop
      vertex   -3.886458e+00 1.315793e+01 -3.900000e+00
      vertex   -4.062641e+00 1.320472e+01 -3.127745e+00
      vertex   -4.318545e+00 1.326346e+01 -3.900000e+00
    endloop
  endfacet
  facet normal -2.322397e-01 -9.726541e-01 2.964868e-03
    outer loop
      vertex   -4.318545e+00 1.326346e+01 -3.900000e+00
      vertex   -4.062641e+00 1.320472e+01 -3.127745e+00
      vertex   -4.227758e+00 1.324388e+01 -3.213732e+00
    endloop
  endfacet
  facet normal -2.034417e-01 -9.790865e-01 -1.028388e-03
    outer loop
      vertex   -4.318545e+00 1.326346e+01 -3.900000e+00
      vertex   -4.227758e+00 1.324388e+01 -3.213732e+00
      vertex   -4.405488e+00 1.328087e+01 -3.270195e+00
    endloop
  endfacet
  facet normal -1.772719e-01 -9.841581e-01 2.724445e-03
    outer loop
      vertex   -4.405488e+00 1.328087e+01 -3.270195e+00
      vertex   -4.586962e+00 1.331348e+01 -3.296117e+00
      vertex   -4.318545e+00 1.326346e+01 -3.900000e+00
    endloop
  endfacet
  facet normal -1.702686e-01 -9.853798e-01 5.938477e-03
    outer loop
      vertex   -4.318545e+00 1.326346e+01 -3.900000e+00
      vertex   -4.586962e+00 1.331348e+01 -3.296117e+00
      vertex   -4.756836e+00 1.333920e+01 -3.900000e+00
    endloop
  endfacet
  facet normal -1.485874e-01 -9.888992e-01 -3.104093e-04
    outer loop
      vertex   -4.756836e+00 1.333920e+01 -3.900000e+00
      vertex   -4.586962e+00 1.331348e+01 -3.296117e+00
      vertex   -4.766938e+00 1.334053e+01 -3.291569e+00
    endloop
  endfacet
  facet normal -1.207874e-01 -9.926784e-01 1.593617e-04
    outer loop
      vertex   -4.756836e+00 1.333920e+01 -3.900000e+00
      vertex   -4.766938e+00 1.334053e+01 -3.291569e+00
      vertex   -4.950089e+00 1.336282e+01 -3.256067e+00
    endloop
  endfacet
  facet normal -1.024813e-01 -9.947184e-01 5.728111e-03
    outer loop
      vertex   -4.756836e+00 1.333920e+01 -3.900000e+00
      vertex   -4.950089e+00 1.336282e+01 -3.256067e+00
      vertex   -5.199282e+00 1.338478e+01 -3.900000e+00
    endloop
  endfacet
  facet normal -9.265966e-02 -9.956960e-01 1.893955e-03
    outer loop
      vertex   -5.199282e+00 1.338478e+01 -3.900000e+00
      vertex   -4.950089e+00 1.336282e+01 -3.256067e+00
      vertex   -5.127389e+00 1.337944e+01 -3.188929e+00
    endloop
  endfacet
  facet normal -6.723550e-02 -9.977369e-01 -6.918578e-04
    outer loop
      vertex   -5.199282e+00 1.338478e+01 -3.900000e+00
      vertex   -5.127389e+00 1.337944e+01 -3.188929e+00
      vertex   -5.289715e+00 1.339032e+01 -3.092495e+00
    endloop
  endfacet
  facet normal -4.213025e-02 -9.991099e-01 2.129115e-03
    outer loop
      vertex   -5.289715e+00 1.339032e+01 -3.092495e+00
      vertex   -5.429797e+00 1.339648e+01 -2.973832e+00
      vertex   -5.199282e+00 1.338478e+01 -3.900000e+00
    endloop
  endfacet
  facet normal -3.421409e-02 -9.994061e-01 4.103123e-03
    outer loop
      vertex   -5.199282e+00 1.338478e+01 -3.900000e+00
      vertex   -5.429797e+00 1.339648e+01 -2.973832e+00
      vertex   -5.643808e+00 1.340000e+01 -3.900000e+00
    endloop
  endfacet
  facet normal -2.213098e-02 -9.997542e-01 1.309737e-03
    outer loop
      vertex   -5.643808e+00 1.340000e+01 -3.900000e+00
      vertex   -5.429797e+00 1.339648e+01 -2.973832e+00
      vertex   -5.547973e+00 1.339928e+01 -2.832829e+00
    endloop
  endfacet
  facet normal -7.548002e-03 -9.999715e-01 0.000000e+00
    outer loop
      vertex   -5.643808e+00 1.340000e+01 -3.900000e+00
      vertex   -5.547973e+00 1.339928e+01 -2.832829e+00
      vertex   -5.643808e+00 1.340000e+01 -2.669535e+00
    endloop
  endfacet
  facet normal -4.910685e-01 -8.711210e-01 0.000000e+00
    outer loop
      vertex   -2.647463e+00 1.266818e+01 -3.900000e+00
      vertex   -2.260000e+00 1.244976e+01 -3.900000e+00
      vertex   -2.260000e+00 1.244976e+01 -1.400000e+00
    endloop
  endfacet
  facet normal 0.000000e+00 -1.000000e+00 0.000000e+00
    outer loop
      vertex   -8.955170e+00 1.340000e+01 3.230588e+00
      vertex   -5.643808e+00 1.340000e+01 -1.726465e+00
      vertex   -8.937492e+00 1.340000e+01 3.427000e+00
    endloop
  endfacet
  facet normal -2.125156e-16 -1.000000e+00 -1.358230e-16
    outer loop
      vertex   -8.937492e+00 1.340000e+01 3.427000e+00
      vertex   -5.643808e+00 1.340000e+01 -1.726465e+00
      vertex   -5.643808e+00 1.340000e+01 1.135200e+01
    endloop
  endfacet
  facet normal -4.433192e-16 -1.000000e+00 -3.989945e-17
    outer loop
      vertex   -8.937492e+00 1.340000e+01 3.427000e+00
      vertex   -5.643808e+00 1.340000e+01 1.135200e+01
      vertex   -8.955170e+00 1.340000e+01 3.623413e+00
    endloop
  endfacet
  facet normal 0.000000e+00 -1.000000e+00 -2.298424e-16
    outer loop
      vertex   -8.955170e+00 1.340000e+01 3.623413e+00
      vertex   -5.643808e+00 1.340000e+01 1.135200e+01
      vertex   -7.600000e+00 1.340000e+01 1.135200e+01
    endloop
  endfacet
  facet normal -5.092584e-16 -1.000000e+00 -1.405464e-16
    outer loop
      vertex   -8.955170e+00 1.340000e+01 3.623413e+00
      vertex   -7.600000e+00 1.340000e+01 1.135200e+01
      vertex   -9.007634e+00 1.340000e+01 3.813513e+00
    endloop
  endfacet
  facet normal -9.698870e-15 -1.000000e+00 1.575396e-15
    outer loop
      vertex   -9.007634e+00 1.340000e+01 3.813513e+00
      vertex   -7.600000e+00 1.340000e+01 1.135200e+01
      vertex   -7.969073e+00 1.340000e+01 1.133494e+01
    endloop
  endfacet
  facet normal 3.811362e-16 -1.000000e+00 1.835455e-16
    outer loop
      vertex   -9.007634e+00 1.340000e+01 3.813513e+00
      vertex   -7.969073e+00 1.340000e+01 1.133494e+01
      vertex   -9.093199e+00 1.340000e+01 3.991189e+00
    endloop
  endfacet
  facet normal -3.447799e-17 -1.000000e+00 2.471646e-16
    outer loop
      vertex   -9.093199e+00 1.340000e+01 3.991189e+00
      vertex   -7.969073e+00 1.340000e+01 1.133494e+01
      vertex   -8.334998e+00 1.340000e+01 1.128389e+01
    endloop
  endfacet
  facet normal -5.872551e-17 -1.000000e+00 2.496855e-16
    outer loop
      vertex   -9.093199e+00 1.340000e+01 3.991189e+00
      vertex   -8.334998e+00 1.340000e+01 1.128389e+01
      vertex   -8.694652e+00 1.340000e+01 1.119930e+01
    endloop
  endfacet
  facet normal 0.000000e+00 -1.000000e+00 0.000000e+00
    outer loop
      vertex   -9.007634e+00 1.340000e+01 3.040488e+00
      vertex   -7.600000e+00 1.340000e+01 -3.900000e+00
      vertex   -8.955170e+00 1.340000e+01 3.230588e+00
    endloop
  endfacet
  facet normal 0.000000e+00 -1.000000e+00 0.000000e+00
    outer loop
      vertex   -8.955170e+00 1.340000e+01 3.230588e+00
      vertex   -7.600000e+00 1.340000e+01 -3.900000e+00
      vertex   -5.711368e+00 1.340000e+01 -1.909039e+00
    endloop
  endfacet
  facet normal 0.000000e+00 -1.000000e+00 0.000000e+00
    outer loop
      vertex   -8.955170e+00 1.340000e+01 3.230588e+00
      vertex   -5.711368e+00 1.340000e+01 -1.909039e+00
      vertex   -5.643808e+00 1.340000e+01 -1.726465e+00
    endloop
  endfacet
  facet normal 0.000000e+00 -1.000000e+00 0.000000e+00
    outer loop
      vertex   -9.093199e+00 1.340000e+01 2.862811e+00
      vertex   -8.334998e+00 1.340000e+01 -3.831892e+00
      vertex   -9.007634e+00 1.340000e+01 3.040488e+00
    endloop
  endfacet
  facet normal 0.000000e+00 -1.000000e+00 0.000000e+00
    outer loop
      vertex   -9.007634e+00 1.340000e+01 3.040488e+00
      vertex   -8.334998e+00 1.340000e+01 -3.831892e+00
      vertex   -7.969073e+00 1.340000e+01 -3.882937e+00
    endloop
  endfacet
  facet normal 0.000000e+00 -1.000000e+00 0.000000e+00
    outer loop
      vertex   -9.007634e+00 1.340000e+01 3.040488e+00
      vertex   -7.969073e+00 1.340000e+01 -3.882937e+00
      vertex   -7.600000e+00 1.340000e+01 -3.900000e+00
    endloop
  endfacet
  facet normal 0.000000e+00 -1.000000e+00 0.000000e+00
    outer loop
      vertex   -8.334998e+00 1.340000e+01 -3.831892e+00
      vertex   -9.093199e+00 1.340000e+01 2.862811e+00
      vertex   -8.694652e+00 1.340000e+01 -3.747303e+00
    endloop
  endfacet
  facet normal 0.000000e+00 -1.000000e+00 0.000000e+00
    outer loop
      vertex   -8.694652e+00 1.340000e+01 -3.747303e+00
      vertex   -9.093199e+00 1.340000e+01 2.862811e+00
      vertex   -9.209114e+00 1.340000e+01 2.703268e+00
    endloop
  endfacet
  facet normal 0.000000e+00 -1.000000e+00 0.000000e+00
    outer loop
      vertex   -8.694652e+00 1.340000e+01 -3.747303e+00
      vertex   -9.209114e+00 1.340000e+01 2.703268e+00
      vertex   -9.044967e+00 1.340000e+01 -3.629889e+00
    endloop
  endfacet
  facet normal 0.000000e+00 -1.000000e+00 0.000000e+00
    outer loop
      vertex   -9.044967e+00 1.340000e+01 -3.629889e+00
      vertex   -9.209114e+00 1.340000e+01 2.703268e+00
      vertex   -9.351654e+00 1.340000e+01 2.566986e+00
    endloop
  endfacet
  facet normal 0.000000e+00 -1.000000e+00 0.000000e+00
    outer loop
      vertex   -9.044967e+00 1.340000e+01 -3.629889e+00
      vertex   -9.351654e+00 1.340000e+01 2.566986e+00
      vertex   -9.382953e+00 1.340000e+01 -3.480653e+00
    endloop
  endfacet
  facet normal 0.000000e+00 -1.000000e+00 0.000000e+00
    outer loop
      vertex   -9.382953e+00 1.340000e+01 -3.480653e+00
      vertex   -9.351654e+00 1.340000e+01 2.566986e+00
      vertex   -9.516237e+00 1.340000e+01 2.458345e+00
    endloop
  endfacet
  facet normal 0.000000e+00 -1.000000e+00 0.000000e+00
    outer loop
      vertex   -9.382953e+00 1.340000e+01 -3.480653e+00
      vertex   -9.516237e+00 1.340000e+01 2.458345e+00
      vertex   -9.705729e+00 1.340000e+01 -3.300869e+00
    endloop
  endfacet
  facet normal 0.000000e+00 -1.000000e+00 0.000000e+00
    outer loop
      vertex   -9.705729e+00 1.340000e+01 -3.300869e+00
      vertex   -9.516237e+00 1.340000e+01 2.458345e+00
      vertex   -9.697574e+00 1.340000e+01 2.380838e+00
    endloop
  endfacet
  facet normal 0.000000e+00 -1.000000e+00 0.000000e+00
    outer loop
      vertex   -9.705729e+00 1.340000e+01 -3.300869e+00
      vertex   -9.697574e+00 1.340000e+01 2.380838e+00
      vertex   -1.001054e+01 1.340000e+01 -3.092069e+00
    endloop
  endfacet
  facet normal 0.000000e+00 -1.000000e+00 0.000000e+00
    outer loop
      vertex   -1.001054e+01 1.340000e+01 -3.092069e+00
      vertex   -9.697574e+00 1.340000e+01 2.380838e+00
      vertex   -9.889836e+00 1.340000e+01 2.336955e+00
    endloop
  endfacet
  facet normal 0.000000e+00 -1.000000e+00 0.000000e+00
    outer loop
      vertex   -1.001054e+01 1.340000e+01 -3.092069e+00
      vertex   -9.889836e+00 1.340000e+01 2.336955e+00
      vertex   -1.029478e+01 1.340000e+01 -2.856036e+00
    endloop
  endfacet
  facet normal 0.000000e+00 -1.000000e+00 0.000000e+00
    outer loop
      vertex   -1.029478e+01 1.340000e+01 -2.856036e+00
      vertex   -9.889836e+00 1.340000e+01 2.336955e+00
      vertex   -1.008684e+01 1.340000e+01 2.328108e+00
    endloop
  endfacet
  facet normal 0.000000e+00 -1.000000e+00 0.000000e+00
    outer loop
      vertex   -1.029478e+01 1.340000e+01 -2.856036e+00
      vertex   -1.008684e+01 1.340000e+01 2.328108e+00
      vertex   -1.055604e+01 1.340000e+01 -2.594783e+00
    endloop
  endfacet
  facet normal 0.000000e+00 -1.000000e+00 0.000000e+00
    outer loop
      vertex   -1.055604e+01 1.340000e+01 -2.594783e+00
      vertex   -1.008684e+01 1.340000e+01 2.328108e+00
      vertex   -1.028227e+01 1.340000e+01 2.354580e+00
    endloop
  endfacet
  facet normal 0.000000e+00 -1.000000e+00 0.000000e+00
    outer loop
      vertex   -1.055604e+01 1.340000e+01 -2.594783e+00
      vertex   -1.028227e+01 1.340000e+01 2.354580e+00
      vertex   -1.079207e+01 1.340000e+01 -2.310539e+00
    endloop
  endfacet
  facet normal 0.000000e+00 -1.000000e+00 0.000000e+00
    outer loop
      vertex   -1.079207e+01 1.340000e+01 -2.310539e+00
      vertex   -1.028227e+01 1.340000e+01 2.354580e+00
      vertex   -1.100087e+01 1.340000e+01 -2.005729e+00
    endloop
  endfacet
  facet normal 0.000000e+00 -1.000000e+00 0.000000e+00
    outer loop
      vertex   -1.100087e+01 1.340000e+01 -2.005729e+00
      vertex   -1.028227e+01 1.340000e+01 2.354580e+00
      vertex   -1.046982e+01 1.340000e+01 2.415520e+00
    endloop
  endfacet
  facet normal 0.000000e+00 -1.000000e+00 0.000000e+00
    outer loop
      vertex   -1.100087e+01 1.340000e+01 -2.005729e+00
      vertex   -1.046982e+01 1.340000e+01 2.415520e+00
      vertex   -1.118065e+01 1.340000e+01 -1.682953e+00
    endloop
  endfacet
  facet normal 0.000000e+00 -1.000000e+00 0.000000e+00
    outer loop
      vertex   -1.118065e+01 1.340000e+01 -1.682953e+00
      vertex   -1.046982e+01 1.340000e+01 2.415520e+00
      vertex   -1.132989e+01 1.340000e+01 -1.344967e+00
    endloop
  endfacet
  facet normal 0.000000e+00 -1.000000e+00 0.000000e+00
    outer loop
      vertex   -1.132989e+01 1.340000e+01 -1.344967e+00
      vertex   -1.046982e+01 1.340000e+01 2.415520e+00
      vertex   -1.144730e+01 1.340000e+01 -9.946520e-01
    endloop
  endfacet
  facet normal 0.000000e+00 -1.000000e+00 0.000000e+00
    outer loop
      vertex   -1.144730e+01 1.340000e+01 -9.946520e-01
      vertex   -1.046982e+01 1.340000e+01 2.415520e+00
      vertex   -1.064348e+01 1.340000e+01 2.508970e+00
    endloop
  endfacet
  facet normal 0.000000e+00 -1.000000e+00 0.000000e+00
    outer loop
      vertex   -1.144730e+01 1.340000e+01 -9.946520e-01
      vertex   -1.064348e+01 1.340000e+01 2.508970e+00
      vertex   -1.153189e+01 1.340000e+01 -6.349981e-01
    endloop
  endfacet
  facet normal 0.000000e+00 -1.000000e+00 0.000000e+00
    outer loop
      vertex   -1.153189e+01 1.340000e+01 -6.349981e-01
      vertex   -1.064348e+01 1.340000e+01 2.508970e+00
      vertex   -1.158294e+01 1.340000e+01 -2.690734e-01
    endloop
  endfacet
  facet normal 0.000000e+00 -1.000000e+00 0.000000e+00
    outer loop
      vertex   -1.158294e+01 1.340000e+01 -2.690734e-01
      vertex   -1.064348e+01 1.340000e+01 2.508970e+00
      vertex   -1.160000e+01 1.340000e+01 1.000000e-01
    endloop
  endfacet
  facet normal 0.000000e+00 -1.000000e+00 0.000000e+00
    outer loop
      vertex   -1.160000e+01 1.340000e+01 1.000000e-01
      vertex   -1.064348e+01 1.340000e+01 2.508970e+00
      vertex   -1.079766e+01 1.340000e+01 2.631926e+00
    endloop
  endfacet
  facet normal 0.000000e+00 -1.000000e+00 0.000000e+00
    outer loop
      vertex   -1.160000e+01 1.340000e+01 1.000000e-01
      vertex   -1.079766e+01 1.340000e+01 2.631926e+00
      vertex   -1.092741e+01 1.340000e+01 2.780436e+00
    endloop
  endfacet
  facet normal -0.000000e+00 -1.000000e+00 0.000000e+00
    outer loop
      vertex   -1.092741e+01 1.340000e+01 2.780436e+00
      vertex   -1.102856e+01 1.340000e+01 2.949728e+00
      vertex   -1.160000e+01 1.340000e+01 1.000000e-01
    endloop
  endfacet
  facet normal 0.000000e+00 -1.000000e+00 0.000000e+00
    outer loop
      vertex   -1.160000e+01 1.340000e+01 1.000000e-01
      vertex   -1.102856e+01 1.340000e+01 2.949728e+00
      vertex   -1.109785e+01 1.340000e+01 3.134360e+00
    endloop
  endfacet
  facet normal 0.000000e+00 -1.000000e+00 0.000000e+00
    outer loop
      vertex   -1.160000e+01 1.340000e+01 1.000000e-01
      vertex   -1.109785e+01 1.340000e+01 3.134360e+00
      vertex   -1.113306e+01 1.340000e+01 3.328397e+00
    endloop
  endfacet
  facet normal -0.000000e+00 -1.000000e+00 0.000000e+00
    outer loop
      vertex   -1.113306e+01 1.340000e+01 3.328397e+00
      vertex   -1.113306e+01 1.340000e+01 3.525603e+00
      vertex   -1.160000e+01 1.340000e+01 1.000000e-01
    endloop
  endfacet
  facet normal 0.000000e+00 -1.000000e+00 0.000000e+00
    outer loop
      vertex   -1.160000e+01 1.340000e+01 1.000000e-01
      vertex   -1.113306e+01 1.340000e+01 3.525603e+00
      vertex   -1.160000e+01 1.340000e+01 7.352000e+00
    endloop
  endfacet
  facet normal 0.000000e+00 -1.000000e+00 0.000000e+00
    outer loop
      vertex   -1.160000e+01 1.340000e+01 7.352000e+00
      vertex   -1.113306e+01 1.340000e+01 3.525603e+00
      vertex   -1.109785e+01 1.340000e+01 3.719641e+00
    endloop
  endfacet
  facet normal 0.000000e+00 -1.000000e+00 0.000000e+00
    outer loop
      vertex   -1.160000e+01 1.340000e+01 7.352000e+00
      vertex   -1.109785e+01 1.340000e+01 3.719641e+00
      vertex   -1.102856e+01 1.340000e+01 3.904272e+00
    endloop
  endfacet
  facet normal 0.000000e+00 -1.000000e+00 0.000000e+00
    outer loop
      vertex   -1.102856e+01 1.340000e+01 3.904272e+00
      vertex   -1.092741e+01 1.340000e+01 4.073564e+00
      vertex   -1.160000e+01 1.340000e+01 7.352000e+00
    endloop
  endfacet
  facet normal 0.000000e+00 -1.000000e+00 0.000000e+00
    outer loop
      vertex   -1.160000e+01 1.340000e+01 7.352000e+00
      vertex   -1.092741e+01 1.340000e+01 4.073564e+00
      vertex   -1.079766e+01 1.340000e+01 4.222075e+00
    endloop
  endfacet
  facet normal 0.000000e+00 -1.000000e+00 0.000000e+00
    outer loop
      vertex   -1.160000e+01 1.340000e+01 7.352000e+00
      vertex   -1.079766e+01 1.340000e+01 4.222075e+00
      vertex   -1.064348e+01 1.340000e+01 4.345031e+00
    endloop
  endfacet
  facet normal 0.000000e+00 -1.000000e+00 0.000000e+00
    outer loop
      vertex   -1.064348e+01 1.340000e+01 4.345031e+00
      vertex   -1.046982e+01 1.340000e+01 4.438481e+00
      vertex   -1.160000e+01 1.340000e+01 7.352000e+00
    endloop
  endfacet
  facet normal 2.138575e-15 -1.000000e+00 8.295721e-16
    outer loop
      vertex   -1.160000e+01 1.340000e+01 7.352000e+00
      vertex   -1.046982e+01 1.340000e+01 4.438481e+00
      vertex   -1.132989e+01 1.340000e+01 8.796967e+00
    endloop
  endfacet
  facet normal -8.293256e-15 -1.000000e+00 2.779619e-15
    outer loop
      vertex   -1.160000e+01 1.340000e+01 7.352000e+00
      vertex   -1.132989e+01 1.340000e+01 8.796967e+00
      vertex   -1.144730e+01 1.340000e+01 8.446652e+00
    endloop
  endfacet
  facet normal -6.379380e-16 -1.000000e+00 2.816772e-16
    outer loop
      vertex   -1.132989e+01 1.340000e+01 8.796967e+00
      vertex   -1.046982e+01 1.340000e+01 4.438481e+00
      vertex   -1.118065e+01 1.340000e+01 9.134954e+00
    endloop
  endfacet
  facet normal -1.171346e-16 -1.000000e+00 3.605032e-16
    outer loop
      vertex   -1.118065e+01 1.340000e+01 9.134954e+00
      vertex   -1.046982e+01 1.340000e+01 4.438481e+00
      vertex   -1.028227e+01 1.340000e+01 4.499421e+00
    endloop
  endfacet
  facet normal -5.103942e-16 -1.000000e+00 2.842877e-16
    outer loop
      vertex   -1.118065e+01 1.340000e+01 9.134954e+00
      vertex   -1.028227e+01 1.340000e+01 4.499421e+00
      vertex   -1.100087e+01 1.340000e+01 9.457729e+00
    endloop
  endfacet
  facet normal -4.316655e-16 -1.000000e+00 2.956978e-16
    outer loop
      vertex   -1.100087e+01 1.340000e+01 9.457729e+00
      vertex   -1.028227e+01 1.340000e+01 4.499421e+00
      vertex   -1.079207e+01 1.340000e+01 9.762539e+00
    endloop
  endfacet
  facet normal -4.512678e-17 -1.000000e+00 3.331392e-16
    outer loop
      vertex   -1.079207e+01 1.340000e+01 9.762539e+00
      vertex   -1.028227e+01 1.340000e+01 4.499421e+00
      vertex   -1.008684e+01 1.340000e+01 4.525893e+00
    endloop
  endfacet
  facet normal -3.514976e-16 -1.000000e+00 2.918799e-16
    outer loop
      vertex   -1.079207e+01 1.340000e+01 9.762539e+00
      vertex   -1.008684e+01 1.340000e+01 4.525893e+00
      vertex   -1.055604e+01 1.340000e+01 1.004678e+01
    endloop
  endfacet
  facet normal -2.965497e-16 -1.000000e+00 2.965497e-16
    outer loop
      vertex   -1.055604e+01 1.340000e+01 1.004678e+01
      vertex   -1.008684e+01 1.340000e+01 4.525893e+00
      vertex   -1.029478e+01 1.340000e+01 1.030804e+01
    endloop
  endfacet
  facet normal 1.381933e-17 -1.000000e+00 3.077112e-16
    outer loop
      vertex   -1.029478e+01 1.340000e+01 1.030804e+01
      vertex   -1.008684e+01 1.340000e+01 4.525893e+00
      vertex   -9.889836e+00 1.340000e+01 4.517045e+00
    endloop
  endfacet
  facet normal -2.407388e-16 -1.000000e+00 2.899107e-16
    outer loop
      vertex   -1.029478e+01 1.340000e+01 1.030804e+01
      vertex   -9.889836e+00 1.340000e+01 4.517045e+00
      vertex   -1.001054e+01 1.340000e+01 1.054407e+01
    endloop
  endfacet
  facet normal 6.757956e-17 -1.000000e+00 2.960854e-16
    outer loop
      vertex   -1.001054e+01 1.340000e+01 1.054407e+01
      vertex   -9.889836e+00 1.340000e+01 4.517045e+00
      vertex   -9.697574e+00 1.340000e+01 4.473162e+00
    endloop
  endfacet
  facet normal -1.936000e-16 -1.000000e+00 2.826212e-16
    outer loop
      vertex   -1.001054e+01 1.340000e+01 1.054407e+01
      vertex   -9.697574e+00 1.340000e+01 4.473162e+00
      vertex   -9.705729e+00 1.340000e+01 1.075287e+01
    endloop
  endfacet
  facet normal 1.209727e-16 -1.000000e+00 2.830297e-16
    outer loop
      vertex   -9.705729e+00 1.340000e+01 1.075287e+01
      vertex   -9.697574e+00 1.340000e+01 4.473162e+00
      vertex   -9.516237e+00 1.340000e+01 4.395655e+00
    endloop
  endfacet
  facet normal -1.530962e-16 -1.000000e+00 2.748604e-16
    outer loop
      vertex   -9.705729e+00 1.340000e+01 1.075287e+01
      vertex   -9.516237e+00 1.340000e+01 4.395655e+00
      vertex   -9.382953e+00 1.340000e+01 1.093265e+01
    endloop
  endfacet
  facet normal 1.769912e-16 -1.000000e+00 2.681302e-16
    outer loop
      vertex   -9.382953e+00 1.340000e+01 1.093265e+01
      vertex   -9.516237e+00 1.340000e+01 4.395655e+00
      vertex   -9.351654e+00 1.340000e+01 4.287015e+00
    endloop
  endfacet
  facet normal -1.177781e-16 -1.000000e+00 2.667419e-16
    outer loop
      vertex   -9.382953e+00 1.340000e+01 1.093265e+01
      vertex   -9.351654e+00 1.340000e+01 4.287015e+00
      vertex   -9.044967e+00 1.340000e+01 1.108189e+01
    endloop
  endfacet
  facet normal 2.396089e-16 -1.000000e+00 2.506112e-16
    outer loop
      vertex   -9.044967e+00 1.340000e+01 1.108189e+01
      vertex   -9.351654e+00 1.340000e+01 4.287015e+00
      vertex   -9.209114e+00 1.340000e+01 4.150733e+00
    endloop
  endfacet
  facet normal -8.658562e-17 -1.000000e+00 2.583363e-16
    outer loop
      vertex   -9.044967e+00 1.340000e+01 1.108189e+01
      vertex   -9.209114e+00 1.340000e+01 4.150733e+00
      vertex   -8.694652e+00 1.340000e+01 1.119930e+01
    endloop
  endfacet
  facet normal 3.152057e-16 -1.000000e+00 2.290104e-16
    outer loop
      vertex   -8.694652e+00 1.340000e+01 1.119930e+01
      vertex   -9.209114e+00 1.340000e+01 4.150733e+00
      vertex   -9.093199e+00 1.340000e+01 3.991189e+00
    endloop
  endfacet
  facet normal -1.695606e-14 -1.000000e+00 3.988028e-15
    outer loop
      vertex   -1.144730e+01 1.340000e+01 8.446652e+00
      vertex   -1.153189e+01 1.340000e+01 8.086998e+00
      vertex   -1.160000e+01 1.340000e+01 7.352000e+00
    endloop
  endfacet
  facet normal -5.160790e-14 -1.000000e+00 7.198994e-15
    outer loop
      vertex   -1.160000e+01 1.340000e+01 7.352000e+00
      vertex   -1.153189e+01 1.340000e+01 8.086998e+00
      vertex   -1.158294e+01 1.340000e+01 7.721074e+00
    endloop
  endfacet
  facet normal 0.000000e+00 -1.000000e+00 0.000000e+00
    outer loop
      vertex   -5.643808e+00 1.340000e+01 -3.900000e+00
      vertex   -5.711368e+00 1.340000e+01 -2.486961e+00
      vertex   -7.600000e+00 1.340000e+01 -3.900000e+00
    endloop
  endfacet
  facet normal 0.000000e+00 -1.000000e+00 0.000000e+00
    outer loop
      vertex   -7.600000e+00 1.340000e+01 -3.900000e+00
      vertex   -5.711368e+00 1.340000e+01 -2.486961e+00
      vertex   -5.745685e+00 1.340000e+01 -2.295337e+00
    endloop
  endfacet
  facet normal 0.000000e+00 -1.000000e+00 0.000000e+00
    outer loop
      vertex   -7.600000e+00 1.340000e+01 -3.900000e+00
      vertex   -5.745685e+00 1.340000e+01 -2.295337e+00
      vertex   -5.745685e+00 1.340000e+01 -2.100663e+00
    endloop
  endfacet
  facet normal 0.000000e+00 -1.000000e+00 0.000000e+00
    outer loop
      vertex   -5.643808e+00 1.340000e+01 -3.900000e+00
      vertex   -5.643808e+00 1.340000e+01 -2.669535e+00
      vertex   -5.711368e+00 1.340000e+01 -2.486961e+00
    endloop
  endfacet
  facet normal -0.000000e+00 -1.000000e+00 0.000000e+00
    outer loop
      vertex   -5.745685e+00 1.340000e+01 -2.100663e+00
      vertex   -5.711368e+00 1.340000e+01 -1.909039e+00
      vertex   -7.600000e+00 1.340000e+01 -3.900000e+00
    endloop
  endfacet
  facet normal -0.000000e+00 1.000000e+00 0.000000e+00
    outer loop
      vertex   -2.260000e+00 1.730000e+01 -1.400000e+00
      vertex   -1.648000e+00 1.730000e+01 1.281249e-01
      vertex   4.249388e+00 1.730000e+01 -1.400000e+00
    endloop
  endfacet
  facet normal 0.000000e+00 1.000000e+00 0.000000e+00
    outer loop
      vertex   4.249388e+00 1.730000e+01 -1.400000e+00
      vertex   -1.648000e+00 1.730000e+01 1.281249e-01
      vertex   -1.648000e+00 1.730000e+01 1.427000e+00
    endloop
  endfacet
  facet normal 0.000000e+00 1.000000e+00 -0.000000e+00
    outer loop
      vertex   4.249388e+00 1.730000e+01 -1.400000e+00
      vertex   -1.648000e+00 1.730000e+01 1.427000e+00
      vertex   4.249388e+00 1.730000e+01 7.150000e+00
    endloop
  endfacet
  facet normal 0.000000e+00 1.000000e+00 0.000000e+00
    outer loop
      vertex   4.249388e+00 1.730000e+01 7.150000e+00
      vertex   -1.648000e+00 1.730000e+01 1.427000e+00
      vertex   -1.648000e+00 1.730000e+01 5.427000e+00
    endloop
  endfacet
  facet normal 0.000000e+00 1.000000e+00 0.000000e+00
    outer loop
      vertex   4.249388e+00 1.730000e+01 7.150000e+00
      vertex   -1.648000e+00 1.730000e+01 5.427000e+00
      vertex   -1.648000e+00 1.730000e+01 6.927000e+00
    endloop
  endfacet
  facet normal 0.000000e+00 1.000000e+00 -0.000000e+00
    outer loop
      vertex   -2.260000e+00 1.730000e+01 -3.900000e+00
      vertex   -3.567677e+00 1.730000e+01 -2.394413e+00
      vertex   -2.260000e+00 1.730000e+01 -1.400000e+00
    endloop
  endfacet
  facet normal 0.000000e+00 1.000000e+00 0.000000e+00
    outer loop
      vertex   -2.260000e+00 1.730000e+01 -1.400000e+00
      vertex   -3.567677e+00 1.730000e+01 -2.394413e+00
      vertex   -3.550000e+00 1.730000e+01 -2.198000e+00
    endloop
  endfacet
  facet normal 0.000000e+00 1.000000e+00 0.000000e+00
    outer loop
      vertex   -2.260000e+00 1.730000e+01 -1.400000e+00
      vertex   -3.550000e+00 1.730000e+01 -2.198000e+00
      vertex   -3.567677e+00 1.730000e+01 -2.001587e+00
    endloop
  endfacet
  facet normal 0.000000e+00 1.000000e+00 0.000000e+00
    outer loop
      vertex   -7.600000e+00 1.730000e+01 -3.900000e+00
      vertex   -4.699351e+00 1.730000e+01 -3.296892e+00
      vertex   -2.260000e+00 1.730000e+01 -3.900000e+00
    endloop
  endfacet
  facet normal 0.000000e+00 1.000000e+00 0.000000e+00
    outer loop
      vertex   -2.260000e+00 1.730000e+01 -3.900000e+00
      vertex   -4.699351e+00 1.730000e+01 -3.296892e+00
      vertex   -4.502343e+00 1.730000e+01 -3.288045e+00
    endloop
  endfacet
  facet normal 0.000000e+00 1.000000e+00 0.000000e+00
    outer loop
      vertex   -2.260000e+00 1.730000e+01 -3.900000e+00
      vertex   -4.502343e+00 1.730000e+01 -3.288045e+00
      vertex   -4.310081e+00 1.730000e+01 -3.244162e+00
    endloop
  endfacet
  facet normal -0.000000e+00 1.000000e+00 0.000000e+00
    outer loop
      vertex   -7.969073e+00 1.730000e+01 -3.882937e+00
      vertex   -5.745572e+00 1.730000e+01 -2.099397e+00
      vertex   -7.600000e+00 1.730000e+01 -3.900000e+00
    endloop
  endfacet
  facet normal 0.000000e+00 1.000000e+00 0.000000e+00
    outer loop
      vertex   -7.600000e+00 1.730000e+01 -3.900000e+00
      vertex   -5.745572e+00 1.730000e+01 -2.099397e+00
      vertex   -5.745572e+00 1.730000e+01 -2.296603e+00
    endloop
  endfacet
  facet normal 0.000000e+00 1.000000e+00 0.000000e+00
    outer loop
      vertex   -7.600000e+00 1.730000e+01 -3.900000e+00
      vertex   -5.745572e+00 1.730000e+01 -2.296603e+00
      vertex   -5.710359e+00 1.730000e+01 -2.490641e+00
    endloop
  endfacet
  facet normal 0.000000e+00 1.000000e+00 0.000000e+00
    outer loop
      vertex   -5.745572e+00 1.730000e+01 -2.099397e+00
      vertex   -7.969073e+00 1.730000e+01 -3.882937e+00
      vertex   -7.448000e+00 1.730000e+01 1.266912e-01
    endloop
  endfacet
  facet normal 0.000000e+00 1.000000e+00 0.000000e+00
    outer loop
      vertex   -7.448000e+00 1.730000e+01 1.266912e-01
      vertex   -7.969073e+00 1.730000e+01 -3.882937e+00
      vertex   -8.334998e+00 1.730000e+01 -3.831892e+00
    endloop
  endfacet
  facet normal 0.000000e+00 1.000000e+00 0.000000e+00
    outer loop
      vertex   -7.448000e+00 1.730000e+01 1.266912e-01
      vertex   -8.334998e+00 1.730000e+01 -3.831892e+00
      vertex   -8.694652e+00 1.730000e+01 -3.747303e+00
    endloop
  endfacet
  facet normal 0.000000e+00 1.000000e+00 -0.000000e+00
    outer loop
      vertex   -8.694652e+00 1.730000e+01 -3.747303e+00
      vertex   -9.044967e+00 1.730000e+01 -3.629889e+00
      vertex   -7.448000e+00 1.730000e+01 1.266912e-01
    endloop
  endfacet
  facet normal 0.000000e+00 1.000000e+00 0.000000e+00
    outer loop
      vertex   -7.448000e+00 1.730000e+01 1.266912e-01
      vertex   -9.044967e+00 1.730000e+01 -3.629889e+00
      vertex   -9.382953e+00 1.730000e+01 -3.480653e+00
    endloop
  endfacet
  facet normal 0.000000e+00 1.000000e+00 0.000000e+00
    outer loop
      vertex   -7.448000e+00 1.730000e+01 1.266912e-01
      vertex   -9.382953e+00 1.730000e+01 -3.480653e+00
      vertex   -9.705729e+00 1.730000e+01 -3.300869e+00
    endloop
  endfacet
  facet normal 0.000000e+00 1.000000e+00 -0.000000e+00
    outer loop
      vertex   -9.705729e+00 1.730000e+01 -3.300869e+00
      vertex   -1.001054e+01 1.730000e+01 -3.092069e+00
      vertex   -7.448000e+00 1.730000e+01 1.266912e-01
    endloop
  endfacet
  facet normal 0.000000e+00 1.000000e+00 0.000000e+00
    outer loop
      vertex   -7.448000e+00 1.730000e+01 1.266912e-01
      vertex   -1.001054e+01 1.730000e+01 -3.092069e+00
      vertex   -1.029478e+01 1.730000e+01 -2.856036e+00
    endloop
  endfacet
  facet normal 0.000000e+00 1.000000e+00 0.000000e+00
    outer loop
      vertex   -7.448000e+00 1.730000e+01 1.266912e-01
      vertex   -1.029478e+01 1.730000e+01 -2.856036e+00
      vertex   -1.055604e+01 1.730000e+01 -2.594783e+00
    endloop
  endfacet
  facet normal 0.000000e+00 1.000000e+00 -0.000000e+00
    outer loop
      vertex   -1.055604e+01 1.730000e+01 -2.594783e+00
      vertex   -1.079207e+01 1.730000e+01 -2.310539e+00
      vertex   -7.448000e+00 1.730000e+01 1.266912e-01
    endloop
  endfacet
  facet normal 0.000000e+00 1.000000e+00 0.000000e+00
    outer loop
      vertex   -7.448000e+00 1.730000e+01 1.266912e-01
      vertex   -1.079207e+01 1.730000e+01 -2.310539e+00
      vertex   -1.100087e+01 1.730000e+01 -2.005729e+00
    endloop
  endfacet
  facet normal 0.000000e+00 1.000000e+00 0.000000e+00
    outer loop
      vertex   -7.448000e+00 1.730000e+01 1.266912e-01
      vertex   -1.100087e+01 1.730000e+01 -2.005729e+00
      vertex   -1.118065e+01 1.730000e+01 -1.682953e+00
    endloop
  endfacet
  facet normal 0.000000e+00 1.000000e+00 -0.000000e+00
    outer loop
      vertex   -1.118065e+01 1.730000e+01 -1.682953e+00
      vertex   -1.132989e+01 1.730000e+01 -1.344967e+00
      vertex   -7.448000e+00 1.730000e+01 1.266912e-01
    endloop
  endfacet
  facet normal 0.000000e+00 1.000000e+00 0.000000e+00
    outer loop
      vertex   -7.448000e+00 1.730000e+01 1.266912e-01
      vertex   -1.132989e+01 1.730000e+01 -1.344967e+00
      vertex   -1.144730e+01 1.730000e+01 -9.946520e-01
    endloop
  endfacet
  facet normal 0.000000e+00 1.000000e+00 0.000000e+00
    outer loop
      vertex   -7.448000e+00 1.730000e+01 1.266912e-01
      vertex   -1.144730e+01 1.730000e+01 -9.946520e-01
      vertex   -1.153189e+01 1.730000e+01 -6.349981e-01
    endloop
  endfacet
  facet normal 0.000000e+00 1.000000e+00 -0.000000e+00
    outer loop
      vertex   -1.153189e+01 1.730000e+01 -6.349981e-01
      vertex   -1.158294e+01 1.730000e+01 -2.690734e-01
      vertex   -7.448000e+00 1.730000e+01 1.266912e-01
    endloop
  endfacet
  facet normal 0.000000e+00 1.000000e+00 0.000000e+00
    outer loop
      vertex   -7.448000e+00 1.730000e+01 1.266912e-01
      vertex   -1.158294e+01 1.730000e+01 -2.690734e-01
      vertex   -1.160000e+01 1.730000e+01 1.000000e-01
    endloop
  endfacet
  facet normal 0.000000e+00 1.000000e+00 0.000000e+00
    outer loop
      vertex   -7.448000e+00 1.730000e+01 1.266912e-01
      vertex   -1.160000e+01 1.730000e+01 1.000000e-01
      vertex   -9.889836e+00 1.730000e+01 2.336955e+00
    endloop
  endfacet
  facet normal 0.000000e+00 1.000000e+00 0.000000e+00
    outer loop
      vertex   -9.889836e+00 1.730000e+01 2.336955e+00
      vertex   -1.160000e+01 1.730000e+01 1.000000e-01
      vertex   -1.008684e+01 1.730000e+01 2.328108e+00
    endloop
  endfacet
  facet normal 0.000000e+00 1.000000e+00 0.000000e+00
    outer loop
      vertex   -1.008684e+01 1.730000e+01 2.328108e+00
      vertex   -1.160000e+01 1.730000e+01 1.000000e-01
      vertex   -1.028227e+01 1.730000e+01 2.354580e+00
    endloop
  endfacet
  facet normal 0.000000e+00 1.000000e+00 0.000000e+00
    outer loop
      vertex   -1.028227e+01 1.730000e+01 2.354580e+00
      vertex   -1.160000e+01 1.730000e+01 1.000000e-01
      vertex   -1.046982e+01 1.730000e+01 2.415520e+00
    endloop
  endfacet
  facet normal 0.000000e+00 1.000000e+00 0.000000e+00
    outer loop
      vertex   -1.046982e+01 1.730000e+01 2.415520e+00
      vertex   -1.160000e+01 1.730000e+01 1.000000e-01
      vertex   -1.064348e+01 1.730000e+01 2.508970e+00
    endloop
  endfacet
  facet normal 0.000000e+00 1.000000e+00 0.000000e+00
    outer loop
      vertex   -1.064348e+01 1.730000e+01 2.508970e+00
      vertex   -1.160000e+01 1.730000e+01 1.000000e-01
      vertex   -1.079766e+01 1.730000e+01 2.631926e+00
    endloop
  endfacet
  facet normal 0.000000e+00 1.000000e+00 0.000000e+00
    outer loop
      vertex   -1.079766e+01 1.730000e+01 2.631926e+00
      vertex   -1.160000e+01 1.730000e+01 1.000000e-01
      vertex   -1.092741e+01 1.730000e+01 2.780436e+00
    endloop
  endfacet
  facet normal 0.000000e+00 1.000000e+00 0.000000e+00
    outer loop
      vertex   -1.092741e+01 1.730000e+01 2.780436e+00
      vertex   -1.160000e+01 1.730000e+01 1.000000e-01
      vertex   -1.102856e+01 1.730000e+01 2.949728e+00
    endloop
  endfacet
  facet normal 0.000000e+00 1.000000e+00 0.000000e+00
    outer loop
      vertex   -1.102856e+01 1.730000e+01 2.949728e+00
      vertex   -1.160000e+01 1.730000e+01 1.000000e-01
      vertex   -1.109785e+01 1.730000e+01 3.134360e+00
    endloop
  endfacet
  facet normal 0.000000e+00 1.000000e+00 0.000000e+00
    outer loop
      vertex   -1.109785e+01 1.730000e+01 3.134360e+00
      vertex   -1.160000e+01 1.730000e+01 1.000000e-01
      vertex   -1.113306e+01 1.730000e+01 3.328397e+00
    endloop
  endfacet
  facet normal 0.000000e+00 1.000000e+00 -0.000000e+00
    outer loop
      vertex   -1.113306e+01 1.730000e+01 3.328397e+00
      vertex   -1.160000e+01 1.730000e+01 1.000000e-01
      vertex   -1.113306e+01 1.730000e+01 3.525603e+00
    endloop
  endfacet
  facet normal 0.000000e+00 1.000000e+00 0.000000e+00
    outer loop
      vertex   -1.113306e+01 1.730000e+01 3.525603e+00
      vertex   -1.160000e+01 1.730000e+01 1.000000e-01
      vertex   -1.160000e+01 1.730000e+01 7.352000e+00
    endloop
  endfacet
  facet normal 0.000000e+00 1.000000e+00 -0.000000e+00
    outer loop
      vertex   -1.113306e+01 1.730000e+01 3.525603e+00
      vertex   -1.160000e+01 1.730000e+01 7.352000e+00
      vertex   -1.109785e+01 1.730000e+01 3.719641e+00
    endloop
  endfacet
  facet normal 0.000000e+00 1.000000e+00 -0.000000e+00
    outer loop
      vertex   -1.109785e+01 1.730000e+01 3.719641e+00
      vertex   -1.160000e+01 1.730000e+01 7.352000e+00
      vertex   -1.102856e+01 1.730000e+01 3.904272e+00
    endloop
  endfacet
  facet normal 0.000000e+00 1.000000e+00 -0.000000e+00
    outer loop
      vertex   -1.102856e+01 1.730000e+01 3.904272e+00
      vertex   -1.160000e+01 1.730000e+01 7.352000e+00
      vertex   -1.092741e+01 1.730000e+01 4.073564e+00
    endloop
  endfacet
  facet normal 0.000000e+00 1.000000e+00 -0.000000e+00
    outer loop
      vertex   -1.092741e+01 1.730000e+01 4.073564e+00
      vertex   -1.160000e+01 1.730000e+01 7.352000e+00
      vertex   -1.079766e+01 1.730000e+01 4.222075e+00
    endloop
  endfacet
  facet normal 0.000000e+00 1.000000e+00 -0.000000e+00
    outer loop
      vertex   -1.079766e+01 1.730000e+01 4.222075e+00
      vertex   -1.160000e+01 1.730000e+01 7.352000e+00
      vertex   -1.064348e+01 1.730000e+01 4.345031e+00
    endloop
  endfacet
  facet normal 0.000000e+00 1.000000e+00 -0.000000e+00
    outer loop
      vertex   -1.064348e+01 1.730000e+01 4.345031e+00
      vertex   -1.160000e+01 1.730000e+01 7.352000e+00
      vertex   -1.046982e+01 1.730000e+01 4.438481e+00
    endloop
  endfacet
  facet normal 0.000000e+00 1.000000e+00 -0.000000e+00
    outer loop
      vertex   -1.046982e+01 1.730000e+01 4.438481e+00
      vertex   -1.160000e+01 1.730000e+01 7.352000e+00
      vertex   -1.028227e+01 1.730000e+01 4.499421e+00
    endloop
  endfacet
  facet normal 0.000000e+00 1.000000e+00 -0.000000e+00
    outer loop
      vertex   -1.028227e+01 1.730000e+01 4.499421e+00
      vertex   -1.160000e+01 1.730000e+01 7.352000e+00
      vertex   -1.008684e+01 1.730000e+01 4.525893e+00
    endloop
  endfacet
  facet normal -0.000000e+00 1.000000e+00 -0.000000e+00
    outer loop
      vertex   -1.008684e+01 1.730000e+01 4.525893e+00
      vertex   -1.160000e+01 1.730000e+01 7.352000e+00
      vertex   -9.889836e+00 1.730000e+01 4.517045e+00
    endloop
  endfacet
  facet normal 0.000000e+00 1.000000e+00 -0.000000e+00
    outer loop
      vertex   -9.889836e+00 1.730000e+01 4.517045e+00
      vertex   -1.160000e+01 1.730000e+01 7.352000e+00
      vertex   -7.448000e+00 1.730000e+01 6.927000e+00
    endloop
  endfacet
  facet normal -0.000000e+00 1.000000e+00 0.000000e+00
    outer loop
      vertex   -9.889836e+00 1.730000e+01 4.517045e+00
      vertex   -7.448000e+00 1.730000e+01 6.927000e+00
      vertex   -9.697574e+00 1.730000e+01 4.473162e+00
    endloop
  endfacet
  facet normal 0.000000e+00 1.000000e+00 0.000000e+00
    outer loop
      vertex   -9.697574e+00 1.730000e+01 4.473162e+00
      vertex   -7.448000e+00 1.730000e+01 6.927000e+00
      vertex   -7.448000e+00 1.730000e+01 5.427000e+00
    endloop
  endfacet
  facet normal -0.000000e+00 1.000000e+00 0.000000e+00
    outer loop
      vertex   -9.697574e+00 1.730000e+01 4.473162e+00
      vertex   -7.448000e+00 1.730000e+01 5.427000e+00
      vertex   -9.516237e+00 1.730000e+01 4.395655e+00
    endloop
  endfacet
  facet normal -0.000000e+00 1.000000e+00 0.000000e+00
    outer loop
      vertex   -9.516237e+00 1.730000e+01 4.395655e+00
      vertex   -7.448000e+00 1.730000e+01 5.427000e+00
      vertex   -9.351654e+00 1.730000e+01 4.287015e+00
    endloop
  endfacet
  facet normal -0.000000e+00 1.000000e+00 0.000000e+00
    outer loop
      vertex   -9.351654e+00 1.730000e+01 4.287015e+00
      vertex   -7.448000e+00 1.730000e+01 5.427000e+00
      vertex   -9.209114e+00 1.730000e+01 4.150733e+00
    endloop
  endfacet
  facet normal -0.000000e+00 1.000000e+00 0.000000e+00
    outer loop
      vertex   -9.209114e+00 1.730000e+01 4.150733e+00
      vertex   -7.448000e+00 1.730000e+01 5.427000e+00
      vertex   -9.093199e+00 1.730000e+01 3.991189e+00
    endloop
  endfacet
  facet normal -0.000000e+00 1.000000e+00 0.000000e+00
    outer loop
      vertex   -9.093199e+00 1.730000e+01 3.991189e+00
      vertex   -7.448000e+00 1.730000e+01 5.427000e+00
      vertex   -9.007634e+00 1.730000e+01 3.813513e+00
    endloop
  endfacet
  facet normal -0.000000e+00 1.000000e+00 0.000000e+00
    outer loop
      vertex   -9.007634e+00 1.730000e+01 3.813513e+00
      vertex   -7.448000e+00 1.730000e+01 5.427000e+00
      vertex   -8.955170e+00 1.730000e+01 3.623413e+00
    endloop
  endfacet
  facet normal -0.000000e+00 1.000000e+00 0.000000e+00
    outer loop
      vertex   -8.955170e+00 1.730000e+01 3.623413e+00
      vertex   -7.448000e+00 1.730000e+01 5.427000e+00
      vertex   -8.937492e+00 1.730000e+01 3.427000e+00
    endloop
  endfacet
  facet normal -0.000000e+00 1.000000e+00 0.000000e+00
    outer loop
      vertex   -8.937492e+00 1.730000e+01 3.427000e+00
      vertex   -7.448000e+00 1.730000e+01 5.427000e+00
      vertex   -7.448000e+00 1.730000e+01 1.427000e+00
    endloop
  endfacet
  facet normal 0.000000e+00 1.000000e+00 0.000000e+00
    outer loop
      vertex   -8.937492e+00 1.730000e+01 3.427000e+00
      vertex   -7.448000e+00 1.730000e+01 1.427000e+00
      vertex   -8.955170e+00 1.730000e+01 3.230588e+00
    endloop
  endfacet
  facet normal 0.000000e+00 1.000000e+00 0.000000e+00
    outer loop
      vertex   -8.955170e+00 1.730000e+01 3.230588e+00
      vertex   -7.448000e+00 1.730000e+01 1.427000e+00
      vertex   -9.007634e+00 1.730000e+01 3.040488e+00
    endloop
  endfacet
  facet normal 0.000000e+00 1.000000e+00 0.000000e+00
    outer loop
      vertex   -9.007634e+00 1.730000e+01 3.040488e+00
      vertex   -7.448000e+00 1.730000e+01 1.427000e+00
      vertex   -9.093199e+00 1.730000e+01 2.862811e+00
    endloop
  endfacet
  facet normal 0.000000e+00 1.000000e+00 0.000000e+00
    outer loop
      vertex   -9.093199e+00 1.730000e+01 2.862811e+00
      vertex   -7.448000e+00 1.730000e+01 1.427000e+00
      vertex   -9.209114e+00 1.730000e+01 2.703268e+00
    endloop
  endfacet
  facet normal 0.000000e+00 1.000000e+00 0.000000e+00
    outer loop
      vertex   -9.209114e+00 1.730000e+01 2.703268e+00
      vertex   -7.448000e+00 1.730000e+01 1.427000e+00
      vertex   -9.351654e+00 1.730000e+01 2.566986e+00
    endloop
  endfacet
  facet normal 0.000000e+00 1.000000e+00 0.000000e+00
    outer loop
      vertex   -9.351654e+00 1.730000e+01 2.566986e+00
      vertex   -7.448000e+00 1.730000e+01 1.427000e+00
      vertex   -9.516237e+00 1.730000e+01 2.458345e+00
    endloop
  endfacet
  facet normal 0.000000e+00 1.000000e+00 0.000000e+00
    outer loop
      vertex   -9.516237e+00 1.730000e+01 2.458345e+00
      vertex   -7.448000e+00 1.730000e+01 1.427000e+00
      vertex   -9.697574e+00 1.730000e+01 2.380838e+00
    endloop
  endfacet
  facet normal 0.000000e+00 1.000000e+00 0.000000e+00
    outer loop
      vertex   -9.697574e+00 1.730000e+01 2.380838e+00
      vertex   -7.448000e+00 1.730000e+01 1.427000e+00
      vertex   -7.448000e+00 1.730000e+01 1.266912e-01
    endloop
  endfacet
  facet normal 0.000000e+00 1.000000e+00 0.000000e+00
    outer loop
      vertex   -9.697574e+00 1.730000e+01 2.380838e+00
      vertex   -7.448000e+00 1.730000e+01 1.266912e-01
      vertex   -9.889836e+00 1.730000e+01 2.336955e+00
    endloop
  endfacet
  facet normal -0.000000e+00 1.000000e+00 0.000000e+00
    outer loop
      vertex   -1.160000e+01 1.730000e+01 7.352000e+00
      vertex   -1.158294e+01 1.730000e+01 7.721074e+00
      vertex   -7.448000e+00 1.730000e+01 6.927000e+00
    endloop
  endfacet
  facet normal 0.000000e+00 1.000000e+00 0.000000e+00
    outer loop
      vertex   -7.448000e+00 1.730000e+01 6.927000e+00
      vertex   -1.158294e+01 1.730000e+01 7.721074e+00
      vertex   -1.153189e+01 1.730000e+01 8.086998e+00
    endloop
  endfacet
  facet normal 0.000000e+00 1.000000e+00 0.000000e+00
    outer loop
      vertex   -7.448000e+00 1.730000e+01 6.927000e+00
      vertex   -1.153189e+01 1.730000e+01 8.086998e+00
      vertex   -1.144730e+01 1.730000e+01 8.446652e+00
    endloop
  endfacet
  facet normal -0.000000e+00 1.000000e+00 0.000000e+00
    outer loop
      vertex   -1.144730e+01 1.730000e+01 8.446652e+00
      vertex   -1.132989e+01 1.730000e+01 8.796967e+00
      vertex   -7.448000e+00 1.730000e+01 6.927000e+00
    endloop
  endfacet
  facet normal 0.000000e+00 1.000000e+00 0.000000e+00
    outer loop
      vertex   -7.448000e+00 1.730000e+01 6.927000e+00
      vertex   -1.132989e+01 1.730000e+01 8.796967e+00
      vertex   -1.118065e+01 1.730000e+01 9.134954e+00
    endloop
  endfacet
  facet normal 0.000000e+00 1.000000e+00 0.000000e+00
    outer loop
      vertex   -7.448000e+00 1.730000e+01 6.927000e+00
      vertex   -1.118065e+01 1.730000e+01 9.134954e+00
      vertex   -1.100087e+01 1.730000e+01 9.457729e+00
    endloop
  endfacet
  facet normal -0.000000e+00 1.000000e+00 0.000000e+00
    outer loop
      vertex   -1.100087e+01 1.730000e+01 9.457729e+00
      vertex   -1.079207e+01 1.730000e+01 9.762539e+00
      vertex   -7.448000e+00 1.730000e+01 6.927000e+00
    endloop
  endfacet
  facet normal 0.000000e+00 1.000000e+00 0.000000e+00
    outer loop
      vertex   -7.448000e+00 1.730000e+01 6.927000e+00
      vertex   -1.079207e+01 1.730000e+01 9.762539e+00
      vertex   -1.055604e+01 1.730000e+01 1.004678e+01
    endloop
  endfacet
  facet normal 0.000000e+00 1.000000e+00 0.000000e+00
    outer loop
      vertex   -7.448000e+00 1.730000e+01 6.927000e+00
      vertex   -1.055604e+01 1.730000e+01 1.004678e+01
      vertex   -1.029478e+01 1.730000e+01 1.030804e+01
    endloop
  endfacet
  facet normal -0.000000e+00 1.000000e+00 0.000000e+00
    outer loop
      vertex   -1.029478e+01 1.730000e+01 1.030804e+01
      vertex   -1.001054e+01 1.730000e+01 1.054407e+01
      vertex   -7.448000e+00 1.730000e+01 6.927000e+00
    endloop
  endfacet
  facet normal 0.000000e+00 1.000000e+00 0.000000e+00
    outer loop
      vertex   -7.448000e+00 1.730000e+01 6.927000e+00
      vertex   -1.001054e+01 1.730000e+01 1.054407e+01
      vertex   -9.705729e+00 1.730000e+01 1.075287e+01
    endloop
  endfacet
  facet normal 0.000000e+00 1.000000e+00 0.000000e+00
    outer loop
      vertex   -7.448000e+00 1.730000e+01 6.927000e+00
      vertex   -9.705729e+00 1.730000e+01 1.075287e+01
      vertex   -9.382953e+00 1.730000e+01 1.093265e+01
    endloop
  endfacet
  facet normal -0.000000e+00 1.000000e+00 0.000000e+00
    outer loop
      vertex   -9.382953e+00 1.730000e+01 1.093265e+01
      vertex   -9.044967e+00 1.730000e+01 1.108189e+01
      vertex   -7.448000e+00 1.730000e+01 6.927000e+00
    endloop
  endfacet
  facet normal 0.000000e+00 1.000000e+00 0.000000e+00
    outer loop
      vertex   -7.448000e+00 1.730000e+01 6.927000e+00
      vertex   -9.044967e+00 1.730000e+01 1.108189e+01
      vertex   -8.694652e+00 1.730000e+01 1.119930e+01
    endloop
  endfacet
  facet normal 0.000000e+00 1.000000e+00 0.000000e+00
    outer loop
      vertex   -7.448000e+00 1.730000e+01 6.927000e+00
      vertex   -8.694652e+00 1.730000e+01 1.119930e+01
      vertex   -8.334998e+00 1.730000e+01 1.128389e+01
    endloop
  endfacet
  facet normal -0.000000e+00 1.000000e+00 0.000000e+00
    outer loop
      vertex   -8.334998e+00 1.730000e+01 1.128389e+01
      vertex   -7.969073e+00 1.730000e+01 1.133494e+01
      vertex   -7.448000e+00 1.730000e+01 6.927000e+00
    endloop
  endfacet
  facet normal 0.000000e+00 1.000000e+00 0.000000e+00
    outer loop
      vertex   -7.448000e+00 1.730000e+01 6.927000e+00
      vertex   -7.969073e+00 1.730000e+01 1.133494e+01
      vertex   -7.600000e+00 1.730000e+01 1.135200e+01
    endloop
  endfacet
  facet normal 0.000000e+00 1.000000e+00 -0.000000e+00
    outer loop
      vertex   -7.448000e+00 1.730000e+01 6.927000e+00
      vertex   -7.600000e+00 1.730000e+01 1.135200e+01
      vertex   -5.600000e+00 1.730000e+01 1.135200e+01
    endloop
  endfacet
  facet normal 0.000000e+00 1.000000e+00 0.000000e+00
    outer loop
      vertex   -5.600000e+00 1.730000e+01 1.135200e+01
      vertex   -5.230927e+00 1.730000e+01 1.133494e+01
      vertex   -7.448000e+00 1.730000e+01 6.927000e+00
    endloop
  endfacet
  facet normal 0.000000e+00 1.000000e+00 0.000000e+00
    outer loop
      vertex   -7.448000e+00 1.730000e+01 6.927000e+00
      vertex   -5.230927e+00 1.730000e+01 1.133494e+01
      vertex   -4.865002e+00 1.730000e+01 1.128389e+01
    endloop
  endfacet
  facet normal 0.000000e+00 1.000000e+00 0.000000e+00
    outer loop
      vertex   -7.448000e+00 1.730000e+01 6.927000e+00
      vertex   -4.865002e+00 1.730000e+01 1.128389e+01
      vertex   -4.505348e+00 1.730000e+01 1.119930e+01
    endloop
  endfacet
  facet normal 0.000000e+00 1.000000e+00 0.000000e+00
    outer loop
      vertex   -4.505348e+00 1.730000e+01 1.119930e+01
      vertex   -4.155033e+00 1.730000e+01 1.108189e+01
      vertex   -7.448000e+00 1.730000e+01 6.927000e+00
    endloop
  endfacet
  facet normal 0.000000e+00 1.000000e+00 0.000000e+00
    outer loop
      vertex   -7.448000e+00 1.730000e+01 6.927000e+00
      vertex   -4.155033e+00 1.730000e+01 1.108189e+01
      vertex   -3.817047e+00 1.730000e+01 1.093265e+01
    endloop
  endfacet
  facet normal 0.000000e+00 1.000000e+00 0.000000e+00
    outer loop
      vertex   -7.448000e+00 1.730000e+01 6.927000e+00
      vertex   -3.817047e+00 1.730000e+01 1.093265e+01
      vertex   -3.494271e+00 1.730000e+01 1.075287e+01
    endloop
  endfacet
  facet normal 0.000000e+00 1.000000e+00 0.000000e+00
    outer loop
      vertex   -3.494271e+00 1.730000e+01 1.075287e+01
      vertex   -3.189461e+00 1.730000e+01 1.054407e+01
      vertex   -7.448000e+00 1.730000e+01 6.927000e+00
    endloop
  endfacet
  facet normal 0.000000e+00 1.000000e+00 0.000000e+00
    outer loop
      vertex   -7.448000e+00 1.730000e+01 6.927000e+00
      vertex   -3.189461e+00 1.730000e+01 1.054407e+01
      vertex   -2.905217e+00 1.730000e+01 1.030804e+01
    endloop
  endfacet
  facet normal 0.000000e+00 1.000000e+00 0.000000e+00
    outer loop
      vertex   -7.448000e+00 1.730000e+01 6.927000e+00
      vertex   -2.905217e+00 1.730000e+01 1.030804e+01
      vertex   -2.643964e+00 1.730000e+01 1.004678e+01
    endloop
  endfacet
  facet normal 0.000000e+00 1.000000e+00 0.000000e+00
    outer loop
      vertex   -2.643964e+00 1.730000e+01 1.004678e+01
      vertex   -2.407931e+00 1.730000e+01 9.762539e+00
      vertex   -7.448000e+00 1.730000e+01 6.927000e+00
    endloop
  endfacet
  facet normal 0.000000e+00 1.000000e+00 0.000000e+00
    outer loop
      vertex   -7.448000e+00 1.730000e+01 6.927000e+00
      vertex   -2.407931e+00 1.730000e+01 9.762539e+00
      vertex   -2.199131e+00 1.730000e+01 9.457729e+00
    endloop
  endfacet
  facet normal 0.000000e+00 1.000000e+00 0.000000e+00
    outer loop
      vertex   -7.448000e+00 1.730000e+01 6.927000e+00
      vertex   -2.199131e+00 1.730000e+01 9.457729e+00
      vertex   -2.019347e+00 1.730000e+01 9.134954e+00
    endloop
  endfacet
  facet normal 0.000000e+00 1.000000e+00 0.000000e+00
    outer loop
      vertex   -2.019347e+00 1.730000e+01 9.134954e+00
      vertex   -1.870111e+00 1.730000e+01 8.796967e+00
      vertex   -7.448000e+00 1.730000e+01 6.927000e+00
    endloop
  endfacet
  facet normal 0.000000e+00 1.000000e+00 0.000000e+00
    outer loop
      vertex   -7.448000e+00 1.730000e+01 6.927000e+00
      vertex   -1.870111e+00 1.730000e+01 8.796967e+00
      vertex   -1.752697e+00 1.730000e+01 8.446652e+00
    endloop
  endfacet
  facet normal 0.000000e+00 1.000000e+00 0.000000e+00
    outer loop
      vertex   -7.448000e+00 1.730000e+01 6.927000e+00
      vertex   -1.752697e+00 1.730000e+01 8.446652e+00
      vertex   -1.668108e+00 1.730000e+01 8.086998e+00
    endloop
  endfacet
  facet normal 0.000000e+00 1.000000e+00 0.000000e+00
    outer loop
      vertex   -1.668108e+00 1.730000e+01 8.086998e+00
      vertex   -1.617063e+00 1.730000e+01 7.721074e+00
      vertex   -7.448000e+00 1.730000e+01 6.927000e+00
    endloop
  endfacet
  facet normal 0.000000e+00 1.000000e+00 0.000000e+00
    outer loop
      vertex   -7.448000e+00 1.730000e+01 6.927000e+00
      vertex   -1.617063e+00 1.730000e+01 7.721074e+00
      vertex   -1.600000e+00 1.730000e+01 7.352000e+00
    endloop
  endfacet
  facet normal -0.000000e+00 1.000000e+00 0.000000e+00
    outer loop
      vertex   -7.448000e+00 1.730000e+01 6.927000e+00
      vertex   -1.600000e+00 1.730000e+01 7.352000e+00
      vertex   -1.648000e+00 1.730000e+01 6.927000e+00
    endloop
  endfacet
  facet normal 0.000000e+00 1.000000e+00 0.000000e+00
    outer loop
      vertex   -1.648000e+00 1.730000e+01 6.927000e+00
      vertex   -1.600000e+00 1.730000e+01 7.352000e+00
      vertex   -1.600000e+00 1.730000e+01 7.150000e+00
    endloop
  endfacet
  facet normal 0.000000e+00 1.000000e+00 0.000000e+00
    outer loop
      vertex   -1.648000e+00 1.730000e+01 6.927000e+00
      vertex   -1.600000e+00 1.730000e+01 7.150000e+00
      vertex   4.249388e+00 1.730000e+01 7.150000e+00
    endloop
  endfacet
  facet normal 0.000000e+00 1.000000e+00 -0.000000e+00
    outer loop
      vertex   -3.567677e+00 1.730000e+01 -2.001587e+00
      vertex   -3.620142e+00 1.730000e+01 -1.811488e+00
      vertex   -2.260000e+00 1.730000e+01 -1.400000e+00
    endloop
  endfacet
  facet normal 0.000000e+00 1.000000e+00 0.000000e+00
    outer loop
      vertex   -2.260000e+00 1.730000e+01 -1.400000e+00
      vertex   -3.620142e+00 1.730000e+01 -1.811488e+00
      vertex   -3.705706e+00 1.730000e+01 -1.633811e+00
    endloop
  endfacet
  facet normal 0.000000e+00 1.000000e+00 0.000000e+00
    outer loop
      vertex   -2.260000e+00 1.730000e+01 -1.400000e+00
      vertex   -3.705706e+00 1.730000e+01 -1.633811e+00
      vertex   -3.821621e+00 1.730000e+01 -1.474267e+00
    endloop
  endfacet
  facet normal 0.000000e+00 1.000000e+00 -0.000000e+00
    outer loop
      vertex   -3.821621e+00 1.730000e+01 -1.474267e+00
      vertex   -3.964161e+00 1.730000e+01 -1.337985e+00
      vertex   -2.260000e+00 1.730000e+01 -1.400000e+00
    endloop
  endfacet
  facet normal 0.000000e+00 1.000000e+00 -0.000000e+00
    outer loop
      vertex   -2.260000e+00 1.730000e+01 -1.400000e+00
      vertex   -3.964161e+00 1.730000e+01 -1.337985e+00
      vertex   -1.648000e+00 1.730000e+01 1.281249e-01
    endloop
  endfacet
  facet normal 0.000000e+00 1.000000e+00 -0.000000e+00
    outer loop
      vertex   -3.964161e+00 1.730000e+01 -1.337985e+00
      vertex   -4.128744e+00 1.730000e+01 -1.229345e+00
      vertex   -1.648000e+00 1.730000e+01 1.281249e-01
    endloop
  endfacet
  facet normal 0.000000e+00 1.000000e+00 0.000000e+00
    outer loop
      vertex   -1.648000e+00 1.730000e+01 1.281249e-01
      vertex   -4.128744e+00 1.730000e+01 -1.229345e+00
      vertex   -4.310081e+00 1.730000e+01 -1.151838e+00
    endloop
  endfacet
  facet normal 0.000000e+00 1.000000e+00 0.000000e+00
    outer loop
      vertex   -1.648000e+00 1.730000e+01 1.281249e-01
      vertex   -4.310081e+00 1.730000e+01 -1.151838e+00
      vertex   -4.502343e+00 1.730000e+01 -1.107955e+00
    endloop
  endfacet
  facet normal 0.000000e+00 1.000000e+00 -0.000000e+00
    outer loop
      vertex   -4.502343e+00 1.730000e+01 -1.107955e+00
      vertex   -4.699351e+00 1.730000e+01 -1.099108e+00
      vertex   -1.648000e+00 1.730000e+01 1.281249e-01
    endloop
  endfacet
  facet normal 0.000000e+00 1.000000e+00 0.000000e+00
    outer loop
      vertex   -1.648000e+00 1.730000e+01 1.281249e-01
      vertex   -4.699351e+00 1.730000e+01 -1.099108e+00
      vertex   -7.448000e+00 1.730000e+01 1.266912e-01
    endloop
  endfacet
  facet normal 0.000000e+00 1.000000e+00 0.000000e+00
    outer loop
      vertex   -7.448000e+00 1.730000e+01 1.266912e-01
      vertex   -4.699351e+00 1.730000e+01 -1.099108e+00
      vertex   -4.894773e+00 1.730000e+01 -1.125579e+00
    endloop
  endfacet
  facet normal 0.000000e+00 1.000000e+00 0.000000e+00
    outer loop
      vertex   -7.448000e+00 1.730000e+01 1.266912e-01
      vertex   -4.894773e+00 1.730000e+01 -1.125579e+00
      vertex   -5.082328e+00 1.730000e+01 -1.186519e+00
    endloop
  endfacet
  facet normal 0.000000e+00 1.000000e+00 0.000000e+00
    outer loop
      vertex   -5.082328e+00 1.730000e+01 -1.186519e+00
      vertex   -5.255987e+00 1.730000e+01 -1.279969e+00
      vertex   -7.448000e+00 1.730000e+01 1.266912e-01
    endloop
  endfacet
  facet normal 0.000000e+00 1.000000e+00 0.000000e+00
    outer loop
      vertex   -7.448000e+00 1.730000e+01 1.266912e-01
      vertex   -5.255987e+00 1.730000e+01 -1.279969e+00
      vertex   -5.410169e+00 1.730000e+01 -1.402926e+00
    endloop
  endfacet
  facet normal 0.000000e+00 1.000000e+00 0.000000e+00
    outer loop
      vertex   -7.448000e+00 1.730000e+01 1.266912e-01
      vertex   -5.410169e+00 1.730000e+01 -1.402926e+00
      vertex   -5.539919e+00 1.730000e+01 -1.551436e+00
    endloop
  endfacet
  facet normal 0.000000e+00 1.000000e+00 0.000000e+00
    outer loop
      vertex   -5.539919e+00 1.730000e+01 -1.551436e+00
      vertex   -5.641066e+00 1.730000e+01 -1.720728e+00
      vertex   -7.448000e+00 1.730000e+01 1.266912e-01
    endloop
  endfacet
  facet normal 0.000000e+00 1.000000e+00 0.000000e+00
    outer loop
      vertex   -7.448000e+00 1.730000e+01 1.266912e-01
      vertex   -5.641066e+00 1.730000e+01 -1.720728e+00
      vertex   -5.710359e+00 1.730000e+01 -1.905359e+00
    endloop
  endfacet
  facet normal 0.000000e+00 1.000000e+00 0.000000e+00
    outer loop
      vertex   -7.448000e+00 1.730000e+01 1.266912e-01
      vertex   -5.710359e+00 1.730000e+01 -1.905359e+00
      vertex   -5.745572e+00 1.730000e+01 -2.099397e+00
    endloop
  endfacet
  facet normal 0.000000e+00 1.000000e+00 0.000000e+00
    outer loop
      vertex   -5.710359e+00 1.730000e+01 -2.490641e+00
      vertex   -5.641066e+00 1.730000e+01 -2.675272e+00
      vertex   -7.600000e+00 1.730000e+01 -3.900000e+00
    endloop
  endfacet
  facet normal 0.000000e+00 1.000000e+00 0.000000e+00
    outer loop
      vertex   -7.600000e+00 1.730000e+01 -3.900000e+00
      vertex   -5.641066e+00 1.730000e+01 -2.675272e+00
      vertex   -5.539919e+00 1.730000e+01 -2.844564e+00
    endloop
  endfacet
  facet normal 0.000000e+00 1.000000e+00 0.000000e+00
    outer loop
      vertex   -7.600000e+00 1.730000e+01 -3.900000e+00
      vertex   -5.539919e+00 1.730000e+01 -2.844564e+00
      vertex   -5.410169e+00 1.730000e+01 -2.993074e+00
    endloop
  endfacet
  facet normal 0.000000e+00 1.000000e+00 0.000000e+00
    outer loop
      vertex   -5.410169e+00 1.730000e+01 -2.993074e+00
      vertex   -5.255987e+00 1.730000e+01 -3.116031e+00
      vertex   -7.600000e+00 1.730000e+01 -3.900000e+00
    endloop
  endfacet
  facet normal 0.000000e+00 1.000000e+00 0.000000e+00
    outer loop
      vertex   -7.600000e+00 1.730000e+01 -3.900000e+00
      vertex   -5.255987e+00 1.730000e+01 -3.116031e+00
      vertex   -5.082328e+00 1.730000e+01 -3.209481e+00
    endloop
  endfacet
  facet normal 0.000000e+00 1.000000e+00 0.000000e+00
    outer loop
      vertex   -7.600000e+00 1.730000e+01 -3.900000e+00
      vertex   -5.082328e+00 1.730000e+01 -3.209481e+00
      vertex   -4.894773e+00 1.730000e+01 -3.270421e+00
    endloop
  endfacet
  facet normal 0.000000e+00 1.000000e+00 0.000000e+00
    outer loop
      vertex   -4.894773e+00 1.730000e+01 -3.270421e+00
      vertex   -4.699351e+00 1.730000e+01 -3.296892e+00
      vertex   -7.600000e+00 1.730000e+01 -3.900000e+00
    endloop
  endfacet
  facet normal -0.000000e+00 1.000000e+00 0.000000e+00
    outer loop
      vertex   -4.310081e+00 1.730000e+01 -3.244162e+00
      vertex   -4.128744e+00 1.730000e+01 -3.166655e+00
      vertex   -2.260000e+00 1.730000e+01 -3.900000e+00
    endloop
  endfacet
  facet normal 0.000000e+00 1.000000e+00 0.000000e+00
    outer loop
      vertex   -2.260000e+00 1.730000e+01 -3.900000e+00
      vertex   -4.128744e+00 1.730000e+01 -3.166655e+00
      vertex   -3.964161e+00 1.730000e+01 -3.058015e+00
    endloop
  endfacet
  facet normal 0.000000e+00 1.000000e+00 0.000000e+00
    outer loop
      vertex   -2.260000e+00 1.730000e+01 -3.900000e+00
      vertex   -3.964161e+00 1.730000e+01 -3.058015e+00
      vertex   -3.821621e+00 1.730000e+01 -2.921733e+00
    endloop
  endfacet
  facet normal -0.000000e+00 1.000000e+00 0.000000e+00
    outer loop
      vertex   -3.821621e+00 1.730000e+01 -2.921733e+00
      vertex   -3.705706e+00 1.730000e+01 -2.762189e+00
      vertex   -2.260000e+00 1.730000e+01 -3.900000e+00
    endloop
  endfacet
  facet normal 0.000000e+00 1.000000e+00 0.000000e+00
    outer loop
      vertex   -2.260000e+00 1.730000e+01 -3.900000e+00
      vertex   -3.705706e+00 1.730000e+01 -2.762189e+00
      vertex   -3.620142e+00 1.730000e+01 -2.584512e+00
    endloop
  endfacet
  facet normal 0.000000e+00 1.000000e+00 0.000000e+00
    outer loop
      vertex   -2.260000e+00 1.730000e+01 -3.900000e+00
      vertex   -3.620142e+00 1.730000e+01 -2.584512e+00
      vertex   -3.567677e+00 1.730000e+01 -2.394413e+00
    endloop
  endfacet
  facet normal 0.000000e+00 1.000000e+00 0.000000e+00
    outer loop
      vertex   -1.648000e+00 1.730000e+01 5.427000e+00
      vertex   -1.648000e+00 1.730000e+01 1.427000e+00
      vertex   -7.448000e+00 1.730000e+01 5.427000e+00
    endloop
  endfacet
  facet normal 0.000000e+00 1.000000e+00 0.000000e+00
    outer loop
      vertex   -7.448000e+00 1.730000e+01 5.427000e+00
      vertex   -1.648000e+00 1.730000e+01 1.427000e+00
      vertex   -7.448000e+00 1.730000e+01 1.427000e+00
    endloop
  endfacet
  facet normal 8.260460e-01 -5.636028e-01 -5.013322e-05
    outer loop
      vertex   9.819648e+00 1.217445e+01 3.014539e+00
      vertex   9.816810e+00 1.216992e+01 7.150000e+00
      vertex   9.707180e+00 1.200962e+01 2.858287e+00
    endloop
  endfacet
  facet normal 8.155606e-01 -5.786711e-01 7.805217e-04
    outer loop
      vertex   9.707180e+00 1.200962e+01 2.858287e+00
      vertex   9.816810e+00 1.216992e+01 7.150000e+00
      vertex   9.654579e+00 1.194128e+01 7.150000e+00
    endloop
  endfacet
  facet normal 7.763883e-01 -6.302546e-01 -5.210759e-04
    outer loop
      vertex   9.707180e+00 1.200962e+01 2.858287e+00
      vertex   9.654579e+00 1.194128e+01 7.150000e+00
      vertex   9.571277e+00 1.184219e+01 2.875000e+00
    endloop
  endfacet
  facet normal 7.456419e-01 -6.663463e-01 9.145457e-04
    outer loop
      vertex   9.571277e+00 1.184219e+01 2.875000e+00
      vertex   9.654579e+00 1.194128e+01 7.150000e+00
      vertex   9.467767e+00 1.173223e+01 7.150000e+00
    endloop
  endfacet
  facet normal 7.071064e-01 -7.071064e-01 -1.066927e-03
    outer loop
      vertex   9.571277e+00 1.184219e+01 2.875000e+00
      vertex   9.467767e+00 1.173223e+01 7.150000e+00
      vertex   9.357807e+00 1.162872e+01 2.875000e+00
    endloop
  endfacet
  facet normal 6.663463e-01 -7.456419e-01 9.145457e-04
    outer loop
      vertex   9.357807e+00 1.162872e+01 2.875000e+00
      vertex   9.467767e+00 1.173223e+01 7.150000e+00
      vertex   9.258725e+00 1.154542e+01 7.150000e+00
    endloop
  endfacet
  facet normal 6.167185e-01 -7.871831e-01 -1.045146e-03
    outer loop
      vertex   9.357807e+00 1.162872e+01 2.875000e+00
      vertex   9.258725e+00 1.154542e+01 7.150000e+00
      vertex   9.120162e+00 1.144254e+01 2.875000e+00
    endloop
  endfacet
  facet normal 5.786711e-01 -8.155606e-01 8.709851e-04
    outer loop
      vertex   9.120162e+00 1.144254e+01 2.875000e+00
      vertex   9.258725e+00 1.154542e+01 7.150000e+00
      vertex   9.030080e+00 1.138319e+01 7.150000e+00
    endloop
  endfacet
  facet normal 5.173376e-01 -8.557809e-01 -9.798064e-04
    outer loop
      vertex   9.120162e+00 1.144254e+01 2.875000e+00
      vertex   9.030080e+00 1.138319e+01 7.150000e+00
      vertex   8.861808e+00 1.128636e+01 2.875000e+00
    endloop
  endfacet
  facet normal 4.837187e-01 -8.752232e-01 7.838672e-04
    outer loop
      vertex   8.861808e+00 1.128636e+01 2.875000e+00
      vertex   9.030080e+00 1.138319e+01 7.150000e+00
      vertex   8.784709e+00 1.124758e+01 7.150000e+00
    endloop
  endfacet
  facet normal 4.104126e-01 -9.118995e-01 -8.709121e-04
    outer loop
      vertex   8.861808e+00 1.128636e+01 2.875000e+00
      vertex   8.784709e+00 1.124758e+01 7.150000e+00
      vertex   8.586512e+00 1.116246e+01 2.875000e+00
    endloop
  endfacet
  facet normal 3.826834e-01 -9.238793e-01 6.531984e-04
    outer loop
      vertex   8.586512e+00 1.116246e+01 2.875000e+00
      vertex   8.784709e+00 1.124758e+01 7.150000e+00
      vertex   8.525698e+00 1.114029e+01 7.150000e+00
    endloop
  endfacet
  facet normal 2.975030e-01 -9.547206e-01 -7.184714e-04
    outer loop
      vertex   8.586512e+00 1.116246e+01 2.875000e+00
      vertex   8.525698e+00 1.114029e+01 7.150000e+00
      vertex   8.298289e+00 1.107265e+01 2.875000e+00
    endloop
  endfacet
  facet normal 2.768355e-01 -9.609172e-01 4.789884e-04
    outer loop
      vertex   8.298289e+00 1.107265e+01 2.875000e+00
      vertex   8.525698e+00 1.114029e+01 7.150000e+00
      vertex   8.256302e+00 1.106268e+01 7.150000e+00
    endloop
  endfacet
  facet normal 1.802550e-01 -9.836198e-01 -5.224955e-04
    outer loop
      vertex   8.298289e+00 1.107265e+01 2.875000e+00
      vertex   8.256302e+00 1.106268e+01 7.150000e+00
      vertex   8.001342e+00 1.101823e+01 2.875000e+00
    endloop
  endfacet
  facet normal 1.675062e-01 -9.858710e-01 2.612502e-04
    outer loop
      vertex   8.001342e+00 1.101823e+01 2.875000e+00
      vertex   8.256302e+00 1.106268e+01 7.150000e+00
      vertex   7.979911e+00 1.101572e+01 7.150000e+00
    endloop
  endfacet
  facet normal 6.411176e-02 -9.979427e-01 -2.641477e-04
    outer loop
      vertex   8.001342e+00 1.101823e+01 2.875000e+00
      vertex   7.979911e+00 1.101572e+01 7.150000e+00
      vertex   7.700000e+00 1.100000e+01 -1.400000e+00
    endloop
  endfacet
  facet normal 5.607045e-02 -9.984268e-01 0.000000e+00
    outer loop
      vertex   7.700000e+00 1.100000e+01 -1.400000e+00
      vertex   7.979911e+00 1.101572e+01 7.150000e+00
      vertex   7.700000e+00 1.100000e+01 7.150000e+00
    endloop
  endfacet
  facet normal 8.683235e-01 -4.959983e-01 5.288972e-05
    outer loop
      vertex   9.819648e+00 1.217445e+01 3.014539e+00
      vertex   9.918613e+00 1.234772e+01 3.170925e+00
      vertex   9.816810e+00 1.216992e+01 7.150000e+00
    endloop
  endfacet
  facet normal 8.752232e-01 -4.837187e-01 7.781024e-04
    outer loop
      vertex   9.816810e+00 1.216992e+01 7.150000e+00
      vertex   9.918613e+00 1.234772e+01 3.170925e+00
      vertex   9.952422e+00 1.241529e+01 7.150000e+00
    endloop
  endfacet
  facet normal 9.052906e-01 -4.247925e-01 -4.780762e-04
    outer loop
      vertex   9.952422e+00 1.241529e+01 7.150000e+00
      vertex   9.918613e+00 1.234772e+01 3.170925e+00
      vertex   1.000344e+01 1.252833e+01 3.326450e+00
    endloop
  endfacet
  facet normal 9.238791e-01 -3.826832e-01 1.014855e-03
    outer loop
      vertex   9.952422e+00 1.241529e+01 7.150000e+00
      vertex   1.000344e+01 1.252833e+01 3.326450e+00
      vertex   1.005971e+01 1.267430e+01 7.150000e+00
    endloop
  endfacet
  facet normal 9.362530e-01 -3.513264e-01 -3.643715e-04
    outer loop
      vertex   1.005971e+01 1.267430e+01 7.150000e+00
      vertex   1.000344e+01 1.252833e+01 3.326450e+00
      vertex   1.007360e+01 1.271513e+01 3.480123e+00
    endloop
  endfacet
  facet normal 9.610945e-01 -2.762191e-01 5.651886e-04
    outer loop
      vertex   1.005971e+01 1.267430e+01 7.150000e+00
      vertex   1.007360e+01 1.271513e+01 3.480123e+00
      vertex   1.012863e+01 1.290693e+01 3.630965e+00
    endloop
  endfacet
  facet normal 9.609172e-01 -2.768355e-01 5.209683e-04
    outer loop
      vertex   1.005971e+01 1.267430e+01 7.150000e+00
      vertex   1.012863e+01 1.290693e+01 3.630965e+00
      vertex   1.013732e+01 1.294370e+01 7.150000e+00
    endloop
  endfacet
  facet normal 9.801984e-01 -1.980178e-01 -3.501570e-04
    outer loop
      vertex   1.013732e+01 1.294370e+01 7.150000e+00
      vertex   1.012863e+01 1.290693e+01 3.630965e+00
      vertex   1.016820e+01 1.310251e+01 3.778016e+00
    endloop
  endfacet
  facet normal 9.858704e-01 -1.675061e-01 1.138788e-03
    outer loop
      vertex   1.013732e+01 1.294370e+01 7.150000e+00
      vertex   1.016820e+01 1.310251e+01 3.778016e+00
      vertex   1.018428e+01 1.322009e+01 7.150000e+00
    endloop
  endfacet
  facet normal 9.928873e-01 -1.190563e-01 -5.841298e-04
    outer loop
      vertex   1.018428e+01 1.322009e+01 7.150000e+00
      vertex   1.016820e+01 1.310251e+01 3.778016e+00
      vertex   1.019204e+01 1.330062e+01 3.920337e+00
    endloop
  endfacet
  facet normal 9.984263e-01 -5.607042e-02 9.996893e-04
    outer loop
      vertex   1.018428e+01 1.322009e+01 7.150000e+00
      vertex   1.019204e+01 1.330062e+01 3.920337e+00
      vertex   1.020000e+01 1.350000e+01 7.150000e+00
    endloop
  endfacet
  facet normal 9.992034e-01 -3.990807e-02 0.000000e+00
    outer loop
      vertex   1.020000e+01 1.350000e+01 7.150000e+00
      vertex   1.019204e+01 1.330062e+01 3.920337e+00
      vertex   1.020000e+01 1.350000e+01 4.057023e+00
    endloop
  endfacet
  facet normal 5.607044e-02 -9.984268e-01 3.047427e-04
    outer loop
      vertex   7.700000e+00 1.100000e+01 -1.400000e+00
      vertex   7.979911e+00 1.101572e+01 -1.400000e+00
      vertex   8.001342e+00 1.101823e+01 2.875000e+00
    endloop
  endfacet
  facet normal 1.675062e-01 -9.858710e-01 -2.612502e-04
    outer loop
      vertex   8.001342e+00 1.101823e+01 2.875000e+00
      vertex   7.979911e+00 1.101572e+01 -1.400000e+00
      vertex   8.256302e+00 1.106268e+01 -1.400000e+00
    endloop
  endfacet
  facet normal 1.802550e-01 -9.836198e-01 5.224955e-04
    outer loop
      vertex   8.001342e+00 1.101823e+01 2.875000e+00
      vertex   8.256302e+00 1.106268e+01 -1.400000e+00
      vertex   8.298289e+00 1.107265e+01 2.875000e+00
    endloop
  endfacet
  facet normal 2.768355e-01 -9.609172e-01 -4.789884e-04
    outer loop
      vertex   8.298289e+00 1.107265e+01 2.875000e+00
      vertex   8.256302e+00 1.106268e+01 -1.400000e+00
      vertex   8.525698e+00 1.114029e+01 -1.400000e+00
    endloop
  endfacet
  facet normal 2.975030e-01 -9.547206e-01 7.184714e-04
    outer loop
      vertex   8.298289e+00 1.107265e+01 2.875000e+00
      vertex   8.525698e+00 1.114029e+01 -1.400000e+00
      vertex   8.586512e+00 1.116246e+01 2.875000e+00
    endloop
  endfacet
  facet normal 3.826834e-01 -9.238793e-01 -6.531984e-04
    outer loop
      vertex   8.586512e+00 1.116246e+01 2.875000e+00
      vertex   8.525698e+00 1.114029e+01 -1.400000e+00
      vertex   8.784709e+00 1.124758e+01 -1.400000e+00
    endloop
  endfacet
  facet normal 4.104126e-01 -9.118995e-01 8.709121e-04
    outer loop
      vertex   8.586512e+00 1.116246e+01 2.875000e+00
      vertex   8.784709e+00 1.124758e+01 -1.400000e+00
      vertex   8.861808e+00 1.128636e+01 2.875000e+00
    endloop
  endfacet
  facet normal 4.837187e-01 -8.752232e-01 -7.838672e-04
    outer loop
      vertex   8.861808e+00 1.128636e+01 2.875000e+00
      vertex   8.784709e+00 1.124758e+01 -1.400000e+00
      vertex   9.030080e+00 1.138319e+01 -1.400000e+00
    endloop
  endfacet
  facet normal 5.173376e-01 -8.557809e-01 9.798064e-04
    outer loop
      vertex   8.861808e+00 1.128636e+01 2.875000e+00
      vertex   9.030080e+00 1.138319e+01 -1.400000e+00
      vertex   9.120162e+00 1.144254e+01 2.875000e+00
    endloop
  endfacet
  facet normal 5.786711e-01 -8.155606e-01 -8.709851e-04
    outer loop
      vertex   9.120162e+00 1.144254e+01 2.875000e+00
      vertex   9.030080e+00 1.138319e+01 -1.400000e+00
      vertex   9.258725e+00 1.154542e+01 -1.400000e+00
    endloop
  endfacet
  facet normal 6.167185e-01 -7.871831e-01 1.045146e-03
    outer loop
      vertex   9.120162e+00 1.144254e+01 2.875000e+00
      vertex   9.258725e+00 1.154542e+01 -1.400000e+00
      vertex   9.357807e+00 1.162872e+01 2.875000e+00
    endloop
  endfacet
  facet normal 6.663463e-01 -7.456419e-01 -9.145457e-04
    outer loop
      vertex   9.357807e+00 1.162872e+01 2.875000e+00
      vertex   9.258725e+00 1.154542e+01 -1.400000e+00
      vertex   9.467767e+00 1.173223e+01 -1.400000e+00
    endloop
  endfacet
  facet normal 7.071064e-01 -7.071064e-01 1.066927e-03
    outer loop
      vertex   9.357807e+00 1.162872e+01 2.875000e+00
      vertex   9.467767e+00 1.173223e+01 -1.400000e+00
      vertex   9.571277e+00 1.184219e+01 2.875000e+00
    endloop
  endfacet
  facet normal 7.456419e-01 -6.663463e-01 -9.145457e-04
    outer loop
      vertex   9.571277e+00 1.184219e+01 2.875000e+00
      vertex   9.467767e+00 1.173223e+01 -1.400000e+00
      vertex   9.654579e+00 1.194128e+01 -1.400000e+00
    endloop
  endfacet
  facet normal 7.764394e-01 -6.301917e-01 5.235270e-04
    outer loop
      vertex   9.571277e+00 1.184219e+01 2.875000e+00
      vertex   9.654579e+00 1.194128e+01 -1.400000e+00
      vertex   9.707180e+00 1.200962e+01 2.858287e+00
    endloop
  endfacet
  facet normal 8.155606e-01 -5.786711e-01 -7.866485e-04
    outer loop
      vertex   9.707180e+00 1.200962e+01 2.858287e+00
      vertex   9.654579e+00 1.194128e+01 -1.400000e+00
      vertex   9.816810e+00 1.216992e+01 -1.400000e+00
    endloop
  endfacet
  facet normal 8.260462e-01 -5.636024e-01 5.054610e-05
    outer loop
      vertex   9.707180e+00 1.200962e+01 2.858287e+00
      vertex   9.816810e+00 1.216992e+01 -1.400000e+00
      vertex   9.819648e+00 1.217445e+01 2.701637e+00
    endloop
  endfacet
  facet normal 8.683233e-01 -4.959987e-01 -5.332529e-05
    outer loop
      vertex   9.819648e+00 1.217445e+01 2.701637e+00
      vertex   9.816810e+00 1.216992e+01 -1.400000e+00
      vertex   9.918613e+00 1.234772e+01 2.544851e+00
    endloop
  endfacet
  facet normal 8.752232e-01 -4.837187e-01 -7.848530e-04
    outer loop
      vertex   9.918613e+00 1.234772e+01 2.544851e+00
      vertex   9.816810e+00 1.216992e+01 -1.400000e+00
      vertex   9.952422e+00 1.241529e+01 -1.400000e+00
    endloop
  endfacet
  facet normal 9.052924e-01 -4.247887e-01 4.823053e-04
    outer loop
      vertex   9.918613e+00 1.234772e+01 2.544851e+00
      vertex   9.952422e+00 1.241529e+01 -1.400000e+00
      vertex   1.000344e+01 1.252833e+01 2.388929e+00
    endloop
  endfacet
  facet normal 9.238790e-01 -3.826832e-01 -1.024128e-03
    outer loop
      vertex   1.000344e+01 1.252833e+01 2.388929e+00
      vertex   9.952422e+00 1.241529e+01 -1.400000e+00
      vertex   1.005971e+01 1.267430e+01 -1.400000e+00
    endloop
  endfacet
  facet normal 9.362542e-01 -3.513232e-01 3.678411e-04
    outer loop
      vertex   1.000344e+01 1.252833e+01 2.388929e+00
      vertex   1.005971e+01 1.267430e+01 -1.400000e+00
      vertex   1.007360e+01 1.271513e+01 2.234863e+00
    endloop
  endfacet
  facet normal 9.609172e-01 -2.768355e-01 -5.630321e-04
    outer loop
      vertex   1.007360e+01 1.271513e+01 2.234863e+00
      vertex   1.005971e+01 1.267430e+01 -1.400000e+00
      vertex   1.013732e+01 1.294370e+01 -1.400000e+00
    endloop
  endfacet
  facet normal 9.611039e-01 -2.761865e-01 -5.189462e-04
    outer loop
      vertex   1.007360e+01 1.271513e+01 2.234863e+00
      vertex   1.013732e+01 1.294370e+01 -1.400000e+00
      vertex   1.012863e+01 1.290693e+01 2.083636e+00
    endloop
  endfacet
  facet normal 9.801990e-01 -1.980146e-01 3.537510e-04
    outer loop
      vertex   1.012863e+01 1.290693e+01 2.083636e+00
      vertex   1.013732e+01 1.294370e+01 -1.400000e+00
      vertex   1.016820e+01 1.310251e+01 1.936210e+00
    endloop
  endfacet
  facet normal 9.858704e-01 -1.675061e-01 -1.150999e-03
    outer loop
      vertex   1.016820e+01 1.310251e+01 1.936210e+00
      vertex   1.013732e+01 1.294370e+01 -1.400000e+00
      vertex   1.018428e+01 1.322009e+01 -1.400000e+00
    endloop
  endfacet
  facet normal 9.928880e-01 -1.190506e-01 5.905957e-04
    outer loop
      vertex   1.016820e+01 1.310251e+01 1.936210e+00
      vertex   1.018428e+01 1.322009e+01 -1.400000e+00
      vertex   1.019204e+01 1.330062e+01 1.793525e+00
    endloop
  endfacet
  facet normal 9.984263e-01 -5.607042e-02 -1.011002e-03
    outer loop
      vertex   1.019204e+01 1.330062e+01 1.793525e+00
      vertex   1.018428e+01 1.322009e+01 -1.400000e+00
      vertex   1.020000e+01 1.350000e+01 -1.400000e+00
    endloop
  endfacet
  facet normal 9.992034e-01 -3.990807e-02 0.000000e+00
    outer loop
      vertex   1.019204e+01 1.330062e+01 1.793525e+00
      vertex   1.020000e+01 1.350000e+01 -1.400000e+00
      vertex   1.020000e+01 1.350000e+01 1.656490e+00
    endloop
  endfacet
  facet normal 3.219858e-01 5.274853e-01 7.861835e-01
    outer loop
      vertex   9.707180e+00 1.200962e+01 2.858287e+00
      vertex   9.819648e+00 1.217445e+01 2.701637e+00
      vertex   6.432805e+00 1.400836e+01 2.858287e+00
    endloop
  endfacet
  facet normal 3.219858e-01 5.274853e-01 7.861835e-01
    outer loop
      vertex   6.432805e+00 1.400836e+01 2.858287e+00
      vertex   9.819648e+00 1.217445e+01 2.701637e+00
      vertex   9.918613e+00 1.234772e+01 2.544851e+00
    endloop
  endfacet
  facet normal 3.219858e-01 5.274853e-01 7.861835e-01
    outer loop
      vertex   6.432805e+00 1.400836e+01 2.858287e+00
      vertex   9.918613e+00 1.234772e+01 2.544851e+00
      vertex   1.000344e+01 1.252833e+01 2.388929e+00
    endloop
  endfacet
  facet normal 3.219858e-01 5.274853e-01 7.861835e-01
    outer loop
      vertex   1.000344e+01 1.252833e+01 2.388929e+00
      vertex   1.007360e+01 1.271513e+01 2.234863e+00
      vertex   6.432805e+00 1.400836e+01 2.858287e+00
    endloop
  endfacet
  facet normal 3.219858e-01 5.274853e-01 7.861835e-01
    outer loop
      vertex   6.432805e+00 1.400836e+01 2.858287e+00
      vertex   1.007360e+01 1.271513e+01 2.234863e+00
      vertex   1.012863e+01 1.290693e+01 2.083636e+00
    endloop
  endfacet
  facet normal 3.219858e-01 5.274853e-01 7.861835e-01
    outer loop
      vertex   6.432805e+00 1.400836e+01 2.858287e+00
      vertex   1.012863e+01 1.290693e+01 2.083636e+00
      vertex   1.016820e+01 1.310251e+01 1.936210e+00
    endloop
  endfacet
  facet normal 3.219858e-01 5.274853e-01 7.861835e-01
    outer loop
      vertex   6.432805e+00 1.400836e+01 2.858287e+00
      vertex   1.016820e+01 1.310251e+01 1.936210e+00
      vertex   7.142012e+00 1.547876e+01 1.581267e+00
    endloop
  endfacet
  facet normal 3.219858e-01 5.274853e-01 7.861835e-01
    outer loop
      vertex   7.142012e+00 1.547876e+01 1.581267e+00
      vertex   1.016820e+01 1.310251e+01 1.936210e+00
      vertex   1.019204e+01 1.330062e+01 1.793525e+00
    endloop
  endfacet
  facet normal 3.219858e-01 5.274853e-01 7.861835e-01
    outer loop
      vertex   7.142012e+00 1.547876e+01 1.581267e+00
      vertex   1.019204e+01 1.330062e+01 1.793525e+00
      vertex   1.020000e+01 1.350000e+01 1.656490e+00
    endloop
  endfacet
  facet normal 3.219858e-01 5.274853e-01 7.861835e-01
    outer loop
      vertex   1.020000e+01 1.350000e+01 1.656490e+00
      vertex   1.020000e+01 1.361212e+01 1.581267e+00
      vertex   7.142012e+00 1.547876e+01 1.581267e+00
    endloop
  endfacet
  facet normal 1.000000e+00 0.000000e+00 0.000000e+00
    outer loop
      vertex   1.020000e+01 1.350000e+01 4.057023e+00
      vertex   1.020000e+01 1.361207e+01 4.132027e+00
      vertex   1.020000e+01 1.350000e+01 7.150000e+00
    endloop
  endfacet
  facet normal 1.000000e+00 -0.000000e+00 0.000000e+00
    outer loop
      vertex   1.020000e+01 1.350000e+01 7.150000e+00
      vertex   1.020000e+01 1.361207e+01 4.132027e+00
      vertex   1.020000e+01 1.366765e+01 7.150000e+00
    endloop
  endfacet
  facet normal 1.000000e+00 0.000000e+00 0.000000e+00
    outer loop
      vertex   1.020000e+01 1.366765e+01 7.150000e+00
      vertex   1.020000e+01 1.361207e+01 4.132027e+00
      vertex   1.020000e+01 1.365007e+01 4.106673e+00
    endloop
  endfacet
  facet normal 1.000000e+00 0.000000e+00 0.000000e+00
    outer loop
      vertex   1.020000e+01 1.366765e+01 7.150000e+00
      vertex   1.020000e+01 1.365007e+01 4.106673e+00
      vertex   1.020000e+01 1.366765e+01 4.106673e+00
    endloop
  endfacet
  facet normal 1.000000e+00 0.000000e+00 0.000000e+00
    outer loop
      vertex   1.020000e+01 1.350000e+01 1.656490e+00
      vertex   1.020000e+01 1.350000e+01 -1.400000e+00
      vertex   1.020000e+01 1.361212e+01 1.581267e+00
    endloop
  endfacet
  facet normal 1.000000e+00 0.000000e+00 0.000000e+00
    outer loop
      vertex   1.020000e+01 1.361212e+01 1.581267e+00
      vertex   1.020000e+01 1.350000e+01 -1.400000e+00
      vertex   1.020000e+01 1.366765e+01 -1.400000e+00
    endloop
  endfacet
  facet normal 1.000000e+00 -0.000000e+00 0.000000e+00
    outer loop
      vertex   1.020000e+01 1.361212e+01 1.581267e+00
      vertex   1.020000e+01 1.366765e+01 -1.400000e+00
      vertex   1.020000e+01 1.364987e+01 1.606673e+00
    endloop
  endfacet
  facet normal 1.000000e+00 -0.000000e+00 0.000000e+00
    outer loop
      vertex   1.020000e+01 1.364987e+01 1.606673e+00
      vertex   1.020000e+01 1.366765e+01 -1.400000e+00
      vertex   1.020000e+01 1.366765e+01 1.606673e+00
    endloop
  endfacet
  facet normal -3.208941e-01 -5.256968e-01 -7.878261e-01
    outer loop
      vertex   1.020000e+01 1.361207e+01 4.132027e+00
      vertex   7.141997e+00 1.547873e+01 4.132027e+00
      vertex   1.020000e+01 1.365007e+01 4.106673e+00
    endloop
  endfacet
  facet normal -3.208941e-01 -5.256968e-01 -7.878261e-01
    outer loop
      vertex   1.020000e+01 1.365007e+01 4.106673e+00
      vertex   7.141997e+00 1.547873e+01 4.132027e+00
      vertex   7.156155e+00 1.550808e+01 4.106673e+00
    endloop
  endfacet
  facet normal 0.000000e+00 0.000000e+00 -1.000000e+00
    outer loop
      vertex   1.020000e+01 1.365007e+01 4.106673e+00
      vertex   7.156155e+00 1.550808e+01 4.106673e+00
      vertex   1.020000e+01 1.366765e+01 4.106673e+00
    endloop
  endfacet
  facet normal 0.000000e+00 0.000000e+00 -1.000000e+00
    outer loop
      vertex   1.020000e+01 1.366765e+01 4.106673e+00
      vertex   7.156155e+00 1.550808e+01 4.106673e+00
      vertex   7.162705e+00 1.552166e+01 4.106673e+00
    endloop
  endfacet
  facet normal 9.007060e-01 -4.344292e-01 -1.131457e-17
    outer loop
      vertex   7.162705e+00 1.552166e+01 4.106673e+00
      vertex   7.156155e+00 1.550808e+01 4.106673e+00
      vertex   7.162705e+00 1.552166e+01 1.606673e+00
    endloop
  endfacet
  facet normal 9.007060e-01 -4.344292e-01 -1.200350e-15
    outer loop
      vertex   7.162705e+00 1.552166e+01 1.606673e+00
      vertex   7.156155e+00 1.550808e+01 4.106673e+00
      vertex   7.156081e+00 1.550793e+01 1.606673e+00
    endloop
  endfacet
  facet normal 9.007060e-01 -4.344292e-01 -1.205019e-15
    outer loop
      vertex   7.156081e+00 1.550793e+01 1.606673e+00
      vertex   7.156155e+00 1.550808e+01 4.106673e+00
      vertex   7.141997e+00 1.547873e+01 4.132027e+00
    endloop
  endfacet
  facet normal 9.007060e-01 -4.344292e-01 -7.264787e-16
    outer loop
      vertex   7.156081e+00 1.550793e+01 1.606673e+00
      vertex   7.141997e+00 1.547873e+01 4.132027e+00
      vertex   7.142012e+00 1.547876e+01 1.581267e+00
    endloop
  endfacet
  facet normal 9.007060e-01 -4.344292e-01 -7.263936e-16
    outer loop
      vertex   7.142012e+00 1.547876e+01 1.581267e+00
      vertex   7.141997e+00 1.547873e+01 4.132027e+00
      vertex   6.432805e+00 1.400836e+01 2.858287e+00
    endloop
  endfacet
  facet normal 3.214781e-01 5.266535e-01 -7.869485e-01
    outer loop
      vertex   1.020000e+01 1.361207e+01 4.132027e+00
      vertex   1.020000e+01 1.350000e+01 4.057023e+00
      vertex   7.141997e+00 1.547873e+01 4.132027e+00
    endloop
  endfacet
  facet normal 3.214781e-01 5.266535e-01 -7.869485e-01
    outer loop
      vertex   7.141997e+00 1.547873e+01 4.132027e+00
      vertex   1.020000e+01 1.350000e+01 4.057023e+00
      vertex   1.019204e+01 1.330062e+01 3.920337e+00
    endloop
  endfacet
  facet normal 3.214781e-01 5.266535e-01 -7.869485e-01
    outer loop
      vertex   7.141997e+00 1.547873e+01 4.132027e+00
      vertex   1.019204e+01 1.330062e+01 3.920337e+00
      vertex   1.016820e+01 1.310251e+01 3.778016e+00
    endloop
  endfacet
  facet normal 3.214781e-01 5.266535e-01 -7.869485e-01
    outer loop
      vertex   7.141997e+00 1.547873e+01 4.132027e+00
      vertex   1.016820e+01 1.310251e+01 3.778016e+00
      vertex   6.432805e+00 1.400836e+01 2.858287e+00
    endloop
  endfacet
  facet normal 3.214781e-01 5.266535e-01 -7.869485e-01
    outer loop
      vertex   6.432805e+00 1.400836e+01 2.858287e+00
      vertex   1.016820e+01 1.310251e+01 3.778016e+00
      vertex   1.012863e+01 1.290693e+01 3.630965e+00
    endloop
  endfacet
  facet normal 3.214781e-01 5.266535e-01 -7.869485e-01
    outer loop
      vertex   6.432805e+00 1.400836e+01 2.858287e+00
      vertex   1.012863e+01 1.290693e+01 3.630965e+00
      vertex   1.007360e+01 1.271513e+01 3.480123e+00
    endloop
  endfacet
  facet normal 3.214781e-01 5.266535e-01 -7.869485e-01
    outer loop
      vertex   1.007360e+01 1.271513e+01 3.480123e+00
      vertex   1.000344e+01 1.252833e+01 3.326450e+00
      vertex   6.432805e+00 1.400836e+01 2.858287e+00
    endloop
  endfacet
  facet normal 3.214781e-01 5.266535e-01 -7.869485e-01
    outer loop
      vertex   6.432805e+00 1.400836e+01 2.858287e+00
      vertex   1.000344e+01 1.252833e+01 3.326450e+00
      vertex   9.918613e+00 1.234772e+01 3.170925e+00
    endloop
  endfacet
  facet normal 3.214781e-01 5.266535e-01 -7.869485e-01
    outer loop
      vertex   6.432805e+00 1.400836e+01 2.858287e+00
      vertex   9.918613e+00 1.234772e+01 3.170925e+00
      vertex   9.819648e+00 1.217445e+01 3.014539e+00
    endloop
  endfacet
  facet normal 3.214781e-01 5.266535e-01 -7.869485e-01
    outer loop
      vertex   9.819648e+00 1.217445e+01 3.014539e+00
      vertex   9.707180e+00 1.200962e+01 2.858287e+00
      vertex   6.432805e+00 1.400836e+01 2.858287e+00
    endloop
  endfacet
  facet normal 0.000000e+00 -0.000000e+00 1.000000e+00
    outer loop
      vertex   1.020000e+01 1.364987e+01 1.606673e+00
      vertex   1.020000e+01 1.366765e+01 1.606673e+00
      vertex   7.156081e+00 1.550793e+01 1.606673e+00
    endloop
  endfacet
  facet normal -0.000000e+00 0.000000e+00 1.000000e+00
    outer loop
      vertex   7.156081e+00 1.550793e+01 1.606673e+00
      vertex   1.020000e+01 1.366765e+01 1.606673e+00
      vertex   7.162705e+00 1.552166e+01 1.606673e+00
    endloop
  endfacet
  facet normal -3.225661e-01 -5.284360e-01 7.853066e-01
    outer loop
      vertex   1.020000e+01 1.361212e+01 1.581267e+00
      vertex   1.020000e+01 1.364987e+01 1.606673e+00
      vertex   7.142012e+00 1.547876e+01 1.581267e+00
    endloop
  endfacet
  facet normal -3.225661e-01 -5.284360e-01 7.853066e-01
    outer loop
      vertex   7.142012e+00 1.547876e+01 1.581267e+00
      vertex   1.020000e+01 1.364987e+01 1.606673e+00
      vertex   7.156081e+00 1.550793e+01 1.606673e+00
    endloop
  endfacet
  facet normal 5.210184e-01 8.535455e-01 -1.464126e-15
    outer loop
      vertex   7.162705e+00 1.552166e+01 4.106673e+00
      vertex   8.663618e+00 1.460548e+01 5.300000e+00
      vertex   1.020000e+01 1.366765e+01 4.106673e+00
    endloop
  endfacet
  facet normal 5.210184e-01 8.535455e-01 -7.997516e-15
    outer loop
      vertex   1.020000e+01 1.366765e+01 4.106673e+00
      vertex   8.663618e+00 1.460548e+01 5.300000e+00
      vertex   8.763029e+00 1.454480e+01 5.315333e+00
    endloop
  endfacet
  facet normal 5.210184e-01 8.535455e-01 3.220198e-15
    outer loop
      vertex   1.020000e+01 1.366765e+01 4.106673e+00
      vertex   8.763029e+00 1.454480e+01 5.315333e+00
      vertex   8.855666e+00 1.448825e+01 5.360289e+00
    endloop
  endfacet
  facet normal 5.210184e-01 8.535455e-01 -7.915834e-16
    outer loop
      vertex   7.162705e+00 1.552166e+01 1.606673e+00
      vertex   4.249388e+00 1.730000e+01 -1.400000e+00
      vertex   7.162705e+00 1.552166e+01 4.106673e+00
    endloop
  endfacet
  facet normal 5.210184e-01 8.535455e-01 -3.652198e-16
    outer loop
      vertex   7.162705e+00 1.552166e+01 4.106673e+00
      vertex   4.249388e+00 1.730000e+01 -1.400000e+00
      vertex   4.249388e+00 1.730000e+01 7.150000e+00
    endloop
  endfacet
  facet normal 5.210184e-01 8.535455e-01 -4.425307e-16
    outer loop
      vertex   7.162705e+00 1.552166e+01 4.106673e+00
      vertex   4.249388e+00 1.730000e+01 7.150000e+00
      vertex   8.292610e+00 1.483195e+01 5.866469e+00
    endloop
  endfacet
  facet normal 5.210184e-01 8.535455e-01 4.756890e-15
    outer loop
      vertex   8.292610e+00 1.483195e+01 5.866469e+00
      vertex   4.249388e+00 1.730000e+01 7.150000e+00
      vertex   8.330982e+00 1.480853e+01 5.975000e+00
    endloop
  endfacet
  facet normal 5.210184e-01 8.535455e-01 -1.488137e-14
    outer loop
      vertex   8.330982e+00 1.480853e+01 5.975000e+00
      vertex   4.249388e+00 1.730000e+01 7.150000e+00
      vertex   8.392022e+00 1.477127e+01 6.068198e+00
    endloop
  endfacet
  facet normal 5.210184e-01 8.535455e-01 1.803244e-14
    outer loop
      vertex   8.392022e+00 1.477127e+01 6.068198e+00
      vertex   4.249388e+00 1.730000e+01 7.150000e+00
      vertex   8.471570e+00 1.472271e+01 6.139711e+00
    endloop
  endfacet
  facet normal 5.210184e-01 8.535455e-01 -5.015687e-15
    outer loop
      vertex   8.471570e+00 1.472271e+01 6.139711e+00
      vertex   4.249388e+00 1.730000e+01 7.150000e+00
      vertex   8.564207e+00 1.466616e+01 6.184667e+00
    endloop
  endfacet
  facet normal 5.210184e-01 8.535455e-01 -7.918432e-16
    outer loop
      vertex   8.564207e+00 1.466616e+01 6.184667e+00
      vertex   4.249388e+00 1.730000e+01 7.150000e+00
      vertex   1.020000e+01 1.366765e+01 7.150000e+00
    endloop
  endfacet
  facet normal 5.210184e-01 8.535455e-01 -6.801440e-14
    outer loop
      vertex   8.564207e+00 1.466616e+01 6.184667e+00
      vertex   1.020000e+01 1.366765e+01 7.150000e+00
      vertex   8.663618e+00 1.460548e+01 6.200000e+00
    endloop
  endfacet
  facet normal 5.210184e-01 8.535455e-01 3.473331e-14
    outer loop
      vertex   8.663618e+00 1.460548e+01 6.200000e+00
      vertex   1.020000e+01 1.366765e+01 7.150000e+00
      vertex   8.763029e+00 1.454480e+01 6.184667e+00
    endloop
  endfacet
  facet normal 5.210184e-01 8.535455e-01 -6.152440e-15
    outer loop
      vertex   8.763029e+00 1.454480e+01 6.184667e+00
      vertex   1.020000e+01 1.366765e+01 7.150000e+00
      vertex   8.855666e+00 1.448825e+01 6.139711e+00
    endloop
  endfacet
  facet normal 5.210184e-01 8.535455e-01 9.865225e-15
    outer loop
      vertex   8.855666e+00 1.448825e+01 6.139711e+00
      vertex   1.020000e+01 1.366765e+01 7.150000e+00
      vertex   8.935215e+00 1.443969e+01 6.068198e+00
    endloop
  endfacet
  facet normal 5.210184e-01 8.535455e-01 -3.284846e-15
    outer loop
      vertex   8.935215e+00 1.443969e+01 6.068198e+00
      vertex   1.020000e+01 1.366765e+01 7.150000e+00
      vertex   8.996255e+00 1.440243e+01 5.975000e+00
    endloop
  endfacet
  facet normal 5.210184e-01 8.535455e-01 -4.078075e-15
    outer loop
      vertex   8.996255e+00 1.440243e+01 5.975000e+00
      vertex   1.020000e+01 1.366765e+01 7.150000e+00
      vertex   9.034626e+00 1.437901e+01 5.866469e+00
    endloop
  endfacet
  facet normal 5.210184e-01 8.535455e-01 3.368503e-15
    outer loop
      vertex   9.034626e+00 1.437901e+01 5.866469e+00
      vertex   1.020000e+01 1.366765e+01 7.150000e+00
      vertex   9.047714e+00 1.437102e+01 5.750000e+00
    endloop
  endfacet
  facet normal 5.210184e-01 8.535455e-01 -9.998378e-16
    outer loop
      vertex   9.047714e+00 1.437102e+01 5.750000e+00
      vertex   1.020000e+01 1.366765e+01 7.150000e+00
      vertex   1.020000e+01 1.366765e+01 4.106673e+00
    endloop
  endfacet
  facet normal 5.210184e-01 8.535455e-01 -3.556353e-15
    outer loop
      vertex   9.047714e+00 1.437102e+01 5.750000e+00
      vertex   1.020000e+01 1.366765e+01 4.106673e+00
      vertex   9.034626e+00 1.437901e+01 5.633531e+00
    endloop
  endfacet
  facet normal 5.210184e-01 8.535455e-01 3.248279e-15
    outer loop
      vertex   9.034626e+00 1.437901e+01 5.633531e+00
      vertex   1.020000e+01 1.366765e+01 4.106673e+00
      vertex   8.996255e+00 1.440243e+01 5.525000e+00
    endloop
  endfacet
  facet normal 5.210184e-01 8.535455e-01 -1.066763e-14
    outer loop
      vertex   8.996255e+00 1.440243e+01 5.525000e+00
      vertex   1.020000e+01 1.366765e+01 4.106673e+00
      vertex   8.935215e+00 1.443969e+01 5.431802e+00
    endloop
  endfacet
  facet normal 5.210184e-01 8.535455e-01 1.034175e-14
    outer loop
      vertex   8.935215e+00 1.443969e+01 5.431802e+00
      vertex   1.020000e+01 1.366765e+01 4.106673e+00
      vertex   8.855666e+00 1.448825e+01 5.360289e+00
    endloop
  endfacet
  facet normal 5.210184e-01 8.535455e-01 -1.078945e-16
    outer loop
      vertex   1.020000e+01 1.366765e+01 1.606673e+00
      vertex   8.663618e+00 1.460548e+01 4.500000e-01
      vertex   7.162705e+00 1.552166e+01 1.606673e+00
    endloop
  endfacet
  facet normal 5.210184e-01 8.535455e-01 5.493469e-15
    outer loop
      vertex   7.162705e+00 1.552166e+01 1.606673e+00
      vertex   8.663618e+00 1.460548e+01 4.500000e-01
      vertex   8.564207e+00 1.466616e+01 4.346666e-01
    endloop
  endfacet
  facet normal 5.210184e-01 8.535455e-01 9.941557e-15
    outer loop
      vertex   7.162705e+00 1.552166e+01 1.606673e+00
      vertex   8.564207e+00 1.466616e+01 4.346666e-01
      vertex   8.471570e+00 1.472271e+01 3.897114e-01
    endloop
  endfacet
  facet normal 5.210184e-01 8.535455e-01 -0.000000e+00
    outer loop
      vertex   1.020000e+01 1.366765e+01 -1.400000e+00
      vertex   9.047714e+00 1.437102e+01 5.719659e-16
      vertex   1.020000e+01 1.366765e+01 1.606673e+00
    endloop
  endfacet
  facet normal 5.210184e-01 8.535455e-01 3.052272e-15
    outer loop
      vertex   1.020000e+01 1.366765e+01 1.606673e+00
      vertex   9.047714e+00 1.437102e+01 5.719659e-16
      vertex   9.034626e+00 1.437901e+01 1.164686e-01
    endloop
  endfacet
  facet normal 5.210184e-01 8.535455e-01 -1.289913e-14
    outer loop
      vertex   1.020000e+01 1.366765e+01 1.606673e+00
      vertex   9.034626e+00 1.437901e+01 1.164686e-01
      vertex   8.996255e+00 1.440243e+01 2.250000e-01
    endloop
  endfacet
  facet normal 5.210184e-01 8.535455e-01 -1.055791e-15
    outer loop
      vertex   4.249388e+00 1.730000e+01 -1.400000e+00
      vertex   8.564207e+00 1.466616e+01 -4.346666e-01
      vertex   1.020000e+01 1.366765e+01 -1.400000e+00
    endloop
  endfacet
  facet normal 5.210184e-01 8.535455e-01 -2.673785e-14
    outer loop
      vertex   1.020000e+01 1.366765e+01 -1.400000e+00
      vertex   8.564207e+00 1.466616e+01 -4.346666e-01
      vertex   8.663618e+00 1.460548e+01 -4.500000e-01
    endloop
  endfacet
  facet normal 5.210184e-01 8.535455e-01 -8.030824e-15
    outer loop
      vertex   1.020000e+01 1.366765e+01 -1.400000e+00
      vertex   8.663618e+00 1.460548e+01 -4.500000e-01
      vertex   8.763029e+00 1.454480e+01 -4.346666e-01
    endloop
  endfacet
  facet normal 5.210184e-01 8.535455e-01 -2.426183e-15
    outer loop
      vertex   8.471570e+00 1.472271e+01 3.897114e-01
      vertex   8.392022e+00 1.477127e+01 3.181981e-01
      vertex   7.162705e+00 1.552166e+01 1.606673e+00
    endloop
  endfacet
  facet normal 5.210184e-01 8.535455e-01 3.433101e-15
    outer loop
      vertex   7.162705e+00 1.552166e+01 1.606673e+00
      vertex   8.392022e+00 1.477127e+01 3.181981e-01
      vertex   8.330982e+00 1.480853e+01 2.250000e-01
    endloop
  endfacet
  facet normal 5.210184e-01 8.535455e-01 3.689077e-15
    outer loop
      vertex   7.162705e+00 1.552166e+01 1.606673e+00
      vertex   8.330982e+00 1.480853e+01 2.250000e-01
      vertex   8.292610e+00 1.483195e+01 1.164686e-01
    endloop
  endfacet
  facet normal 5.210184e-01 8.535455e-01 -3.194512e-15
    outer loop
      vertex   8.292610e+00 1.483195e+01 1.164686e-01
      vertex   8.279523e+00 1.483994e+01 -6.270749e-16
      vertex   7.162705e+00 1.552166e+01 1.606673e+00
    endloop
  endfacet
  facet normal 5.210184e-01 8.535455e-01 4.345054e-15
    outer loop
      vertex   7.162705e+00 1.552166e+01 1.606673e+00
      vertex   8.279523e+00 1.483994e+01 -6.270749e-16
      vertex   8.292610e+00 1.483195e+01 -1.164686e-01
    endloop
  endfacet
  facet normal 5.210184e-01 8.535455e-01 7.655477e-16
    outer loop
      vertex   7.162705e+00 1.552166e+01 1.606673e+00
      vertex   8.292610e+00 1.483195e+01 -1.164686e-01
      vertex   4.249388e+00 1.730000e+01 -1.400000e+00
    endloop
  endfacet
  facet normal 5.210184e-01 8.535455e-01 -9.319621e-15
    outer loop
      vertex   4.249388e+00 1.730000e+01 -1.400000e+00
      vertex   8.292610e+00 1.483195e+01 -1.164686e-01
      vertex   8.330982e+00 1.480853e+01 -2.250000e-01
    endloop
  endfacet
  facet normal 5.210184e-01 8.535455e-01 0.000000e+00
    outer loop
      vertex   4.249388e+00 1.730000e+01 -1.400000e+00
      vertex   8.330982e+00 1.480853e+01 -2.250000e-01
      vertex   8.392022e+00 1.477127e+01 -3.181981e-01
    endloop
  endfacet
  facet normal 5.210184e-01 8.535455e-01 1.468621e-14
    outer loop
      vertex   8.392022e+00 1.477127e+01 -3.181981e-01
      vertex   8.471570e+00 1.472271e+01 -3.897114e-01
      vertex   4.249388e+00 1.730000e+01 -1.400000e+00
    endloop
  endfacet
  facet normal 5.210184e-01 8.535455e-01 -1.605020e-14
    outer loop
      vertex   4.249388e+00 1.730000e+01 -1.400000e+00
      vertex   8.471570e+00 1.472271e+01 -3.897114e-01
      vertex   8.564207e+00 1.466616e+01 -4.346666e-01
    endloop
  endfacet
  facet normal 5.210184e-01 8.535455e-01 4.152897e-15
    outer loop
      vertex   8.763029e+00 1.454480e+01 -4.346666e-01
      vertex   8.855666e+00 1.448825e+01 -3.897114e-01
      vertex   1.020000e+01 1.366765e+01 -1.400000e+00
    endloop
  endfacet
  facet normal 5.210184e-01 8.535455e-01 0.000000e+00
    outer loop
      vertex   1.020000e+01 1.366765e+01 -1.400000e+00
      vertex   8.855666e+00 1.448825e+01 -3.897114e-01
      vertex   8.935215e+00 1.443969e+01 -3.181981e-01
    endloop
  endfacet
  facet normal 5.210184e-01 8.535455e-01 9.274858e-15
    outer loop
      vertex   1.020000e+01 1.366765e+01 -1.400000e+00
      vertex   8.935215e+00 1.443969e+01 -3.181981e-01
      vertex   8.996255e+00 1.440243e+01 -2.250000e-01
    endloop
  endfacet
  facet normal 5.210184e-01 8.535455e-01 -6.504697e-15
    outer loop
      vertex   8.996255e+00 1.440243e+01 -2.250000e-01
      vertex   9.034626e+00 1.437901e+01 -1.164686e-01
      vertex   1.020000e+01 1.366765e+01 -1.400000e+00
    endloop
  endfacet
  facet normal 5.210184e-01 8.535455e-01 -3.106400e-15
    outer loop
      vertex   1.020000e+01 1.366765e+01 -1.400000e+00
      vertex   9.034626e+00 1.437901e+01 -1.164686e-01
      vertex   9.047714e+00 1.437102e+01 5.719659e-16
    endloop
  endfacet
  facet normal 5.210184e-01 8.535455e-01 1.109045e-14
    outer loop
      vertex   8.996255e+00 1.440243e+01 2.250000e-01
      vertex   8.935215e+00 1.443969e+01 3.181981e-01
      vertex   1.020000e+01 1.366765e+01 1.606673e+00
    endloop
  endfacet
  facet normal 5.210184e-01 8.535455e-01 0.000000e+00
    outer loop
      vertex   1.020000e+01 1.366765e+01 1.606673e+00
      vertex   8.935215e+00 1.443969e+01 3.181981e-01
      vertex   8.855666e+00 1.448825e+01 3.897114e-01
    endloop
  endfacet
  facet normal 5.210184e-01 8.535455e-01 3.283340e-15
    outer loop
      vertex   1.020000e+01 1.366765e+01 1.606673e+00
      vertex   8.855666e+00 1.448825e+01 3.897114e-01
      vertex   8.763029e+00 1.454480e+01 4.346666e-01
    endloop
  endfacet
  facet normal 5.210184e-01 8.535455e-01 2.171662e-14
    outer loop
      vertex   8.763029e+00 1.454480e+01 4.346666e-01
      vertex   8.663618e+00 1.460548e+01 4.500000e-01
      vertex   1.020000e+01 1.366765e+01 1.606673e+00
    endloop
  endfacet
  facet normal 5.210184e-01 8.535455e-01 -4.623380e-15
    outer loop
      vertex   8.292610e+00 1.483195e+01 5.866469e+00
      vertex   8.279523e+00 1.483994e+01 5.750000e+00
      vertex   7.162705e+00 1.552166e+01 4.106673e+00
    endloop
  endfacet
  facet normal 5.210184e-01 8.535455e-01 3.125793e-15
    outer loop
      vertex   7.162705e+00 1.552166e+01 4.106673e+00
      vertex   8.279523e+00 1.483994e+01 5.750000e+00
      vertex   8.292610e+00 1.483195e+01 5.633531e+00
    endloop
  endfacet
  facet normal 5.210184e-01 8.535455e-01 -7.320891e-15
    outer loop
      vertex   7.162705e+00 1.552166e+01 4.106673e+00
      vertex   8.292610e+00 1.483195e+01 5.633531e+00
      vertex   8.330982e+00 1.480853e+01 5.525000e+00
    endloop
  endfacet
  facet normal 5.210184e-01 8.535455e-01 8.181487e-16
    outer loop
      vertex   8.330982e+00 1.480853e+01 5.525000e+00
      vertex   8.392022e+00 1.477127e+01 5.431802e+00
      vertex   7.162705e+00 1.552166e+01 4.106673e+00
    endloop
  endfacet
  facet normal 5.210184e-01 8.535455e-01 8.823103e-15
    outer loop
      vertex   7.162705e+00 1.552166e+01 4.106673e+00
      vertex   8.392022e+00 1.477127e+01 5.431802e+00
      vertex   8.471570e+00 1.472271e+01 5.360289e+00
    endloop
  endfacet
  facet normal 5.210184e-01 8.535455e-01 -5.415906e-15
    outer loop
      vertex   7.162705e+00 1.552166e+01 4.106673e+00
      vertex   8.471570e+00 1.472271e+01 5.360289e+00
      vertex   8.564207e+00 1.466616e+01 5.315333e+00
    endloop
  endfacet
  facet normal 5.210184e-01 8.535455e-01 4.181366e-15
    outer loop
      vertex   8.564207e+00 1.466616e+01 5.315333e+00
      vertex   8.663618e+00 1.460548e+01 5.300000e+00
      vertex   7.162705e+00 1.552166e+01 4.106673e+00
    endloop
  endfacet
  facet normal 8.494354e-01 -5.185095e-01 -9.801714e-02
    outer loop
      vertex   5.945690e+00 1.100000e+01 5.837791e+00
      vertex   5.935560e+00 1.100000e+01 5.750000e+00
      vertex   7.107541e+00 1.291997e+01 5.750000e+00
    endloop
  endfacet
  facet normal 8.494354e-01 -5.185095e-01 9.801714e-02
    outer loop
      vertex   7.107541e+00 1.291997e+01 5.750000e+00
      vertex   5.935560e+00 1.100000e+01 5.750000e+00
      vertex   5.945690e+00 1.100000e+01 5.662209e+00
    endloop
  endfacet
  facet normal 8.455724e-01 -5.176584e-01 1.305261e-01
    outer loop
      vertex   7.107541e+00 1.291997e+01 5.750000e+00
      vertex   5.945690e+00 1.100000e+01 5.662209e+00
      vertex   7.120629e+00 1.291198e+01 5.633531e+00
    endloop
  endfacet
  facet normal 8.172022e-01 -4.978260e-01 2.904304e-01
    outer loop
      vertex   7.120629e+00 1.291198e+01 5.633531e+00
      vertex   5.945690e+00 1.100000e+01 5.662209e+00
      vertex   5.975692e+00 1.100000e+01 5.577792e+00
    endloop
  endfacet
  facet normal 7.876719e-01 -4.828320e-01 3.826829e-01
    outer loop
      vertex   7.120629e+00 1.291198e+01 5.633531e+00
      vertex   5.975692e+00 1.100000e+01 5.577792e+00
      vertex   7.159000e+00 1.288856e+01 5.525000e+00
    endloop
  endfacet
  facet normal 7.531125e-01 -4.586921e-01 4.716175e-01
    outer loop
      vertex   7.159000e+00 1.288856e+01 5.525000e+00
      vertex   5.975692e+00 1.100000e+01 5.577792e+00
      vertex   6.024412e+00 1.100000e+01 5.499993e+00
    endloop
  endfacet
  facet normal 6.764800e-01 -4.144696e-01 6.087609e-01
    outer loop
      vertex   7.159000e+00 1.288856e+01 5.525000e+00
      vertex   6.024412e+00 1.100000e+01 5.499993e+00
      vertex   7.220040e+00 1.285130e+01 5.431802e+00
    endloop
  endfacet
  facet normal 6.597996e-01 -4.027527e-01 6.343933e-01
    outer loop
      vertex   7.220040e+00 1.285130e+01 5.431802e+00
      vertex   6.024412e+00 1.100000e+01 5.499993e+00
      vertex   6.089977e+00 1.100000e+01 5.431802e+00
    endloop
  endfacet
  facet normal 5.414835e-01 -3.305306e-01 7.730105e-01
    outer loop
      vertex   7.220040e+00 1.285130e+01 5.431802e+00
      vertex   6.089977e+00 1.100000e+01 5.431802e+00
      vertex   6.169869e+00 1.100000e+01 5.375839e+00
    endloop
  endfacet
  facet normal 5.188982e-01 -3.183337e-01 7.933526e-01
    outer loop
      vertex   7.220040e+00 1.285130e+01 5.431802e+00
      vertex   6.169869e+00 1.100000e+01 5.375839e+00
      vertex   7.299589e+00 1.280274e+01 5.360289e+00
    endloop
  endfacet
  facet normal 4.024639e-01 -2.446021e-01 8.821523e-01
    outer loop
      vertex   7.299589e+00 1.280274e+01 5.360289e+00
      vertex   6.169869e+00 1.100000e+01 5.375839e+00
      vertex   6.261017e+00 1.100000e+01 5.334254e+00
    endloop
  endfacet
  facet normal 3.256727e-01 -2.009647e-01 9.238779e-01
    outer loop
      vertex   7.299589e+00 1.280274e+01 5.360289e+00
      vertex   6.261017e+00 1.100000e+01 5.334254e+00
      vertex   7.392226e+00 1.274619e+01 5.315333e+00
    endloop
  endfacet
  facet normal 2.478124e-01 -1.501657e-01 9.570994e-01
    outer loop
      vertex   7.392226e+00 1.274619e+01 5.315333e+00
      vertex   6.261017e+00 1.100000e+01 5.334254e+00
      vertex   6.359919e+00 1.100000e+01 5.308647e+00
    endloop
  endfacet
  facet normal 1.106685e-01 -6.922109e-02 9.914439e-01
    outer loop
      vertex   7.392226e+00 1.274619e+01 5.315333e+00
      vertex   6.359919e+00 1.100000e+01 5.308647e+00
      vertex   7.491637e+00 1.268551e+01 5.300000e+00
    endloop
  endfacet
  facet normal 8.366209e-02 -5.106873e-02 9.951847e-01
    outer loop
      vertex   7.491637e+00 1.268551e+01 5.300000e+00
      vertex   6.359919e+00 1.100000e+01 5.308647e+00
      vertex   6.462773e+00 1.100000e+01 5.300000e+00
    endloop
  endfacet
  facet normal -8.366209e-02 5.106873e-02 9.951847e-01
    outer loop
      vertex   7.491637e+00 1.268551e+01 5.300000e+00
      vertex   6.462773e+00 1.100000e+01 5.300000e+00
      vertex   6.565627e+00 1.100000e+01 5.308647e+00
    endloop
  endfacet
  facet normal -1.121927e-01 6.672409e-02 9.914437e-01
    outer loop
      vertex   7.491637e+00 1.268551e+01 5.300000e+00
      vertex   6.565627e+00 1.100000e+01 5.308647e+00
      vertex   7.591048e+00 1.262483e+01 5.315333e+00
    endloop
  endfacet
  facet normal -2.477266e-01 1.524015e-01 9.567682e-01
    outer loop
      vertex   7.591048e+00 1.262483e+01 5.315333e+00
      vertex   6.565627e+00 1.100000e+01 5.308647e+00
      vertex   6.664528e+00 1.100000e+01 5.334254e+00
    endloop
  endfacet
  facet normal -3.277099e-01 1.976271e-01 9.238776e-01
    outer loop
      vertex   7.591048e+00 1.262483e+01 5.315333e+00
      vertex   6.664528e+00 1.100000e+01 5.334254e+00
      vertex   7.683685e+00 1.256828e+01 5.360289e+00
    endloop
  endfacet
  facet normal -4.022369e-01 2.467598e-01 8.816547e-01
    outer loop
      vertex   7.683685e+00 1.256828e+01 5.360289e+00
      vertex   6.664528e+00 1.100000e+01 5.334254e+00
      vertex   6.755677e+00 1.100000e+01 5.375839e+00
    endloop
  endfacet
  facet normal -5.204302e-01 3.158234e-01 7.933523e-01
    outer loop
      vertex   7.683685e+00 1.256828e+01 5.360289e+00
      vertex   6.755677e+00 1.100000e+01 5.375839e+00
      vertex   7.763233e+00 1.251972e+01 5.431802e+00
    endloop
  endfacet
  facet normal -5.414835e-01 3.305306e-01 7.730105e-01
    outer loop
      vertex   7.763233e+00 1.251972e+01 5.431802e+00
      vertex   6.755677e+00 1.100000e+01 5.375839e+00
      vertex   6.835569e+00 1.100000e+01 5.431802e+00
    endloop
  endfacet
  facet normal -6.597996e-01 4.027527e-01 6.343933e-01
    outer loop
      vertex   7.763233e+00 1.251972e+01 5.431802e+00
      vertex   6.835569e+00 1.100000e+01 5.431802e+00
      vertex   6.901134e+00 1.100000e+01 5.499993e+00
    endloop
  endfacet
  facet normal -6.780234e-01 4.119404e-01 6.087606e-01
    outer loop
      vertex   7.763233e+00 1.251972e+01 5.431802e+00
      vertex   6.901134e+00 1.100000e+01 5.499993e+00
      vertex   7.824273e+00 1.248246e+01 5.525000e+00
    endloop
  endfacet
  facet normal -7.523103e-01 4.605211e-01 4.711152e-01
    outer loop
      vertex   7.824273e+00 1.248246e+01 5.525000e+00
      vertex   6.901134e+00 1.100000e+01 5.499993e+00
      vertex   6.949854e+00 1.100000e+01 5.577792e+00
    endloop
  endfacet
  facet normal -7.897367e-01 4.794476e-01 3.826825e-01
    outer loop
      vertex   7.824273e+00 1.248246e+01 5.525000e+00
      vertex   6.949854e+00 1.100000e+01 5.577792e+00
      vertex   7.862645e+00 1.245904e+01 5.633531e+00
    endloop
  endfacet
  facet normal -8.162543e-01 4.995744e-01 2.900936e-01
    outer loop
      vertex   7.862645e+00 1.245904e+01 5.633531e+00
      vertex   6.949854e+00 1.100000e+01 5.577792e+00
      vertex   6.979855e+00 1.100000e+01 5.662209e+00
    endloop
  endfacet
  facet normal -8.471239e-01 5.151156e-01 1.305260e-01
    outer loop
      vertex   7.862645e+00 1.245904e+01 5.633531e+00
      vertex   6.979855e+00 1.100000e+01 5.662209e+00
      vertex   7.875732e+00 1.245105e+01 5.750000e+00
    endloop
  endfacet
  facet normal -8.494354e-01 5.185095e-01 9.801714e-02
    outer loop
      vertex   7.875732e+00 1.245105e+01 5.750000e+00
      vertex   6.979855e+00 1.100000e+01 5.662209e+00
      vertex   6.989986e+00 1.100000e+01 5.750000e+00
    endloop
  endfacet
  facet normal -8.494354e-01 5.185095e-01 -9.801714e-02
    outer loop
      vertex   7.875732e+00 1.245105e+01 5.750000e+00
      vertex   6.989986e+00 1.100000e+01 5.750000e+00
      vertex   6.979855e+00 1.100000e+01 5.837791e+00
    endloop
  endfacet
  facet normal -8.471239e-01 5.151156e-01 -1.305260e-01
    outer loop
      vertex   7.875732e+00 1.245105e+01 5.750000e+00
      vertex   6.979855e+00 1.100000e+01 5.837791e+00
      vertex   7.862645e+00 1.245904e+01 5.866469e+00
    endloop
  endfacet
  facet normal -8.162543e-01 4.995744e-01 -2.900936e-01
    outer loop
      vertex   7.862645e+00 1.245904e+01 5.866469e+00
      vertex   6.979855e+00 1.100000e+01 5.837791e+00
      vertex   6.949854e+00 1.100000e+01 5.922208e+00
    endloop
  endfacet
  facet normal -7.897367e-01 4.794476e-01 -3.826825e-01
    outer loop
      vertex   7.862645e+00 1.245904e+01 5.866469e+00
      vertex   6.949854e+00 1.100000e+01 5.922208e+00
      vertex   7.824273e+00 1.248246e+01 5.975000e+00
    endloop
  endfacet
  facet normal -7.523103e-01 4.605211e-01 -4.711152e-01
    outer loop
      vertex   7.824273e+00 1.248246e+01 5.975000e+00
      vertex   6.949854e+00 1.100000e+01 5.922208e+00
      vertex   6.901134e+00 1.100000e+01 6.000007e+00
    endloop
  endfacet
  facet normal -6.780234e-01 4.119404e-01 -6.087606e-01
    outer loop
      vertex   7.824273e+00 1.248246e+01 5.975000e+00
      vertex   6.901134e+00 1.100000e+01 6.000007e+00
      vertex   7.763233e+00 1.251972e+01 6.068198e+00
    endloop
  endfacet
  facet normal -6.597996e-01 4.027527e-01 -6.343933e-01
    outer loop
      vertex   7.763233e+00 1.251972e+01 6.068198e+00
      vertex   6.901134e+00 1.100000e+01 6.000007e+00
      vertex   6.835569e+00 1.100000e+01 6.068198e+00
    endloop
  endfacet
  facet normal -5.414835e-01 3.305306e-01 -7.730105e-01
    outer loop
      vertex   7.763233e+00 1.251972e+01 6.068198e+00
      vertex   6.835569e+00 1.100000e+01 6.068198e+00
      vertex   6.755677e+00 1.100000e+01 6.124161e+00
    endloop
  endfacet
  facet normal -5.204302e-01 3.158234e-01 -7.933523e-01
    outer loop
      vertex   7.763233e+00 1.251972e+01 6.068198e+00
      vertex   6.755677e+00 1.100000e+01 6.124161e+00
      vertex   7.683685e+00 1.256828e+01 6.139711e+00
    endloop
  endfacet
  facet normal -4.022369e-01 2.467598e-01 -8.816547e-01
    outer loop
      vertex   7.683685e+00 1.256828e+01 6.139711e+00
      vertex   6.755677e+00 1.100000e+01 6.124161e+00
      vertex   6.664528e+00 1.100000e+01 6.165746e+00
    endloop
  endfacet
  facet normal -3.277099e-01 1.976271e-01 -9.238776e-01
    outer loop
      vertex   7.683685e+00 1.256828e+01 6.139711e+00
      vertex   6.664528e+00 1.100000e+01 6.165746e+00
      vertex   7.591048e+00 1.262483e+01 6.184667e+00
    endloop
  endfacet
  facet normal -2.477266e-01 1.524015e-01 -9.567682e-01
    outer loop
      vertex   7.591048e+00 1.262483e+01 6.184667e+00
      vertex   6.664528e+00 1.100000e+01 6.165746e+00
      vertex   6.565627e+00 1.100000e+01 6.191353e+00
    endloop
  endfacet
  facet normal -1.121927e-01 6.672409e-02 -9.914437e-01
    outer loop
      vertex   7.591048e+00 1.262483e+01 6.184667e+00
      vertex   6.565627e+00 1.100000e+01 6.191353e+00
      vertex   7.491637e+00 1.268551e+01 6.200000e+00
    endloop
  endfacet
  facet normal -8.366209e-02 5.106873e-02 -9.951847e-01
    outer loop
      vertex   7.491637e+00 1.268551e+01 6.200000e+00
      vertex   6.565627e+00 1.100000e+01 6.191353e+00
      vertex   6.462773e+00 1.100000e+01 6.200000e+00
    endloop
  endfacet
  facet normal 8.366209e-02 -5.106873e-02 -9.951847e-01
    outer loop
      vertex   7.491637e+00 1.268551e+01 6.200000e+00
      vertex   6.462773e+00 1.100000e+01 6.200000e+00
      vertex   6.359919e+00 1.100000e+01 6.191353e+00
    endloop
  endfacet
  facet normal 1.106685e-01 -6.922109e-02 -9.914439e-01
    outer loop
      vertex   7.491637e+00 1.268551e+01 6.200000e+00
      vertex   6.359919e+00 1.100000e+01 6.191353e+00
      vertex   7.392226e+00 1.274619e+01 6.184667e+00
    endloop
  endfacet
  facet normal 2.478124e-01 -1.501657e-01 -9.570994e-01
    outer loop
      vertex   7.392226e+00 1.274619e+01 6.184667e+00
      vertex   6.359919e+00 1.100000e+01 6.191353e+00
      vertex   6.261017e+00 1.100000e+01 6.165746e+00
    endloop
  endfacet
  facet normal 3.256727e-01 -2.009647e-01 -9.238779e-01
    outer loop
      vertex   7.392226e+00 1.274619e+01 6.184667e+00
      vertex   6.261017e+00 1.100000e+01 6.165746e+00
      vertex   7.299589e+00 1.280274e+01 6.139711e+00
    endloop
  endfacet
  facet normal 4.024639e-01 -2.446021e-01 -8.821523e-01
    outer loop
      vertex   7.299589e+00 1.280274e+01 6.139711e+00
      vertex   6.261017e+00 1.100000e+01 6.165746e+00
      vertex   6.169869e+00 1.100000e+01 6.124161e+00
    endloop
  endfacet
  facet normal 5.188982e-01 -3.183337e-01 -7.933526e-01
    outer loop
      vertex   7.299589e+00 1.280274e+01 6.139711e+00
      vertex   6.169869e+00 1.100000e+01 6.124161e+00
      vertex   7.220040e+00 1.285130e+01 6.068198e+00
    endloop
  endfacet
  facet normal 5.414835e-01 -3.305306e-01 -7.730105e-01
    outer loop
      vertex   7.220040e+00 1.285130e+01 6.068198e+00
      vertex   6.169869e+00 1.100000e+01 6.124161e+00
      vertex   6.089977e+00 1.100000e+01 6.068198e+00
    endloop
  endfacet
  facet normal 6.597996e-01 -4.027527e-01 -6.343933e-01
    outer loop
      vertex   7.220040e+00 1.285130e+01 6.068198e+00
      vertex   6.089977e+00 1.100000e+01 6.068198e+00
      vertex   6.024412e+00 1.100000e+01 6.000007e+00
    endloop
  endfacet
  facet normal 6.764800e-01 -4.144696e-01 -6.087609e-01
    outer loop
      vertex   7.220040e+00 1.285130e+01 6.068198e+00
      vertex   6.024412e+00 1.100000e+01 6.000007e+00
      vertex   7.159000e+00 1.288856e+01 5.975000e+00
    endloop
  endfacet
  facet normal 7.531125e-01 -4.586921e-01 -4.716175e-01
    outer loop
      vertex   7.159000e+00 1.288856e+01 5.975000e+00
      vertex   6.024412e+00 1.100000e+01 6.000007e+00
      vertex   5.975692e+00 1.100000e+01 5.922208e+00
    endloop
  endfacet
  facet normal 7.876719e-01 -4.828320e-01 -3.826829e-01
    outer loop
      vertex   7.159000e+00 1.288856e+01 5.975000e+00
      vertex   5.975692e+00 1.100000e+01 5.922208e+00
      vertex   7.120629e+00 1.291198e+01 5.866469e+00
    endloop
  endfacet
  facet normal 8.172022e-01 -4.978260e-01 -2.904304e-01
    outer loop
      vertex   7.120629e+00 1.291198e+01 5.866469e+00
      vertex   5.975692e+00 1.100000e+01 5.922208e+00
      vertex   5.945690e+00 1.100000e+01 5.837791e+00
    endloop
  endfacet
  facet normal 8.455724e-01 -5.176584e-01 -1.305261e-01
    outer loop
      vertex   7.120629e+00 1.291198e+01 5.866469e+00
      vertex   5.945690e+00 1.100000e+01 5.837791e+00
      vertex   7.107541e+00 1.291997e+01 5.750000e+00
    endloop
  endfacet
  facet normal -1.114100e-01 6.800654e-02 -9.914449e-01
    outer loop
      vertex   8.763029e+00 1.454480e+01 6.184667e+00
      vertex   7.591048e+00 1.262483e+01 6.184667e+00
      vertex   8.663618e+00 1.460548e+01 6.200000e+00
    endloop
  endfacet
  facet normal -1.114100e-01 6.800654e-02 -9.914449e-01
    outer loop
      vertex   8.663618e+00 1.460548e+01 6.200000e+00
      vertex   7.591048e+00 1.262483e+01 6.184667e+00
      vertex   7.491637e+00 1.268551e+01 6.200000e+00
    endloop
  endfacet
  facet normal 1.114100e-01 -6.800654e-02 -9.914449e-01
    outer loop
      vertex   8.663618e+00 1.460548e+01 6.200000e+00
      vertex   7.491637e+00 1.268551e+01 6.200000e+00
      vertex   8.564207e+00 1.466616e+01 6.184667e+00
    endloop
  endfacet
  facet normal 1.114100e-01 -6.800654e-02 -9.914449e-01
    outer loop
      vertex   8.564207e+00 1.466616e+01 6.184667e+00
      vertex   7.491637e+00 1.268551e+01 6.200000e+00
      vertex   7.392226e+00 1.274619e+01 6.184667e+00
    endloop
  endfacet
  facet normal 3.266377e-01 -1.993851e-01 -9.238795e-01
    outer loop
      vertex   8.564207e+00 1.466616e+01 6.184667e+00
      vertex   7.392226e+00 1.274619e+01 6.184667e+00
      vertex   8.471570e+00 1.472271e+01 6.139711e+00
    endloop
  endfacet
  facet normal 3.266377e-01 -1.993851e-01 -9.238795e-01
    outer loop
      vertex   8.471570e+00 1.472271e+01 6.139711e+00
      vertex   7.392226e+00 1.274619e+01 6.184667e+00
      vertex   7.299589e+00 1.280274e+01 6.139711e+00
    endloop
  endfacet
  facet normal 5.196056e-01 -3.171759e-01 -7.933533e-01
    outer loop
      vertex   8.471570e+00 1.472271e+01 6.139711e+00
      vertex   7.299589e+00 1.280274e+01 6.139711e+00
      vertex   8.392022e+00 1.477127e+01 6.068198e+00
    endloop
  endfacet
  facet normal 5.196056e-01 -3.171759e-01 -7.933533e-01
    outer loop
      vertex   8.392022e+00 1.477127e+01 6.068198e+00
      vertex   7.299589e+00 1.280274e+01 6.139711e+00
      vertex   7.220040e+00 1.285130e+01 6.068198e+00
    endloop
  endfacet
  facet normal 6.771631e-01 -4.133517e-01 -6.087614e-01
    outer loop
      vertex   8.392022e+00 1.477127e+01 6.068198e+00
      vertex   7.220040e+00 1.285130e+01 6.068198e+00
      vertex   8.330982e+00 1.480853e+01 5.975000e+00
    endloop
  endfacet
  facet normal 6.771631e-01 -4.133517e-01 -6.087614e-01
    outer loop
      vertex   8.330982e+00 1.480853e+01 5.975000e+00
      vertex   7.220040e+00 1.285130e+01 6.068198e+00
      vertex   7.159000e+00 1.288856e+01 5.975000e+00
    endloop
  endfacet
  facet normal 7.885732e-01 -4.813582e-01 -3.826834e-01
    outer loop
      vertex   8.330982e+00 1.480853e+01 5.975000e+00
      vertex   7.159000e+00 1.288856e+01 5.975000e+00
      vertex   8.292610e+00 1.483195e+01 5.866469e+00
    endloop
  endfacet
  facet normal 7.885732e-01 -4.813582e-01 -3.826834e-01
    outer loop
      vertex   8.292610e+00 1.483195e+01 5.866469e+00
      vertex   7.159000e+00 1.288856e+01 5.975000e+00
      vertex   7.120629e+00 1.291198e+01 5.866469e+00
    endloop
  endfacet
  facet normal 8.462433e-01 -5.165610e-01 -1.305262e-01
    outer loop
      vertex   8.292610e+00 1.483195e+01 5.866469e+00
      vertex   7.120629e+00 1.291198e+01 5.866469e+00
      vertex   8.279523e+00 1.483994e+01 5.750000e+00
    endloop
  endfacet
  facet normal 8.462433e-01 -5.165610e-01 -1.305262e-01
    outer loop
      vertex   8.279523e+00 1.483994e+01 5.750000e+00
      vertex   7.120629e+00 1.291198e+01 5.866469e+00
      vertex   7.107541e+00 1.291997e+01 5.750000e+00
    endloop
  endfacet
  facet normal 8.462433e-01 -5.165610e-01 1.305262e-01
    outer loop
      vertex   8.279523e+00 1.483994e+01 5.750000e+00
      vertex   7.107541e+00 1.291997e+01 5.750000e+00
      vertex   8.292610e+00 1.483195e+01 5.633531e+00
    endloop
  endfacet
  facet normal 8.462433e-01 -5.165610e-01 1.305262e-01
    outer loop
      vertex   8.292610e+00 1.483195e+01 5.633531e+00
      vertex   7.107541e+00 1.291997e+01 5.750000e+00
      vertex   7.120629e+00 1.291198e+01 5.633531e+00
    endloop
  endfacet
  facet normal 7.885732e-01 -4.813582e-01 3.826834e-01
    outer loop
      vertex   8.292610e+00 1.483195e+01 5.633531e+00
      vertex   7.120629e+00 1.291198e+01 5.633531e+00
      vertex   8.330982e+00 1.480853e+01 5.525000e+00
    endloop
  endfacet
  facet normal 7.885732e-01 -4.813582e-01 3.826834e-01
    outer loop
      vertex   8.330982e+00 1.480853e+01 5.525000e+00
      vertex   7.120629e+00 1.291198e+01 5.633531e+00
      vertex   7.159000e+00 1.288856e+01 5.525000e+00
    endloop
  endfacet
  facet normal 6.771631e-01 -4.133517e-01 6.087614e-01
    outer loop
      vertex   8.330982e+00 1.480853e+01 5.525000e+00
      vertex   7.159000e+00 1.288856e+01 5.525000e+00
      vertex   8.392022e+00 1.477127e+01 5.431802e+00
    endloop
  endfacet
  facet normal 6.771631e-01 -4.133517e-01 6.087614e-01
    outer loop
      vertex   8.392022e+00 1.477127e+01 5.431802e+00
      vertex   7.159000e+00 1.288856e+01 5.525000e+00
      vertex   7.220040e+00 1.285130e+01 5.431802e+00
    endloop
  endfacet
  facet normal 5.196056e-01 -3.171759e-01 7.933533e-01
    outer loop
      vertex   8.392022e+00 1.477127e+01 5.431802e+00
      vertex   7.220040e+00 1.285130e+01 5.431802e+00
      vertex   8.471570e+00 1.472271e+01 5.360289e+00
    endloop
  endfacet
  facet normal 5.196056e-01 -3.171759e-01 7.933533e-01
    outer loop
      vertex   8.471570e+00 1.472271e+01 5.360289e+00
      vertex   7.220040e+00 1.285130e+01 5.431802e+00
      vertex   7.299589e+00 1.280274e+01 5.360289e+00
    endloop
  endfacet
  facet normal 3.266377e-01 -1.993851e-01 9.238795e-01
    outer loop
      vertex   8.471570e+00 1.472271e+01 5.360289e+00
      vertex   7.299589e+00 1.280274e+01 5.360289e+00
      vertex   8.564207e+00 1.466616e+01 5.315333e+00
    endloop
  endfacet
  facet normal 3.266377e-01 -1.993851e-01 9.238795e-01
    outer loop
      vertex   8.564207e+00 1.466616e+01 5.315333e+00
      vertex   7.299589e+00 1.280274e+01 5.360289e+00
      vertex   7.392226e+00 1.274619e+01 5.315333e+00
    endloop
  endfacet
  facet normal 1.114100e-01 -6.800654e-02 9.914449e-01
    outer loop
      vertex   8.564207e+00 1.466616e+01 5.315333e+00
      vertex   7.392226e+00 1.274619e+01 5.315333e+00
      vertex   8.663618e+00 1.460548e+01 5.300000e+00
    endloop
  endfacet
  facet normal 1.114100e-01 -6.800654e-02 9.914449e-01
    outer loop
      vertex   8.663618e+00 1.460548e+01 5.300000e+00
      vertex   7.392226e+00 1.274619e+01 5.315333e+00
      vertex   7.491637e+00 1.268551e+01 5.300000e+00
    endloop
  endfacet
  facet normal -1.114100e-01 6.800654e-02 9.914449e-01
    outer loop
      vertex   8.663618e+00 1.460548e+01 5.300000e+00
      vertex   7.491637e+00 1.268551e+01 5.300000e+00
      vertex   8.763029e+00 1.454480e+01 5.315333e+00
    endloop
  endfacet
  facet normal -1.114100e-01 6.800654e-02 9.914449e-01
    outer loop
      vertex   8.763029e+00 1.454480e+01 5.315333e+00
      vertex   7.491637e+00 1.268551e+01 5.300000e+00
      vertex   7.591048e+00 1.262483e+01 5.315333e+00
    endloop
  endfacet
  facet normal -3.266377e-01 1.993851e-01 9.238795e-01
    outer loop
      vertex   8.763029e+00 1.454480e+01 5.315333e+00
      vertex   7.591048e+00 1.262483e+01 5.315333e+00
      vertex   8.855666e+00 1.448825e+01 5.360289e+00
    endloop
  endfacet
  facet normal -3.266377e-01 1.993851e-01 9.238795e-01
    outer loop
      vertex   8.855666e+00 1.448825e+01 5.360289e+00
      vertex   7.591048e+00 1.262483e+01 5.315333e+00
      vertex   7.683685e+00 1.256828e+01 5.360289e+00
    endloop
  endfacet
  facet normal -5.196056e-01 3.171759e-01 7.933533e-01
    outer loop
      vertex   8.855666e+00 1.448825e+01 5.360289e+00
      vertex   7.683685e+00 1.256828e+01 5.360289e+00
      vertex   8.935215e+00 1.443969e+01 5.431802e+00
    endloop
  endfacet
  facet normal -5.196056e-01 3.171759e-01 7.933533e-01
    outer loop
      vertex   8.935215e+00 1.443969e+01 5.431802e+00
      vertex   7.683685e+00 1.256828e+01 5.360289e+00
      vertex   7.763233e+00 1.251972e+01 5.431802e+00
    endloop
  endfacet
  facet normal -6.771631e-01 4.133517e-01 6.087614e-01
    outer loop
      vertex   8.935215e+00 1.443969e+01 5.431802e+00
      vertex   7.763233e+00 1.251972e+01 5.431802e+00
      vertex   8.996255e+00 1.440243e+01 5.525000e+00
    endloop
  endfacet
  facet normal -6.771631e-01 4.133517e-01 6.087614e-01
    outer loop
      vertex   8.996255e+00 1.440243e+01 5.525000e+00
      vertex   7.763233e+00 1.251972e+01 5.431802e+00
      vertex   7.824273e+00 1.248246e+01 5.525000e+00
    endloop
  endfacet
  facet normal -7.885732e-01 4.813582e-01 3.826834e-01
    outer loop
      vertex   8.996255e+00 1.440243e+01 5.525000e+00
      vertex   7.824273e+00 1.248246e+01 5.525000e+00
      vertex   9.034626e+00 1.437901e+01 5.633531e+00
    endloop
  endfacet
  facet normal -7.885732e-01 4.813582e-01 3.826834e-01
    outer loop
      vertex   9.034626e+00 1.437901e+01 5.633531e+00
      vertex   7.824273e+00 1.248246e+01 5.525000e+00
      vertex   7.862645e+00 1.245904e+01 5.633531e+00
    endloop
  endfacet
  facet normal -8.462433e-01 5.165610e-01 1.305262e-01
    outer loop
      vertex   9.034626e+00 1.437901e+01 5.633531e+00
      vertex   7.862645e+00 1.245904e+01 5.633531e+00
      vertex   9.047714e+00 1.437102e+01 5.750000e+00
    endloop
  endfacet
  facet normal -8.462433e-01 5.165610e-01 1.305262e-01
    outer loop
      vertex   9.047714e+00 1.437102e+01 5.750000e+00
      vertex   7.862645e+00 1.245904e+01 5.633531e+00
      vertex   7.875732e+00 1.245105e+01 5.750000e+00
    endloop
  endfacet
  facet normal -8.462433e-01 5.165610e-01 -1.305262e-01
    outer loop
      vertex   9.047714e+00 1.437102e+01 5.750000e+00
      vertex   7.875732e+00 1.245105e+01 5.750000e+00
      vertex   9.034626e+00 1.437901e+01 5.866469e+00
    endloop
  endfacet
  facet normal -8.462433e-01 5.165610e-01 -1.305262e-01
    outer loop
      vertex   9.034626e+00 1.437901e+01 5.866469e+00
      vertex   7.875732e+00 1.245105e+01 5.750000e+00
      vertex   7.862645e+00 1.245904e+01 5.866469e+00
    endloop
  endfacet
  facet normal -7.885732e-01 4.813582e-01 -3.826834e-01
    outer loop
      vertex   9.034626e+00 1.437901e+01 5.866469e+00
      vertex   7.862645e+00 1.245904e+01 5.866469e+00
      vertex   8.996255e+00 1.440243e+01 5.975000e+00
    endloop
  endfacet
  facet normal -7.885732e-01 4.813582e-01 -3.826834e-01
    outer loop
      vertex   8.996255e+00 1.440243e+01 5.975000e+00
      vertex   7.862645e+00 1.245904e+01 5.866469e+00
      vertex   7.824273e+00 1.248246e+01 5.975000e+00
    endloop
  endfacet
  facet normal -6.771631e-01 4.133517e-01 -6.087614e-01
    outer loop
      vertex   8.996255e+00 1.440243e+01 5.975000e+00
      vertex   7.824273e+00 1.248246e+01 5.975000e+00
      vertex   8.935215e+00 1.443969e+01 6.068198e+00
    endloop
  endfacet
  facet normal -6.771631e-01 4.133517e-01 -6.087614e-01
    outer loop
      vertex   8.935215e+00 1.443969e+01 6.068198e+00
      vertex   7.824273e+00 1.248246e+01 5.975000e+00
      vertex   7.763233e+00 1.251972e+01 6.068198e+00
    endloop
  endfacet
  facet normal -5.196056e-01 3.171759e-01 -7.933533e-01
    outer loop
      vertex   8.935215e+00 1.443969e+01 6.068198e+00
      vertex   7.763233e+00 1.251972e+01 6.068198e+00
      vertex   8.855666e+00 1.448825e+01 6.139711e+00
    endloop
  endfacet
  facet normal -5.196056e-01 3.171759e-01 -7.933533e-01
    outer loop
      vertex   8.855666e+00 1.448825e+01 6.139711e+00
      vertex   7.763233e+00 1.251972e+01 6.068198e+00
      vertex   7.683685e+00 1.256828e+01 6.139711e+00
    endloop
  endfacet
  facet normal -3.266377e-01 1.993851e-01 -9.238795e-01
    outer loop
      vertex   8.855666e+00 1.448825e+01 6.139711e+00
      vertex   7.683685e+00 1.256828e+01 6.139711e+00
      vertex   8.763029e+00 1.454480e+01 6.184667e+00
    endloop
  endfacet
  facet normal -3.266377e-01 1.993851e-01 -9.238795e-01
    outer loop
      vertex   8.763029e+00 1.454480e+01 6.184667e+00
      vertex   7.683685e+00 1.256828e+01 6.139711e+00
      vertex   7.591048e+00 1.262483e+01 6.184667e+00
    endloop
  endfacet
  facet normal 8.494354e-01 -5.185095e-01 -9.801714e-02
    outer loop
      vertex   5.945690e+00 1.100000e+01 8.779064e-02
      vertex   5.935560e+00 1.100000e+01 5.510916e-17
      vertex   7.107541e+00 1.291997e+01 -3.273147e-16
    endloop
  endfacet
  facet normal 8.494354e-01 -5.185095e-01 9.801714e-02
    outer loop
      vertex   7.107541e+00 1.291997e+01 -3.273147e-16
      vertex   5.935560e+00 1.100000e+01 5.510916e-17
      vertex   5.945690e+00 1.100000e+01 -8.779064e-02
    endloop
  endfacet
  facet normal 8.455724e-01 -5.176584e-01 1.305261e-01
    outer loop
      vertex   7.107541e+00 1.291997e+01 -3.273147e-16
      vertex   5.945690e+00 1.100000e+01 -8.779064e-02
      vertex   7.120629e+00 1.291198e+01 -1.164686e-01
    endloop
  endfacet
  facet normal 8.172022e-01 -4.978260e-01 2.904304e-01
    outer loop
      vertex   7.120629e+00 1.291198e+01 -1.164686e-01
      vertex   5.945690e+00 1.100000e+01 -8.779064e-02
      vertex   5.975692e+00 1.100000e+01 -1.722075e-01
    endloop
  endfacet
  facet normal 7.876719e-01 -4.828320e-01 3.826829e-01
    outer loop
      vertex   7.120629e+00 1.291198e+01 -1.164686e-01
      vertex   5.975692e+00 1.100000e+01 -1.722075e-01
      vertex   7.159000e+00 1.288856e+01 -2.250000e-01
    endloop
  endfacet
  facet normal 7.531125e-01 -4.586921e-01 4.716175e-01
    outer loop
      vertex   7.159000e+00 1.288856e+01 -2.250000e-01
      vertex   5.975692e+00 1.100000e+01 -1.722075e-01
      vertex   6.024412e+00 1.100000e+01 -2.500066e-01
    endloop
  endfacet
  facet normal 6.764800e-01 -4.144696e-01 6.087609e-01
    outer loop
      vertex   7.159000e+00 1.288856e+01 -2.250000e-01
      vertex   6.024412e+00 1.100000e+01 -2.500066e-01
      vertex   7.220040e+00 1.285130e+01 -3.181981e-01
    endloop
  endfacet
  facet normal 6.597996e-01 -4.027527e-01 6.343933e-01
    outer loop
      vertex   7.220040e+00 1.285130e+01 -3.181981e-01
      vertex   6.024412e+00 1.100000e+01 -2.500066e-01
      vertex   6.089977e+00 1.100000e+01 -3.181981e-01
    endloop
  endfacet
  facet normal 5.414835e-01 -3.305306e-01 7.730105e-01
    outer loop
      vertex   7.220040e+00 1.285130e+01 -3.181981e-01
      vertex   6.089977e+00 1.100000e+01 -3.181981e-01
      vertex   6.169869e+00 1.100000e+01 -3.741613e-01
    endloop
  endfacet
  facet normal 5.188982e-01 -3.183337e-01 7.933526e-01
    outer loop
      vertex   7.220040e+00 1.285130e+01 -3.181981e-01
      vertex   6.169869e+00 1.100000e+01 -3.741613e-01
      vertex   7.299589e+00 1.280274e+01 -3.897114e-01
    endloop
  endfacet
  facet normal 4.024639e-01 -2.446021e-01 8.821523e-01
    outer loop
      vertex   7.299589e+00 1.280274e+01 -3.897114e-01
      vertex   6.169869e+00 1.100000e+01 -3.741613e-01
      vertex   6.261017e+00 1.100000e+01 -4.157458e-01
    endloop
  endfacet
  facet normal 3.256727e-01 -2.009647e-01 9.238779e-01
    outer loop
      vertex   7.299589e+00 1.280274e+01 -3.897114e-01
      vertex   6.261017e+00 1.100000e+01 -4.157458e-01
      vertex   7.392226e+00 1.274619e+01 -4.346666e-01
    endloop
  endfacet
  facet normal 2.478124e-01 -1.501657e-01 9.570994e-01
    outer loop
      vertex   7.392226e+00 1.274619e+01 -4.346666e-01
      vertex   6.261017e+00 1.100000e+01 -4.157458e-01
      vertex   6.359919e+00 1.100000e+01 -4.413534e-01
    endloop
  endfacet
  facet normal 1.106685e-01 -6.922109e-02 9.914439e-01
    outer loop
      vertex   7.392226e+00 1.274619e+01 -4.346666e-01
      vertex   6.359919e+00 1.100000e+01 -4.413534e-01
      vertex   7.491637e+00 1.268551e+01 -4.500000e-01
    endloop
  endfacet
  facet normal 8.366209e-02 -5.106873e-02 9.951847e-01
    outer loop
      vertex   7.491637e+00 1.268551e+01 -4.500000e-01
      vertex   6.359919e+00 1.100000e+01 -4.413534e-01
      vertex   6.462773e+00 1.100000e+01 -4.500000e-01
    endloop
  endfacet
  facet normal -8.366209e-02 5.106873e-02 9.951847e-01
    outer loop
      vertex   7.491637e+00 1.268551e+01 -4.500000e-01
      vertex   6.462773e+00 1.100000e+01 -4.500000e-01
      vertex   6.565627e+00 1.100000e+01 -4.413534e-01
    endloop
  endfacet
  facet normal -1.121927e-01 6.672409e-02 9.914437e-01
    outer loop
      vertex   7.491637e+00 1.268551e+01 -4.500000e-01
      vertex   6.565627e+00 1.100000e+01 -4.413534e-01
      vertex   7.591048e+00 1.262483e+01 -4.346666e-01
    endloop
  endfacet
  facet normal -2.477266e-01 1.524015e-01 9.567682e-01
    outer loop
      vertex   7.591048e+00 1.262483e+01 -4.346666e-01
      vertex   6.565627e+00 1.100000e+01 -4.413534e-01
      vertex   6.664528e+00 1.100000e+01 -4.157458e-01
    endloop
  endfacet
  facet normal -3.277099e-01 1.976271e-01 9.238776e-01
    outer loop
      vertex   7.591048e+00 1.262483e+01 -4.346666e-01
      vertex   6.664528e+00 1.100000e+01 -4.157458e-01
      vertex   7.683685e+00 1.256828e+01 -3.897114e-01
    endloop
  endfacet
  facet normal -4.022369e-01 2.467598e-01 8.816547e-01
    outer loop
      vertex   7.683685e+00 1.256828e+01 -3.897114e-01
      vertex   6.664528e+00 1.100000e+01 -4.157458e-01
      vertex   6.755677e+00 1.100000e+01 -3.741613e-01
    endloop
  endfacet
  facet normal -5.204302e-01 3.158234e-01 7.933523e-01
    outer loop
      vertex   7.683685e+00 1.256828e+01 -3.897114e-01
      vertex   6.755677e+00 1.100000e+01 -3.741613e-01
      vertex   7.763233e+00 1.251972e+01 -3.181981e-01
    endloop
  endfacet
  facet normal -5.414835e-01 3.305306e-01 7.730105e-01
    outer loop
      vertex   7.763233e+00 1.251972e+01 -3.181981e-01
      vertex   6.755677e+00 1.100000e+01 -3.741613e-01
      vertex   6.835569e+00 1.100000e+01 -3.181981e-01
    endloop
  endfacet
  facet normal -6.597996e-01 4.027527e-01 6.343933e-01
    outer loop
      vertex   7.763233e+00 1.251972e+01 -3.181981e-01
      vertex   6.835569e+00 1.100000e+01 -3.181981e-01
      vertex   6.901134e+00 1.100000e+01 -2.500066e-01
    endloop
  endfacet
  facet normal -6.780234e-01 4.119404e-01 6.087606e-01
    outer loop
      vertex   7.763233e+00 1.251972e+01 -3.181981e-01
      vertex   6.901134e+00 1.100000e+01 -2.500066e-01
      vertex   7.824273e+00 1.248246e+01 -2.250000e-01
    endloop
  endfacet
  facet normal -7.523103e-01 4.605211e-01 4.711152e-01
    outer loop
      vertex   7.824273e+00 1.248246e+01 -2.250000e-01
      vertex   6.901134e+00 1.100000e+01 -2.500066e-01
      vertex   6.949854e+00 1.100000e+01 -1.722075e-01
    endloop
  endfacet
  facet normal -7.897367e-01 4.794476e-01 3.826825e-01
    outer loop
      vertex   7.824273e+00 1.248246e+01 -2.250000e-01
      vertex   6.949854e+00 1.100000e+01 -1.722075e-01
      vertex   7.862645e+00 1.245904e+01 -1.164686e-01
    endloop
  endfacet
  facet normal -8.162543e-01 4.995744e-01 2.900936e-01
    outer loop
      vertex   7.862645e+00 1.245904e+01 -1.164686e-01
      vertex   6.949854e+00 1.100000e+01 -1.722075e-01
      vertex   6.979855e+00 1.100000e+01 -8.779064e-02
    endloop
  endfacet
  facet normal -8.471239e-01 5.151156e-01 1.305260e-01
    outer loop
      vertex   7.862645e+00 1.245904e+01 -1.164686e-01
      vertex   6.979855e+00 1.100000e+01 -8.779064e-02
      vertex   7.875732e+00 1.245105e+01 2.722057e-16
    endloop
  endfacet
  facet normal -8.494354e-01 5.185095e-01 9.801714e-02
    outer loop
      vertex   7.875732e+00 1.245105e+01 2.722057e-16
      vertex   6.979855e+00 1.100000e+01 -8.779064e-02
      vertex   6.989986e+00 1.100000e+01 4.933126e-23
    endloop
  endfacet
  facet normal -8.494354e-01 5.185095e-01 -9.801714e-02
    outer loop
      vertex   7.875732e+00 1.245105e+01 2.722057e-16
      vertex   6.989986e+00 1.100000e+01 4.933126e-23
      vertex   6.979855e+00 1.100000e+01 8.779064e-02
    endloop
  endfacet
  facet normal -8.471239e-01 5.151156e-01 -1.305260e-01
    outer loop
      vertex   7.875732e+00 1.245105e+01 2.722057e-16
      vertex   6.979855e+00 1.100000e+01 8.779064e-02
      vertex   7.862645e+00 1.245904e+01 1.164686e-01
    endloop
  endfacet
  facet normal -8.162543e-01 4.995744e-01 -2.900936e-01
    outer loop
      vertex   7.862645e+00 1.245904e+01 1.164686e-01
      vertex   6.979855e+00 1.100000e+01 8.779064e-02
      vertex   6.949854e+00 1.100000e+01 1.722075e-01
    endloop
  endfacet
  facet normal -7.897367e-01 4.794476e-01 -3.826825e-01
    outer loop
      vertex   7.862645e+00 1.245904e+01 1.164686e-01
      vertex   6.949854e+00 1.100000e+01 1.722075e-01
      vertex   7.824273e+00 1.248246e+01 2.250000e-01
    endloop
  endfacet
  facet normal -7.523103e-01 4.605211e-01 -4.711152e-01
    outer loop
      vertex   7.824273e+00 1.248246e+01 2.250000e-01
      vertex   6.949854e+00 1.100000e+01 1.722075e-01
      vertex   6.901134e+00 1.100000e+01 2.500066e-01
    endloop
  endfacet
  facet normal -6.780234e-01 4.119404e-01 -6.087606e-01
    outer loop
      vertex   7.824273e+00 1.248246e+01 2.250000e-01
      vertex   6.901134e+00 1.100000e+01 2.500066e-01
      vertex   7.763233e+00 1.251972e+01 3.181981e-01
    endloop
  endfacet
  facet normal -6.597996e-01 4.027527e-01 -6.343933e-01
    outer loop
      vertex   7.763233e+00 1.251972e+01 3.181981e-01
      vertex   6.901134e+00 1.100000e+01 2.500066e-01
      vertex   6.835569e+00 1.100000e+01 3.181981e-01
    endloop
  endfacet
  facet normal -5.414835e-01 3.305306e-01 -7.730105e-01
    outer loop
      vertex   7.763233e+00 1.251972e+01 3.181981e-01
      vertex   6.835569e+00 1.100000e+01 3.181981e-01
      vertex   6.755677e+00 1.100000e+01 3.741613e-01
    endloop
  endfacet
  facet normal -5.204302e-01 3.158234e-01 -7.933523e-01
    outer loop
      vertex   7.763233e+00 1.251972e+01 3.181981e-01
      vertex   6.755677e+00 1.100000e+01 3.741613e-01
      vertex   7.683685e+00 1.256828e+01 3.897114e-01
    endloop
  endfacet
  facet normal -4.022369e-01 2.467598e-01 -8.816547e-01
    outer loop
      vertex   7.683685e+00 1.256828e+01 3.897114e-01
      vertex   6.755677e+00 1.100000e+01 3.741613e-01
      vertex   6.664528e+00 1.100000e+01 4.157458e-01
    endloop
  endfacet
  facet normal -3.277099e-01 1.976271e-01 -9.238776e-01
    outer loop
      vertex   7.683685e+00 1.256828e+01 3.897114e-01
      vertex   6.664528e+00 1.100000e+01 4.157458e-01
      vertex   7.591048e+00 1.262483e+01 4.346666e-01
    endloop
  endfacet
  facet normal -2.477266e-01 1.524015e-01 -9.567682e-01
    outer loop
      vertex   7.591048e+00 1.262483e+01 4.346666e-01
      vertex   6.664528e+00 1.100000e+01 4.157458e-01
      vertex   6.565627e+00 1.100000e+01 4.413534e-01
    endloop
  endfacet
  facet normal -1.121927e-01 6.672409e-02 -9.914437e-01
    outer loop
      vertex   7.591048e+00 1.262483e+01 4.346666e-01
      vertex   6.565627e+00 1.100000e+01 4.413534e-01
      vertex   7.491637e+00 1.268551e+01 4.500000e-01
    endloop
  endfacet
  facet normal -8.366209e-02 5.106873e-02 -9.951847e-01
    outer loop
      vertex   7.491637e+00 1.268551e+01 4.500000e-01
      vertex   6.565627e+00 1.100000e+01 4.413534e-01
      vertex   6.462773e+00 1.100000e+01 4.500000e-01
    endloop
  endfacet
  facet normal 8.366209e-02 -5.106873e-02 -9.951847e-01
    outer loop
      vertex   7.491637e+00 1.268551e+01 4.500000e-01
      vertex   6.462773e+00 1.100000e+01 4.500000e-01
      vertex   6.359919e+00 1.100000e+01 4.413534e-01
    endloop
  endfacet
  facet normal 1.106685e-01 -6.922109e-02 -9.914439e-01
    outer loop
      vertex   7.491637e+00 1.268551e+01 4.500000e-01
      vertex   6.359919e+00 1.100000e+01 4.413534e-01
      vertex   7.392226e+00 1.274619e+01 4.346666e-01
    endloop
  endfacet
  facet normal 2.478124e-01 -1.501657e-01 -9.570994e-01
    outer loop
      vertex   7.392226e+00 1.274619e+01 4.346666e-01
      vertex   6.359919e+00 1.100000e+01 4.413534e-01
      vertex   6.261017e+00 1.100000e+01 4.157458e-01
    endloop
  endfacet
  facet normal 3.256727e-01 -2.009647e-01 -9.238779e-01
    outer loop
      vertex   7.392226e+00 1.274619e+01 4.346666e-01
      vertex   6.261017e+00 1.100000e+01 4.157458e-01
      vertex   7.299589e+00 1.280274e+01 3.897114e-01
    endloop
  endfacet
  facet normal 4.024639e-01 -2.446021e-01 -8.821523e-01
    outer loop
      vertex   7.299589e+00 1.280274e+01 3.897114e-01
      vertex   6.261017e+00 1.100000e+01 4.157458e-01
      vertex   6.169869e+00 1.100000e+01 3.741613e-01
    endloop
  endfacet
  facet normal 5.188982e-01 -3.183337e-01 -7.933526e-01
    outer loop
      vertex   7.299589e+00 1.280274e+01 3.897114e-01
      vertex   6.169869e+00 1.100000e+01 3.741613e-01
      vertex   7.220040e+00 1.285130e+01 3.181981e-01
    endloop
  endfacet
  facet normal 5.414835e-01 -3.305306e-01 -7.730105e-01
    outer loop
      vertex   7.220040e+00 1.285130e+01 3.181981e-01
      vertex   6.169869e+00 1.100000e+01 3.741613e-01
      vertex   6.089977e+00 1.100000e+01 3.181981e-01
    endloop
  endfacet
  facet normal 6.597996e-01 -4.027527e-01 -6.343933e-01
    outer loop
      vertex   7.220040e+00 1.285130e+01 3.181981e-01
      vertex   6.089977e+00 1.100000e+01 3.181981e-01
      vertex   6.024412e+00 1.100000e+01 2.500066e-01
    endloop
  endfacet
  facet normal 6.764800e-01 -4.144696e-01 -6.087609e-01
    outer loop
      vertex   7.220040e+00 1.285130e+01 3.181981e-01
      vertex   6.024412e+00 1.100000e+01 2.500066e-01
      vertex   7.159000e+00 1.288856e+01 2.250000e-01
    endloop
  endfacet
  facet normal 7.531125e-01 -4.586921e-01 -4.716175e-01
    outer loop
      vertex   7.159000e+00 1.288856e+01 2.250000e-01
      vertex   6.024412e+00 1.100000e+01 2.500066e-01
      vertex   5.975692e+00 1.100000e+01 1.722075e-01
    endloop
  endfacet
  facet normal 7.876719e-01 -4.828320e-01 -3.826829e-01
    outer loop
      vertex   7.159000e+00 1.288856e+01 2.250000e-01
      vertex   5.975692e+00 1.100000e+01 1.722075e-01
      vertex   7.120629e+00 1.291198e+01 1.164686e-01
    endloop
  endfacet
  facet normal 8.172022e-01 -4.978260e-01 -2.904304e-01
    outer loop
      vertex   7.120629e+00 1.291198e+01 1.164686e-01
      vertex   5.975692e+00 1.100000e+01 1.722075e-01
      vertex   5.945690e+00 1.100000e+01 8.779064e-02
    endloop
  endfacet
  facet normal 8.455724e-01 -5.176584e-01 -1.305261e-01
    outer loop
      vertex   7.120629e+00 1.291198e+01 1.164686e-01
      vertex   5.945690e+00 1.100000e+01 8.779064e-02
      vertex   7.107541e+00 1.291997e+01 -3.273147e-16
    endloop
  endfacet
  facet normal -1.114100e-01 6.800654e-02 -9.914449e-01
    outer loop
      vertex   8.763029e+00 1.454480e+01 4.346666e-01
      vertex   7.591048e+00 1.262483e+01 4.346666e-01
      vertex   8.663618e+00 1.460548e+01 4.500000e-01
    endloop
  endfacet
  facet normal -1.114100e-01 6.800654e-02 -9.914449e-01
    outer loop
      vertex   8.663618e+00 1.460548e+01 4.500000e-01
      vertex   7.591048e+00 1.262483e+01 4.346666e-01
      vertex   7.491637e+00 1.268551e+01 4.500000e-01
    endloop
  endfacet
  facet normal 1.114100e-01 -6.800654e-02 -9.914449e-01
    outer loop
      vertex   8.663618e+00 1.460548e+01 4.500000e-01
      vertex   7.491637e+00 1.268551e+01 4.500000e-01
      vertex   8.564207e+00 1.466616e+01 4.346666e-01
    endloop
  endfacet
  facet normal 1.114100e-01 -6.800654e-02 -9.914449e-01
    outer loop
      vertex   8.564207e+00 1.466616e+01 4.346666e-01
      vertex   7.491637e+00 1.268551e+01 4.500000e-01
      vertex   7.392226e+00 1.274619e+01 4.346666e-01
    endloop
  endfacet
  facet normal 3.266377e-01 -1.993851e-01 -9.238795e-01
    outer loop
      vertex   8.564207e+00 1.466616e+01 4.346666e-01
      vertex   7.392226e+00 1.274619e+01 4.346666e-01
      vertex   8.471570e+00 1.472271e+01 3.897114e-01
    endloop
  endfacet
  facet normal 3.266377e-01 -1.993851e-01 -9.238795e-01
    outer loop
      vertex   8.471570e+00 1.472271e+01 3.897114e-01
      vertex   7.392226e+00 1.274619e+01 4.346666e-01
      vertex   7.299589e+00 1.280274e+01 3.897114e-01
    endloop
  endfacet
  facet normal 5.196056e-01 -3.171759e-01 -7.933533e-01
    outer loop
      vertex   8.471570e+00 1.472271e+01 3.897114e-01
      vertex   7.299589e+00 1.280274e+01 3.897114e-01
      vertex   8.392022e+00 1.477127e+01 3.181981e-01
    endloop
  endfacet
  facet normal 5.196056e-01 -3.171759e-01 -7.933533e-01
    outer loop
      vertex   8.392022e+00 1.477127e+01 3.181981e-01
      vertex   7.299589e+00 1.280274e+01 3.897114e-01
      vertex   7.220040e+00 1.285130e+01 3.181981e-01
    endloop
  endfacet
  facet normal 6.771631e-01 -4.133517e-01 -6.087614e-01
    outer loop
      vertex   8.392022e+00 1.477127e+01 3.181981e-01
      vertex   7.220040e+00 1.285130e+01 3.181981e-01
      vertex   8.330982e+00 1.480853e+01 2.250000e-01
    endloop
  endfacet
  facet normal 6.771631e-01 -4.133517e-01 -6.087614e-01
    outer loop
      vertex   8.330982e+00 1.480853e+01 2.250000e-01
      vertex   7.220040e+00 1.285130e+01 3.181981e-01
      vertex   7.159000e+00 1.288856e+01 2.250000e-01
    endloop
  endfacet
  facet normal 7.885732e-01 -4.813582e-01 -3.826834e-01
    outer loop
      vertex   8.330982e+00 1.480853e+01 2.250000e-01
      vertex   7.159000e+00 1.288856e+01 2.250000e-01
      vertex   8.292610e+00 1.483195e+01 1.164686e-01
    endloop
  endfacet
  facet normal 7.885732e-01 -4.813582e-01 -3.826834e-01
    outer loop
      vertex   8.292610e+00 1.483195e+01 1.164686e-01
      vertex   7.159000e+00 1.288856e+01 2.250000e-01
      vertex   7.120629e+00 1.291198e+01 1.164686e-01
    endloop
  endfacet
  facet normal 8.462433e-01 -5.165610e-01 -1.305262e-01
    outer loop
      vertex   8.292610e+00 1.483195e+01 1.164686e-01
      vertex   7.120629e+00 1.291198e+01 1.164686e-01
      vertex   8.279523e+00 1.483994e+01 -6.270749e-16
    endloop
  endfacet
  facet normal 8.462433e-01 -5.165610e-01 -1.305262e-01
    outer loop
      vertex   8.279523e+00 1.483994e+01 -6.270749e-16
      vertex   7.120629e+00 1.291198e+01 1.164686e-01
      vertex   7.107541e+00 1.291997e+01 -3.273147e-16
    endloop
  endfacet
  facet normal 8.462433e-01 -5.165610e-01 1.305262e-01
    outer loop
      vertex   8.279523e+00 1.483994e+01 -6.270749e-16
      vertex   7.107541e+00 1.291997e+01 -3.273147e-16
      vertex   8.292610e+00 1.483195e+01 -1.164686e-01
    endloop
  endfacet
  facet normal 8.462433e-01 -5.165610e-01 1.305262e-01
    outer loop
      vertex   8.292610e+00 1.483195e+01 -1.164686e-01
      vertex   7.107541e+00 1.291997e+01 -3.273147e-16
      vertex   7.120629e+00 1.291198e+01 -1.164686e-01
    endloop
  endfacet
  facet normal 7.885732e-01 -4.813582e-01 3.826834e-01
    outer loop
      vertex   8.292610e+00 1.483195e+01 -1.164686e-01
      vertex   7.120629e+00 1.291198e+01 -1.164686e-01
      vertex   8.330982e+00 1.480853e+01 -2.250000e-01
    endloop
  endfacet
  facet normal 7.885732e-01 -4.813582e-01 3.826834e-01
    outer loop
      vertex   8.330982e+00 1.480853e+01 -2.250000e-01
      vertex   7.120629e+00 1.291198e+01 -1.164686e-01
      vertex   7.159000e+00 1.288856e+01 -2.250000e-01
    endloop
  endfacet
  facet normal 6.771631e-01 -4.133517e-01 6.087614e-01
    outer loop
      vertex   8.330982e+00 1.480853e+01 -2.250000e-01
      vertex   7.159000e+00 1.288856e+01 -2.250000e-01
      vertex   8.392022e+00 1.477127e+01 -3.181981e-01
    endloop
  endfacet
  facet normal 6.771631e-01 -4.133517e-01 6.087614e-01
    outer loop
      vertex   8.392022e+00 1.477127e+01 -3.181981e-01
      vertex   7.159000e+00 1.288856e+01 -2.250000e-01
      vertex   7.220040e+00 1.285130e+01 -3.181981e-01
    endloop
  endfacet
  facet normal 5.196056e-01 -3.171759e-01 7.933533e-01
    outer loop
      vertex   8.392022e+00 1.477127e+01 -3.181981e-01
      vertex   7.220040e+00 1.285130e+01 -3.181981e-01
      vertex   8.471570e+00 1.472271e+01 -3.897114e-01
    endloop
  endfacet
  facet normal 5.196056e-01 -3.171759e-01 7.933533e-01
    outer loop
      vertex   8.471570e+00 1.472271e+01 -3.897114e-01
      vertex   7.220040e+00 1.285130e+01 -3.181981e-01
      vertex   7.299589e+00 1.280274e+01 -3.897114e-01
    endloop
  endfacet
  facet normal 3.266377e-01 -1.993851e-01 9.238795e-01
    outer loop
      vertex   8.471570e+00 1.472271e+01 -3.897114e-01
      vertex   7.299589e+00 1.280274e+01 -3.897114e-01
      vertex   8.564207e+00 1.466616e+01 -4.346666e-01
    endloop
  endfacet
  facet normal 3.266377e-01 -1.993851e-01 9.238795e-01
    outer loop
      vertex   8.564207e+00 1.466616e+01 -4.346666e-01
      vertex   7.299589e+00 1.280274e+01 -3.897114e-01
      vertex   7.392226e+00 1.274619e+01 -4.346666e-01
    endloop
  endfacet
  facet normal 1.114100e-01 -6.800654e-02 9.914449e-01
    outer loop
      vertex   8.564207e+00 1.466616e+01 -4.346666e-01
      vertex   7.392226e+00 1.274619e+01 -4.346666e-01
      vertex   8.663618e+00 1.460548e+01 -4.500000e-01
    endloop
  endfacet
  facet normal 1.114100e-01 -6.800654e-02 9.914449e-01
    outer loop
      vertex   8.663618e+00 1.460548e+01 -4.500000e-01
      vertex   7.392226e+00 1.274619e+01 -4.346666e-01
      vertex   7.491637e+00 1.268551e+01 -4.500000e-01
    endloop
  endfacet
  facet normal -1.114100e-01 6.800654e-02 9.914449e-01
    outer loop
      vertex   8.663618e+00 1.460548e+01 -4.500000e-01
      vertex   7.491637e+00 1.268551e+01 -4.500000e-01
      vertex   8.763029e+00 1.454480e+01 -4.346666e-01
    endloop
  endfacet
  facet normal -1.114100e-01 6.800654e-02 9.914449e-01
    outer loop
      vertex   8.763029e+00 1.454480e+01 -4.346666e-01
      vertex   7.491637e+00 1.268551e+01 -4.500000e-01
      vertex   7.591048e+00 1.262483e+01 -4.346666e-01
    endloop
  endfacet
  facet normal -3.266377e-01 1.993851e-01 9.238795e-01
    outer loop
      vertex   8.763029e+00 1.454480e+01 -4.346666e-01
      vertex   7.591048e+00 1.262483e+01 -4.346666e-01
      vertex   8.855666e+00 1.448825e+01 -3.897114e-01
    endloop
  endfacet
  facet normal -3.266377e-01 1.993851e-01 9.238795e-01
    outer loop
      vertex   8.855666e+00 1.448825e+01 -3.897114e-01
      vertex   7.591048e+00 1.262483e+01 -4.346666e-01
      vertex   7.683685e+00 1.256828e+01 -3.897114e-01
    endloop
  endfacet
  facet normal -5.196056e-01 3.171759e-01 7.933533e-01
    outer loop
      vertex   8.855666e+00 1.448825e+01 -3.897114e-01
      vertex   7.683685e+00 1.256828e+01 -3.897114e-01
      vertex   8.935215e+00 1.443969e+01 -3.181981e-01
    endloop
  endfacet
  facet normal -5.196056e-01 3.171759e-01 7.933533e-01
    outer loop
      vertex   8.935215e+00 1.443969e+01 -3.181981e-01
      vertex   7.683685e+00 1.256828e+01 -3.897114e-01
      vertex   7.763233e+00 1.251972e+01 -3.181981e-01
    endloop
  endfacet
  facet normal -6.771631e-01 4.133517e-01 6.087614e-01
    outer loop
      vertex   8.935215e+00 1.443969e+01 -3.181981e-01
      vertex   7.763233e+00 1.251972e+01 -3.181981e-01
      vertex   8.996255e+00 1.440243e+01 -2.250000e-01
    endloop
  endfacet
  facet normal -6.771631e-01 4.133517e-01 6.087614e-01
    outer loop
      vertex   8.996255e+00 1.440243e+01 -2.250000e-01
      vertex   7.763233e+00 1.251972e+01 -3.181981e-01
      vertex   7.824273e+00 1.248246e+01 -2.250000e-01
    endloop
  endfacet
  facet normal -7.885732e-01 4.813582e-01 3.826834e-01
    outer loop
      vertex   8.996255e+00 1.440243e+01 -2.250000e-01
      vertex   7.824273e+00 1.248246e+01 -2.250000e-01
      vertex   9.034626e+00 1.437901e+01 -1.164686e-01
    endloop
  endfacet
  facet normal -7.885732e-01 4.813582e-01 3.826834e-01
    outer loop
      vertex   9.034626e+00 1.437901e+01 -1.164686e-01
      vertex   7.824273e+00 1.248246e+01 -2.250000e-01
      vertex   7.862645e+00 1.245904e+01 -1.164686e-01
    endloop
  endfacet
  facet normal -8.462433e-01 5.165610e-01 1.305262e-01
    outer loop
      vertex   9.034626e+00 1.437901e+01 -1.164686e-01
      vertex   7.862645e+00 1.245904e+01 -1.164686e-01
      vertex   9.047714e+00 1.437102e+01 5.719659e-16
    endloop
  endfacet
  facet normal -8.462433e-01 5.165610e-01 1.305262e-01
    outer loop
      vertex   9.047714e+00 1.437102e+01 5.719659e-16
      vertex   7.862645e+00 1.245904e+01 -1.164686e-01
      vertex   7.875732e+00 1.245105e+01 2.722057e-16
    endloop
  endfacet
  facet normal -8.462433e-01 5.165610e-01 -1.305262e-01
    outer loop
      vertex   9.047714e+00 1.437102e+01 5.719659e-16
      vertex   7.875732e+00 1.245105e+01 2.722057e-16
      vertex   9.034626e+00 1.437901e+01 1.164686e-01
    endloop
  endfacet
  facet normal -8.462433e-01 5.165610e-01 -1.305262e-01
    outer loop
      vertex   9.034626e+00 1.437901e+01 1.164686e-01
      vertex   7.875732e+00 1.245105e+01 2.722057e-16
      vertex   7.862645e+00 1.245904e+01 1.164686e-01
    endloop
  endfacet
  facet normal -7.885732e-01 4.813582e-01 -3.826834e-01
    outer loop
      vertex   9.034626e+00 1.437901e+01 1.164686e-01
      vertex   7.862645e+00 1.245904e+01 1.164686e-01
      vertex   8.996255e+00 1.440243e+01 2.250000e-01
    endloop
  endfacet
  facet normal -7.885732e-01 4.813582e-01 -3.826834e-01
    outer loop
      vertex   8.996255e+00 1.440243e+01 2.250000e-01
      vertex   7.862645e+00 1.245904e+01 1.164686e-01
      vertex   7.824273e+00 1.248246e+01 2.250000e-01
    endloop
  endfacet
  facet normal -6.771631e-01 4.133517e-01 -6.087614e-01
    outer loop
      vertex   8.996255e+00 1.440243e+01 2.250000e-01
      vertex   7.824273e+00 1.248246e+01 2.250000e-01
      vertex   8.935215e+00 1.443969e+01 3.181981e-01
    endloop
  endfacet
  facet normal -6.771631e-01 4.133517e-01 -6.087614e-01
    outer loop
      vertex   8.935215e+00 1.443969e+01 3.181981e-01
      vertex   7.824273e+00 1.248246e+01 2.250000e-01
      vertex   7.763233e+00 1.251972e+01 3.181981e-01
    endloop
  endfacet
  facet normal -5.196056e-01 3.171759e-01 -7.933533e-01
    outer loop
      vertex   8.935215e+00 1.443969e+01 3.181981e-01
      vertex   7.763233e+00 1.251972e+01 3.181981e-01
      vertex   8.855666e+00 1.448825e+01 3.897114e-01
    endloop
  endfacet
  facet normal -5.196056e-01 3.171759e-01 -7.933533e-01
    outer loop
      vertex   8.855666e+00 1.448825e+01 3.897114e-01
      vertex   7.763233e+00 1.251972e+01 3.181981e-01
      vertex   7.683685e+00 1.256828e+01 3.897114e-01
    endloop
  endfacet
  facet normal -3.266377e-01 1.993851e-01 -9.238795e-01
    outer loop
      vertex   8.855666e+00 1.448825e+01 3.897114e-01
      vertex   7.683685e+00 1.256828e+01 3.897114e-01
      vertex   8.763029e+00 1.454480e+01 4.346666e-01
    endloop
  endfacet
  facet normal -3.266377e-01 1.993851e-01 -9.238795e-01
    outer loop
      vertex   8.763029e+00 1.454480e+01 4.346666e-01
      vertex   7.683685e+00 1.256828e+01 3.897114e-01
      vertex   7.591048e+00 1.262483e+01 4.346666e-01
    endloop
  endfacet
  facet normal 2.873765e-15 8.729958e-15 1.000000e+00
    outer loop
      vertex   -1.203756e+00 1.177923e+01 7.150000e+00
      vertex   9.665021e-01 1.106482e+01 7.150000e+00
      vertex   -1.600000e+00 1.201141e+01 7.150000e+00
    endloop
  endfacet
  facet normal 1.403169e-16 1.318734e-15 1.000000e+00
    outer loop
      vertex   -1.600000e+00 1.201141e+01 7.150000e+00
      vertex   9.665021e-01 1.106482e+01 7.150000e+00
      vertex   1.423179e+00 1.101622e+01 7.150000e+00
    endloop
  endfacet
  facet normal -2.559020e-16 1.150952e-16 1.000000e+00
    outer loop
      vertex   -1.600000e+00 1.201141e+01 7.150000e+00
      vertex   1.423179e+00 1.101622e+01 7.150000e+00
      vertex   4.249388e+00 1.730000e+01 7.150000e+00
    endloop
  endfacet
  facet normal 0.000000e+00 0.000000e+00 1.000000e+00
    outer loop
      vertex   4.249388e+00 1.730000e+01 7.150000e+00
      vertex   1.423179e+00 1.101622e+01 7.150000e+00
      vertex   1.020000e+01 1.366765e+01 7.150000e+00
    endloop
  endfacet
  facet normal 0.000000e+00 0.000000e+00 1.000000e+00
    outer loop
      vertex   1.020000e+01 1.366765e+01 7.150000e+00
      vertex   1.423179e+00 1.101622e+01 7.150000e+00
      vertex   1.020000e+01 1.350000e+01 7.150000e+00
    endloop
  endfacet
  facet normal 0.000000e+00 0.000000e+00 1.000000e+00
    outer loop
      vertex   1.020000e+01 1.350000e+01 7.150000e+00
      vertex   1.423179e+00 1.101622e+01 7.150000e+00
      vertex   1.018428e+01 1.322009e+01 7.150000e+00
    endloop
  endfacet
  facet normal 0.000000e+00 0.000000e+00 1.000000e+00
    outer loop
      vertex   1.018428e+01 1.322009e+01 7.150000e+00
      vertex   1.423179e+00 1.101622e+01 7.150000e+00
      vertex   1.013732e+01 1.294370e+01 7.150000e+00
    endloop
  endfacet
  facet normal 0.000000e+00 0.000000e+00 1.000000e+00
    outer loop
      vertex   1.013732e+01 1.294370e+01 7.150000e+00
      vertex   1.423179e+00 1.101622e+01 7.150000e+00
      vertex   8.256302e+00 1.106268e+01 7.150000e+00
    endloop
  endfacet
  facet normal 0.000000e+00 0.000000e+00 1.000000e+00
    outer loop
      vertex   1.013732e+01 1.294370e+01 7.150000e+00
      vertex   8.256302e+00 1.106268e+01 7.150000e+00
      vertex   1.005971e+01 1.267430e+01 7.150000e+00
    endloop
  endfacet
  facet normal 0.000000e+00 0.000000e+00 1.000000e+00
    outer loop
      vertex   1.005971e+01 1.267430e+01 7.150000e+00
      vertex   8.256302e+00 1.106268e+01 7.150000e+00
      vertex   9.952422e+00 1.241529e+01 7.150000e+00
    endloop
  endfacet
  facet normal 0.000000e+00 0.000000e+00 1.000000e+00
    outer loop
      vertex   9.952422e+00 1.241529e+01 7.150000e+00
      vertex   8.256302e+00 1.106268e+01 7.150000e+00
      vertex   9.816810e+00 1.216992e+01 7.150000e+00
    endloop
  endfacet
  facet normal 0.000000e+00 0.000000e+00 1.000000e+00
    outer loop
      vertex   9.816810e+00 1.216992e+01 7.150000e+00
      vertex   8.256302e+00 1.106268e+01 7.150000e+00
      vertex   9.654579e+00 1.194128e+01 7.150000e+00
    endloop
  endfacet
  facet normal 0.000000e+00 0.000000e+00 1.000000e+00
    outer loop
      vertex   9.654579e+00 1.194128e+01 7.150000e+00
      vertex   8.256302e+00 1.106268e+01 7.150000e+00
      vertex   9.467767e+00 1.173223e+01 7.150000e+00
    endloop
  endfacet
  facet normal 0.000000e+00 0.000000e+00 1.000000e+00
    outer loop
      vertex   9.467767e+00 1.173223e+01 7.150000e+00
      vertex   8.256302e+00 1.106268e+01 7.150000e+00
      vertex   9.258725e+00 1.154542e+01 7.150000e+00
    endloop
  endfacet
  facet normal 0.000000e+00 0.000000e+00 1.000000e+00
    outer loop
      vertex   9.258725e+00 1.154542e+01 7.150000e+00
      vertex   8.256302e+00 1.106268e+01 7.150000e+00
      vertex   9.030080e+00 1.138319e+01 7.150000e+00
    endloop
  endfacet
  facet normal 0.000000e+00 0.000000e+00 1.000000e+00
    outer loop
      vertex   9.030080e+00 1.138319e+01 7.150000e+00
      vertex   8.256302e+00 1.106268e+01 7.150000e+00
      vertex   8.784709e+00 1.124758e+01 7.150000e+00
    endloop
  endfacet
  facet normal 0.000000e+00 0.000000e+00 1.000000e+00
    outer loop
      vertex   8.784709e+00 1.124758e+01 7.150000e+00
      vertex   8.256302e+00 1.106268e+01 7.150000e+00
      vertex   8.525698e+00 1.114029e+01 7.150000e+00
    endloop
  endfacet
  facet normal 0.000000e+00 0.000000e+00 1.000000e+00
    outer loop
      vertex   -1.203756e+00 1.177923e+01 7.150000e+00
      vertex   -7.921076e-01 1.157561e+01 7.150000e+00
      vertex   9.665021e-01 1.106482e+01 7.150000e+00
    endloop
  endfacet
  facet normal 0.000000e+00 0.000000e+00 1.000000e+00
    outer loop
      vertex   9.665021e-01 1.106482e+01 7.150000e+00
      vertex   -7.921076e-01 1.157561e+01 7.150000e+00
      vertex   -3.671089e-01 1.140157e+01 7.150000e+00
    endloop
  endfacet
  facet normal 0.000000e+00 0.000000e+00 1.000000e+00
    outer loop
      vertex   9.665021e-01 1.106482e+01 7.150000e+00
      vertex   -3.671089e-01 1.140157e+01 7.150000e+00
      vertex   6.911832e-02 1.125797e+01 7.150000e+00
    endloop
  endfacet
  facet normal 0.000000e+00 0.000000e+00 1.000000e+00
    outer loop
      vertex   6.911832e-02 1.125797e+01 7.150000e+00
      vertex   5.143963e-01 1.114553e+01 7.150000e+00
      vertex   9.665021e-01 1.106482e+01 7.150000e+00
    endloop
  endfacet
  facet normal 0.000000e+00 0.000000e+00 1.000000e+00
    outer loop
      vertex   8.256302e+00 1.106268e+01 7.150000e+00
      vertex   1.423179e+00 1.101622e+01 7.150000e+00
      vertex   7.979911e+00 1.101572e+01 7.150000e+00
    endloop
  endfacet
  facet normal 0.000000e+00 0.000000e+00 1.000000e+00
    outer loop
      vertex   7.979911e+00 1.101572e+01 7.150000e+00
      vertex   1.423179e+00 1.101622e+01 7.150000e+00
      vertex   1.882147e+00 1.100000e+01 7.150000e+00
    endloop
  endfacet
  facet normal 0.000000e+00 0.000000e+00 1.000000e+00
    outer loop
      vertex   7.979911e+00 1.101572e+01 7.150000e+00
      vertex   1.882147e+00 1.100000e+01 7.150000e+00
      vertex   7.700000e+00 1.100000e+01 7.150000e+00
    endloop
  endfacet
  facet normal 0.000000e+00 -1.679423e-16 1.000000e+00
    outer loop
      vertex   4.249388e+00 1.730000e+01 7.150000e+00
      vertex   -1.600000e+00 1.730000e+01 7.150000e+00
      vertex   -1.600000e+00 1.201141e+01 7.150000e+00
    endloop
  endfacet
  facet normal 1.000000e+00 -0.000000e+00 0.000000e+00
    outer loop
      vertex   -1.600000e+00 1.201141e+01 7.352000e+00
      vertex   -1.600000e+00 1.201141e+01 7.150000e+00
      vertex   -1.600000e+00 1.730000e+01 7.352000e+00
    endloop
  endfacet
  facet normal 1.000000e+00 0.000000e+00 0.000000e+00
    outer loop
      vertex   -1.600000e+00 1.730000e+01 7.352000e+00
      vertex   -1.600000e+00 1.201141e+01 7.150000e+00
      vertex   -1.600000e+00 1.730000e+01 7.150000e+00
    endloop
  endfacet
  facet normal -5.000000e-01 -8.660254e-01 -0.000000e+00
    outer loop
      vertex   -3.450000e+00 1.973509e+01 6.927000e+00
      vertex   -4.550000e+00 2.037017e+01 6.927000e+00
      vertex   -3.450000e+00 1.973509e+01 6.227000e+00
    endloop
  endfacet
  facet normal -5.000000e-01 -8.660254e-01 0.000000e+00
    outer loop
      vertex   -3.450000e+00 1.973509e+01 6.227000e+00
      vertex   -4.550000e+00 2.037017e+01 6.927000e+00
      vertex   -4.550000e+00 2.037017e+01 6.227000e+00
    endloop
  endfacet
  facet normal 5.000000e-01 -8.660254e-01 0.000000e+00
    outer loop
      vertex   -4.550000e+00 2.037017e+01 6.927000e+00
      vertex   -5.650000e+00 1.973509e+01 6.927000e+00
      vertex   -4.550000e+00 2.037017e+01 6.227000e+00
    endloop
  endfacet
  facet normal 5.000000e-01 -8.660254e-01 0.000000e+00
    outer loop
      vertex   -4.550000e+00 2.037017e+01 6.227000e+00
      vertex   -5.650000e+00 1.973509e+01 6.927000e+00
      vertex   -5.650000e+00 1.973509e+01 6.227000e+00
    endloop
  endfacet
  facet normal 1.000000e+00 -6.992592e-16 0.000000e+00
    outer loop
      vertex   -5.650000e+00 1.973509e+01 6.927000e+00
      vertex   -5.650000e+00 1.846491e+01 6.927000e+00
      vertex   -5.650000e+00 1.973509e+01 6.227000e+00
    endloop
  endfacet
  facet normal 1.000000e+00 -6.992592e-16 0.000000e+00
    outer loop
      vertex   -5.650000e+00 1.973509e+01 6.227000e+00
      vertex   -5.650000e+00 1.846491e+01 6.927000e+00
      vertex   -5.650000e+00 1.846491e+01 6.227000e+00
    endloop
  endfacet
  facet normal 5.000000e-01 8.660254e-01 0.000000e+00
    outer loop
      vertex   -5.650000e+00 1.846491e+01 6.927000e+00
      vertex   -4.550000e+00 1.782983e+01 6.927000e+00
      vertex   -5.650000e+00 1.846491e+01 6.227000e+00
    endloop
  endfacet
  facet normal 5.000000e-01 8.660254e-01 0.000000e+00
    outer loop
      vertex   -5.650000e+00 1.846491e+01 6.227000e+00
      vertex   -4.550000e+00 1.782983e+01 6.927000e+00
      vertex   -4.550000e+00 1.782983e+01 6.227000e+00
    endloop
  endfacet
  facet normal -5.000000e-01 8.660254e-01 0.000000e+00
    outer loop
      vertex   -4.550000e+00 1.782983e+01 6.927000e+00
      vertex   -3.450000e+00 1.846491e+01 6.927000e+00
      vertex   -4.550000e+00 1.782983e+01 6.227000e+00
    endloop
  endfacet
  facet normal -5.000000e-01 8.660254e-01 0.000000e+00
    outer loop
      vertex   -4.550000e+00 1.782983e+01 6.227000e+00
      vertex   -3.450000e+00 1.846491e+01 6.927000e+00
      vertex   -3.450000e+00 1.846491e+01 6.227000e+00
    endloop
  endfacet
  facet normal -1.000000e+00 2.097777e-15 0.000000e+00
    outer loop
      vertex   -3.450000e+00 1.846491e+01 6.927000e+00
      vertex   -3.450000e+00 1.973509e+01 6.927000e+00
      vertex   -3.450000e+00 1.846491e+01 6.227000e+00
    endloop
  endfacet
  facet normal -1.000000e+00 2.097777e-15 0.000000e+00
    outer loop
      vertex   -3.450000e+00 1.846491e+01 6.227000e+00
      vertex   -3.450000e+00 1.973509e+01 6.927000e+00
      vertex   -3.450000e+00 1.973509e+01 6.227000e+00
    endloop
  endfacet
  facet normal 0.000000e+00 0.000000e+00 1.000000e+00
    outer loop
      vertex   -5.182479e+00 1.924990e+01 6.227000e+00
      vertex   -5.650000e+00 1.973509e+01 6.227000e+00
      vertex   -5.200000e+00 1.910000e+01 6.227000e+00
    endloop
  endfacet
  facet normal 0.000000e+00 0.000000e+00 1.000000e+00
    outer loop
      vertex   -5.200000e+00 1.910000e+01 6.227000e+00
      vertex   -5.650000e+00 1.973509e+01 6.227000e+00
      vertex   -5.650000e+00 1.846491e+01 6.227000e+00
    endloop
  endfacet
  facet normal 0.000000e+00 0.000000e+00 1.000000e+00
    outer loop
      vertex   -5.200000e+00 1.910000e+01 6.227000e+00
      vertex   -5.650000e+00 1.846491e+01 6.227000e+00
      vertex   -5.182479e+00 1.895010e+01 6.227000e+00
    endloop
  endfacet
  facet normal 0.000000e+00 0.000000e+00 1.000000e+00
    outer loop
      vertex   -5.182479e+00 1.895010e+01 6.227000e+00
      vertex   -5.650000e+00 1.846491e+01 6.227000e+00
      vertex   -5.130861e+00 1.880828e+01 6.227000e+00
    endloop
  endfacet
  facet normal 0.000000e+00 0.000000e+00 1.000000e+00
    outer loop
      vertex   -5.130861e+00 1.880828e+01 6.227000e+00
      vertex   -5.650000e+00 1.846491e+01 6.227000e+00
      vertex   -5.047929e+00 1.868219e+01 6.227000e+00
    endloop
  endfacet
  facet normal 0.000000e+00 0.000000e+00 1.000000e+00
    outer loop
      vertex   -5.047929e+00 1.868219e+01 6.227000e+00
      vertex   -5.650000e+00 1.846491e+01 6.227000e+00
      vertex   -4.938153e+00 1.857862e+01 6.227000e+00
    endloop
  endfacet
  facet normal 0.000000e+00 0.000000e+00 1.000000e+00
    outer loop
      vertex   -4.938153e+00 1.857862e+01 6.227000e+00
      vertex   -5.650000e+00 1.846491e+01 6.227000e+00
      vertex   -4.550000e+00 1.782983e+01 6.227000e+00
    endloop
  endfacet
  facet normal 0.000000e+00 0.000000e+00 1.000000e+00
    outer loop
      vertex   -4.938153e+00 1.857862e+01 6.227000e+00
      vertex   -4.550000e+00 1.782983e+01 6.227000e+00
      vertex   -4.807452e+00 1.850316e+01 6.227000e+00
    endloop
  endfacet
  facet normal 0.000000e+00 0.000000e+00 1.000000e+00
    outer loop
      vertex   -4.807452e+00 1.850316e+01 6.227000e+00
      vertex   -4.550000e+00 1.782983e+01 6.227000e+00
      vertex   -4.662871e+00 1.845987e+01 6.227000e+00
    endloop
  endfacet
  facet normal 0.000000e+00 0.000000e+00 1.000000e+00
    outer loop
      vertex   -4.662871e+00 1.845987e+01 6.227000e+00
      vertex   -4.550000e+00 1.782983e+01 6.227000e+00
      vertex   -4.512206e+00 1.845110e+01 6.227000e+00
    endloop
  endfacet
  facet normal -0.000000e+00 0.000000e+00 1.000000e+00
    outer loop
      vertex   -4.512206e+00 1.845110e+01 6.227000e+00
      vertex   -4.550000e+00 1.782983e+01 6.227000e+00
      vertex   -4.363578e+00 1.847731e+01 6.227000e+00
    endloop
  endfacet
  facet normal -0.000000e+00 0.000000e+00 1.000000e+00
    outer loop
      vertex   -4.363578e+00 1.847731e+01 6.227000e+00
      vertex   -4.550000e+00 1.782983e+01 6.227000e+00
      vertex   -4.225000e+00 1.853708e+01 6.227000e+00
    endloop
  endfacet
  facet normal 1.099009e-15 -5.050205e-16 1.000000e+00
    outer loop
      vertex   -4.225000e+00 1.853708e+01 6.227000e+00
      vertex   -4.550000e+00 1.782983e+01 6.227000e+00
      vertex   -3.450000e+00 1.846491e+01 6.227000e+00
    endloop
  endfacet
  facet normal 1.018624e-15 -1.368249e-15 1.000000e+00
    outer loop
      vertex   -4.225000e+00 1.853708e+01 6.227000e+00
      vertex   -3.450000e+00 1.846491e+01 6.227000e+00
      vertex   -4.103943e+00 1.862721e+01 6.227000e+00
    endloop
  endfacet
  facet normal 1.124102e-15 -9.432338e-16 1.000000e+00
    outer loop
      vertex   -4.103943e+00 1.862721e+01 6.227000e+00
      vertex   -3.450000e+00 1.846491e+01 6.227000e+00
      vertex   -4.006933e+00 1.874282e+01 6.227000e+00
    endloop
  endfacet
  facet normal 1.275199e-15 -6.404290e-16 1.000000e+00
    outer loop
      vertex   -4.006933e+00 1.874282e+01 6.227000e+00
      vertex   -3.450000e+00 1.846491e+01 6.227000e+00
      vertex   -3.939200e+00 1.887769e+01 6.227000e+00
    endloop
  endfacet
  facet normal 1.513007e-15 -3.585893e-16 1.000000e+00
    outer loop
      vertex   -3.939200e+00 1.887769e+01 6.227000e+00
      vertex   -3.450000e+00 1.846491e+01 6.227000e+00
      vertex   -3.904395e+00 1.902454e+01 6.227000e+00
    endloop
  endfacet
  facet normal 1.954639e-15 -0.000000e+00 1.000000e+00
    outer loop
      vertex   -3.904395e+00 1.902454e+01 6.227000e+00
      vertex   -3.450000e+00 1.846491e+01 6.227000e+00
      vertex   -3.904395e+00 1.917546e+01 6.227000e+00
    endloop
  endfacet
  facet normal 1.954639e-15 -4.100398e-30 1.000000e+00
    outer loop
      vertex   -3.904395e+00 1.917546e+01 6.227000e+00
      vertex   -3.450000e+00 1.846491e+01 6.227000e+00
      vertex   -3.450000e+00 1.973509e+01 6.227000e+00
    endloop
  endfacet
  facet normal 1.513007e-15 3.585893e-16 1.000000e+00
    outer loop
      vertex   -3.904395e+00 1.917546e+01 6.227000e+00
      vertex   -3.450000e+00 1.973509e+01 6.227000e+00
      vertex   -3.939200e+00 1.932231e+01 6.227000e+00
    endloop
  endfacet
  facet normal 1.275199e-15 6.404290e-16 1.000000e+00
    outer loop
      vertex   -3.939200e+00 1.932231e+01 6.227000e+00
      vertex   -3.450000e+00 1.973509e+01 6.227000e+00
      vertex   -4.006933e+00 1.945718e+01 6.227000e+00
    endloop
  endfacet
  facet normal 1.124102e-15 9.432338e-16 1.000000e+00
    outer loop
      vertex   -4.006933e+00 1.945718e+01 6.227000e+00
      vertex   -3.450000e+00 1.973509e+01 6.227000e+00
      vertex   -4.103943e+00 1.957279e+01 6.227000e+00
    endloop
  endfacet
  facet normal 1.018624e-15 1.368249e-15 1.000000e+00
    outer loop
      vertex   -4.103943e+00 1.957279e+01 6.227000e+00
      vertex   -3.450000e+00 1.973509e+01 6.227000e+00
      vertex   -4.225000e+00 1.966292e+01 6.227000e+00
    endloop
  endfacet
  facet normal 1.099009e-15 5.050205e-16 1.000000e+00
    outer loop
      vertex   -4.225000e+00 1.966292e+01 6.227000e+00
      vertex   -3.450000e+00 1.973509e+01 6.227000e+00
      vertex   -4.550000e+00 2.037017e+01 6.227000e+00
    endloop
  endfacet
  facet normal 0.000000e+00 0.000000e+00 1.000000e+00
    outer loop
      vertex   -4.225000e+00 1.966292e+01 6.227000e+00
      vertex   -4.550000e+00 2.037017e+01 6.227000e+00
      vertex   -4.363578e+00 1.972269e+01 6.227000e+00
    endloop
  endfacet
  facet normal 0.000000e+00 0.000000e+00 1.000000e+00
    outer loop
      vertex   -4.363578e+00 1.972269e+01 6.227000e+00
      vertex   -4.550000e+00 2.037017e+01 6.227000e+00
      vertex   -4.512206e+00 1.974890e+01 6.227000e+00
    endloop
  endfacet
  facet normal 0.000000e+00 0.000000e+00 1.000000e+00
    outer loop
      vertex   -4.512206e+00 1.974890e+01 6.227000e+00
      vertex   -4.550000e+00 2.037017e+01 6.227000e+00
      vertex   -4.662871e+00 1.974013e+01 6.227000e+00
    endloop
  endfacet
  facet normal 0.000000e+00 -0.000000e+00 1.000000e+00
    outer loop
      vertex   -4.662871e+00 1.974013e+01 6.227000e+00
      vertex   -4.550000e+00 2.037017e+01 6.227000e+00
      vertex   -4.807452e+00 1.969684e+01 6.227000e+00
    endloop
  endfacet
  facet normal 0.000000e+00 -0.000000e+00 1.000000e+00
    outer loop
      vertex   -4.807452e+00 1.969684e+01 6.227000e+00
      vertex   -4.550000e+00 2.037017e+01 6.227000e+00
      vertex   -4.938153e+00 1.962138e+01 6.227000e+00
    endloop
  endfacet
  facet normal 0.000000e+00 -0.000000e+00 1.000000e+00
    outer loop
      vertex   -4.938153e+00 1.962138e+01 6.227000e+00
      vertex   -4.550000e+00 2.037017e+01 6.227000e+00
      vertex   -5.650000e+00 1.973509e+01 6.227000e+00
    endloop
  endfacet
  facet normal 0.000000e+00 0.000000e+00 1.000000e+00
    outer loop
      vertex   -4.938153e+00 1.962138e+01 6.227000e+00
      vertex   -5.650000e+00 1.973509e+01 6.227000e+00
      vertex   -5.047929e+00 1.951781e+01 6.227000e+00
    endloop
  endfacet
  facet normal 0.000000e+00 0.000000e+00 1.000000e+00
    outer loop
      vertex   -5.047929e+00 1.951781e+01 6.227000e+00
      vertex   -5.650000e+00 1.973509e+01 6.227000e+00
      vertex   -5.130861e+00 1.939172e+01 6.227000e+00
    endloop
  endfacet
  facet normal 0.000000e+00 0.000000e+00 1.000000e+00
    outer loop
      vertex   -5.130861e+00 1.939172e+01 6.227000e+00
      vertex   -5.650000e+00 1.973509e+01 6.227000e+00
      vertex   -5.182479e+00 1.924990e+01 6.227000e+00
    endloop
  endfacet
  facet normal -4.618346e-02 -0.000000e+00 -9.989330e-01
    outer loop
      vertex   -7.600000e+00 1.730000e+01 -3.900000e+00
      vertex   -7.600000e+00 1.340000e+01 -3.900000e+00
      vertex   -7.969073e+00 1.730000e+01 -3.882937e+00
    endloop
  endfacet
  facet normal -4.618346e-02 -0.000000e+00 -9.989330e-01
    outer loop
      vertex   -7.969073e+00 1.730000e+01 -3.882937e+00
      vertex   -7.600000e+00 1.340000e+01 -3.900000e+00
      vertex   -7.969073e+00 1.340000e+01 -3.882937e+00
    endloop
  endfacet
  facet normal -1.381564e-01 -0.000000e+00 -9.904104e-01
    outer loop
      vertex   -7.969073e+00 1.730000e+01 -3.882937e+00
      vertex   -7.969073e+00 1.340000e+01 -3.882937e+00
      vertex   -8.334998e+00 1.730000e+01 -3.831892e+00
    endloop
  endfacet
  facet normal -1.381564e-01 -0.000000e+00 -9.904104e-01
    outer loop
      vertex   -8.334998e+00 1.730000e+01 -3.831892e+00
      vertex   -7.969073e+00 1.340000e+01 -3.882937e+00
      vertex   -8.334998e+00 1.340000e+01 -3.831892e+00
    endloop
  endfacet
  facet normal -2.289505e-01 -0.000000e+00 -9.734381e-01
    outer loop
      vertex   -8.334998e+00 1.730000e+01 -3.831892e+00
      vertex   -8.334998e+00 1.340000e+01 -3.831892e+00
      vertex   -8.694652e+00 1.730000e+01 -3.747303e+00
    endloop
  endfacet
  facet normal -2.289505e-01 1.042815e-16 -9.734381e-01
    outer loop
      vertex   -8.694652e+00 1.730000e+01 -3.747303e+00
      vertex   -8.334998e+00 1.340000e+01 -3.831892e+00
      vertex   -8.694652e+00 1.340000e+01 -3.747303e+00
    endloop
  endfacet
  facet normal -3.177914e-01 1.447464e-16 -9.481606e-01
    outer loop
      vertex   -8.694652e+00 1.730000e+01 -3.747303e+00
      vertex   -8.694652e+00 1.340000e+01 -3.747303e+00
      vertex   -9.044967e+00 1.730000e+01 -3.629889e+00
    endloop
  endfacet
  facet normal -3.177914e-01 -1.447464e-16 -9.481606e-01
    outer loop
      vertex   -9.044967e+00 1.730000e+01 -3.629889e+00
      vertex   -8.694652e+00 1.340000e+01 -3.747303e+00
      vertex   -9.044967e+00 1.340000e+01 -3.629889e+00
    endloop
  endfacet
  facet normal -4.039210e-01 -1.839764e-16 -9.147939e-01
    outer loop
      vertex   -9.044967e+00 1.730000e+01 -3.629889e+00
      vertex   -9.044967e+00 1.340000e+01 -3.629889e+00
      vertex   -9.382953e+00 1.730000e+01 -3.480653e+00
    endloop
  endfacet
  facet normal -4.039210e-01 -0.000000e+00 -9.147939e-01
    outer loop
      vertex   -9.382953e+00 1.730000e+01 -3.480653e+00
      vertex   -9.044967e+00 1.340000e+01 -3.629889e+00
      vertex   -9.382953e+00 1.340000e+01 -3.480653e+00
    endloop
  endfacet
  facet normal -4.866045e-01 -0.000000e+00 -8.736224e-01
    outer loop
      vertex   -9.382953e+00 1.730000e+01 -3.480653e+00
      vertex   -9.382953e+00 1.340000e+01 -3.480653e+00
      vertex   -9.705729e+00 1.730000e+01 -3.300869e+00
    endloop
  endfacet
  facet normal -4.866045e-01 -0.000000e+00 -8.736224e-01
    outer loop
      vertex   -9.705729e+00 1.730000e+01 -3.300869e+00
      vertex   -9.382953e+00 1.340000e+01 -3.480653e+00
      vertex   -9.705729e+00 1.340000e+01 -3.300869e+00
    endloop
  endfacet
  facet normal -5.651364e-01 -0.000000e+00 -8.249975e-01
    outer loop
      vertex   -9.705729e+00 1.730000e+01 -3.300869e+00
      vertex   -9.705729e+00 1.340000e+01 -3.300869e+00
      vertex   -1.001054e+01 1.730000e+01 -3.092069e+00
    endloop
  endfacet
  facet normal -5.651364e-01 -9.394166e-17 -8.249975e-01
    outer loop
      vertex   -1.001054e+01 1.730000e+01 -3.092069e+00
      vertex   -9.705729e+00 1.340000e+01 -3.300869e+00
      vertex   -1.001054e+01 1.340000e+01 -3.092069e+00
    endloop
  endfacet
  facet normal -6.388468e-01 -8.760331e-17 -7.693340e-01
    outer loop
      vertex   -1.001054e+01 1.730000e+01 -3.092069e+00
      vertex   -1.001054e+01 1.340000e+01 -3.092069e+00
      vertex   -1.029478e+01 1.730000e+01 -2.856036e+00
    endloop
  endfacet
  facet normal -6.388468e-01 -0.000000e+00 -7.693340e-01
    outer loop
      vertex   -1.029478e+01 1.730000e+01 -2.856036e+00
      vertex   -1.001054e+01 1.340000e+01 -3.092069e+00
      vertex   -1.029478e+01 1.340000e+01 -2.856036e+00
    endloop
  endfacet
  facet normal -7.071068e-01 -0.000000e+00 -7.071068e-01
    outer loop
      vertex   -1.029478e+01 1.730000e+01 -2.856036e+00
      vertex   -1.029478e+01 1.340000e+01 -2.856036e+00
      vertex   -1.055604e+01 1.730000e+01 -2.594783e+00
    endloop
  endfacet
  facet normal -7.071068e-01 -0.000000e+00 -7.071068e-01
    outer loop
      vertex   -1.055604e+01 1.730000e+01 -2.594783e+00
      vertex   -1.029478e+01 1.340000e+01 -2.856036e+00
      vertex   -1.055604e+01 1.340000e+01 -2.594783e+00
    endloop
  endfacet
  facet normal -7.693340e-01 -0.000000e+00 -6.388468e-01
    outer loop
      vertex   -1.055604e+01 1.730000e+01 -2.594783e+00
      vertex   -1.055604e+01 1.340000e+01 -2.594783e+00
      vertex   -1.079207e+01 1.730000e+01 -2.310539e+00
    endloop
  endfacet
  facet normal -7.693340e-01 -0.000000e+00 -6.388468e-01
    outer loop
      vertex   -1.079207e+01 1.730000e+01 -2.310539e+00
      vertex   -1.055604e+01 1.340000e+01 -2.594783e+00
      vertex   -1.079207e+01 1.340000e+01 -2.310539e+00
    endloop
  endfacet
  facet normal -8.249975e-01 -0.000000e+00 -5.651364e-01
    outer loop
      vertex   -1.079207e+01 1.730000e+01 -2.310539e+00
      vertex   -1.079207e+01 1.340000e+01 -2.310539e+00
      vertex   -1.100087e+01 1.730000e+01 -2.005729e+00
    endloop
  endfacet
  facet normal -8.249975e-01 -0.000000e+00 -5.651364e-01
    outer loop
      vertex   -1.100087e+01 1.730000e+01 -2.005729e+00
      vertex   -1.079207e+01 1.340000e+01 -2.310539e+00
      vertex   -1.100087e+01 1.340000e+01 -2.005729e+00
    endloop
  endfacet
  facet normal -8.736224e-01 -0.000000e+00 -4.866045e-01
    outer loop
      vertex   -1.100087e+01 1.730000e+01 -2.005729e+00
      vertex   -1.100087e+01 1.340000e+01 -2.005729e+00
      vertex   -1.118065e+01 1.730000e+01 -1.682953e+00
    endloop
  endfacet
  facet normal -8.736224e-01 -0.000000e+00 -4.866045e-01
    outer loop
      vertex   -1.118065e+01 1.730000e+01 -1.682953e+00
      vertex   -1.100087e+01 1.340000e+01 -2.005729e+00
      vertex   -1.118065e+01 1.340000e+01 -1.682953e+00
    endloop
  endfacet
  facet normal -9.147939e-01 -0.000000e+00 -4.039210e-01
    outer loop
      vertex   -1.118065e+01 1.730000e+01 -1.682953e+00
      vertex   -1.118065e+01 1.340000e+01 -1.682953e+00
      vertex   -1.132989e+01 1.730000e+01 -1.344967e+00
    endloop
  endfacet
  facet normal -9.147939e-01 -3.706727e-16 -4.039210e-01
    outer loop
      vertex   -1.132989e+01 1.730000e+01 -1.344967e+00
      vertex   -1.118065e+01 1.340000e+01 -1.682953e+00
      vertex   -1.132989e+01 1.340000e+01 -1.344967e+00
    endloop
  endfacet
  facet normal -9.481606e-01 -3.956779e-16 -3.177914e-01
    outer loop
      vertex   -1.132989e+01 1.730000e+01 -1.344967e+00
      vertex   -1.132989e+01 1.340000e+01 -1.344967e+00
      vertex   -1.144730e+01 1.730000e+01 -9.946520e-01
    endloop
  endfacet
  facet normal -9.481606e-01 4.047246e-16 -3.177914e-01
    outer loop
      vertex   -1.144730e+01 1.730000e+01 -9.946520e-01
      vertex   -1.132989e+01 1.340000e+01 -1.344967e+00
      vertex   -1.144730e+01 1.340000e+01 -9.946520e-01
    endloop
  endfacet
  facet normal -9.734381e-01 4.238250e-16 -2.289505e-01
    outer loop
      vertex   -1.144730e+01 1.730000e+01 -9.946520e-01
      vertex   -1.144730e+01 1.340000e+01 -9.946520e-01
      vertex   -1.153189e+01 1.730000e+01 -6.349981e-01
    endloop
  endfacet
  facet normal -9.734381e-01 -3.910556e-17 -2.289505e-01
    outer loop
      vertex   -1.153189e+01 1.730000e+01 -6.349981e-01
      vertex   -1.144730e+01 1.340000e+01 -9.946520e-01
      vertex   -1.153189e+01 1.340000e+01 -6.349981e-01
    endloop
  endfacet
  facet normal -9.904104e-01 -2.359759e-17 -1.381564e-01
    outer loop
      vertex   -1.153189e+01 1.730000e+01 -6.349981e-01
      vertex   -1.153189e+01 1.340000e+01 -6.349981e-01
      vertex   -1.158294e+01 1.730000e+01 -2.690734e-01
    endloop
  endfacet
  facet normal -9.904104e-01 -0.000000e+00 -1.381564e-01
    outer loop
      vertex   -1.158294e+01 1.730000e+01 -2.690734e-01
      vertex   -1.153189e+01 1.340000e+01 -6.349981e-01
      vertex   -1.158294e+01 1.340000e+01 -2.690734e-01
    endloop
  endfacet
  facet normal -9.989330e-01 -0.000000e+00 -4.618346e-02
    outer loop
      vertex   -1.158294e+01 1.730000e+01 -2.690734e-01
      vertex   -1.158294e+01 1.340000e+01 -2.690734e-01
      vertex   -1.160000e+01 1.730000e+01 1.000000e-01
    endloop
  endfacet
  facet normal -9.989330e-01 -0.000000e+00 -4.618346e-02
    outer loop
      vertex   -1.160000e+01 1.730000e+01 1.000000e-01
      vertex   -1.158294e+01 1.340000e+01 -2.690734e-01
      vertex   -1.160000e+01 1.340000e+01 1.000000e-01
    endloop
  endfacet
  facet normal -1.000000e+00 0.000000e+00 0.000000e+00
    outer loop
      vertex   -1.160000e+01 1.340000e+01 1.000000e-01
      vertex   -1.160000e+01 1.340000e+01 7.352000e+00
      vertex   -1.160000e+01 1.730000e+01 1.000000e-01
    endloop
  endfacet
  facet normal -1.000000e+00 0.000000e+00 0.000000e+00
    outer loop
      vertex   -1.160000e+01 1.730000e+01 1.000000e-01
      vertex   -1.160000e+01 1.340000e+01 7.352000e+00
      vertex   -1.160000e+01 1.730000e+01 7.352000e+00
    endloop
  endfacet
  facet normal 9.150203e-01 2.418039e-04 4.034078e-01
    outer loop
      vertex   -2.002635e+00 1.228427e+01 9.100567e+00
      vertex   -1.880831e+00 1.220000e+01 8.824338e+00
      vertex   -1.870111e+00 1.730000e+01 8.796967e+00
    endloop
  endfacet
  facet normal 9.385571e-01 -1.204696e-04 3.451240e-01
    outer loop
      vertex   -1.870111e+00 1.730000e+01 8.796967e+00
      vertex   -1.880831e+00 1.220000e+01 8.824338e+00
      vertex   -1.816132e+00 1.215453e+01 8.648375e+00
    endloop
  endfacet
  facet normal 9.481604e-01 7.695938e-04 3.177913e-01
    outer loop
      vertex   -1.870111e+00 1.730000e+01 8.796967e+00
      vertex   -1.816132e+00 1.215453e+01 8.648375e+00
      vertex   -1.752697e+00 1.730000e+01 8.446652e+00
    endloop
  endfacet
  facet normal 9.540796e-01 -1.838435e-05 2.995532e-01
    outer loop
      vertex   -1.752697e+00 1.730000e+01 8.446652e+00
      vertex   -1.816132e+00 1.215453e+01 8.648375e+00
      vertex   -1.759614e+00 1.211562e+01 8.468363e+00
    endloop
  endfacet
  facet normal 9.670761e-01 -2.244496e-04 2.544874e-01
    outer loop
      vertex   -1.752697e+00 1.730000e+01 8.446652e+00
      vertex   -1.759614e+00 1.211562e+01 8.468363e+00
      vertex   -1.711415e+00 1.208313e+01 8.285173e+00
    endloop
  endfacet
  facet normal 9.734379e-01 6.163409e-04 2.289505e-01
    outer loop
      vertex   -1.752697e+00 1.730000e+01 8.446652e+00
      vertex   -1.711415e+00 1.208313e+01 8.285173e+00
      vertex   -1.668108e+00 1.730000e+01 8.086998e+00
    endloop
  endfacet
  facet normal 9.778046e-01 -1.580580e-04 2.095191e-01
    outer loop
      vertex   -1.668108e+00 1.730000e+01 8.086998e+00
      vertex   -1.711415e+00 1.208313e+01 8.285173e+00
      vertex   -1.671671e+00 1.205690e+01 8.099675e+00
    endloop
  endfacet
  facet normal 9.863940e-01 -2.729894e-04 1.643985e-01
    outer loop
      vertex   -1.668108e+00 1.730000e+01 8.086998e+00
      vertex   -1.671671e+00 1.205690e+01 8.099675e+00
      vertex   -1.640521e+00 1.203676e+01 7.912739e+00
    endloop
  endfacet
  facet normal 9.904102e-01 6.169085e-04 1.381563e-01
    outer loop
      vertex   -1.668108e+00 1.730000e+01 8.086998e+00
      vertex   -1.640521e+00 1.203676e+01 7.912739e+00
      vertex   -1.617063e+00 1.730000e+01 7.721074e+00
    endloop
  endfacet
  facet normal 9.929262e-01 -1.016100e-04 1.187333e-01
    outer loop
      vertex   -1.617063e+00 1.730000e+01 7.721074e+00
      vertex   -1.640521e+00 1.203676e+01 7.912739e+00
      vertex   -1.618101e+00 1.202257e+01 7.725234e+00
    endloop
  endfacet
  facet normal 9.973892e-01 -1.391601e-04 7.221335e-02
    outer loop
      vertex   -1.617063e+00 1.730000e+01 7.721074e+00
      vertex   -1.618101e+00 1.202257e+01 7.725234e+00
      vertex   -1.604548e+00 1.201417e+01 7.538031e+00
    endloop
  endfacet
  facet normal 9.997013e-01 -0.000000e+00 2.444069e-02
    outer loop
      vertex   -1.600000e+00 1.201141e+01 7.352000e+00
      vertex   -1.600000e+00 1.730000e+01 7.352000e+00
      vertex   -1.604548e+00 1.201417e+01 7.538031e+00
    endloop
  endfacet
  facet normal 9.989327e-01 7.658821e-04 4.618345e-02
    outer loop
      vertex   -1.604548e+00 1.201417e+01 7.538031e+00
      vertex   -1.600000e+00 1.730000e+01 7.352000e+00
      vertex   -1.617063e+00 1.730000e+01 7.721074e+00
    endloop
  endfacet
  facet normal 9.147938e-01 2.788494e-04 4.039210e-01
    outer loop
      vertex   -1.870111e+00 1.730000e+01 8.796967e+00
      vertex   -2.019347e+00 1.730000e+01 9.134954e+00
      vertex   -2.002635e+00 1.228427e+01 9.100567e+00
    endloop
  endfacet
  facet normal 8.815941e-01 -2.985550e-04 4.720081e-01
    outer loop
      vertex   -2.002635e+00 1.228427e+01 9.100567e+00
      vertex   -2.019347e+00 1.730000e+01 9.134954e+00
      vertex   -2.144100e+00 1.237693e+01 9.364847e+00
    endloop
  endfacet
  facet normal 8.736222e-01 5.850588e-04 4.866044e-01
    outer loop
      vertex   -2.144100e+00 1.237693e+01 9.364847e+00
      vertex   -2.019347e+00 1.730000e+01 9.134954e+00
      vertex   -2.199131e+00 1.730000e+01 9.457729e+00
    endloop
  endfacet
  facet normal 8.443745e-01 -6.691525e-04 5.357530e-01
    outer loop
      vertex   -2.144100e+00 1.237693e+01 9.364847e+00
      vertex   -2.199131e+00 1.730000e+01 9.457729e+00
      vertex   -2.303033e+00 1.247512e+01 9.615456e+00
    endloop
  endfacet
  facet normal 8.249973e-01 7.086795e-04 5.651363e-01
    outer loop
      vertex   -2.303033e+00 1.247512e+01 9.615456e+00
      vertex   -2.199131e+00 1.730000e+01 9.457729e+00
      vertex   -2.407931e+00 1.730000e+01 9.762539e+00
    endloop
  endfacet
  facet normal 8.035416e-01 -6.757281e-04 5.952482e-01
    outer loop
      vertex   -2.303033e+00 1.247512e+01 9.615456e+00
      vertex   -2.407931e+00 1.730000e+01 9.762539e+00
      vertex   -2.477204e+00 1.257604e+01 9.850689e+00
    endloop
  endfacet
  facet normal 7.693338e-01 6.394588e-04 6.388467e-01
    outer loop
      vertex   -2.477204e+00 1.257604e+01 9.850689e+00
      vertex   -2.407931e+00 1.730000e+01 9.762539e+00
      vertex   -2.643964e+00 1.730000e+01 1.004678e+01
    endloop
  endfacet
  facet normal 7.588686e-01 -2.445832e-04 6.512438e-01
    outer loop
      vertex   -2.477204e+00 1.257604e+01 9.850689e+00
      vertex   -2.643964e+00 1.730000e+01 1.004678e+01
      vertex   -2.664383e+00 1.267685e+01 1.006884e+01
    endloop
  endfacet
  facet normal 7.095757e-01 2.278133e-04 7.046292e-01
    outer loop
      vertex   -2.664383e+00 1.267685e+01 1.006884e+01
      vertex   -2.643964e+00 1.730000e+01 1.004678e+01
      vertex   -2.863517e+00 1.277531e+01 1.026934e+01
    endloop
  endfacet
  facet normal 7.071067e-01 4.694801e-04 7.071067e-01
    outer loop
      vertex   -2.863517e+00 1.277531e+01 1.026934e+01
      vertex   -2.643964e+00 1.730000e+01 1.004678e+01
      vertex   -2.905217e+00 1.730000e+01 1.030804e+01
    endloop
  endfacet
  facet normal 6.559576e-01 -4.097830e-04 7.547977e-01
    outer loop
      vertex   -2.863517e+00 1.277531e+01 1.026934e+01
      vertex   -2.905217e+00 1.730000e+01 1.030804e+01
      vertex   -3.080896e+00 1.287303e+01 1.045831e+01
    endloop
  endfacet
  facet normal 6.388466e-01 7.626565e-04 7.693337e-01
    outer loop
      vertex   -3.080896e+00 1.287303e+01 1.045831e+01
      vertex   -2.905217e+00 1.730000e+01 1.030804e+01
      vertex   -3.189461e+00 1.730000e+01 1.054407e+01
    endloop
  endfacet
  facet normal 5.997826e-01 -7.925832e-04 8.001626e-01
    outer loop
      vertex   -3.080896e+00 1.287303e+01 1.045831e+01
      vertex   -3.189461e+00 1.730000e+01 1.054407e+01
      vertex   -3.316314e+00 1.296843e+01 1.063486e+01
    endloop
  endfacet
  facet normal 5.651363e-01 7.426254e-04 8.249972e-01
    outer loop
      vertex   -3.316314e+00 1.296843e+01 1.063486e+01
      vertex   -3.189461e+00 1.730000e+01 1.054407e+01
      vertex   -3.494271e+00 1.730000e+01 1.075287e+01
    endloop
  endfacet
  facet normal 5.403086e-01 -7.260571e-04 8.414666e-01
    outer loop
      vertex   -3.316314e+00 1.296843e+01 1.063486e+01
      vertex   -3.494271e+00 1.730000e+01 1.075287e+01
      vertex   -3.567951e+00 1.305915e+01 1.079652e+01
    endloop
  endfacet
  facet normal 4.866044e-01 5.379722e-04 8.736223e-01
    outer loop
      vertex   -3.567951e+00 1.305915e+01 1.079652e+01
      vertex   -3.494271e+00 1.730000e+01 1.075287e+01
      vertex   -3.817047e+00 1.730000e+01 1.093265e+01
    endloop
  endfacet
  facet normal 4.766228e-01 -2.244094e-04 8.791079e-01
    outer loop
      vertex   -3.567951e+00 1.305915e+01 1.079652e+01
      vertex   -3.817047e+00 1.730000e+01 1.093265e+01
      vertex   -3.833985e+00 1.314281e+01 1.094078e+01
    endloop
  endfacet
  facet normal 4.076264e-01 1.232174e-04 9.131488e-01
    outer loop
      vertex   -3.833985e+00 1.314281e+01 1.094078e+01
      vertex   -3.817047e+00 1.730000e+01 1.093265e+01
      vertex   -4.112594e+00 1.321704e+01 1.106514e+01
    endloop
  endfacet
  facet normal 4.039210e-01 4.448152e-04 9.147938e-01
    outer loop
      vertex   -4.112594e+00 1.321704e+01 1.106514e+01
      vertex   -3.817047e+00 1.730000e+01 1.093265e+01
      vertex   -4.155033e+00 1.730000e+01 1.108189e+01
    endloop
  endfacet
  facet normal 3.342397e-01 -3.931033e-04 9.424880e-01
    outer loop
      vertex   -4.112594e+00 1.321704e+01 1.106514e+01
      vertex   -4.155033e+00 1.730000e+01 1.108189e+01
      vertex   -4.401662e+00 1.327968e+01 1.116768e+01
    endloop
  endfacet
  facet normal 3.177913e-01 7.369719e-04 9.481604e-01
    outer loop
      vertex   -4.401662e+00 1.327968e+01 1.116768e+01
      vertex   -4.155033e+00 1.730000e+01 1.108189e+01
      vertex   -4.505348e+00 1.730000e+01 1.119930e+01
    endloop
  endfacet
  facet normal 2.610785e-01 -8.606439e-04 9.653172e-01
    outer loop
      vertex   -4.401662e+00 1.327968e+01 1.116768e+01
      vertex   -4.505348e+00 1.730000e+01 1.119930e+01
      vertex   -4.698144e+00 1.332987e+01 1.124791e+01
    endloop
  endfacet
  facet normal 2.289505e-01 7.989569e-04 9.734377e-01
    outer loop
      vertex   -4.698144e+00 1.332987e+01 1.124791e+01
      vertex   -4.505348e+00 1.730000e+01 1.119930e+01
      vertex   -4.865002e+00 1.730000e+01 1.128389e+01
    endloop
  endfacet
  facet normal 1.881700e-01 -9.938271e-04 9.821360e-01
    outer loop
      vertex   -4.698144e+00 1.332987e+01 1.124791e+01
      vertex   -4.865002e+00 1.730000e+01 1.128389e+01
      vertex   -4.998831e+00 1.336702e+01 1.130555e+01
    endloop
  endfacet
  facet normal 1.381563e-01 7.535804e-04 9.904101e-01
    outer loop
      vertex   -4.998831e+00 1.336702e+01 1.130555e+01
      vertex   -4.865002e+00 1.730000e+01 1.128389e+01
      vertex   -5.230927e+00 1.730000e+01 1.133494e+01
    endloop
  endfacet
  facet normal 1.145055e-01 -6.646244e-04 9.934224e-01
    outer loop
      vertex   -4.998831e+00 1.336702e+01 1.130555e+01
      vertex   -5.230927e+00 1.730000e+01 1.133494e+01
      vertex   -5.300519e+00 1.339055e+01 1.134034e+01
    endloop
  endfacet
  facet normal 4.618345e-02 5.591934e-04 9.989328e-01
    outer loop
      vertex   -5.300519e+00 1.339055e+01 1.134034e+01
      vertex   -5.230927e+00 1.730000e+01 1.133494e+01
      vertex   -5.600000e+00 1.730000e+01 1.135200e+01
    endloop
  endfacet
  facet normal 3.889578e-02 -8.904344e-18 9.992433e-01
    outer loop
      vertex   -5.300519e+00 1.339055e+01 1.134034e+01
      vertex   -5.600000e+00 1.730000e+01 1.135200e+01
      vertex   -5.600000e+00 1.339985e+01 1.135200e+01
    endloop
  endfacet
  facet normal -9.989330e-01 0.000000e+00 4.618346e-02
    outer loop
      vertex   -1.160000e+01 1.730000e+01 7.352000e+00
      vertex   -1.160000e+01 1.340000e+01 7.352000e+00
      vertex   -1.158294e+01 1.730000e+01 7.721074e+00
    endloop
  endfacet
  facet normal -9.989330e-01 -4.865433e-16 4.618346e-02
    outer loop
      vertex   -1.158294e+01 1.730000e+01 7.721074e+00
      vertex   -1.160000e+01 1.340000e+01 7.352000e+00
      vertex   -1.158294e+01 1.340000e+01 7.721074e+00
    endloop
  endfacet
  facet normal -9.904104e-01 -5.454987e-16 1.381564e-01
    outer loop
      vertex   -1.158294e+01 1.730000e+01 7.721074e+00
      vertex   -1.158294e+01 1.340000e+01 7.721074e+00
      vertex   -1.153189e+01 1.730000e+01 8.086998e+00
    endloop
  endfacet
  facet normal -9.904104e-01 0.000000e+00 1.381564e-01
    outer loop
      vertex   -1.153189e+01 1.730000e+01 8.086998e+00
      vertex   -1.158294e+01 1.340000e+01 7.721074e+00
      vertex   -1.153189e+01 1.340000e+01 8.086998e+00
    endloop
  endfacet
  facet normal -9.734381e-01 0.000000e+00 2.289505e-01
    outer loop
      vertex   -1.153189e+01 1.730000e+01 8.086998e+00
      vertex   -1.153189e+01 1.340000e+01 8.086998e+00
      vertex   -1.144730e+01 1.730000e+01 8.446652e+00
    endloop
  endfacet
  facet normal -9.734381e-01 0.000000e+00 2.289505e-01
    outer loop
      vertex   -1.144730e+01 1.730000e+01 8.446652e+00
      vertex   -1.153189e+01 1.340000e+01 8.086998e+00
      vertex   -1.144730e+01 1.340000e+01 8.446652e+00
    endloop
  endfacet
  facet normal -9.481606e-01 0.000000e+00 3.177914e-01
    outer loop
      vertex   -1.144730e+01 1.730000e+01 8.446652e+00
      vertex   -1.144730e+01 1.340000e+01 8.446652e+00
      vertex   -1.132989e+01 1.730000e+01 8.796967e+00
    endloop
  endfacet
  facet normal -9.481606e-01 0.000000e+00 3.177914e-01
    outer loop
      vertex   -1.132989e+01 1.730000e+01 8.796967e+00
      vertex   -1.144730e+01 1.340000e+01 8.446652e+00
      vertex   -1.132989e+01 1.340000e+01 8.796967e+00
    endloop
  endfacet
  facet normal -9.147939e-01 0.000000e+00 4.039210e-01
    outer loop
      vertex   -1.132989e+01 1.730000e+01 8.796967e+00
      vertex   -1.132989e+01 1.340000e+01 8.796967e+00
      vertex   -1.118065e+01 1.730000e+01 9.134954e+00
    endloop
  endfacet
  facet normal -9.147939e-01 4.166668e-16 4.039210e-01
    outer loop
      vertex   -1.118065e+01 1.730000e+01 9.134954e+00
      vertex   -1.132989e+01 1.340000e+01 8.796967e+00
      vertex   -1.118065e+01 1.340000e+01 9.134954e+00
    endloop
  endfacet
  facet normal -8.736224e-01 3.979141e-16 4.866045e-01
    outer loop
      vertex   -1.118065e+01 1.730000e+01 9.134954e+00
      vertex   -1.118065e+01 1.340000e+01 9.134954e+00
      vertex   -1.100087e+01 1.730000e+01 9.457729e+00
    endloop
  endfacet
  facet normal -8.736224e-01 0.000000e+00 4.866045e-01
    outer loop
      vertex   -1.100087e+01 1.730000e+01 9.457729e+00
      vertex   -1.118065e+01 1.340000e+01 9.134954e+00
      vertex   -1.100087e+01 1.340000e+01 9.457729e+00
    endloop
  endfacet
  facet normal -8.249975e-01 0.000000e+00 5.651364e-01
    outer loop
      vertex   -1.100087e+01 1.730000e+01 9.457729e+00
      vertex   -1.100087e+01 1.340000e+01 9.457729e+00
      vertex   -1.079207e+01 1.730000e+01 9.762539e+00
    endloop
  endfacet
  facet normal -8.249975e-01 0.000000e+00 5.651364e-01
    outer loop
      vertex   -1.079207e+01 1.730000e+01 9.762539e+00
      vertex   -1.100087e+01 1.340000e+01 9.457729e+00
      vertex   -1.079207e+01 1.340000e+01 9.762539e+00
    endloop
  endfacet
  facet normal -7.693340e-01 0.000000e+00 6.388468e-01
    outer loop
      vertex   -1.079207e+01 1.730000e+01 9.762539e+00
      vertex   -1.079207e+01 1.340000e+01 9.762539e+00
      vertex   -1.055604e+01 1.730000e+01 1.004678e+01
    endloop
  endfacet
  facet normal -7.693340e-01 0.000000e+00 6.388468e-01
    outer loop
      vertex   -1.055604e+01 1.730000e+01 1.004678e+01
      vertex   -1.079207e+01 1.340000e+01 9.762539e+00
      vertex   -1.055604e+01 1.340000e+01 1.004678e+01
    endloop
  endfacet
  facet normal -7.071068e-01 0.000000e+00 7.071068e-01
    outer loop
      vertex   -1.055604e+01 1.730000e+01 1.004678e+01
      vertex   -1.055604e+01 1.340000e+01 1.004678e+01
      vertex   -1.029478e+01 1.730000e+01 1.030804e+01
    endloop
  endfacet
  facet normal -7.071068e-01 0.000000e+00 7.071068e-01
    outer loop
      vertex   -1.029478e+01 1.730000e+01 1.030804e+01
      vertex   -1.055604e+01 1.340000e+01 1.004678e+01
      vertex   -1.029478e+01 1.340000e+01 1.030804e+01
    endloop
  endfacet
  facet normal -6.388468e-01 0.000000e+00 7.693340e-01
    outer loop
      vertex   -1.029478e+01 1.730000e+01 1.030804e+01
      vertex   -1.029478e+01 1.340000e+01 1.030804e+01
      vertex   -1.001054e+01 1.730000e+01 1.054407e+01
    endloop
  endfacet
  facet normal -6.388468e-01 0.000000e+00 7.693340e-01
    outer loop
      vertex   -1.001054e+01 1.730000e+01 1.054407e+01
      vertex   -1.029478e+01 1.340000e+01 1.030804e+01
      vertex   -1.001054e+01 1.340000e+01 1.054407e+01
    endloop
  endfacet
  facet normal -5.651364e-01 0.000000e+00 8.249975e-01
    outer loop
      vertex   -1.001054e+01 1.730000e+01 1.054407e+01
      vertex   -1.001054e+01 1.340000e+01 1.054407e+01
      vertex   -9.705729e+00 1.730000e+01 1.075287e+01
    endloop
  endfacet
  facet normal -5.651364e-01 0.000000e+00 8.249975e-01
    outer loop
      vertex   -9.705729e+00 1.730000e+01 1.075287e+01
      vertex   -1.001054e+01 1.340000e+01 1.054407e+01
      vertex   -9.705729e+00 1.340000e+01 1.075287e+01
    endloop
  endfacet
  facet normal -4.866045e-01 0.000000e+00 8.736224e-01
    outer loop
      vertex   -9.705729e+00 1.730000e+01 1.075287e+01
      vertex   -9.705729e+00 1.340000e+01 1.075287e+01
      vertex   -9.382953e+00 1.730000e+01 1.093265e+01
    endloop
  endfacet
  facet normal -4.866045e-01 0.000000e+00 8.736224e-01
    outer loop
      vertex   -9.382953e+00 1.730000e+01 1.093265e+01
      vertex   -9.705729e+00 1.340000e+01 1.075287e+01
      vertex   -9.382953e+00 1.340000e+01 1.093265e+01
    endloop
  endfacet
  facet normal -4.039210e-01 0.000000e+00 9.147939e-01
    outer loop
      vertex   -9.382953e+00 1.730000e+01 1.093265e+01
      vertex   -9.382953e+00 1.340000e+01 1.093265e+01
      vertex   -9.044967e+00 1.730000e+01 1.108189e+01
    endloop
  endfacet
  facet normal -4.039210e-01 1.839764e-16 9.147939e-01
    outer loop
      vertex   -9.044967e+00 1.730000e+01 1.108189e+01
      vertex   -9.382953e+00 1.340000e+01 1.093265e+01
      vertex   -9.044967e+00 1.340000e+01 1.108189e+01
    endloop
  endfacet
  facet normal -3.177914e-01 1.447464e-16 9.481606e-01
    outer loop
      vertex   -9.044967e+00 1.730000e+01 1.108189e+01
      vertex   -9.044967e+00 1.340000e+01 1.108189e+01
      vertex   -8.694652e+00 1.730000e+01 1.119930e+01
    endloop
  endfacet
  facet normal -3.177914e-01 0.000000e+00 9.481606e-01
    outer loop
      vertex   -8.694652e+00 1.730000e+01 1.119930e+01
      vertex   -9.044967e+00 1.340000e+01 1.108189e+01
      vertex   -8.694652e+00 1.340000e+01 1.119930e+01
    endloop
  endfacet
  facet normal -2.289505e-01 0.000000e+00 9.734381e-01
    outer loop
      vertex   -8.694652e+00 1.730000e+01 1.119930e+01
      vertex   -8.694652e+00 1.340000e+01 1.119930e+01
      vertex   -8.334998e+00 1.730000e+01 1.128389e+01
    endloop
  endfacet
  facet normal -2.289505e-01 0.000000e+00 9.734381e-01
    outer loop
      vertex   -8.334998e+00 1.730000e+01 1.128389e+01
      vertex   -8.694652e+00 1.340000e+01 1.119930e+01
      vertex   -8.334998e+00 1.340000e+01 1.128389e+01
    endloop
  endfacet
  facet normal -1.381564e-01 0.000000e+00 9.904104e-01
    outer loop
      vertex   -8.334998e+00 1.730000e+01 1.128389e+01
      vertex   -8.334998e+00 1.340000e+01 1.128389e+01
      vertex   -7.969073e+00 1.730000e+01 1.133494e+01
    endloop
  endfacet
  facet normal -1.381564e-01 6.292692e-17 9.904104e-01
    outer loop
      vertex   -7.969073e+00 1.730000e+01 1.133494e+01
      vertex   -8.334998e+00 1.340000e+01 1.128389e+01
      vertex   -7.969073e+00 1.340000e+01 1.133494e+01
    endloop
  endfacet
  facet normal -4.618346e-02 2.103546e-17 9.989330e-01
    outer loop
      vertex   -7.969073e+00 1.730000e+01 1.133494e+01
      vertex   -7.969073e+00 1.340000e+01 1.133494e+01
      vertex   -7.600000e+00 1.730000e+01 1.135200e+01
    endloop
  endfacet
  facet normal -4.618346e-02 0.000000e+00 9.989330e-01
    outer loop
      vertex   -7.600000e+00 1.730000e+01 1.135200e+01
      vertex   -7.969073e+00 1.340000e+01 1.133494e+01
      vertex   -7.600000e+00 1.340000e+01 1.135200e+01
    endloop
  endfacet
  facet normal 9.378498e-01 8.487321e-05 -3.470415e-01
    outer loop
      vertex   -5.711368e+00 1.340000e+01 -1.909039e+00
      vertex   -5.710359e+00 1.730000e+01 -1.905359e+00
      vertex   -5.643808e+00 1.340000e+01 -1.726465e+00
    endloop
  endfacet
  facet normal 9.362349e-01 -1.414552e-04 -3.513748e-01
    outer loop
      vertex   -5.643808e+00 1.340000e+01 -1.726465e+00
      vertex   -5.710359e+00 1.730000e+01 -1.905359e+00
      vertex   -5.641066e+00 1.730000e+01 -1.720728e+00
    endloop
  endfacet
  facet normal 8.624425e-01 1.381131e-04 -5.061551e-01
    outer loop
      vertex   -5.643808e+00 1.340000e+01 -1.726465e+00
      vertex   -5.641066e+00 1.730000e+01 -1.720728e+00
      vertex   -5.547973e+00 1.339928e+01 -1.563171e+00
    endloop
  endfacet
  facet normal 8.584488e-01 -2.296070e-04 -5.128993e-01
    outer loop
      vertex   -5.547973e+00 1.339928e+01 -1.563171e+00
      vertex   -5.641066e+00 1.730000e+01 -1.720728e+00
      vertex   -5.539919e+00 1.730000e+01 -1.551436e+00
    endloop
  endfacet
  facet normal 7.664220e-01 3.498220e-04 -6.423373e-01
    outer loop
      vertex   -5.547973e+00 1.339928e+01 -1.563171e+00
      vertex   -5.539919e+00 1.730000e+01 -1.551436e+00
      vertex   -5.429797e+00 1.339648e+01 -1.422168e+00
    endloop
  endfacet
  facet normal 7.530714e-01 -5.434603e-04 -6.579386e-01
    outer loop
      vertex   -5.429797e+00 1.339648e+01 -1.422168e+00
      vertex   -5.539919e+00 1.730000e+01 -1.551436e+00
      vertex   -5.410169e+00 1.730000e+01 -1.402926e+00
    endloop
  endfacet
  facet normal 6.463726e-01 5.110548e-04 -7.630218e-01
    outer loop
      vertex   -5.429797e+00 1.339648e+01 -1.422168e+00
      vertex   -5.410169e+00 1.730000e+01 -1.402926e+00
      vertex   -5.289715e+00 1.339032e+01 -1.303505e+00
    endloop
  endfacet
  facet normal 6.234897e-01 -6.722634e-04 -7.818313e-01
    outer loop
      vertex   -5.289715e+00 1.339032e+01 -1.303505e+00
      vertex   -5.410169e+00 1.730000e+01 -1.402926e+00
      vertex   -5.255987e+00 1.730000e+01 -1.279969e+00
    endloop
  endfacet
  facet normal 5.107826e-01 7.688540e-04 -8.597096e-01
    outer loop
      vertex   -5.289715e+00 1.339032e+01 -1.303505e+00
      vertex   -5.255987e+00 1.730000e+01 -1.279969e+00
      vertex   -5.127389e+00 1.337944e+01 -1.207071e+00
    endloop
  endfacet
  facet normal 4.738685e-01 -8.303028e-04 -8.805952e-01
    outer loop
      vertex   -5.127389e+00 1.337944e+01 -1.207071e+00
      vertex   -5.255987e+00 1.730000e+01 -1.279969e+00
      vertex   -5.082328e+00 1.730000e+01 -1.186519e+00
    endloop
  endfacet
  facet normal 3.541989e-01 8.312255e-04 -9.351697e-01
    outer loop
      vertex   -5.127389e+00 1.337944e+01 -1.207071e+00
      vertex   -5.082328e+00 1.730000e+01 -1.186519e+00
      vertex   -4.950089e+00 1.336282e+01 -1.139933e+00
    endloop
  endfacet
  facet normal 3.090169e-01 -8.742812e-04 -9.510562e-01
    outer loop
      vertex   -4.950089e+00 1.336282e+01 -1.139933e+00
      vertex   -5.082328e+00 1.730000e+01 -1.186519e+00
      vertex   -4.894773e+00 1.730000e+01 -1.125579e+00
    endloop
  endfacet
  facet normal 1.904065e-01 9.038932e-04 -9.817049e-01
    outer loop
      vertex   -4.950089e+00 1.336282e+01 -1.139933e+00
      vertex   -4.894773e+00 1.730000e+01 -1.125579e+00
      vertex   -4.766938e+00 1.334053e+01 -1.104431e+00
    endloop
  endfacet
  facet normal 1.342332e-01 -9.590925e-04 -9.909493e-01
    outer loop
      vertex   -4.766938e+00 1.334053e+01 -1.104431e+00
      vertex   -4.894773e+00 1.730000e+01 -1.125579e+00
      vertex   -4.699351e+00 1.730000e+01 -1.099108e+00
    endloop
  endfacet
  facet normal 2.539605e-02 9.104361e-04 -9.996771e-01
    outer loop
      vertex   -4.766938e+00 1.334053e+01 -1.104431e+00
      vertex   -4.699351e+00 1.730000e+01 -1.099108e+00
      vertex   -4.586962e+00 1.331348e+01 -1.099883e+00
    endloop
  endfacet
  facet normal -4.486480e-02 -1.070524e-03 -9.989925e-01
    outer loop
      vertex   -4.586962e+00 1.331348e+01 -1.099883e+00
      vertex   -4.699351e+00 1.730000e+01 -1.099108e+00
      vertex   -4.502343e+00 1.730000e+01 -1.107955e+00
    endloop
  endfacet
  facet normal -1.412326e-01 9.932470e-04 -9.899759e-01
    outer loop
      vertex   -4.586962e+00 1.331348e+01 -1.099883e+00
      vertex   -4.502343e+00 1.730000e+01 -1.107955e+00
      vertex   -4.405488e+00 1.328087e+01 -1.125805e+00
    endloop
  endfacet
  facet normal -2.225208e-01 -1.032525e-03 -9.749274e-01
    outer loop
      vertex   -4.405488e+00 1.328087e+01 -1.125805e+00
      vertex   -4.502343e+00 1.730000e+01 -1.107955e+00
      vertex   -4.310081e+00 1.730000e+01 -1.151838e+00
    endloop
  endfacet
  facet normal -3.025854e-01 1.009292e-03 -9.531218e-01
    outer loop
      vertex   -4.405488e+00 1.328087e+01 -1.125805e+00
      vertex   -4.310081e+00 1.730000e+01 -1.151838e+00
      vertex   -4.227758e+00 1.324388e+01 -1.182268e+00
    endloop
  endfacet
  facet normal -3.930248e-01 -1.078297e-03 -9.195272e-01
    outer loop
      vertex   -4.227758e+00 1.324388e+01 -1.182268e+00
      vertex   -4.310081e+00 1.730000e+01 -1.151838e+00
      vertex   -4.128744e+00 1.730000e+01 -1.229345e+00
    endloop
  endfacet
  facet normal -4.617008e-01 9.752710e-04 -8.870352e-01
    outer loop
      vertex   -4.227758e+00 1.324388e+01 -1.182268e+00
      vertex   -4.128744e+00 1.730000e+01 -1.229345e+00
      vertex   -4.062641e+00 1.320472e+01 -1.268255e+00
    endloop
  endfacet
  facet normal -5.508967e-01 -9.629317e-04 -8.345729e-01
    outer loop
      vertex   -4.062641e+00 1.320472e+01 -1.268255e+00
      vertex   -4.128744e+00 1.730000e+01 -1.229345e+00
      vertex   -3.964161e+00 1.730000e+01 -1.337985e+00
    endloop
  endfacet
  facet normal -6.014480e-01 8.598848e-04 -7.989115e-01
    outer loop
      vertex   -4.062641e+00 1.320472e+01 -1.268255e+00
      vertex   -3.964161e+00 1.730000e+01 -1.337985e+00
      vertex   -3.916857e+00 1.316638e+01 -1.378047e+00
    endloop
  endfacet
  facet normal -6.910624e-01 -9.033531e-04 -7.227946e-01
    outer loop
      vertex   -3.916857e+00 1.316638e+01 -1.378047e+00
      vertex   -3.964161e+00 1.730000e+01 -1.337985e+00
      vertex   -3.821621e+00 1.730000e+01 -1.474267e+00
    endloop
  endfacet
  facet normal -7.251722e-01 6.792340e-04 -6.885673e-01
    outer loop
      vertex   -3.916857e+00 1.316638e+01 -1.378047e+00
      vertex   -3.821621e+00 1.730000e+01 -1.474267e+00
      vertex   -3.793866e+00 1.313117e+01 -1.507610e+00
    endloop
  endfacet
  facet normal -8.090168e-01 -6.850537e-04 -5.877851e-01
    outer loop
      vertex   -3.793866e+00 1.313117e+01 -1.507610e+00
      vertex   -3.821621e+00 1.730000e+01 -1.474267e+00
      vertex   -3.705706e+00 1.730000e+01 -1.633811e+00
    endloop
  endfacet
  facet normal -8.285222e-01 5.698920e-04 -5.599559e-01
    outer loop
      vertex   -3.793866e+00 1.313117e+01 -1.507610e+00
      vertex   -3.705706e+00 1.730000e+01 -1.633811e+00
      vertex   -3.690182e+00 1.309945e+01 -1.661056e+00
    endloop
  endfacet
  facet normal -9.009687e-01 -5.155839e-04 -4.338837e-01
    outer loop
      vertex   -3.690182e+00 1.309945e+01 -1.661056e+00
      vertex   -3.705706e+00 1.730000e+01 -1.633811e+00
      vertex   -3.620142e+00 1.730000e+01 -1.811488e+00
    endloop
  endfacet
  facet normal -9.110391e-01 4.245817e-04 -4.123198e-01
    outer loop
      vertex   -3.690182e+00 1.309945e+01 -1.661056e+00
      vertex   -3.620142e+00 1.730000e+01 -1.811488e+00
      vertex   -3.612447e+00 1.307444e+01 -1.832842e+00
    endloop
  endfacet
  facet normal -9.639628e-01 -4.110373e-04 -2.660368e-01
    outer loop
      vertex   -3.612447e+00 1.307444e+01 -1.832842e+00
      vertex   -3.620142e+00 1.730000e+01 -1.811488e+00
      vertex   -3.567677e+00 1.730000e+01 -2.001587e+00
    endloop
  endfacet
  facet normal -9.685254e-01 3.210797e-04 -2.489144e-01
    outer loop
      vertex   -3.612447e+00 1.307444e+01 -1.832842e+00
      vertex   -3.567677e+00 1.730000e+01 -2.001587e+00
      vertex   -3.565599e+00 1.305886e+01 -2.015145e+00
    endloop
  endfacet
  facet normal -9.959743e-01 -2.015216e-04 -8.963931e-02
    outer loop
      vertex   -3.565599e+00 1.305886e+01 -2.015145e+00
      vertex   -3.567677e+00 1.730000e+01 -2.001587e+00
      vertex   -3.550000e+00 1.730000e+01 -2.198000e+00
    endloop
  endfacet
  facet normal -9.963810e-01 -1.780783e-17 -8.499990e-02
    outer loop
      vertex   -3.565599e+00 1.305886e+01 -2.015145e+00
      vertex   -3.550000e+00 1.730000e+01 -2.198000e+00
      vertex   -3.550000e+00 1.305353e+01 -2.198000e+00
    endloop
  endfacet
  facet normal -9.963810e-01 1.777833e-17 8.499990e-02
    outer loop
      vertex   -3.550000e+00 1.305353e+01 -2.198000e+00
      vertex   -3.550000e+00 1.730000e+01 -2.198000e+00
      vertex   -3.565599e+00 1.305886e+01 -2.380855e+00
    endloop
  endfacet
  facet normal -9.959743e-01 -2.015216e-04 8.963931e-02
    outer loop
      vertex   -3.565599e+00 1.305886e+01 -2.380855e+00
      vertex   -3.550000e+00 1.730000e+01 -2.198000e+00
      vertex   -3.567677e+00 1.730000e+01 -2.394413e+00
    endloop
  endfacet
  facet normal -9.685254e-01 3.210797e-04 2.489144e-01
    outer loop
      vertex   -3.565599e+00 1.305886e+01 -2.380855e+00
      vertex   -3.567677e+00 1.730000e+01 -2.394413e+00
      vertex   -3.612447e+00 1.307444e+01 -2.563158e+00
    endloop
  endfacet
  facet normal -9.639628e-01 -4.110373e-04 2.660368e-01
    outer loop
      vertex   -3.612447e+00 1.307444e+01 -2.563158e+00
      vertex   -3.567677e+00 1.730000e+01 -2.394413e+00
      vertex   -3.620142e+00 1.730000e+01 -2.584512e+00
    endloop
  endfacet
  facet normal -9.110391e-01 4.245817e-04 4.123198e-01
    outer loop
      vertex   -3.612447e+00 1.307444e+01 -2.563158e+00
      vertex   -3.620142e+00 1.730000e+01 -2.584512e+00
      vertex   -3.690182e+00 1.309945e+01 -2.734944e+00
    endloop
  endfacet
  facet normal -9.009687e-01 -5.155839e-04 4.338837e-01
    outer loop
      vertex   -3.690182e+00 1.309945e+01 -2.734944e+00
      vertex   -3.620142e+00 1.730000e+01 -2.584512e+00
      vertex   -3.705706e+00 1.730000e+01 -2.762189e+00
    endloop
  endfacet
  facet normal -8.285222e-01 5.698920e-04 5.599559e-01
    outer loop
      vertex   -3.690182e+00 1.309945e+01 -2.734944e+00
      vertex   -3.705706e+00 1.730000e+01 -2.762189e+00
      vertex   -3.793866e+00 1.313117e+01 -2.888390e+00
    endloop
  endfacet
  facet normal -8.090168e-01 -6.850537e-04 5.877851e-01
    outer loop
      vertex   -3.793866e+00 1.313117e+01 -2.888390e+00
      vertex   -3.705706e+00 1.730000e+01 -2.762189e+00
      vertex   -3.821621e+00 1.730000e+01 -2.921733e+00
    endloop
  endfacet
  facet normal -7.251722e-01 6.792340e-04 6.885673e-01
    outer loop
      vertex   -3.793866e+00 1.313117e+01 -2.888390e+00
      vertex   -3.821621e+00 1.730000e+01 -2.921733e+00
      vertex   -3.916857e+00 1.316638e+01 -3.017953e+00
    endloop
  endfacet
  facet normal -6.910624e-01 -9.033531e-04 7.227946e-01
    outer loop
      vertex   -3.916857e+00 1.316638e+01 -3.017953e+00
      vertex   -3.821621e+00 1.730000e+01 -2.921733e+00
      vertex   -3.964161e+00 1.730000e+01 -3.058015e+00
    endloop
  endfacet
  facet normal -6.014480e-01 8.598848e-04 7.989115e-01
    outer loop
      vertex   -3.916857e+00 1.316638e+01 -3.017953e+00
      vertex   -3.964161e+00 1.730000e+01 -3.058015e+00
      vertex   -4.062641e+00 1.320472e+01 -3.127745e+00
    endloop
  endfacet
  facet normal -5.508967e-01 -9.629317e-04 8.345729e-01
    outer loop
      vertex   -4.062641e+00 1.320472e+01 -3.127745e+00
      vertex   -3.964161e+00 1.730000e+01 -3.058015e+00
      vertex   -4.128744e+00 1.730000e+01 -3.166655e+00
    endloop
  endfacet
  facet normal -4.617008e-01 9.752710e-04 8.870352e-01
    outer loop
      vertex   -4.062641e+00 1.320472e+01 -3.127745e+00
      vertex   -4.128744e+00 1.730000e+01 -3.166655e+00
      vertex   -4.227758e+00 1.324388e+01 -3.213732e+00
    endloop
  endfacet
  facet normal -3.930248e-01 -1.078297e-03 9.195272e-01
    outer loop
      vertex   -4.227758e+00 1.324388e+01 -3.213732e+00
      vertex   -4.128744e+00 1.730000e+01 -3.166655e+00
      vertex   -4.310081e+00 1.730000e+01 -3.244162e+00
    endloop
  endfacet
  facet normal -3.025854e-01 1.009292e-03 9.531218e-01
    outer loop
      vertex   -4.227758e+00 1.324388e+01 -3.213732e+00
      vertex   -4.310081e+00 1.730000e+01 -3.244162e+00
      vertex   -4.405488e+00 1.328087e+01 -3.270195e+00
    endloop
  endfacet
  facet normal -2.225208e-01 -1.032525e-03 9.749274e-01
    outer loop
      vertex   -4.405488e+00 1.328087e+01 -3.270195e+00
      vertex   -4.310081e+00 1.730000e+01 -3.244162e+00
      vertex   -4.502343e+00 1.730000e+01 -3.288045e+00
    endloop
  endfacet
  facet normal -1.412326e-01 9.932470e-04 9.899759e-01
    outer loop
      vertex   -4.405488e+00 1.328087e+01 -3.270195e+00
      vertex   -4.502343e+00 1.730000e+01 -3.288045e+00
      vertex   -4.586962e+00 1.331348e+01 -3.296117e+00
    endloop
  endfacet
  facet normal -4.486480e-02 -1.070524e-03 9.989925e-01
    outer loop
      vertex   -4.586962e+00 1.331348e+01 -3.296117e+00
      vertex   -4.502343e+00 1.730000e+01 -3.288045e+00
      vertex   -4.699351e+00 1.730000e+01 -3.296892e+00
    endloop
  endfacet
  facet normal 2.539605e-02 9.104361e-04 9.996771e-01
    outer loop
      vertex   -4.586962e+00 1.331348e+01 -3.296117e+00
      vertex   -4.699351e+00 1.730000e+01 -3.296892e+00
      vertex   -4.766938e+00 1.334053e+01 -3.291569e+00
    endloop
  endfacet
  facet normal 1.342332e-01 -9.590925e-04 9.909493e-01
    outer loop
      vertex   -4.766938e+00 1.334053e+01 -3.291569e+00
      vertex   -4.699351e+00 1.730000e+01 -3.296892e+00
      vertex   -4.894773e+00 1.730000e+01 -3.270421e+00
    endloop
  endfacet
  facet normal 1.904065e-01 9.038932e-04 9.817049e-01
    outer loop
      vertex   -4.766938e+00 1.334053e+01 -3.291569e+00
      vertex   -4.894773e+00 1.730000e+01 -3.270421e+00
      vertex   -4.950089e+00 1.336282e+01 -3.256067e+00
    endloop
  endfacet
  facet normal 3.090169e-01 -8.742812e-04 9.510562e-01
    outer loop
      vertex   -4.950089e+00 1.336282e+01 -3.256067e+00
      vertex   -4.894773e+00 1.730000e+01 -3.270421e+00
      vertex   -5.082328e+00 1.730000e+01 -3.209481e+00
    endloop
  endfacet
  facet normal 3.541989e-01 8.312255e-04 9.351697e-01
    outer loop
      vertex   -4.950089e+00 1.336282e+01 -3.256067e+00
      vertex   -5.082328e+00 1.730000e+01 -3.209481e+00
      vertex   -5.127389e+00 1.337944e+01 -3.188929e+00
    endloop
  endfacet
  facet normal 4.738685e-01 -8.303028e-04 8.805952e-01
    outer loop
      vertex   -5.127389e+00 1.337944e+01 -3.188929e+00
      vertex   -5.082328e+00 1.730000e+01 -3.209481e+00
      vertex   -5.255987e+00 1.730000e+01 -3.116031e+00
    endloop
  endfacet
  facet normal 5.107826e-01 7.688540e-04 8.597096e-01
    outer loop
      vertex   -5.127389e+00 1.337944e+01 -3.188929e+00
      vertex   -5.255987e+00 1.730000e+01 -3.116031e+00
      vertex   -5.289715e+00 1.339032e+01 -3.092495e+00
    endloop
  endfacet
  facet normal 6.234897e-01 -6.722634e-04 7.818313e-01
    outer loop
      vertex   -5.289715e+00 1.339032e+01 -3.092495e+00
      vertex   -5.255987e+00 1.730000e+01 -3.116031e+00
      vertex   -5.410169e+00 1.730000e+01 -2.993074e+00
    endloop
  endfacet
  facet normal 6.463726e-01 5.110548e-04 7.630218e-01
    outer loop
      vertex   -5.289715e+00 1.339032e+01 -3.092495e+00
      vertex   -5.410169e+00 1.730000e+01 -2.993074e+00
      vertex   -5.429797e+00 1.339648e+01 -2.973832e+00
    endloop
  endfacet
  facet normal 7.530714e-01 -5.434603e-04 6.579386e-01
    outer loop
      vertex   -5.429797e+00 1.339648e+01 -2.973832e+00
      vertex   -5.410169e+00 1.730000e+01 -2.993074e+00
      vertex   -5.539919e+00 1.730000e+01 -2.844564e+00
    endloop
  endfacet
  facet normal 7.664220e-01 3.498220e-04 6.423373e-01
    outer loop
      vertex   -5.429797e+00 1.339648e+01 -2.973832e+00
      vertex   -5.539919e+00 1.730000e+01 -2.844564e+00
      vertex   -5.547973e+00 1.339928e+01 -2.832829e+00
    endloop
  endfacet
  facet normal 8.584488e-01 -2.296070e-04 5.128993e-01
    outer loop
      vertex   -5.547973e+00 1.339928e+01 -2.832829e+00
      vertex   -5.539919e+00 1.730000e+01 -2.844564e+00
      vertex   -5.641066e+00 1.730000e+01 -2.675272e+00
    endloop
  endfacet
  facet normal 8.624425e-01 1.381131e-04 5.061551e-01
    outer loop
      vertex   -5.547973e+00 1.339928e+01 -2.832829e+00
      vertex   -5.641066e+00 1.730000e+01 -2.675272e+00
      vertex   -5.643808e+00 1.340000e+01 -2.669535e+00
    endloop
  endfacet
  facet normal 9.362349e-01 -1.414552e-04 3.513748e-01
    outer loop
      vertex   -5.643808e+00 1.340000e+01 -2.669535e+00
      vertex   -5.641066e+00 1.730000e+01 -2.675272e+00
      vertex   -5.710359e+00 1.730000e+01 -2.490641e+00
    endloop
  endfacet
  facet normal 9.378498e-01 8.487321e-05 3.470415e-01
    outer loop
      vertex   -5.643808e+00 1.340000e+01 -2.669535e+00
      vertex   -5.710359e+00 1.730000e+01 -2.490641e+00
      vertex   -5.711368e+00 1.340000e+01 -2.486961e+00
    endloop
  endfacet
  facet normal 9.839296e-01 -8.599986e-05 1.785569e-01
    outer loop
      vertex   -5.711368e+00 1.340000e+01 -2.486961e+00
      vertex   -5.710359e+00 1.730000e+01 -2.490641e+00
      vertex   -5.745572e+00 1.730000e+01 -2.296603e+00
    endloop
  endfacet
  facet normal 9.843398e-01 2.866663e-05 1.762814e-01
    outer loop
      vertex   -5.711368e+00 1.340000e+01 -2.486961e+00
      vertex   -5.745572e+00 1.730000e+01 -2.296603e+00
      vertex   -5.745685e+00 1.340000e+01 -2.295337e+00
    endloop
  endfacet
  facet normal 1.000000e+00 -2.904214e-05 0.000000e+00
    outer loop
      vertex   -5.745685e+00 1.340000e+01 -2.295337e+00
      vertex   -5.745572e+00 1.730000e+01 -2.296603e+00
      vertex   -5.745572e+00 1.730000e+01 -2.099397e+00
    endloop
  endfacet
  facet normal 1.000000e+00 -2.904214e-05 0.000000e+00
    outer loop
      vertex   -5.745685e+00 1.340000e+01 -2.295337e+00
      vertex   -5.745572e+00 1.730000e+01 -2.099397e+00
      vertex   -5.745685e+00 1.340000e+01 -2.100663e+00
    endloop
  endfacet
  facet normal 9.843398e-01 2.866663e-05 -1.762814e-01
    outer loop
      vertex   -5.745685e+00 1.340000e+01 -2.100663e+00
      vertex   -5.745572e+00 1.730000e+01 -2.099397e+00
      vertex   -5.711368e+00 1.340000e+01 -1.909039e+00
    endloop
  endfacet
  facet normal 9.839296e-01 -8.599986e-05 -1.785569e-01
    outer loop
      vertex   -5.711368e+00 1.340000e+01 -1.909039e+00
      vertex   -5.745572e+00 1.730000e+01 -2.099397e+00
      vertex   -5.710359e+00 1.730000e+01 -1.905359e+00
    endloop
  endfacet
  facet normal -9.959743e-01 0.000000e+00 -8.963931e-02
    outer loop
      vertex   -8.955170e+00 1.340000e+01 3.623413e+00
      vertex   -8.955170e+00 1.730000e+01 3.623413e+00
      vertex   -8.937492e+00 1.340000e+01 3.427000e+00
    endloop
  endfacet
  facet normal -9.959743e-01 0.000000e+00 -8.963931e-02
    outer loop
      vertex   -8.937492e+00 1.340000e+01 3.427000e+00
      vertex   -8.955170e+00 1.730000e+01 3.623413e+00
      vertex   -8.937492e+00 1.730000e+01 3.427000e+00
    endloop
  endfacet
  facet normal -9.959743e-01 0.000000e+00 8.963931e-02
    outer loop
      vertex   -8.937492e+00 1.340000e+01 3.427000e+00
      vertex   -8.937492e+00 1.730000e+01 3.427000e+00
      vertex   -8.955170e+00 1.340000e+01 3.230588e+00
    endloop
  endfacet
  facet normal -9.959743e-01 0.000000e+00 8.963931e-02
    outer loop
      vertex   -8.955170e+00 1.340000e+01 3.230588e+00
      vertex   -8.937492e+00 1.730000e+01 3.427000e+00
      vertex   -8.955170e+00 1.730000e+01 3.230588e+00
    endloop
  endfacet
  facet normal -9.639629e-01 0.000000e+00 2.660368e-01
    outer loop
      vertex   -8.955170e+00 1.340000e+01 3.230588e+00
      vertex   -8.955170e+00 1.730000e+01 3.230588e+00
      vertex   -9.007634e+00 1.340000e+01 3.040488e+00
    endloop
  endfacet
  facet normal -9.639629e-01 0.000000e+00 2.660368e-01
    outer loop
      vertex   -9.007634e+00 1.340000e+01 3.040488e+00
      vertex   -8.955170e+00 1.730000e+01 3.230588e+00
      vertex   -9.007634e+00 1.730000e+01 3.040488e+00
    endloop
  endfacet
  facet normal -9.009689e-01 0.000000e+00 4.338837e-01
    outer loop
      vertex   -9.007634e+00 1.340000e+01 3.040488e+00
      vertex   -9.007634e+00 1.730000e+01 3.040488e+00
      vertex   -9.093199e+00 1.340000e+01 2.862811e+00
    endloop
  endfacet
  facet normal -9.009689e-01 0.000000e+00 4.338837e-01
    outer loop
      vertex   -9.093199e+00 1.340000e+01 2.862811e+00
      vertex   -9.007634e+00 1.730000e+01 3.040488e+00
      vertex   -9.093199e+00 1.730000e+01 2.862811e+00
    endloop
  endfacet
  facet normal -8.090170e-01 0.000000e+00 5.877853e-01
    outer loop
      vertex   -9.093199e+00 1.340000e+01 2.862811e+00
      vertex   -9.093199e+00 1.730000e+01 2.862811e+00
      vertex   -9.209114e+00 1.340000e+01 2.703268e+00
    endloop
  endfacet
  facet normal -8.090170e-01 0.000000e+00 5.877853e-01
    outer loop
      vertex   -9.209114e+00 1.340000e+01 2.703268e+00
      vertex   -9.093199e+00 1.730000e+01 2.862811e+00
      vertex   -9.209114e+00 1.730000e+01 2.703268e+00
    endloop
  endfacet
  facet normal -6.910626e-01 0.000000e+00 7.227949e-01
    outer loop
      vertex   -9.209114e+00 1.340000e+01 2.703268e+00
      vertex   -9.209114e+00 1.730000e+01 2.703268e+00
      vertex   -9.351654e+00 1.340000e+01 2.566986e+00
    endloop
  endfacet
  facet normal -6.910626e-01 0.000000e+00 7.227949e-01
    outer loop
      vertex   -9.351654e+00 1.340000e+01 2.566986e+00
      vertex   -9.209114e+00 1.730000e+01 2.703268e+00
      vertex   -9.351654e+00 1.730000e+01 2.566986e+00
    endloop
  endfacet
  facet normal -5.508970e-01 0.000000e+00 8.345733e-01
    outer loop
      vertex   -9.351654e+00 1.340000e+01 2.566986e+00
      vertex   -9.351654e+00 1.730000e+01 2.566986e+00
      vertex   -9.516237e+00 1.340000e+01 2.458345e+00
    endloop
  endfacet
  facet normal -5.508970e-01 0.000000e+00 8.345733e-01
    outer loop
      vertex   -9.516237e+00 1.340000e+01 2.458345e+00
      vertex   -9.351654e+00 1.730000e+01 2.566986e+00
      vertex   -9.516237e+00 1.730000e+01 2.458345e+00
    endloop
  endfacet
  facet normal -3.930250e-01 0.000000e+00 9.195278e-01
    outer loop
      vertex   -9.516237e+00 1.340000e+01 2.458345e+00
      vertex   -9.516237e+00 1.730000e+01 2.458345e+00
      vertex   -9.697574e+00 1.340000e+01 2.380838e+00
    endloop
  endfacet
  facet normal -3.930250e-01 0.000000e+00 9.195278e-01
    outer loop
      vertex   -9.697574e+00 1.340000e+01 2.380838e+00
      vertex   -9.516237e+00 1.730000e+01 2.458345e+00
      vertex   -9.697574e+00 1.730000e+01 2.380838e+00
    endloop
  endfacet
  facet normal -2.225209e-01 0.000000e+00 9.749279e-01
    outer loop
      vertex   -9.697574e+00 1.340000e+01 2.380838e+00
      vertex   -9.697574e+00 1.730000e+01 2.380838e+00
      vertex   -9.889836e+00 1.340000e+01 2.336955e+00
    endloop
  endfacet
  facet normal -2.225209e-01 0.000000e+00 9.749279e-01
    outer loop
      vertex   -9.889836e+00 1.340000e+01 2.336955e+00
      vertex   -9.697574e+00 1.730000e+01 2.380838e+00
      vertex   -9.889836e+00 1.730000e+01 2.336955e+00
    endloop
  endfacet
  facet normal -4.486483e-02 0.000000e+00 9.989931e-01
    outer loop
      vertex   -9.889836e+00 1.340000e+01 2.336955e+00
      vertex   -9.889836e+00 1.730000e+01 2.336955e+00
      vertex   -1.008684e+01 1.340000e+01 2.328108e+00
    endloop
  endfacet
  facet normal -4.486483e-02 0.000000e+00 9.989931e-01
    outer loop
      vertex   -1.008684e+01 1.340000e+01 2.328108e+00
      vertex   -9.889836e+00 1.730000e+01 2.336955e+00
      vertex   -1.008684e+01 1.730000e+01 2.328108e+00
    endloop
  endfacet
  facet normal 1.342333e-01 -0.000000e+00 9.909498e-01
    outer loop
      vertex   -1.008684e+01 1.340000e+01 2.328108e+00
      vertex   -1.008684e+01 1.730000e+01 2.328108e+00
      vertex   -1.028227e+01 1.340000e+01 2.354580e+00
    endloop
  endfacet
  facet normal 1.342333e-01 -0.000000e+00 9.909498e-01
    outer loop
      vertex   -1.028227e+01 1.340000e+01 2.354580e+00
      vertex   -1.008684e+01 1.730000e+01 2.328108e+00
      vertex   -1.028227e+01 1.730000e+01 2.354580e+00
    endloop
  endfacet
  facet normal 3.090170e-01 -0.000000e+00 9.510565e-01
    outer loop
      vertex   -1.028227e+01 1.340000e+01 2.354580e+00
      vertex   -1.028227e+01 1.730000e+01 2.354580e+00
      vertex   -1.046982e+01 1.340000e+01 2.415520e+00
    endloop
  endfacet
  facet normal 3.090170e-01 -0.000000e+00 9.510565e-01
    outer loop
      vertex   -1.046982e+01 1.340000e+01 2.415520e+00
      vertex   -1.028227e+01 1.730000e+01 2.354580e+00
      vertex   -1.046982e+01 1.730000e+01 2.415520e+00
    endloop
  endfacet
  facet normal 4.738687e-01 -0.000000e+00 8.805955e-01
    outer loop
      vertex   -1.046982e+01 1.340000e+01 2.415520e+00
      vertex   -1.046982e+01 1.730000e+01 2.415520e+00
      vertex   -1.064348e+01 1.340000e+01 2.508970e+00
    endloop
  endfacet
  facet normal 4.738687e-01 -0.000000e+00 8.805955e-01
    outer loop
      vertex   -1.064348e+01 1.340000e+01 2.508970e+00
      vertex   -1.046982e+01 1.730000e+01 2.415520e+00
      vertex   -1.064348e+01 1.730000e+01 2.508970e+00
    endloop
  endfacet
  facet normal 6.234898e-01 -0.000000e+00 7.818315e-01
    outer loop
      vertex   -1.064348e+01 1.340000e+01 2.508970e+00
      vertex   -1.064348e+01 1.730000e+01 2.508970e+00
      vertex   -1.079766e+01 1.340000e+01 2.631926e+00
    endloop
  endfacet
  facet normal 6.234898e-01 -0.000000e+00 7.818315e-01
    outer loop
      vertex   -1.079766e+01 1.340000e+01 2.631926e+00
      vertex   -1.064348e+01 1.730000e+01 2.508970e+00
      vertex   -1.079766e+01 1.730000e+01 2.631926e+00
    endloop
  endfacet
  facet normal 7.530715e-01 -0.000000e+00 6.579387e-01
    outer loop
      vertex   -1.079766e+01 1.340000e+01 2.631926e+00
      vertex   -1.079766e+01 1.730000e+01 2.631926e+00
      vertex   -1.092741e+01 1.340000e+01 2.780436e+00
    endloop
  endfacet
  facet normal 7.530715e-01 -0.000000e+00 6.579387e-01
    outer loop
      vertex   -1.092741e+01 1.340000e+01 2.780436e+00
      vertex   -1.079766e+01 1.730000e+01 2.631926e+00
      vertex   -1.092741e+01 1.730000e+01 2.780436e+00
    endloop
  endfacet
  facet normal 8.584488e-01 -0.000000e+00 5.128993e-01
    outer loop
      vertex   -1.092741e+01 1.340000e+01 2.780436e+00
      vertex   -1.092741e+01 1.730000e+01 2.780436e+00
      vertex   -1.102856e+01 1.340000e+01 2.949728e+00
    endloop
  endfacet
  facet normal 8.584488e-01 -0.000000e+00 5.128993e-01
    outer loop
      vertex   -1.102856e+01 1.340000e+01 2.949728e+00
      vertex   -1.092741e+01 1.730000e+01 2.780436e+00
      vertex   -1.102856e+01 1.730000e+01 2.949728e+00
    endloop
  endfacet
  facet normal 9.362349e-01 -0.000000e+00 3.513748e-01
    outer loop
      vertex   -1.102856e+01 1.340000e+01 2.949728e+00
      vertex   -1.102856e+01 1.730000e+01 2.949728e+00
      vertex   -1.109785e+01 1.340000e+01 3.134360e+00
    endloop
  endfacet
  facet normal 9.362349e-01 -0.000000e+00 3.513748e-01
    outer loop
      vertex   -1.109785e+01 1.340000e+01 3.134360e+00
      vertex   -1.102856e+01 1.730000e+01 2.949728e+00
      vertex   -1.109785e+01 1.730000e+01 3.134360e+00
    endloop
  endfacet
  facet normal 9.839296e-01 -0.000000e+00 1.785569e-01
    outer loop
      vertex   -1.109785e+01 1.340000e+01 3.134360e+00
      vertex   -1.109785e+01 1.730000e+01 3.134360e+00
      vertex   -1.113306e+01 1.340000e+01 3.328397e+00
    endloop
  endfacet
  facet normal 9.839296e-01 -0.000000e+00 1.785569e-01
    outer loop
      vertex   -1.113306e+01 1.340000e+01 3.328397e+00
      vertex   -1.109785e+01 1.730000e+01 3.134360e+00
      vertex   -1.113306e+01 1.730000e+01 3.328397e+00
    endloop
  endfacet
  facet normal 1.000000e+00 0.000000e+00 0.000000e+00
    outer loop
      vertex   -1.113306e+01 1.340000e+01 3.328397e+00
      vertex   -1.113306e+01 1.730000e+01 3.328397e+00
      vertex   -1.113306e+01 1.340000e+01 3.525603e+00
    endloop
  endfacet
  facet normal 1.000000e+00 -0.000000e+00 0.000000e+00
    outer loop
      vertex   -1.113306e+01 1.340000e+01 3.525603e+00
      vertex   -1.113306e+01 1.730000e+01 3.328397e+00
      vertex   -1.113306e+01 1.730000e+01 3.525603e+00
    endloop
  endfacet
  facet normal 9.839296e-01 0.000000e+00 -1.785569e-01
    outer loop
      vertex   -1.113306e+01 1.340000e+01 3.525603e+00
      vertex   -1.113306e+01 1.730000e+01 3.525603e+00
      vertex   -1.109785e+01 1.340000e+01 3.719641e+00
    endloop
  endfacet
  facet normal 9.839296e-01 0.000000e+00 -1.785569e-01
    outer loop
      vertex   -1.109785e+01 1.340000e+01 3.719641e+00
      vertex   -1.113306e+01 1.730000e+01 3.525603e+00
      vertex   -1.109785e+01 1.730000e+01 3.719641e+00
    endloop
  endfacet
  facet normal 9.362349e-01 0.000000e+00 -3.513748e-01
    outer loop
      vertex   -1.109785e+01 1.340000e+01 3.719641e+00
      vertex   -1.109785e+01 1.730000e+01 3.719641e+00
      vertex   -1.102856e+01 1.340000e+01 3.904272e+00
    endloop
  endfacet
  facet normal 9.362349e-01 0.000000e+00 -3.513748e-01
    outer loop
      vertex   -1.102856e+01 1.340000e+01 3.904272e+00
      vertex   -1.109785e+01 1.730000e+01 3.719641e+00
      vertex   -1.102856e+01 1.730000e+01 3.904272e+00
    endloop
  endfacet
  facet normal 8.584488e-01 0.000000e+00 -5.128993e-01
    outer loop
      vertex   -1.102856e+01 1.340000e+01 3.904272e+00
      vertex   -1.102856e+01 1.730000e+01 3.904272e+00
      vertex   -1.092741e+01 1.340000e+01 4.073564e+00
    endloop
  endfacet
  facet normal 8.584488e-01 0.000000e+00 -5.128993e-01
    outer loop
      vertex   -1.092741e+01 1.340000e+01 4.073564e+00
      vertex   -1.102856e+01 1.730000e+01 3.904272e+00
      vertex   -1.092741e+01 1.730000e+01 4.073564e+00
    endloop
  endfacet
  facet normal 7.530715e-01 0.000000e+00 -6.579387e-01
    outer loop
      vertex   -1.092741e+01 1.340000e+01 4.073564e+00
      vertex   -1.092741e+01 1.730000e+01 4.073564e+00
      vertex   -1.079766e+01 1.340000e+01 4.222075e+00
    endloop
  endfacet
  facet normal 7.530715e-01 0.000000e+00 -6.579387e-01
    outer loop
      vertex   -1.079766e+01 1.340000e+01 4.222075e+00
      vertex   -1.092741e+01 1.730000e+01 4.073564e+00
      vertex   -1.079766e+01 1.730000e+01 4.222075e+00
    endloop
  endfacet
  facet normal 6.234898e-01 0.000000e+00 -7.818315e-01
    outer loop
      vertex   -1.079766e+01 1.340000e+01 4.222075e+00
      vertex   -1.079766e+01 1.730000e+01 4.222075e+00
      vertex   -1.064348e+01 1.340000e+01 4.345031e+00
    endloop
  endfacet
  facet normal 6.234898e-01 0.000000e+00 -7.818315e-01
    outer loop
      vertex   -1.064348e+01 1.340000e+01 4.345031e+00
      vertex   -1.079766e+01 1.730000e+01 4.222075e+00
      vertex   -1.064348e+01 1.730000e+01 4.345031e+00
    endloop
  endfacet
  facet normal 4.738687e-01 0.000000e+00 -8.805955e-01
    outer loop
      vertex   -1.064348e+01 1.340000e+01 4.345031e+00
      vertex   -1.064348e+01 1.730000e+01 4.345031e+00
      vertex   -1.046982e+01 1.340000e+01 4.438481e+00
    endloop
  endfacet
  facet normal 4.738687e-01 0.000000e+00 -8.805955e-01
    outer loop
      vertex   -1.046982e+01 1.340000e+01 4.438481e+00
      vertex   -1.064348e+01 1.730000e+01 4.345031e+00
      vertex   -1.046982e+01 1.730000e+01 4.438481e+00
    endloop
  endfacet
  facet normal 3.090170e-01 0.000000e+00 -9.510565e-01
    outer loop
      vertex   -1.046982e+01 1.340000e+01 4.438481e+00
      vertex   -1.046982e+01 1.730000e+01 4.438481e+00
      vertex   -1.028227e+01 1.340000e+01 4.499421e+00
    endloop
  endfacet
  facet normal 3.090170e-01 0.000000e+00 -9.510565e-01
    outer loop
      vertex   -1.028227e+01 1.340000e+01 4.499421e+00
      vertex   -1.046982e+01 1.730000e+01 4.438481e+00
      vertex   -1.028227e+01 1.730000e+01 4.499421e+00
    endloop
  endfacet
  facet normal 1.342333e-01 0.000000e+00 -9.909498e-01
    outer loop
      vertex   -1.028227e+01 1.340000e+01 4.499421e+00
      vertex   -1.028227e+01 1.730000e+01 4.499421e+00
      vertex   -1.008684e+01 1.340000e+01 4.525893e+00
    endloop
  endfacet
  facet normal 1.342333e-01 0.000000e+00 -9.909498e-01
    outer loop
      vertex   -1.008684e+01 1.340000e+01 4.525893e+00
      vertex   -1.028227e+01 1.730000e+01 4.499421e+00
      vertex   -1.008684e+01 1.730000e+01 4.525893e+00
    endloop
  endfacet
  facet normal -4.486483e-02 0.000000e+00 -9.989931e-01
    outer loop
      vertex   -1.008684e+01 1.340000e+01 4.525893e+00
      vertex   -1.008684e+01 1.730000e+01 4.525893e+00
      vertex   -9.889836e+00 1.340000e+01 4.517045e+00
    endloop
  endfacet
  facet normal -4.486483e-02 0.000000e+00 -9.989931e-01
    outer loop
      vertex   -9.889836e+00 1.340000e+01 4.517045e+00
      vertex   -1.008684e+01 1.730000e+01 4.525893e+00
      vertex   -9.889836e+00 1.730000e+01 4.517045e+00
    endloop
  endfacet
  facet normal -2.225209e-01 0.000000e+00 -9.749279e-01
    outer loop
      vertex   -9.889836e+00 1.340000e+01 4.517045e+00
      vertex   -9.889836e+00 1.730000e+01 4.517045e+00
      vertex   -9.697574e+00 1.340000e+01 4.473162e+00
    endloop
  endfacet
  facet normal -2.225209e-01 0.000000e+00 -9.749279e-01
    outer loop
      vertex   -9.697574e+00 1.340000e+01 4.473162e+00
      vertex   -9.889836e+00 1.730000e+01 4.517045e+00
      vertex   -9.697574e+00 1.730000e+01 4.473162e+00
    endloop
  endfacet
  facet normal -3.930250e-01 0.000000e+00 -9.195278e-01
    outer loop
      vertex   -9.697574e+00 1.340000e+01 4.473162e+00
      vertex   -9.697574e+00 1.730000e+01 4.473162e+00
      vertex   -9.516237e+00 1.340000e+01 4.395655e+00
    endloop
  endfacet
  facet normal -3.930250e-01 0.000000e+00 -9.195278e-01
    outer loop
      vertex   -9.516237e+00 1.340000e+01 4.395655e+00
      vertex   -9.697574e+00 1.730000e+01 4.473162e+00
      vertex   -9.516237e+00 1.730000e+01 4.395655e+00
    endloop
  endfacet
  facet normal -5.508970e-01 0.000000e+00 -8.345733e-01
    outer loop
      vertex   -9.516237e+00 1.340000e+01 4.395655e+00
      vertex   -9.516237e+00 1.730000e+01 4.395655e+00
      vertex   -9.351654e+00 1.340000e+01 4.287015e+00
    endloop
  endfacet
  facet normal -5.508970e-01 0.000000e+00 -8.345733e-01
    outer loop
      vertex   -9.351654e+00 1.340000e+01 4.287015e+00
      vertex   -9.516237e+00 1.730000e+01 4.395655e+00
      vertex   -9.351654e+00 1.730000e+01 4.287015e+00
    endloop
  endfacet
  facet normal -6.910626e-01 0.000000e+00 -7.227949e-01
    outer loop
      vertex   -9.351654e+00 1.340000e+01 4.287015e+00
      vertex   -9.351654e+00 1.730000e+01 4.287015e+00
      vertex   -9.209114e+00 1.340000e+01 4.150733e+00
    endloop
  endfacet
  facet normal -6.910626e-01 0.000000e+00 -7.227949e-01
    outer loop
      vertex   -9.209114e+00 1.340000e+01 4.150733e+00
      vertex   -9.351654e+00 1.730000e+01 4.287015e+00
      vertex   -9.209114e+00 1.730000e+01 4.150733e+00
    endloop
  endfacet
  facet normal -8.090170e-01 0.000000e+00 -5.877853e-01
    outer loop
      vertex   -9.209114e+00 1.340000e+01 4.150733e+00
      vertex   -9.209114e+00 1.730000e+01 4.150733e+00
      vertex   -9.093199e+00 1.340000e+01 3.991189e+00
    endloop
  endfacet
  facet normal -8.090170e-01 0.000000e+00 -5.877853e-01
    outer loop
      vertex   -9.093199e+00 1.340000e+01 3.991189e+00
      vertex   -9.209114e+00 1.730000e+01 4.150733e+00
      vertex   -9.093199e+00 1.730000e+01 3.991189e+00
    endloop
  endfacet
  facet normal -9.009689e-01 0.000000e+00 -4.338837e-01
    outer loop
      vertex   -9.093199e+00 1.340000e+01 3.991189e+00
      vertex   -9.093199e+00 1.730000e+01 3.991189e+00
      vertex   -9.007634e+00 1.340000e+01 3.813513e+00
    endloop
  endfacet
  facet normal -9.009689e-01 0.000000e+00 -4.338837e-01
    outer loop
      vertex   -9.007634e+00 1.340000e+01 3.813513e+00
      vertex   -9.093199e+00 1.730000e+01 3.991189e+00
      vertex   -9.007634e+00 1.730000e+01 3.813513e+00
    endloop
  endfacet
  facet normal -9.639629e-01 0.000000e+00 -2.660368e-01
    outer loop
      vertex   -9.007634e+00 1.340000e+01 3.813513e+00
      vertex   -9.007634e+00 1.730000e+01 3.813513e+00
      vertex   -8.955170e+00 1.340000e+01 3.623413e+00
    endloop
  endfacet
  facet normal -9.639629e-01 0.000000e+00 -2.660368e-01
    outer loop
      vertex   -8.955170e+00 1.340000e+01 3.623413e+00
      vertex   -9.007634e+00 1.730000e+01 3.813513e+00
      vertex   -8.955170e+00 1.730000e+01 3.623413e+00
    endloop
  endfacet
  facet normal 0.000000e+00 -0.000000e+00 1.000000e+00
    outer loop
      vertex   -5.600000e+00 1.339985e+01 1.135200e+01
      vertex   -5.600000e+00 1.730000e+01 1.135200e+01
      vertex   -5.614603e+00 1.339993e+01 1.135200e+01
    endloop
  endfacet
  facet normal 0.000000e+00 -0.000000e+00 1.000000e+00
    outer loop
      vertex   -5.614603e+00 1.339993e+01 1.135200e+01
      vertex   -5.600000e+00 1.730000e+01 1.135200e+01
      vertex   -5.629205e+00 1.339998e+01 1.135200e+01
    endloop
  endfacet
  facet normal 0.000000e+00 -0.000000e+00 1.000000e+00
    outer loop
      vertex   -5.629205e+00 1.339998e+01 1.135200e+01
      vertex   -5.600000e+00 1.730000e+01 1.135200e+01
      vertex   -5.643808e+00 1.340000e+01 1.135200e+01
    endloop
  endfacet
  facet normal 0.000000e+00 -0.000000e+00 1.000000e+00
    outer loop
      vertex   -5.643808e+00 1.340000e+01 1.135200e+01
      vertex   -5.600000e+00 1.730000e+01 1.135200e+01
      vertex   -7.600000e+00 1.730000e+01 1.135200e+01
    endloop
  endfacet
  facet normal 0.000000e+00 0.000000e+00 1.000000e+00
    outer loop
      vertex   -5.643808e+00 1.340000e+01 1.135200e+01
      vertex   -7.600000e+00 1.730000e+01 1.135200e+01
      vertex   -7.600000e+00 1.340000e+01 1.135200e+01
    endloop
  endfacet
  facet normal 7.845910e-02 9.969173e-01 0.000000e+00
    outer loop
      vertex   -1.648000e+00 1.730000e+01 1.427000e+00
      vertex   -1.648000e+00 1.730000e+01 1.281249e-01
      vertex   -1.843543e+00 1.731539e+01 1.427000e+00
    endloop
  endfacet
  facet normal 7.845910e-02 9.969173e-01 -1.341220e-17
    outer loop
      vertex   -1.843543e+00 1.731539e+01 1.427000e+00
      vertex   -1.648000e+00 1.730000e+01 1.281249e-01
      vertex   -1.843543e+00 1.731539e+01 1.280766e-01
    endloop
  endfacet
  facet normal 2.334454e-01 9.723699e-01 -3.990634e-17
    outer loop
      vertex   -1.843543e+00 1.731539e+01 1.427000e+00
      vertex   -1.843543e+00 1.731539e+01 1.280766e-01
      vertex   -2.034271e+00 1.736118e+01 1.427000e+00
    endloop
  endfacet
  facet normal 2.334454e-01 9.723699e-01 0.000000e+00
    outer loop
      vertex   -2.034271e+00 1.736118e+01 1.427000e+00
      vertex   -1.843543e+00 1.731539e+01 1.280766e-01
      vertex   -2.034271e+00 1.736118e+01 1.280294e-01
    endloop
  endfacet
  facet normal 3.826834e-01 9.238795e-01 0.000000e+00
    outer loop
      vertex   -2.034271e+00 1.736118e+01 1.427000e+00
      vertex   -2.034271e+00 1.736118e+01 1.280294e-01
      vertex   -2.215488e+00 1.743624e+01 1.427000e+00
    endloop
  endfacet
  facet normal 3.826834e-01 9.238795e-01 -2.526744e-15
    outer loop
      vertex   -2.215488e+00 1.743624e+01 1.427000e+00
      vertex   -2.034271e+00 1.736118e+01 1.280294e-01
      vertex   -2.215488e+00 1.743624e+01 1.279846e-01
    endloop
  endfacet
  facet normal 5.224986e-01 8.526402e-01 -2.331909e-15
    outer loop
      vertex   -2.215488e+00 1.743624e+01 1.427000e+00
      vertex   -2.215488e+00 1.743624e+01 1.279846e-01
      vertex   -2.382732e+00 1.753873e+01 1.427000e+00
    endloop
  endfacet
  facet normal 5.224986e-01 8.526402e-01 1.786188e-16
    outer loop
      vertex   -2.382732e+00 1.753873e+01 1.427000e+00
      vertex   -2.215488e+00 1.743624e+01 1.279846e-01
      vertex   -2.382732e+00 1.753873e+01 1.279433e-01
    endloop
  endfacet
  facet normal 6.494480e-01 7.604060e-01 2.220171e-16
    outer loop
      vertex   -2.382732e+00 1.753873e+01 1.427000e+00
      vertex   -2.382732e+00 1.753873e+01 1.279433e-01
      vertex   -2.531883e+00 1.766612e+01 1.427000e+00
    endloop
  endfacet
  facet normal 6.494480e-01 7.604060e-01 0.000000e+00
    outer loop
      vertex   -2.531883e+00 1.766612e+01 1.427000e+00
      vertex   -2.382732e+00 1.753873e+01 1.279433e-01
      vertex   -2.531883e+00 1.766612e+01 1.279064e-01
    endloop
  endfacet
  facet normal 7.604060e-01 6.494480e-01 0.000000e+00
    outer loop
      vertex   -2.531883e+00 1.766612e+01 1.427000e+00
      vertex   -2.531883e+00 1.766612e+01 1.279064e-01
      vertex   -2.659271e+00 1.781527e+01 1.427000e+00
    endloop
  endfacet
  facet normal 7.604060e-01 6.494480e-01 0.000000e+00
    outer loop
      vertex   -2.659271e+00 1.781527e+01 1.427000e+00
      vertex   -2.531883e+00 1.766612e+01 1.279064e-01
      vertex   -2.659271e+00 1.781527e+01 1.278749e-01
    endloop
  endfacet
  facet normal 8.526402e-01 5.224986e-01 0.000000e+00
    outer loop
      vertex   -2.659271e+00 1.781527e+01 1.427000e+00
      vertex   -2.659271e+00 1.781527e+01 1.278749e-01
      vertex   -2.761758e+00 1.798251e+01 1.427000e+00
    endloop
  endfacet
  facet normal 8.526402e-01 5.224986e-01 0.000000e+00
    outer loop
      vertex   -2.761758e+00 1.798251e+01 1.427000e+00
      vertex   -2.659271e+00 1.781527e+01 1.278749e-01
      vertex   -2.761758e+00 1.798251e+01 1.278496e-01
    endloop
  endfacet
  facet normal 9.238795e-01 3.826834e-01 0.000000e+00
    outer loop
      vertex   -2.761758e+00 1.798251e+01 1.427000e+00
      vertex   -2.761758e+00 1.798251e+01 1.278496e-01
      vertex   -2.836821e+00 1.816373e+01 1.427000e+00
    endloop
  endfacet
  facet normal 9.238795e-01 3.826834e-01 0.000000e+00
    outer loop
      vertex   -2.836821e+00 1.816373e+01 1.427000e+00
      vertex   -2.761758e+00 1.798251e+01 1.278496e-01
      vertex   -2.836821e+00 1.816373e+01 1.278310e-01
    endloop
  endfacet
  facet normal 9.723699e-01 2.334454e-01 0.000000e+00
    outer loop
      vertex   -2.836821e+00 1.816373e+01 1.427000e+00
      vertex   -2.836821e+00 1.816373e+01 1.278310e-01
      vertex   -2.882610e+00 1.835446e+01 1.427000e+00
    endloop
  endfacet
  facet normal 9.723699e-01 2.334454e-01 0.000000e+00
    outer loop
      vertex   -2.882610e+00 1.835446e+01 1.427000e+00
      vertex   -2.836821e+00 1.816373e+01 1.278310e-01
      vertex   -2.882610e+00 1.835446e+01 1.278197e-01
    endloop
  endfacet
  facet normal 9.969173e-01 7.845910e-02 0.000000e+00
    outer loop
      vertex   -2.882610e+00 1.835446e+01 1.427000e+00
      vertex   -2.882610e+00 1.835446e+01 1.278197e-01
      vertex   -2.898000e+00 1.855000e+01 1.427000e+00
    endloop
  endfacet
  facet normal 9.969173e-01 7.845910e-02 0.000000e+00
    outer loop
      vertex   -2.898000e+00 1.855000e+01 1.427000e+00
      vertex   -2.882610e+00 1.835446e+01 1.278197e-01
      vertex   -2.898000e+00 1.855000e+01 1.278159e-01
    endloop
  endfacet
  facet normal 1.000000e+00 -0.000000e+00 0.000000e+00
    outer loop
      vertex   -2.898000e+00 1.855000e+01 1.427000e+00
      vertex   -2.898000e+00 1.855000e+01 1.278159e-01
      vertex   -2.898000e+00 1.955000e+01 1.427000e+00
    endloop
  endfacet
  facet normal 1.000000e+00 0.000000e+00 0.000000e+00
    outer loop
      vertex   -2.898000e+00 1.955000e+01 1.427000e+00
      vertex   -2.898000e+00 1.855000e+01 1.278159e-01
      vertex   -2.898000e+00 1.955000e+01 1.278159e-01
    endloop
  endfacet
  facet normal 9.969173e-01 7.845910e-02 0.000000e+00
    outer loop
      vertex   -2.898000e+00 1.955000e+01 1.427000e+00
      vertex   -2.898000e+00 1.955000e+01 1.278159e-01
      vertex   -2.913390e+00 1.974554e+01 1.427000e+00
    endloop
  endfacet
  facet normal 9.969173e-01 7.845910e-02 0.000000e+00
    outer loop
      vertex   -2.913390e+00 1.974554e+01 1.427000e+00
      vertex   -2.898000e+00 1.955000e+01 1.278159e-01
      vertex   -2.913390e+00 1.974554e+01 1.278121e-01
    endloop
  endfacet
  facet normal 9.723699e-01 2.334454e-01 0.000000e+00
    outer loop
      vertex   -2.913390e+00 1.974554e+01 1.427000e+00
      vertex   -2.913390e+00 1.974554e+01 1.278121e-01
      vertex   -2.959179e+00 1.993627e+01 1.427000e+00
    endloop
  endfacet
  facet normal 9.723699e-01 2.334454e-01 -6.383659e-16
    outer loop
      vertex   -2.959179e+00 1.993627e+01 1.427000e+00
      vertex   -2.913390e+00 1.974554e+01 1.278121e-01
      vertex   -2.959179e+00 1.993627e+01 1.278008e-01
    endloop
  endfacet
  facet normal 9.238795e-01 3.826834e-01 -1.046463e-15
    outer loop
      vertex   -2.959179e+00 1.993627e+01 1.427000e+00
      vertex   -2.959179e+00 1.993627e+01 1.278008e-01
      vertex   -3.034242e+00 2.011749e+01 1.427000e+00
    endloop
  endfacet
  facet normal 9.238795e-01 3.826834e-01 0.000000e+00
    outer loop
      vertex   -3.034242e+00 2.011749e+01 1.427000e+00
      vertex   -2.959179e+00 1.993627e+01 1.278008e-01
      vertex   -3.034242e+00 2.011749e+01 1.277822e-01
    endloop
  endfacet
  facet normal 8.526402e-01 5.224986e-01 0.000000e+00
    outer loop
      vertex   -3.034242e+00 2.011749e+01 1.427000e+00
      vertex   -3.034242e+00 2.011749e+01 1.277822e-01
      vertex   -3.136729e+00 2.028473e+01 1.427000e+00
    endloop
  endfacet
  facet normal 8.526402e-01 5.224986e-01 0.000000e+00
    outer loop
      vertex   -3.136729e+00 2.028473e+01 1.427000e+00
      vertex   -3.034242e+00 2.011749e+01 1.277822e-01
      vertex   -3.136729e+00 2.028473e+01 1.277569e-01
    endloop
  endfacet
  facet normal 7.604060e-01 6.494480e-01 0.000000e+00
    outer loop
      vertex   -3.136729e+00 2.028473e+01 1.427000e+00
      vertex   -3.136729e+00 2.028473e+01 1.277569e-01
      vertex   -3.264117e+00 2.043388e+01 1.427000e+00
    endloop
  endfacet
  facet normal 7.604060e-01 6.494480e-01 0.000000e+00
    outer loop
      vertex   -3.264117e+00 2.043388e+01 1.427000e+00
      vertex   -3.136729e+00 2.028473e+01 1.277569e-01
      vertex   -3.264117e+00 2.043388e+01 1.277254e-01
    endloop
  endfacet
  facet normal 6.494480e-01 7.604060e-01 0.000000e+00
    outer loop
      vertex   -3.264117e+00 2.043388e+01 1.427000e+00
      vertex   -3.264117e+00 2.043388e+01 1.277254e-01
      vertex   -3.413268e+00 2.056127e+01 1.427000e+00
    endloop
  endfacet
  facet normal 6.494480e-01 7.604060e-01 0.000000e+00
    outer loop
      vertex   -3.413268e+00 2.056127e+01 1.427000e+00
      vertex   -3.264117e+00 2.043388e+01 1.277254e-01
      vertex   -3.413268e+00 2.056127e+01 1.276886e-01
    endloop
  endfacet
  facet normal 5.224986e-01 8.526402e-01 0.000000e+00
    outer loop
      vertex   -3.413268e+00 2.056127e+01 1.427000e+00
      vertex   -3.413268e+00 2.056127e+01 1.276886e-01
      vertex   -3.580512e+00 2.066376e+01 1.427000e+00
    endloop
  endfacet
  facet normal 5.224986e-01 8.526402e-01 -2.509882e-15
    outer loop
      vertex   -3.580512e+00 2.066376e+01 1.427000e+00
      vertex   -3.413268e+00 2.056127e+01 1.276886e-01
      vertex   -3.580512e+00 2.066376e+01 1.276472e-01
    endloop
  endfacet
  facet normal 3.826834e-01 9.238795e-01 -2.656880e-15
    outer loop
      vertex   -3.580512e+00 2.066376e+01 1.427000e+00
      vertex   -3.580512e+00 2.066376e+01 1.276472e-01
      vertex   -3.761729e+00 2.073882e+01 1.427000e+00
    endloop
  endfacet
  facet normal 3.826834e-01 9.238795e-01 0.000000e+00
    outer loop
      vertex   -3.761729e+00 2.073882e+01 1.427000e+00
      vertex   -3.580512e+00 2.066376e+01 1.276472e-01
      vertex   -3.761729e+00 2.073882e+01 1.276024e-01
    endloop
  endfacet
  facet normal 2.334454e-01 9.723699e-01 0.000000e+00
    outer loop
      vertex   -3.761729e+00 2.073882e+01 1.427000e+00
      vertex   -3.761729e+00 2.073882e+01 1.276024e-01
      vertex   -3.952457e+00 2.078461e+01 1.427000e+00
    endloop
  endfacet
  facet normal 2.334454e-01 9.723699e-01 0.000000e+00
    outer loop
      vertex   -3.952457e+00 2.078461e+01 1.427000e+00
      vertex   -3.761729e+00 2.073882e+01 1.276024e-01
      vertex   -3.952457e+00 2.078461e+01 1.275553e-01
    endloop
  endfacet
  facet normal 7.845910e-02 9.969173e-01 0.000000e+00
    outer loop
      vertex   -3.952457e+00 2.078461e+01 1.427000e+00
      vertex   -3.952457e+00 2.078461e+01 1.275553e-01
      vertex   -4.148000e+00 2.080000e+01 1.427000e+00
    endloop
  endfacet
  facet normal 7.845910e-02 9.969173e-01 0.000000e+00
    outer loop
      vertex   -4.148000e+00 2.080000e+01 1.427000e+00
      vertex   -3.952457e+00 2.078461e+01 1.275553e-01
      vertex   -4.148000e+00 2.080000e+01 1.275069e-01
    endloop
  endfacet
  facet normal 0.000000e+00 1.000000e+00 0.000000e+00
    outer loop
      vertex   -4.148000e+00 2.080000e+01 1.427000e+00
      vertex   -4.148000e+00 2.080000e+01 1.275069e-01
      vertex   -4.948000e+00 2.080000e+01 1.427000e+00
    endloop
  endfacet
  facet normal 0.000000e+00 1.000000e+00 0.000000e+00
    outer loop
      vertex   -4.948000e+00 2.080000e+01 1.427000e+00
      vertex   -4.148000e+00 2.080000e+01 1.275069e-01
      vertex   -4.948000e+00 2.080000e+01 1.273092e-01
    endloop
  endfacet
  facet normal 2.471862e-04 -9.109310e-17 -1.000000e+00
    outer loop
      vertex   -3.917521e+00 1.924990e+01 1.275639e-01
      vertex   -2.898000e+00 1.955000e+01 1.278159e-01
      vertex   -3.900000e+00 1.910000e+01 1.275682e-01
    endloop
  endfacet
  facet normal 2.471862e-04 0.000000e+00 -1.000000e+00
    outer loop
      vertex   -3.900000e+00 1.910000e+01 1.275682e-01
      vertex   -2.898000e+00 1.955000e+01 1.278159e-01
      vertex   -2.898000e+00 1.855000e+01 1.278159e-01
    endloop
  endfacet
  facet normal 2.471862e-04 9.009456e-17 -1.000000e+00
    outer loop
      vertex   -3.900000e+00 1.910000e+01 1.275682e-01
      vertex   -2.898000e+00 1.855000e+01 1.278159e-01
      vertex   -3.917521e+00 1.895010e+01 1.275639e-01
    endloop
  endfacet
  facet normal 2.471862e-04 -7.465622e-17 -1.000000e+00
    outer loop
      vertex   -3.917521e+00 1.895010e+01 1.275639e-01
      vertex   -2.898000e+00 1.855000e+01 1.278159e-01
      vertex   -3.969139e+00 1.880828e+01 1.275512e-01
    endloop
  endfacet
  facet normal 2.471862e-04 1.978979e-16 -1.000000e+00
    outer loop
      vertex   -3.969139e+00 1.880828e+01 1.275512e-01
      vertex   -2.898000e+00 1.855000e+01 1.278159e-01
      vertex   -4.052071e+00 1.868219e+01 1.275307e-01
    endloop
  endfacet
  facet normal 2.471862e-04 -4.712314e-16 -1.000000e+00
    outer loop
      vertex   -4.052071e+00 1.868219e+01 1.275307e-01
      vertex   -2.898000e+00 1.855000e+01 1.278159e-01
      vertex   -2.882610e+00 1.835446e+01 1.278197e-01
    endloop
  endfacet
  facet normal 2.471862e-04 2.533726e-16 -1.000000e+00
    outer loop
      vertex   -4.052071e+00 1.868219e+01 1.275307e-01
      vertex   -2.882610e+00 1.835446e+01 1.278197e-01
      vertex   -4.161847e+00 1.857862e+01 1.275035e-01
    endloop
  endfacet
  facet normal 2.471862e-04 -7.190222e-18 -1.000000e+00
    outer loop
      vertex   -4.161847e+00 1.857862e+01 1.275035e-01
      vertex   -2.882610e+00 1.835446e+01 1.278197e-01
      vertex   -2.836821e+00 1.816373e+01 1.278310e-01
    endloop
  endfacet
  facet normal 2.471862e-04 3.267431e-16 -1.000000e+00
    outer loop
      vertex   -4.161847e+00 1.857862e+01 1.275035e-01
      vertex   -2.836821e+00 1.816373e+01 1.278310e-01
      vertex   -4.292548e+00 1.850316e+01 1.274712e-01
    endloop
  endfacet
  facet normal 2.471862e-04 -9.144053e-17 -1.000000e+00
    outer loop
      vertex   -4.292548e+00 1.850316e+01 1.274712e-01
      vertex   -2.836821e+00 1.816373e+01 1.278310e-01
      vertex   -2.761758e+00 1.798251e+01 1.278496e-01
    endloop
  endfacet
  facet normal 2.471862e-04 -1.589035e-16 -1.000000e+00
    outer loop
      vertex   -4.292548e+00 1.850316e+01 1.274712e-01
      vertex   -2.761758e+00 1.798251e+01 1.278496e-01
      vertex   -4.437129e+00 1.845987e+01 1.274355e-01
    endloop
  endfacet
  facet normal 2.471862e-04 7.219536e-17 -1.000000e+00
    outer loop
      vertex   -4.437129e+00 1.845987e+01 1.274355e-01
      vertex   -2.761758e+00 1.798251e+01 1.278496e-01
      vertex   -2.659271e+00 1.781527e+01 1.278749e-01
    endloop
  endfacet
  facet normal 2.471862e-04 6.490048e-16 -1.000000e+00
    outer loop
      vertex   -4.437129e+00 1.845987e+01 1.274355e-01
      vertex   -2.659271e+00 1.781527e+01 1.278749e-01
      vertex   -4.587794e+00 1.845110e+01 1.273982e-01
    endloop
  endfacet
  facet normal 2.471862e-04 -2.917149e-16 -1.000000e+00
    outer loop
      vertex   -4.587794e+00 1.845110e+01 1.273982e-01
      vertex   -2.659271e+00 1.781527e+01 1.278749e-01
      vertex   -2.531883e+00 1.766612e+01 1.279064e-01
    endloop
  endfacet
  facet normal 2.471862e-04 4.289217e-16 -1.000000e+00
    outer loop
      vertex   -4.587794e+00 1.845110e+01 1.273982e-01
      vertex   -2.531883e+00 1.766612e+01 1.279064e-01
      vertex   -6.564117e+00 1.766612e+01 1.269097e-01
    endloop
  endfacet
  facet normal 2.471862e-04 -7.704240e-17 -1.000000e+00
    outer loop
      vertex   -6.564117e+00 1.766612e+01 1.269097e-01
      vertex   -2.531883e+00 1.766612e+01 1.279064e-01
      vertex   -6.713268e+00 1.753873e+01 1.268728e-01
    endloop
  endfacet
  facet normal 2.471862e-04 7.075275e-17 -1.000000e+00
    outer loop
      vertex   -6.713268e+00 1.753873e+01 1.268728e-01
      vertex   -2.531883e+00 1.766612e+01 1.279064e-01
      vertex   -2.382732e+00 1.753873e+01 1.279433e-01
    endloop
  endfacet
  facet normal 2.471862e-04 -1.237924e-16 -1.000000e+00
    outer loop
      vertex   -6.713268e+00 1.753873e+01 1.268728e-01
      vertex   -2.382732e+00 1.753873e+01 1.279433e-01
      vertex   -6.880512e+00 1.743624e+01 1.268315e-01
    endloop
  endfacet
  facet normal 2.471862e-04 1.124785e-16 -1.000000e+00
    outer loop
      vertex   -6.880512e+00 1.743624e+01 1.268315e-01
      vertex   -2.382732e+00 1.753873e+01 1.279433e-01
      vertex   -2.215488e+00 1.743624e+01 1.279846e-01
    endloop
  endfacet
  facet normal 2.471862e-04 -1.095292e-16 -1.000000e+00
    outer loop
      vertex   -6.880512e+00 1.743624e+01 1.268315e-01
      vertex   -2.215488e+00 1.743624e+01 1.279846e-01
      vertex   -7.061729e+00 1.736118e+01 1.267867e-01
    endloop
  endfacet
  facet normal 2.471862e-04 1.011304e-16 -1.000000e+00
    outer loop
      vertex   -7.061729e+00 1.736118e+01 1.267867e-01
      vertex   -2.215488e+00 1.743624e+01 1.279846e-01
      vertex   -2.034271e+00 1.736118e+01 1.280294e-01
    endloop
  endfacet
  facet normal 2.471862e-04 4.238730e-18 -1.000000e+00
    outer loop
      vertex   -7.061729e+00 1.736118e+01 1.267867e-01
      vertex   -2.034271e+00 1.736118e+01 1.280294e-01
      vertex   -7.252457e+00 1.731539e+01 1.267396e-01
    endloop
  endfacet
  facet normal 2.471862e-04 -3.502044e-18 -1.000000e+00
    outer loop
      vertex   -7.252457e+00 1.731539e+01 1.267396e-01
      vertex   -2.034271e+00 1.736118e+01 1.280294e-01
      vertex   -1.843543e+00 1.731539e+01 1.280766e-01
    endloop
  endfacet
  facet normal 2.471862e-04 -7.756314e-16 -1.000000e+00
    outer loop
      vertex   -7.252457e+00 1.731539e+01 1.267396e-01
      vertex   -1.843543e+00 1.731539e+01 1.280766e-01
      vertex   -7.448000e+00 1.730000e+01 1.266912e-01
    endloop
  endfacet
  facet normal 2.471862e-04 7.190803e-16 -1.000000e+00
    outer loop
      vertex   -7.448000e+00 1.730000e+01 1.266912e-01
      vertex   -1.843543e+00 1.731539e+01 1.280766e-01
      vertex   -1.648000e+00 1.730000e+01 1.281249e-01
    endloop
  endfacet
  facet normal 2.471862e-04 7.706355e-17 -1.000000e+00
    outer loop
      vertex   -3.917521e+00 1.924990e+01 1.275639e-01
      vertex   -3.969139e+00 1.939172e+01 1.275512e-01
      vertex   -2.898000e+00 1.955000e+01 1.278159e-01
    endloop
  endfacet
  facet normal 2.471862e-04 -2.092474e-16 -1.000000e+00
    outer loop
      vertex   -2.898000e+00 1.955000e+01 1.278159e-01
      vertex   -3.969139e+00 1.939172e+01 1.275512e-01
      vertex   -4.052071e+00 1.951781e+01 1.275307e-01
    endloop
  endfacet
  facet normal 2.471862e-04 5.255353e-16 -1.000000e+00
    outer loop
      vertex   -2.898000e+00 1.955000e+01 1.278159e-01
      vertex   -4.052071e+00 1.951781e+01 1.275307e-01
      vertex   -2.913390e+00 1.974554e+01 1.278121e-01
    endloop
  endfacet
  facet normal 2.471862e-04 -2.605626e-16 -1.000000e+00
    outer loop
      vertex   -2.913390e+00 1.974554e+01 1.278121e-01
      vertex   -4.052071e+00 1.951781e+01 1.275307e-01
      vertex   -4.161847e+00 1.962138e+01 1.275035e-01
    endloop
  endfacet
  facet normal 2.471862e-04 1.383248e-16 -1.000000e+00
    outer loop
      vertex   -2.913390e+00 1.974554e+01 1.278121e-01
      vertex   -4.161847e+00 1.962138e+01 1.275035e-01
      vertex   -2.959179e+00 1.993627e+01 1.278008e-01
    endloop
  endfacet
  facet normal 2.471862e-04 -2.098963e-16 -1.000000e+00
    outer loop
      vertex   -2.959179e+00 1.993627e+01 1.278008e-01
      vertex   -4.161847e+00 1.962138e+01 1.275035e-01
      vertex   -3.034242e+00 2.011749e+01 1.277822e-01
    endloop
  endfacet
  facet normal 2.471862e-04 -2.899759e-16 -1.000000e+00
    outer loop
      vertex   -3.034242e+00 2.011749e+01 1.277822e-01
      vertex   -4.161847e+00 1.962138e+01 1.275035e-01
      vertex   -4.292548e+00 1.969684e+01 1.274712e-01
    endloop
  endfacet
  facet normal 2.471862e-04 4.922762e-17 -1.000000e+00
    outer loop
      vertex   -3.034242e+00 2.011749e+01 1.277822e-01
      vertex   -4.292548e+00 1.969684e+01 1.274712e-01
      vertex   -3.136729e+00 2.028473e+01 1.277569e-01
    endloop
  endfacet
  facet normal 2.471862e-04 -1.504145e-16 -1.000000e+00
    outer loop
      vertex   -3.136729e+00 2.028473e+01 1.277569e-01
      vertex   -4.292548e+00 1.969684e+01 1.274712e-01
      vertex   -3.264117e+00 2.043388e+01 1.277254e-01
    endloop
  endfacet
  facet normal 2.471862e-04 6.853532e-17 -1.000000e+00
    outer loop
      vertex   -3.264117e+00 2.043388e+01 1.277254e-01
      vertex   -4.292548e+00 1.969684e+01 1.274712e-01
      vertex   -4.437129e+00 1.974013e+01 1.274355e-01
    endloop
  endfacet
  facet normal 2.471862e-04 -1.121594e-16 -1.000000e+00
    outer loop
      vertex   -3.264117e+00 2.043388e+01 1.277254e-01
      vertex   -4.437129e+00 1.974013e+01 1.274355e-01
      vertex   -3.413268e+00 2.056127e+01 1.276886e-01
    endloop
  endfacet
  facet normal 2.471862e-04 -1.199380e-16 -1.000000e+00
    outer loop
      vertex   -3.413268e+00 2.056127e+01 1.276886e-01
      vertex   -4.437129e+00 1.974013e+01 1.274355e-01
      vertex   -3.580512e+00 2.066376e+01 1.276472e-01
    endloop
  endfacet
  facet normal 2.471862e-04 -1.527073e-16 -1.000000e+00
    outer loop
      vertex   -3.580512e+00 2.066376e+01 1.276472e-01
      vertex   -4.437129e+00 1.974013e+01 1.274355e-01
      vertex   -3.761729e+00 2.073882e+01 1.276024e-01
    endloop
  endfacet
  facet normal 2.471862e-04 -1.929073e-16 -1.000000e+00
    outer loop
      vertex   -3.761729e+00 2.073882e+01 1.276024e-01
      vertex   -4.437129e+00 1.974013e+01 1.274355e-01
      vertex   -3.952457e+00 2.078461e+01 1.275553e-01
    endloop
  endfacet
  facet normal 2.471862e-04 -4.338137e-16 -1.000000e+00
    outer loop
      vertex   -3.952457e+00 2.078461e+01 1.275553e-01
      vertex   -4.437129e+00 1.974013e+01 1.274355e-01
      vertex   -4.148000e+00 2.080000e+01 1.275069e-01
    endloop
  endfacet
  facet normal 2.471862e-04 -3.233919e-16 -1.000000e+00
    outer loop
      vertex   -4.148000e+00 2.080000e+01 1.275069e-01
      vertex   -4.437129e+00 1.974013e+01 1.274355e-01
      vertex   -4.587794e+00 1.974890e+01 1.273982e-01
    endloop
  endfacet
  facet normal 2.471862e-04 -2.784387e-16 -1.000000e+00
    outer loop
      vertex   -4.148000e+00 2.080000e+01 1.275069e-01
      vertex   -4.587794e+00 1.974890e+01 1.273982e-01
      vertex   -4.948000e+00 2.080000e+01 1.273092e-01
    endloop
  endfacet
  facet normal 2.471862e-04 -2.784616e-16 -1.000000e+00
    outer loop
      vertex   -4.948000e+00 2.080000e+01 1.273092e-01
      vertex   -4.587794e+00 1.974890e+01 1.273982e-01
      vertex   -5.143543e+00 2.078461e+01 1.272609e-01
    endloop
  endfacet
  facet normal 2.471862e-04 -2.968363e-16 -1.000000e+00
    outer loop
      vertex   -5.143543e+00 2.078461e+01 1.272609e-01
      vertex   -4.587794e+00 1.974890e+01 1.273982e-01
      vertex   -5.334271e+00 2.073882e+01 1.272137e-01
    endloop
  endfacet
  facet normal 2.471862e-04 -2.833388e-16 -1.000000e+00
    outer loop
      vertex   -5.334271e+00 2.073882e+01 1.272137e-01
      vertex   -4.587794e+00 1.974890e+01 1.273982e-01
      vertex   -4.736422e+00 1.972269e+01 1.273615e-01
    endloop
  endfacet
  facet normal 2.471862e-04 -2.215599e-16 -1.000000e+00
    outer loop
      vertex   -5.334271e+00 2.073882e+01 1.272137e-01
      vertex   -4.736422e+00 1.972269e+01 1.273615e-01
      vertex   -5.515488e+00 2.066376e+01 1.271689e-01
    endloop
  endfacet
  facet normal 2.471862e-04 -2.111450e-16 -1.000000e+00
    outer loop
      vertex   -5.515488e+00 2.066376e+01 1.271689e-01
      vertex   -4.736422e+00 1.972269e+01 1.273615e-01
      vertex   -5.682732e+00 2.056127e+01 1.271276e-01
    endloop
  endfacet
  facet normal 2.471862e-04 -6.656979e-17 -1.000000e+00
    outer loop
      vertex   -5.682732e+00 2.056127e+01 1.271276e-01
      vertex   -4.736422e+00 1.972269e+01 1.273615e-01
      vertex   -5.831883e+00 2.043388e+01 1.270907e-01
    endloop
  endfacet
  facet normal 2.471862e-04 -2.035650e-16 -1.000000e+00
    outer loop
      vertex   -5.831883e+00 2.043388e+01 1.270907e-01
      vertex   -4.736422e+00 1.972269e+01 1.273615e-01
      vertex   -5.959271e+00 2.028473e+01 1.270592e-01
    endloop
  endfacet
  facet normal 2.471862e-04 -2.355338e-16 -1.000000e+00
    outer loop
      vertex   -5.959271e+00 2.028473e+01 1.270592e-01
      vertex   -4.736422e+00 1.972269e+01 1.273615e-01
      vertex   -4.875000e+00 1.966292e+01 1.273272e-01
    endloop
  endfacet
  facet normal 2.471862e-04 -1.041746e-16 -1.000000e+00
    outer loop
      vertex   -5.959271e+00 2.028473e+01 1.270592e-01
      vertex   -4.875000e+00 1.966292e+01 1.273272e-01
      vertex   -6.061758e+00 2.011749e+01 1.270339e-01
    endloop
  endfacet
  facet normal 2.471862e-04 -6.620390e-17 -1.000000e+00
    outer loop
      vertex   -6.061758e+00 2.011749e+01 1.270339e-01
      vertex   -4.875000e+00 1.966292e+01 1.273272e-01
      vertex   -6.136821e+00 1.993627e+01 1.270153e-01
    endloop
  endfacet
  facet normal 2.471862e-04 -2.924460e-16 -1.000000e+00
    outer loop
      vertex   -6.136821e+00 1.993627e+01 1.270153e-01
      vertex   -4.875000e+00 1.966292e+01 1.273272e-01
      vertex   -4.996057e+00 1.957279e+01 1.272973e-01
    endloop
  endfacet
  facet normal 2.471862e-04 -9.023664e-17 -1.000000e+00
    outer loop
      vertex   -6.136821e+00 1.993627e+01 1.270153e-01
      vertex   -4.996057e+00 1.957279e+01 1.272973e-01
      vertex   -6.182610e+00 1.974554e+01 1.270040e-01
    endloop
  endfacet
  facet normal 2.471862e-04 -4.859734e-17 -1.000000e+00
    outer loop
      vertex   -6.182610e+00 1.974554e+01 1.270040e-01
      vertex   -4.996057e+00 1.957279e+01 1.272973e-01
      vertex   -5.093067e+00 1.945718e+01 1.272733e-01
    endloop
  endfacet
  facet normal 2.471862e-04 2.959877e-19 -1.000000e+00
    outer loop
      vertex   -6.182610e+00 1.974554e+01 1.270040e-01
      vertex   -5.093067e+00 1.945718e+01 1.272733e-01
      vertex   -6.198000e+00 1.955000e+01 1.270002e-01
    endloop
  endfacet
  facet normal 2.471862e-04 -2.108273e-16 -1.000000e+00
    outer loop
      vertex   -6.198000e+00 1.955000e+01 1.270002e-01
      vertex   -5.093067e+00 1.945718e+01 1.272733e-01
      vertex   -5.160800e+00 1.932231e+01 1.272566e-01
    endloop
  endfacet
  facet normal 2.471862e-04 -2.706443e-18 -1.000000e+00
    outer loop
      vertex   -6.198000e+00 1.955000e+01 1.270002e-01
      vertex   -5.160800e+00 1.932231e+01 1.272566e-01
      vertex   -5.195605e+00 1.917546e+01 1.272480e-01
    endloop
  endfacet
  facet normal 2.471862e-04 0.000000e+00 -1.000000e+00
    outer loop
      vertex   -5.195605e+00 1.917546e+01 1.272480e-01
      vertex   -5.195605e+00 1.902454e+01 1.272480e-01
      vertex   -6.198000e+00 1.955000e+01 1.270002e-01
    endloop
  endfacet
  facet normal 2.471862e-04 0.000000e+00 -1.000000e+00
    outer loop
      vertex   -6.198000e+00 1.955000e+01 1.270002e-01
      vertex   -5.195605e+00 1.902454e+01 1.272480e-01
      vertex   -6.198000e+00 1.855000e+01 1.270002e-01
    endloop
  endfacet
  facet normal 2.471862e-04 2.648908e-18 -1.000000e+00
    outer loop
      vertex   -6.198000e+00 1.855000e+01 1.270002e-01
      vertex   -5.195605e+00 1.902454e+01 1.272480e-01
      vertex   -5.160800e+00 1.887769e+01 1.272566e-01
    endloop
  endfacet
  facet normal 2.471862e-04 2.020169e-16 -1.000000e+00
    outer loop
      vertex   -6.198000e+00 1.855000e+01 1.270002e-01
      vertex   -5.160800e+00 1.887769e+01 1.272566e-01
      vertex   -5.093067e+00 1.874282e+01 1.272733e-01
    endloop
  endfacet
  facet normal 2.471862e-04 5.189235e-17 -1.000000e+00
    outer loop
      vertex   -5.093067e+00 1.874282e+01 1.272733e-01
      vertex   -4.996057e+00 1.862721e+01 1.272973e-01
      vertex   -6.198000e+00 1.855000e+01 1.270002e-01
    endloop
  endfacet
  facet normal 2.471862e-04 8.567244e-16 -1.000000e+00
    outer loop
      vertex   -6.198000e+00 1.855000e+01 1.270002e-01
      vertex   -4.996057e+00 1.862721e+01 1.272973e-01
      vertex   -6.213390e+00 1.835446e+01 1.269964e-01
    endloop
  endfacet
  facet normal 2.471862e-04 4.458993e-16 -1.000000e+00
    outer loop
      vertex   -6.213390e+00 1.835446e+01 1.269964e-01
      vertex   -4.996057e+00 1.862721e+01 1.272973e-01
      vertex   -4.875000e+00 1.853708e+01 1.273272e-01
    endloop
  endfacet
  facet normal 2.471862e-04 -1.208596e-16 -1.000000e+00
    outer loop
      vertex   -6.213390e+00 1.835446e+01 1.269964e-01
      vertex   -4.875000e+00 1.853708e+01 1.273272e-01
      vertex   -6.259179e+00 1.816373e+01 1.269851e-01
    endloop
  endfacet
  facet normal 2.471862e-04 4.305194e-16 -1.000000e+00
    outer loop
      vertex   -6.259179e+00 1.816373e+01 1.269851e-01
      vertex   -4.875000e+00 1.853708e+01 1.273272e-01
      vertex   -4.736422e+00 1.847731e+01 1.273615e-01
    endloop
  endfacet
  facet normal 2.471862e-04 -1.099214e-16 -1.000000e+00
    outer loop
      vertex   -6.259179e+00 1.816373e+01 1.269851e-01
      vertex   -4.736422e+00 1.847731e+01 1.273615e-01
      vertex   -6.334242e+00 1.798251e+01 1.269665e-01
    endloop
  endfacet
  facet normal 2.471862e-04 7.242755e-16 -1.000000e+00
    outer loop
      vertex   -6.334242e+00 1.798251e+01 1.269665e-01
      vertex   -4.736422e+00 1.847731e+01 1.273615e-01
      vertex   -4.587794e+00 1.845110e+01 1.273982e-01
    endloop
  endfacet
  facet normal 2.471862e-04 -3.643878e-16 -1.000000e+00
    outer loop
      vertex   -6.334242e+00 1.798251e+01 1.269665e-01
      vertex   -4.587794e+00 1.845110e+01 1.273982e-01
      vertex   -6.436729e+00 1.781527e+01 1.269412e-01
    endloop
  endfacet
  facet normal 2.471862e-04 -1.325855e-16 -1.000000e+00
    outer loop
      vertex   -6.436729e+00 1.781527e+01 1.269412e-01
      vertex   -4.587794e+00 1.845110e+01 1.273982e-01
      vertex   -6.564117e+00 1.766612e+01 1.269097e-01
    endloop
  endfacet
  facet normal -9.969173e-01 7.845910e-02 0.000000e+00
    outer loop
      vertex   -6.198000e+00 1.955000e+01 1.270002e-01
      vertex   -6.198000e+00 1.955000e+01 1.427000e+00
      vertex   -6.182610e+00 1.974554e+01 1.270040e-01
    endloop
  endfacet
  facet normal -9.969173e-01 7.845910e-02 0.000000e+00
    outer loop
      vertex   -6.182610e+00 1.974554e+01 1.270040e-01
      vertex   -6.198000e+00 1.955000e+01 1.427000e+00
      vertex   -6.182610e+00 1.974554e+01 1.427000e+00
    endloop
  endfacet
  facet normal -9.723699e-01 2.334454e-01 0.000000e+00
    outer loop
      vertex   -6.182610e+00 1.974554e+01 1.270040e-01
      vertex   -6.182610e+00 1.974554e+01 1.427000e+00
      vertex   -6.136821e+00 1.993627e+01 1.270153e-01
    endloop
  endfacet
  facet normal -9.723699e-01 2.334454e-01 2.636449e-17
    outer loop
      vertex   -6.136821e+00 1.993627e+01 1.270153e-01
      vertex   -6.182610e+00 1.974554e+01 1.427000e+00
      vertex   -6.136821e+00 1.993627e+01 1.427000e+00
    endloop
  endfacet
  facet normal -9.238795e-01 3.826834e-01 -4.146162e-16
    outer loop
      vertex   -6.136821e+00 1.993627e+01 1.270153e-01
      vertex   -6.136821e+00 1.993627e+01 1.427000e+00
      vertex   -6.061758e+00 2.011749e+01 1.270339e-01
    endloop
  endfacet
  facet normal -9.238795e-01 3.826834e-01 0.000000e+00
    outer loop
      vertex   -6.061758e+00 2.011749e+01 1.270339e-01
      vertex   -6.136821e+00 1.993627e+01 1.427000e+00
      vertex   -6.061758e+00 2.011749e+01 1.427000e+00
    endloop
  endfacet
  facet normal -8.526402e-01 5.224986e-01 0.000000e+00
    outer loop
      vertex   -6.061758e+00 2.011749e+01 1.270339e-01
      vertex   -6.061758e+00 2.011749e+01 1.427000e+00
      vertex   -5.959271e+00 2.028473e+01 1.270592e-01
    endloop
  endfacet
  facet normal -8.526402e-01 5.224986e-01 0.000000e+00
    outer loop
      vertex   -5.959271e+00 2.028473e+01 1.270592e-01
      vertex   -6.061758e+00 2.011749e+01 1.427000e+00
      vertex   -5.959271e+00 2.028473e+01 1.427000e+00
    endloop
  endfacet
  facet normal -7.604060e-01 6.494480e-01 0.000000e+00
    outer loop
      vertex   -5.959271e+00 2.028473e+01 1.270592e-01
      vertex   -5.959271e+00 2.028473e+01 1.427000e+00
      vertex   -5.831883e+00 2.043388e+01 1.270907e-01
    endloop
  endfacet
  facet normal -7.604060e-01 6.494480e-01 0.000000e+00
    outer loop
      vertex   -5.831883e+00 2.043388e+01 1.270907e-01
      vertex   -5.959271e+00 2.028473e+01 1.427000e+00
      vertex   -5.831883e+00 2.043388e+01 1.427000e+00
    endloop
  endfacet
  facet normal -6.494480e-01 7.604060e-01 0.000000e+00
    outer loop
      vertex   -5.831883e+00 2.043388e+01 1.270907e-01
      vertex   -5.831883e+00 2.043388e+01 1.427000e+00
      vertex   -5.682732e+00 2.056127e+01 1.271276e-01
    endloop
  endfacet
  facet normal -6.494480e-01 7.604060e-01 4.437556e-16
    outer loop
      vertex   -5.682732e+00 2.056127e+01 1.271276e-01
      vertex   -5.831883e+00 2.043388e+01 1.427000e+00
      vertex   -5.682732e+00 2.056127e+01 1.427000e+00
    endloop
  endfacet
  facet normal -5.224986e-01 8.526402e-01 3.570134e-16
    outer loop
      vertex   -5.682732e+00 2.056127e+01 1.271276e-01
      vertex   -5.682732e+00 2.056127e+01 1.427000e+00
      vertex   -5.515488e+00 2.066376e+01 1.271689e-01
    endloop
  endfacet
  facet normal -5.224986e-01 8.526402e-01 -2.330446e-15
    outer loop
      vertex   -5.515488e+00 2.066376e+01 1.271689e-01
      vertex   -5.682732e+00 2.056127e+01 1.427000e+00
      vertex   -5.515488e+00 2.066376e+01 1.427000e+00
    endloop
  endfacet
  facet normal -3.826834e-01 9.238795e-01 -2.525158e-15
    outer loop
      vertex   -5.515488e+00 2.066376e+01 1.271689e-01
      vertex   -5.515488e+00 2.066376e+01 1.427000e+00
      vertex   -5.334271e+00 2.073882e+01 1.272137e-01
    endloop
  endfacet
  facet normal -3.826834e-01 9.238795e-01 0.000000e+00
    outer loop
      vertex   -5.334271e+00 2.073882e+01 1.272137e-01
      vertex   -5.515488e+00 2.066376e+01 1.427000e+00
      vertex   -5.334271e+00 2.073882e+01 1.427000e+00
    endloop
  endfacet
  facet normal -2.334454e-01 9.723699e-01 0.000000e+00
    outer loop
      vertex   -5.334271e+00 2.073882e+01 1.272137e-01
      vertex   -5.334271e+00 2.073882e+01 1.427000e+00
      vertex   -5.143543e+00 2.078461e+01 1.272609e-01
    endloop
  endfacet
  facet normal -2.334454e-01 9.723699e-01 0.000000e+00
    outer loop
      vertex   -5.143543e+00 2.078461e+01 1.272609e-01
      vertex   -5.334271e+00 2.073882e+01 1.427000e+00
      vertex   -5.143543e+00 2.078461e+01 1.427000e+00
    endloop
  endfacet
  facet normal -7.845910e-02 9.969173e-01 0.000000e+00
    outer loop
      vertex   -5.143543e+00 2.078461e+01 1.272609e-01
      vertex   -5.143543e+00 2.078461e+01 1.427000e+00
      vertex   -4.948000e+00 2.080000e+01 1.273092e-01
    endloop
  endfacet
  facet normal -7.845910e-02 9.969173e-01 0.000000e+00
    outer loop
      vertex   -4.948000e+00 2.080000e+01 1.273092e-01
      vertex   -5.143543e+00 2.078461e+01 1.427000e+00
      vertex   -4.948000e+00 2.080000e+01 1.427000e+00
    endloop
  endfacet
  facet normal 8.943249e-16 -4.471726e-15 1.000000e+00
    outer loop
      vertex   -2.913390e+00 1.974554e+01 1.427000e+00
      vertex   -4.052071e+00 1.951781e+01 1.427000e+00
      vertex   -2.898000e+00 1.955000e+01 1.427000e+00
    endloop
  endfacet
  facet normal 7.557412e-16 4.970588e-16 1.000000e+00
    outer loop
      vertex   -2.898000e+00 1.955000e+01 1.427000e+00
      vertex   -4.052071e+00 1.951781e+01 1.427000e+00
      vertex   -3.969139e+00 1.939172e+01 1.427000e+00
    endloop
  endfacet
  facet normal 7.868703e-16 2.863974e-16 1.000000e+00
    outer loop
      vertex   -2.898000e+00 1.955000e+01 1.427000e+00
      vertex   -3.969139e+00 1.939172e+01 1.427000e+00
      vertex   -3.917521e+00 1.924990e+01 1.427000e+00
    endloop
  endfacet
  facet normal 0.000000e+00 -0.000000e+00 1.000000e+00
    outer loop
      vertex   -4.052071e+00 1.951781e+01 1.427000e+00
      vertex   -2.913390e+00 1.974554e+01 1.427000e+00
      vertex   -4.161847e+00 1.962138e+01 1.427000e+00
    endloop
  endfacet
  facet normal 0.000000e+00 0.000000e+00 1.000000e+00
    outer loop
      vertex   -4.161847e+00 1.962138e+01 1.427000e+00
      vertex   -2.913390e+00 1.974554e+01 1.427000e+00
      vertex   -2.959179e+00 1.993627e+01 1.427000e+00
    endloop
  endfacet
  facet normal 0.000000e+00 0.000000e+00 1.000000e+00
    outer loop
      vertex   -4.161847e+00 1.962138e+01 1.427000e+00
      vertex   -2.959179e+00 1.993627e+01 1.427000e+00
      vertex   -3.034242e+00 2.011749e+01 1.427000e+00
    endloop
  endfacet
  facet normal 0.000000e+00 -0.000000e+00 1.000000e+00
    outer loop
      vertex   -4.161847e+00 1.962138e+01 1.427000e+00
      vertex   -3.034242e+00 2.011749e+01 1.427000e+00
      vertex   -4.292548e+00 1.969684e+01 1.427000e+00
    endloop
  endfacet
  facet normal 0.000000e+00 0.000000e+00 1.000000e+00
    outer loop
      vertex   -4.292548e+00 1.969684e+01 1.427000e+00
      vertex   -3.034242e+00 2.011749e+01 1.427000e+00
      vertex   -3.136729e+00 2.028473e+01 1.427000e+00
    endloop
  endfacet
  facet normal 0.000000e+00 0.000000e+00 1.000000e+00
    outer loop
      vertex   -4.292548e+00 1.969684e+01 1.427000e+00
      vertex   -3.136729e+00 2.028473e+01 1.427000e+00
      vertex   -3.264117e+00 2.043388e+01 1.427000e+00
    endloop
  endfacet
  facet normal 0.000000e+00 -0.000000e+00 1.000000e+00
    outer loop
      vertex   -4.292548e+00 1.969684e+01 1.427000e+00
      vertex   -3.264117e+00 2.043388e+01 1.427000e+00
      vertex   -4.437129e+00 1.974013e+01 1.427000e+00
    endloop
  endfacet
  facet normal 0.000000e+00 0.000000e+00 1.000000e+00
    outer loop
      vertex   -4.437129e+00 1.974013e+01 1.427000e+00
      vertex   -3.264117e+00 2.043388e+01 1.427000e+00
      vertex   -3.413268e+00 2.056127e+01 1.427000e+00
    endloop
  endfacet
  facet normal 0.000000e+00 0.000000e+00 1.000000e+00
    outer loop
      vertex   -4.437129e+00 1.974013e+01 1.427000e+00
      vertex   -3.413268e+00 2.056127e+01 1.427000e+00
      vertex   -3.580512e+00 2.066376e+01 1.427000e+00
    endloop
  endfacet
  facet normal 0.000000e+00 0.000000e+00 1.000000e+00
    outer loop
      vertex   -3.580512e+00 2.066376e+01 1.427000e+00
      vertex   -3.761729e+00 2.073882e+01 1.427000e+00
      vertex   -4.437129e+00 1.974013e+01 1.427000e+00
    endloop
  endfacet
  facet normal 0.000000e+00 0.000000e+00 1.000000e+00
    outer loop
      vertex   -4.437129e+00 1.974013e+01 1.427000e+00
      vertex   -3.761729e+00 2.073882e+01 1.427000e+00
      vertex   -3.952457e+00 2.078461e+01 1.427000e+00
    endloop
  endfacet
  facet normal -3.286559e-15 1.525059e-15 1.000000e+00
    outer loop
      vertex   -4.437129e+00 1.974013e+01 1.427000e+00
      vertex   -3.952457e+00 2.078461e+01 1.427000e+00
      vertex   -4.148000e+00 2.080000e+01 1.427000e+00
    endloop
  endfacet
  facet normal 3.603357e-17 6.186725e-16 1.000000e+00
    outer loop
      vertex   -4.437129e+00 1.974013e+01 1.427000e+00
      vertex   -4.148000e+00 2.080000e+01 1.427000e+00
      vertex   -4.587794e+00 1.974890e+01 1.427000e+00
    endloop
  endfacet
  facet normal 2.775558e-16 5.176164e-16 1.000000e+00
    outer loop
      vertex   -4.587794e+00 1.974890e+01 1.427000e+00
      vertex   -4.148000e+00 2.080000e+01 1.427000e+00
      vertex   -4.948000e+00 2.080000e+01 1.427000e+00
    endloop
  endfacet
  facet normal 2.179034e-15 1.169242e-15 1.000000e+00
    outer loop
      vertex   -4.587794e+00 1.974890e+01 1.427000e+00
      vertex   -4.948000e+00 2.080000e+01 1.427000e+00
      vertex   -5.143543e+00 2.078461e+01 1.427000e+00
    endloop
  endfacet
  facet normal 0.000000e+00 0.000000e+00 1.000000e+00
    outer loop
      vertex   -5.143543e+00 2.078461e+01 1.427000e+00
      vertex   -5.334271e+00 2.073882e+01 1.427000e+00
      vertex   -4.587794e+00 1.974890e+01 1.427000e+00
    endloop
  endfacet
  facet normal 0.000000e+00 0.000000e+00 1.000000e+00
    outer loop
      vertex   -4.587794e+00 1.974890e+01 1.427000e+00
      vertex   -5.334271e+00 2.073882e+01 1.427000e+00
      vertex   -4.736422e+00 1.972269e+01 1.427000e+00
    endloop
  endfacet
  facet normal 0.000000e+00 0.000000e+00 1.000000e+00
    outer loop
      vertex   -4.736422e+00 1.972269e+01 1.427000e+00
      vertex   -5.334271e+00 2.073882e+01 1.427000e+00
      vertex   -5.515488e+00 2.066376e+01 1.427000e+00
    endloop
  endfacet
  facet normal 0.000000e+00 0.000000e+00 1.000000e+00
    outer loop
      vertex   -4.736422e+00 1.972269e+01 1.427000e+00
      vertex   -5.515488e+00 2.066376e+01 1.427000e+00
      vertex   -5.682732e+00 2.056127e+01 1.427000e+00
    endloop
  endfacet
  facet normal 0.000000e+00 0.000000e+00 1.000000e+00
    outer loop
      vertex   -5.682732e+00 2.056127e+01 1.427000e+00
      vertex   -5.831883e+00 2.043388e+01 1.427000e+00
      vertex   -4.736422e+00 1.972269e+01 1.427000e+00
    endloop
  endfacet
  facet normal 0.000000e+00 0.000000e+00 1.000000e+00
    outer loop
      vertex   -4.736422e+00 1.972269e+01 1.427000e+00
      vertex   -5.831883e+00 2.043388e+01 1.427000e+00
      vertex   -5.959271e+00 2.028473e+01 1.427000e+00
    endloop
  endfacet
  facet normal 0.000000e+00 0.000000e+00 1.000000e+00
    outer loop
      vertex   -4.736422e+00 1.972269e+01 1.427000e+00
      vertex   -5.959271e+00 2.028473e+01 1.427000e+00
      vertex   -4.875000e+00 1.966292e+01 1.427000e+00
    endloop
  endfacet
  facet normal 0.000000e+00 0.000000e+00 1.000000e+00
    outer loop
      vertex   -4.875000e+00 1.966292e+01 1.427000e+00
      vertex   -5.959271e+00 2.028473e+01 1.427000e+00
      vertex   -6.061758e+00 2.011749e+01 1.427000e+00
    endloop
  endfacet
  facet normal 0.000000e+00 0.000000e+00 1.000000e+00
    outer loop
      vertex   -4.875000e+00 1.966292e+01 1.427000e+00
      vertex   -6.061758e+00 2.011749e+01 1.427000e+00
      vertex   -6.136821e+00 1.993627e+01 1.427000e+00
    endloop
  endfacet
  facet normal 0.000000e+00 0.000000e+00 1.000000e+00
    outer loop
      vertex   -4.875000e+00 1.966292e+01 1.427000e+00
      vertex   -6.136821e+00 1.993627e+01 1.427000e+00
      vertex   -4.996057e+00 1.957279e+01 1.427000e+00
    endloop
  endfacet
  facet normal 0.000000e+00 0.000000e+00 1.000000e+00
    outer loop
      vertex   -4.996057e+00 1.957279e+01 1.427000e+00
      vertex   -6.136821e+00 1.993627e+01 1.427000e+00
      vertex   -6.182610e+00 1.974554e+01 1.427000e+00
    endloop
  endfacet
  facet normal 0.000000e+00 0.000000e+00 1.000000e+00
    outer loop
      vertex   -4.996057e+00 1.957279e+01 1.427000e+00
      vertex   -6.182610e+00 1.974554e+01 1.427000e+00
      vertex   -5.093067e+00 1.945718e+01 1.427000e+00
    endloop
  endfacet
  facet normal 0.000000e+00 0.000000e+00 1.000000e+00
    outer loop
      vertex   -5.093067e+00 1.945718e+01 1.427000e+00
      vertex   -6.182610e+00 1.974554e+01 1.427000e+00
      vertex   -6.198000e+00 1.955000e+01 1.427000e+00
    endloop
  endfacet
  facet normal 0.000000e+00 0.000000e+00 1.000000e+00
    outer loop
      vertex   -5.093067e+00 1.945718e+01 1.427000e+00
      vertex   -6.198000e+00 1.955000e+01 1.427000e+00
      vertex   -5.160800e+00 1.932231e+01 1.427000e+00
    endloop
  endfacet
  facet normal 0.000000e+00 0.000000e+00 1.000000e+00
    outer loop
      vertex   -5.160800e+00 1.932231e+01 1.427000e+00
      vertex   -6.198000e+00 1.955000e+01 1.427000e+00
      vertex   -5.195605e+00 1.917546e+01 1.427000e+00
    endloop
  endfacet
  facet normal 0.000000e+00 0.000000e+00 1.000000e+00
    outer loop
      vertex   -5.195605e+00 1.917546e+01 1.427000e+00
      vertex   -6.198000e+00 1.955000e+01 1.427000e+00
      vertex   -5.195605e+00 1.902454e+01 1.427000e+00
    endloop
  endfacet
  facet normal 0.000000e+00 0.000000e+00 1.000000e+00
    outer loop
      vertex   -5.195605e+00 1.902454e+01 1.427000e+00
      vertex   -6.198000e+00 1.955000e+01 1.427000e+00
      vertex   -6.198000e+00 1.855000e+01 1.427000e+00
    endloop
  endfacet
  facet normal 0.000000e+00 0.000000e+00 1.000000e+00
    outer loop
      vertex   -5.195605e+00 1.902454e+01 1.427000e+00
      vertex   -6.198000e+00 1.855000e+01 1.427000e+00
      vertex   -5.160800e+00 1.887769e+01 1.427000e+00
    endloop
  endfacet
  facet normal 0.000000e+00 0.000000e+00 1.000000e+00
    outer loop
      vertex   -5.160800e+00 1.887769e+01 1.427000e+00
      vertex   -6.198000e+00 1.855000e+01 1.427000e+00
      vertex   -5.093067e+00 1.874282e+01 1.427000e+00
    endloop
  endfacet
  facet normal 0.000000e+00 0.000000e+00 1.000000e+00
    outer loop
      vertex   -5.093067e+00 1.874282e+01 1.427000e+00
      vertex   -6.198000e+00 1.855000e+01 1.427000e+00
      vertex   -4.996057e+00 1.862721e+01 1.427000e+00
    endloop
  endfacet
  facet normal 0.000000e+00 0.000000e+00 1.000000e+00
    outer loop
      vertex   -4.996057e+00 1.862721e+01 1.427000e+00
      vertex   -6.198000e+00 1.855000e+01 1.427000e+00
      vertex   -6.213390e+00 1.835446e+01 1.427000e+00
    endloop
  endfacet
  facet normal 0.000000e+00 0.000000e+00 1.000000e+00
    outer loop
      vertex   -4.996057e+00 1.862721e+01 1.427000e+00
      vertex   -6.213390e+00 1.835446e+01 1.427000e+00
      vertex   -4.875000e+00 1.853708e+01 1.427000e+00
    endloop
  endfacet
  facet normal 0.000000e+00 0.000000e+00 1.000000e+00
    outer loop
      vertex   -4.875000e+00 1.853708e+01 1.427000e+00
      vertex   -6.213390e+00 1.835446e+01 1.427000e+00
      vertex   -6.259179e+00 1.816373e+01 1.427000e+00
    endloop
  endfacet
  facet normal 0.000000e+00 0.000000e+00 1.000000e+00
    outer loop
      vertex   -4.875000e+00 1.853708e+01 1.427000e+00
      vertex   -6.259179e+00 1.816373e+01 1.427000e+00
      vertex   -4.736422e+00 1.847731e+01 1.427000e+00
    endloop
  endfacet
  facet normal 0.000000e+00 0.000000e+00 1.000000e+00
    outer loop
      vertex   -4.736422e+00 1.847731e+01 1.427000e+00
      vertex   -6.259179e+00 1.816373e+01 1.427000e+00
      vertex   -6.334242e+00 1.798251e+01 1.427000e+00
    endloop
  endfacet
  facet normal 0.000000e+00 0.000000e+00 1.000000e+00
    outer loop
      vertex   -4.736422e+00 1.847731e+01 1.427000e+00
      vertex   -6.334242e+00 1.798251e+01 1.427000e+00
      vertex   -4.587794e+00 1.845110e+01 1.427000e+00
    endloop
  endfacet
  facet normal 0.000000e+00 0.000000e+00 1.000000e+00
    outer loop
      vertex   -4.587794e+00 1.845110e+01 1.427000e+00
      vertex   -6.334242e+00 1.798251e+01 1.427000e+00
      vertex   -6.436729e+00 1.781527e+01 1.427000e+00
    endloop
  endfacet
  facet normal 0.000000e+00 0.000000e+00 1.000000e+00
    outer loop
      vertex   -4.587794e+00 1.845110e+01 1.427000e+00
      vertex   -6.436729e+00 1.781527e+01 1.427000e+00
      vertex   -6.564117e+00 1.766612e+01 1.427000e+00
    endloop
  endfacet
  facet normal 0.000000e+00 0.000000e+00 1.000000e+00
    outer loop
      vertex   -6.713268e+00 1.753873e+01 1.427000e+00
      vertex   -2.382732e+00 1.753873e+01 1.427000e+00
      vertex   -6.564117e+00 1.766612e+01 1.427000e+00
    endloop
  endfacet
  facet normal -0.000000e+00 0.000000e+00 1.000000e+00
    outer loop
      vertex   -6.564117e+00 1.766612e+01 1.427000e+00
      vertex   -2.382732e+00 1.753873e+01 1.427000e+00
      vertex   -2.531883e+00 1.766612e+01 1.427000e+00
    endloop
  endfacet
  facet normal 0.000000e+00 0.000000e+00 1.000000e+00
    outer loop
      vertex   -6.564117e+00 1.766612e+01 1.427000e+00
      vertex   -2.531883e+00 1.766612e+01 1.427000e+00
      vertex   -4.587794e+00 1.845110e+01 1.427000e+00
    endloop
  endfacet
  facet normal 0.000000e+00 0.000000e+00 1.000000e+00
    outer loop
      vertex   -4.587794e+00 1.845110e+01 1.427000e+00
      vertex   -2.531883e+00 1.766612e+01 1.427000e+00
      vertex   -2.659271e+00 1.781527e+01 1.427000e+00
    endloop
  endfacet
  facet normal -0.000000e+00 0.000000e+00 1.000000e+00
    outer loop
      vertex   -4.587794e+00 1.845110e+01 1.427000e+00
      vertex   -2.659271e+00 1.781527e+01 1.427000e+00
      vertex   -4.437129e+00 1.845987e+01 1.427000e+00
    endloop
  endfacet
  facet normal 0.000000e+00 0.000000e+00 1.000000e+00
    outer loop
      vertex   -4.437129e+00 1.845987e+01 1.427000e+00
      vertex   -2.659271e+00 1.781527e+01 1.427000e+00
      vertex   -2.761758e+00 1.798251e+01 1.427000e+00
    endloop
  endfacet
  facet normal -0.000000e+00 0.000000e+00 1.000000e+00
    outer loop
      vertex   -4.437129e+00 1.845987e+01 1.427000e+00
      vertex   -2.761758e+00 1.798251e+01 1.427000e+00
      vertex   -4.292548e+00 1.850316e+01 1.427000e+00
    endloop
  endfacet
  facet normal 0.000000e+00 0.000000e+00 1.000000e+00
    outer loop
      vertex   -4.292548e+00 1.850316e+01 1.427000e+00
      vertex   -2.761758e+00 1.798251e+01 1.427000e+00
      vertex   -2.836821e+00 1.816373e+01 1.427000e+00
    endloop
  endfacet
  facet normal -0.000000e+00 0.000000e+00 1.000000e+00
    outer loop
      vertex   -4.292548e+00 1.850316e+01 1.427000e+00
      vertex   -2.836821e+00 1.816373e+01 1.427000e+00
      vertex   -4.161847e+00 1.857862e+01 1.427000e+00
    endloop
  endfacet
  facet normal 0.000000e+00 0.000000e+00 1.000000e+00
    outer loop
      vertex   -4.161847e+00 1.857862e+01 1.427000e+00
      vertex   -2.836821e+00 1.816373e+01 1.427000e+00
      vertex   -2.882610e+00 1.835446e+01 1.427000e+00
    endloop
  endfacet
  facet normal -0.000000e+00 0.000000e+00 1.000000e+00
    outer loop
      vertex   -4.161847e+00 1.857862e+01 1.427000e+00
      vertex   -2.882610e+00 1.835446e+01 1.427000e+00
      vertex   -4.052071e+00 1.868219e+01 1.427000e+00
    endloop
  endfacet
  facet normal 1.301594e-15 4.644549e-15 1.000000e+00
    outer loop
      vertex   -4.052071e+00 1.868219e+01 1.427000e+00
      vertex   -2.882610e+00 1.835446e+01 1.427000e+00
      vertex   -2.898000e+00 1.855000e+01 1.427000e+00
    endloop
  endfacet
  facet normal 7.156885e-16 -4.707157e-16 1.000000e+00
    outer loop
      vertex   -4.052071e+00 1.868219e+01 1.427000e+00
      vertex   -2.898000e+00 1.855000e+01 1.427000e+00
      vertex   -3.969139e+00 1.880828e+01 1.427000e+00
    endloop
  endfacet
  facet normal 7.622899e-16 -2.774508e-16 1.000000e+00
    outer loop
      vertex   -3.969139e+00 1.880828e+01 1.427000e+00
      vertex   -2.898000e+00 1.855000e+01 1.427000e+00
      vertex   -3.917521e+00 1.895010e+01 1.427000e+00
    endloop
  endfacet
  facet normal 8.329647e-16 -9.735961e-17 1.000000e+00
    outer loop
      vertex   -3.917521e+00 1.895010e+01 1.427000e+00
      vertex   -2.898000e+00 1.855000e+01 1.427000e+00
      vertex   -3.900000e+00 1.910000e+01 1.427000e+00
    endloop
  endfacet
  facet normal 8.864056e-16 0.000000e+00 1.000000e+00
    outer loop
      vertex   -3.900000e+00 1.910000e+01 1.427000e+00
      vertex   -2.898000e+00 1.855000e+01 1.427000e+00
      vertex   -2.898000e+00 1.955000e+01 1.427000e+00
    endloop
  endfacet
  facet normal 8.421966e-16 9.843867e-17 1.000000e+00
    outer loop
      vertex   -3.900000e+00 1.910000e+01 1.427000e+00
      vertex   -2.898000e+00 1.955000e+01 1.427000e+00
      vertex   -3.917521e+00 1.924990e+01 1.427000e+00
    endloop
  endfacet
  facet normal 0.000000e+00 0.000000e+00 1.000000e+00
    outer loop
      vertex   -2.382732e+00 1.753873e+01 1.427000e+00
      vertex   -6.713268e+00 1.753873e+01 1.427000e+00
      vertex   -2.215488e+00 1.743624e+01 1.427000e+00
    endloop
  endfacet
  facet normal 0.000000e+00 0.000000e+00 1.000000e+00
    outer loop
      vertex   -2.215488e+00 1.743624e+01 1.427000e+00
      vertex   -6.713268e+00 1.753873e+01 1.427000e+00
      vertex   -6.880512e+00 1.743624e+01 1.427000e+00
    endloop
  endfacet
  facet normal 0.000000e+00 0.000000e+00 1.000000e+00
    outer loop
      vertex   -2.215488e+00 1.743624e+01 1.427000e+00
      vertex   -6.880512e+00 1.743624e+01 1.427000e+00
      vertex   -2.034271e+00 1.736118e+01 1.427000e+00
    endloop
  endfacet
  facet normal 0.000000e+00 0.000000e+00 1.000000e+00
    outer loop
      vertex   -2.034271e+00 1.736118e+01 1.427000e+00
      vertex   -6.880512e+00 1.743624e+01 1.427000e+00
      vertex   -7.061729e+00 1.736118e+01 1.427000e+00
    endloop
  endfacet
  facet normal 0.000000e+00 0.000000e+00 1.000000e+00
    outer loop
      vertex   -2.034271e+00 1.736118e+01 1.427000e+00
      vertex   -7.061729e+00 1.736118e+01 1.427000e+00
      vertex   -1.843543e+00 1.731539e+01 1.427000e+00
    endloop
  endfacet
  facet normal 0.000000e+00 0.000000e+00 1.000000e+00
    outer loop
      vertex   -1.843543e+00 1.731539e+01 1.427000e+00
      vertex   -7.061729e+00 1.736118e+01 1.427000e+00
      vertex   -7.252457e+00 1.731539e+01 1.427000e+00
    endloop
  endfacet
  facet normal 0.000000e+00 -8.656949e-14 1.000000e+00
    outer loop
      vertex   -1.843543e+00 1.731539e+01 1.427000e+00
      vertex   -7.252457e+00 1.731539e+01 1.427000e+00
      vertex   -1.648000e+00 1.730000e+01 1.427000e+00
    endloop
  endfacet
  facet normal 2.679849e-16 1.102318e-14 1.000000e+00
    outer loop
      vertex   -1.648000e+00 1.730000e+01 1.427000e+00
      vertex   -7.252457e+00 1.731539e+01 1.427000e+00
      vertex   -7.448000e+00 1.730000e+01 1.427000e+00
    endloop
  endfacet
  facet normal -1.000000e+00 -0.000000e+00 -0.000000e+00
    outer loop
      vertex   -6.198000e+00 1.955000e+01 1.427000e+00
      vertex   -6.198000e+00 1.955000e+01 1.270002e-01
      vertex   -6.198000e+00 1.855000e+01 1.427000e+00
    endloop
  endfacet
  facet normal -1.000000e+00 0.000000e+00 0.000000e+00
    outer loop
      vertex   -6.198000e+00 1.855000e+01 1.427000e+00
      vertex   -6.198000e+00 1.955000e+01 1.270002e-01
      vertex   -6.198000e+00 1.855000e+01 1.270002e-01
    endloop
  endfacet
  facet normal -7.845910e-02 9.969173e-01 0.000000e+00
    outer loop
      vertex   -7.448000e+00 1.730000e+01 1.266912e-01
      vertex   -7.448000e+00 1.730000e+01 1.427000e+00
      vertex   -7.252457e+00 1.731539e+01 1.267396e-01
    endloop
  endfacet
  facet normal -7.845910e-02 9.969173e-01 0.000000e+00
    outer loop
      vertex   -7.252457e+00 1.731539e+01 1.267396e-01
      vertex   -7.448000e+00 1.730000e+01 1.427000e+00
      vertex   -7.252457e+00 1.731539e+01 1.427000e+00
    endloop
  endfacet
  facet normal -2.334454e-01 9.723699e-01 0.000000e+00
    outer loop
      vertex   -7.252457e+00 1.731539e+01 1.267396e-01
      vertex   -7.252457e+00 1.731539e+01 1.427000e+00
      vertex   -7.061729e+00 1.736118e+01 1.267867e-01
    endloop
  endfacet
  facet normal -2.334454e-01 9.723699e-01 0.000000e+00
    outer loop
      vertex   -7.061729e+00 1.736118e+01 1.267867e-01
      vertex   -7.252457e+00 1.731539e+01 1.427000e+00
      vertex   -7.061729e+00 1.736118e+01 1.427000e+00
    endloop
  endfacet
  facet normal -3.826834e-01 9.238795e-01 0.000000e+00
    outer loop
      vertex   -7.061729e+00 1.736118e+01 1.267867e-01
      vertex   -7.061729e+00 1.736118e+01 1.427000e+00
      vertex   -6.880512e+00 1.743624e+01 1.268315e-01
    endloop
  endfacet
  facet normal -3.826834e-01 9.238795e-01 -2.524503e-15
    outer loop
      vertex   -6.880512e+00 1.743624e+01 1.268315e-01
      vertex   -7.061729e+00 1.736118e+01 1.427000e+00
      vertex   -6.880512e+00 1.743624e+01 1.427000e+00
    endloop
  endfacet
  facet normal -5.224986e-01 8.526402e-01 -2.329841e-15
    outer loop
      vertex   -6.880512e+00 1.743624e+01 1.268315e-01
      vertex   -6.880512e+00 1.743624e+01 1.427000e+00
      vertex   -6.713268e+00 1.753873e+01 1.268728e-01
    endloop
  endfacet
  facet normal -5.224986e-01 8.526402e-01 -3.569435e-16
    outer loop
      vertex   -6.713268e+00 1.753873e+01 1.268728e-01
      vertex   -6.880512e+00 1.743624e+01 1.427000e+00
      vertex   -6.713268e+00 1.753873e+01 1.427000e+00
    endloop
  endfacet
  facet normal -6.494480e-01 7.604060e-01 -4.436686e-16
    outer loop
      vertex   -6.713268e+00 1.753873e+01 1.268728e-01
      vertex   -6.713268e+00 1.753873e+01 1.427000e+00
      vertex   -6.564117e+00 1.766612e+01 1.269097e-01
    endloop
  endfacet
  facet normal -6.494480e-01 7.604060e-01 0.000000e+00
    outer loop
      vertex   -6.564117e+00 1.766612e+01 1.269097e-01
      vertex   -6.713268e+00 1.753873e+01 1.427000e+00
      vertex   -6.564117e+00 1.766612e+01 1.427000e+00
    endloop
  endfacet
  facet normal -7.604060e-01 6.494480e-01 0.000000e+00
    outer loop
      vertex   -6.564117e+00 1.766612e+01 1.269097e-01
      vertex   -6.564117e+00 1.766612e+01 1.427000e+00
      vertex   -6.436729e+00 1.781527e+01 1.269412e-01
    endloop
  endfacet
  facet normal -7.604060e-01 6.494480e-01 0.000000e+00
    outer loop
      vertex   -6.436729e+00 1.781527e+01 1.269412e-01
      vertex   -6.564117e+00 1.766612e+01 1.427000e+00
      vertex   -6.436729e+00 1.781527e+01 1.427000e+00
    endloop
  endfacet
  facet normal -8.526402e-01 5.224986e-01 0.000000e+00
    outer loop
      vertex   -6.436729e+00 1.781527e+01 1.269412e-01
      vertex   -6.436729e+00 1.781527e+01 1.427000e+00
      vertex   -6.334242e+00 1.798251e+01 1.269665e-01
    endloop
  endfacet
  facet normal -8.526402e-01 5.224986e-01 0.000000e+00
    outer loop
      vertex   -6.334242e+00 1.798251e+01 1.269665e-01
      vertex   -6.436729e+00 1.781527e+01 1.427000e+00
      vertex   -6.334242e+00 1.798251e+01 1.427000e+00
    endloop
  endfacet
  facet normal -9.238795e-01 3.826834e-01 0.000000e+00
    outer loop
      vertex   -6.334242e+00 1.798251e+01 1.269665e-01
      vertex   -6.334242e+00 1.798251e+01 1.427000e+00
      vertex   -6.259179e+00 1.816373e+01 1.269851e-01
    endloop
  endfacet
  facet normal -9.238795e-01 3.826834e-01 -6.312002e-16
    outer loop
      vertex   -6.259179e+00 1.816373e+01 1.269851e-01
      vertex   -6.334242e+00 1.798251e+01 1.427000e+00
      vertex   -6.259179e+00 1.816373e+01 1.427000e+00
    endloop
  endfacet
  facet normal -9.723699e-01 2.334454e-01 -6.643292e-16
    outer loop
      vertex   -6.259179e+00 1.816373e+01 1.269851e-01
      vertex   -6.259179e+00 1.816373e+01 1.427000e+00
      vertex   -6.213390e+00 1.835446e+01 1.269964e-01
    endloop
  endfacet
  facet normal -9.723699e-01 2.334454e-01 0.000000e+00
    outer loop
      vertex   -6.213390e+00 1.835446e+01 1.269964e-01
      vertex   -6.259179e+00 1.816373e+01 1.427000e+00
      vertex   -6.213390e+00 1.835446e+01 1.427000e+00
    endloop
  endfacet
  facet normal -9.969173e-01 7.845910e-02 0.000000e+00
    outer loop
      vertex   -6.213390e+00 1.835446e+01 1.269964e-01
      vertex   -6.213390e+00 1.835446e+01 1.427000e+00
      vertex   -6.198000e+00 1.855000e+01 1.270002e-01
    endloop
  endfacet
  facet normal -9.969173e-01 7.845910e-02 0.000000e+00
    outer loop
      vertex   -6.198000e+00 1.855000e+01 1.270002e-01
      vertex   -6.213390e+00 1.835446e+01 1.427000e+00
      vertex   -6.198000e+00 1.855000e+01 1.427000e+00
    endloop
  endfacet
  facet normal -7.845910e-02 9.969173e-01 -9.291423e-17
    outer loop
      vertex   -7.448000e+00 1.730000e+01 5.427000e+00
      vertex   -7.448000e+00 1.730000e+01 6.927000e+00
      vertex   -7.252457e+00 1.731539e+01 5.427000e+00
    endloop
  endfacet
  facet normal -7.845910e-02 9.969173e-01 -9.291423e-17
    outer loop
      vertex   -7.252457e+00 1.731539e+01 5.427000e+00
      vertex   -7.448000e+00 1.730000e+01 6.927000e+00
      vertex   -7.252457e+00 1.731539e+01 6.927000e+00
    endloop
  endfacet
  facet normal -2.334454e-01 9.723699e-01 -2.764548e-16
    outer loop
      vertex   -7.252457e+00 1.731539e+01 5.427000e+00
      vertex   -7.252457e+00 1.731539e+01 6.927000e+00
      vertex   -7.061729e+00 1.736118e+01 5.427000e+00
    endloop
  endfacet
  facet normal -2.334454e-01 9.723699e-01 -2.764548e-16
    outer loop
      vertex   -7.061729e+00 1.736118e+01 5.427000e+00
      vertex   -7.252457e+00 1.731539e+01 6.927000e+00
      vertex   -7.061729e+00 1.736118e+01 6.927000e+00
    endloop
  endfacet
  facet normal -3.826834e-01 9.238795e-01 -4.531882e-16
    outer loop
      vertex   -7.061729e+00 1.736118e+01 5.427000e+00
      vertex   -7.061729e+00 1.736118e+01 6.927000e+00
      vertex   -6.880512e+00 1.743624e+01 5.427000e+00
    endloop
  endfacet
  facet normal -3.826834e-01 9.238795e-01 -4.531882e-16
    outer loop
      vertex   -6.880512e+00 1.743624e+01 5.427000e+00
      vertex   -7.061729e+00 1.736118e+01 6.927000e+00
      vertex   -6.880512e+00 1.743624e+01 6.927000e+00
    endloop
  endfacet
  facet normal -5.224986e-01 8.526402e-01 -6.187626e-16
    outer loop
      vertex   -6.880512e+00 1.743624e+01 5.427000e+00
      vertex   -6.880512e+00 1.743624e+01 6.927000e+00
      vertex   -6.713268e+00 1.753873e+01 5.427000e+00
    endloop
  endfacet
  facet normal -5.224986e-01 8.526402e-01 -6.187626e-16
    outer loop
      vertex   -6.713268e+00 1.753873e+01 5.427000e+00
      vertex   -6.880512e+00 1.743624e+01 6.927000e+00
      vertex   -6.713268e+00 1.753873e+01 6.927000e+00
    endloop
  endfacet
  facet normal -6.494480e-01 7.604060e-01 -7.691010e-16
    outer loop
      vertex   -6.713268e+00 1.753873e+01 5.427000e+00
      vertex   -6.713268e+00 1.753873e+01 6.927000e+00
      vertex   -6.564117e+00 1.766612e+01 5.427000e+00
    endloop
  endfacet
  facet normal -6.494480e-01 7.604060e-01 -1.153651e-15
    outer loop
      vertex   -6.564117e+00 1.766612e+01 5.427000e+00
      vertex   -6.713268e+00 1.753873e+01 6.927000e+00
      vertex   -6.564117e+00 1.766612e+01 6.927000e+00
    endloop
  endfacet
  facet normal -7.604060e-01 6.494480e-01 -1.350752e-15
    outer loop
      vertex   -6.564117e+00 1.766612e+01 5.427000e+00
      vertex   -6.564117e+00 1.766612e+01 6.927000e+00
      vertex   -6.436729e+00 1.781527e+01 5.427000e+00
    endloop
  endfacet
  facet normal -7.604060e-01 6.494480e-01 -9.005016e-16
    outer loop
      vertex   -6.436729e+00 1.781527e+01 5.427000e+00
      vertex   -6.564117e+00 1.766612e+01 6.927000e+00
      vertex   -6.436729e+00 1.781527e+01 6.927000e+00
    endloop
  endfacet
  facet normal -8.526402e-01 5.224986e-01 -1.009729e-15
    outer loop
      vertex   -6.436729e+00 1.781527e+01 5.427000e+00
      vertex   -6.436729e+00 1.781527e+01 6.927000e+00
      vertex   -6.334242e+00 1.798251e+01 5.427000e+00
    endloop
  endfacet
  facet normal -8.526402e-01 5.224986e-01 -1.514593e-15
    outer loop
      vertex   -6.334242e+00 1.798251e+01 5.427000e+00
      vertex   -6.436729e+00 1.781527e+01 6.927000e+00
      vertex   -6.334242e+00 1.798251e+01 6.927000e+00
    endloop
  endfacet
  facet normal -9.238795e-01 3.826834e-01 -1.641140e-15
    outer loop
      vertex   -6.334242e+00 1.798251e+01 5.427000e+00
      vertex   -6.334242e+00 1.798251e+01 6.927000e+00
      vertex   -6.259179e+00 1.816373e+01 5.427000e+00
    endloop
  endfacet
  facet normal -9.238795e-01 3.826834e-01 -1.641140e-15
    outer loop
      vertex   -6.259179e+00 1.816373e+01 5.427000e+00
      vertex   -6.334242e+00 1.798251e+01 6.927000e+00
      vertex   -6.259179e+00 1.816373e+01 6.927000e+00
    endloop
  endfacet
  facet normal -9.723699e-01 2.334454e-01 -1.727276e-15
    outer loop
      vertex   -6.259179e+00 1.816373e+01 5.427000e+00
      vertex   -6.259179e+00 1.816373e+01 6.927000e+00
      vertex   -6.213390e+00 1.835446e+01 5.427000e+00
    endloop
  endfacet
  facet normal -9.723699e-01 2.334454e-01 -1.151517e-15
    outer loop
      vertex   -6.213390e+00 1.835446e+01 5.427000e+00
      vertex   -6.259179e+00 1.816373e+01 6.927000e+00
      vertex   -6.213390e+00 1.835446e+01 6.927000e+00
    endloop
  endfacet
  facet normal -9.969173e-01 7.845910e-02 -1.180587e-15
    outer loop
      vertex   -6.213390e+00 1.835446e+01 5.427000e+00
      vertex   -6.213390e+00 1.835446e+01 6.927000e+00
      vertex   -6.198000e+00 1.855000e+01 5.427000e+00
    endloop
  endfacet
  facet normal -9.969173e-01 7.845910e-02 -1.180587e-15
    outer loop
      vertex   -6.198000e+00 1.855000e+01 5.427000e+00
      vertex   -6.213390e+00 1.835446e+01 6.927000e+00
      vertex   -6.198000e+00 1.855000e+01 6.927000e+00
    endloop
  endfacet
  facet normal -1.000000e+00 0.000000e+00 -1.184238e-15
    outer loop
      vertex   -6.198000e+00 1.855000e+01 5.427000e+00
      vertex   -6.198000e+00 1.855000e+01 6.927000e+00
      vertex   -6.198000e+00 1.955000e+01 5.427000e+00
    endloop
  endfacet
  facet normal -1.000000e+00 0.000000e+00 -1.184238e-15
    outer loop
      vertex   -6.198000e+00 1.955000e+01 5.427000e+00
      vertex   -6.198000e+00 1.855000e+01 6.927000e+00
      vertex   -6.198000e+00 1.955000e+01 6.927000e+00
    endloop
  endfacet
  facet normal -9.969173e-01 7.845910e-02 -1.180587e-15
    outer loop
      vertex   -6.198000e+00 1.955000e+01 5.427000e+00
      vertex   -6.198000e+00 1.955000e+01 6.927000e+00
      vertex   -6.182610e+00 1.974554e+01 5.427000e+00
    endloop
  endfacet
  facet normal -9.969173e-01 7.845910e-02 -1.180587e-15
    outer loop
      vertex   -6.182610e+00 1.974554e+01 5.427000e+00
      vertex   -6.198000e+00 1.955000e+01 6.927000e+00
      vertex   -6.182610e+00 1.974554e+01 6.927000e+00
    endloop
  endfacet
  facet normal -9.723699e-01 2.334454e-01 -1.151517e-15
    outer loop
      vertex   -6.182610e+00 1.974554e+01 5.427000e+00
      vertex   -6.182610e+00 1.974554e+01 6.927000e+00
      vertex   -6.136821e+00 1.993627e+01 5.427000e+00
    endloop
  endfacet
  facet normal -9.723699e-01 2.334454e-01 -1.151517e-15
    outer loop
      vertex   -6.136821e+00 1.993627e+01 5.427000e+00
      vertex   -6.182610e+00 1.974554e+01 6.927000e+00
      vertex   -6.136821e+00 1.993627e+01 6.927000e+00
    endloop
  endfacet
  facet normal -9.238795e-01 3.826834e-01 -1.094093e-15
    outer loop
      vertex   -6.136821e+00 1.993627e+01 5.427000e+00
      vertex   -6.136821e+00 1.993627e+01 6.927000e+00
      vertex   -6.061758e+00 2.011749e+01 5.427000e+00
    endloop
  endfacet
  facet normal -9.238795e-01 3.826834e-01 -1.094093e-15
    outer loop
      vertex   -6.061758e+00 2.011749e+01 5.427000e+00
      vertex   -6.136821e+00 1.993627e+01 6.927000e+00
      vertex   -6.061758e+00 2.011749e+01 6.927000e+00
    endloop
  endfacet
  facet normal -8.526402e-01 5.224986e-01 -1.009729e-15
    outer loop
      vertex   -6.061758e+00 2.011749e+01 5.427000e+00
      vertex   -6.061758e+00 2.011749e+01 6.927000e+00
      vertex   -5.959271e+00 2.028473e+01 5.427000e+00
    endloop
  endfacet
  facet normal -8.526402e-01 5.224986e-01 -1.009729e-15
    outer loop
      vertex   -5.959271e+00 2.028473e+01 5.427000e+00
      vertex   -6.061758e+00 2.011749e+01 6.927000e+00
      vertex   -5.959271e+00 2.028473e+01 6.927000e+00
    endloop
  endfacet
  facet normal -7.604060e-01 6.494480e-01 -9.005016e-16
    outer loop
      vertex   -5.959271e+00 2.028473e+01 5.427000e+00
      vertex   -5.959271e+00 2.028473e+01 6.927000e+00
      vertex   -5.831883e+00 2.043388e+01 5.427000e+00
    endloop
  endfacet
  facet normal -7.604060e-01 6.494480e-01 -1.350752e-15
    outer loop
      vertex   -5.831883e+00 2.043388e+01 5.427000e+00
      vertex   -5.959271e+00 2.028473e+01 6.927000e+00
      vertex   -5.831883e+00 2.043388e+01 6.927000e+00
    endloop
  endfacet
  facet normal -6.494480e-01 7.604060e-01 -1.153651e-15
    outer loop
      vertex   -5.831883e+00 2.043388e+01 5.427000e+00
      vertex   -5.831883e+00 2.043388e+01 6.927000e+00
      vertex   -5.682732e+00 2.056127e+01 5.427000e+00
    endloop
  endfacet
  facet normal -6.494480e-01 7.604060e-01 -7.691010e-16
    outer loop
      vertex   -5.682732e+00 2.056127e+01 5.427000e+00
      vertex   -5.831883e+00 2.043388e+01 6.927000e+00
      vertex   -5.682732e+00 2.056127e+01 6.927000e+00
    endloop
  endfacet
  facet normal -5.224986e-01 8.526402e-01 -6.187626e-16
    outer loop
      vertex   -5.682732e+00 2.056127e+01 5.427000e+00
      vertex   -5.682732e+00 2.056127e+01 6.927000e+00
      vertex   -5.515488e+00 2.066376e+01 5.427000e+00
    endloop
  endfacet
  facet normal -5.224986e-01 8.526402e-01 -6.187626e-16
    outer loop
      vertex   -5.515488e+00 2.066376e+01 5.427000e+00
      vertex   -5.682732e+00 2.056127e+01 6.927000e+00
      vertex   -5.515488e+00 2.066376e+01 6.927000e+00
    endloop
  endfacet
  facet normal -3.826834e-01 9.238795e-01 -4.531882e-16
    outer loop
      vertex   -5.515488e+00 2.066376e+01 5.427000e+00
      vertex   -5.515488e+00 2.066376e+01 6.927000e+00
      vertex   -5.334271e+00 2.073882e+01 5.427000e+00
    endloop
  endfacet
  facet normal -3.826834e-01 9.238795e-01 -4.531882e-16
    outer loop
      vertex   -5.334271e+00 2.073882e+01 5.427000e+00
      vertex   -5.515488e+00 2.066376e+01 6.927000e+00
      vertex   -5.334271e+00 2.073882e+01 6.927000e+00
    endloop
  endfacet
  facet normal -2.334454e-01 9.723699e-01 -2.764548e-16
    outer loop
      vertex   -5.334271e+00 2.073882e+01 5.427000e+00
      vertex   -5.334271e+00 2.073882e+01 6.927000e+00
      vertex   -5.143543e+00 2.078461e+01 5.427000e+00
    endloop
  endfacet
  facet normal -2.334454e-01 9.723699e-01 -2.764548e-16
    outer loop
      vertex   -5.143543e+00 2.078461e+01 5.427000e+00
      vertex   -5.334271e+00 2.073882e+01 6.927000e+00
      vertex   -5.143543e+00 2.078461e+01 6.927000e+00
    endloop
  endfacet
  facet normal -7.845910e-02 9.969173e-01 -9.291423e-17
    outer loop
      vertex   -5.143543e+00 2.078461e+01 5.427000e+00
      vertex   -5.143543e+00 2.078461e+01 6.927000e+00
      vertex   -4.948000e+00 2.080000e+01 5.427000e+00
    endloop
  endfacet
  facet normal -7.845910e-02 9.969173e-01 -9.291423e-17
    outer loop
      vertex   -4.948000e+00 2.080000e+01 5.427000e+00
      vertex   -5.143543e+00 2.078461e+01 6.927000e+00
      vertex   -4.948000e+00 2.080000e+01 6.927000e+00
    endloop
  endfacet
  facet normal 0.000000e+00 0.000000e+00 -1.000000e+00
    outer loop
      vertex   -3.917521e+00 1.924990e+01 5.427000e+00
      vertex   -2.898000e+00 1.955000e+01 5.427000e+00
      vertex   -3.900000e+00 1.910000e+01 5.427000e+00
    endloop
  endfacet
  facet normal 0.000000e+00 0.000000e+00 -1.000000e+00
    outer loop
      vertex   -3.900000e+00 1.910000e+01 5.427000e+00
      vertex   -2.898000e+00 1.955000e+01 5.427000e+00
      vertex   -2.898000e+00 1.855000e+01 5.427000e+00
    endloop
  endfacet
  facet normal 0.000000e+00 -0.000000e+00 -1.000000e+00
    outer loop
      vertex   -3.900000e+00 1.910000e+01 5.427000e+00
      vertex   -2.898000e+00 1.855000e+01 5.427000e+00
      vertex   -3.917521e+00 1.895010e+01 5.427000e+00
    endloop
  endfacet
  facet normal 0.000000e+00 -0.000000e+00 -1.000000e+00
    outer loop
      vertex   -3.917521e+00 1.895010e+01 5.427000e+00
      vertex   -2.898000e+00 1.855000e+01 5.427000e+00
      vertex   -3.969139e+00 1.880828e+01 5.427000e+00
    endloop
  endfacet
  facet normal 0.000000e+00 -0.000000e+00 -1.000000e+00
    outer loop
      vertex   -3.969139e+00 1.880828e+01 5.427000e+00
      vertex   -2.898000e+00 1.855000e+01 5.427000e+00
      vertex   -4.052071e+00 1.868219e+01 5.427000e+00
    endloop
  endfacet
  facet normal 0.000000e+00 0.000000e+00 -1.000000e+00
    outer loop
      vertex   -4.052071e+00 1.868219e+01 5.427000e+00
      vertex   -2.898000e+00 1.855000e+01 5.427000e+00
      vertex   -2.882610e+00 1.835446e+01 5.427000e+00
    endloop
  endfacet
  facet normal 0.000000e+00 -0.000000e+00 -1.000000e+00
    outer loop
      vertex   -4.052071e+00 1.868219e+01 5.427000e+00
      vertex   -2.882610e+00 1.835446e+01 5.427000e+00
      vertex   -4.161847e+00 1.857862e+01 5.427000e+00
    endloop
  endfacet
  facet normal 0.000000e+00 0.000000e+00 -1.000000e+00
    outer loop
      vertex   -4.161847e+00 1.857862e+01 5.427000e+00
      vertex   -2.882610e+00 1.835446e+01 5.427000e+00
      vertex   -2.836821e+00 1.816373e+01 5.427000e+00
    endloop
  endfacet
  facet normal 0.000000e+00 -0.000000e+00 -1.000000e+00
    outer loop
      vertex   -4.161847e+00 1.857862e+01 5.427000e+00
      vertex   -2.836821e+00 1.816373e+01 5.427000e+00
      vertex   -4.292548e+00 1.850316e+01 5.427000e+00
    endloop
  endfacet
  facet normal 0.000000e+00 0.000000e+00 -1.000000e+00
    outer loop
      vertex   -4.292548e+00 1.850316e+01 5.427000e+00
      vertex   -2.836821e+00 1.816373e+01 5.427000e+00
      vertex   -2.761758e+00 1.798251e+01 5.427000e+00
    endloop
  endfacet
  facet normal 0.000000e+00 -0.000000e+00 -1.000000e+00
    outer loop
      vertex   -4.292548e+00 1.850316e+01 5.427000e+00
      vertex   -2.761758e+00 1.798251e+01 5.427000e+00
      vertex   -4.437129e+00 1.845987e+01 5.427000e+00
    endloop
  endfacet
  facet normal 0.000000e+00 0.000000e+00 -1.000000e+00
    outer loop
      vertex   -4.437129e+00 1.845987e+01 5.427000e+00
      vertex   -2.761758e+00 1.798251e+01 5.427000e+00
      vertex   -2.659271e+00 1.781527e+01 5.427000e+00
    endloop
  endfacet
  facet normal 0.000000e+00 -0.000000e+00 -1.000000e+00
    outer loop
      vertex   -4.437129e+00 1.845987e+01 5.427000e+00
      vertex   -2.659271e+00 1.781527e+01 5.427000e+00
      vertex   -4.587794e+00 1.845110e+01 5.427000e+00
    endloop
  endfacet
  facet normal 0.000000e+00 0.000000e+00 -1.000000e+00
    outer loop
      vertex   -4.587794e+00 1.845110e+01 5.427000e+00
      vertex   -2.659271e+00 1.781527e+01 5.427000e+00
      vertex   -2.531883e+00 1.766612e+01 5.427000e+00
    endloop
  endfacet
  facet normal 1.321618e-15 3.461384e-15 -1.000000e+00
    outer loop
      vertex   -4.587794e+00 1.845110e+01 5.427000e+00
      vertex   -2.531883e+00 1.766612e+01 5.427000e+00
      vertex   -6.564117e+00 1.766612e+01 5.427000e+00
    endloop
  endfacet
  facet normal 1.321618e-15 -1.547415e-15 -1.000000e+00
    outer loop
      vertex   -6.564117e+00 1.766612e+01 5.427000e+00
      vertex   -2.531883e+00 1.766612e+01 5.427000e+00
      vertex   -6.713268e+00 1.753873e+01 5.427000e+00
    endloop
  endfacet
  facet normal 1.230580e-15 1.440824e-15 -1.000000e+00
    outer loop
      vertex   -6.713268e+00 1.753873e+01 5.427000e+00
      vertex   -2.531883e+00 1.766612e+01 5.427000e+00
      vertex   -2.382732e+00 1.753873e+01 5.427000e+00
    endloop
  endfacet
  facet normal 1.230580e-15 -2.008123e-15 -1.000000e+00
    outer loop
      vertex   -6.713268e+00 1.753873e+01 5.427000e+00
      vertex   -2.382732e+00 1.753873e+01 5.427000e+00
      vertex   -6.880512e+00 1.743624e+01 5.427000e+00
    endloop
  endfacet
  facet normal 1.142346e-15 1.864139e-15 -1.000000e+00
    outer loop
      vertex   -6.880512e+00 1.743624e+01 5.427000e+00
      vertex   -2.382732e+00 1.753873e+01 5.427000e+00
      vertex   -2.215488e+00 1.743624e+01 5.427000e+00
    endloop
  endfacet
  facet normal 1.142346e-15 -2.757867e-15 -1.000000e+00
    outer loop
      vertex   -6.880512e+00 1.743624e+01 5.427000e+00
      vertex   -2.215488e+00 1.743624e+01 5.427000e+00
      vertex   -7.061729e+00 1.736118e+01 5.427000e+00
    endloop
  endfacet
  facet normal 1.059993e-15 2.559050e-15 -1.000000e+00
    outer loop
      vertex   -7.061729e+00 1.736118e+01 5.427000e+00
      vertex   -2.215488e+00 1.743624e+01 5.427000e+00
      vertex   -2.034271e+00 1.736118e+01 5.427000e+00
    endloop
  endfacet
  facet normal 1.059993e-15 -4.415189e-15 -1.000000e+00
    outer loop
      vertex   -7.061729e+00 1.736118e+01 5.427000e+00
      vertex   -2.034271e+00 1.736118e+01 5.427000e+00
      vertex   -7.252457e+00 1.731539e+01 5.427000e+00
    endloop
  endfacet
  facet normal 9.852386e-16 4.103814e-15 -1.000000e+00
    outer loop
      vertex   -7.252457e+00 1.731539e+01 5.427000e+00
      vertex   -2.034271e+00 1.736118e+01 5.427000e+00
      vertex   -1.843543e+00 1.731539e+01 5.427000e+00
    endloop
  endfacet
  facet normal 9.852386e-16 -3.587966e-13 -1.000000e+00
    outer loop
      vertex   -7.252457e+00 1.731539e+01 5.427000e+00
      vertex   -1.843543e+00 1.731539e+01 5.427000e+00
      vertex   -7.448000e+00 1.730000e+01 5.427000e+00
    endloop
  endfacet
  facet normal 0.000000e+00 0.000000e+00 -1.000000e+00
    outer loop
      vertex   -7.448000e+00 1.730000e+01 5.427000e+00
      vertex   -1.843543e+00 1.731539e+01 5.427000e+00
      vertex   -1.648000e+00 1.730000e+01 5.427000e+00
    endloop
  endfacet
  facet normal 0.000000e+00 0.000000e+00 -1.000000e+00
    outer loop
      vertex   -3.917521e+00 1.924990e+01 5.427000e+00
      vertex   -3.969139e+00 1.939172e+01 5.427000e+00
      vertex   -2.898000e+00 1.955000e+01 5.427000e+00
    endloop
  endfacet
  facet normal 0.000000e+00 0.000000e+00 -1.000000e+00
    outer loop
      vertex   -2.898000e+00 1.955000e+01 5.427000e+00
      vertex   -3.969139e+00 1.939172e+01 5.427000e+00
      vertex   -4.052071e+00 1.951781e+01 5.427000e+00
    endloop
  endfacet
  facet normal -0.000000e+00 0.000000e+00 -1.000000e+00
    outer loop
      vertex   -2.898000e+00 1.955000e+01 5.427000e+00
      vertex   -4.052071e+00 1.951781e+01 5.427000e+00
      vertex   -2.913390e+00 1.974554e+01 5.427000e+00
    endloop
  endfacet
  facet normal 0.000000e+00 0.000000e+00 -1.000000e+00
    outer loop
      vertex   -2.913390e+00 1.974554e+01 5.427000e+00
      vertex   -4.052071e+00 1.951781e+01 5.427000e+00
      vertex   -4.161847e+00 1.962138e+01 5.427000e+00
    endloop
  endfacet
  facet normal -0.000000e+00 0.000000e+00 -1.000000e+00
    outer loop
      vertex   -2.913390e+00 1.974554e+01 5.427000e+00
      vertex   -4.161847e+00 1.962138e+01 5.427000e+00
      vertex   -2.959179e+00 1.993627e+01 5.427000e+00
    endloop
  endfacet
  facet normal -0.000000e+00 0.000000e+00 -1.000000e+00
    outer loop
      vertex   -2.959179e+00 1.993627e+01 5.427000e+00
      vertex   -4.161847e+00 1.962138e+01 5.427000e+00
      vertex   -3.034242e+00 2.011749e+01 5.427000e+00
    endloop
  endfacet
  facet normal 0.000000e+00 0.000000e+00 -1.000000e+00
    outer loop
      vertex   -3.034242e+00 2.011749e+01 5.427000e+00
      vertex   -4.161847e+00 1.962138e+01 5.427000e+00
      vertex   -4.292548e+00 1.969684e+01 5.427000e+00
    endloop
  endfacet
  facet normal -0.000000e+00 0.000000e+00 -1.000000e+00
    outer loop
      vertex   -3.034242e+00 2.011749e+01 5.427000e+00
      vertex   -4.292548e+00 1.969684e+01 5.427000e+00
      vertex   -3.136729e+00 2.028473e+01 5.427000e+00
    endloop
  endfacet
  facet normal -0.000000e+00 0.000000e+00 -1.000000e+00
    outer loop
      vertex   -3.136729e+00 2.028473e+01 5.427000e+00
      vertex   -4.292548e+00 1.969684e+01 5.427000e+00
      vertex   -3.264117e+00 2.043388e+01 5.427000e+00
    endloop
  endfacet
  facet normal 0.000000e+00 0.000000e+00 -1.000000e+00
    outer loop
      vertex   -3.264117e+00 2.043388e+01 5.427000e+00
      vertex   -4.292548e+00 1.969684e+01 5.427000e+00
      vertex   -4.437129e+00 1.974013e+01 5.427000e+00
    endloop
  endfacet
  facet normal -0.000000e+00 0.000000e+00 -1.000000e+00
    outer loop
      vertex   -3.264117e+00 2.043388e+01 5.427000e+00
      vertex   -4.437129e+00 1.974013e+01 5.427000e+00
      vertex   -3.413268e+00 2.056127e+01 5.427000e+00
    endloop
  endfacet
  facet normal -0.000000e+00 0.000000e+00 -1.000000e+00
    outer loop
      vertex   -3.413268e+00 2.056127e+01 5.427000e+00
      vertex   -4.437129e+00 1.974013e+01 5.427000e+00
      vertex   -3.580512e+00 2.066376e+01 5.427000e+00
    endloop
  endfacet
  facet normal -0.000000e+00 0.000000e+00 -1.000000e+00
    outer loop
      vertex   -3.580512e+00 2.066376e+01 5.427000e+00
      vertex   -4.437129e+00 1.974013e+01 5.427000e+00
      vertex   -3.761729e+00 2.073882e+01 5.427000e+00
    endloop
  endfacet
  facet normal -0.000000e+00 0.000000e+00 -1.000000e+00
    outer loop
      vertex   -3.761729e+00 2.073882e+01 5.427000e+00
      vertex   -4.437129e+00 1.974013e+01 5.427000e+00
      vertex   -3.952457e+00 2.078461e+01 5.427000e+00
    endloop
  endfacet
  facet normal -0.000000e+00 0.000000e+00 -1.000000e+00
    outer loop
      vertex   -3.952457e+00 2.078461e+01 5.427000e+00
      vertex   -4.437129e+00 1.974013e+01 5.427000e+00
      vertex   -4.148000e+00 2.080000e+01 5.427000e+00
    endloop
  endfacet
  facet normal 0.000000e+00 0.000000e+00 -1.000000e+00
    outer loop
      vertex   -4.148000e+00 2.080000e+01 5.427000e+00
      vertex   -4.437129e+00 1.974013e+01 5.427000e+00
      vertex   -4.587794e+00 1.974890e+01 5.427000e+00
    endloop
  endfacet
  facet normal -0.000000e+00 0.000000e+00 -1.000000e+00
    outer loop
      vertex   -4.148000e+00 2.080000e+01 5.427000e+00
      vertex   -4.587794e+00 1.974890e+01 5.427000e+00
      vertex   -4.948000e+00 2.080000e+01 5.427000e+00
    endloop
  endfacet
  facet normal 2.211412e-14 7.578384e-15 -1.000000e+00
    outer loop
      vertex   -4.948000e+00 2.080000e+01 5.427000e+00
      vertex   -4.587794e+00 1.974890e+01 5.427000e+00
      vertex   -5.143543e+00 2.078461e+01 5.427000e+00
    endloop
  endfacet
  facet normal 9.119264e-16 -3.798447e-15 -1.000000e+00
    outer loop
      vertex   -5.143543e+00 2.078461e+01 5.427000e+00
      vertex   -4.587794e+00 1.974890e+01 5.427000e+00
      vertex   -5.334271e+00 2.073882e+01 5.427000e+00
    endloop
  endfacet
  facet normal 6.981882e-16 -3.959622e-15 -1.000000e+00
    outer loop
      vertex   -5.334271e+00 2.073882e+01 5.427000e+00
      vertex   -4.587794e+00 1.974890e+01 5.427000e+00
      vertex   -4.736422e+00 1.972269e+01 5.427000e+00
    endloop
  endfacet
  facet normal 1.455554e-15 -3.514018e-15 -1.000000e+00
    outer loop
      vertex   -5.334271e+00 2.073882e+01 5.427000e+00
      vertex   -4.736422e+00 1.972269e+01 5.427000e+00
      vertex   -5.515488e+00 2.066376e+01 5.427000e+00
    endloop
  endfacet
  facet normal 1.918524e-15 -3.130746e-15 -1.000000e+00
    outer loop
      vertex   -5.515488e+00 2.066376e+01 5.427000e+00
      vertex   -4.736422e+00 1.972269e+01 5.427000e+00
      vertex   -5.682732e+00 2.056127e+01 5.427000e+00
    endloop
  endfacet
  facet normal 2.303178e-15 -2.696675e-15 -1.000000e+00
    outer loop
      vertex   -5.682732e+00 2.056127e+01 5.427000e+00
      vertex   -4.736422e+00 1.972269e+01 5.427000e+00
      vertex   -5.831883e+00 2.043388e+01 5.427000e+00
    endloop
  endfacet
  facet normal 2.607879e-15 -2.227339e-15 -1.000000e+00
    outer loop
      vertex   -5.831883e+00 2.043388e+01 5.427000e+00
      vertex   -4.736422e+00 1.972269e+01 5.427000e+00
      vertex   -5.959271e+00 2.028473e+01 5.427000e+00
    endloop
  endfacet
  facet normal 1.758212e-15 -4.075993e-15 -1.000000e+00
    outer loop
      vertex   -5.959271e+00 2.028473e+01 5.427000e+00
      vertex   -4.736422e+00 1.972269e+01 5.427000e+00
      vertex   -4.875000e+00 1.966292e+01 5.427000e+00
    endloop
  endfacet
  facet normal 3.030664e-15 -1.857193e-15 -1.000000e+00
    outer loop
      vertex   -5.959271e+00 2.028473e+01 5.427000e+00
      vertex   -4.875000e+00 1.966292e+01 5.427000e+00
      vertex   -6.061758e+00 2.011749e+01 5.427000e+00
    endloop
  endfacet
  facet normal 3.229627e-15 -1.337755e-15 -1.000000e+00
    outer loop
      vertex   -6.061758e+00 2.011749e+01 5.427000e+00
      vertex   -4.875000e+00 1.966292e+01 5.427000e+00
      vertex   -6.136821e+00 1.993627e+01 5.427000e+00
    endloop
  endfacet
  facet normal 2.726147e-15 -3.661850e-15 -1.000000e+00
    outer loop
      vertex   -6.136821e+00 1.993627e+01 5.427000e+00
      vertex   -4.875000e+00 1.966292e+01 5.427000e+00
      vertex   -4.996057e+00 1.957279e+01 5.427000e+00
    endloop
  endfacet
  facet normal 3.616282e-15 -8.681925e-16 -1.000000e+00
    outer loop
      vertex   -6.136821e+00 1.993627e+01 5.427000e+00
      vertex   -4.996057e+00 1.957279e+01 5.427000e+00
      vertex   -6.182610e+00 1.974554e+01 5.427000e+00
    endloop
  endfacet
  facet normal 3.335235e-15 -2.798594e-15 -1.000000e+00
    outer loop
      vertex   -6.182610e+00 1.974554e+01 5.427000e+00
      vertex   -4.996057e+00 1.957279e+01 5.427000e+00
      vertex   -5.093067e+00 1.945718e+01 5.427000e+00
    endloop
  endfacet
  facet normal -1.895255e-15 -2.256140e-14 -1.000000e+00
    outer loop
      vertex   -6.182610e+00 1.974554e+01 5.427000e+00
      vertex   -5.093067e+00 1.945718e+01 5.427000e+00
      vertex   -6.198000e+00 1.955000e+01 5.427000e+00
    endloop
  endfacet
  facet normal 0.000000e+00 0.000000e+00 -1.000000e+00
    outer loop
      vertex   -6.198000e+00 1.955000e+01 5.427000e+00
      vertex   -5.093067e+00 1.945718e+01 5.427000e+00
      vertex   -5.160800e+00 1.932231e+01 5.427000e+00
    endloop
  endfacet
  facet normal 0.000000e+00 0.000000e+00 -1.000000e+00
    outer loop
      vertex   -6.198000e+00 1.955000e+01 5.427000e+00
      vertex   -5.160800e+00 1.932231e+01 5.427000e+00
      vertex   -5.195605e+00 1.917546e+01 5.427000e+00
    endloop
  endfacet
  facet normal -0.000000e+00 -0.000000e+00 -1.000000e+00
    outer loop
      vertex   -5.195605e+00 1.917546e+01 5.427000e+00
      vertex   -5.195605e+00 1.902454e+01 5.427000e+00
      vertex   -6.198000e+00 1.955000e+01 5.427000e+00
    endloop
  endfacet
  facet normal 0.000000e+00 0.000000e+00 -1.000000e+00
    outer loop
      vertex   -6.198000e+00 1.955000e+01 5.427000e+00
      vertex   -5.195605e+00 1.902454e+01 5.427000e+00
      vertex   -6.198000e+00 1.855000e+01 5.427000e+00
    endloop
  endfacet
  facet normal 0.000000e+00 0.000000e+00 -1.000000e+00
    outer loop
      vertex   -6.198000e+00 1.855000e+01 5.427000e+00
      vertex   -5.195605e+00 1.902454e+01 5.427000e+00
      vertex   -5.160800e+00 1.887769e+01 5.427000e+00
    endloop
  endfacet
  facet normal 0.000000e+00 0.000000e+00 -1.000000e+00
    outer loop
      vertex   -6.198000e+00 1.855000e+01 5.427000e+00
      vertex   -5.160800e+00 1.887769e+01 5.427000e+00
      vertex   -5.093067e+00 1.874282e+01 5.427000e+00
    endloop
  endfacet
  facet normal 0.000000e+00 -0.000000e+00 -1.000000e+00
    outer loop
      vertex   -5.093067e+00 1.874282e+01 5.427000e+00
      vertex   -4.996057e+00 1.862721e+01 5.427000e+00
      vertex   -6.198000e+00 1.855000e+01 5.427000e+00
    endloop
  endfacet
  facet normal -1.759477e-15 2.739114e-14 -1.000000e+00
    outer loop
      vertex   -6.198000e+00 1.855000e+01 5.427000e+00
      vertex   -4.996057e+00 1.862721e+01 5.427000e+00
      vertex   -6.213390e+00 1.835446e+01 5.427000e+00
    endloop
  endfacet
  facet normal 3.364950e-15 4.519913e-15 -1.000000e+00
    outer loop
      vertex   -6.213390e+00 1.835446e+01 5.427000e+00
      vertex   -4.996057e+00 1.862721e+01 5.427000e+00
      vertex   -4.875000e+00 1.853708e+01 5.427000e+00
    endloop
  endfacet
  facet normal 4.116559e-15 -9.882985e-16 -1.000000e+00
    outer loop
      vertex   -6.213390e+00 1.835446e+01 5.427000e+00
      vertex   -4.875000e+00 1.853708e+01 5.427000e+00
      vertex   -6.259179e+00 1.816373e+01 5.427000e+00
    endloop
  endfacet
  facet normal 2.368778e-15 5.491445e-15 -1.000000e+00
    outer loop
      vertex   -6.259179e+00 1.816373e+01 5.427000e+00
      vertex   -4.875000e+00 1.853708e+01 5.427000e+00
      vertex   -4.736422e+00 1.847731e+01 5.427000e+00
    endloop
  endfacet
  facet normal 3.825967e-15 -1.584767e-15 -1.000000e+00
    outer loop
      vertex   -6.259179e+00 1.816373e+01 5.427000e+00
      vertex   -4.736422e+00 1.847731e+01 5.427000e+00
      vertex   -6.334242e+00 1.798251e+01 5.427000e+00
    endloop
  endfacet
  facet normal 1.210068e-15 6.862639e-15 -1.000000e+00
    outer loop
      vertex   -6.334242e+00 1.798251e+01 5.427000e+00
      vertex   -4.736422e+00 1.847731e+01 5.427000e+00
      vertex   -4.587794e+00 1.845110e+01 5.427000e+00
    endloop
  endfacet
  facet normal 3.651807e-15 -2.237830e-15 -1.000000e+00
    outer loop
      vertex   -6.334242e+00 1.798251e+01 5.427000e+00
      vertex   -4.587794e+00 1.845110e+01 5.427000e+00
      vertex   -6.436729e+00 1.781527e+01 5.427000e+00
    endloop
  endfacet
  facet normal 4.080816e-15 -3.485347e-15 -1.000000e+00
    outer loop
      vertex   -6.436729e+00 1.781527e+01 5.427000e+00
      vertex   -4.587794e+00 1.845110e+01 5.427000e+00
      vertex   -6.564117e+00 1.766612e+01 5.427000e+00
    endloop
  endfacet
  facet normal 9.969173e-01 7.845910e-02 0.000000e+00
    outer loop
      vertex   -2.898000e+00 1.955000e+01 6.927000e+00
      vertex   -2.898000e+00 1.955000e+01 5.427000e+00
      vertex   -2.913390e+00 1.974554e+01 6.927000e+00
    endloop
  endfacet
  facet normal 9.969173e-01 7.845910e-02 0.000000e+00
    outer loop
      vertex   -2.913390e+00 1.974554e+01 6.927000e+00
      vertex   -2.898000e+00 1.955000e+01 5.427000e+00
      vertex   -2.913390e+00 1.974554e+01 5.427000e+00
    endloop
  endfacet
  facet normal 9.723699e-01 2.334454e-01 0.000000e+00
    outer loop
      vertex   -2.913390e+00 1.974554e+01 6.927000e+00
      vertex   -2.913390e+00 1.974554e+01 5.427000e+00
      vertex   -2.959179e+00 1.993627e+01 6.927000e+00
    endloop
  endfacet
  facet normal 9.723699e-01 2.334454e-01 0.000000e+00
    outer loop
      vertex   -2.959179e+00 1.993627e+01 6.927000e+00
      vertex   -2.913390e+00 1.974554e+01 5.427000e+00
      vertex   -2.959179e+00 1.993627e+01 5.427000e+00
    endloop
  endfacet
  facet normal 9.238795e-01 3.826834e-01 0.000000e+00
    outer loop
      vertex   -2.959179e+00 1.993627e+01 6.927000e+00
      vertex   -2.959179e+00 1.993627e+01 5.427000e+00
      vertex   -3.034242e+00 2.011749e+01 6.927000e+00
    endloop
  endfacet
  facet normal 9.238795e-01 3.826834e-01 0.000000e+00
    outer loop
      vertex   -3.034242e+00 2.011749e+01 6.927000e+00
      vertex   -2.959179e+00 1.993627e+01 5.427000e+00
      vertex   -3.034242e+00 2.011749e+01 5.427000e+00
    endloop
  endfacet
  facet normal 8.526402e-01 5.224986e-01 0.000000e+00
    outer loop
      vertex   -3.034242e+00 2.011749e+01 6.927000e+00
      vertex   -3.034242e+00 2.011749e+01 5.427000e+00
      vertex   -3.136729e+00 2.028473e+01 6.927000e+00
    endloop
  endfacet
  facet normal 8.526402e-01 5.224986e-01 0.000000e+00
    outer loop
      vertex   -3.136729e+00 2.028473e+01 6.927000e+00
      vertex   -3.034242e+00 2.011749e+01 5.427000e+00
      vertex   -3.136729e+00 2.028473e+01 5.427000e+00
    endloop
  endfacet
  facet normal 7.604060e-01 6.494480e-01 0.000000e+00
    outer loop
      vertex   -3.136729e+00 2.028473e+01 6.927000e+00
      vertex   -3.136729e+00 2.028473e+01 5.427000e+00
      vertex   -3.264117e+00 2.043388e+01 6.927000e+00
    endloop
  endfacet
  facet normal 7.604060e-01 6.494480e-01 0.000000e+00
    outer loop
      vertex   -3.264117e+00 2.043388e+01 6.927000e+00
      vertex   -3.136729e+00 2.028473e+01 5.427000e+00
      vertex   -3.264117e+00 2.043388e+01 5.427000e+00
    endloop
  endfacet
  facet normal 6.494480e-01 7.604060e-01 0.000000e+00
    outer loop
      vertex   -3.264117e+00 2.043388e+01 6.927000e+00
      vertex   -3.264117e+00 2.043388e+01 5.427000e+00
      vertex   -3.413268e+00 2.056127e+01 6.927000e+00
    endloop
  endfacet
  facet normal 6.494480e-01 7.604060e-01 0.000000e+00
    outer loop
      vertex   -3.413268e+00 2.056127e+01 6.927000e+00
      vertex   -3.264117e+00 2.043388e+01 5.427000e+00
      vertex   -3.413268e+00 2.056127e+01 5.427000e+00
    endloop
  endfacet
  facet normal 5.224986e-01 8.526402e-01 0.000000e+00
    outer loop
      vertex   -3.413268e+00 2.056127e+01 6.927000e+00
      vertex   -3.413268e+00 2.056127e+01 5.427000e+00
      vertex   -3.580512e+00 2.066376e+01 6.927000e+00
    endloop
  endfacet
  facet normal 5.224986e-01 8.526402e-01 0.000000e+00
    outer loop
      vertex   -3.580512e+00 2.066376e+01 6.927000e+00
      vertex   -3.413268e+00 2.056127e+01 5.427000e+00
      vertex   -3.580512e+00 2.066376e+01 5.427000e+00
    endloop
  endfacet
  facet normal 3.826834e-01 9.238795e-01 0.000000e+00
    outer loop
      vertex   -3.580512e+00 2.066376e+01 6.927000e+00
      vertex   -3.580512e+00 2.066376e+01 5.427000e+00
      vertex   -3.761729e+00 2.073882e+01 6.927000e+00
    endloop
  endfacet
  facet normal 3.826834e-01 9.238795e-01 0.000000e+00
    outer loop
      vertex   -3.761729e+00 2.073882e+01 6.927000e+00
      vertex   -3.580512e+00 2.066376e+01 5.427000e+00
      vertex   -3.761729e+00 2.073882e+01 5.427000e+00
    endloop
  endfacet
  facet normal 2.334454e-01 9.723699e-01 0.000000e+00
    outer loop
      vertex   -3.761729e+00 2.073882e+01 6.927000e+00
      vertex   -3.761729e+00 2.073882e+01 5.427000e+00
      vertex   -3.952457e+00 2.078461e+01 6.927000e+00
    endloop
  endfacet
  facet normal 2.334454e-01 9.723699e-01 0.000000e+00
    outer loop
      vertex   -3.952457e+00 2.078461e+01 6.927000e+00
      vertex   -3.761729e+00 2.073882e+01 5.427000e+00
      vertex   -3.952457e+00 2.078461e+01 5.427000e+00
    endloop
  endfacet
  facet normal 7.845910e-02 9.969173e-01 0.000000e+00
    outer loop
      vertex   -3.952457e+00 2.078461e+01 6.927000e+00
      vertex   -3.952457e+00 2.078461e+01 5.427000e+00
      vertex   -4.148000e+00 2.080000e+01 6.927000e+00
    endloop
  endfacet
  facet normal 7.845910e-02 9.969173e-01 0.000000e+00
    outer loop
      vertex   -4.148000e+00 2.080000e+01 6.927000e+00
      vertex   -3.952457e+00 2.078461e+01 5.427000e+00
      vertex   -4.148000e+00 2.080000e+01 5.427000e+00
    endloop
  endfacet
  facet normal 1.000000e+00 0.000000e+00 -0.000000e+00
    outer loop
      vertex   -2.898000e+00 1.955000e+01 5.427000e+00
      vertex   -2.898000e+00 1.955000e+01 6.927000e+00
      vertex   -2.898000e+00 1.855000e+01 5.427000e+00
    endloop
  endfacet
  facet normal 1.000000e+00 0.000000e+00 0.000000e+00
    outer loop
      vertex   -2.898000e+00 1.855000e+01 5.427000e+00
      vertex   -2.898000e+00 1.955000e+01 6.927000e+00
      vertex   -2.898000e+00 1.855000e+01 6.927000e+00
    endloop
  endfacet
  facet normal 7.845910e-02 9.969173e-01 0.000000e+00
    outer loop
      vertex   -1.648000e+00 1.730000e+01 6.927000e+00
      vertex   -1.648000e+00 1.730000e+01 5.427000e+00
      vertex   -1.843543e+00 1.731539e+01 6.927000e+00
    endloop
  endfacet
  facet normal 7.845910e-02 9.969173e-01 0.000000e+00
    outer loop
      vertex   -1.843543e+00 1.731539e+01 6.927000e+00
      vertex   -1.648000e+00 1.730000e+01 5.427000e+00
      vertex   -1.843543e+00 1.731539e+01 5.427000e+00
    endloop
  endfacet
  facet normal 2.334454e-01 9.723699e-01 0.000000e+00
    outer loop
      vertex   -1.843543e+00 1.731539e+01 6.927000e+00
      vertex   -1.843543e+00 1.731539e+01 5.427000e+00
      vertex   -2.034271e+00 1.736118e+01 6.927000e+00
    endloop
  endfacet
  facet normal 2.334454e-01 9.723699e-01 0.000000e+00
    outer loop
      vertex   -2.034271e+00 1.736118e+01 6.927000e+00
      vertex   -1.843543e+00 1.731539e+01 5.427000e+00
      vertex   -2.034271e+00 1.736118e+01 5.427000e+00
    endloop
  endfacet
  facet normal 3.826834e-01 9.238795e-01 0.000000e+00
    outer loop
      vertex   -2.034271e+00 1.736118e+01 6.927000e+00
      vertex   -2.034271e+00 1.736118e+01 5.427000e+00
      vertex   -2.215488e+00 1.743624e+01 6.927000e+00
    endloop
  endfacet
  facet normal 3.826834e-01 9.238795e-01 0.000000e+00
    outer loop
      vertex   -2.215488e+00 1.743624e+01 6.927000e+00
      vertex   -2.034271e+00 1.736118e+01 5.427000e+00
      vertex   -2.215488e+00 1.743624e+01 5.427000e+00
    endloop
  endfacet
  facet normal 5.224986e-01 8.526402e-01 0.000000e+00
    outer loop
      vertex   -2.215488e+00 1.743624e+01 6.927000e+00
      vertex   -2.215488e+00 1.743624e+01 5.427000e+00
      vertex   -2.382732e+00 1.753873e+01 6.927000e+00
    endloop
  endfacet
  facet normal 5.224986e-01 8.526402e-01 0.000000e+00
    outer loop
      vertex   -2.382732e+00 1.753873e+01 6.927000e+00
      vertex   -2.215488e+00 1.743624e+01 5.427000e+00
      vertex   -2.382732e+00 1.753873e+01 5.427000e+00
    endloop
  endfacet
  facet normal 6.494480e-01 7.604060e-01 0.000000e+00
    outer loop
      vertex   -2.382732e+00 1.753873e+01 6.927000e+00
      vertex   -2.382732e+00 1.753873e+01 5.427000e+00
      vertex   -2.531883e+00 1.766612e+01 6.927000e+00
    endloop
  endfacet
  facet normal 6.494480e-01 7.604060e-01 0.000000e+00
    outer loop
      vertex   -2.531883e+00 1.766612e+01 6.927000e+00
      vertex   -2.382732e+00 1.753873e+01 5.427000e+00
      vertex   -2.531883e+00 1.766612e+01 5.427000e+00
    endloop
  endfacet
  facet normal 7.604060e-01 6.494480e-01 0.000000e+00
    outer loop
      vertex   -2.531883e+00 1.766612e+01 6.927000e+00
      vertex   -2.531883e+00 1.766612e+01 5.427000e+00
      vertex   -2.659271e+00 1.781527e+01 6.927000e+00
    endloop
  endfacet
  facet normal 7.604060e-01 6.494480e-01 0.000000e+00
    outer loop
      vertex   -2.659271e+00 1.781527e+01 6.927000e+00
      vertex   -2.531883e+00 1.766612e+01 5.427000e+00
      vertex   -2.659271e+00 1.781527e+01 5.427000e+00
    endloop
  endfacet
  facet normal 8.526402e-01 5.224986e-01 0.000000e+00
    outer loop
      vertex   -2.659271e+00 1.781527e+01 6.927000e+00
      vertex   -2.659271e+00 1.781527e+01 5.427000e+00
      vertex   -2.761758e+00 1.798251e+01 6.927000e+00
    endloop
  endfacet
  facet normal 8.526402e-01 5.224986e-01 0.000000e+00
    outer loop
      vertex   -2.761758e+00 1.798251e+01 6.927000e+00
      vertex   -2.659271e+00 1.781527e+01 5.427000e+00
      vertex   -2.761758e+00 1.798251e+01 5.427000e+00
    endloop
  endfacet
  facet normal 9.238795e-01 3.826834e-01 0.000000e+00
    outer loop
      vertex   -2.761758e+00 1.798251e+01 6.927000e+00
      vertex   -2.761758e+00 1.798251e+01 5.427000e+00
      vertex   -2.836821e+00 1.816373e+01 6.927000e+00
    endloop
  endfacet
  facet normal 9.238795e-01 3.826834e-01 0.000000e+00
    outer loop
      vertex   -2.836821e+00 1.816373e+01 6.927000e+00
      vertex   -2.761758e+00 1.798251e+01 5.427000e+00
      vertex   -2.836821e+00 1.816373e+01 5.427000e+00
    endloop
  endfacet
  facet normal 9.723699e-01 2.334454e-01 0.000000e+00
    outer loop
      vertex   -2.836821e+00 1.816373e+01 6.927000e+00
      vertex   -2.836821e+00 1.816373e+01 5.427000e+00
      vertex   -2.882610e+00 1.835446e+01 6.927000e+00
    endloop
  endfacet
  facet normal 9.723699e-01 2.334454e-01 0.000000e+00
    outer loop
      vertex   -2.882610e+00 1.835446e+01 6.927000e+00
      vertex   -2.836821e+00 1.816373e+01 5.427000e+00
      vertex   -2.882610e+00 1.835446e+01 5.427000e+00
    endloop
  endfacet
  facet normal 9.969173e-01 7.845910e-02 0.000000e+00
    outer loop
      vertex   -2.882610e+00 1.835446e+01 6.927000e+00
      vertex   -2.882610e+00 1.835446e+01 5.427000e+00
      vertex   -2.898000e+00 1.855000e+01 6.927000e+00
    endloop
  endfacet
  facet normal 9.969173e-01 7.845910e-02 0.000000e+00
    outer loop
      vertex   -2.898000e+00 1.855000e+01 6.927000e+00
      vertex   -2.882610e+00 1.835446e+01 5.427000e+00
      vertex   -2.898000e+00 1.855000e+01 5.427000e+00
    endloop
  endfacet
  facet normal 9.932234e-01 1.160912e-01 -5.493751e-03
    outer loop
      vertex   -5.182479e+00 1.895010e+01 6.227000e+00
      vertex   -5.195605e+00 1.902454e+01 5.427000e+00
      vertex   -5.200000e+00 1.910000e+01 6.227000e+00
    endloop
  endfacet
  facet normal 9.999849e-01 0.000000e+00 5.493751e-03
    outer loop
      vertex   -5.200000e+00 1.910000e+01 6.227000e+00
      vertex   -5.195605e+00 1.902454e+01 5.427000e+00
      vertex   -5.195605e+00 1.917546e+01 5.427000e+00
    endloop
  endfacet
  facet normal 9.932234e-01 -1.160912e-01 -5.493751e-03
    outer loop
      vertex   -5.200000e+00 1.910000e+01 6.227000e+00
      vertex   -5.195605e+00 1.917546e+01 5.427000e+00
      vertex   -5.182479e+00 1.924990e+01 6.227000e+00
    endloop
  endfacet
  facet normal 9.730302e-01 -2.306124e-01 5.493751e-03
    outer loop
      vertex   -5.182479e+00 1.924990e+01 6.227000e+00
      vertex   -5.195605e+00 1.917546e+01 5.427000e+00
      vertex   -5.160800e+00 1.932231e+01 5.427000e+00
    endloop
  endfacet
  facet normal 9.396784e-01 -3.420150e-01 -5.493751e-03
    outer loop
      vertex   -5.182479e+00 1.924990e+01 6.227000e+00
      vertex   -5.160800e+00 1.932231e+01 5.427000e+00
      vertex   -5.130861e+00 1.939172e+01 6.227000e+00
    endloop
  endfacet
  facet normal 8.936192e-01 -4.487924e-01 5.493751e-03
    outer loop
      vertex   -5.130861e+00 1.939172e+01 6.227000e+00
      vertex   -5.160800e+00 1.932231e+01 5.427000e+00
      vertex   -5.093067e+00 1.945718e+01 5.427000e+00
    endloop
  endfacet
  facet normal 8.354752e-01 -5.495007e-01 -5.493751e-03
    outer loop
      vertex   -5.130861e+00 1.939172e+01 6.227000e+00
      vertex   -5.093067e+00 1.945718e+01 5.427000e+00
      vertex   -5.047929e+00 1.951781e+01 6.227000e+00
    endloop
  endfacet
  facet normal 7.660329e-01 -6.427779e-01 5.493751e-03
    outer loop
      vertex   -5.047929e+00 1.951781e+01 6.227000e+00
      vertex   -5.093067e+00 1.945718e+01 5.427000e+00
      vertex   -4.996057e+00 1.957279e+01 5.427000e+00
    endloop
  endfacet
  facet normal 6.862313e-01 -7.273627e-01 -5.493751e-03
    outer loop
      vertex   -5.047929e+00 1.951781e+01 6.227000e+00
      vertex   -4.996057e+00 1.957279e+01 5.427000e+00
      vertex   -4.938153e+00 1.962138e+01 6.227000e+00
    endloop
  endfacet
  facet normal 5.971496e-01 -8.021111e-01 5.493751e-03
    outer loop
      vertex   -4.938153e+00 1.962138e+01 6.227000e+00
      vertex   -4.996057e+00 1.957279e+01 5.427000e+00
      vertex   -4.875000e+00 1.966292e+01 5.427000e+00
    endloop
  endfacet
  facet normal 4.999925e-01 -8.660123e-01 -5.493751e-03
    outer loop
      vertex   -4.938153e+00 1.962138e+01 6.227000e+00
      vertex   -4.875000e+00 1.966292e+01 5.427000e+00
      vertex   -4.807452e+00 1.969684e+01 6.227000e+00
    endloop
  endfacet
  facet normal 3.960738e-01 -9.182023e-01 5.493751e-03
    outer loop
      vertex   -4.807452e+00 1.969684e+01 6.227000e+00
      vertex   -4.875000e+00 1.966292e+01 5.427000e+00
      vertex   -4.736422e+00 1.972269e+01 5.427000e+00
    endloop
  endfacet
  facet normal 2.867989e-01 -9.579751e-01 -5.493751e-03
    outer loop
      vertex   -4.807452e+00 1.969684e+01 6.227000e+00
      vertex   -4.736422e+00 1.972269e+01 5.427000e+00
      vertex   -4.662871e+00 1.974013e+01 6.227000e+00
    endloop
  endfacet
  facet normal 1.736456e-01 -9.847929e-01 5.493751e-03
    outer loop
      vertex   -4.662871e+00 1.974013e+01 6.227000e+00
      vertex   -4.736422e+00 1.972269e+01 5.427000e+00
      vertex   -4.587794e+00 1.974890e+01 5.427000e+00
    endloop
  endfacet
  facet normal 5.814395e-02 -9.982931e-01 -5.493751e-03
    outer loop
      vertex   -4.662871e+00 1.974013e+01 6.227000e+00
      vertex   -4.587794e+00 1.974890e+01 5.427000e+00
      vertex   -4.512206e+00 1.974890e+01 6.227000e+00
    endloop
  endfacet
  facet normal -5.814395e-02 -9.982931e-01 5.493751e-03
    outer loop
      vertex   -4.512206e+00 1.974890e+01 6.227000e+00
      vertex   -4.587794e+00 1.974890e+01 5.427000e+00
      vertex   -4.437129e+00 1.974013e+01 5.427000e+00
    endloop
  endfacet
  facet normal -1.736456e-01 -9.847929e-01 -5.493751e-03
    outer loop
      vertex   -4.512206e+00 1.974890e+01 6.227000e+00
      vertex   -4.437129e+00 1.974013e+01 5.427000e+00
      vertex   -4.363578e+00 1.972269e+01 6.227000e+00
    endloop
  endfacet
  facet normal -2.867989e-01 -9.579751e-01 5.493751e-03
    outer loop
      vertex   -4.363578e+00 1.972269e+01 6.227000e+00
      vertex   -4.437129e+00 1.974013e+01 5.427000e+00
      vertex   -4.292548e+00 1.969684e+01 5.427000e+00
    endloop
  endfacet
  facet normal -3.960738e-01 -9.182023e-01 -5.493751e-03
    outer loop
      vertex   -4.363578e+00 1.972269e+01 6.227000e+00
      vertex   -4.292548e+00 1.969684e+01 5.427000e+00
      vertex   -4.225000e+00 1.966292e+01 6.227000e+00
    endloop
  endfacet
  facet normal -4.999925e-01 -8.660123e-01 5.493751e-03
    outer loop
      vertex   -4.225000e+00 1.966292e+01 6.227000e+00
      vertex   -4.292548e+00 1.969684e+01 5.427000e+00
      vertex   -4.161847e+00 1.962138e+01 5.427000e+00
    endloop
  endfacet
  facet normal -5.971496e-01 -8.021111e-01 -5.493751e-03
    outer loop
      vertex   -4.225000e+00 1.966292e+01 6.227000e+00
      vertex   -4.161847e+00 1.962138e+01 5.427000e+00
      vertex   -4.103943e+00 1.957279e+01 6.227000e+00
    endloop
  endfacet
  facet normal -6.862313e-01 -7.273627e-01 5.493751e-03
    outer loop
      vertex   -4.103943e+00 1.957279e+01 6.227000e+00
      vertex   -4.161847e+00 1.962138e+01 5.427000e+00
      vertex   -4.052071e+00 1.951781e+01 5.427000e+00
    endloop
  endfacet
  facet normal -7.660329e-01 -6.427779e-01 -5.493751e-03
    outer loop
      vertex   -4.103943e+00 1.957279e+01 6.227000e+00
      vertex   -4.052071e+00 1.951781e+01 5.427000e+00
      vertex   -4.006933e+00 1.945718e+01 6.227000e+00
    endloop
  endfacet
  facet normal -8.354752e-01 -5.495007e-01 5.493751e-03
    outer loop
      vertex   -4.006933e+00 1.945718e+01 6.227000e+00
      vertex   -4.052071e+00 1.951781e+01 5.427000e+00
      vertex   -3.969139e+00 1.939172e+01 5.427000e+00
    endloop
  endfacet
  facet normal -8.936192e-01 -4.487924e-01 -5.493751e-03
    outer loop
      vertex   -4.006933e+00 1.945718e+01 6.227000e+00
      vertex   -3.969139e+00 1.939172e+01 5.427000e+00
      vertex   -3.939200e+00 1.932231e+01 6.227000e+00
    endloop
  endfacet
  facet normal -9.396784e-01 -3.420150e-01 5.493751e-03
    outer loop
      vertex   -3.939200e+00 1.932231e+01 6.227000e+00
      vertex   -3.969139e+00 1.939172e+01 5.427000e+00
      vertex   -3.917521e+00 1.924990e+01 5.427000e+00
    endloop
  endfacet
  facet normal -9.730302e-01 -2.306124e-01 -5.493751e-03
    outer loop
      vertex   -3.939200e+00 1.932231e+01 6.227000e+00
      vertex   -3.917521e+00 1.924990e+01 5.427000e+00
      vertex   -3.904395e+00 1.917546e+01 6.227000e+00
    endloop
  endfacet
  facet normal -9.932234e-01 -1.160912e-01 5.493751e-03
    outer loop
      vertex   -3.904395e+00 1.917546e+01 6.227000e+00
      vertex   -3.917521e+00 1.924990e+01 5.427000e+00
      vertex   -3.900000e+00 1.910000e+01 5.427000e+00
    endloop
  endfacet
  facet normal -9.999849e-01 -0.000000e+00 -5.493751e-03
    outer loop
      vertex   -3.904395e+00 1.917546e+01 6.227000e+00
      vertex   -3.900000e+00 1.910000e+01 5.427000e+00
      vertex   -3.904395e+00 1.902454e+01 6.227000e+00
    endloop
  endfacet
  facet normal -9.932234e-01 1.160912e-01 5.493751e-03
    outer loop
      vertex   -3.904395e+00 1.902454e+01 6.227000e+00
      vertex   -3.900000e+00 1.910000e+01 5.427000e+00
      vertex   -3.917521e+00 1.895010e+01 5.427000e+00
    endloop
  endfacet
  facet normal -9.730302e-01 2.306124e-01 -5.493751e-03
    outer loop
      vertex   -3.904395e+00 1.902454e+01 6.227000e+00
      vertex   -3.917521e+00 1.895010e+01 5.427000e+00
      vertex   -3.939200e+00 1.887769e+01 6.227000e+00
    endloop
  endfacet
  facet normal -9.396784e-01 3.420150e-01 5.493751e-03
    outer loop
      vertex   -3.939200e+00 1.887769e+01 6.227000e+00
      vertex   -3.917521e+00 1.895010e+01 5.427000e+00
      vertex   -3.969139e+00 1.880828e+01 5.427000e+00
    endloop
  endfacet
  facet normal -8.936192e-01 4.487924e-01 -5.493751e-03
    outer loop
      vertex   -3.939200e+00 1.887769e+01 6.227000e+00
      vertex   -3.969139e+00 1.880828e+01 5.427000e+00
      vertex   -4.006933e+00 1.874282e+01 6.227000e+00
    endloop
  endfacet
  facet normal -8.354752e-01 5.495007e-01 5.493751e-03
    outer loop
      vertex   -4.006933e+00 1.874282e+01 6.227000e+00
      vertex   -3.969139e+00 1.880828e+01 5.427000e+00
      vertex   -4.052071e+00 1.868219e+01 5.427000e+00
    endloop
  endfacet
  facet normal -7.660329e-01 6.427779e-01 -5.493751e-03
    outer loop
      vertex   -4.006933e+00 1.874282e+01 6.227000e+00
      vertex   -4.052071e+00 1.868219e+01 5.427000e+00
      vertex   -4.103943e+00 1.862721e+01 6.227000e+00
    endloop
  endfacet
  facet normal -6.862313e-01 7.273627e-01 5.493751e-03
    outer loop
      vertex   -4.103943e+00 1.862721e+01 6.227000e+00
      vertex   -4.052071e+00 1.868219e+01 5.427000e+00
      vertex   -4.161847e+00 1.857862e+01 5.427000e+00
    endloop
  endfacet
  facet normal -5.971496e-01 8.021111e-01 -5.493751e-03
    outer loop
      vertex   -4.103943e+00 1.862721e+01 6.227000e+00
      vertex   -4.161847e+00 1.857862e+01 5.427000e+00
      vertex   -4.225000e+00 1.853708e+01 6.227000e+00
    endloop
  endfacet
  facet normal -4.999925e-01 8.660123e-01 5.493751e-03
    outer loop
      vertex   -4.225000e+00 1.853708e+01 6.227000e+00
      vertex   -4.161847e+00 1.857862e+01 5.427000e+00
      vertex   -4.292548e+00 1.850316e+01 5.427000e+00
    endloop
  endfacet
  facet normal -3.960738e-01 9.182023e-01 -5.493751e-03
    outer loop
      vertex   -4.225000e+00 1.853708e+01 6.227000e+00
      vertex   -4.292548e+00 1.850316e+01 5.427000e+00
      vertex   -4.363578e+00 1.847731e+01 6.227000e+00
    endloop
  endfacet
  facet normal -2.867989e-01 9.579751e-01 5.493751e-03
    outer loop
      vertex   -4.363578e+00 1.847731e+01 6.227000e+00
      vertex   -4.292548e+00 1.850316e+01 5.427000e+00
      vertex   -4.437129e+00 1.845987e+01 5.427000e+00
    endloop
  endfacet
  facet normal -1.736456e-01 9.847929e-01 -5.493751e-03
    outer loop
      vertex   -4.363578e+00 1.847731e+01 6.227000e+00
      vertex   -4.437129e+00 1.845987e+01 5.427000e+00
      vertex   -4.512206e+00 1.845110e+01 6.227000e+00
    endloop
  endfacet
  facet normal -5.814395e-02 9.982931e-01 5.493751e-03
    outer loop
      vertex   -4.512206e+00 1.845110e+01 6.227000e+00
      vertex   -4.437129e+00 1.845987e+01 5.427000e+00
      vertex   -4.587794e+00 1.845110e+01 5.427000e+00
    endloop
  endfacet
  facet normal 5.814395e-02 9.982931e-01 -5.493751e-03
    outer loop
      vertex   -4.512206e+00 1.845110e+01 6.227000e+00
      vertex   -4.587794e+00 1.845110e+01 5.427000e+00
      vertex   -4.662871e+00 1.845987e+01 6.227000e+00
    endloop
  endfacet
  facet normal 1.736456e-01 9.847929e-01 5.493751e-03
    outer loop
      vertex   -4.662871e+00 1.845987e+01 6.227000e+00
      vertex   -4.587794e+00 1.845110e+01 5.427000e+00
      vertex   -4.736422e+00 1.847731e+01 5.427000e+00
    endloop
  endfacet
  facet normal 2.867989e-01 9.579751e-01 -5.493751e-03
    outer loop
      vertex   -4.662871e+00 1.845987e+01 6.227000e+00
      vertex   -4.736422e+00 1.847731e+01 5.427000e+00
      vertex   -4.807452e+00 1.850316e+01 6.227000e+00
    endloop
  endfacet
  facet normal 3.960738e-01 9.182023e-01 5.493751e-03
    outer loop
      vertex   -4.807452e+00 1.850316e+01 6.227000e+00
      vertex   -4.736422e+00 1.847731e+01 5.427000e+00
      vertex   -4.875000e+00 1.853708e+01 5.427000e+00
    endloop
  endfacet
  facet normal 4.999925e-01 8.660123e-01 -5.493751e-03
    outer loop
      vertex   -4.807452e+00 1.850316e+01 6.227000e+00
      vertex   -4.875000e+00 1.853708e+01 5.427000e+00
      vertex   -4.938153e+00 1.857862e+01 6.227000e+00
    endloop
  endfacet
  facet normal 5.971496e-01 8.021111e-01 5.493751e-03
    outer loop
      vertex   -4.938153e+00 1.857862e+01 6.227000e+00
      vertex   -4.875000e+00 1.853708e+01 5.427000e+00
      vertex   -4.996057e+00 1.862721e+01 5.427000e+00
    endloop
  endfacet
  facet normal 6.862313e-01 7.273627e-01 -5.493751e-03
    outer loop
      vertex   -4.938153e+00 1.857862e+01 6.227000e+00
      vertex   -4.996057e+00 1.862721e+01 5.427000e+00
      vertex   -5.047929e+00 1.868219e+01 6.227000e+00
    endloop
  endfacet
  facet normal 7.660329e-01 6.427779e-01 5.493751e-03
    outer loop
      vertex   -5.047929e+00 1.868219e+01 6.227000e+00
      vertex   -4.996057e+00 1.862721e+01 5.427000e+00
      vertex   -5.093067e+00 1.874282e+01 5.427000e+00
    endloop
  endfacet
  facet normal 8.354752e-01 5.495007e-01 -5.493751e-03
    outer loop
      vertex   -5.047929e+00 1.868219e+01 6.227000e+00
      vertex   -5.093067e+00 1.874282e+01 5.427000e+00
      vertex   -5.130861e+00 1.880828e+01 6.227000e+00
    endloop
  endfacet
  facet normal 8.936192e-01 4.487924e-01 5.493751e-03
    outer loop
      vertex   -5.130861e+00 1.880828e+01 6.227000e+00
      vertex   -5.093067e+00 1.874282e+01 5.427000e+00
      vertex   -5.160800e+00 1.887769e+01 5.427000e+00
    endloop
  endfacet
  facet normal 9.396784e-01 3.420150e-01 -5.493751e-03
    outer loop
      vertex   -5.130861e+00 1.880828e+01 6.227000e+00
      vertex   -5.160800e+00 1.887769e+01 5.427000e+00
      vertex   -5.182479e+00 1.895010e+01 6.227000e+00
    endloop
  endfacet
  facet normal 9.730302e-01 2.306124e-01 5.493751e-03
    outer loop
      vertex   -5.182479e+00 1.895010e+01 6.227000e+00
      vertex   -5.160800e+00 1.887769e+01 5.427000e+00
      vertex   -5.195605e+00 1.902454e+01 5.427000e+00
    endloop
  endfacet
  facet normal -9.932384e-01 1.160929e-01 0.000000e+00
    outer loop
      vertex   -3.917521e+00 1.895010e+01 1.275639e-01
      vertex   -3.917521e+00 1.895010e+01 1.427000e+00
      vertex   -3.900000e+00 1.910000e+01 1.275682e-01
    endloop
  endfacet
  facet normal -9.932384e-01 1.160929e-01 0.000000e+00
    outer loop
      vertex   -3.900000e+00 1.910000e+01 1.275682e-01
      vertex   -3.917521e+00 1.895010e+01 1.427000e+00
      vertex   -3.900000e+00 1.910000e+01 1.427000e+00
    endloop
  endfacet
  facet normal -9.932384e-01 -1.160929e-01 0.000000e+00
    outer loop
      vertex   -3.900000e+00 1.910000e+01 1.275682e-01
      vertex   -3.900000e+00 1.910000e+01 1.427000e+00
      vertex   -3.917521e+00 1.924990e+01 1.427000e+00
    endloop
  endfacet
  facet normal -9.396926e-01 3.420201e-01 0.000000e+00
    outer loop
      vertex   -3.917521e+00 1.895010e+01 1.427000e+00
      vertex   -3.917521e+00 1.895010e+01 1.275639e-01
      vertex   -3.969139e+00 1.880828e+01 1.427000e+00
    endloop
  endfacet
  facet normal -9.396926e-01 3.420201e-01 0.000000e+00
    outer loop
      vertex   -3.969139e+00 1.880828e+01 1.427000e+00
      vertex   -3.917521e+00 1.895010e+01 1.275639e-01
      vertex   -3.969139e+00 1.880828e+01 1.275512e-01
    endloop
  endfacet
  facet normal -8.354878e-01 5.495090e-01 0.000000e+00
    outer loop
      vertex   -3.969139e+00 1.880828e+01 1.427000e+00
      vertex   -3.969139e+00 1.880828e+01 1.275512e-01
      vertex   -4.052071e+00 1.868219e+01 1.427000e+00
    endloop
  endfacet
  facet normal -8.354878e-01 5.495090e-01 0.000000e+00
    outer loop
      vertex   -4.052071e+00 1.868219e+01 1.427000e+00
      vertex   -3.969139e+00 1.880828e+01 1.275512e-01
      vertex   -4.052071e+00 1.868219e+01 1.275307e-01
    endloop
  endfacet
  facet normal -6.862416e-01 7.273736e-01 0.000000e+00
    outer loop
      vertex   -4.052071e+00 1.868219e+01 1.427000e+00
      vertex   -4.052071e+00 1.868219e+01 1.275307e-01
      vertex   -4.161847e+00 1.857862e+01 1.427000e+00
    endloop
  endfacet
  facet normal -6.862416e-01 7.273736e-01 0.000000e+00
    outer loop
      vertex   -4.161847e+00 1.857862e+01 1.427000e+00
      vertex   -4.052071e+00 1.868219e+01 1.275307e-01
      vertex   -4.161847e+00 1.857862e+01 1.275035e-01
    endloop
  endfacet
  facet normal -5.000000e-01 8.660254e-01 0.000000e+00
    outer loop
      vertex   -4.161847e+00 1.857862e+01 1.427000e+00
      vertex   -4.161847e+00 1.857862e+01 1.275035e-01
      vertex   -4.292548e+00 1.850316e+01 1.427000e+00
    endloop
  endfacet
  facet normal -5.000000e-01 8.660254e-01 0.000000e+00
    outer loop
      vertex   -4.292548e+00 1.850316e+01 1.427000e+00
      vertex   -4.161847e+00 1.857862e+01 1.275035e-01
      vertex   -4.292548e+00 1.850316e+01 1.274712e-01
    endloop
  endfacet
  facet normal -2.868032e-01 9.579895e-01 0.000000e+00
    outer loop
      vertex   -4.292548e+00 1.850316e+01 1.427000e+00
      vertex   -4.292548e+00 1.850316e+01 1.274712e-01
      vertex   -4.437129e+00 1.845987e+01 1.427000e+00
    endloop
  endfacet
  facet normal -2.868032e-01 9.579895e-01 0.000000e+00
    outer loop
      vertex   -4.437129e+00 1.845987e+01 1.427000e+00
      vertex   -4.292548e+00 1.850316e+01 1.274712e-01
      vertex   -4.437129e+00 1.845987e+01 1.274355e-01
    endloop
  endfacet
  facet normal -5.814483e-02 9.983082e-01 0.000000e+00
    outer loop
      vertex   -4.437129e+00 1.845987e+01 1.427000e+00
      vertex   -4.437129e+00 1.845987e+01 1.274355e-01
      vertex   -4.587794e+00 1.845110e+01 1.427000e+00
    endloop
  endfacet
  facet normal -5.814483e-02 9.983082e-01 3.973754e-17
    outer loop
      vertex   -4.587794e+00 1.845110e+01 1.427000e+00
      vertex   -4.437129e+00 1.845987e+01 1.274355e-01
      vertex   -4.587794e+00 1.845110e+01 1.273982e-01
    endloop
  endfacet
  facet normal 1.736482e-01 9.848078e-01 -1.186752e-16
    outer loop
      vertex   -4.587794e+00 1.845110e+01 1.427000e+00
      vertex   -4.587794e+00 1.845110e+01 1.273982e-01
      vertex   -4.736422e+00 1.847731e+01 1.427000e+00
    endloop
  endfacet
  facet normal 1.736482e-01 9.848078e-01 0.000000e+00
    outer loop
      vertex   -4.736422e+00 1.847731e+01 1.427000e+00
      vertex   -4.587794e+00 1.845110e+01 1.273982e-01
      vertex   -4.736422e+00 1.847731e+01 1.273615e-01
    endloop
  endfacet
  facet normal 3.960798e-01 9.182161e-01 0.000000e+00
    outer loop
      vertex   -4.736422e+00 1.847731e+01 1.427000e+00
      vertex   -4.736422e+00 1.847731e+01 1.273615e-01
      vertex   -4.875000e+00 1.853708e+01 1.427000e+00
    endloop
  endfacet
  facet normal 3.960798e-01 9.182161e-01 0.000000e+00
    outer loop
      vertex   -4.875000e+00 1.853708e+01 1.427000e+00
      vertex   -4.736422e+00 1.847731e+01 1.273615e-01
      vertex   -4.875000e+00 1.853708e+01 1.273272e-01
    endloop
  endfacet
  facet normal 5.971586e-01 8.021232e-01 0.000000e+00
    outer loop
      vertex   -4.875000e+00 1.853708e+01 1.427000e+00
      vertex   -4.875000e+00 1.853708e+01 1.273272e-01
      vertex   -4.996057e+00 1.862721e+01 1.427000e+00
    endloop
  endfacet
  facet normal 5.971586e-01 8.021232e-01 0.000000e+00
    outer loop
      vertex   -4.996057e+00 1.862721e+01 1.427000e+00
      vertex   -4.875000e+00 1.853708e+01 1.273272e-01
      vertex   -4.996057e+00 1.862721e+01 1.272973e-01
    endloop
  endfacet
  facet normal 7.660444e-01 6.427876e-01 0.000000e+00
    outer loop
      vertex   -4.996057e+00 1.862721e+01 1.427000e+00
      vertex   -4.996057e+00 1.862721e+01 1.272973e-01
      vertex   -5.093067e+00 1.874282e+01 1.427000e+00
    endloop
  endfacet
  facet normal 7.660444e-01 6.427876e-01 0.000000e+00
    outer loop
      vertex   -5.093067e+00 1.874282e+01 1.427000e+00
      vertex   -4.996057e+00 1.862721e+01 1.272973e-01
      vertex   -5.093067e+00 1.874282e+01 1.272733e-01
    endloop
  endfacet
  facet normal 8.936326e-01 4.487992e-01 0.000000e+00
    outer loop
      vertex   -5.093067e+00 1.874282e+01 1.427000e+00
      vertex   -5.093067e+00 1.874282e+01 1.272733e-01
      vertex   -5.160800e+00 1.887769e+01 1.427000e+00
    endloop
  endfacet
  facet normal 8.936326e-01 4.487992e-01 0.000000e+00
    outer loop
      vertex   -5.160800e+00 1.887769e+01 1.427000e+00
      vertex   -5.093067e+00 1.874282e+01 1.272733e-01
      vertex   -5.160800e+00 1.887769e+01 1.272566e-01
    endloop
  endfacet
  facet normal 9.730449e-01 2.306159e-01 0.000000e+00
    outer loop
      vertex   -5.160800e+00 1.887769e+01 1.427000e+00
      vertex   -5.160800e+00 1.887769e+01 1.272566e-01
      vertex   -5.195605e+00 1.902454e+01 1.427000e+00
    endloop
  endfacet
  facet normal 9.730449e-01 2.306159e-01 0.000000e+00
    outer loop
      vertex   -5.195605e+00 1.902454e+01 1.427000e+00
      vertex   -5.160800e+00 1.887769e+01 1.272566e-01
      vertex   -5.195605e+00 1.902454e+01 1.272480e-01
    endloop
  endfacet
  facet normal 1.000000e+00 -0.000000e+00 0.000000e+00
    outer loop
      vertex   -5.195605e+00 1.902454e+01 1.427000e+00
      vertex   -5.195605e+00 1.902454e+01 1.272480e-01
      vertex   -5.195605e+00 1.917546e+01 1.427000e+00
    endloop
  endfacet
  facet normal 1.000000e+00 0.000000e+00 0.000000e+00
    outer loop
      vertex   -5.195605e+00 1.917546e+01 1.427000e+00
      vertex   -5.195605e+00 1.902454e+01 1.272480e-01
      vertex   -5.195605e+00 1.917546e+01 1.272480e-01
    endloop
  endfacet
  facet normal 9.730449e-01 -2.306159e-01 0.000000e+00
    outer loop
      vertex   -5.195605e+00 1.917546e+01 1.427000e+00
      vertex   -5.195605e+00 1.917546e+01 1.272480e-01
      vertex   -5.160800e+00 1.932231e+01 1.272566e-01
    endloop
  endfacet
  facet normal 9.730449e-01 -2.306159e-01 0.000000e+00
    outer loop
      vertex   -5.195605e+00 1.917546e+01 1.427000e+00
      vertex   -5.160800e+00 1.932231e+01 1.272566e-01
      vertex   -5.160800e+00 1.932231e+01 1.427000e+00
    endloop
  endfacet
  facet normal 8.936326e-01 -4.487992e-01 0.000000e+00
    outer loop
      vertex   -5.160800e+00 1.932231e+01 1.427000e+00
      vertex   -5.160800e+00 1.932231e+01 1.272566e-01
      vertex   -5.093067e+00 1.945718e+01 1.272733e-01
    endloop
  endfacet
  facet normal 8.936326e-01 -4.487992e-01 0.000000e+00
    outer loop
      vertex   -5.160800e+00 1.932231e+01 1.427000e+00
      vertex   -5.093067e+00 1.945718e+01 1.272733e-01
      vertex   -5.093067e+00 1.945718e+01 1.427000e+00
    endloop
  endfacet
  facet normal 7.660444e-01 -6.427876e-01 0.000000e+00
    outer loop
      vertex   -5.093067e+00 1.945718e+01 1.427000e+00
      vertex   -5.093067e+00 1.945718e+01 1.272733e-01
      vertex   -4.996057e+00 1.957279e+01 1.272973e-01
    endloop
  endfacet
  facet normal 7.660444e-01 -6.427876e-01 0.000000e+00
    outer loop
      vertex   -5.093067e+00 1.945718e+01 1.427000e+00
      vertex   -4.996057e+00 1.957279e+01 1.272973e-01
      vertex   -4.996057e+00 1.957279e+01 1.427000e+00
    endloop
  endfacet
  facet normal 5.971586e-01 -8.021232e-01 0.000000e+00
    outer loop
      vertex   -4.996057e+00 1.957279e+01 1.427000e+00
      vertex   -4.996057e+00 1.957279e+01 1.272973e-01
      vertex   -4.875000e+00 1.966292e+01 1.273272e-01
    endloop
  endfacet
  facet normal 5.971586e-01 -8.021232e-01 0.000000e+00
    outer loop
      vertex   -4.996057e+00 1.957279e+01 1.427000e+00
      vertex   -4.875000e+00 1.966292e+01 1.273272e-01
      vertex   -4.875000e+00 1.966292e+01 1.427000e+00
    endloop
  endfacet
  facet normal 3.960798e-01 -9.182161e-01 0.000000e+00
    outer loop
      vertex   -4.875000e+00 1.966292e+01 1.427000e+00
      vertex   -4.875000e+00 1.966292e+01 1.273272e-01
      vertex   -4.736422e+00 1.972269e+01 1.273615e-01
    endloop
  endfacet
  facet normal 3.960798e-01 -9.182161e-01 0.000000e+00
    outer loop
      vertex   -4.875000e+00 1.966292e+01 1.427000e+00
      vertex   -4.736422e+00 1.972269e+01 1.273615e-01
      vertex   -4.736422e+00 1.972269e+01 1.427000e+00
    endloop
  endfacet
  facet normal 1.736482e-01 -9.848078e-01 0.000000e+00
    outer loop
      vertex   -4.736422e+00 1.972269e+01 1.427000e+00
      vertex   -4.736422e+00 1.972269e+01 1.273615e-01
      vertex   -4.587794e+00 1.974890e+01 1.273982e-01
    endloop
  endfacet
  facet normal 1.736482e-01 -9.848078e-01 1.194001e-16
    outer loop
      vertex   -4.736422e+00 1.972269e+01 1.427000e+00
      vertex   -4.587794e+00 1.974890e+01 1.273982e-01
      vertex   -4.587794e+00 1.974890e+01 1.427000e+00
    endloop
  endfacet
  facet normal -5.814483e-02 -9.983082e-01 -3.973754e-17
    outer loop
      vertex   -4.587794e+00 1.974890e+01 1.427000e+00
      vertex   -4.587794e+00 1.974890e+01 1.273982e-01
      vertex   -4.437129e+00 1.974013e+01 1.274355e-01
    endloop
  endfacet
  facet normal -5.814483e-02 -9.983082e-01 0.000000e+00
    outer loop
      vertex   -4.587794e+00 1.974890e+01 1.427000e+00
      vertex   -4.437129e+00 1.974013e+01 1.274355e-01
      vertex   -4.437129e+00 1.974013e+01 1.427000e+00
    endloop
  endfacet
  facet normal -2.868032e-01 -9.579895e-01 -0.000000e+00
    outer loop
      vertex   -4.437129e+00 1.974013e+01 1.427000e+00
      vertex   -4.437129e+00 1.974013e+01 1.274355e-01
      vertex   -4.292548e+00 1.969684e+01 1.274712e-01
    endloop
  endfacet
  facet normal -2.868032e-01 -9.579895e-01 0.000000e+00
    outer loop
      vertex   -4.437129e+00 1.974013e+01 1.427000e+00
      vertex   -4.292548e+00 1.969684e+01 1.274712e-01
      vertex   -4.292548e+00 1.969684e+01 1.427000e+00
    endloop
  endfacet
  facet normal -5.000000e-01 -8.660254e-01 -0.000000e+00
    outer loop
      vertex   -4.292548e+00 1.969684e+01 1.427000e+00
      vertex   -4.292548e+00 1.969684e+01 1.274712e-01
      vertex   -4.161847e+00 1.962138e+01 1.275035e-01
    endloop
  endfacet
  facet normal -5.000000e-01 -8.660254e-01 0.000000e+00
    outer loop
      vertex   -4.292548e+00 1.969684e+01 1.427000e+00
      vertex   -4.161847e+00 1.962138e+01 1.275035e-01
      vertex   -4.161847e+00 1.962138e+01 1.427000e+00
    endloop
  endfacet
  facet normal -6.862416e-01 -7.273736e-01 -0.000000e+00
    outer loop
      vertex   -4.161847e+00 1.962138e+01 1.427000e+00
      vertex   -4.161847e+00 1.962138e+01 1.275035e-01
      vertex   -4.052071e+00 1.951781e+01 1.275307e-01
    endloop
  endfacet
  facet normal -6.862416e-01 -7.273736e-01 0.000000e+00
    outer loop
      vertex   -4.161847e+00 1.962138e+01 1.427000e+00
      vertex   -4.052071e+00 1.951781e+01 1.275307e-01
      vertex   -4.052071e+00 1.951781e+01 1.427000e+00
    endloop
  endfacet
  facet normal -8.354878e-01 -5.495090e-01 -0.000000e+00
    outer loop
      vertex   -4.052071e+00 1.951781e+01 1.427000e+00
      vertex   -4.052071e+00 1.951781e+01 1.275307e-01
      vertex   -3.969139e+00 1.939172e+01 1.275512e-01
    endloop
  endfacet
  facet normal -8.354878e-01 -5.495090e-01 0.000000e+00
    outer loop
      vertex   -4.052071e+00 1.951781e+01 1.427000e+00
      vertex   -3.969139e+00 1.939172e+01 1.275512e-01
      vertex   -3.969139e+00 1.939172e+01 1.427000e+00
    endloop
  endfacet
  facet normal -9.396926e-01 -3.420201e-01 -0.000000e+00
    outer loop
      vertex   -3.969139e+00 1.939172e+01 1.427000e+00
      vertex   -3.969139e+00 1.939172e+01 1.275512e-01
      vertex   -3.917521e+00 1.924990e+01 1.275639e-01
    endloop
  endfacet
  facet normal -9.396926e-01 -3.420201e-01 0.000000e+00
    outer loop
      vertex   -3.969139e+00 1.939172e+01 1.427000e+00
      vertex   -3.917521e+00 1.924990e+01 1.275639e-01
      vertex   -3.917521e+00 1.924990e+01 1.427000e+00
    endloop
  endfacet
  facet normal -9.932384e-01 -1.160929e-01 -0.000000e+00
    outer loop
      vertex   -3.917521e+00 1.924990e+01 1.427000e+00
      vertex   -3.917521e+00 1.924990e+01 1.275639e-01
      vertex   -3.900000e+00 1.910000e+01 1.275682e-01
    endloop
  endfacet
  facet normal -9.443556e-17 -1.562086e-15 1.000000e+00
    outer loop
      vertex   -3.450000e+00 1.973509e+01 6.927000e+00
      vertex   -3.136729e+00 2.028473e+01 6.927000e+00
      vertex   -4.550000e+00 2.037017e+01 6.927000e+00
    endloop
  endfacet
  facet normal -0.000000e+00 0.000000e+00 1.000000e+00
    outer loop
      vertex   -4.550000e+00 2.037017e+01 6.927000e+00
      vertex   -3.136729e+00 2.028473e+01 6.927000e+00
      vertex   -3.264117e+00 2.043388e+01 6.927000e+00
    endloop
  endfacet
  facet normal 0.000000e+00 0.000000e+00 1.000000e+00
    outer loop
      vertex   -4.550000e+00 2.037017e+01 6.927000e+00
      vertex   -3.264117e+00 2.043388e+01 6.927000e+00
      vertex   -3.413268e+00 2.056127e+01 6.927000e+00
    endloop
  endfacet
  facet normal 3.218038e-15 -6.750727e-30 1.000000e+00
    outer loop
      vertex   -3.450000e+00 1.846491e+01 6.927000e+00
      vertex   -2.898000e+00 1.955000e+01 6.927000e+00
      vertex   -3.450000e+00 1.973509e+01 6.927000e+00
    endloop
  endfacet
  facet normal -1.387478e-15 -1.373553e-14 1.000000e+00
    outer loop
      vertex   -3.450000e+00 1.973509e+01 6.927000e+00
      vertex   -2.898000e+00 1.955000e+01 6.927000e+00
      vertex   -2.913390e+00 1.974554e+01 6.927000e+00
    endloop
  endfacet
  facet normal -1.647456e-15 -3.955192e-16 1.000000e+00
    outer loop
      vertex   -3.450000e+00 1.973509e+01 6.927000e+00
      vertex   -2.913390e+00 1.974554e+01 6.927000e+00
      vertex   -2.959179e+00 1.993627e+01 6.927000e+00
    endloop
  endfacet
  facet normal -4.114772e-16 2.111218e-15 1.000000e+00
    outer loop
      vertex   -4.550000e+00 1.782983e+01 6.927000e+00
      vertex   -2.836821e+00 1.816373e+01 6.927000e+00
      vertex   -3.450000e+00 1.846491e+01 6.927000e+00
    endloop
  endfacet
  facet normal -1.642126e-15 -3.942396e-16 1.000000e+00
    outer loop
      vertex   -3.450000e+00 1.846491e+01 6.927000e+00
      vertex   -2.836821e+00 1.816373e+01 6.927000e+00
      vertex   -2.882610e+00 1.835446e+01 6.927000e+00
    endloop
  endfacet
  facet normal 1.104278e-15 1.371324e-14 1.000000e+00
    outer loop
      vertex   -3.450000e+00 1.846491e+01 6.927000e+00
      vertex   -2.882610e+00 1.835446e+01 6.927000e+00
      vertex   -2.898000e+00 1.855000e+01 6.927000e+00
    endloop
  endfacet
  facet normal -7.854087e-16 -1.360368e-15 1.000000e+00
    outer loop
      vertex   -5.650000e+00 1.846491e+01 6.927000e+00
      vertex   -6.259179e+00 1.816373e+01 6.927000e+00
      vertex   -4.550000e+00 1.782983e+01 6.927000e+00
    endloop
  endfacet
  facet normal -4.807500e-16 1.991332e-16 1.000000e+00
    outer loop
      vertex   -4.550000e+00 1.782983e+01 6.927000e+00
      vertex   -6.259179e+00 1.816373e+01 6.927000e+00
      vertex   -6.334242e+00 1.798251e+01 6.927000e+00
    endloop
  endfacet
  facet normal -4.729874e-16 2.898470e-16 1.000000e+00
    outer loop
      vertex   -4.550000e+00 1.782983e+01 6.927000e+00
      vertex   -6.334242e+00 1.798251e+01 6.927000e+00
      vertex   -6.436729e+00 1.781527e+01 6.927000e+00
    endloop
  endfacet
  facet normal 0.000000e+00 0.000000e+00 1.000000e+00
    outer loop
      vertex   -5.650000e+00 1.973509e+01 6.927000e+00
      vertex   -6.198000e+00 1.955000e+01 6.927000e+00
      vertex   -5.650000e+00 1.846491e+01 6.927000e+00
    endloop
  endfacet
  facet normal 0.000000e+00 0.000000e+00 1.000000e+00
    outer loop
      vertex   -5.650000e+00 1.846491e+01 6.927000e+00
      vertex   -6.198000e+00 1.955000e+01 6.927000e+00
      vertex   -6.198000e+00 1.855000e+01 6.927000e+00
    endloop
  endfacet
  facet normal -6.967179e-16 -4.487278e-15 1.000000e+00
    outer loop
      vertex   -5.650000e+00 1.846491e+01 6.927000e+00
      vertex   -6.198000e+00 1.855000e+01 6.927000e+00
      vertex   -6.213390e+00 1.835446e+01 6.927000e+00
    endloop
  endfacet
  facet normal 7.041845e-16 -1.219683e-15 1.000000e+00
    outer loop
      vertex   -4.550000e+00 2.037017e+01 6.927000e+00
      vertex   -5.959271e+00 2.028473e+01 6.927000e+00
      vertex   -5.650000e+00 1.973509e+01 6.927000e+00
    endloop
  endfacet
  facet normal 1.374687e-15 -8.424094e-16 1.000000e+00
    outer loop
      vertex   -5.650000e+00 1.973509e+01 6.927000e+00
      vertex   -5.959271e+00 2.028473e+01 6.927000e+00
      vertex   -6.061758e+00 2.011749e+01 6.927000e+00
    endloop
  endfacet
  facet normal 1.557785e-15 -6.452558e-16 1.000000e+00
    outer loop
      vertex   -5.650000e+00 1.973509e+01 6.927000e+00
      vertex   -6.061758e+00 2.011749e+01 6.927000e+00
      vertex   -6.136821e+00 1.993627e+01 6.927000e+00
    endloop
  endfacet
  facet normal 0.000000e+00 2.066351e-15 1.000000e+00
    outer loop
      vertex   -4.148000e+00 2.080000e+01 6.927000e+00
      vertex   -4.948000e+00 2.080000e+01 6.927000e+00
      vertex   -4.550000e+00 2.037017e+01 6.927000e+00
    endloop
  endfacet
  facet normal 8.315608e-15 9.766177e-15 1.000000e+00
    outer loop
      vertex   -4.550000e+00 2.037017e+01 6.927000e+00
      vertex   -4.948000e+00 2.080000e+01 6.927000e+00
      vertex   -5.143543e+00 2.078461e+01 6.927000e+00
    endloop
  endfacet
  facet normal 3.828670e-16 -1.594756e-15 1.000000e+00
    outer loop
      vertex   -4.550000e+00 2.037017e+01 6.927000e+00
      vertex   -5.143543e+00 2.078461e+01 6.927000e+00
      vertex   -5.334271e+00 2.073882e+01 6.927000e+00
    endloop
  endfacet
  facet normal 5.304866e-16 -1.280708e-15 1.000000e+00
    outer loop
      vertex   -5.334271e+00 2.073882e+01 6.927000e+00
      vertex   -5.515488e+00 2.066376e+01 6.927000e+00
      vertex   -4.550000e+00 2.037017e+01 6.927000e+00
    endloop
  endfacet
  facet normal 6.148353e-16 -1.003320e-15 1.000000e+00
    outer loop
      vertex   -4.550000e+00 2.037017e+01 6.927000e+00
      vertex   -5.515488e+00 2.066376e+01 6.927000e+00
      vertex   -5.682732e+00 2.056127e+01 6.927000e+00
    endloop
  endfacet
  facet normal 6.547662e-16 -7.666328e-16 1.000000e+00
    outer loop
      vertex   -4.550000e+00 2.037017e+01 6.927000e+00
      vertex   -5.682732e+00 2.056127e+01 6.927000e+00
      vertex   -5.831883e+00 2.043388e+01 6.927000e+00
    endloop
  endfacet
  facet normal 6.646552e-16 -5.676692e-16 1.000000e+00
    outer loop
      vertex   -5.831883e+00 2.043388e+01 6.927000e+00
      vertex   -5.959271e+00 2.028473e+01 6.927000e+00
      vertex   -4.550000e+00 2.037017e+01 6.927000e+00
    endloop
  endfacet
  facet normal 1.659771e-15 -3.984757e-16 1.000000e+00
    outer loop
      vertex   -6.136821e+00 1.993627e+01 6.927000e+00
      vertex   -6.182610e+00 1.974554e+01 6.927000e+00
      vertex   -5.650000e+00 1.973509e+01 6.927000e+00
    endloop
  endfacet
  facet normal 1.575975e-15 -4.666143e-15 1.000000e+00
    outer loop
      vertex   -5.650000e+00 1.973509e+01 6.927000e+00
      vertex   -6.182610e+00 1.974554e+01 6.927000e+00
      vertex   -6.198000e+00 1.955000e+01 6.927000e+00
    endloop
  endfacet
  facet normal -1.654361e-15 3.971769e-16 1.000000e+00
    outer loop
      vertex   -6.213390e+00 1.835446e+01 6.927000e+00
      vertex   -6.259179e+00 1.816373e+01 6.927000e+00
      vertex   -5.650000e+00 1.846491e+01 6.927000e+00
    endloop
  endfacet
  facet normal -4.738740e-16 4.047266e-16 1.000000e+00
    outer loop
      vertex   -6.436729e+00 1.781527e+01 6.927000e+00
      vertex   -6.564117e+00 1.766612e+01 6.927000e+00
      vertex   -4.550000e+00 1.782983e+01 6.927000e+00
    endloop
  endfacet
  facet normal -4.873585e-16 5.706235e-16 1.000000e+00
    outer loop
      vertex   -4.550000e+00 1.782983e+01 6.927000e+00
      vertex   -6.564117e+00 1.766612e+01 6.927000e+00
      vertex   -6.713268e+00 1.753873e+01 6.927000e+00
    endloop
  endfacet
  facet normal -5.260987e-16 8.585150e-16 1.000000e+00
    outer loop
      vertex   -4.550000e+00 1.782983e+01 6.927000e+00
      vertex   -6.713268e+00 1.753873e+01 6.927000e+00
      vertex   -6.880512e+00 1.743624e+01 6.927000e+00
    endloop
  endfacet
  facet normal -6.434642e-16 1.553460e-15 1.000000e+00
    outer loop
      vertex   -6.880512e+00 1.743624e+01 6.927000e+00
      vertex   -7.061729e+00 1.736118e+01 6.927000e+00
      vertex   -4.550000e+00 1.782983e+01 6.927000e+00
    endloop
  endfacet
  facet normal -1.766655e-16 -9.483463e-16 1.000000e+00
    outer loop
      vertex   -4.550000e+00 1.782983e+01 6.927000e+00
      vertex   -7.061729e+00 1.736118e+01 6.927000e+00
      vertex   -2.034271e+00 1.736118e+01 6.927000e+00
    endloop
  endfacet
  facet normal 0.000000e+00 0.000000e+00 1.000000e+00
    outer loop
      vertex   -4.550000e+00 1.782983e+01 6.927000e+00
      vertex   -2.034271e+00 1.736118e+01 6.927000e+00
      vertex   -2.215488e+00 1.743624e+01 6.927000e+00
    endloop
  endfacet
  facet normal -1.766655e-16 -7.358649e-16 1.000000e+00
    outer loop
      vertex   -2.034271e+00 1.736118e+01 6.927000e+00
      vertex   -7.061729e+00 1.736118e+01 6.927000e+00
      vertex   -1.843543e+00 1.731539e+01 6.927000e+00
    endloop
  endfacet
  facet normal -1.642064e-16 6.839690e-16 1.000000e+00
    outer loop
      vertex   -1.843543e+00 1.731539e+01 6.927000e+00
      vertex   -7.061729e+00 1.736118e+01 6.927000e+00
      vertex   -7.252457e+00 1.731539e+01 6.927000e+00
    endloop
  endfacet
  facet normal -1.642064e-16 -2.329384e-13 1.000000e+00
    outer loop
      vertex   -1.843543e+00 1.731539e+01 6.927000e+00
      vertex   -7.252457e+00 1.731539e+01 6.927000e+00
      vertex   -1.648000e+00 1.730000e+01 6.927000e+00
    endloop
  endfacet
  facet normal 7.656711e-16 1.056972e-13 1.000000e+00
    outer loop
      vertex   -1.648000e+00 1.730000e+01 6.927000e+00
      vertex   -7.252457e+00 1.731539e+01 6.927000e+00
      vertex   -7.448000e+00 1.730000e+01 6.927000e+00
    endloop
  endfacet
  facet normal 0.000000e+00 0.000000e+00 1.000000e+00
    outer loop
      vertex   -2.215488e+00 1.743624e+01 6.927000e+00
      vertex   -2.382732e+00 1.753873e+01 6.927000e+00
      vertex   -4.550000e+00 1.782983e+01 6.927000e+00
    endloop
  endfacet
  facet normal 0.000000e+00 0.000000e+00 1.000000e+00
    outer loop
      vertex   -4.550000e+00 1.782983e+01 6.927000e+00
      vertex   -2.382732e+00 1.753873e+01 6.927000e+00
      vertex   -2.531883e+00 1.766612e+01 6.927000e+00
    endloop
  endfacet
  facet normal 0.000000e+00 0.000000e+00 1.000000e+00
    outer loop
      vertex   -4.550000e+00 1.782983e+01 6.927000e+00
      vertex   -2.531883e+00 1.766612e+01 6.927000e+00
      vertex   -2.659271e+00 1.781527e+01 6.927000e+00
    endloop
  endfacet
  facet normal 0.000000e+00 0.000000e+00 1.000000e+00
    outer loop
      vertex   -2.659271e+00 1.781527e+01 6.927000e+00
      vertex   -2.761758e+00 1.798251e+01 6.927000e+00
      vertex   -4.550000e+00 1.782983e+01 6.927000e+00
    endloop
  endfacet
  facet normal 0.000000e+00 0.000000e+00 1.000000e+00
    outer loop
      vertex   -4.550000e+00 1.782983e+01 6.927000e+00
      vertex   -2.761758e+00 1.798251e+01 6.927000e+00
      vertex   -2.836821e+00 1.816373e+01 6.927000e+00
    endloop
  endfacet
  facet normal 3.218038e-15 -0.000000e+00 1.000000e+00
    outer loop
      vertex   -2.898000e+00 1.855000e+01 6.927000e+00
      vertex   -2.898000e+00 1.955000e+01 6.927000e+00
      vertex   -3.450000e+00 1.846491e+01 6.927000e+00
    endloop
  endfacet
  facet normal -1.546933e-15 -6.407604e-16 1.000000e+00
    outer loop
      vertex   -2.959179e+00 1.993627e+01 6.927000e+00
      vertex   -3.034242e+00 2.011749e+01 6.927000e+00
      vertex   -3.450000e+00 1.973509e+01 6.927000e+00
    endloop
  endfacet
  facet normal -1.366229e-15 -8.372261e-16 1.000000e+00
    outer loop
      vertex   -3.450000e+00 1.973509e+01 6.927000e+00
      vertex   -3.034242e+00 2.011749e+01 6.927000e+00
      vertex   -3.136729e+00 2.028473e+01 6.927000e+00
    endloop
  endfacet
  facet normal 0.000000e+00 0.000000e+00 1.000000e+00
    outer loop
      vertex   -3.413268e+00 2.056127e+01 6.927000e+00
      vertex   -3.580512e+00 2.066376e+01 6.927000e+00
      vertex   -4.550000e+00 2.037017e+01 6.927000e+00
    endloop
  endfacet
  facet normal 0.000000e+00 0.000000e+00 1.000000e+00
    outer loop
      vertex   -4.550000e+00 2.037017e+01 6.927000e+00
      vertex   -3.580512e+00 2.066376e+01 6.927000e+00
      vertex   -3.761729e+00 2.073882e+01 6.927000e+00
    endloop
  endfacet
  facet normal 0.000000e+00 0.000000e+00 1.000000e+00
    outer loop
      vertex   -4.550000e+00 2.037017e+01 6.927000e+00
      vertex   -3.761729e+00 2.073882e+01 6.927000e+00
      vertex   -3.952457e+00 2.078461e+01 6.927000e+00
    endloop
  endfacet
  facet normal -4.079229e-15 5.881470e-15 1.000000e+00
    outer loop
      vertex   -3.952457e+00 2.078461e+01 6.927000e+00
      vertex   -4.148000e+00 2.080000e+01 6.927000e+00
      vertex   -4.550000e+00 2.037017e+01 6.927000e+00
    endloop
  endfacet
  facet normal 0.000000e+00 1.000000e+00 -0.000000e+00
    outer loop
      vertex   -4.948000e+00 2.080000e+01 5.427000e+00
      vertex   -4.948000e+00 2.080000e+01 6.927000e+00
      vertex   -4.148000e+00 2.080000e+01 5.427000e+00
    endloop
  endfacet
  facet normal 0.000000e+00 1.000000e+00 -0.000000e+00
    outer loop
      vertex   -4.148000e+00 2.080000e+01 5.427000e+00
      vertex   -4.948000e+00 2.080000e+01 6.927000e+00
      vertex   -4.148000e+00 2.080000e+01 6.927000e+00
    endloop
  endfacet
  facet normal 0.000000e+00 0.000000e+00 -1.000000e+00
    outer loop
      vertex   -7.600000e+00 1.340000e+01 -3.900000e+00
      vertex   -7.600000e+00 1.730000e+01 -3.900000e+00
      vertex   -5.643808e+00 1.340000e+01 -3.900000e+00
    endloop
  endfacet
  facet normal 2.032941e-15 1.019698e-15 -1.000000e+00
    outer loop
      vertex   -5.643808e+00 1.340000e+01 -3.900000e+00
      vertex   -7.600000e+00 1.730000e+01 -3.900000e+00
      vertex   -5.199282e+00 1.338478e+01 -3.900000e+00
    endloop
  endfacet
  facet normal 1.663255e-16 -1.248660e-16 -1.000000e+00
    outer loop
      vertex   -5.199282e+00 1.338478e+01 -3.900000e+00
      vertex   -7.600000e+00 1.730000e+01 -3.900000e+00
      vertex   -2.260000e+00 1.730000e+01 -3.900000e+00
    endloop
  endfacet
  facet normal 0.000000e+00 0.000000e+00 -1.000000e+00
    outer loop
      vertex   -5.199282e+00 1.338478e+01 -3.900000e+00
      vertex   -2.260000e+00 1.730000e+01 -3.900000e+00
      vertex   -4.756836e+00 1.333920e+01 -3.900000e+00
    endloop
  endfacet
  facet normal 0.000000e+00 0.000000e+00 -1.000000e+00
    outer loop
      vertex   -4.756836e+00 1.333920e+01 -3.900000e+00
      vertex   -2.260000e+00 1.730000e+01 -3.900000e+00
      vertex   -4.318545e+00 1.326346e+01 -3.900000e+00
    endloop
  endfacet
  facet normal 0.000000e+00 0.000000e+00 -1.000000e+00
    outer loop
      vertex   -4.318545e+00 1.326346e+01 -3.900000e+00
      vertex   -2.260000e+00 1.730000e+01 -3.900000e+00
      vertex   -3.886458e+00 1.315793e+01 -3.900000e+00
    endloop
  endfacet
  facet normal 0.000000e+00 0.000000e+00 -1.000000e+00
    outer loop
      vertex   -3.886458e+00 1.315793e+01 -3.900000e+00
      vertex   -2.260000e+00 1.730000e+01 -3.900000e+00
      vertex   -3.462601e+00 1.302310e+01 -3.900000e+00
    endloop
  endfacet
  facet normal 0.000000e+00 0.000000e+00 -1.000000e+00
    outer loop
      vertex   -3.462601e+00 1.302310e+01 -3.900000e+00
      vertex   -2.260000e+00 1.730000e+01 -3.900000e+00
      vertex   -3.048957e+00 1.285959e+01 -3.900000e+00
    endloop
  endfacet
  facet normal 0.000000e+00 0.000000e+00 -1.000000e+00
    outer loop
      vertex   -3.048957e+00 1.285959e+01 -3.900000e+00
      vertex   -2.260000e+00 1.730000e+01 -3.900000e+00
      vertex   -2.647463e+00 1.266818e+01 -3.900000e+00
    endloop
  endfacet
  facet normal -2.189062e-15 1.831205e-16 -1.000000e+00
    outer loop
      vertex   -2.647463e+00 1.266818e+01 -3.900000e+00
      vertex   -2.260000e+00 1.730000e+01 -3.900000e+00
      vertex   -2.260000e+00 1.244976e+01 -3.900000e+00
    endloop
  endfacet
  facet normal 1.000000e+00 0.000000e+00 -0.000000e+00
    outer loop
      vertex   -2.260000e+00 1.730000e+01 -3.900000e+00
      vertex   -2.260000e+00 1.730000e+01 -1.400000e+00
      vertex   -2.260000e+00 1.244976e+01 -3.900000e+00
    endloop
  endfacet
  facet normal 1.000000e+00 0.000000e+00 0.000000e+00
    outer loop
      vertex   -2.260000e+00 1.244976e+01 -3.900000e+00
      vertex   -2.260000e+00 1.730000e+01 -1.400000e+00
      vertex   -2.260000e+00 1.244976e+01 -1.400000e+00
    endloop
  endfacet
endsolid
