solid ASCII
  facet normal 9.399338e-02 5.696051e-01 8.165264e-01
    outer loop
      vertex   -4.127286e-01 -1.396525e+01 5.276809e+00
      vertex   -4.002942e-01 -1.390214e+01 5.231351e+00
      vertex   -4.193699e-01 -1.384327e+01 5.192481e+00
    endloop
  endfacet
  facet normal -1.770484e-02 5.469251e-01 8.369943e-01
    outer loop
      vertex   -4.193699e-01 -1.384327e+01 5.192481e+00
      vertex   -4.002942e-01 -1.390214e+01 5.231351e+00
      vertex   -3.077463e-01 -1.386268e+01 5.207524e+00
    endloop
  endfacet
  facet normal -1.715655e-02 5.490223e-01 8.356316e-01
    outer loop
      vertex   -4.193699e-01 -1.384327e+01 5.192481e+00
      vertex   -3.077463e-01 -1.386268e+01 5.207524e+00
      vertex   -3.243730e-01 -1.380141e+01 5.166931e+00
    endloop
  endfacet
  facet normal -1.568070e-02 5.493147e-01 8.354684e-01
    outer loop
      vertex   -3.243730e-01 -1.380141e+01 5.166931e+00
      vertex   -3.077463e-01 -1.386268e+01 5.207524e+00
      vertex   -2.115713e-01 -1.383030e+01 5.188037e+00
    endloop
  endfacet
  facet normal -1.491485e-02 5.513403e-01 8.341471e-01
    outer loop
      vertex   -3.243730e-01 -1.380141e+01 5.166931e+00
      vertex   -2.115713e-01 -1.383030e+01 5.188037e+00
      vertex   -2.258495e-01 -1.376656e+01 5.145657e+00
    endloop
  endfacet
  facet normal -1.348801e-02 5.515736e-01 8.340172e-01
    outer loop
      vertex   -2.258495e-01 -1.376656e+01 5.145657e+00
      vertex   -2.115713e-01 -1.383030e+01 5.188037e+00
      vertex   -1.127088e-01 -1.380479e+01 5.172765e+00
    endloop
  endfacet
  facet normal -1.253235e-02 5.535048e-01 8.327517e-01
    outer loop
      vertex   -2.258495e-01 -1.376656e+01 5.145657e+00
      vertex   -1.127088e-01 -1.380479e+01 5.172765e+00
      vertex   -1.245536e-01 -1.373846e+01 5.128505e+00
    endloop
  endfacet
  facet normal -1.111655e-02 5.536893e-01 8.326491e-01
    outer loop
      vertex   -1.245536e-01 -1.373846e+01 5.128505e+00
      vertex   -1.127088e-01 -1.380479e+01 5.172765e+00
      vertex   -1.166319e-02 -1.378589e+01 5.161552e+00
    endloop
  endfacet
  facet normal -9.986445e-03 5.555329e-01 8.314346e-01
    outer loop
      vertex   -1.245536e-01 -1.373846e+01 5.128505e+00
      vertex   -1.166319e-02 -1.378589e+01 5.161552e+00
      vertex   -2.094532e-02 -1.371691e+01 5.115350e+00
    endloop
  endfacet
  facet normal -8.561976e-03 5.556726e-01 8.313571e-01
    outer loop
      vertex   -2.094532e-02 -1.371691e+01 5.115350e+00
      vertex   -1.166319e-02 -1.378589e+01 5.161552e+00
      vertex   9.095141e-02 -1.377347e+01 5.154304e+00
    endloop
  endfacet
  facet normal -7.275025e-03 5.574207e-01 8.301983e-01
    outer loop
      vertex   -2.094532e-02 -1.371691e+01 5.115350e+00
      vertex   9.095141e-02 -1.377347e+01 5.154304e+00
      vertex   8.442041e-02 -1.370178e+01 5.106113e+00
    endloop
  endfacet
  facet normal -5.832309e-03 5.575166e-01 8.301453e-01
    outer loop
      vertex   8.442041e-02 -1.370178e+01 5.106113e+00
      vertex   9.095141e-02 -1.377347e+01 5.154304e+00
      vertex   1.945209e-01 -1.376736e+01 5.150929e+00
    endloop
  endfacet
  facet normal -4.406833e-03 5.591599e-01 8.290481e-01
    outer loop
      vertex   8.442041e-02 -1.370178e+01 5.106113e+00
      vertex   1.945209e-01 -1.376736e+01 5.150929e+00
      vertex   1.909886e-01 -1.369294e+01 5.100714e+00
    endloop
  endfacet
  facet normal -2.937928e-03 5.592109e-01 8.290202e-01
    outer loop
      vertex   1.909886e-01 -1.369294e+01 5.100714e+00
      vertex   1.945209e-01 -1.376736e+01 5.150929e+00
      vertex   2.979205e-01 -1.376740e+01 5.151322e+00
    endloop
  endfacet
  facet normal -1.379671e-03 5.607461e-01 8.279867e-01
    outer loop
      vertex   1.909886e-01 -1.369294e+01 5.100714e+00
      vertex   2.979205e-01 -1.376740e+01 5.151322e+00
      vertex   2.982191e-01 -1.369026e+01 5.099082e+00
    endloop
  endfacet
  facet normal 4.932239e-03 5.607231e-01 8.279887e-01
    outer loop
      vertex   2.982191e-01 -1.369026e+01 5.099082e+00
      vertex   2.979205e-01 -1.376740e+01 5.151322e+00
      vertex   4.024492e-01 -1.376590e+01 5.149682e+00
    endloop
  endfacet
  facet normal 1.626544e-03 5.575901e-01 8.301149e-01
    outer loop
      vertex   2.982191e-01 -1.369026e+01 5.099082e+00
      vertex   4.024492e-01 -1.376590e+01 5.149682e+00
      vertex   4.054060e-01 -1.369369e+01 5.101174e+00
    endloop
  endfacet
  facet normal -8.094385e-02 6.516201e-01 7.542144e-01
    outer loop
      vertex   -3.925247e-01 -1.407512e+01 5.373897e+00
      vertex   -3.289306e-01 -1.399417e+01 5.310791e+00
      vertex   -4.127286e-01 -1.396525e+01 5.276809e+00
    endloop
  endfacet
  facet normal -8.641880e-02 6.433513e-01 7.606779e-01
    outer loop
      vertex   -4.127286e-01 -1.396525e+01 5.276809e+00
      vertex   -3.289306e-01 -1.399417e+01 5.310791e+00
      vertex   -3.644343e-01 -1.394969e+01 5.269134e+00
    endloop
  endfacet
  facet normal -6.281224e-02 5.914164e-01 8.039162e-01
    outer loop
      vertex   -4.127286e-01 -1.396525e+01 5.276809e+00
      vertex   -3.644343e-01 -1.394969e+01 5.269134e+00
      vertex   -4.002942e-01 -1.390214e+01 5.231351e+00
    endloop
  endfacet
  facet normal -4.922056e-02 5.983396e-01 7.997293e-01
    outer loop
      vertex   -4.002942e-01 -1.390214e+01 5.231351e+00
      vertex   -3.644343e-01 -1.394969e+01 5.269134e+00
      vertex   -3.077463e-01 -1.386268e+01 5.207524e+00
    endloop
  endfacet
  facet normal -1.725592e-01 7.146296e-01 6.778849e-01
    outer loop
      vertex   -3.587383e-01 -1.416887e+01 5.481340e+00
      vertex   -3.170805e-01 -1.410922e+01 5.429052e+00
      vertex   -3.925247e-01 -1.407512e+01 5.373897e+00
    endloop
  endfacet
  facet normal -1.725882e-01 7.146014e-01 6.779072e-01
    outer loop
      vertex   -3.925247e-01 -1.407512e+01 5.373897e+00
      vertex   -3.170805e-01 -1.410922e+01 5.429052e+00
      vertex   -3.653580e-01 -1.406626e+01 5.371483e+00
    endloop
  endfacet
  facet normal -1.585793e-01 6.815563e-01 7.143763e-01
    outer loop
      vertex   -3.925247e-01 -1.407512e+01 5.373897e+00
      vertex   -3.653580e-01 -1.406626e+01 5.371483e+00
      vertex   -3.289306e-01 -1.399417e+01 5.310791e+00
    endloop
  endfacet
  facet normal -1.376950e-01 6.777004e-01 7.223311e-01
    outer loop
      vertex   -3.289306e-01 -1.399417e+01 5.310791e+00
      vertex   -3.653580e-01 -1.406626e+01 5.371483e+00
      vertex   -2.939598e-01 -1.403537e+01 5.356110e+00
    endloop
  endfacet
  facet normal -1.127105e-01 6.903985e-01 7.145952e-01
    outer loop
      vertex   -3.289306e-01 -1.399417e+01 5.310791e+00
      vertex   -2.939598e-01 -1.403537e+01 5.356110e+00
      vertex   -2.448848e-01 -1.396337e+01 5.294284e+00
    endloop
  endfacet
  facet normal -1.241486e-01 6.937573e-01 7.094279e-01
    outer loop
      vertex   -2.448848e-01 -1.396337e+01 5.294284e+00
      vertex   -2.939598e-01 -1.403537e+01 5.356110e+00
      vertex   -2.141354e-01 -1.400837e+01 5.343678e+00
    endloop
  endfacet
  facet normal -9.733608e-02 7.047469e-01 7.027499e-01
    outer loop
      vertex   -2.448848e-01 -1.396337e+01 5.294284e+00
      vertex   -2.141354e-01 -1.400837e+01 5.343678e+00
      vertex   -1.578010e-01 -1.393894e+01 5.281849e+00
    endloop
  endfacet
  facet normal -1.088916e-01 7.088847e-01 6.968680e-01
    outer loop
      vertex   -1.578010e-01 -1.393894e+01 5.281849e+00
      vertex   -2.141354e-01 -1.400837e+01 5.343678e+00
      vertex   -1.315495e-01 -1.398737e+01 5.335212e+00
    endloop
  endfacet
  facet normal -8.096118e-02 7.179583e-01 6.913619e-01
    outer loop
      vertex   -1.578010e-01 -1.393894e+01 5.281849e+00
      vertex   -1.315495e-01 -1.398737e+01 5.335212e+00
      vertex   -6.860740e-02 -1.392071e+01 5.273359e+00
    endloop
  endfacet
  facet normal -9.250459e-02 7.228022e-01 6.848356e-01
    outer loop
      vertex   -6.860740e-02 -1.392071e+01 5.273359e+00
      vertex   -1.315495e-01 -1.398737e+01 5.335212e+00
      vertex   -4.712100e-02 -1.397217e+01 5.330579e+00
    endloop
  endfacet
  facet normal -6.358225e-02 7.300173e-01 6.804646e-01
    outer loop
      vertex   -6.860740e-02 -1.392071e+01 5.273359e+00
      vertex   -4.712100e-02 -1.397217e+01 5.330579e+00
      vertex   2.216228e-02 -1.390842e+01 5.268658e+00
    endloop
  endfacet
  facet normal -7.505721e-02 7.355397e-01 6.733110e-01
    outer loop
      vertex   2.216228e-02 -1.390842e+01 5.268658e+00
      vertex   -4.712100e-02 -1.397217e+01 5.330579e+00
      vertex   3.860590e-02 -1.396255e+01 5.329626e+00
    endloop
  endfacet
  facet normal -4.513584e-02 7.409486e-01 6.700433e-01
    outer loop
      vertex   2.216228e-02 -1.390842e+01 5.268658e+00
      vertex   3.860590e-02 -1.396255e+01 5.329626e+00
      vertex   1.138730e-01 -1.390191e+01 5.267638e+00
    endloop
  endfacet
  facet normal -5.649755e-02 7.471195e-01 6.622843e-01
    outer loop
      vertex   1.138730e-01 -1.390191e+01 5.267638e+00
      vertex   3.860590e-02 -1.396255e+01 5.329626e+00
      vertex   1.249900e-01 -1.395833e+01 5.332232e+00
    endloop
  endfacet
  facet normal -2.563973e-02 7.507222e-01 6.601202e-01
    outer loop
      vertex   1.138730e-01 -1.390191e+01 5.267638e+00
      vertex   1.249900e-01 -1.395833e+01 5.332232e+00
      vertex   2.058898e-01 -1.390101e+01 5.270191e+00
    endloop
  endfacet
  facet normal -3.683455e-02 7.575052e-01 6.517892e-01
    outer loop
      vertex   2.058898e-01 -1.390101e+01 5.270191e+00
      vertex   1.249900e-01 -1.395833e+01 5.332232e+00
      vertex   2.113903e-01 -1.395933e+01 5.338282e+00
    endloop
  endfacet
  facet normal -5.086344e-03 7.592798e-01 6.507445e-01
    outer loop
      vertex   2.058898e-01 -1.390101e+01 5.270191e+00
      vertex   2.113903e-01 -1.395933e+01 5.338282e+00
      vertex   2.973011e-01 -1.390554e+01 5.276184e+00
    endloop
  endfacet
  facet normal -1.603802e-02 7.665950e-01 6.419306e-01
    outer loop
      vertex   2.973011e-01 -1.390554e+01 5.276184e+00
      vertex   2.113903e-01 -1.395933e+01 5.338282e+00
      vertex   2.969880e-01 -1.396537e+01 5.347635e+00
    endloop
  endfacet
  facet normal 2.510754e-02 7.663632e-01 6.419167e-01
    outer loop
      vertex   2.973011e-01 -1.390554e+01 5.276184e+00
      vertex   2.969880e-01 -1.396537e+01 5.347635e+00
      vertex   3.589833e-01 -1.395059e+01 5.327562e+00
    endloop
  endfacet
  facet normal -2.321557e-03 8.086220e-01 5.883240e-01
    outer loop
      vertex   3.589833e-01 -1.395059e+01 5.327562e+00
      vertex   2.969880e-01 -1.396537e+01 5.347635e+00
      vertex   3.341113e-01 -1.399951e+01 5.394694e+00
    endloop
  endfacet
  facet normal 5.673674e-02 8.289316e-01 5.564650e-01
    outer loop
      vertex   3.341113e-01 -1.399951e+01 5.394694e+00
      vertex   2.969880e-01 -1.396537e+01 5.347635e+00
      vertex   2.965931e-01 -1.403163e+01 5.446378e+00
    endloop
  endfacet
  facet normal -2.922628e-02 8.582981e-01 5.123185e-01
    outer loop
      vertex   3.341113e-01 -1.399951e+01 5.394694e+00
      vertex   2.965931e-01 -1.403163e+01 5.446378e+00
      vertex   3.058290e-01 -1.404082e+01 5.462299e+00
    endloop
  endfacet
  facet normal 9.720449e-03 8.684919e-01 4.956081e-01
    outer loop
      vertex   3.058290e-01 -1.404082e+01 5.462299e+00
      vertex   2.965931e-01 -1.403163e+01 5.446378e+00
      vertex   2.231520e-01 -1.406759e+01 5.510832e+00
    endloop
  endfacet
  facet normal -5.674684e-02 9.119530e-01 4.063516e-01
    outer loop
      vertex   3.058290e-01 -1.404082e+01 5.462299e+00
      vertex   2.231520e-01 -1.406759e+01 5.510832e+00
      vertex   2.429180e-01 -1.410390e+01 5.595086e+00
    endloop
  endfacet
  facet normal -3.248701e-02 9.150629e-01 4.020005e-01
    outer loop
      vertex   2.429180e-01 -1.410390e+01 5.595086e+00
      vertex   2.231520e-01 -1.406759e+01 5.510832e+00
      vertex   2.278883e-01 -1.410349e+01 5.592928e+00
    endloop
  endfacet
  facet normal -2.665057e-02 9.308640e-01 3.643925e-01
    outer loop
      vertex   2.429180e-01 -1.410390e+01 5.595086e+00
      vertex   2.278883e-01 -1.410349e+01 5.592928e+00
      vertex   1.676610e-01 -1.412940e+01 5.654703e+00
    endloop
  endfacet
  facet normal -5.102729e-02 9.377587e-01 3.435182e-01
    outer loop
      vertex   1.676610e-01 -1.412940e+01 5.654703e+00
      vertex   2.278883e-01 -1.410349e+01 5.592928e+00
      vertex   1.585616e-01 -1.410028e+01 5.573871e+00
    endloop
  endfacet
  facet normal -1.189563e-01 9.298045e-01 3.483000e-01
    outer loop
      vertex   1.676610e-01 -1.412940e+01 5.654703e+00
      vertex   1.585616e-01 -1.410028e+01 5.573871e+00
      vertex   1.022662e-01 -1.413016e+01 5.634404e+00
    endloop
  endfacet
  facet normal -9.244534e-02 9.243212e-01 3.702489e-01
    outer loop
      vertex   1.022662e-01 -1.413016e+01 5.634404e+00
      vertex   1.585616e-01 -1.410028e+01 5.573871e+00
      vertex   8.858362e-02 -1.410087e+01 5.557864e+00
    endloop
  endfacet
  facet normal -1.582130e-01 9.124147e-01 3.774495e-01
    outer loop
      vertex   1.022662e-01 -1.413016e+01 5.634404e+00
      vertex   8.858362e-02 -1.410087e+01 5.557864e+00
      vertex   3.673623e-02 -1.413440e+01 5.617187e+00
    endloop
  endfacet
  facet normal -1.318766e-01 9.078954e-01 3.979127e-01
    outer loop
      vertex   3.673623e-02 -1.413440e+01 5.617187e+00
      vertex   8.858362e-02 -1.410087e+01 5.557864e+00
      vertex   1.858040e-02 -1.410543e+01 5.545060e+00
    endloop
  endfacet
  facet normal -1.956125e-01 8.919800e-01 4.075629e-01
    outer loop
      vertex   3.673623e-02 -1.413440e+01 5.617187e+00
      vertex   1.858040e-02 -1.410543e+01 5.545060e+00
      vertex   -2.832063e-02 -1.414228e+01 5.603218e+00
    endloop
  endfacet
  facet normal -1.694366e-01 8.884937e-01 4.264625e-01
    outer loop
      vertex   -2.832063e-02 -1.414228e+01 5.603218e+00
      vertex   1.858040e-02 -1.410543e+01 5.545060e+00
      vertex   -5.082185e-02 -1.411413e+01 5.535611e+00
    endloop
  endfacet
  facet normal -2.311977e-01 8.684078e-01 4.386520e-01
    outer loop
      vertex   -2.832063e-02 -1.414228e+01 5.603218e+00
      vertex   -5.082185e-02 -1.411413e+01 5.535611e+00
      vertex   -9.237207e-02 -1.415400e+01 5.592661e+00
    endloop
  endfacet
  facet normal -2.052189e-01 8.660396e-01 4.559174e-01
    outer loop
      vertex   -9.237207e-02 -1.415400e+01 5.592661e+00
      vertex   -5.082185e-02 -1.411413e+01 5.535611e+00
      vertex   -1.190783e-01 -1.412718e+01 5.529678e+00
    endloop
  endfacet
  facet normal -2.645309e-01 8.417033e-01 4.707006e-01
    outer loop
      vertex   -9.237207e-02 -1.415400e+01 5.592661e+00
      vertex   -1.190783e-01 -1.412718e+01 5.529678e+00
      vertex   -1.545877e-01 -1.416967e+01 5.585702e+00
    endloop
  endfacet
  facet normal -2.389028e-01 8.406069e-01 4.861127e-01
    outer loop
      vertex   -1.545877e-01 -1.416967e+01 5.585702e+00
      vertex   -1.190783e-01 -1.412718e+01 5.529678e+00
      vertex   -1.853289e-01 -1.414470e+01 5.527429e+00
    endloop
  endfacet
  facet normal -2.946159e-01 8.122906e-01 5.033740e-01
    outer loop
      vertex   -1.545877e-01 -1.416967e+01 5.585702e+00
      vertex   -1.853289e-01 -1.414470e+01 5.527429e+00
      vertex   -2.104188e-01 -1.418801e+01 5.582627e+00
    endloop
  endfacet
  facet normal -2.697868e-01 8.133277e-01 5.154737e-01
    outer loop
      vertex   -2.104188e-01 -1.418801e+01 5.582627e+00
      vertex   -1.853289e-01 -1.414470e+01 5.527429e+00
      vertex   -2.447571e-01 -1.416530e+01 5.528828e+00
    endloop
  endfacet
  facet normal -3.249020e-01 7.790627e-01 5.361903e-01
    outer loop
      vertex   -2.104188e-01 -1.418801e+01 5.582627e+00
      vertex   -2.447571e-01 -1.416530e+01 5.528828e+00
      vertex   -2.715206e-01 -1.421413e+01 5.583561e+00
    endloop
  endfacet
  facet normal -3.003591e-01 7.799815e-01 5.490111e-01
    outer loop
      vertex   -2.715206e-01 -1.421413e+01 5.583561e+00
      vertex   -2.447571e-01 -1.416530e+01 5.528828e+00
      vertex   -3.097945e-01 -1.419472e+01 5.535044e+00
    endloop
  endfacet
  facet normal -3.487345e-01 7.423409e-01 5.721138e-01
    outer loop
      vertex   -2.715206e-01 -1.421413e+01 5.583561e+00
      vertex   -3.097945e-01 -1.419472e+01 5.535044e+00
      vertex   -3.135061e-01 -1.423693e+01 5.587543e+00
    endloop
  endfacet
  facet normal -2.577976e-01 7.618581e-01 5.942328e-01
    outer loop
      vertex   -3.135061e-01 -1.423693e+01 5.587543e+00
      vertex   -3.097945e-01 -1.419472e+01 5.535044e+00
      vertex   -3.493492e-01 -1.417218e+01 5.488976e+00
    endloop
  endfacet
  facet normal -2.031041e-01 7.828469e-01 5.881321e-01
    outer loop
      vertex   -3.135061e-01 -1.423693e+01 5.587543e+00
      vertex   -3.493492e-01 -1.417218e+01 5.488976e+00
      vertex   -3.587383e-01 -1.416887e+01 5.481340e+00
    endloop
  endfacet
  facet normal -2.507633e-01 7.374626e-01 6.271098e-01
    outer loop
      vertex   -3.587383e-01 -1.416887e+01 5.481340e+00
      vertex   -3.493492e-01 -1.417218e+01 5.488976e+00
      vertex   -2.803636e-01 -1.413900e+01 5.477553e+00
    endloop
  endfacet
  facet normal -2.477155e-01 7.306252e-01 6.362577e-01
    outer loop
      vertex   -3.587383e-01 -1.416887e+01 5.481340e+00
      vertex   -2.803636e-01 -1.413900e+01 5.477553e+00
      vertex   -3.170805e-01 -1.410922e+01 5.429052e+00
    endloop
  endfacet
  facet normal -2.053574e-01 7.569542e-01 6.203618e-01
    outer loop
      vertex   -3.170805e-01 -1.410922e+01 5.429052e+00
      vertex   -2.803636e-01 -1.413900e+01 5.477553e+00
      vertex   -2.503753e-01 -1.408284e+01 5.418947e+00
    endloop
  endfacet
  facet normal -1.829090e-01 7.192808e-01 6.702085e-01
    outer loop
      vertex   -3.170805e-01 -1.410922e+01 5.429052e+00
      vertex   -2.503753e-01 -1.408284e+01 5.418947e+00
      vertex   -2.939598e-01 -1.403537e+01 5.356110e+00
    endloop
  endfacet
  facet normal -1.468334e-01 7.376296e-01 6.590466e-01
    outer loop
      vertex   -2.939598e-01 -1.403537e+01 5.356110e+00
      vertex   -2.503753e-01 -1.408284e+01 5.418947e+00
      vertex   -2.141354e-01 -1.400837e+01 5.343678e+00
    endloop
  endfacet
  facet normal -2.860661e-01 7.468065e-01 6.003718e-01
    outer loop
      vertex   -3.587383e-01 -1.416887e+01 5.481340e+00
      vertex   -3.143776e-01 -1.423957e+01 5.590420e+00
      vertex   -3.135061e-01 -1.423693e+01 5.587543e+00
    endloop
  endfacet
  facet normal -4.010013e-01 7.314981e-01 5.514604e-01
    outer loop
      vertex   -3.135061e-01 -1.423693e+01 5.587543e+00
      vertex   -3.143776e-01 -1.423957e+01 5.590420e+00
      vertex   -2.739487e-01 -1.425050e+01 5.634314e+00
    endloop
  endfacet
  facet normal -3.649510e-01 7.649733e-01 5.306851e-01
    outer loop
      vertex   -3.135061e-01 -1.423693e+01 5.587543e+00
      vertex   -2.739487e-01 -1.425050e+01 5.634314e+00
      vertex   -2.715206e-01 -1.421413e+01 5.583561e+00
    endloop
  endfacet
  facet normal -3.892781e-01 7.574585e-01 5.241365e-01
    outer loop
      vertex   -2.715206e-01 -1.421413e+01 5.583561e+00
      vertex   -2.739487e-01 -1.425050e+01 5.634314e+00
      vertex   -2.346883e-01 -1.423033e+01 5.634320e+00
    endloop
  endfacet
  facet normal -3.344776e-01 8.000918e-01 4.979737e-01
    outer loop
      vertex   -2.715206e-01 -1.421413e+01 5.583561e+00
      vertex   -2.346883e-01 -1.423033e+01 5.634320e+00
      vertex   -2.104188e-01 -1.418801e+01 5.582627e+00
    endloop
  endfacet
  facet normal -3.619954e-01 7.973865e-01 4.828396e-01
    outer loop
      vertex   -2.104188e-01 -1.418801e+01 5.582627e+00
      vertex   -2.346883e-01 -1.423033e+01 5.634320e+00
      vertex   -1.775067e-01 -1.420702e+01 5.638699e+00
    endloop
  endfacet
  facet normal -2.999815e-01 8.359725e-01 4.595228e-01
    outer loop
      vertex   -2.104188e-01 -1.418801e+01 5.582627e+00
      vertex   -1.775067e-01 -1.420702e+01 5.638699e+00
      vertex   -1.545877e-01 -1.416967e+01 5.585702e+00
    endloop
  endfacet
  facet normal -3.281045e-01 8.330859e-01 4.453260e-01
    outer loop
      vertex   -1.545877e-01 -1.416967e+01 5.585702e+00
      vertex   -1.775067e-01 -1.420702e+01 5.638699e+00
      vertex   -1.252383e-01 -1.419048e+01 5.646272e+00
    endloop
  endfacet
  facet normal -2.653784e-01 8.649791e-01 4.258938e-01
    outer loop
      vertex   -1.545877e-01 -1.416967e+01 5.585702e+00
      vertex   -1.252383e-01 -1.419048e+01 5.646272e+00
      vertex   -9.237207e-02 -1.415400e+01 5.592661e+00
    endloop
  endfacet
  facet normal -2.941948e-01 8.643710e-01 4.078140e-01
    outer loop
      vertex   -9.237207e-02 -1.415400e+01 5.592661e+00
      vertex   -1.252383e-01 -1.419048e+01 5.646272e+00
      vertex   -6.699340e-02 -1.417617e+01 5.657959e+00
    endloop
  endfacet
  facet normal -2.276418e-01 8.916962e-01 3.912251e-01
    outer loop
      vertex   -9.237207e-02 -1.415400e+01 5.592661e+00
      vertex   -6.699340e-02 -1.417617e+01 5.657959e+00
      vertex   -2.832063e-02 -1.414228e+01 5.603218e+00
    endloop
  endfacet
  facet normal -2.568404e-01 8.923955e-01 3.710301e-01
    outer loop
      vertex   -2.832063e-02 -1.414228e+01 5.603218e+00
      vertex   -6.699340e-02 -1.417617e+01 5.657959e+00
      vertex   -7.047706e-03 -1.416524e+01 5.673148e+00
    endloop
  endfacet
  facet normal -1.876158e-01 9.149260e-01 3.573664e-01
    outer loop
      vertex   -2.832063e-02 -1.414228e+01 5.603218e+00
      vertex   -7.047706e-03 -1.416524e+01 5.673148e+00
      vertex   3.673623e-02 -1.413440e+01 5.617187e+00
    endloop
  endfacet
  facet normal -2.170753e-01 9.167530e-01 3.353240e-01
    outer loop
      vertex   3.673623e-02 -1.413440e+01 5.617187e+00
      vertex   -7.047706e-03 -1.416524e+01 5.673148e+00
      vertex   5.380437e-02 -1.415759e+01 5.691629e+00
    endloop
  endfacet
  facet normal -1.457418e-01 9.345826e-01 3.245223e-01
    outer loop
      vertex   3.673623e-02 -1.413440e+01 5.617187e+00
      vertex   5.380437e-02 -1.415759e+01 5.691629e+00
      vertex   1.022662e-01 -1.413016e+01 5.634404e+00
    endloop
  endfacet
  facet normal -1.754489e-01 9.374321e-01 3.007304e-01
    outer loop
      vertex   1.022662e-01 -1.413016e+01 5.634404e+00
      vertex   5.380437e-02 -1.415759e+01 5.691629e+00
      vertex   1.150500e-01 -1.415306e+01 5.713236e+00
    endloop
  endfacet
  facet normal -1.019352e-01 9.507614e-01 2.926807e-01
    outer loop
      vertex   1.022662e-01 -1.413016e+01 5.634404e+00
      vertex   1.150500e-01 -1.415306e+01 5.713236e+00
      vertex   1.676610e-01 -1.412940e+01 5.654703e+00
    endloop
  endfacet
  facet normal -1.211208e-01 9.533551e-01 2.764847e-01
    outer loop
      vertex   1.676610e-01 -1.412940e+01 5.654703e+00
      vertex   1.150500e-01 -1.415306e+01 5.713236e+00
      vertex   1.764736e-01 -1.414760e+01 5.721335e+00
    endloop
  endfacet
  facet normal -1.057877e-01 9.555874e-01 2.750667e-01
    outer loop
      vertex   1.676610e-01 -1.412940e+01 5.654703e+00
      vertex   1.764736e-01 -1.414760e+01 5.721335e+00
      vertex   2.429180e-01 -1.410390e+01 5.595086e+00
    endloop
  endfacet
  facet normal -3.619184e-01 7.702439e-01 5.251089e-01
    outer loop
      vertex   -2.739487e-01 -1.425050e+01 5.634314e+00
      vertex   -3.143776e-01 -1.423957e+01 5.590420e+00
      vertex   -2.686622e-01 -1.428058e+01 5.682075e+00
    endloop
  endfacet
  facet normal 5.736273e-01 8.153317e-01 7.865138e-02
    outer loop
      vertex   -2.686622e-01 -1.428058e+01 5.682075e+00
      vertex   -3.143776e-01 -1.423957e+01 5.590420e+00
      vertex   -2.623940e-01 -1.428635e+01 5.696227e+00
    endloop
  endfacet
  facet normal -4.545664e-01 7.360075e-01 5.016597e-01
    outer loop
      vertex   -2.686622e-01 -1.428058e+01 5.682075e+00
      vertex   -2.623940e-01 -1.428635e+01 5.696227e+00
      vertex   -2.359944e-01 -1.426112e+01 5.683127e+00
    endloop
  endfacet
  facet normal -4.806730e-01 7.439109e-01 4.642737e-01
    outer loop
      vertex   -2.359944e-01 -1.426112e+01 5.683127e+00
      vertex   -2.623940e-01 -1.428635e+01 5.696227e+00
      vertex   -2.299725e-01 -1.428577e+01 5.728863e+00
    endloop
  endfacet
  facet normal -4.924462e-01 7.374018e-01 4.623152e-01
    outer loop
      vertex   -2.359944e-01 -1.426112e+01 5.683127e+00
      vertex   -2.299725e-01 -1.428577e+01 5.728863e+00
      vertex   -1.998025e-01 -1.426872e+01 5.733804e+00
    endloop
  endfacet
  facet normal -4.980145e-01 7.604524e-01 4.167657e-01
    outer loop
      vertex   -1.998025e-01 -1.426872e+01 5.733804e+00
      vertex   -2.299725e-01 -1.428577e+01 5.728863e+00
      vertex   -1.931777e-01 -1.428826e+01 5.777374e+00
    endloop
  endfacet
  facet normal -5.312588e-01 7.399382e-01 4.126204e-01
    outer loop
      vertex   -1.998025e-01 -1.426872e+01 5.733804e+00
      vertex   -1.931777e-01 -1.428826e+01 5.777374e+00
      vertex   -1.655098e-01 -1.427329e+01 5.786142e+00
    endloop
  endfacet
  facet normal -5.299751e-01 7.654226e-01 3.650406e-01
    outer loop
      vertex   -1.655098e-01 -1.427329e+01 5.786142e+00
      vertex   -1.931777e-01 -1.428826e+01 5.777374e+00
      vertex   -1.584040e-01 -1.428805e+01 5.827418e+00
    endloop
  endfacet
  facet normal -5.686224e-01 7.386133e-01 3.621036e-01
    outer loop
      vertex   -1.655098e-01 -1.427329e+01 5.786142e+00
      vertex   -1.584040e-01 -1.428805e+01 5.827418e+00
      vertex   -1.332401e-01 -1.427481e+01 5.839926e+00
    endloop
  endfacet
  facet normal -5.565837e-01 7.749644e-01 2.994073e-01
    outer loop
      vertex   -1.332401e-01 -1.427481e+01 5.839926e+00
      vertex   -1.584040e-01 -1.428805e+01 5.827418e+00
      vertex   -1.169729e-01 -1.428384e+01 5.893532e+00
    endloop
  endfacet
  facet normal -6.199863e-01 7.209669e-01 3.095542e-01
    outer loop
      vertex   -1.332401e-01 -1.427481e+01 5.839926e+00
      vertex   -1.169729e-01 -1.428384e+01 5.893532e+00
      vertex   -9.501874e-02 -1.427232e+01 5.910669e+00
    endloop
  endfacet
  facet normal -5.692171e-01 7.995264e-01 1.917014e-01
    outer loop
      vertex   -9.501874e-02 -1.427232e+01 5.910669e+00
      vertex   -1.169729e-01 -1.428384e+01 5.893532e+00
      vertex   -6.334462e-02 -1.426635e+01 5.979822e+00
    endloop
  endfacet
  facet normal -5.482083e-01 8.166087e-01 1.806042e-01
    outer loop
      vertex   -9.501874e-02 -1.427232e+01 5.910669e+00
      vertex   -6.334462e-02 -1.426635e+01 5.979822e+00
      vertex   -7.009871e-02 -1.426007e+01 5.930934e+00
    endloop
  endfacet
  facet normal -6.292764e-01 7.551090e-01 1.839065e-01
    outer loop
      vertex   -7.009871e-02 -1.426007e+01 5.930934e+00
      vertex   -6.334462e-02 -1.426635e+01 5.979822e+00
      vertex   -5.249884e-03 -1.423418e+01 6.046520e+00
    endloop
  endfacet
  facet normal -4.598634e-01 8.859914e-01 5.953983e-02
    outer loop
      vertex   -7.009871e-02 -1.426007e+01 5.930934e+00
      vertex   -5.249884e-03 -1.423418e+01 6.046520e+00
      vertex   -3.321129e-02 -1.424302e+01 5.962111e+00
    endloop
  endfacet
  facet normal -4.379118e-01 8.975670e-01 5.105569e-02
    outer loop
      vertex   -3.321129e-02 -1.424302e+01 5.962111e+00
      vertex   -5.249884e-03 -1.423418e+01 6.046520e+00
      vertex   1.032329e-03 -1.422802e+01 5.992088e+00
    endloop
  endfacet
  facet normal -4.857068e-01 8.656164e-01 1.216436e-01
    outer loop
      vertex   -3.321129e-02 -1.424302e+01 5.962111e+00
      vertex   1.032329e-03 -1.422802e+01 5.992088e+00
      vertex   -2.466263e-02 -1.423027e+01 5.905519e+00
    endloop
  endfacet
  facet normal -3.669525e-01 9.263651e-01 8.481487e-02
    outer loop
      vertex   -2.466263e-02 -1.423027e+01 5.905519e+00
      vertex   1.032329e-03 -1.422802e+01 5.992088e+00
      vertex   1.851517e-02 -1.421589e+01 5.935266e+00
    endloop
  endfacet
  facet normal -3.961531e-01 9.080483e-01 1.360552e-01
    outer loop
      vertex   -2.466263e-02 -1.423027e+01 5.905519e+00
      vertex   1.851517e-02 -1.421589e+01 5.935266e+00
      vertex   -2.270947e-04 -1.421343e+01 5.864260e+00
    endloop
  endfacet
  facet normal -3.026731e-01 9.464065e-01 1.127111e-01
    outer loop
      vertex   -2.270947e-04 -1.421343e+01 5.864260e+00
      vertex   1.851517e-02 -1.421589e+01 5.935266e+00
      vertex   4.811819e-02 -1.420137e+01 5.892809e+00
    endloop
  endfacet
  facet normal -3.241465e-01 9.332859e-01 1.546172e-01
    outer loop
      vertex   -2.270947e-04 -1.421343e+01 5.864260e+00
      vertex   4.811819e-02 -1.420137e+01 5.892809e+00
      vertex   3.128694e-02 -1.419488e+01 5.818360e+00
    endloop
  endfacet
  facet normal -2.338434e-01 9.626083e-01 1.367571e-01
    outer loop
      vertex   3.128694e-02 -1.419488e+01 5.818360e+00
      vertex   4.811819e-02 -1.420137e+01 5.892809e+00
      vertex   8.421702e-02 -1.418589e+01 5.845593e+00
    endloop
  endfacet
  facet normal -2.555251e-01 9.492666e-01 1.833024e-01
    outer loop
      vertex   3.128694e-02 -1.419488e+01 5.818360e+00
      vertex   8.421702e-02 -1.418589e+01 5.845593e+00
      vertex   6.966899e-02 -1.417481e+01 5.767921e+00
    endloop
  endfacet
  facet normal -1.695907e-01 9.706952e-01 1.702642e-01
    outer loop
      vertex   6.966899e-02 -1.417481e+01 5.767921e+00
      vertex   8.421702e-02 -1.418589e+01 5.845593e+00
      vertex   1.268404e-01 -1.416936e+01 5.793826e+00
    endloop
  endfacet
  facet normal -1.914130e-01 9.561964e-01 2.214712e-01
    outer loop
      vertex   6.966899e-02 -1.417481e+01 5.767921e+00
      vertex   1.268404e-01 -1.416936e+01 5.793826e+00
      vertex   1.150500e-01 -1.415306e+01 5.713236e+00
    endloop
  endfacet
  facet normal -1.142648e-01 9.703376e-01 2.130455e-01
    outer loop
      vertex   1.150500e-01 -1.415306e+01 5.713236e+00
      vertex   1.268404e-01 -1.416936e+01 5.793826e+00
      vertex   1.764736e-01 -1.414760e+01 5.721335e+00
    endloop
  endfacet
  facet normal -5.005588e-01 7.174262e-01 4.845003e-01
    outer loop
      vertex   -2.623940e-01 -1.428635e+01 5.696227e+00
      vertex   -2.351303e-01 -1.430054e+01 5.745405e+00
      vertex   -2.299725e-01 -1.428577e+01 5.728863e+00
    endloop
  endfacet
  facet normal -5.508119e-01 7.005210e-01 4.537364e-01
    outer loop
      vertex   -2.299725e-01 -1.428577e+01 5.728863e+00
      vertex   -2.351303e-01 -1.430054e+01 5.745405e+00
      vertex   -1.931777e-01 -1.428826e+01 5.777374e+00
    endloop
  endfacet
  facet normal -5.561673e-01 6.885642e-01 4.653571e-01
    outer loop
      vertex   -1.931777e-01 -1.428826e+01 5.777374e+00
      vertex   -2.351303e-01 -1.430054e+01 5.745405e+00
      vertex   -2.167475e-01 -1.430359e+01 5.771879e+00
    endloop
  endfacet
  facet normal -5.183379e-01 7.309087e-01 4.439575e-01
    outer loop
      vertex   -2.167475e-01 -1.430359e+01 5.771879e+00
      vertex   -2.351303e-01 -1.430054e+01 5.745405e+00
      vertex   -2.078905e-01 -1.430892e+01 5.790999e+00
    endloop
  endfacet
  facet normal -6.248164e-01 6.275951e-01 4.644663e-01
    outer loop
      vertex   -2.167475e-01 -1.430359e+01 5.771879e+00
      vertex   -2.078905e-01 -1.430892e+01 5.790999e+00
      vertex   -1.797432e-01 -1.430109e+01 5.818290e+00
    endloop
  endfacet
  facet normal -6.101768e-01 6.585158e-01 4.405012e-01
    outer loop
      vertex   -1.797432e-01 -1.430109e+01 5.818290e+00
      vertex   -2.078905e-01 -1.430892e+01 5.790999e+00
      vertex   -1.816537e-01 -1.431191e+01 5.831817e+00
    endloop
  endfacet
  facet normal -6.627139e-01 6.276919e-01 4.084277e-01
    outer loop
      vertex   -1.797432e-01 -1.430109e+01 5.818290e+00
      vertex   -1.816537e-01 -1.431191e+01 5.831817e+00
      vertex   -1.354463e-01 -1.429441e+01 5.879902e+00
    endloop
  endfacet
  facet normal -6.775660e-01 5.927105e-01 4.354292e-01
    outer loop
      vertex   -1.354463e-01 -1.429441e+01 5.879902e+00
      vertex   -1.816537e-01 -1.431191e+01 5.831817e+00
      vertex   -1.500962e-01 -1.430389e+01 5.870003e+00
    endloop
  endfacet
  facet normal -6.580157e-01 6.804350e-01 3.225269e-01
    outer loop
      vertex   -1.354463e-01 -1.429441e+01 5.879902e+00
      vertex   -1.500962e-01 -1.430389e+01 5.870003e+00
      vertex   -1.069157e-01 -1.429048e+01 5.929799e+00
    endloop
  endfacet
  facet normal -7.705262e-01 4.446959e-01 4.566563e-01
    outer loop
      vertex   -1.069157e-01 -1.429048e+01 5.929799e+00
      vertex   -1.500962e-01 -1.430389e+01 5.870003e+00
      vertex   -1.141775e-01 -1.429450e+01 5.921462e+00
    endloop
  endfacet
  facet normal -6.908056e-01 6.220021e-01 3.686476e-01
    outer loop
      vertex   -1.141775e-01 -1.429450e+01 5.921462e+00
      vertex   -1.500962e-01 -1.430389e+01 5.870003e+00
      vertex   -1.583582e-01 -1.431041e+01 5.865517e+00
    endloop
  endfacet
  facet normal -7.853066e-01 3.225661e-01 5.284360e-01
    outer loop
      vertex   -1.141775e-01 -1.429450e+01 5.921462e+00
      vertex   -1.583582e-01 -1.431041e+01 5.865517e+00
      vertex   -1.387430e-01 -1.430583e+01 5.891871e+00
    endloop
  endfacet
  facet normal -6.906752e-01 5.643210e-01 4.522273e-01
    outer loop
      vertex   -1.816537e-01 -1.431191e+01 5.831817e+00
      vertex   -1.583582e-01 -1.431041e+01 5.865517e+00
      vertex   -1.500962e-01 -1.430389e+01 5.870003e+00
    endloop
  endfacet
  facet normal -7.853066e-01 3.225661e-01 5.284360e-01
    outer loop
      vertex   -1.141775e-01 -1.429450e+01 5.921462e+00
      vertex   -1.387430e-01 -1.430583e+01 5.891871e+00
      vertex   -1.178084e-01 -1.429651e+01 5.917294e+00
    endloop
  endfacet
  facet normal -7.853066e-01 3.225661e-01 5.284360e-01
    outer loop
      vertex   -1.178084e-01 -1.429651e+01 5.917294e+00
      vertex   -1.387430e-01 -1.430583e+01 5.891871e+00
      vertex   -1.226633e-01 -1.429918e+01 5.911710e+00
    endloop
  endfacet
  facet normal -7.853066e-01 3.225661e-01 5.284360e-01
    outer loop
      vertex   -1.178084e-01 -1.429651e+01 5.917294e+00
      vertex   -1.226633e-01 -1.429918e+01 5.911710e+00
      vertex   -1.214393e-01 -1.429852e+01 5.913125e+00
    endloop
  endfacet
  facet normal -7.425358e-01 5.508311e-01 3.810849e-01
    outer loop
      vertex   -1.069157e-01 -1.429048e+01 5.929799e+00
      vertex   -9.239198e-02 -1.428243e+01 5.946474e+00
      vertex   -1.354463e-01 -1.429441e+01 5.879902e+00
    endloop
  endfacet
  facet normal -6.200397e-01 7.372658e-01 2.683092e-01
    outer loop
      vertex   -1.354463e-01 -1.429441e+01 5.879902e+00
      vertex   -9.239198e-02 -1.428243e+01 5.946474e+00
      vertex   -1.169729e-01 -1.428384e+01 5.893532e+00
    endloop
  endfacet
  facet normal -6.506607e-01 6.657173e-01 3.653232e-01
    outer loop
      vertex   -1.354463e-01 -1.429441e+01 5.879902e+00
      vertex   -1.169729e-01 -1.428384e+01 5.893532e+00
      vertex   -1.584040e-01 -1.428805e+01 5.827418e+00
    endloop
  endfacet
  facet normal -7.087976e-01 6.325140e-01 3.123010e-01
    outer loop
      vertex   -9.239198e-02 -1.428243e+01 5.946474e+00
      vertex   -6.334462e-02 -1.426635e+01 5.979822e+00
      vertex   -1.169729e-01 -1.428384e+01 5.893532e+00
    endloop
  endfacet
  facet normal -4.237168e-01 9.042165e-01 5.344665e-02
    outer loop
      vertex   -5.249884e-03 -1.423418e+01 6.046520e+00
      vertex   1.855907e-02 -1.422042e+01 6.002438e+00
      vertex   1.032329e-03 -1.422802e+01 5.992088e+00
    endloop
  endfacet
  facet normal -4.272787e-01 9.020554e-01 6.106542e-02
    outer loop
      vertex   1.032329e-03 -1.422802e+01 5.992088e+00
      vertex   1.855907e-02 -1.422042e+01 6.002438e+00
      vertex   1.851517e-02 -1.421589e+01 5.935266e+00
    endloop
  endfacet
  facet normal -3.328363e-01 9.408363e-01 6.361700e-02
    outer loop
      vertex   1.855907e-02 -1.422042e+01 6.002438e+00
      vertex   4.675095e-02 -1.420703e+01 5.952020e+00
      vertex   1.851517e-02 -1.421589e+01 5.935266e+00
    endloop
  endfacet
  facet normal -3.420876e-01 9.361090e-01 8.170698e-02
    outer loop
      vertex   1.851517e-02 -1.421589e+01 5.935266e+00
      vertex   4.675095e-02 -1.420703e+01 5.952020e+00
      vertex   4.811819e-02 -1.420137e+01 5.892809e+00
    endloop
  endfacet
  facet normal -2.976512e-01 9.509584e-01 8.415446e-02
    outer loop
      vertex   4.811819e-02 -1.420137e+01 5.892809e+00
      vertex   4.675095e-02 -1.420703e+01 5.952020e+00
      vertex   8.421702e-02 -1.418589e+01 5.845593e+00
    endloop
  endfacet
  facet normal -2.063612e-01 9.710545e-01 1.202844e-01
    outer loop
      vertex   8.421702e-02 -1.418589e+01 5.845593e+00
      vertex   4.675095e-02 -1.420703e+01 5.952020e+00
      vertex   1.096335e-01 -1.417995e+01 5.841249e+00
    endloop
  endfacet
  facet normal -2.019693e-01 9.688918e-01 1.430285e-01
    outer loop
      vertex   8.421702e-02 -1.418589e+01 5.845593e+00
      vertex   1.096335e-01 -1.417995e+01 5.841249e+00
      vertex   1.268404e-01 -1.416936e+01 5.793826e+00
    endloop
  endfacet
  facet normal -2.304564e-01 9.641385e-01 1.316311e-01
    outer loop
      vertex   1.268404e-01 -1.416936e+01 5.793826e+00
      vertex   1.096335e-01 -1.417995e+01 5.841249e+00
      vertex   1.764736e-01 -1.414760e+01 5.721335e+00
    endloop
  endfacet
  facet normal 3.828791e-03 7.541196e-01 6.567260e-01
    outer loop
      vertex   3.589833e-01 -1.395059e+01 5.327562e+00
      vertex   3.789955e-01 -1.389505e+01 5.263668e+00
      vertex   2.973011e-01 -1.390554e+01 5.276184e+00
    endloop
  endfacet
  facet normal 1.842115e-02 7.039817e-01 7.099792e-01
    outer loop
      vertex   2.973011e-01 -1.390554e+01 5.276184e+00
      vertex   3.789955e-01 -1.389505e+01 5.263668e+00
      vertex   2.976132e-01 -1.383935e+01 5.210553e+00
    endloop
  endfacet
  facet normal -1.169953e-02 7.041246e-01 7.099801e-01
    outer loop
      vertex   2.973011e-01 -1.390554e+01 5.276184e+00
      vertex   2.976132e-01 -1.383935e+01 5.210553e+00
      vertex   2.058898e-01 -1.390101e+01 5.270191e+00
    endloop
  endfacet
  facet normal -3.983423e-03 6.982843e-01 7.158094e-01
    outer loop
      vertex   2.058898e-01 -1.390101e+01 5.270191e+00
      vertex   2.976132e-01 -1.383935e+01 5.210553e+00
      vertex   2.002515e-01 -1.383685e+01 5.207568e+00
    endloop
  endfacet
  facet normal -2.668051e-02 6.970188e-01 7.165563e-01
    outer loop
      vertex   2.058898e-01 -1.390101e+01 5.270191e+00
      vertex   2.002515e-01 -1.383685e+01 5.207568e+00
      vertex   1.138730e-01 -1.390191e+01 5.267638e+00
    endloop
  endfacet
  facet normal -1.875463e-02 6.915768e-01 7.220594e-01
    outer loop
      vertex   1.138730e-01 -1.390191e+01 5.267638e+00
      vertex   2.002515e-01 -1.383685e+01 5.207568e+00
      vertex   1.024984e-01 -1.384014e+01 5.208178e+00
    endloop
  endfacet
  facet normal -4.085338e-02 6.889996e-01 7.236094e-01
    outer loop
      vertex   1.138730e-01 -1.390191e+01 5.267638e+00
      vertex   1.024984e-01 -1.384014e+01 5.208178e+00
      vertex   2.216228e-02 -1.390842e+01 5.268658e+00
    endloop
  endfacet
  facet normal -3.277953e-02 6.840270e-01 7.287198e-01
    outer loop
      vertex   2.216228e-02 -1.390842e+01 5.268658e+00
      vertex   1.024984e-01 -1.384014e+01 5.208178e+00
      vertex   5.367127e-03 -1.384940e+01 5.212502e+00
    endloop
  endfacet
  facet normal -5.421238e-02 6.801552e-01 7.310608e-01
    outer loop
      vertex   2.216228e-02 -1.390842e+01 5.268658e+00
      vertex   5.367127e-03 -1.384940e+01 5.212502e+00
      vertex   -6.860740e-02 -1.392071e+01 5.273359e+00
    endloop
  endfacet
  facet normal -4.603558e-02 6.756800e-01 7.357563e-01
    outer loop
      vertex   -6.860740e-02 -1.392071e+01 5.273359e+00
      vertex   5.367127e-03 -1.384940e+01 5.212502e+00
      vertex   -9.051669e-02 -1.386479e+01 5.220640e+00
    endloop
  endfacet
  facet normal -6.673894e-02 6.705179e-01 7.388854e-01
    outer loop
      vertex   -6.860740e-02 -1.392071e+01 5.273359e+00
      vertex   -9.051669e-02 -1.386479e+01 5.220640e+00
      vertex   -1.578010e-01 -1.393894e+01 5.281849e+00
    endloop
  endfacet
  facet normal -5.849775e-02 6.665612e-01 7.431515e-01
    outer loop
      vertex   -1.578010e-01 -1.393894e+01 5.281849e+00
      vertex   -9.051669e-02 -1.386479e+01 5.220640e+00
      vertex   -1.845274e-01 -1.388648e+01 5.232693e+00
    endloop
  endfacet
  facet normal -7.847407e-02 6.600744e-01 7.470901e-01
    outer loop
      vertex   -1.578010e-01 -1.393894e+01 5.281849e+00
      vertex   -1.845274e-01 -1.388648e+01 5.232693e+00
      vertex   -2.448848e-01 -1.396337e+01 5.294284e+00
    endloop
  endfacet
  facet normal -7.021395e-02 6.566547e-01 7.509159e-01
    outer loop
      vertex   -2.448848e-01 -1.396337e+01 5.294284e+00
      vertex   -1.845274e-01 -1.388648e+01 5.232693e+00
      vertex   -2.761448e-01 -1.391472e+01 5.248816e+00
    endloop
  endfacet
  facet normal -8.939046e-02 6.487974e-01 7.556926e-01
    outer loop
      vertex   -2.448848e-01 -1.396337e+01 5.294284e+00
      vertex   -2.761448e-01 -1.391472e+01 5.248816e+00
      vertex   -3.289306e-01 -1.399417e+01 5.310791e+00
    endloop
  endfacet
  facet normal -8.120985e-02 6.459679e-01 7.590325e-01
    outer loop
      vertex   -3.289306e-01 -1.399417e+01 5.310791e+00
      vertex   -2.761448e-01 -1.391472e+01 5.248816e+00
      vertex   -3.644343e-01 -1.394969e+01 5.269134e+00
    endloop
  endfacet
  facet normal 4.641026e-03 6.936692e-01 7.202788e-01
    outer loop
      vertex   3.789955e-01 -1.389505e+01 5.263668e+00
      vertex   3.936015e-01 -1.383325e+01 5.204052e+00
      vertex   2.976132e-01 -1.383935e+01 5.210553e+00
    endloop
  endfacet
  facet normal 1.184912e-02 6.354686e-01 7.720358e-01
    outer loop
      vertex   2.976132e-01 -1.383935e+01 5.210553e+00
      vertex   3.936015e-01 -1.383325e+01 5.204052e+00
      vertex   2.979205e-01 -1.376740e+01 5.151322e+00
    endloop
  endfacet
  facet normal -7.320354e-03 6.355450e-01 7.720291e-01
    outer loop
      vertex   2.976132e-01 -1.383935e+01 5.210553e+00
      vertex   2.979205e-01 -1.376740e+01 5.151322e+00
      vertex   2.002515e-01 -1.383685e+01 5.207568e+00
    endloop
  endfacet
  facet normal -2.706098e-03 6.316581e-01 7.752423e-01
    outer loop
      vertex   2.002515e-01 -1.383685e+01 5.207568e+00
      vertex   2.979205e-01 -1.376740e+01 5.151322e+00
      vertex   1.945209e-01 -1.376736e+01 5.150929e+00
    endloop
  endfacet
  facet normal -1.637904e-02 6.308979e-01 7.756930e-01
    outer loop
      vertex   2.002515e-01 -1.383685e+01 5.207568e+00
      vertex   1.945209e-01 -1.376736e+01 5.150929e+00
      vertex   1.024984e-01 -1.384014e+01 5.208178e+00
    endloop
  endfacet
  facet normal -1.162194e-02 6.272640e-01 7.787200e-01
    outer loop
      vertex   1.024984e-01 -1.384014e+01 5.208178e+00
      vertex   1.945209e-01 -1.376736e+01 5.150929e+00
      vertex   9.095141e-02 -1.377347e+01 5.154304e+00
    endloop
  endfacet
  facet normal -2.495205e-02 6.257112e-01 7.796556e-01
    outer loop
      vertex   1.024984e-01 -1.384014e+01 5.208178e+00
      vertex   9.095141e-02 -1.377347e+01 5.154304e+00
      vertex   5.367127e-03 -1.384940e+01 5.212502e+00
    endloop
  endfacet
  facet normal -2.009298e-02 6.223810e-01 7.824565e-01
    outer loop
      vertex   5.367127e-03 -1.384940e+01 5.212502e+00
      vertex   9.095141e-02 -1.377347e+01 5.154304e+00
      vertex   -1.166319e-02 -1.378589e+01 5.161552e+00
    endloop
  endfacet
  facet normal -3.302006e-02 6.200476e-01 7.838690e-01
    outer loop
      vertex   5.367127e-03 -1.384940e+01 5.212502e+00
      vertex   -1.166319e-02 -1.378589e+01 5.161552e+00
      vertex   -9.051669e-02 -1.386479e+01 5.220640e+00
    endloop
  endfacet
  facet normal -2.808949e-02 6.170388e-01 7.864313e-01
    outer loop
      vertex   -9.051669e-02 -1.386479e+01 5.220640e+00
      vertex   -1.166319e-02 -1.378589e+01 5.161552e+00
      vertex   -1.127088e-01 -1.380479e+01 5.172765e+00
    endloop
  endfacet
  facet normal -4.056493e-02 6.139300e-01 7.883175e-01
    outer loop
      vertex   -9.051669e-02 -1.386479e+01 5.220640e+00
      vertex   -1.127088e-01 -1.380479e+01 5.172765e+00
      vertex   -1.845274e-01 -1.388648e+01 5.232693e+00
    endloop
  endfacet
  facet normal -3.558964e-02 6.112549e-01 7.906332e-01
    outer loop
      vertex   -1.845274e-01 -1.388648e+01 5.232693e+00
      vertex   -1.127088e-01 -1.380479e+01 5.172765e+00
      vertex   -2.115713e-01 -1.383030e+01 5.188037e+00
    endloop
  endfacet
  facet normal -4.761356e-02 6.073521e-01 7.930046e-01
    outer loop
      vertex   -1.845274e-01 -1.388648e+01 5.232693e+00
      vertex   -2.115713e-01 -1.383030e+01 5.188037e+00
      vertex   -2.761448e-01 -1.391472e+01 5.248816e+00
    endloop
  endfacet
  facet normal -4.262382e-02 6.050209e-01 7.950679e-01
    outer loop
      vertex   -2.761448e-01 -1.391472e+01 5.248816e+00
      vertex   -2.115713e-01 -1.383030e+01 5.188037e+00
      vertex   -3.077463e-01 -1.386268e+01 5.207524e+00
    endloop
  endfacet
  facet normal -5.416283e-02 6.002946e-01 7.979428e-01
    outer loop
      vertex   -2.761448e-01 -1.391472e+01 5.248816e+00
      vertex   -3.077463e-01 -1.386268e+01 5.207524e+00
      vertex   -3.644343e-01 -1.394969e+01 5.269134e+00
    endloop
  endfacet
  facet normal 3.187477e-03 6.278932e-01 7.782930e-01
    outer loop
      vertex   3.936015e-01 -1.383325e+01 5.204052e+00
      vertex   4.024492e-01 -1.376590e+01 5.149682e+00
      vertex   2.979205e-01 -1.376740e+01 5.151322e+00
    endloop
  endfacet
  facet normal -3.733404e-01 9.046361e-01 2.055493e-01
    outer loop
      vertex   -2.270947e-04 -1.421343e+01 5.864260e+00
      vertex   -2.079351e-02 -1.420598e+01 5.794118e+00
      vertex   -4.703071e-02 -1.422696e+01 5.838796e+00
    endloop
  endfacet
  facet normal -3.354198e-01 9.131069e-01 2.317959e-01
    outer loop
      vertex   -4.703071e-02 -1.422696e+01 5.838796e+00
      vertex   -2.079351e-02 -1.420598e+01 5.794118e+00
      vertex   -7.132345e-02 -1.421921e+01 5.773127e+00
    endloop
  endfacet
  facet normal -4.190169e-01 8.706377e-01 2.577107e-01
    outer loop
      vertex   -4.703071e-02 -1.422696e+01 5.838796e+00
      vertex   -7.132345e-02 -1.421921e+01 5.773127e+00
      vertex   -8.886853e-02 -1.424094e+01 5.818020e+00
    endloop
  endfacet
  facet normal -3.806778e-01 8.818860e-01 2.781395e-01
    outer loop
      vertex   -8.886853e-02 -1.424094e+01 5.818020e+00
      vertex   -7.132345e-02 -1.421921e+01 5.773127e+00
      vertex   -1.165894e-01 -1.423356e+01 5.756660e+00
    endloop
  endfacet
  facet normal -4.632058e-01 8.305473e-01 3.092433e-01
    outer loop
      vertex   -8.886853e-02 -1.424094e+01 5.818020e+00
      vertex   -1.165894e-01 -1.423356e+01 5.756660e+00
      vertex   -1.344161e-01 -1.425887e+01 5.797955e+00
    endloop
  endfacet
  facet normal -4.270298e-01 8.412996e-01 3.314523e-01
    outer loop
      vertex   -1.344161e-01 -1.425887e+01 5.797955e+00
      vertex   -1.165894e-01 -1.423356e+01 5.756660e+00
      vertex   -1.659898e-01 -1.425275e+01 5.741737e+00
    endloop
  endfacet
  facet normal -5.023729e-01 7.827183e-01 3.673875e-01
    outer loop
      vertex   -1.344161e-01 -1.425887e+01 5.797955e+00
      vertex   -1.659898e-01 -1.425275e+01 5.741737e+00
      vertex   -1.655098e-01 -1.427329e+01 5.786142e+00
    endloop
  endfacet
  facet normal -4.663825e-01 8.009598e-01 3.754340e-01
    outer loop
      vertex   -1.655098e-01 -1.427329e+01 5.786142e+00
      vertex   -1.659898e-01 -1.425275e+01 5.741737e+00
      vertex   -1.998025e-01 -1.426872e+01 5.733804e+00
    endloop
  endfacet
  facet normal -3.487423e-01 8.960902e-01 2.745927e-01
    outer loop
      vertex   -2.079351e-02 -1.420598e+01 5.794118e+00
      vertex   -4.308670e-02 -1.419354e+01 5.725227e+00
      vertex   -7.132345e-02 -1.421921e+01 5.773127e+00
    endloop
  endfacet
  facet normal -3.137081e-01 9.014976e-01 2.981430e-01
    outer loop
      vertex   -7.132345e-02 -1.421921e+01 5.773127e+00
      vertex   -4.308670e-02 -1.419354e+01 5.725227e+00
      vertex   -9.743354e-02 -1.420704e+01 5.708845e+00
    endloop
  endfacet
  facet normal -3.904634e-01 8.624947e-01 3.219336e-01
    outer loop
      vertex   -7.132345e-02 -1.421921e+01 5.773127e+00
      vertex   -9.743354e-02 -1.420704e+01 5.708845e+00
      vertex   -1.165894e-01 -1.423356e+01 5.756660e+00
    endloop
  endfacet
  facet normal -3.555603e-01 8.704830e-01 3.403473e-01
    outer loop
      vertex   -1.165894e-01 -1.423356e+01 5.756660e+00
      vertex   -9.743354e-02 -1.420704e+01 5.708845e+00
      vertex   -1.461785e-01 -1.422224e+01 5.696794e+00
    endloop
  endfacet
  facet normal -4.313524e-01 8.233199e-01 3.688895e-01
    outer loop
      vertex   -1.165894e-01 -1.423356e+01 5.756660e+00
      vertex   -1.461785e-01 -1.422224e+01 5.696794e+00
      vertex   -1.659898e-01 -1.425275e+01 5.741737e+00
    endloop
  endfacet
  facet normal -3.979917e-01 8.309399e-01 3.887692e-01
    outer loop
      vertex   -1.659898e-01 -1.425275e+01 5.741737e+00
      vertex   -1.461785e-01 -1.422224e+01 5.696794e+00
      vertex   -1.994586e-01 -1.424323e+01 5.687115e+00
    endloop
  endfacet
  facet normal -4.662488e-01 7.778728e-01 4.213382e-01
    outer loop
      vertex   -1.659898e-01 -1.425275e+01 5.741737e+00
      vertex   -1.994586e-01 -1.424323e+01 5.687115e+00
      vertex   -1.998025e-01 -1.426872e+01 5.733804e+00
    endloop
  endfacet
  facet normal -4.346106e-01 7.917873e-01 4.291696e-01
    outer loop
      vertex   -1.998025e-01 -1.426872e+01 5.733804e+00
      vertex   -1.994586e-01 -1.424323e+01 5.687115e+00
      vertex   -2.359944e-01 -1.426112e+01 5.683127e+00
    endloop
  endfacet
  facet normal -2.859623e-01 9.404613e-01 1.837338e-01
    outer loop
      vertex   -2.270947e-04 -1.421343e+01 5.864260e+00
      vertex   3.128694e-02 -1.419488e+01 5.818360e+00
      vertex   -2.079351e-02 -1.420598e+01 5.794118e+00
    endloop
  endfacet
  facet normal -3.034197e-01 9.251111e-01 2.282673e-01
    outer loop
      vertex   -2.079351e-02 -1.420598e+01 5.794118e+00
      vertex   3.128694e-02 -1.419488e+01 5.818360e+00
      vertex   1.286462e-02 -1.418282e+01 5.744996e+00
    endloop
  endfacet
  facet normal -2.680249e-01 9.292031e-01 2.544490e-01
    outer loop
      vertex   -2.079351e-02 -1.420598e+01 5.794118e+00
      vertex   1.286462e-02 -1.418282e+01 5.744996e+00
      vertex   -4.308670e-02 -1.419354e+01 5.725227e+00
    endloop
  endfacet
  facet normal -2.810038e-01 9.113209e-01 3.008839e-01
    outer loop
      vertex   -4.308670e-02 -1.419354e+01 5.725227e+00
      vertex   1.286462e-02 -1.418282e+01 5.744996e+00
      vertex   -7.047706e-03 -1.416524e+01 5.673148e+00
    endloop
  endfacet
  facet normal -2.486574e-01 9.127740e-01 3.240573e-01
    outer loop
      vertex   -4.308670e-02 -1.419354e+01 5.725227e+00
      vertex   -7.047706e-03 -1.416524e+01 5.673148e+00
      vertex   -6.699340e-02 -1.417617e+01 5.657959e+00
    endloop
  endfacet
  facet normal -3.223454e-01 8.825154e-01 3.424326e-01
    outer loop
      vertex   -4.308670e-02 -1.419354e+01 5.725227e+00
      vertex   -6.699340e-02 -1.417617e+01 5.657959e+00
      vertex   -9.743354e-02 -1.420704e+01 5.708845e+00
    endloop
  endfacet
  facet normal -2.903884e-01 8.852894e-01 3.632317e-01
    outer loop
      vertex   -9.743354e-02 -1.420704e+01 5.708845e+00
      vertex   -6.699340e-02 -1.417617e+01 5.657959e+00
      vertex   -1.252383e-01 -1.419048e+01 5.646272e+00
    endloop
  endfacet
  facet normal -3.601204e-01 8.498315e-01 3.848373e-01
    outer loop
      vertex   -9.743354e-02 -1.420704e+01 5.708845e+00
      vertex   -1.252383e-01 -1.419048e+01 5.646272e+00
      vertex   -1.461785e-01 -1.422224e+01 5.696794e+00
    endloop
  endfacet
  facet normal -3.286459e-01 8.550275e-01 4.011482e-01
    outer loop
      vertex   -1.461785e-01 -1.422224e+01 5.696794e+00
      vertex   -1.252383e-01 -1.419048e+01 5.646272e+00
      vertex   -1.775067e-01 -1.420702e+01 5.638699e+00
    endloop
  endfacet
  facet normal -3.975429e-01 8.121400e-01 4.270694e-01
    outer loop
      vertex   -1.461785e-01 -1.422224e+01 5.696794e+00
      vertex   -1.775067e-01 -1.420702e+01 5.638699e+00
      vertex   -1.994586e-01 -1.424323e+01 5.687115e+00
    endloop
  endfacet
  facet normal -3.670884e-01 8.170723e-01 4.445659e-01
    outer loop
      vertex   -1.994586e-01 -1.424323e+01 5.687115e+00
      vertex   -1.775067e-01 -1.420702e+01 5.638699e+00
      vertex   -2.346883e-01 -1.423033e+01 5.634320e+00
    endloop
  endfacet
  facet normal -4.284851e-01 7.693171e-01 4.738689e-01
    outer loop
      vertex   -1.994586e-01 -1.424323e+01 5.687115e+00
      vertex   -2.346883e-01 -1.423033e+01 5.634320e+00
      vertex   -2.359944e-01 -1.426112e+01 5.683127e+00
    endloop
  endfacet
  facet normal -4.006974e-01 7.796963e-01 4.811603e-01
    outer loop
      vertex   -2.359944e-01 -1.426112e+01 5.683127e+00
      vertex   -2.346883e-01 -1.423033e+01 5.634320e+00
      vertex   -2.739487e-01 -1.425050e+01 5.634314e+00
    endloop
  endfacet
  facet normal -4.520898e-01 7.313657e-01 5.106066e-01
    outer loop
      vertex   -2.359944e-01 -1.426112e+01 5.683127e+00
      vertex   -2.739487e-01 -1.425050e+01 5.634314e+00
      vertex   -2.686622e-01 -1.428058e+01 5.682075e+00
    endloop
  endfacet
  facet normal -2.335137e-01 8.144595e-01 5.311564e-01
    outer loop
      vertex   -1.190783e-01 -1.412718e+01 5.529678e+00
      vertex   -1.469675e-01 -1.409583e+01 5.469355e+00
      vertex   -1.853289e-01 -1.414470e+01 5.527429e+00
    endloop
  endfacet
  facet normal -2.111317e-01 8.121117e-01 5.439651e-01
    outer loop
      vertex   -1.853289e-01 -1.414470e+01 5.527429e+00
      vertex   -1.469675e-01 -1.409583e+01 5.469355e+00
      vertex   -2.173090e-01 -1.411572e+01 5.471747e+00
    endloop
  endfacet
  facet normal -2.597733e-01 7.873975e-01 5.590376e-01
    outer loop
      vertex   -1.853289e-01 -1.414470e+01 5.527429e+00
      vertex   -2.173090e-01 -1.411572e+01 5.471747e+00
      vertex   -2.447571e-01 -1.416530e+01 5.528828e+00
    endloop
  endfacet
  facet normal -2.382143e-01 7.870221e-01 5.690783e-01
    outer loop
      vertex   -2.447571e-01 -1.416530e+01 5.528828e+00
      vertex   -2.173090e-01 -1.411572e+01 5.471747e+00
      vertex   -2.803636e-01 -1.413900e+01 5.477553e+00
    endloop
  endfacet
  facet normal -2.863664e-01 7.571123e-01 5.871757e-01
    outer loop
      vertex   -2.447571e-01 -1.416530e+01 5.528828e+00
      vertex   -2.803636e-01 -1.413900e+01 5.477553e+00
      vertex   -3.097945e-01 -1.419472e+01 5.535044e+00
    endloop
  endfacet
  facet normal -2.648577e-01 7.566649e-01 5.977529e-01
    outer loop
      vertex   -3.097945e-01 -1.419472e+01 5.535044e+00
      vertex   -2.803636e-01 -1.413900e+01 5.477553e+00
      vertex   -3.493492e-01 -1.417218e+01 5.488976e+00
    endloop
  endfacet
  facet normal -2.012315e-01 7.825369e-01 5.891875e-01
    outer loop
      vertex   -1.469675e-01 -1.409583e+01 5.469355e+00
      vertex   -1.758954e-01 -1.406011e+01 5.412036e+00
      vertex   -2.173090e-01 -1.411572e+01 5.471747e+00
    endloop
  endfacet
  facet normal -1.821726e-01 7.793875e-01 5.994733e-01
    outer loop
      vertex   -2.173090e-01 -1.411572e+01 5.471747e+00
      vertex   -1.758954e-01 -1.406011e+01 5.412036e+00
      vertex   -2.503753e-01 -1.408284e+01 5.418947e+00
    endloop
  endfacet
  facet normal -2.236343e-01 7.583217e-01 6.123201e-01
    outer loop
      vertex   -2.173090e-01 -1.411572e+01 5.471747e+00
      vertex   -2.503753e-01 -1.408284e+01 5.418947e+00
      vertex   -2.803636e-01 -1.413900e+01 5.477553e+00
    endloop
  endfacet
  facet normal -1.815867e-01 8.357522e-01 5.182128e-01
    outer loop
      vertex   -1.469675e-01 -1.409583e+01 5.469355e+00
      vertex   -1.190783e-01 -1.412718e+01 5.529678e+00
      vertex   -7.441904e-02 -1.408092e+01 5.470729e+00
    endloop
  endfacet
  facet normal -2.042719e-01 8.393095e-01 5.038180e-01
    outer loop
      vertex   -7.441904e-02 -1.408092e+01 5.470729e+00
      vertex   -1.190783e-01 -1.412718e+01 5.529678e+00
      vertex   -5.082185e-02 -1.411413e+01 5.535611e+00
    endloop
  endfacet
  facet normal -1.501625e-01 8.568935e-01 4.931376e-01
    outer loop
      vertex   -7.441904e-02 -1.408092e+01 5.470729e+00
      vertex   -5.082185e-02 -1.411413e+01 5.535611e+00
      vertex   -5.472444e-04 -1.407084e+01 5.475715e+00
    endloop
  endfacet
  facet normal -1.729818e-01 8.615280e-01 4.773329e-01
    outer loop
      vertex   -5.472444e-04 -1.407084e+01 5.475715e+00
      vertex   -5.082185e-02 -1.411413e+01 5.535611e+00
      vertex   1.858040e-02 -1.410543e+01 5.545060e+00
    endloop
  endfacet
  facet normal -1.170715e-01 8.754761e-01 4.688665e-01
    outer loop
      vertex   -5.472444e-04 -1.407084e+01 5.475715e+00
      vertex   1.858040e-02 -1.410543e+01 5.545060e+00
      vertex   7.409680e-02 -1.406538e+01 5.484155e+00
    endloop
  endfacet
  facet normal -1.399727e-01 8.811202e-01 4.517022e-01
    outer loop
      vertex   7.409680e-02 -1.406538e+01 5.484155e+00
      vertex   1.858040e-02 -1.410543e+01 5.545060e+00
      vertex   8.858362e-02 -1.410087e+01 5.557864e+00
    endloop
  endfacet
  facet normal -8.221795e-02 8.915601e-01 4.453771e-01
    outer loop
      vertex   7.409680e-02 -1.406538e+01 5.484155e+00
      vertex   8.858362e-02 -1.410087e+01 5.557864e+00
      vertex   1.488757e-01 -1.406436e+01 5.495908e+00
    endloop
  endfacet
  facet normal -1.051871e-01 8.981550e-01 4.269112e-01
    outer loop
      vertex   1.488757e-01 -1.406436e+01 5.495908e+00
      vertex   8.858362e-02 -1.410087e+01 5.557864e+00
      vertex   1.585616e-01 -1.410028e+01 5.573871e+00
    endloop
  endfacet
  facet normal -4.552577e-02 9.051213e-01 4.227089e-01
    outer loop
      vertex   1.488757e-01 -1.406436e+01 5.495908e+00
      vertex   1.585616e-01 -1.410028e+01 5.573871e+00
      vertex   2.231520e-01 -1.406759e+01 5.510832e+00
    endloop
  endfacet
  facet normal -6.854458e-02 9.126233e-01 4.030141e-01
    outer loop
      vertex   2.231520e-01 -1.406759e+01 5.510832e+00
      vertex   1.585616e-01 -1.410028e+01 5.573871e+00
      vertex   2.278883e-01 -1.410349e+01 5.592928e+00
    endloop
  endfacet
  facet normal -1.263519e-01 7.556723e-01 6.426465e-01
    outer loop
      vertex   -1.315495e-01 -1.398737e+01 5.335212e+00
      vertex   -2.141354e-01 -1.400837e+01 5.343678e+00
      vertex   -1.758954e-01 -1.406011e+01 5.412036e+00
    endloop
  endfacet
  facet normal -1.651733e-01 7.397406e-01 6.523049e-01
    outer loop
      vertex   -1.758954e-01 -1.406011e+01 5.412036e+00
      vertex   -2.141354e-01 -1.400837e+01 5.343678e+00
      vertex   -2.503753e-01 -1.408284e+01 5.418947e+00
    endloop
  endfacet
  facet normal -1.568753e-01 8.007203e-01 5.781324e-01
    outer loop
      vertex   -1.758954e-01 -1.406011e+01 5.412036e+00
      vertex   -1.469675e-01 -1.409583e+01 5.469355e+00
      vertex   -9.897990e-02 -1.404283e+01 5.408974e+00
    endloop
  endfacet
  facet normal -1.761786e-01 8.049847e-01 5.665340e-01
    outer loop
      vertex   -9.897990e-02 -1.404283e+01 5.408974e+00
      vertex   -1.469675e-01 -1.409583e+01 5.469355e+00
      vertex   -7.441904e-02 -1.408092e+01 5.470729e+00
    endloop
  endfacet
  facet normal -1.299473e-01 8.200045e-01 5.574104e-01
    outer loop
      vertex   -9.897990e-02 -1.404283e+01 5.408974e+00
      vertex   -7.441904e-02 -1.408092e+01 5.470729e+00
      vertex   -2.053087e-02 -1.403084e+01 5.409618e+00
    endloop
  endfacet
  facet normal -1.493248e-01 8.252703e-01 5.446385e-01
    outer loop
      vertex   -2.053087e-02 -1.403084e+01 5.409618e+00
      vertex   -7.441904e-02 -1.408092e+01 5.470729e+00
      vertex   -5.472444e-04 -1.407084e+01 5.475715e+00
    endloop
  endfacet
  facet normal -1.015111e-01 8.371956e-01 5.374003e-01
    outer loop
      vertex   -2.053087e-02 -1.403084e+01 5.409618e+00
      vertex   -5.472444e-04 -1.407084e+01 5.475715e+00
      vertex   5.890032e-02 -1.402390e+01 5.413812e+00
    endloop
  endfacet
  facet normal -1.209020e-01 8.434097e-01 5.234909e-01
    outer loop
      vertex   5.890032e-02 -1.402390e+01 5.413812e+00
      vertex   -5.472444e-04 -1.407084e+01 5.475715e+00
      vertex   7.409680e-02 -1.406538e+01 5.484155e+00
    endloop
  endfacet
  facet normal -7.147534e-02 8.523407e-01 5.180798e-01
    outer loop
      vertex   5.890032e-02 -1.402390e+01 5.413812e+00
      vertex   7.409680e-02 -1.406538e+01 5.484155e+00
      vertex   1.386711e-01 -1.402184e+01 5.421426e+00
    endloop
  endfacet
  facet normal -9.084662e-02 8.594540e-01 5.030763e-01
    outer loop
      vertex   1.386711e-01 -1.402184e+01 5.421426e+00
      vertex   7.409680e-02 -1.406538e+01 5.484155e+00
      vertex   1.488757e-01 -1.406436e+01 5.495908e+00
    endloop
  endfacet
  facet normal -3.980089e-02 8.654093e-01 4.994823e-01
    outer loop
      vertex   1.386711e-01 -1.402184e+01 5.421426e+00
      vertex   1.488757e-01 -1.406436e+01 5.495908e+00
      vertex   2.181389e-01 -1.402448e+01 5.432328e+00
    endloop
  endfacet
  facet normal -5.911092e-02 8.733772e-01 4.834440e-01
    outer loop
      vertex   2.181389e-01 -1.402448e+01 5.432328e+00
      vertex   1.488757e-01 -1.406436e+01 5.495908e+00
      vertex   2.231520e-01 -1.406759e+01 5.510832e+00
    endloop
  endfacet
  facet normal -6.327522e-03 8.763193e-01 4.816892e-01
    outer loop
      vertex   2.181389e-01 -1.402448e+01 5.432328e+00
      vertex   2.231520e-01 -1.406759e+01 5.510832e+00
      vertex   2.965931e-01 -1.403163e+01 5.446378e+00
    endloop
  endfacet
  facet normal -1.656248e-01 7.187998e-01 6.752002e-01
    outer loop
      vertex   -3.170805e-01 -1.410922e+01 5.429052e+00
      vertex   -2.939598e-01 -1.403537e+01 5.356110e+00
      vertex   -3.653580e-01 -1.406626e+01 5.371483e+00
    endloop
  endfacet
  facet normal -3.556540e-01 9.199554e-01 1.649007e-01
    outer loop
      vertex   -2.270947e-04 -1.421343e+01 5.864260e+00
      vertex   -4.703071e-02 -1.422696e+01 5.838796e+00
      vertex   -2.466263e-02 -1.423027e+01 5.905519e+00
    endloop
  endfacet
  facet normal -4.457773e-01 8.741259e-01 1.928380e-01
    outer loop
      vertex   -2.466263e-02 -1.423027e+01 5.905519e+00
      vertex   -4.703071e-02 -1.422696e+01 5.838796e+00
      vertex   -6.313060e-02 -1.424439e+01 5.880585e+00
    endloop
  endfacet
  facet normal -4.192240e-01 8.972094e-01 1.388039e-01
    outer loop
      vertex   -2.466263e-02 -1.423027e+01 5.905519e+00
      vertex   -6.313060e-02 -1.424439e+01 5.880585e+00
      vertex   -3.321129e-02 -1.424302e+01 5.962111e+00
    endloop
  endfacet
  facet normal -5.355455e-01 8.245043e-01 1.827119e-01
    outer loop
      vertex   -3.321129e-02 -1.424302e+01 5.962111e+00
      vertex   -6.313060e-02 -1.424439e+01 5.880585e+00
      vertex   -7.009871e-02 -1.426007e+01 5.930934e+00
    endloop
  endfacet
  facet normal -4.040464e-01 8.890762e-01 2.151511e-01
    outer loop
      vertex   -6.313060e-02 -1.424439e+01 5.880585e+00
      vertex   -4.703071e-02 -1.422696e+01 5.838796e+00
      vertex   -8.886853e-02 -1.424094e+01 5.818020e+00
    endloop
  endfacet
  facet normal -4.930414e-01 8.336975e-01 2.487139e-01
    outer loop
      vertex   -6.313060e-02 -1.424439e+01 5.880585e+00
      vertex   -8.886853e-02 -1.424094e+01 5.818020e+00
      vertex   -1.048582e-01 -1.426159e+01 5.855525e+00
    endloop
  endfacet
  facet normal -4.541798e-01 8.480015e-01 2.731558e-01
    outer loop
      vertex   -1.048582e-01 -1.426159e+01 5.855525e+00
      vertex   -8.886853e-02 -1.424094e+01 5.818020e+00
      vertex   -1.344161e-01 -1.425887e+01 5.797955e+00
    endloop
  endfacet
  facet normal -5.368910e-01 7.836055e-01 3.125867e-01
    outer loop
      vertex   -1.048582e-01 -1.426159e+01 5.855525e+00
      vertex   -1.344161e-01 -1.425887e+01 5.797955e+00
      vertex   -1.332401e-01 -1.427481e+01 5.839926e+00
    endloop
  endfacet
  facet normal -4.958395e-01 8.071559e-01 3.203788e-01
    outer loop
      vertex   -1.332401e-01 -1.427481e+01 5.839926e+00
      vertex   -1.344161e-01 -1.425887e+01 5.797955e+00
      vertex   -1.655098e-01 -1.427329e+01 5.786142e+00
    endloop
  endfacet
  facet normal -5.851887e-01 7.700100e-01 2.542415e-01
    outer loop
      vertex   -9.501874e-02 -1.427232e+01 5.910669e+00
      vertex   -7.009871e-02 -1.426007e+01 5.930934e+00
      vertex   -1.048582e-01 -1.426159e+01 5.855525e+00
    endloop
  endfacet
  facet normal -4.742271e-01 8.570706e-01 2.013422e-01
    outer loop
      vertex   -1.048582e-01 -1.426159e+01 5.855525e+00
      vertex   -7.009871e-02 -1.426007e+01 5.930934e+00
      vertex   -6.313060e-02 -1.424439e+01 5.880585e+00
    endloop
  endfacet
  facet normal -5.188993e-01 8.169849e-01 2.515536e-01
    outer loop
      vertex   -9.501874e-02 -1.427232e+01 5.910669e+00
      vertex   -1.048582e-01 -1.426159e+01 5.855525e+00
      vertex   -1.332401e-01 -1.427481e+01 5.839926e+00
    endloop
  endfacet
  facet normal -5.624357e-01 7.181044e-01 4.098686e-01
    outer loop
      vertex   -2.167475e-01 -1.430359e+01 5.771879e+00
      vertex   -1.797432e-01 -1.430109e+01 5.818290e+00
      vertex   -1.931777e-01 -1.428826e+01 5.777374e+00
    endloop
  endfacet
  facet normal -5.969555e-01 6.884601e-01 4.119064e-01
    outer loop
      vertex   -1.931777e-01 -1.428826e+01 5.777374e+00
      vertex   -1.797432e-01 -1.430109e+01 5.818290e+00
      vertex   -1.584040e-01 -1.428805e+01 5.827418e+00
    endloop
  endfacet
  facet normal -5.926985e-01 7.266709e-01 3.473585e-01
    outer loop
      vertex   -1.797432e-01 -1.430109e+01 5.818290e+00
      vertex   -1.354463e-01 -1.429441e+01 5.879902e+00
      vertex   -1.584040e-01 -1.428805e+01 5.827418e+00
    endloop
  endfacet
  facet normal -2.044731e-01 9.362300e-01 2.857695e-01
    outer loop
      vertex   5.380437e-02 -1.415759e+01 5.691629e+00
      vertex   -7.047706e-03 -1.416524e+01 5.673148e+00
      vertex   1.286462e-02 -1.418282e+01 5.744996e+00
    endloop
  endfacet
  facet normal -2.371418e-01 9.358846e-01 2.605450e-01
    outer loop
      vertex   5.380437e-02 -1.415759e+01 5.691629e+00
      vertex   1.286462e-02 -1.418282e+01 5.744996e+00
      vertex   6.966899e-02 -1.417481e+01 5.767921e+00
    endloop
  endfacet
  facet normal -2.197565e-01 9.523015e-01 2.117284e-01
    outer loop
      vertex   6.966899e-02 -1.417481e+01 5.767921e+00
      vertex   1.286462e-02 -1.418282e+01 5.744996e+00
      vertex   3.128694e-02 -1.419488e+01 5.818360e+00
    endloop
  endfacet
  facet normal -1.045662e-01 7.721281e-01 6.268047e-01
    outer loop
      vertex   -4.712100e-02 -1.397217e+01 5.330579e+00
      vertex   -1.315495e-01 -1.398737e+01 5.335212e+00
      vertex   -9.897990e-02 -1.404283e+01 5.408974e+00
    endloop
  endfacet
  facet normal -1.452234e-01 7.588992e-01 6.348088e-01
    outer loop
      vertex   -9.897990e-02 -1.404283e+01 5.408974e+00
      vertex   -1.315495e-01 -1.398737e+01 5.335212e+00
      vertex   -1.758954e-01 -1.406011e+01 5.412036e+00
    endloop
  endfacet
  facet normal -1.237785e-01 7.764092e-01 6.179544e-01
    outer loop
      vertex   -4.712100e-02 -1.397217e+01 5.330579e+00
      vertex   -9.897990e-02 -1.404283e+01 5.408974e+00
      vertex   -2.053087e-02 -1.403084e+01 5.409618e+00
    endloop
  endfacet
  facet normal -8.151634e-02 7.869735e-01 6.115782e-01
    outer loop
      vertex   -4.712100e-02 -1.397217e+01 5.330579e+00
      vertex   -2.053087e-02 -1.403084e+01 5.409618e+00
      vertex   3.860590e-02 -1.396255e+01 5.329626e+00
    endloop
  endfacet
  facet normal -1.009853e-01 7.922927e-01 6.017261e-01
    outer loop
      vertex   3.860590e-02 -1.396255e+01 5.329626e+00
      vertex   -2.053087e-02 -1.403084e+01 5.409618e+00
      vertex   5.890032e-02 -1.402390e+01 5.413812e+00
    endloop
  endfacet
  facet normal -5.712187e-02 8.002445e-01 5.969470e-01
    outer loop
      vertex   3.860590e-02 -1.396255e+01 5.329626e+00
      vertex   5.890032e-02 -1.402390e+01 5.413812e+00
      vertex   1.249900e-01 -1.395833e+01 5.332232e+00
    endloop
  endfacet
  facet normal -7.678644e-02 8.065836e-01 5.861115e-01
    outer loop
      vertex   1.249900e-01 -1.395833e+01 5.332232e+00
      vertex   5.890032e-02 -1.402390e+01 5.413812e+00
      vertex   1.386711e-01 -1.402184e+01 5.421426e+00
    endloop
  endfacet
  facet normal -3.138189e-02 8.119094e-01 5.829394e-01
    outer loop
      vertex   1.249900e-01 -1.395833e+01 5.332232e+00
      vertex   1.386711e-01 -1.402184e+01 5.421426e+00
      vertex   2.113903e-01 -1.395933e+01 5.338282e+00
    endloop
  endfacet
  facet normal -5.116574e-02 8.192475e-01 5.711528e-01
    outer loop
      vertex   2.113903e-01 -1.395933e+01 5.338282e+00
      vertex   1.386711e-01 -1.402184e+01 5.421426e+00
      vertex   2.181389e-01 -1.402448e+01 5.432328e+00
    endloop
  endfacet
  facet normal -4.233491e-03 8.218971e-01 5.696203e-01
    outer loop
      vertex   2.113903e-01 -1.395933e+01 5.338282e+00
      vertex   2.181389e-01 -1.402448e+01 5.432328e+00
      vertex   2.969880e-01 -1.396537e+01 5.347635e+00
    endloop
  endfacet
  facet normal -2.401957e-02 8.301790e-01 5.569792e-01
    outer loop
      vertex   2.969880e-01 -1.396537e+01 5.347635e+00
      vertex   2.181389e-01 -1.402448e+01 5.432328e+00
      vertex   2.965931e-01 -1.403163e+01 5.446378e+00
    endloop
  endfacet
  facet normal -1.584034e-01 9.555626e-01 2.486130e-01
    outer loop
      vertex   5.380437e-02 -1.415759e+01 5.691629e+00
      vertex   6.966899e-02 -1.417481e+01 5.767921e+00
      vertex   1.150500e-01 -1.415306e+01 5.713236e+00
    endloop
  endfacet
  facet normal -7.062367e-12 5.210184e-01 8.535455e-01
    outer loop
      vertex   -4.193699e-01 -1.537217e+01 6.125745e+00
      vertex   -4.193699e-01 -1.384327e+01 5.192481e+00
      vertex   -4.245051e-01 -1.529535e+01 6.078856e+00
    endloop
  endfacet
  facet normal -1.155594e-13 5.210184e-01 8.535455e-01
    outer loop
      vertex   -4.245051e-01 -1.529535e+01 6.078856e+00
      vertex   -4.193699e-01 -1.384327e+01 5.192481e+00
      vertex   -4.396269e-01 -1.521984e+01 6.032761e+00
    endloop
  endfacet
  facet normal 3.773111e-14 5.210184e-01 8.535455e-01
    outer loop
      vertex   -4.396269e-01 -1.521984e+01 6.032761e+00
      vertex   -4.193699e-01 -1.384327e+01 5.192481e+00
      vertex   -4.643097e-01 -1.514590e+01 5.987629e+00
    endloop
  endfacet
  facet normal 2.703856e-14 5.210184e-01 8.535455e-01
    outer loop
      vertex   -4.643097e-01 -1.514590e+01 5.987629e+00
      vertex   -4.193699e-01 -1.384327e+01 5.192481e+00
      vertex   -4.979853e-01 -1.507408e+01 5.943786e+00
    endloop
  endfacet
  facet normal -2.998907e-14 5.210184e-01 8.535455e-01
    outer loop
      vertex   -4.979853e-01 -1.507408e+01 5.943786e+00
      vertex   -4.193699e-01 -1.384327e+01 5.192481e+00
      vertex   -5.394970e-01 -1.500551e+01 5.901932e+00
    endloop
  endfacet
  facet normal -3.506607e-14 5.210184e-01 8.535455e-01
    outer loop
      vertex   -5.394970e-01 -1.500551e+01 5.901932e+00
      vertex   -4.193699e-01 -1.384327e+01 5.192481e+00
      vertex   -5.879778e-01 -1.494028e+01 5.862116e+00
    endloop
  endfacet
  facet normal -2.154609e-14 5.210184e-01 8.535455e-01
    outer loop
      vertex   -5.879778e-01 -1.494028e+01 5.862116e+00
      vertex   -4.193699e-01 -1.384327e+01 5.192481e+00
      vertex   -6.426072e-01 -1.487836e+01 5.824316e+00
    endloop
  endfacet
  facet normal -3.000442e-15 5.210184e-01 8.535455e-01
    outer loop
      vertex   -6.426072e-01 -1.487836e+01 5.824316e+00
      vertex   -4.193699e-01 -1.384327e+01 5.192481e+00
      vertex   -7.024470e-01 -1.481981e+01 5.788578e+00
    endloop
  endfacet
  facet normal 1.068300e-14 5.210184e-01 8.535455e-01
    outer loop
      vertex   -7.024470e-01 -1.481981e+01 5.788578e+00
      vertex   -4.193699e-01 -1.384327e+01 5.192481e+00
      vertex   -8.338296e-01 -1.471292e+01 5.723330e+00
    endloop
  endfacet
  facet normal -3.949305e-15 5.210184e-01 8.535455e-01
    outer loop
      vertex   -8.338296e-01 -1.471292e+01 5.723330e+00
      vertex   -4.193699e-01 -1.384327e+01 5.192481e+00
      vertex   -9.751557e-01 -1.461868e+01 5.665802e+00
    endloop
  endfacet
  facet normal -8.619999e-16 5.210184e-01 8.535455e-01
    outer loop
      vertex   -9.751557e-01 -1.461868e+01 5.665802e+00
      vertex   -4.193699e-01 -1.384327e+01 5.192481e+00
      vertex   -1.119641e+00 -1.453592e+01 5.615287e+00
    endloop
  endfacet
  facet normal 1.338028e-14 5.210184e-01 8.535455e-01
    outer loop
      vertex   -1.119641e+00 -1.453592e+01 5.615287e+00
      vertex   -4.193699e-01 -1.384327e+01 5.192481e+00
      vertex   -1.260500e+00 -1.446350e+01 5.571076e+00
    endloop
  endfacet
  facet normal 4.143222e-16 5.210184e-01 8.535455e-01
    outer loop
      vertex   -1.260500e+00 -1.446350e+01 5.571076e+00
      vertex   -4.193699e-01 -1.384327e+01 5.192481e+00
      vertex   -1.260500e+00 -7.937500e+00 1.587500e+00
    endloop
  endfacet
  facet normal 1.017181e-14 5.210184e-01 8.535455e-01
    outer loop
      vertex   -1.260500e+00 -7.937500e+00 1.587500e+00
      vertex   -4.193699e-01 -1.384327e+01 5.192481e+00
      vertex   -3.243730e-01 -1.380141e+01 5.166931e+00
    endloop
  endfacet
  facet normal -9.936447e-15 5.210184e-01 8.535455e-01
    outer loop
      vertex   -1.260500e+00 -7.937500e+00 1.587500e+00
      vertex   -3.243730e-01 -1.380141e+01 5.166931e+00
      vertex   -2.258495e-01 -1.376656e+01 5.145657e+00
    endloop
  endfacet
  facet normal 6.768405e-15 5.210184e-01 8.535455e-01
    outer loop
      vertex   -2.258495e-01 -1.376656e+01 5.145657e+00
      vertex   -1.245536e-01 -1.373846e+01 5.128505e+00
      vertex   -1.260500e+00 -7.937500e+00 1.587500e+00
    endloop
  endfacet
  facet normal -9.695802e-15 5.210184e-01 8.535455e-01
    outer loop
      vertex   -1.260500e+00 -7.937500e+00 1.587500e+00
      vertex   -1.245536e-01 -1.373846e+01 5.128505e+00
      vertex   -2.094532e-02 -1.371691e+01 5.115350e+00
    endloop
  endfacet
  facet normal 9.661792e-15 5.210184e-01 8.535455e-01
    outer loop
      vertex   -1.260500e+00 -7.937500e+00 1.587500e+00
      vertex   -2.094532e-02 -1.371691e+01 5.115350e+00
      vertex   8.442041e-02 -1.370178e+01 5.106113e+00
    endloop
  endfacet
  facet normal -0.000000e+00 5.210184e-01 8.535455e-01
    outer loop
      vertex   -1.260500e+00 -7.937500e+00 1.587500e+00
      vertex   8.442041e-02 -1.370178e+01 5.106113e+00
      vertex   1.239500e+00 -7.937500e+00 1.587500e+00
    endloop
  endfacet
  facet normal -1.505979e-14 5.210184e-01 8.535455e-01
    outer loop
      vertex   1.239500e+00 -7.937500e+00 1.587500e+00
      vertex   8.442041e-02 -1.370178e+01 5.106113e+00
      vertex   1.909886e-01 -1.369294e+01 5.100714e+00
    endloop
  endfacet
  facet normal -4.935918e-15 5.210184e-01 8.535455e-01
    outer loop
      vertex   1.239500e+00 -7.937500e+00 1.587500e+00
      vertex   1.909886e-01 -1.369294e+01 5.100714e+00
      vertex   2.982191e-01 -1.369026e+01 5.099082e+00
    endloop
  endfacet
  facet normal 3.267586e-14 5.210184e-01 8.535455e-01
    outer loop
      vertex   2.982191e-01 -1.369026e+01 5.099082e+00
      vertex   4.054060e-01 -1.369369e+01 5.101174e+00
      vertex   1.239500e+00 -7.937500e+00 1.587500e+00
    endloop
  endfacet
  facet normal -3.342538e-15 5.210184e-01 8.535455e-01
    outer loop
      vertex   1.239500e+00 -7.937500e+00 1.587500e+00
      vertex   4.054060e-01 -1.369369e+01 5.101174e+00
      vertex   1.239500e+00 -1.446350e+01 5.571076e+00
    endloop
  endfacet
  facet normal -1.160749e-14 5.210184e-01 8.535455e-01
    outer loop
      vertex   1.239500e+00 -1.446350e+01 5.571076e+00
      vertex   4.054060e-01 -1.369369e+01 5.101174e+00
      vertex   1.087316e+00 -1.454265e+01 5.619396e+00
    endloop
  endfacet
  facet normal 3.500006e-12 5.210184e-01 8.535455e-01
    outer loop
      vertex   1.087316e+00 -1.454265e+01 5.619396e+00
      vertex   4.054060e-01 -1.369369e+01 5.101174e+00
      vertex   9.414626e-01 -1.462808e+01 5.671545e+00
    endloop
  endfacet
  facet normal 5.720374e-11 5.210184e-01 8.535455e-01
    outer loop
      vertex   9.414626e-01 -1.462808e+01 5.671545e+00
      vertex   4.054060e-01 -1.369369e+01 5.101174e+00
      vertex   8.029931e-01 -1.472306e+01 5.729521e+00
    endloop
  endfacet
  facet normal -7.800974e-11 5.210184e-01 8.535455e-01
    outer loop
      vertex   8.029931e-01 -1.472306e+01 5.729521e+00
      vertex   4.054060e-01 -1.369369e+01 5.101174e+00
      vertex   6.762933e-01 -1.482934e+01 5.794391e+00
    endloop
  endfacet
  facet normal -1.927584e-14 5.210184e-01 8.535455e-01
    outer loop
      vertex   6.762933e-01 -1.482934e+01 5.794391e+00
      vertex   4.054060e-01 -1.369369e+01 5.101174e+00
      vertex   5.666681e-01 -1.494823e+01 5.866965e+00
    endloop
  endfacet
  facet normal -4.498569e-14 5.210184e-01 8.535455e-01
    outer loop
      vertex   5.666681e-01 -1.494823e+01 5.866965e+00
      vertex   4.054060e-01 -1.369369e+01 5.101174e+00
      vertex   5.201677e-01 -1.501265e+01 5.906287e+00
    endloop
  endfacet
  facet normal 5.461394e-14 5.210184e-01 8.535455e-01
    outer loop
      vertex   5.201677e-01 -1.501265e+01 5.906287e+00
      vertex   4.054060e-01 -1.369369e+01 5.101174e+00
      vertex   4.804844e-01 -1.508008e+01 5.947448e+00
    endloop
  endfacet
  facet normal 4.574250e-14 5.210184e-01 8.535455e-01
    outer loop
      vertex   4.804844e-01 -1.508008e+01 5.947448e+00
      vertex   4.054060e-01 -1.369369e+01 5.101174e+00
      vertex   4.484257e-01 -1.515032e+01 5.990326e+00
    endloop
  endfacet
  facet normal -7.122579e-14 5.210184e-01 8.535455e-01
    outer loop
      vertex   4.484257e-01 -1.515032e+01 5.990326e+00
      vertex   4.054060e-01 -1.369369e+01 5.101174e+00
      vertex   4.247703e-01 -1.522303e+01 6.034712e+00
    endloop
  endfacet
  facet normal -1.191708e-13 5.210184e-01 8.535455e-01
    outer loop
      vertex   4.247703e-01 -1.522303e+01 6.034712e+00
      vertex   4.054060e-01 -1.369369e+01 5.101174e+00
      vertex   4.103053e-01 -1.529715e+01 6.079956e+00
    endloop
  endfacet
  facet normal 1.198065e-11 5.210184e-01 8.535455e-01
    outer loop
      vertex   4.103053e-01 -1.529715e+01 6.079956e+00
      vertex   4.054060e-01 -1.369369e+01 5.101174e+00
      vertex   4.054060e-01 -1.537231e+01 6.125835e+00
    endloop
  endfacet
  facet normal -7.773838e-01 -3.611646e-01 -5.150093e-01
    outer loop
      vertex   -1.260500e+00 -1.531284e+01 4.830962e+00
      vertex   -1.244155e+00 -1.537998e+01 4.853378e+00
      vertex   -1.260500e+00 -1.540713e+01 4.897085e+00
    endloop
  endfacet
  facet normal -7.955911e-01 -3.343906e-01 -5.051908e-01
    outer loop
      vertex   -1.260500e+00 -1.540713e+01 4.897085e+00
      vertex   -1.244155e+00 -1.537998e+01 4.853378e+00
      vertex   -1.197340e+00 -1.545088e+01 4.826578e+00
    endloop
  endfacet
  facet normal -7.955555e-01 -3.363807e-01 -5.039240e-01
    outer loop
      vertex   -1.260500e+00 -1.540713e+01 4.897085e+00
      vertex   -1.197340e+00 -1.545088e+01 4.826578e+00
      vertex   -1.198370e+00 -1.550318e+01 4.863116e+00
    endloop
  endfacet
  facet normal -7.950175e-01 -3.367922e-01 -5.044979e-01
    outer loop
      vertex   -1.198370e+00 -1.550318e+01 4.863116e+00
      vertex   -1.197340e+00 -1.545088e+01 4.826578e+00
      vertex   -1.148263e+00 -1.551854e+01 4.794412e+00
    endloop
  endfacet
  facet normal -7.945267e-01 -3.393244e-01 -5.035736e-01
    outer loop
      vertex   -1.198370e+00 -1.550318e+01 4.863116e+00
      vertex   -1.148263e+00 -1.551854e+01 4.794412e+00
      vertex   -1.132636e+00 -1.559371e+01 4.820405e+00
    endloop
  endfacet
  facet normal -7.938387e-01 -3.395124e-01 -5.045308e-01
    outer loop
      vertex   -1.132636e+00 -1.559371e+01 4.820405e+00
      vertex   -1.148263e+00 -1.551854e+01 4.794412e+00
      vertex   -1.045346e+00 -1.564382e+01 4.716779e+00
    endloop
  endfacet
  facet normal -7.936028e-01 -3.424619e-01 -5.029060e-01
    outer loop
      vertex   -1.132636e+00 -1.559371e+01 4.820405e+00
      vertex   -1.045346e+00 -1.564382e+01 4.716779e+00
      vertex   -1.064336e+00 -1.567851e+01 4.770375e+00
    endloop
  endfacet
  facet normal -7.923117e-01 -3.443357e-01 -5.036616e-01
    outer loop
      vertex   -1.064336e+00 -1.567851e+01 4.770375e+00
      vertex   -1.045346e+00 -1.564382e+01 4.716779e+00
      vertex   -9.945682e-01 -1.575725e+01 4.714454e+00
    endloop
  endfacet
  facet normal -7.924569e-01 -3.444063e-01 -5.033849e-01
    outer loop
      vertex   -9.945682e-01 -1.575725e+01 4.714454e+00
      vertex   -1.045346e+00 -1.564382e+01 4.716779e+00
      vertex   -9.257842e-01 -1.576783e+01 4.613406e+00
    endloop
  endfacet
  facet normal -7.914953e-01 -3.481210e-01 -5.023415e-01
    outer loop
      vertex   -9.945682e-01 -1.575725e+01 4.714454e+00
      vertex   -9.257842e-01 -1.576783e+01 4.613406e+00
      vertex   -9.235788e-01 -1.583047e+01 4.653343e+00
    endloop
  endfacet
  facet normal -7.909483e-01 -3.484884e-01 -5.029479e-01
    outer loop
      vertex   -9.235788e-01 -1.583047e+01 4.653343e+00
      vertex   -9.257842e-01 -1.576783e+01 4.613406e+00
      vertex   -8.354692e-01 -1.584938e+01 4.527881e+00
    endloop
  endfacet
  facet normal -7.903731e-01 -3.508897e-01 -5.021820e-01
    outer loop
      vertex   -9.235788e-01 -1.583047e+01 4.653343e+00
      vertex   -8.354692e-01 -1.584938e+01 4.527881e+00
      vertex   -8.514082e-01 -1.589866e+01 4.587401e+00
    endloop
  endfacet
  facet normal -7.895643e-01 -3.518641e-01 -5.027722e-01
    outer loop
      vertex   -8.514082e-01 -1.589866e+01 4.587401e+00
      vertex   -8.354692e-01 -1.584938e+01 4.527881e+00
      vertex   -7.440882e-01 -1.592284e+01 4.435785e+00
    endloop
  endfacet
  facet normal -7.886386e-01 -3.557348e-01 -5.014997e-01
    outer loop
      vertex   -8.514082e-01 -1.589866e+01 4.587401e+00
      vertex   -7.440882e-01 -1.592284e+01 4.435785e+00
      vertex   -7.050414e-01 -1.602017e+01 4.443421e+00
    endloop
  endfacet
  facet normal -7.880714e-01 -3.555854e-01 -5.024962e-01
    outer loop
      vertex   -7.050414e-01 -1.602017e+01 4.443421e+00
      vertex   -7.440882e-01 -1.592284e+01 4.435785e+00
      vertex   -6.524793e-01 -1.598821e+01 4.338370e+00
    endloop
  endfacet
  facet normal -7.859773e-01 -3.598444e-01 -5.027442e-01
    outer loop
      vertex   -7.050414e-01 -1.602017e+01 4.443421e+00
      vertex   -6.524793e-01 -1.598821e+01 4.338370e+00
      vertex   -5.578975e-01 -1.612205e+01 4.286300e+00
    endloop
  endfacet
  facet normal -7.863212e-01 -3.604719e-01 -5.017559e-01
    outer loop
      vertex   -5.578975e-01 -1.612205e+01 4.286300e+00
      vertex   -6.524793e-01 -1.598821e+01 4.338370e+00
      vertex   -5.609362e-01 -1.604562e+01 4.236155e+00
    endloop
  endfacet
  facet normal -7.845776e-01 -3.616397e-01 -5.036414e-01
    outer loop
      vertex   -5.578975e-01 -1.612205e+01 4.286300e+00
      vertex   -5.609362e-01 -1.604562e+01 4.236155e+00
      vertex   -4.555788e-01 -1.610225e+01 4.112690e+00
    endloop
  endfacet
  facet normal -7.726653e-01 -4.401077e-01 -4.574862e-01
    outer loop
      vertex   -4.555788e-01 -1.610225e+01 4.112690e+00
      vertex   -5.609362e-01 -1.604562e+01 4.236155e+00
      vertex   -5.723184e-01 -1.597141e+01 4.183990e+00
    endloop
  endfacet
  facet normal -7.740550e-01 -4.455148e-01 -4.498393e-01
    outer loop
      vertex   -4.555788e-01 -1.610225e+01 4.112690e+00
      vertex   -5.723184e-01 -1.597141e+01 4.183990e+00
      vertex   -4.723038e-01 -1.602163e+01 4.061626e+00
    endloop
  endfacet
  facet normal -7.555341e-01 -5.135001e-01 -4.067997e-01
    outer loop
      vertex   -4.723038e-01 -1.602163e+01 4.061626e+00
      vertex   -5.723184e-01 -1.597141e+01 4.183990e+00
      vertex   -5.900880e-01 -1.590113e+01 4.128281e+00
    endloop
  endfacet
  facet normal -7.567012e-01 -5.217891e-01 -3.938774e-01
    outer loop
      vertex   -4.723038e-01 -1.602163e+01 4.061626e+00
      vertex   -5.900880e-01 -1.590113e+01 4.128281e+00
      vertex   -4.961048e-01 -1.594555e+01 4.006560e+00
    endloop
  endfacet
  facet normal -7.322227e-01 -5.825644e-01 -3.528013e-01
    outer loop
      vertex   -4.961048e-01 -1.594555e+01 4.006560e+00
      vertex   -5.900880e-01 -1.590113e+01 4.128281e+00
      vertex   -6.140883e-01 -1.583537e+01 4.069501e+00
    endloop
  endfacet
  facet normal -7.323277e-01 -5.931746e-01 -3.344249e-01
    outer loop
      vertex   -4.961048e-01 -1.594555e+01 4.006560e+00
      vertex   -6.140883e-01 -1.583537e+01 4.069501e+00
      vertex   -5.267476e-01 -1.587471e+01 3.948017e+00
    endloop
  endfacet
  facet normal -6.970738e-01 -6.563415e-01 -2.886242e-01
    outer loop
      vertex   -5.267476e-01 -1.587471e+01 3.948017e+00
      vertex   -6.140883e-01 -1.583537e+01 4.069501e+00
      vertex   -6.532812e-01 -1.575932e+01 3.991204e+00
    endloop
  endfacet
  facet normal -6.976026e-01 -6.673567e-01 -2.607407e-01
    outer loop
      vertex   -5.267476e-01 -1.587471e+01 3.948017e+00
      vertex   -6.532812e-01 -1.575932e+01 3.991204e+00
      vertex   -5.751312e-01 -1.579346e+01 3.869520e+00
    endloop
  endfacet
  facet normal -6.558803e-01 -7.225649e-01 -2.184514e-01
    outer loop
      vertex   -5.751312e-01 -1.579346e+01 3.869520e+00
      vertex   -6.532812e-01 -1.575932e+01 3.991204e+00
      vertex   -6.907322e-01 -1.570601e+01 3.927323e+00
    endloop
  endfacet
  facet normal -6.504511e-01 -7.361643e-01 -1.870172e-01
    outer loop
      vertex   -5.751312e-01 -1.579346e+01 3.869520e+00
      vertex   -6.907322e-01 -1.570601e+01 3.927323e+00
      vertex   -6.203030e-01 -1.573720e+01 3.805157e+00
    endloop
  endfacet
  facet normal -6.134391e-01 -7.741870e-01 -1.559711e-01
    outer loop
      vertex   -6.203030e-01 -1.573720e+01 3.805157e+00
      vertex   -6.907322e-01 -1.570601e+01 3.927323e+00
      vertex   -7.336292e-01 -1.565886e+01 3.862006e+00
    endloop
  endfacet
  facet normal -6.040064e-01 -7.882215e-01 -1.178271e-01
    outer loop
      vertex   -6.203030e-01 -1.573720e+01 3.805157e+00
      vertex   -7.336292e-01 -1.565886e+01 3.862006e+00
      vertex   -6.891782e-01 -1.568161e+01 3.786314e+00
    endloop
  endfacet
  facet normal -5.698159e-01 -8.169254e-01 -8.912229e-02
    outer loop
      vertex   -6.891782e-01 -1.568161e+01 3.786314e+00
      vertex   -7.336292e-01 -1.565886e+01 3.862006e+00
      vertex   -7.815623e-01 -1.561820e+01 3.795814e+00
    endloop
  endfacet
  facet normal -5.670302e-01 -8.234965e-01 -1.817393e-02
    outer loop
      vertex   -6.891782e-01 -1.568161e+01 3.786314e+00
      vertex   -7.815623e-01 -1.561820e+01 3.795814e+00
      vertex   -7.982662e-01 -1.560594e+01 3.761405e+00
    endloop
  endfacet
  facet normal -5.601923e-01 -8.280401e-01 -2.311252e-02
    outer loop
      vertex   -7.982662e-01 -1.560594e+01 3.761405e+00
      vertex   -7.815623e-01 -1.561820e+01 3.795814e+00
      vertex   -8.309192e-01 -1.558774e+01 3.900799e+00
    endloop
  endfacet
  facet normal -5.683614e-01 -8.223755e-01 -2.576575e-02
    outer loop
      vertex   -7.982662e-01 -1.560594e+01 3.761405e+00
      vertex   -8.309192e-01 -1.558774e+01 3.900799e+00
      vertex   -8.764282e-01 -1.555424e+01 3.835270e+00
    endloop
  endfacet
  facet normal -6.033463e-01 -7.973992e-01 1.130156e-02
    outer loop
      vertex   -8.764282e-01 -1.555424e+01 3.835270e+00
      vertex   -8.309192e-01 -1.558774e+01 3.900799e+00
      vertex   -9.206677e-01 -1.551929e+01 3.938946e+00
    endloop
  endfacet
  facet normal -5.724858e-01 -8.192958e-01 3.185016e-02
    outer loop
      vertex   -8.764282e-01 -1.555424e+01 3.835270e+00
      vertex   -9.206677e-01 -1.551929e+01 3.938946e+00
      vertex   -9.633004e-01 -1.549200e+01 3.874758e+00
    endloop
  endfacet
  facet normal -6.106021e-01 -7.888269e-01 7.012264e-02
    outer loop
      vertex   -9.633004e-01 -1.549200e+01 3.874758e+00
      vertex   -9.206677e-01 -1.551929e+01 3.938946e+00
      vertex   -1.002035e+00 -1.545294e+01 3.976906e+00
    endloop
  endfacet
  facet normal -5.859112e-01 -8.058015e-01 8.597665e-02
    outer loop
      vertex   -9.633004e-01 -1.549200e+01 3.874758e+00
      vertex   -1.002035e+00 -1.545294e+01 3.976906e+00
      vertex   -1.041373e+00 -1.543099e+01 3.914537e+00
    endloop
  endfacet
  facet normal -6.253565e-01 -7.705422e-01 1.232642e-01
    outer loop
      vertex   -1.041373e+00 -1.543099e+01 3.914537e+00
      vertex   -1.002035e+00 -1.545294e+01 3.976906e+00
      vertex   -1.073990e+00 -1.538856e+01 4.014293e+00
    endloop
  endfacet
  facet normal -6.084080e-01 -7.822655e-01 1.337921e-01
    outer loop
      vertex   -1.041373e+00 -1.543099e+01 3.914537e+00
      vertex   -1.073990e+00 -1.538856e+01 4.014293e+00
      vertex   -1.109613e+00 -1.537115e+01 3.954057e+00
    endloop
  endfacet
  facet normal -6.511593e-01 -7.393136e-01 1.714847e-01
    outer loop
      vertex   -1.109613e+00 -1.537115e+01 3.954057e+00
      vertex   -1.073990e+00 -1.538856e+01 4.014293e+00
      vertex   -1.144942e+00 -1.530991e+01 4.083940e+00
    endloop
  endfacet
  facet normal -6.615916e-01 -7.314948e-01 1.649604e-01
    outer loop
      vertex   -1.109613e+00 -1.537115e+01 3.954057e+00
      vertex   -1.144942e+00 -1.530991e+01 4.083940e+00
      vertex   -1.173866e+00 -1.529667e+01 4.026639e+00
    endloop
  endfacet
  facet normal -7.061010e-01 -6.794404e-01 1.994543e-01
    outer loop
      vertex   -1.173866e+00 -1.529667e+01 4.026639e+00
      vertex   -1.144942e+00 -1.530991e+01 4.083940e+00
      vertex   -1.196883e+00 -1.524057e+01 4.136256e+00
    endloop
  endfacet
  facet normal -7.124330e-01 -6.740034e-01 1.953422e-01
    outer loop
      vertex   -1.173866e+00 -1.529667e+01 4.026639e+00
      vertex   -1.196883e+00 -1.524057e+01 4.136256e+00
      vertex   -1.226592e+00 -1.522925e+01 4.066988e+00
    endloop
  endfacet
  facet normal -7.612601e-01 -6.073474e-01 2.271831e-01
    outer loop
      vertex   -1.226592e+00 -1.522925e+01 4.066988e+00
      vertex   -1.196883e+00 -1.524057e+01 4.136256e+00
      vertex   -1.232317e+00 -1.520254e+01 4.119218e+00
    endloop
  endfacet
  facet normal -7.283542e-01 -6.391181e-01 2.470387e-01
    outer loop
      vertex   -1.226592e+00 -1.522925e+01 4.066988e+00
      vertex   -1.232317e+00 -1.520254e+01 4.119218e+00
      vertex   -1.260500e+00 -1.519729e+01 4.049690e+00
    endloop
  endfacet
  facet normal -7.347134e-01 -6.305267e-01 2.502644e-01
    outer loop
      vertex   -1.260500e+00 -1.519729e+01 4.049690e+00
      vertex   -1.232317e+00 -1.520254e+01 4.119218e+00
      vertex   -1.237873e+00 -1.517668e+01 4.168036e+00
    endloop
  endfacet
  facet normal -8.235572e-01 -5.109104e-01 2.464226e-01
    outer loop
      vertex   -1.260500e+00 -1.519729e+01 4.049690e+00
      vertex   -1.237873e+00 -1.517668e+01 4.168036e+00
      vertex   -1.260500e+00 -1.515774e+01 4.131688e+00
    endloop
  endfacet
  facet normal -8.043687e-01 -5.552620e-01 2.113648e-01
    outer loop
      vertex   -1.260500e+00 -1.515774e+01 4.131688e+00
      vertex   -1.237873e+00 -1.517668e+01 4.168036e+00
      vertex   -1.243160e+00 -1.515202e+01 4.212718e+00
    endloop
  endfacet
  facet normal -8.153838e-01 -5.384953e-01 2.125374e-01
    outer loop
      vertex   -1.260500e+00 -1.515774e+01 4.131688e+00
      vertex   -1.243160e+00 -1.515202e+01 4.212718e+00
      vertex   -1.248075e+00 -1.512886e+01 4.252544e+00
    endloop
  endfacet
  facet normal -8.797980e-01 -4.500091e-01 1.531254e-01
    outer loop
      vertex   -1.248075e+00 -1.512886e+01 4.252544e+00
      vertex   -1.243160e+00 -1.515202e+01 4.212718e+00
      vertex   -1.229460e+00 -1.515710e+01 4.276502e+00
    endloop
  endfacet
  facet normal -8.712351e-01 -4.774012e-01 1.141822e-01
    outer loop
      vertex   -1.248075e+00 -1.512886e+01 4.252544e+00
      vertex   -1.229460e+00 -1.515710e+01 4.276502e+00
      vertex   -1.239081e+00 -1.513056e+01 4.314052e+00
    endloop
  endfacet
  facet normal -8.856526e-01 -4.546501e-01 9.440748e-02
    outer loop
      vertex   -1.239081e+00 -1.513056e+01 4.314052e+00
      vertex   -1.229460e+00 -1.515710e+01 4.276502e+00
      vertex   -1.221310e+00 -1.516254e+01 4.326769e+00
    endloop
  endfacet
  facet normal -8.824864e-01 -4.664574e-01 6.029265e-02
    outer loop
      vertex   -1.239081e+00 -1.513056e+01 4.314052e+00
      vertex   -1.221310e+00 -1.516254e+01 4.326769e+00
      vertex   -1.234454e+00 -1.513306e+01 4.362433e+00
    endloop
  endfacet
  facet normal -8.916624e-01 -4.505784e-01 4.378724e-02
    outer loop
      vertex   -1.234454e+00 -1.513306e+01 4.362433e+00
      vertex   -1.221310e+00 -1.516254e+01 4.326769e+00
      vertex   -1.215445e+00 -1.516924e+01 4.377200e+00
    endloop
  endfacet
  facet normal -8.872385e-01 -4.611498e-01 1.218908e-02
    outer loop
      vertex   -1.234454e+00 -1.513306e+01 4.362433e+00
      vertex   -1.215445e+00 -1.516924e+01 4.377200e+00
      vertex   -1.231957e+00 -1.513658e+01 4.410908e+00
    endloop
  endfacet
  facet normal -8.953519e-01 -4.453021e-01 -7.141168e-03
    outer loop
      vertex   -1.231957e+00 -1.513658e+01 4.410908e+00
      vertex   -1.215445e+00 -1.516924e+01 4.377200e+00
      vertex   -1.211887e+00 -1.517720e+01 4.427665e+00
    endloop
  endfacet
  facet normal -8.899701e-01 -4.545879e-01 -3.609888e-02
    outer loop
      vertex   -1.231957e+00 -1.513658e+01 4.410908e+00
      vertex   -1.211887e+00 -1.517720e+01 4.427665e+00
      vertex   -1.231605e+00 -1.514112e+01 4.459360e+00
    endloop
  endfacet
  facet normal -8.966632e-01 -4.388779e-01 -5.814888e-02
    outer loop
      vertex   -1.231605e+00 -1.514112e+01 4.459360e+00
      vertex   -1.211887e+00 -1.517720e+01 4.427665e+00
      vertex   -1.210650e+00 -1.518640e+01 4.478031e+00
    endloop
  endfacet
  facet normal -8.906024e-01 -4.468868e-01 -8.437746e-02
    outer loop
      vertex   -1.231605e+00 -1.514112e+01 4.459360e+00
      vertex   -1.210650e+00 -1.518640e+01 4.478031e+00
      vertex   -1.233400e+00 -1.514666e+01 4.507676e+00
    endloop
  endfacet
  facet normal -8.955383e-01 -4.314704e-01 -1.088317e-01
    outer loop
      vertex   -1.233400e+00 -1.514666e+01 4.507676e+00
      vertex   -1.210650e+00 -1.518640e+01 4.478031e+00
      vertex   -1.211728e+00 -1.519681e+01 4.528167e+00
    endloop
  endfacet
  facet normal -8.890597e-01 -4.382583e-01 -1.322972e-01
    outer loop
      vertex   -1.233400e+00 -1.514666e+01 4.507676e+00
      vertex   -1.211728e+00 -1.519681e+01 4.528167e+00
      vertex   -1.237332e+00 -1.515320e+01 4.555743e+00
    endloop
  endfacet
  facet normal -8.920306e-01 -4.230334e-01 -1.591358e-01
    outer loop
      vertex   -1.237332e+00 -1.515320e+01 4.555743e+00
      vertex   -1.211728e+00 -1.519681e+01 4.528167e+00
      vertex   -1.215113e+00 -1.520840e+01 4.577942e+00
    endloop
  endfacet
  facet normal -8.853832e-01 -4.286749e-01 -1.798176e-01
    outer loop
      vertex   -1.237332e+00 -1.515320e+01 4.555743e+00
      vertex   -1.215113e+00 -1.520840e+01 4.577942e+00
      vertex   -1.243386e+00 -1.516070e+01 4.603447e+00
    endloop
  endfacet
  facet normal -8.861747e-01 -4.135109e-01 -2.090530e-01
    outer loop
      vertex   -1.243386e+00 -1.516070e+01 4.603447e+00
      vertex   -1.215113e+00 -1.520840e+01 4.577942e+00
      vertex   -1.220797e+00 -1.522113e+01 4.627225e+00
    endloop
  endfacet
  facet normal -8.796020e-01 -4.180910e-01 -2.269365e-01
    outer loop
      vertex   -1.243386e+00 -1.516070e+01 4.603447e+00
      vertex   -1.220797e+00 -1.522113e+01 4.627225e+00
      vertex   -1.251548e+00 -1.516917e+01 4.650673e+00
    endloop
  endfacet
  facet normal -8.779390e-01 -4.025719e-01 -2.591506e-01
    outer loop
      vertex   -1.251548e+00 -1.516917e+01 4.650673e+00
      vertex   -1.220797e+00 -1.522113e+01 4.627225e+00
      vertex   -1.260500e+00 -1.516701e+01 4.677656e+00
    endloop
  endfacet
  facet normal -8.704218e-01 -4.210061e-01 -2.551857e-01
    outer loop
      vertex   -1.251548e+00 -1.516917e+01 4.650673e+00
      vertex   -1.260500e+00 -1.516701e+01 4.677656e+00
      vertex   -1.260500e+00 -1.511748e+01 4.595943e+00
    endloop
  endfacet
  facet normal -7.697813e-01 -4.319954e-01 -4.699113e-01
    outer loop
      vertex   -1.260500e+00 -1.523264e+01 4.757236e+00
      vertex   -1.255316e+00 -1.527044e+01 4.783494e+00
      vertex   -1.260500e+00 -1.531284e+01 4.830962e+00
    endloop
  endfacet
  facet normal -8.239770e-01 -3.749183e-01 -4.248507e-01
    outer loop
      vertex   -1.260500e+00 -1.531284e+01 4.830962e+00
      vertex   -1.255316e+00 -1.527044e+01 4.783494e+00
      vertex   -1.228209e+00 -1.535690e+01 4.807215e+00
    endloop
  endfacet
  facet normal -8.165051e-01 -3.516248e-01 -4.579077e-01
    outer loop
      vertex   -1.260500e+00 -1.531284e+01 4.830962e+00
      vertex   -1.228209e+00 -1.535690e+01 4.807215e+00
      vertex   -1.244155e+00 -1.537998e+01 4.853378e+00
    endloop
  endfacet
  facet normal -8.107299e-01 -3.612049e-01 -4.607040e-01
    outer loop
      vertex   -1.244155e+00 -1.537998e+01 4.853378e+00
      vertex   -1.228209e+00 -1.535690e+01 4.807215e+00
      vertex   -1.197340e+00 -1.545088e+01 4.826578e+00
    endloop
  endfacet
  facet normal -8.519135e-01 -3.725150e-01 -3.680705e-01
    outer loop
      vertex   -1.255316e+00 -1.527044e+01 4.783494e+00
      vertex   -1.260500e+00 -1.523264e+01 4.757236e+00
      vertex   -1.242195e+00 -1.525416e+01 4.736647e+00
    endloop
  endfacet
  facet normal -8.513068e-01 -4.047777e-01 -3.338138e-01
    outer loop
      vertex   -1.242195e+00 -1.525416e+01 4.736647e+00
      vertex   -1.260500e+00 -1.523264e+01 4.757236e+00
      vertex   -1.260500e+00 -1.516701e+01 4.677656e+00
    endloop
  endfacet
  facet normal -8.630769e-01 -3.946491e-01 -3.151988e-01
    outer loop
      vertex   -1.242195e+00 -1.525416e+01 4.736647e+00
      vertex   -1.260500e+00 -1.516701e+01 4.677656e+00
      vertex   -1.228772e+00 -1.523499e+01 4.675885e+00
    endloop
  endfacet
  facet normal -8.778853e-01 -4.030359e-01 -2.586105e-01
    outer loop
      vertex   -1.228772e+00 -1.523499e+01 4.675885e+00
      vertex   -1.260500e+00 -1.516701e+01 4.677656e+00
      vertex   -1.220797e+00 -1.522113e+01 4.627225e+00
    endloop
  endfacet
  facet normal -8.613593e-01 -4.336358e-01 -2.646132e-01
    outer loop
      vertex   -1.228772e+00 -1.523499e+01 4.675885e+00
      vertex   -1.220797e+00 -1.522113e+01 4.627225e+00
      vertex   -1.192936e+00 -1.528925e+01 4.648162e+00
    endloop
  endfacet
  facet normal -8.675704e-01 -4.310685e-01 -2.479951e-01
    outer loop
      vertex   -1.192936e+00 -1.528925e+01 4.648162e+00
      vertex   -1.220797e+00 -1.522113e+01 4.627225e+00
      vertex   -1.187450e+00 -1.527122e+01 4.597631e+00
    endloop
  endfacet
  facet normal -8.502903e-01 -4.596769e-01 -2.563268e-01
    outer loop
      vertex   -1.192936e+00 -1.528925e+01 4.648162e+00
      vertex   -1.187450e+00 -1.527122e+01 4.597631e+00
      vertex   -1.154826e+00 -1.534121e+01 4.614927e+00
    endloop
  endfacet
  facet normal -8.563052e-01 -4.580845e-01 -2.385371e-01
    outer loop
      vertex   -1.154826e+00 -1.534121e+01 4.614927e+00
      vertex   -1.187450e+00 -1.527122e+01 4.597631e+00
      vertex   -1.152011e+00 -1.531926e+01 4.562668e+00
    endloop
  endfacet
  facet normal -8.386972e-01 -4.845025e-01 -2.486854e-01
    outer loop
      vertex   -1.154826e+00 -1.534121e+01 4.614927e+00
      vertex   -1.152011e+00 -1.531926e+01 4.562668e+00
      vertex   -1.114969e+00 -1.539072e+01 4.576967e+00
    endloop
  endfacet
  facet normal -8.444312e-01 -4.837468e-01 -2.300543e-01
    outer loop
      vertex   -1.114969e+00 -1.539072e+01 4.576967e+00
      vertex   -1.152011e+00 -1.531926e+01 4.562668e+00
      vertex   -1.114983e+00 -1.536509e+01 4.523112e+00
    endloop
  endfacet
  facet normal -8.216074e-01 -5.147957e-01 -2.448400e-01
    outer loop
      vertex   -1.114969e+00 -1.539072e+01 4.576967e+00
      vertex   -1.114983e+00 -1.536509e+01 4.523112e+00
      vertex   -1.031824e+00 -1.548184e+01 4.489536e+00
    endloop
  endfacet
  facet normal -8.237772e-01 -5.257927e-01 -2.119744e-01
    outer loop
      vertex   -1.031824e+00 -1.548184e+01 4.489536e+00
      vertex   -1.114983e+00 -1.536509e+01 4.523112e+00
      vertex   -1.037884e+00 -1.544950e+01 4.432863e+00
    endloop
  endfacet
  facet normal -7.946536e-01 -5.599160e-01 -2.345628e-01
    outer loop
      vertex   -1.031824e+00 -1.548184e+01 4.489536e+00
      vertex   -1.037884e+00 -1.544950e+01 4.432863e+00
      vertex   -9.361650e-01 -1.557082e+01 4.377871e+00
    endloop
  endfacet
  facet normal -7.935181e-01 -5.751112e-01 -1.989377e-01
    outer loop
      vertex   -9.361650e-01 -1.557082e+01 4.377871e+00
      vertex   -1.037884e+00 -1.544950e+01 4.432863e+00
      vertex   -9.494764e-01 -1.553196e+01 4.318608e+00
    endloop
  endfacet
  facet normal -7.658949e-01 -6.029160e-01 -2.233773e-01
    outer loop
      vertex   -9.361650e-01 -1.557082e+01 4.377871e+00
      vertex   -9.494764e-01 -1.553196e+01 4.318608e+00
      vertex   -8.647259e-01 -1.562824e+01 4.287888e+00
    endloop
  endfacet
  facet normal -7.662292e-01 -6.122884e-01 -1.949250e-01
    outer loop
      vertex   -8.647259e-01 -1.562824e+01 4.287888e+00
      vertex   -9.494764e-01 -1.553196e+01 4.318608e+00
      vertex   -8.837032e-01 -1.558512e+01 4.227055e+00
    endloop
  endfacet
  facet normal -7.409854e-01 -6.348734e-01 -2.188067e-01
    outer loop
      vertex   -8.647259e-01 -1.562824e+01 4.287888e+00
      vertex   -8.837032e-01 -1.558512e+01 4.227055e+00
      vertex   -7.932931e-01 -1.567880e+01 4.192711e+00
    endloop
  endfacet
  facet normal -7.403553e-01 -6.447232e-01 -1.902788e-01
    outer loop
      vertex   -7.932931e-01 -1.567880e+01 4.192711e+00
      vertex   -8.837032e-01 -1.558512e+01 4.227055e+00
      vertex   -8.181926e-01 -1.563188e+01 4.130583e+00
    endloop
  endfacet
  facet normal -7.146578e-01 -6.652589e-01 -2.160897e-01
    outer loop
      vertex   -7.932931e-01 -1.567880e+01 4.192711e+00
      vertex   -8.181926e-01 -1.563188e+01 4.130583e+00
      vertex   -7.226743e-01 -1.572248e+01 4.093609e+00
    endloop
  endfacet
  facet normal -7.132142e-01 -6.754003e-01 -1.875097e-01
    outer loop
      vertex   -7.226743e-01 -1.572248e+01 4.093609e+00
      vertex   -8.181926e-01 -1.563188e+01 4.130583e+00
      vertex   -7.537269e-01 -1.567216e+01 4.030463e+00
    endloop
  endfacet
  facet normal -6.866875e-01 -6.942524e-01 -2.155779e-01
    outer loop
      vertex   -7.226743e-01 -1.572248e+01 4.093609e+00
      vertex   -7.537269e-01 -1.567216e+01 4.030463e+00
      vertex   -6.532812e-01 -1.575932e+01 3.991204e+00
    endloop
  endfacet
  facet normal -6.844879e-01 -7.046945e-01 -1.867674e-01
    outer loop
      vertex   -6.532812e-01 -1.575932e+01 3.991204e+00
      vertex   -7.537269e-01 -1.567216e+01 4.030463e+00
      vertex   -6.907322e-01 -1.570601e+01 3.927323e+00
    endloop
  endfacet
  facet normal -9.089274e-01 -3.852913e-01 -1.593790e-01
    outer loop
      vertex   -1.260500e+00 -1.508402e+01 4.515050e+00
      vertex   -1.254005e+00 -1.510593e+01 4.530963e+00
      vertex   -1.260500e+00 -1.511748e+01 4.595943e+00
    endloop
  endfacet
  facet normal -9.010123e-01 -4.025467e-01 -1.616567e-01
    outer loop
      vertex   -1.260500e+00 -1.511748e+01 4.595943e+00
      vertex   -1.254005e+00 -1.510593e+01 4.530963e+00
      vertex   -1.237332e+00 -1.515320e+01 4.555743e+00
    endloop
  endfacet
  facet normal -9.044189e-01 -3.886796e-01 -1.759395e-01
    outer loop
      vertex   -1.260500e+00 -1.511748e+01 4.595943e+00
      vertex   -1.237332e+00 -1.515320e+01 4.555743e+00
      vertex   -1.243386e+00 -1.516070e+01 4.603447e+00
    endloop
  endfacet
  facet normal -8.126785e-01 -5.680490e-01 -1.299001e-01
    outer loop
      vertex   -1.260500e+00 -1.506569e+01 4.434874e+00
      vertex   -1.259388e+00 -1.507263e+01 4.458285e+00
      vertex   -1.260500e+00 -1.508402e+01 4.515050e+00
    endloop
  endfacet
  facet normal -9.266201e-01 -3.647371e-01 -9.133471e-02
    outer loop
      vertex   -1.260500e+00 -1.508402e+01 4.515050e+00
      vertex   -1.259388e+00 -1.507263e+01 4.458285e+00
      vertex   -1.249450e+00 -1.510453e+01 4.484840e+00
    endloop
  endfacet
  facet normal -9.309194e-01 -3.505316e-01 -1.025505e-01
    outer loop
      vertex   -1.260500e+00 -1.508402e+01 4.515050e+00
      vertex   -1.249450e+00 -1.510453e+01 4.484840e+00
      vertex   -1.254005e+00 -1.510593e+01 4.530963e+00
    endloop
  endfacet
  facet normal -9.099644e-01 -4.019365e-01 -1.020388e-01
    outer loop
      vertex   -1.254005e+00 -1.510593e+01 4.530963e+00
      vertex   -1.249450e+00 -1.510453e+01 4.484840e+00
      vertex   -1.233400e+00 -1.514666e+01 4.507676e+00
    endloop
  endfacet
  facet normal -9.125103e-01 -3.886834e-01 -1.274758e-01
    outer loop
      vertex   -1.254005e+00 -1.510593e+01 4.530963e+00
      vertex   -1.233400e+00 -1.514666e+01 4.507676e+00
      vertex   -1.237332e+00 -1.515320e+01 4.555743e+00
    endloop
  endfacet
  facet normal -9.573717e-01 -2.861567e-01 -3.941712e-02
    outer loop
      vertex   -1.259388e+00 -1.507263e+01 4.458285e+00
      vertex   -1.260500e+00 -1.506569e+01 4.434874e+00
      vertex   -1.256306e+00 -1.507687e+01 4.414198e+00
    endloop
  endfacet
  facet normal -9.402810e-01 -3.403344e-01 -6.645161e-03
    outer loop
      vertex   -1.256306e+00 -1.507687e+01 4.414198e+00
      vertex   -1.260500e+00 -1.506569e+01 4.434874e+00
      vertex   -1.260500e+00 -1.506409e+01 4.353296e+00
    endloop
  endfacet
  facet normal -9.575250e-01 -2.882985e-01 5.459051e-03
    outer loop
      vertex   -1.256306e+00 -1.507687e+01 4.414198e+00
      vertex   -1.260500e+00 -1.506409e+01 4.353296e+00
      vertex   -1.255094e+00 -1.508173e+01 4.370082e+00
    endloop
  endfacet
  facet normal -9.674959e-01 -2.476011e-01 5.143356e-02
    outer loop
      vertex   -1.255094e+00 -1.508173e+01 4.370082e+00
      vertex   -1.260500e+00 -1.506409e+01 4.353296e+00
      vertex   -1.256268e+00 -1.508883e+01 4.313805e+00
    endloop
  endfacet
  facet normal -9.312212e-01 -3.586670e-01 6.469141e-02
    outer loop
      vertex   -1.255094e+00 -1.508173e+01 4.370082e+00
      vertex   -1.256268e+00 -1.508883e+01 4.313805e+00
      vertex   -1.247777e+00 -1.510511e+01 4.345813e+00
    endloop
  endfacet
  facet normal -9.439445e-01 -3.179446e-01 8.876948e-02
    outer loop
      vertex   -1.247777e+00 -1.510511e+01 4.345813e+00
      vertex   -1.256268e+00 -1.508883e+01 4.313805e+00
      vertex   -1.252517e+00 -1.510752e+01 4.286772e+00
    endloop
  endfacet
  facet normal -9.029065e-01 -4.203815e-01 8.966209e-02
    outer loop
      vertex   -1.247777e+00 -1.510511e+01 4.345813e+00
      vertex   -1.252517e+00 -1.510752e+01 4.286772e+00
      vertex   -1.239081e+00 -1.513056e+01 4.314052e+00
    endloop
  endfacet
  facet normal -9.137100e-01 -3.873411e-01 1.228854e-01
    outer loop
      vertex   -1.239081e+00 -1.513056e+01 4.314052e+00
      vertex   -1.252517e+00 -1.510752e+01 4.286772e+00
      vertex   -1.248075e+00 -1.512886e+01 4.252544e+00
    endloop
  endfacet
  facet normal -9.748479e-01 -2.203297e-01 3.356156e-02
    outer loop
      vertex   -1.256268e+00 -1.508883e+01 4.313805e+00
      vertex   -1.260500e+00 -1.506409e+01 4.353296e+00
      vertex   -1.260099e+00 -1.506821e+01 4.337912e+00
    endloop
  endfacet
  facet normal -9.521213e-01 -3.006155e-01 5.563590e-02
    outer loop
      vertex   -1.260099e+00 -1.506821e+01 4.337912e+00
      vertex   -1.260500e+00 -1.506409e+01 4.353296e+00
      vertex   -1.260500e+00 -1.507067e+01 4.317773e+00
    endloop
  endfacet
  facet normal -9.970306e-01 -7.151185e-02 2.856662e-02
    outer loop
      vertex   -1.260099e+00 -1.506821e+01 4.337912e+00
      vertex   -1.260500e+00 -1.507067e+01 4.317773e+00
      vertex   -1.260500e+00 -1.508359e+01 4.285432e+00
    endloop
  endfacet
  facet normal -1.000000e+00 0.000000e+00 0.000000e+00
    outer loop
      vertex   -1.260500e+00 -1.508359e+01 4.285432e+00
      vertex   -1.260500e+00 -1.507067e+01 4.317773e+00
      vertex   -1.260500e+00 -1.507864e+01 4.295682e+00
    endloop
  endfacet
  facet normal -9.549391e-01 -2.827800e-01 9.014909e-02
    outer loop
      vertex   -1.260099e+00 -1.506821e+01 4.337912e+00
      vertex   -1.260500e+00 -1.508359e+01 4.285432e+00
      vertex   -1.256268e+00 -1.508883e+01 4.313805e+00
    endloop
  endfacet
  facet normal -9.705542e-01 -2.169647e-01 1.046466e-01
    outer loop
      vertex   -1.256268e+00 -1.508883e+01 4.313805e+00
      vertex   -1.260500e+00 -1.508359e+01 4.285432e+00
      vertex   -1.260500e+00 -1.508853e+01 4.275183e+00
    endloop
  endfacet
  facet normal -9.705542e-01 -2.169647e-01 1.046466e-01
    outer loop
      vertex   -1.256268e+00 -1.508883e+01 4.313805e+00
      vertex   -1.260500e+00 -1.508853e+01 4.275183e+00
      vertex   -1.260500e+00 -1.509842e+01 4.254683e+00
    endloop
  endfacet
  facet normal -9.219123e-01 -3.665364e-01 1.254142e-01
    outer loop
      vertex   -1.256268e+00 -1.508883e+01 4.313805e+00
      vertex   -1.260500e+00 -1.509842e+01 4.254683e+00
      vertex   -1.252517e+00 -1.510752e+01 4.286772e+00
    endloop
  endfacet
  facet normal -9.406963e-01 -3.055644e-01 1.473800e-01
    outer loop
      vertex   -1.252517e+00 -1.510752e+01 4.286772e+00
      vertex   -1.260500e+00 -1.509842e+01 4.254683e+00
      vertex   -1.260500e+00 -1.511819e+01 4.213685e+00
    endloop
  endfacet
  facet normal -8.825173e-01 -4.418863e-01 1.609339e-01
    outer loop
      vertex   -1.252517e+00 -1.510752e+01 4.286772e+00
      vertex   -1.260500e+00 -1.511819e+01 4.213685e+00
      vertex   -1.248075e+00 -1.512886e+01 4.252544e+00
    endloop
  endfacet
  facet normal -9.053266e-01 -3.825443e-01 1.845091e-01
    outer loop
      vertex   -1.248075e+00 -1.512886e+01 4.252544e+00
      vertex   -1.260500e+00 -1.511819e+01 4.213685e+00
      vertex   -1.260500e+00 -1.515774e+01 4.131688e+00
    endloop
  endfacet
  facet normal -7.307535e-01 -6.148592e-01 2.965593e-01
    outer loop
      vertex   -1.260500e+00 -1.519729e+01 4.049690e+00
      vertex   -1.260500e+00 -1.523684e+01 3.967693e+00
      vertex   -1.226592e+00 -1.522925e+01 4.066988e+00
    endloop
  endfacet
  facet normal -6.537620e-01 -7.041408e-01 2.770939e-01
    outer loop
      vertex   -1.226592e+00 -1.522925e+01 4.066988e+00
      vertex   -1.260500e+00 -1.523684e+01 3.967693e+00
      vertex   -1.214979e+00 -1.528419e+01 3.954763e+00
    endloop
  endfacet
  facet normal -6.752196e-01 -6.876706e-01 2.668100e-01
    outer loop
      vertex   -1.226592e+00 -1.522925e+01 4.066988e+00
      vertex   -1.214979e+00 -1.528419e+01 3.954763e+00
      vertex   -1.173866e+00 -1.529667e+01 4.026639e+00
    endloop
  endfacet
  facet normal -6.230849e-01 -7.486721e-01 2.263963e-01
    outer loop
      vertex   -1.173866e+00 -1.529667e+01 4.026639e+00
      vertex   -1.214979e+00 -1.528419e+01 3.954763e+00
      vertex   -1.148404e+00 -1.535775e+01 3.894758e+00
    endloop
  endfacet
  facet normal -6.139935e-01 -7.547611e-01 2.309712e-01
    outer loop
      vertex   -1.173866e+00 -1.529667e+01 4.026639e+00
      vertex   -1.148404e+00 -1.535775e+01 3.894758e+00
      vertex   -1.109613e+00 -1.537115e+01 3.954057e+00
    endloop
  endfacet
  facet normal -5.709273e-01 -7.979873e-01 1.930241e-01
    outer loop
      vertex   -1.109613e+00 -1.537115e+01 3.954057e+00
      vertex   -1.148404e+00 -1.535775e+01 3.894758e+00
      vertex   -1.084198e+00 -1.541379e+01 3.852969e+00
    endloop
  endfacet
  facet normal -5.846266e-01 -7.896759e-01 1.860743e-01
    outer loop
      vertex   -1.109613e+00 -1.537115e+01 3.954057e+00
      vertex   -1.084198e+00 -1.541379e+01 3.852969e+00
      vertex   -1.041373e+00 -1.543099e+01 3.914537e+00
    endloop
  endfacet
  facet normal -5.436753e-01 -8.262558e-01 1.473719e-01
    outer loop
      vertex   -1.041373e+00 -1.543099e+01 3.914537e+00
      vertex   -1.084198e+00 -1.541379e+01 3.852969e+00
      vertex   -1.009770e+00 -1.547023e+01 3.811136e+00
    endloop
  endfacet
  facet normal -5.663330e-01 -8.129770e-01 1.354079e-01
    outer loop
      vertex   -1.041373e+00 -1.543099e+01 3.914537e+00
      vertex   -1.009770e+00 -1.547023e+01 3.811136e+00
      vertex   -9.633004e-01 -1.549200e+01 3.874758e+00
    endloop
  endfacet
  facet normal -5.260636e-01 -8.451233e-01 9.499337e-02
    outer loop
      vertex   -9.633004e-01 -1.549200e+01 3.874758e+00
      vertex   -1.009770e+00 -1.547023e+01 3.811136e+00
      vertex   -9.261253e-01 -1.552692e+01 3.769937e+00
    endloop
  endfacet
  facet normal -5.569576e-01 -8.268742e-01 7.795678e-02
    outer loop
      vertex   -9.633004e-01 -1.549200e+01 3.874758e+00
      vertex   -9.261253e-01 -1.552692e+01 3.769937e+00
      vertex   -8.764282e-01 -1.555424e+01 3.835270e+00
    endloop
  endfacet
  facet normal -5.232220e-01 -8.511537e-01 4.214436e-02
    outer loop
      vertex   -8.764282e-01 -1.555424e+01 3.835270e+00
      vertex   -9.261253e-01 -1.552692e+01 3.769937e+00
      vertex   -7.982662e-01 -1.560594e+01 3.761405e+00
    endloop
  endfacet
  facet normal -6.310802e-01 -6.986935e-01 3.369943e-01
    outer loop
      vertex   -1.260500e+00 -1.523684e+01 3.967693e+00
      vertex   -1.260500e+00 -1.531594e+01 3.803699e+00
      vertex   -1.214979e+00 -1.528419e+01 3.954763e+00
    endloop
  endfacet
  facet normal -5.125991e-01 -7.960632e-01 3.217538e-01
    outer loop
      vertex   -1.214979e+00 -1.528419e+01 3.954763e+00
      vertex   -1.260500e+00 -1.531594e+01 3.803699e+00
      vertex   -1.202254e+00 -1.534652e+01 3.820831e+00
    endloop
  endfacet
  facet normal -5.720023e-01 -7.631163e-01 3.007773e-01
    outer loop
      vertex   -1.214979e+00 -1.528419e+01 3.954763e+00
      vertex   -1.202254e+00 -1.534652e+01 3.820831e+00
      vertex   -1.148404e+00 -1.535775e+01 3.894758e+00
    endloop
  endfacet
  facet normal -5.205688e-01 -8.147015e-01 2.554790e-01
    outer loop
      vertex   -1.148404e+00 -1.535775e+01 3.894758e+00
      vertex   -1.202254e+00 -1.534652e+01 3.820831e+00
      vertex   -1.130229e+00 -1.540141e+01 3.792560e+00
    endloop
  endfacet
  facet normal -5.408254e-01 -8.039628e-01 2.472886e-01
    outer loop
      vertex   -1.148404e+00 -1.535775e+01 3.894758e+00
      vertex   -1.130229e+00 -1.540141e+01 3.792560e+00
      vertex   -1.084198e+00 -1.541379e+01 3.852969e+00
    endloop
  endfacet
  facet normal -4.990221e-01 -8.413114e-01 2.077790e-01
    outer loop
      vertex   -1.084198e+00 -1.541379e+01 3.852969e+00
      vertex   -1.130229e+00 -1.540141e+01 3.792560e+00
      vertex   -1.059755e+00 -1.545409e+01 3.748494e+00
    endloop
  endfacet
  facet normal -5.183995e-01 -8.315468e-01 1.994789e-01
    outer loop
      vertex   -1.084198e+00 -1.541379e+01 3.852969e+00
      vertex   -1.059755e+00 -1.545409e+01 3.748494e+00
      vertex   -1.009770e+00 -1.547023e+01 3.811136e+00
    endloop
  endfacet
  facet normal -4.926205e-01 -8.527863e-01 1.734377e-01
    outer loop
      vertex   -1.009770e+00 -1.547023e+01 3.811136e+00
      vertex   -1.059755e+00 -1.545409e+01 3.748494e+00
      vertex   -9.261253e-01 -1.552692e+01 3.769937e+00
    endloop
  endfacet
  facet normal -5.149257e-01 -7.721165e-01 3.724078e-01
    outer loop
      vertex   -1.260500e+00 -1.531594e+01 3.803699e+00
      vertex   -1.260500e+00 -1.539504e+01 3.639704e+00
      vertex   -1.202254e+00 -1.534652e+01 3.820831e+00
    endloop
  endfacet
  facet normal -3.764967e-01 -8.574523e-01 3.507502e-01
    outer loop
      vertex   -1.202254e+00 -1.534652e+01 3.820831e+00
      vertex   -1.260500e+00 -1.539504e+01 3.639704e+00
      vertex   -1.193269e+00 -1.539269e+01 3.717615e+00
    endloop
  endfacet
  facet normal -4.918384e-01 -8.099601e-01 3.194677e-01
    outer loop
      vertex   -1.202254e+00 -1.534652e+01 3.820831e+00
      vertex   -1.193269e+00 -1.539269e+01 3.717615e+00
      vertex   -1.130229e+00 -1.540141e+01 3.792560e+00
    endloop
  endfacet
  facet normal -4.403988e-01 -8.559744e-01 2.708445e-01
    outer loop
      vertex   -1.130229e+00 -1.540141e+01 3.792560e+00
      vertex   -1.193269e+00 -1.539269e+01 3.717615e+00
      vertex   -1.112892e+00 -1.544365e+01 3.687240e+00
    endloop
  endfacet
  facet normal -4.675629e-01 -8.443320e-01 2.617030e-01
    outer loop
      vertex   -1.130229e+00 -1.540141e+01 3.792560e+00
      vertex   -1.112892e+00 -1.544365e+01 3.687240e+00
      vertex   -1.059755e+00 -1.545409e+01 3.748494e+00
    endloop
  endfacet
  facet normal -4.276980e-01 -8.763203e-01 2.216691e-01
    outer loop
      vertex   -1.059755e+00 -1.545409e+01 3.748494e+00
      vertex   -1.112892e+00 -1.544365e+01 3.687240e+00
      vertex   -1.079835e+00 -1.546154e+01 3.680300e+00
    endloop
  endfacet
  facet normal -4.643412e-01 -8.552286e-01 2.301548e-01
    outer loop
      vertex   -1.059755e+00 -1.545409e+01 3.748494e+00
      vertex   -1.079835e+00 -1.546154e+01 3.680300e+00
      vertex   -9.077201e-01 -1.554180e+01 3.729294e+00
    endloop
  endfacet
  facet normal -3.954342e-01 -8.421485e-01 3.666302e-01
    outer loop
      vertex   -1.193269e+00 -1.539269e+01 3.717615e+00
      vertex   -1.260500e+00 -1.539504e+01 3.639704e+00
      vertex   -1.112892e+00 -1.544365e+01 3.687240e+00
    endloop
  endfacet
  facet normal -3.912328e-01 -8.550119e-01 3.404285e-01
    outer loop
      vertex   -1.112892e+00 -1.544365e+01 3.687240e+00
      vertex   -1.260500e+00 -1.539504e+01 3.639704e+00
      vertex   -1.079835e+00 -1.546154e+01 3.680300e+00
    endloop
  endfacet
  facet normal -4.882225e-01 -8.673671e-01 9.650499e-02
    outer loop
      vertex   -1.059755e+00 -1.545409e+01 3.748494e+00
      vertex   -9.077201e-01 -1.554180e+01 3.729294e+00
      vertex   -9.261253e-01 -1.552692e+01 3.769937e+00
    endloop
  endfacet
  facet normal -5.205594e-01 -8.504655e-01 7.567237e-02
    outer loop
      vertex   -9.261253e-01 -1.552692e+01 3.769937e+00
      vertex   -9.077201e-01 -1.554180e+01 3.729294e+00
      vertex   -7.982662e-01 -1.560594e+01 3.761405e+00
    endloop
  endfacet
  facet normal -6.227024e-01 -7.818560e-01 -3.070658e-02
    outer loop
      vertex   -6.891782e-01 -1.568161e+01 3.786314e+00
      vertex   -5.815489e-01 -1.576799e+01 3.803293e+00
      vertex   -6.203030e-01 -1.573720e+01 3.805157e+00
    endloop
  endfacet
  facet normal -6.119889e-01 -7.562142e-01 -2.315376e-01
    outer loop
      vertex   -6.203030e-01 -1.573720e+01 3.805157e+00
      vertex   -5.815489e-01 -1.576799e+01 3.803293e+00
      vertex   -5.751312e-01 -1.579346e+01 3.869520e+00
    endloop
  endfacet
  facet normal -6.501515e-01 -7.281448e-01 -2.170439e-01
    outer loop
      vertex   -5.815489e-01 -1.576799e+01 3.803293e+00
      vertex   -4.767001e-01 -1.586409e+01 3.811609e+00
      vertex   -5.751312e-01 -1.579346e+01 3.869520e+00
    endloop
  endfacet
  facet normal -6.659287e-01 -6.840921e-01 -2.975852e-01
    outer loop
      vertex   -5.751312e-01 -1.579346e+01 3.869520e+00
      vertex   -4.767001e-01 -1.586409e+01 3.811609e+00
      vertex   -5.267476e-01 -1.587471e+01 3.948017e+00
    endloop
  endfacet
  facet normal -6.759887e-01 -6.729014e-01 -3.004049e-01
    outer loop
      vertex   -5.267476e-01 -1.587471e+01 3.948017e+00
      vertex   -4.767001e-01 -1.586409e+01 3.811609e+00
      vertex   -4.415624e-01 -1.590449e+01 3.823032e+00
    endloop
  endfacet
  facet normal -7.038744e-01 -6.748732e-01 -2.216010e-01
    outer loop
      vertex   -4.415624e-01 -1.590449e+01 3.823032e+00
      vertex   -4.767001e-01 -1.586409e+01 3.811609e+00
      vertex   -3.774627e-01 -1.596731e+01 3.810760e+00
    endloop
  endfacet
  facet normal -6.850961e-01 -6.263504e-01 -3.719255e-01
    outer loop
      vertex   -4.415624e-01 -1.590449e+01 3.823032e+00
      vertex   -3.774627e-01 -1.596731e+01 3.810760e+00
      vertex   -4.038129e-01 -1.598009e+01 3.880817e+00
    endloop
  endfacet
  facet normal -7.231121e-01 -5.784559e-01 -3.774886e-01
    outer loop
      vertex   -4.038129e-01 -1.598009e+01 3.880817e+00
      vertex   -3.774627e-01 -1.596731e+01 3.810760e+00
      vertex   -2.851102e-01 -1.607621e+01 3.800724e+00
    endloop
  endfacet
  facet normal -7.251882e-01 -5.459127e-01 -4.196206e-01
    outer loop
      vertex   -4.038129e-01 -1.598009e+01 3.880817e+00
      vertex   -2.851102e-01 -1.607621e+01 3.800724e+00
      vertex   -3.735127e-01 -1.606174e+01 3.934673e+00
    endloop
  endfacet
  facet normal -7.433410e-01 -5.075096e-01 -4.357501e-01
    outer loop
      vertex   -3.735127e-01 -1.606174e+01 3.934673e+00
      vertex   -2.851102e-01 -1.607621e+01 3.800724e+00
      vertex   -2.768156e-01 -1.609131e+01 3.804158e+00
    endloop
  endfacet
  facet normal -7.581494e-01 -4.660036e-01 -4.561251e-01
    outer loop
      vertex   -3.735127e-01 -1.606174e+01 3.934673e+00
      vertex   -2.768156e-01 -1.609131e+01 3.804158e+00
      vertex   -2.479765e-01 -1.618413e+01 3.851055e+00
    endloop
  endfacet
  facet normal -7.462559e-01 -4.700116e-01 -4.713717e-01
    outer loop
      vertex   -2.479765e-01 -1.618413e+01 3.851055e+00
      vertex   -2.768156e-01 -1.609131e+01 3.804158e+00
      vertex   -2.003652e-01 -1.618998e+01 3.781516e+00
    endloop
  endfacet
  facet normal -7.770636e-01 -3.825511e-01 -4.998268e-01
    outer loop
      vertex   -2.479765e-01 -1.618413e+01 3.851055e+00
      vertex   -2.003652e-01 -1.618998e+01 3.781516e+00
      vertex   -1.241621e-01 -1.630778e+01 3.753199e+00
    endloop
  endfacet
  facet normal -7.712946e-01 -5.102810e-01 -3.804181e-01
    outer loop
      vertex   -2.851102e-01 -1.607621e+01 3.800724e+00
      vertex   -2.003652e-01 -1.618998e+01 3.781516e+00
      vertex   -2.768156e-01 -1.609131e+01 3.804158e+00
    endloop
  endfacet
  facet normal -7.858394e-01 -3.240264e-01 -5.267478e-01
    outer loop
      vertex   -1.215366e-01 -1.631217e+01 3.751985e+00
      vertex   -2.646837e-01 -1.626878e+01 3.938849e+00
      vertex   -1.241621e-01 -1.630778e+01 3.753199e+00
    endloop
  endfacet
  facet normal -7.755436e-01 -3.742384e-01 -5.084070e-01
    outer loop
      vertex   -1.241621e-01 -1.630778e+01 3.753199e+00
      vertex   -2.646837e-01 -1.626878e+01 3.938849e+00
      vertex   -2.479765e-01 -1.618413e+01 3.851055e+00
    endloop
  endfacet
  facet normal -7.796999e-01 -3.700178e-01 -5.051286e-01
    outer loop
      vertex   -2.479765e-01 -1.618413e+01 3.851055e+00
      vertex   -2.646837e-01 -1.626878e+01 3.938849e+00
      vertex   -3.509927e-01 -1.614858e+01 3.984026e+00
    endloop
  endfacet
  facet normal -7.797291e-01 -3.700702e-01 -5.050451e-01
    outer loop
      vertex   -3.509927e-01 -1.614858e+01 3.984026e+00
      vertex   -2.646837e-01 -1.626878e+01 3.938849e+00
      vertex   -4.107650e-01 -1.620496e+01 4.117618e+00
    endloop
  endfacet
  facet normal -7.823396e-01 -3.655447e-01 -5.043033e-01
    outer loop
      vertex   -3.509927e-01 -1.614858e+01 3.984026e+00
      vertex   -4.107650e-01 -1.620496e+01 4.117618e+00
      vertex   -4.555788e-01 -1.610225e+01 4.112690e+00
    endloop
  endfacet
  facet normal -7.829698e-01 -3.657650e-01 -5.031643e-01
    outer loop
      vertex   -4.555788e-01 -1.610225e+01 4.112690e+00
      vertex   -4.107650e-01 -1.620496e+01 4.117618e+00
      vertex   -5.578975e-01 -1.612205e+01 4.286300e+00
    endloop
  endfacet
  facet normal -8.029997e-01 -5.596311e-01 2.049498e-01
    outer loop
      vertex   -1.232317e+00 -1.520254e+01 4.119218e+00
      vertex   -1.208170e+00 -1.521241e+01 4.186876e+00
      vertex   -1.237873e+00 -1.517668e+01 4.168036e+00
    endloop
  endfacet
  facet normal -7.987417e-01 -5.802410e-01 1.591608e-01
    outer loop
      vertex   -1.237873e+00 -1.517668e+01 4.168036e+00
      vertex   -1.208170e+00 -1.521241e+01 4.186876e+00
      vertex   -1.219092e+00 -1.518448e+01 4.233867e+00
    endloop
  endfacet
  facet normal -8.427004e-01 -5.072802e-01 1.803411e-01
    outer loop
      vertex   -1.237873e+00 -1.517668e+01 4.168036e+00
      vertex   -1.219092e+00 -1.518448e+01 4.233867e+00
      vertex   -1.243160e+00 -1.515202e+01 4.212718e+00
    endloop
  endfacet
  facet normal -8.364124e-01 -5.306025e-01 1.373875e-01
    outer loop
      vertex   -1.243160e+00 -1.515202e+01 4.212718e+00
      vertex   -1.219092e+00 -1.518448e+01 4.233867e+00
      vertex   -1.229460e+00 -1.515710e+01 4.276502e+00
    endloop
  endfacet
  facet normal -8.177350e-01 -5.579338e-01 1.414896e-01
    outer loop
      vertex   -1.208170e+00 -1.521241e+01 4.186876e+00
      vertex   -1.192163e+00 -1.522229e+01 4.240418e+00
      vertex   -1.219092e+00 -1.518448e+01 4.233867e+00
    endloop
  endfacet
  facet normal -8.185251e-01 -5.652418e-01 1.025591e-01
    outer loop
      vertex   -1.219092e+00 -1.518448e+01 4.233867e+00
      vertex   -1.192163e+00 -1.522229e+01 4.240418e+00
      vertex   -1.207129e+00 -1.519237e+01 4.285852e+00
    endloop
  endfacet
  facet normal -8.528705e-01 -5.083575e-01 1.190986e-01
    outer loop
      vertex   -1.219092e+00 -1.518448e+01 4.233867e+00
      vertex   -1.207129e+00 -1.519237e+01 4.285852e+00
      vertex   -1.229460e+00 -1.515710e+01 4.276502e+00
    endloop
  endfacet
  facet normal -8.517600e-01 -5.174567e-01 8.211870e-02
    outer loop
      vertex   -1.229460e+00 -1.515710e+01 4.276502e+00
      vertex   -1.207129e+00 -1.519237e+01 4.285852e+00
      vertex   -1.221310e+00 -1.516254e+01 4.326769e+00
    endloop
  endfacet
  facet normal -7.586460e-01 -6.263184e-01 1.793918e-01
    outer loop
      vertex   -1.232317e+00 -1.520254e+01 4.119218e+00
      vertex   -1.196883e+00 -1.524057e+01 4.136256e+00
      vertex   -1.208170e+00 -1.521241e+01 4.186876e+00
    endloop
  endfacet
  facet normal -7.807560e-01 -6.035290e-01 1.617798e-01
    outer loop
      vertex   -1.208170e+00 -1.521241e+01 4.186876e+00
      vertex   -1.196883e+00 -1.524057e+01 4.136256e+00
      vertex   -1.176667e+00 -1.525200e+01 4.191200e+00
    endloop
  endfacet
  facet normal -7.831540e-01 -6.098274e-01 1.215741e-01
    outer loop
      vertex   -1.208170e+00 -1.521241e+01 4.186876e+00
      vertex   -1.176667e+00 -1.525200e+01 4.191200e+00
      vertex   -1.192163e+00 -1.522229e+01 4.240418e+00
    endloop
  endfacet
  facet normal -7.986575e-01 -5.923513e-01 1.061424e-01
    outer loop
      vertex   -1.192163e+00 -1.522229e+01 4.240418e+00
      vertex   -1.176667e+00 -1.525200e+01 4.191200e+00
      vertex   -1.159195e+00 -1.526563e+01 4.246577e+00
    endloop
  endfacet
  facet normal -7.987407e-01 -5.977651e-01 6.848537e-02
    outer loop
      vertex   -1.192163e+00 -1.522229e+01 4.240418e+00
      vertex   -1.159195e+00 -1.526563e+01 4.246577e+00
      vertex   -1.178754e+00 -1.523403e+01 4.294295e+00
    endloop
  endfacet
  facet normal -8.138237e-01 -5.789693e-01 4.985538e-02
    outer loop
      vertex   -1.178754e+00 -1.523403e+01 4.294295e+00
      vertex   -1.159195e+00 -1.526563e+01 4.246577e+00
      vertex   -1.144545e+00 -1.528144e+01 4.302193e+00
    endloop
  endfacet
  facet normal -8.120042e-01 -5.834580e-01 1.503113e-02
    outer loop
      vertex   -1.178754e+00 -1.523403e+01 4.294295e+00
      vertex   -1.144545e+00 -1.528144e+01 4.302193e+00
      vertex   -1.167998e+00 -1.524761e+01 4.348336e+00
    endloop
  endfacet
  facet normal -8.260859e-01 -5.635038e-01 -6.755104e-03
    outer loop
      vertex   -1.167998e+00 -1.524761e+01 4.348336e+00
      vertex   -1.144545e+00 -1.528144e+01 4.302193e+00
      vertex   -1.132774e+00 -1.529936e+01 4.357852e+00
    endloop
  endfacet
  facet normal -8.227592e-01 -5.670826e-01 -3.853029e-02
    outer loop
      vertex   -1.167998e+00 -1.524761e+01 4.348336e+00
      vertex   -1.132774e+00 -1.529936e+01 4.357852e+00
      vertex   -1.159934e+00 -1.526298e+01 4.402366e+00
    endloop
  endfacet
  facet normal -8.352128e-01 -5.462924e-01 -6.312001e-02
    outer loop
      vertex   -1.159934e+00 -1.526298e+01 4.402366e+00
      vertex   -1.132774e+00 -1.529936e+01 4.357852e+00
      vertex   -1.123908e+00 -1.531933e+01 4.413356e+00
    endloop
  endfacet
  facet normal -8.307572e-01 -5.490242e-01 -9.173243e-02
    outer loop
      vertex   -1.159934e+00 -1.526298e+01 4.402366e+00
      vertex   -1.123908e+00 -1.531933e+01 4.413356e+00
      vertex   -1.154575e+00 -1.528009e+01 4.456214e+00
    endloop
  endfacet
  facet normal -8.412783e-01 -5.273098e-01 -1.191433e-01
    outer loop
      vertex   -1.154575e+00 -1.528009e+01 4.456214e+00
      vertex   -1.123908e+00 -1.531933e+01 4.413356e+00
      vertex   -1.117971e+00 -1.534126e+01 4.468509e+00
    endloop
  endfacet
  facet normal -8.360516e-01 -5.292791e-01 -1.445040e-01
    outer loop
      vertex   -1.154575e+00 -1.528009e+01 4.456214e+00
      vertex   -1.117971e+00 -1.534126e+01 4.468509e+00
      vertex   -1.151931e+00 -1.529887e+01 4.509706e+00
    endloop
  endfacet
  facet normal -8.443449e-01 -5.064857e-01 -1.747969e-01
    outer loop
      vertex   -1.151931e+00 -1.529887e+01 4.509706e+00
      vertex   -1.117971e+00 -1.534126e+01 4.468509e+00
      vertex   -1.114983e+00 -1.536509e+01 4.523112e+00
    endloop
  endfacet
  facet normal -8.386930e-01 -5.077922e-01 -1.968277e-01
    outer loop
      vertex   -1.151931e+00 -1.529887e+01 4.509706e+00
      vertex   -1.114983e+00 -1.536509e+01 4.523112e+00
      vertex   -1.152011e+00 -1.531926e+01 4.562668e+00
    endloop
  endfacet
  facet normal -8.314922e-01 -5.486266e-01 8.734795e-02
    outer loop
      vertex   -1.192163e+00 -1.522229e+01 4.240418e+00
      vertex   -1.178754e+00 -1.523403e+01 4.294295e+00
      vertex   -1.207129e+00 -1.519237e+01 4.285852e+00
    endloop
  endfacet
  facet normal -8.302069e-01 -5.551175e-01 5.100115e-02
    outer loop
      vertex   -1.207129e+00 -1.519237e+01 4.285852e+00
      vertex   -1.178754e+00 -1.523403e+01 4.294295e+00
      vertex   -1.197607e+00 -1.520181e+01 4.338083e+00
    endloop
  endfacet
  facet normal -8.626520e-01 -5.013904e-01 6.662794e-02
    outer loop
      vertex   -1.207129e+00 -1.519237e+01 4.285852e+00
      vertex   -1.197607e+00 -1.520181e+01 4.338083e+00
      vertex   -1.221310e+00 -1.516254e+01 4.326769e+00
    endloop
  endfacet
  facet normal -8.598159e-01 -5.095855e-01 3.223621e-02
    outer loop
      vertex   -1.221310e+00 -1.516254e+01 4.326769e+00
      vertex   -1.197607e+00 -1.520181e+01 4.338083e+00
      vertex   -1.215445e+00 -1.516924e+01 4.377200e+00
    endloop
  endfacet
  facet normal -8.426375e-01 -5.374888e-01 3.267818e-02
    outer loop
      vertex   -1.178754e+00 -1.523403e+01 4.294295e+00
      vertex   -1.167998e+00 -1.524761e+01 4.348336e+00
      vertex   -1.197607e+00 -1.520181e+01 4.338083e+00
    endloop
  endfacet
  facet normal -8.396794e-01 -5.430818e-01 -8.465320e-04
    outer loop
      vertex   -1.197607e+00 -1.520181e+01 4.338083e+00
      vertex   -1.167998e+00 -1.524761e+01 4.348336e+00
      vertex   -1.190565e+00 -1.521278e+01 4.390408e+00
    endloop
  endfacet
  facet normal -8.699599e-01 -4.929309e-01 1.374296e-02
    outer loop
      vertex   -1.197607e+00 -1.520181e+01 4.338083e+00
      vertex   -1.190565e+00 -1.521278e+01 4.390408e+00
      vertex   -1.215445e+00 -1.516924e+01 4.377200e+00
    endloop
  endfacet
  facet normal -8.657674e-01 -5.001271e-01 -1.787767e-02
    outer loop
      vertex   -1.215445e+00 -1.516924e+01 4.377200e+00
      vertex   -1.190565e+00 -1.521278e+01 4.390408e+00
      vertex   -1.211887e+00 -1.517720e+01 4.427665e+00
    endloop
  endfacet
  facet normal -8.510475e-01 -5.246181e-01 -2.222783e-02
    outer loop
      vertex   -1.167998e+00 -1.524761e+01 4.348336e+00
      vertex   -1.159934e+00 -1.526298e+01 4.402366e+00
      vertex   -1.190565e+00 -1.521278e+01 4.390408e+00
    endloop
  endfacet
  facet normal -8.467960e-01 -5.292955e-01 -5.275166e-02
    outer loop
      vertex   -1.190565e+00 -1.521278e+01 4.390408e+00
      vertex   -1.159934e+00 -1.526298e+01 4.402366e+00
      vertex   -1.186027e+00 -1.522525e+01 4.442677e+00
    endloop
  endfacet
  facet normal -8.747076e-01 -4.830552e-01 -3.929714e-02
    outer loop
      vertex   -1.190565e+00 -1.521278e+01 4.390408e+00
      vertex   -1.186027e+00 -1.522525e+01 4.442677e+00
      vertex   -1.211887e+00 -1.517720e+01 4.427665e+00
    endloop
  endfacet
  facet normal -8.695016e-01 -4.892251e-01 -6.801255e-02
    outer loop
      vertex   -1.211887e+00 -1.517720e+01 4.427665e+00
      vertex   -1.186027e+00 -1.522525e+01 4.442677e+00
      vertex   -1.210650e+00 -1.518640e+01 4.478031e+00
    endloop
  endfacet
  facet normal -8.565607e-01 -5.102904e-01 -7.685973e-02
    outer loop
      vertex   -1.159934e+00 -1.526298e+01 4.402366e+00
      vertex   -1.154575e+00 -1.528009e+01 4.456214e+00
      vertex   -1.186027e+00 -1.522525e+01 4.442677e+00
    endloop
  endfacet
  facet normal -8.513735e-01 -5.140879e-01 -1.042922e-01
    outer loop
      vertex   -1.186027e+00 -1.522525e+01 4.442677e+00
      vertex   -1.154575e+00 -1.528009e+01 4.456214e+00
      vertex   -1.183995e+00 -1.523918e+01 4.494738e+00
    endloop
  endfacet
  facet normal -8.767911e-01 -4.719814e-01 -9.203718e-02
    outer loop
      vertex   -1.186027e+00 -1.522525e+01 4.442677e+00
      vertex   -1.183995e+00 -1.523918e+01 4.494738e+00
      vertex   -1.210650e+00 -1.518640e+01 4.478031e+00
    endloop
  endfacet
  facet normal -8.708913e-01 -4.771529e-01 -1.177855e-01
    outer loop
      vertex   -1.210650e+00 -1.518640e+01 4.478031e+00
      vertex   -1.183995e+00 -1.523918e+01 4.494738e+00
      vertex   -1.211728e+00 -1.519681e+01 4.528167e+00
    endloop
  endfacet
  facet normal -8.592454e-01 -4.944702e-01 -1.311359e-01
    outer loop
      vertex   -1.154575e+00 -1.528009e+01 4.456214e+00
      vertex   -1.151931e+00 -1.529887e+01 4.509706e+00
      vertex   -1.183995e+00 -1.523918e+01 4.494738e+00
    endloop
  endfacet
  facet normal -8.534592e-01 -4.974490e-01 -1.554091e-01
    outer loop
      vertex   -1.183995e+00 -1.523918e+01 4.494738e+00
      vertex   -1.151931e+00 -1.529887e+01 4.509706e+00
      vertex   -1.184470e+00 -1.525452e+01 4.546440e+00
    endloop
  endfacet
  facet normal -8.762719e-01 -4.596666e-01 -1.444098e-01
    outer loop
      vertex   -1.183995e+00 -1.523918e+01 4.494738e+00
      vertex   -1.184470e+00 -1.525452e+01 4.546440e+00
      vertex   -1.211728e+00 -1.519681e+01 4.528167e+00
    endloop
  endfacet
  facet normal -8.699792e-01 -4.638943e-01 -1.671476e-01
    outer loop
      vertex   -1.211728e+00 -1.519681e+01 4.528167e+00
      vertex   -1.184470e+00 -1.525452e+01 4.546440e+00
      vertex   -1.215113e+00 -1.520840e+01 4.577942e+00
    endloop
  endfacet
  facet normal -8.591549e-01 -4.770899e-01 -1.850351e-01
    outer loop
      vertex   -1.151931e+00 -1.529887e+01 4.509706e+00
      vertex   -1.152011e+00 -1.531926e+01 4.562668e+00
      vertex   -1.184470e+00 -1.525452e+01 4.546440e+00
    endloop
  endfacet
  facet normal -8.530942e-01 -4.793293e-01 -2.060914e-01
    outer loop
      vertex   -1.184470e+00 -1.525452e+01 4.546440e+00
      vertex   -1.152011e+00 -1.531926e+01 4.562668e+00
      vertex   -1.187450e+00 -1.527122e+01 4.597631e+00
    endloop
  endfacet
  facet normal -8.731942e-01 -4.460479e-01 -1.964005e-01
    outer loop
      vertex   -1.184470e+00 -1.525452e+01 4.546440e+00
      vertex   -1.187450e+00 -1.527122e+01 4.597631e+00
      vertex   -1.215113e+00 -1.520840e+01 4.577942e+00
    endloop
  endfacet
  facet normal -8.667989e-01 -4.494036e-01 -2.160928e-01
    outer loop
      vertex   -1.215113e+00 -1.520840e+01 4.577942e+00
      vertex   -1.187450e+00 -1.527122e+01 4.597631e+00
      vertex   -1.220797e+00 -1.522113e+01 4.627225e+00
    endloop
  endfacet
  facet normal -8.505864e-01 -4.332127e-01 -2.980430e-01
    outer loop
      vertex   -1.154826e+00 -1.534121e+01 4.614927e+00
      vertex   -1.162353e+00 -1.537126e+01 4.680087e+00
      vertex   -1.192936e+00 -1.528925e+01 4.648162e+00
    endloop
  endfacet
  facet normal -8.436124e-01 -4.363837e-01 -3.128697e-01
    outer loop
      vertex   -1.192936e+00 -1.528925e+01 4.648162e+00
      vertex   -1.162353e+00 -1.537126e+01 4.680087e+00
      vertex   -1.203515e+00 -1.531401e+01 4.711218e+00
    endloop
  endfacet
  facet normal -8.588720e-01 -4.111036e-01 -3.055040e-01
    outer loop
      vertex   -1.192936e+00 -1.528925e+01 4.648162e+00
      vertex   -1.203515e+00 -1.531401e+01 4.711218e+00
      vertex   -1.228772e+00 -1.523499e+01 4.675885e+00
    endloop
  endfacet
  facet normal -8.519900e-01 -4.150173e-01 -3.191765e-01
    outer loop
      vertex   -1.228772e+00 -1.523499e+01 4.675885e+00
      vertex   -1.203515e+00 -1.531401e+01 4.711218e+00
      vertex   -1.242195e+00 -1.525416e+01 4.736647e+00
    endloop
  endfacet
  facet normal -8.395510e-01 -4.093884e-01 -3.571488e-01
    outer loop
      vertex   -1.162353e+00 -1.537126e+01 4.680087e+00
      vertex   -1.171357e+00 -1.539653e+01 4.730210e+00
      vertex   -1.203515e+00 -1.531401e+01 4.711218e+00
    endloop
  endfacet
  facet normal -8.347701e-01 -4.099272e-01 -3.675848e-01
    outer loop
      vertex   -1.203515e+00 -1.531401e+01 4.711218e+00
      vertex   -1.171357e+00 -1.539653e+01 4.730210e+00
      vertex   -1.214649e+00 -1.533488e+01 4.759782e+00
    endloop
  endfacet
  facet normal -8.453849e-01 -3.923559e-01 -3.624655e-01
    outer loop
      vertex   -1.203515e+00 -1.531401e+01 4.711218e+00
      vertex   -1.214649e+00 -1.533488e+01 4.759782e+00
      vertex   -1.242195e+00 -1.525416e+01 4.736647e+00
    endloop
  endfacet
  facet normal -8.406027e-01 -3.935142e-01 -3.722011e-01
    outer loop
      vertex   -1.242195e+00 -1.525416e+01 4.736647e+00
      vertex   -1.214649e+00 -1.533488e+01 4.759782e+00
      vertex   -1.255316e+00 -1.527044e+01 4.783494e+00
    endloop
  endfacet
  facet normal -8.348910e-01 -4.567795e-01 -3.070986e-01
    outer loop
      vertex   -1.162353e+00 -1.537126e+01 4.680087e+00
      vertex   -1.154826e+00 -1.534121e+01 4.614927e+00
      vertex   -1.119262e+00 -1.542580e+01 4.644055e+00
    endloop
  endfacet
  facet normal -8.418476e-01 -4.542952e-01 -2.913906e-01
    outer loop
      vertex   -1.119262e+00 -1.542580e+01 4.644055e+00
      vertex   -1.154826e+00 -1.534121e+01 4.614927e+00
      vertex   -1.114969e+00 -1.539072e+01 4.576967e+00
    endloop
  endfacet
  facet normal -8.215726e-01 -4.819425e-01 -3.045488e-01
    outer loop
      vertex   -1.119262e+00 -1.542580e+01 4.644055e+00
      vertex   -1.114969e+00 -1.539072e+01 4.576967e+00
      vertex   -1.029187e+00 -1.552623e+01 4.559987e+00
    endloop
  endfacet
  facet normal -8.271542e-01 -4.889177e-01 -2.770837e-01
    outer loop
      vertex   -1.029187e+00 -1.552623e+01 4.559987e+00
      vertex   -1.114969e+00 -1.539072e+01 4.576967e+00
      vertex   -1.031824e+00 -1.548184e+01 4.489536e+00
    endloop
  endfacet
  facet normal -8.012578e-01 -5.192919e-01 -2.971898e-01
    outer loop
      vertex   -1.029187e+00 -1.552623e+01 4.559987e+00
      vertex   -1.031824e+00 -1.548184e+01 4.489536e+00
      vertex   -9.251816e-01 -1.562453e+01 4.451343e+00
    endloop
  endfacet
  facet normal -8.048249e-01 -5.300096e-01 -2.671079e-01
    outer loop
      vertex   -9.251816e-01 -1.562453e+01 4.451343e+00
      vertex   -1.031824e+00 -1.548184e+01 4.489536e+00
      vertex   -9.361650e-01 -1.557082e+01 4.377871e+00
    endloop
  endfacet
  facet normal -7.800097e-01 -5.549933e-01 -2.890800e-01
    outer loop
      vertex   -9.251816e-01 -1.562453e+01 4.451343e+00
      vertex   -9.361650e-01 -1.557082e+01 4.377871e+00
      vertex   -8.471840e-01 -1.568820e+01 4.363134e+00
    endloop
  endfacet
  facet normal -7.842259e-01 -5.612754e-01 -2.644989e-01
    outer loop
      vertex   -8.471840e-01 -1.568820e+01 4.363134e+00
      vertex   -9.361650e-01 -1.557082e+01 4.377871e+00
      vertex   -8.647259e-01 -1.562824e+01 4.287888e+00
    endloop
  endfacet
  facet normal -7.613334e-01 -5.817837e-01 -2.861804e-01
    outer loop
      vertex   -8.471840e-01 -1.568820e+01 4.363134e+00
      vertex   -8.647259e-01 -1.562824e+01 4.287888e+00
      vertex   -7.688578e-01 -1.574457e+01 4.269357e+00
    endloop
  endfacet
  facet normal -7.649386e-01 -5.887164e-01 -2.613082e-01
    outer loop
      vertex   -7.688578e-01 -1.574457e+01 4.269357e+00
      vertex   -8.647259e-01 -1.562824e+01 4.287888e+00
      vertex   -7.932931e-01 -1.567880e+01 4.192711e+00
    endloop
  endfacet
  facet normal -7.415715e-01 -6.074185e-01 -2.848060e-01
    outer loop
      vertex   -7.688578e-01 -1.574457e+01 4.269357e+00
      vertex   -7.932931e-01 -1.567880e+01 4.192711e+00
      vertex   -6.910312e-01 -1.579360e+01 4.171279e+00
    endloop
  endfacet
  facet normal -7.446580e-01 -6.148592e-01 -2.596779e-01
    outer loop
      vertex   -6.910312e-01 -1.579360e+01 4.171279e+00
      vertex   -7.932931e-01 -1.567880e+01 4.192711e+00
      vertex   -7.226743e-01 -1.572248e+01 4.093609e+00
    endloop
  endfacet
  facet normal -7.204867e-01 -6.320690e-01 -2.852852e-01
    outer loop
      vertex   -6.910312e-01 -1.579360e+01 4.171279e+00
      vertex   -7.226743e-01 -1.572248e+01 4.093609e+00
      vertex   -6.140883e-01 -1.583537e+01 4.069501e+00
    endloop
  endfacet
  facet normal -7.231033e-01 -6.400374e-01 -2.597571e-01
    outer loop
      vertex   -6.140883e-01 -1.583537e+01 4.069501e+00
      vertex   -7.226743e-01 -1.572248e+01 4.093609e+00
      vertex   -6.532812e-01 -1.575932e+01 3.991204e+00
    endloop
  endfacet
  facet normal -8.277233e-01 -3.858790e-01 -4.073961e-01
    outer loop
      vertex   -1.171357e+00 -1.539653e+01 4.730210e+00
      vertex   -1.183032e+00 -1.542309e+01 4.779093e+00
      vertex   -1.214649e+00 -1.533488e+01 4.759782e+00
    endloop
  endfacet
  facet normal -8.239497e-01 -3.861337e-01 -4.147380e-01
    outer loop
      vertex   -1.214649e+00 -1.533488e+01 4.759782e+00
      vertex   -1.183032e+00 -1.542309e+01 4.779093e+00
      vertex   -1.228209e+00 -1.535690e+01 4.807215e+00
    endloop
  endfacet
  facet normal -8.315729e-01 -3.735167e-01 -4.110618e-01
    outer loop
      vertex   -1.214649e+00 -1.533488e+01 4.759782e+00
      vertex   -1.228209e+00 -1.535690e+01 4.807215e+00
      vertex   -1.255316e+00 -1.527044e+01 4.783494e+00
    endloop
  endfacet
  facet normal -8.287201e-01 -4.256390e-01 -3.633930e-01
    outer loop
      vertex   -1.171357e+00 -1.539653e+01 4.730210e+00
      vertex   -1.162353e+00 -1.537126e+01 4.680087e+00
      vertex   -1.126009e+00 -1.545526e+01 4.695591e+00
    endloop
  endfacet
  facet normal -8.334237e-01 -4.256548e-01 -3.524528e-01
    outer loop
      vertex   -1.126009e+00 -1.545526e+01 4.695591e+00
      vertex   -1.162353e+00 -1.537126e+01 4.680087e+00
      vertex   -1.119262e+00 -1.542580e+01 4.644055e+00
    endloop
  endfacet
  facet normal -8.191407e-01 -4.451525e-01 -3.617288e-01
    outer loop
      vertex   -1.126009e+00 -1.545526e+01 4.695591e+00
      vertex   -1.119262e+00 -1.542580e+01 4.644055e+00
      vertex   -1.031093e+00 -1.556357e+01 4.613939e+00
    endloop
  endfacet
  facet normal -8.236227e-01 -4.522993e-01 -3.421563e-01
    outer loop
      vertex   -1.031093e+00 -1.556357e+01 4.613939e+00
      vertex   -1.119262e+00 -1.542580e+01 4.644055e+00
      vertex   -1.029187e+00 -1.552623e+01 4.559987e+00
    endloop
  endfacet
  facet normal -8.049615e-01 -4.741779e-01 -3.566404e-01
    outer loop
      vertex   -1.031093e+00 -1.556357e+01 4.613939e+00
      vertex   -1.029187e+00 -1.552623e+01 4.559987e+00
      vertex   -9.212334e-01 -1.566993e+01 4.507388e+00
    endloop
  endfacet
  facet normal -8.080712e-01 -4.842975e-01 -3.353758e-01
    outer loop
      vertex   -9.212334e-01 -1.566993e+01 4.507388e+00
      vertex   -1.029187e+00 -1.552623e+01 4.559987e+00
      vertex   -9.251816e-01 -1.562453e+01 4.451343e+00
    endloop
  endfacet
  facet normal -7.903855e-01 -5.020717e-01 -3.510196e-01
    outer loop
      vertex   -9.212334e-01 -1.566993e+01 4.507388e+00
      vertex   -9.251816e-01 -1.562453e+01 4.451343e+00
      vertex   -8.386139e-01 -1.573914e+01 4.420344e+00
    endloop
  endfacet
  facet normal -7.933413e-01 -5.088623e-01 -3.341688e-01
    outer loop
      vertex   -8.386139e-01 -1.573914e+01 4.420344e+00
      vertex   -9.251816e-01 -1.562453e+01 4.451343e+00
      vertex   -8.471840e-01 -1.568820e+01 4.363134e+00
    endloop
  endfacet
  facet normal -7.773711e-01 -5.231567e-01 -3.492867e-01
    outer loop
      vertex   -8.386139e-01 -1.573914e+01 4.420344e+00
      vertex   -8.471840e-01 -1.568820e+01 4.363134e+00
      vertex   -7.554053e-01 -1.580073e+01 4.327416e+00
    endloop
  endfacet
  facet normal -7.797926e-01 -5.304799e-01 -3.324373e-01
    outer loop
      vertex   -7.554053e-01 -1.580073e+01 4.327416e+00
      vertex   -8.471840e-01 -1.568820e+01 4.363134e+00
      vertex   -7.688578e-01 -1.574457e+01 4.269357e+00
    endloop
  endfacet
  facet normal -7.635735e-01 -5.434486e-01 -3.487395e-01
    outer loop
      vertex   -7.554053e-01 -1.580073e+01 4.327416e+00
      vertex   -7.688578e-01 -1.574457e+01 4.269357e+00
      vertex   -6.724445e-01 -1.585470e+01 4.229870e+00
    endloop
  endfacet
  facet normal -7.655217e-01 -5.511843e-01 -3.319222e-01
    outer loop
      vertex   -6.724445e-01 -1.585470e+01 4.229870e+00
      vertex   -7.688578e-01 -1.574457e+01 4.269357e+00
      vertex   -6.910312e-01 -1.579360e+01 4.171279e+00
    endloop
  endfacet
  facet normal -7.487814e-01 -5.630913e-01 -3.496492e-01
    outer loop
      vertex   -6.724445e-01 -1.585470e+01 4.229870e+00
      vertex   -6.910312e-01 -1.579360e+01 4.171279e+00
      vertex   -5.900880e-01 -1.590113e+01 4.128281e+00
    endloop
  endfacet
  facet normal -7.502877e-01 -5.712543e-01 -3.327716e-01
    outer loop
      vertex   -5.900880e-01 -1.590113e+01 4.128281e+00
      vertex   -6.910312e-01 -1.579360e+01 4.171279e+00
      vertex   -6.140883e-01 -1.583537e+01 4.069501e+00
    endloop
  endfacet
  facet normal -8.085171e-01 -3.681783e-01 -4.590695e-01
    outer loop
      vertex   -1.148263e+00 -1.551854e+01 4.794412e+00
      vertex   -1.197340e+00 -1.545088e+01 4.826578e+00
      vertex   -1.183032e+00 -1.542309e+01 4.779093e+00
    endloop
  endfacet
  facet normal -8.132178e-01 -3.611270e-01 -4.563597e-01
    outer loop
      vertex   -1.183032e+00 -1.542309e+01 4.779093e+00
      vertex   -1.197340e+00 -1.545088e+01 4.826578e+00
      vertex   -1.228209e+00 -1.535690e+01 4.807215e+00
    endloop
  endfacet
  facet normal -8.199392e-01 -3.975569e-01 -4.118837e-01
    outer loop
      vertex   -1.183032e+00 -1.542309e+01 4.779093e+00
      vertex   -1.171357e+00 -1.539653e+01 4.730210e+00
      vertex   -1.135688e+00 -1.548621e+01 4.745770e+00
    endloop
  endfacet
  facet normal -8.236875e-01 -3.977117e-01 -4.041834e-01
    outer loop
      vertex   -1.135688e+00 -1.548621e+01 4.745770e+00
      vertex   -1.171357e+00 -1.539653e+01 4.730210e+00
      vertex   -1.126009e+00 -1.545526e+01 4.695591e+00
    endloop
  endfacet
  facet normal -8.133618e-01 -4.118297e-01 -4.109002e-01
    outer loop
      vertex   -1.135688e+00 -1.548621e+01 4.745770e+00
      vertex   -1.126009e+00 -1.545526e+01 4.695591e+00
      vertex   -1.036486e+00 -1.560282e+01 4.666279e+00
    endloop
  endfacet
  facet normal -8.175349e-01 -4.171111e-01 -3.970580e-01
    outer loop
      vertex   -1.036486e+00 -1.560282e+01 4.666279e+00
      vertex   -1.126009e+00 -1.545526e+01 4.695591e+00
      vertex   -1.031093e+00 -1.556357e+01 4.613939e+00
    endloop
  endfacet
  facet normal -8.039194e-01 -4.330747e-01 -4.076271e-01
    outer loop
      vertex   -1.036486e+00 -1.560282e+01 4.666279e+00
      vertex   -1.031093e+00 -1.556357e+01 4.613939e+00
      vertex   -9.214336e-01 -1.571778e+01 4.561504e+00
    endloop
  endfacet
  facet normal -8.073115e-01 -4.406049e-01 -3.925755e-01
    outer loop
      vertex   -9.214336e-01 -1.571778e+01 4.561504e+00
      vertex   -1.031093e+00 -1.556357e+01 4.613939e+00
      vertex   -9.212334e-01 -1.566993e+01 4.507388e+00
    endloop
  endfacet
  facet normal -7.943976e-01 -4.535684e-01 -4.039902e-01
    outer loop
      vertex   -9.214336e-01 -1.571778e+01 4.561504e+00
      vertex   -9.212334e-01 -1.566993e+01 4.507388e+00
      vertex   -8.346999e-01 -1.579297e+01 4.475369e+00
    endloop
  endfacet
  facet normal -7.973743e-01 -4.587587e-01 -3.920902e-01
    outer loop
      vertex   -8.346999e-01 -1.579297e+01 4.475369e+00
      vertex   -9.212334e-01 -1.566993e+01 4.507388e+00
      vertex   -8.386139e-01 -1.573914e+01 4.420344e+00
    endloop
  endfacet
  facet normal -7.857572e-01 -4.691548e-01 -4.030873e-01
    outer loop
      vertex   -8.346999e-01 -1.579297e+01 4.475369e+00
      vertex   -8.386139e-01 -1.573914e+01 4.420344e+00
      vertex   -7.471286e-01 -1.586029e+01 4.383018e+00
    endloop
  endfacet
  facet normal -7.883748e-01 -4.747945e-01 -3.911974e-01
    outer loop
      vertex   -7.471286e-01 -1.586029e+01 4.383018e+00
      vertex   -8.386139e-01 -1.573914e+01 4.420344e+00
      vertex   -7.554053e-01 -1.580073e+01 4.327416e+00
    endloop
  endfacet
  facet normal -7.765805e-01 -4.842229e-01 -4.030519e-01
    outer loop
      vertex   -7.471286e-01 -1.586029e+01 4.383018e+00
      vertex   -7.554053e-01 -1.580073e+01 4.327416e+00
      vertex   -6.595595e-01 -1.591973e+01 4.285708e+00
    endloop
  endfacet
  facet normal -7.788736e-01 -4.902248e-01 -3.911976e-01
    outer loop
      vertex   -6.595595e-01 -1.591973e+01 4.285708e+00
      vertex   -7.554053e-01 -1.580073e+01 4.327416e+00
      vertex   -6.724445e-01 -1.585470e+01 4.229870e+00
    endloop
  endfacet
  facet normal -7.666935e-01 -4.988864e-01 -4.040957e-01
    outer loop
      vertex   -6.595595e-01 -1.591973e+01 4.285708e+00
      vertex   -6.724445e-01 -1.585470e+01 4.229870e+00
      vertex   -5.723184e-01 -1.597141e+01 4.183990e+00
    endloop
  endfacet
  facet normal -7.686840e-01 -5.052642e-01 -3.922154e-01
    outer loop
      vertex   -5.723184e-01 -1.597141e+01 4.183990e+00
      vertex   -6.724445e-01 -1.585470e+01 4.229870e+00
      vertex   -5.900880e-01 -1.590113e+01 4.128281e+00
    endloop
  endfacet
  facet normal -8.920703e-01 -3.922125e-01 -2.244547e-01
    outer loop
      vertex   -1.260500e+00 -1.511748e+01 4.595943e+00
      vertex   -1.243386e+00 -1.516070e+01 4.603447e+00
      vertex   -1.251548e+00 -1.516917e+01 4.650673e+00
    endloop
  endfacet
  facet normal -9.165684e-01 -3.919881e-01 -7.904251e-02
    outer loop
      vertex   -1.233400e+00 -1.514666e+01 4.507676e+00
      vertex   -1.249450e+00 -1.510453e+01 4.484840e+00
      vertex   -1.231605e+00 -1.514112e+01 4.459360e+00
    endloop
  endfacet
  facet normal -9.121302e-01 -4.061034e-01 -5.566510e-02
    outer loop
      vertex   -1.231605e+00 -1.514112e+01 4.459360e+00
      vertex   -1.249450e+00 -1.510453e+01 4.484840e+00
      vertex   -1.246893e+00 -1.510393e+01 4.438542e+00
    endloop
  endfacet
  facet normal -9.184123e-01 -3.944656e-01 -3.026122e-02
    outer loop
      vertex   -1.231605e+00 -1.514112e+01 4.459360e+00
      vertex   -1.246893e+00 -1.510393e+01 4.438542e+00
      vertex   -1.231957e+00 -1.513658e+01 4.410908e+00
    endloop
  endfacet
  facet normal -9.122843e-01 -4.094532e-01 -9.239132e-03
    outer loop
      vertex   -1.231957e+00 -1.513658e+01 4.410908e+00
      vertex   -1.246893e+00 -1.510393e+01 4.438542e+00
      vertex   -1.246337e+00 -1.510412e+01 4.392166e+00
    endloop
  endfacet
  facet normal -9.180669e-01 -3.959931e-01 1.851070e-02
    outer loop
      vertex   -1.231957e+00 -1.513658e+01 4.410908e+00
      vertex   -1.246337e+00 -1.510412e+01 4.392166e+00
      vertex   -1.234454e+00 -1.513306e+01 4.362433e+00
    endloop
  endfacet
  facet normal -9.104622e-01 -4.119286e-01 3.706005e-02
    outer loop
      vertex   -1.234454e+00 -1.513306e+01 4.362433e+00
      vertex   -1.246337e+00 -1.510412e+01 4.392166e+00
      vertex   -1.247777e+00 -1.510511e+01 4.345813e+00
    endloop
  endfacet
  facet normal -9.155730e-01 -3.965192e-01 6.707250e-02
    outer loop
      vertex   -1.234454e+00 -1.513306e+01 4.362433e+00
      vertex   -1.247777e+00 -1.510511e+01 4.345813e+00
      vertex   -1.239081e+00 -1.513056e+01 4.314052e+00
    endloop
  endfacet
  facet normal -9.389584e-01 -3.393964e-01 -5.627818e-02
    outer loop
      vertex   -1.249450e+00 -1.510453e+01 4.484840e+00
      vertex   -1.259388e+00 -1.507263e+01 4.458285e+00
      vertex   -1.246893e+00 -1.510393e+01 4.438542e+00
    endloop
  endfacet
  facet normal -9.349109e-01 -3.534931e-01 -3.137109e-02
    outer loop
      vertex   -1.246893e+00 -1.510393e+01 4.438542e+00
      vertex   -1.259388e+00 -1.507263e+01 4.458285e+00
      vertex   -1.256306e+00 -1.507687e+01 4.414198e+00
    endloop
  endfacet
  facet normal -9.416292e-01 -3.365063e-01 -9.894442e-03
    outer loop
      vertex   -1.246893e+00 -1.510393e+01 4.438542e+00
      vertex   -1.256306e+00 -1.507687e+01 4.414198e+00
      vertex   -1.246337e+00 -1.510412e+01 4.392166e+00
    endloop
  endfacet
  facet normal -9.355513e-01 -3.529447e-01 1.318662e-02
    outer loop
      vertex   -1.246337e+00 -1.510412e+01 4.392166e+00
      vertex   -1.256306e+00 -1.507687e+01 4.414198e+00
      vertex   -1.255094e+00 -1.508173e+01 4.370082e+00
    endloop
  endfacet
  facet normal -9.423210e-01 -3.327292e-01 3.636415e-02
    outer loop
      vertex   -1.246337e+00 -1.510412e+01 4.392166e+00
      vertex   -1.255094e+00 -1.508173e+01 4.370082e+00
      vertex   -1.247777e+00 -1.510511e+01 4.345813e+00
    endloop
  endfacet
  facet normal -7.409890e-01 -6.576220e-01 1.358991e-01
    outer loop
      vertex   -1.196883e+00 -1.524057e+01 4.136256e+00
      vertex   -1.144942e+00 -1.530991e+01 4.083940e+00
      vertex   -1.176667e+00 -1.525200e+01 4.191200e+00
    endloop
  endfacet
  facet normal -7.334383e-01 -6.647616e-01 1.419873e-01
    outer loop
      vertex   -1.176667e+00 -1.525200e+01 4.191200e+00
      vertex   -1.144942e+00 -1.530991e+01 4.083940e+00
      vertex   -1.119012e+00 -1.532614e+01 4.141897e+00
    endloop
  endfacet
  facet normal -7.599909e-01 -6.448646e-01 8.101501e-02
    outer loop
      vertex   -1.176667e+00 -1.525200e+01 4.191200e+00
      vertex   -1.119012e+00 -1.532614e+01 4.141897e+00
      vertex   -1.159195e+00 -1.526563e+01 4.246577e+00
    endloop
  endfacet
  facet normal -7.575851e-01 -6.473869e-01 8.339653e-02
    outer loop
      vertex   -1.159195e+00 -1.526563e+01 4.246577e+00
      vertex   -1.119012e+00 -1.532614e+01 4.141897e+00
      vertex   -1.096206e+00 -1.534531e+01 4.200265e+00
    endloop
  endfacet
  facet normal -7.768429e-01 -6.291636e-01 2.585093e-02
    outer loop
      vertex   -1.159195e+00 -1.526563e+01 4.246577e+00
      vertex   -1.096206e+00 -1.534531e+01 4.200265e+00
      vertex   -1.144545e+00 -1.528144e+01 4.302193e+00
    endloop
  endfacet
  facet normal -7.782827e-01 -6.274516e-01 2.409522e-02
    outer loop
      vertex   -1.144545e+00 -1.528144e+01 4.302193e+00
      vertex   -1.096206e+00 -1.534531e+01 4.200265e+00
      vertex   -1.076629e+00 -1.536735e+01 4.258797e+00
    endloop
  endfacet
  facet normal -7.912845e-01 -6.107444e-01 -2.932748e-02
    outer loop
      vertex   -1.144545e+00 -1.528144e+01 4.302193e+00
      vertex   -1.076629e+00 -1.536735e+01 4.258797e+00
      vertex   -1.132774e+00 -1.529936e+01 4.357852e+00
    endloop
  endfacet
  facet normal -7.951544e-01 -6.053846e-01 -3.519959e-02
    outer loop
      vertex   -1.132774e+00 -1.529936e+01 4.357852e+00
      vertex   -1.076629e+00 -1.536735e+01 4.258797e+00
      vertex   -1.060345e+00 -1.539213e+01 4.317242e+00
    endloop
  endfacet
  facet normal -8.029491e-01 -5.900945e-01 -8.403142e-02
    outer loop
      vertex   -1.132774e+00 -1.529936e+01 4.357852e+00
      vertex   -1.060345e+00 -1.539213e+01 4.317242e+00
      vertex   -1.123908e+00 -1.531933e+01 4.413356e+00
    endloop
  endfacet
  facet normal -8.083056e-01 -5.811549e-01 -9.434544e-02
    outer loop
      vertex   -1.123908e+00 -1.531933e+01 4.413356e+00
      vertex   -1.060345e+00 -1.539213e+01 4.317242e+00
      vertex   -1.047411e+00 -1.541956e+01 4.375348e+00
    endloop
  endfacet
  facet normal -8.118701e-01 -5.672473e-01 -1.381931e-01
    outer loop
      vertex   -1.123908e+00 -1.531933e+01 4.413356e+00
      vertex   -1.047411e+00 -1.541956e+01 4.375348e+00
      vertex   -1.117971e+00 -1.534126e+01 4.468509e+00
    endloop
  endfacet
  facet normal -8.178345e-01 -5.546617e-01 -1.532875e-01
    outer loop
      vertex   -1.117971e+00 -1.534126e+01 4.468509e+00
      vertex   -1.047411e+00 -1.541956e+01 4.375348e+00
      vertex   -1.037884e+00 -1.544950e+01 4.432863e+00
    endloop
  endfacet
  facet normal -8.180886e-01 -5.421655e-01 -1.918012e-01
    outer loop
      vertex   -1.117971e+00 -1.534126e+01 4.468509e+00
      vertex   -1.037884e+00 -1.544950e+01 4.432863e+00
      vertex   -1.114983e+00 -1.536509e+01 4.523112e+00
    endloop
  endfacet
  facet normal -8.047416e-01 -3.769366e-01 -4.585955e-01
    outer loop
      vertex   -1.045346e+00 -1.564382e+01 4.716779e+00
      vertex   -1.148263e+00 -1.551854e+01 4.794412e+00
      vertex   -1.135688e+00 -1.548621e+01 4.745770e+00
    endloop
  endfacet
  facet normal -8.110085e-01 -3.683542e-01 -4.545111e-01
    outer loop
      vertex   -1.135688e+00 -1.548621e+01 4.745770e+00
      vertex   -1.148263e+00 -1.551854e+01 4.794412e+00
      vertex   -1.183032e+00 -1.542309e+01 4.779093e+00
    endloop
  endfacet
  facet normal -8.078355e-01 -3.802233e-01 -4.503688e-01
    outer loop
      vertex   -1.045346e+00 -1.564382e+01 4.716779e+00
      vertex   -1.135688e+00 -1.548621e+01 4.745770e+00
      vertex   -1.036486e+00 -1.560282e+01 4.666279e+00
    endloop
  endfacet
  facet normal -6.889632e-01 -7.167763e-01 1.075237e-01
    outer loop
      vertex   -1.144942e+00 -1.530991e+01 4.083940e+00
      vertex   -1.073990e+00 -1.538856e+01 4.014293e+00
      vertex   -1.119012e+00 -1.532614e+01 4.141897e+00
    endloop
  endfacet
  facet normal -6.850434e-01 -7.200704e-01 1.105179e-01
    outer loop
      vertex   -1.119012e+00 -1.532614e+01 4.141897e+00
      vertex   -1.073990e+00 -1.538856e+01 4.014293e+00
      vertex   -1.041744e+00 -1.540989e+01 4.075158e+00
    endloop
  endfacet
  facet normal -7.140500e-01 -6.983316e-01 4.965540e-02
    outer loop
      vertex   -1.119012e+00 -1.532614e+01 4.141897e+00
      vertex   -1.041744e+00 -1.540989e+01 4.075158e+00
      vertex   -1.096206e+00 -1.534531e+01 4.200265e+00
    endloop
  endfacet
  facet normal -7.152175e-01 -6.972123e-01 4.856933e-02
    outer loop
      vertex   -1.096206e+00 -1.534531e+01 4.200265e+00
      vertex   -1.041744e+00 -1.540989e+01 4.075158e+00
      vertex   -1.013052e+00 -1.543506e+01 4.136341e+00
    endloop
  endfacet
  facet normal -7.364847e-01 -6.764032e-01 -8.312346e-03
    outer loop
      vertex   -1.096206e+00 -1.534531e+01 4.200265e+00
      vertex   -1.013052e+00 -1.543506e+01 4.136341e+00
      vertex   -1.076629e+00 -1.536735e+01 4.258797e+00
    endloop
  endfacet
  facet normal -7.410421e-01 -6.713231e-01 -1.348777e-02
    outer loop
      vertex   -1.076629e+00 -1.536735e+01 4.258797e+00
      vertex   -1.013052e+00 -1.543506e+01 4.136341e+00
      vertex   -9.880341e-01 -1.546391e+01 4.197523e+00
    endloop
  endfacet
  facet normal -7.557099e-01 -6.515938e-01 -6.578798e-02
    outer loop
      vertex   -1.076629e+00 -1.536735e+01 4.258797e+00
      vertex   -9.880341e-01 -1.546391e+01 4.197523e+00
      vertex   -1.060345e+00 -1.539213e+01 4.317242e+00
    endloop
  endfacet
  facet normal -7.626317e-01 -6.424149e-01 -7.547204e-02
    outer loop
      vertex   -1.060345e+00 -1.539213e+01 4.317242e+00
      vertex   -9.880341e-01 -1.546391e+01 4.197523e+00
      vertex   -9.668041e-01 -1.549626e+01 4.258385e+00
    endloop
  endfacet
  facet normal -7.717759e-01 -6.239496e-01 -1.226739e-01
    outer loop
      vertex   -1.060345e+00 -1.539213e+01 4.317242e+00
      vertex   -9.668041e-01 -1.549626e+01 4.258385e+00
      vertex   -1.047411e+00 -1.541956e+01 4.375348e+00
    endloop
  endfacet
  facet normal -7.801100e-01 -6.103884e-01 -1.373114e-01
    outer loop
      vertex   -1.047411e+00 -1.541956e+01 4.375348e+00
      vertex   -9.668041e-01 -1.549626e+01 4.258385e+00
      vertex   -9.494764e-01 -1.553196e+01 4.318608e+00
    endloop
  endfacet
  facet normal -7.847518e-01 -5.934174e-01 -1.789427e-01
    outer loop
      vertex   -1.047411e+00 -1.541956e+01 4.375348e+00
      vertex   -9.494764e-01 -1.553196e+01 4.318608e+00
      vertex   -1.037884e+00 -1.544950e+01 4.432863e+00
    endloop
  endfacet
  facet normal -7.995007e-01 -3.899956e-01 -4.568393e-01
    outer loop
      vertex   -9.257842e-01 -1.576783e+01 4.613406e+00
      vertex   -1.045346e+00 -1.564382e+01 4.716779e+00
      vertex   -1.036486e+00 -1.560282e+01 4.666279e+00
    endloop
  endfacet
  facet normal -8.022486e-01 -3.947075e-01 -4.478875e-01
    outer loop
      vertex   -9.257842e-01 -1.576783e+01 4.613406e+00
      vertex   -1.036486e+00 -1.560282e+01 4.666279e+00
      vertex   -9.214336e-01 -1.571778e+01 4.561504e+00
    endloop
  endfacet
  facet normal -6.434007e-01 -7.619670e-01 7.376926e-02
    outer loop
      vertex   -1.073990e+00 -1.538856e+01 4.014293e+00
      vertex   -1.002035e+00 -1.545294e+01 3.976906e+00
      vertex   -1.041744e+00 -1.540989e+01 4.075158e+00
    endloop
  endfacet
  facet normal -6.624272e-01 -7.467660e-01 5.942005e-02
    outer loop
      vertex   -1.041744e+00 -1.540989e+01 4.075158e+00
      vertex   -1.002035e+00 -1.545294e+01 3.976906e+00
      vertex   -9.664256e-01 -1.547953e+01 4.039717e+00
    endloop
  endfacet
  facet normal -6.753831e-01 -7.373457e-01 1.337779e-02
    outer loop
      vertex   -1.041744e+00 -1.540989e+01 4.075158e+00
      vertex   -9.664256e-01 -1.547953e+01 4.039717e+00
      vertex   -1.013052e+00 -1.543506e+01 4.136341e+00
    endloop
  endfacet
  facet normal -6.949387e-01 -7.190550e-01 -4.475342e-03
    outer loop
      vertex   -1.013052e+00 -1.543506e+01 4.136341e+00
      vertex   -9.664256e-01 -1.547953e+01 4.039717e+00
      vertex   -9.347217e-01 -1.551056e+01 4.102595e+00
    endloop
  endfacet
  facet normal -7.035372e-01 -7.091258e-01 -4.664666e-02
    outer loop
      vertex   -1.013052e+00 -1.543506e+01 4.136341e+00
      vertex   -9.347217e-01 -1.551056e+01 4.102595e+00
      vertex   -9.880341e-01 -1.546391e+01 4.197523e+00
    endloop
  endfacet
  facet normal -7.229996e-01 -6.874722e-01 -6.821749e-02
    outer loop
      vertex   -9.880341e-01 -1.546391e+01 4.197523e+00
      vertex   -9.347217e-01 -1.551056e+01 4.102595e+00
      vertex   -9.070913e-01 -1.554583e+01 4.165165e+00
    endloop
  endfacet
  facet normal -7.279424e-01 -6.773708e-01 -1.061542e-01
    outer loop
      vertex   -9.880341e-01 -1.546391e+01 4.197523e+00
      vertex   -9.070913e-01 -1.554583e+01 4.165165e+00
      vertex   -9.668041e-01 -1.549626e+01 4.258385e+00
    endloop
  endfacet
  facet normal -7.467490e-01 -6.519310e-01 -1.317265e-01
    outer loop
      vertex   -9.668041e-01 -1.549626e+01 4.258385e+00
      vertex   -9.070913e-01 -1.554583e+01 4.165165e+00
      vertex   -8.837032e-01 -1.558512e+01 4.227055e+00
    endloop
  endfacet
  facet normal -7.487146e-01 -6.420073e-01 -1.650849e-01
    outer loop
      vertex   -9.668041e-01 -1.549626e+01 4.258385e+00
      vertex   -8.837032e-01 -1.558512e+01 4.227055e+00
      vertex   -9.494764e-01 -1.553196e+01 4.318608e+00
    endloop
  endfacet
  facet normal -7.943311e-01 -4.026454e-01 -4.548789e-01
    outer loop
      vertex   -8.354692e-01 -1.584938e+01 4.527881e+00
      vertex   -9.257842e-01 -1.576783e+01 4.613406e+00
      vertex   -9.214336e-01 -1.571778e+01 4.561504e+00
    endloop
  endfacet
  facet normal -7.966521e-01 -4.059667e-01 -4.478131e-01
    outer loop
      vertex   -8.354692e-01 -1.584938e+01 4.527881e+00
      vertex   -9.214336e-01 -1.571778e+01 4.561504e+00
      vertex   -8.346999e-01 -1.579297e+01 4.475369e+00
    endloop
  endfacet
  facet normal -7.895498e-01 -4.123209e-01 -4.545355e-01
    outer loop
      vertex   -8.354692e-01 -1.584938e+01 4.527881e+00
      vertex   -8.346999e-01 -1.579297e+01 4.475369e+00
      vertex   -7.440882e-01 -1.592284e+01 4.435785e+00
    endloop
  endfacet
  facet normal -7.916727e-01 -4.159526e-01 -4.474794e-01
    outer loop
      vertex   -7.440882e-01 -1.592284e+01 4.435785e+00
      vertex   -8.346999e-01 -1.579297e+01 4.475369e+00
      vertex   -7.471286e-01 -1.586029e+01 4.383018e+00
    endloop
  endfacet
  facet normal -7.844611e-01 -4.217158e-01 -4.547269e-01
    outer loop
      vertex   -7.440882e-01 -1.592284e+01 4.435785e+00
      vertex   -7.471286e-01 -1.586029e+01 4.383018e+00
      vertex   -6.524793e-01 -1.598821e+01 4.338370e+00
    endloop
  endfacet
  facet normal -7.864016e-01 -4.256053e-01 -4.476970e-01
    outer loop
      vertex   -6.524793e-01 -1.598821e+01 4.338370e+00
      vertex   -7.471286e-01 -1.586029e+01 4.383018e+00
      vertex   -6.595595e-01 -1.591973e+01 4.285708e+00
    endloop
  endfacet
  facet normal -7.789471e-01 -4.309048e-01 -4.555903e-01
    outer loop
      vertex   -6.524793e-01 -1.598821e+01 4.338370e+00
      vertex   -6.595595e-01 -1.591973e+01 4.285708e+00
      vertex   -5.609362e-01 -1.604562e+01 4.236155e+00
    endloop
  endfacet
  facet normal -7.807184e-01 -4.350627e-01 -4.485524e-01
    outer loop
      vertex   -5.609362e-01 -1.604562e+01 4.236155e+00
      vertex   -6.595595e-01 -1.591973e+01 4.285708e+00
      vertex   -5.723184e-01 -1.597141e+01 4.183990e+00
    endloop
  endfacet
  facet normal -7.178943e-01 -6.777462e-01 -1.590213e-01
    outer loop
      vertex   -8.837032e-01 -1.558512e+01 4.227055e+00
      vertex   -9.070913e-01 -1.554583e+01 4.165165e+00
      vertex   -8.181926e-01 -1.563188e+01 4.130583e+00
    endloop
  endfacet
  facet normal -7.147852e-01 -6.879790e-01 -1.255665e-01
    outer loop
      vertex   -8.181926e-01 -1.563188e+01 4.130583e+00
      vertex   -9.070913e-01 -1.554583e+01 4.165165e+00
      vertex   -8.478784e-01 -1.558948e+01 4.067291e+00
    endloop
  endfacet
  facet normal -6.853922e-01 -7.114674e-01 -1.550857e-01
    outer loop
      vertex   -8.181926e-01 -1.563188e+01 4.130583e+00
      vertex   -8.478784e-01 -1.558948e+01 4.067291e+00
      vertex   -7.537269e-01 -1.567216e+01 4.030463e+00
    endloop
  endfacet
  facet normal -6.813455e-01 -7.217998e-01 -1.215460e-01
    outer loop
      vertex   -7.537269e-01 -1.567216e+01 4.030463e+00
      vertex   -8.478784e-01 -1.558948e+01 4.067291e+00
      vertex   -7.899137e-01 -1.562715e+01 3.966028e+00
    endloop
  endfacet
  facet normal -6.510158e-01 -7.433537e-01 -1.536349e-01
    outer loop
      vertex   -7.537269e-01 -1.567216e+01 4.030463e+00
      vertex   -7.899137e-01 -1.562715e+01 3.966028e+00
      vertex   -6.907322e-01 -1.570601e+01 3.927323e+00
    endloop
  endfacet
  facet normal -6.461058e-01 -7.537885e-01 -1.197922e-01
    outer loop
      vertex   -6.907322e-01 -1.570601e+01 3.927323e+00
      vertex   -7.899137e-01 -1.562715e+01 3.966028e+00
      vertex   -7.336292e-01 -1.565886e+01 3.862006e+00
    endloop
  endfacet
  facet normal -6.909282e-01 -7.161737e-01 -9.855699e-02
    outer loop
      vertex   -9.070913e-01 -1.554583e+01 4.165165e+00
      vertex   -9.347217e-01 -1.551056e+01 4.102595e+00
      vertex   -8.478784e-01 -1.558948e+01 4.067291e+00
    endloop
  endfacet
  facet normal -6.846890e-01 -7.263173e-01 -6.053241e-02
    outer loop
      vertex   -8.478784e-01 -1.558948e+01 4.067291e+00
      vertex   -9.347217e-01 -1.551056e+01 4.102595e+00
      vertex   -8.821153e-01 -1.555187e+01 4.003268e+00
    endloop
  endfacet
  facet normal -6.520085e-01 -7.524425e-01 -9.335565e-02
    outer loop
      vertex   -8.478784e-01 -1.558948e+01 4.067291e+00
      vertex   -8.821153e-01 -1.555187e+01 4.003268e+00
      vertex   -7.899137e-01 -1.562715e+01 3.966028e+00
    endloop
  endfacet
  facet normal -6.447430e-01 -7.624010e-01 -5.523776e-02
    outer loop
      vertex   -7.899137e-01 -1.562715e+01 3.966028e+00
      vertex   -8.821153e-01 -1.555187e+01 4.003268e+00
      vertex   -8.309192e-01 -1.558774e+01 3.900799e+00
    endloop
  endfacet
  facet normal -6.110470e-01 -7.863587e-01 -9.089274e-02
    outer loop
      vertex   -7.899137e-01 -1.562715e+01 3.966028e+00
      vertex   -8.309192e-01 -1.558774e+01 3.900799e+00
      vertex   -7.336292e-01 -1.565886e+01 3.862006e+00
    endloop
  endfacet
  facet normal -6.028514e-01 -7.961291e-01 -5.242683e-02
    outer loop
      vertex   -7.336292e-01 -1.565886e+01 3.862006e+00
      vertex   -8.309192e-01 -1.558774e+01 3.900799e+00
      vertex   -7.815623e-01 -1.561820e+01 3.795814e+00
    endloop
  endfacet
  facet normal -6.600315e-01 -7.503015e-01 -3.749721e-02
    outer loop
      vertex   -9.347217e-01 -1.551056e+01 4.102595e+00
      vertex   -9.664256e-01 -1.547953e+01 4.039717e+00
      vertex   -8.821153e-01 -1.555187e+01 4.003268e+00
    endloop
  endfacet
  facet normal -6.500167e-01 -7.599052e-01 4.729438e-03
    outer loop
      vertex   -8.821153e-01 -1.555187e+01 4.003268e+00
      vertex   -9.664256e-01 -1.547953e+01 4.039717e+00
      vertex   -9.206677e-01 -1.551929e+01 3.938946e+00
    endloop
  endfacet
  facet normal -6.144344e-01 -7.883583e-01 -3.100798e-02
    outer loop
      vertex   -8.821153e-01 -1.555187e+01 4.003268e+00
      vertex   -9.206677e-01 -1.551929e+01 3.938946e+00
      vertex   -8.309192e-01 -1.558774e+01 3.900799e+00
    endloop
  endfacet
  facet normal -6.250560e-01 -7.802085e-01 2.407600e-02
    outer loop
      vertex   -9.664256e-01 -1.547953e+01 4.039717e+00
      vertex   -1.002035e+00 -1.545294e+01 3.976906e+00
      vertex   -9.206677e-01 -1.551929e+01 3.938946e+00
    endloop
  endfacet
  facet normal -7.122154e-01 -6.146976e-01 -3.389632e-01
    outer loop
      vertex   -4.415624e-01 -1.590449e+01 3.823032e+00
      vertex   -4.038129e-01 -1.598009e+01 3.880817e+00
      vertex   -5.267476e-01 -1.587471e+01 3.948017e+00
    endloop
  endfacet
  facet normal -7.127350e-01 -6.036079e-01 -3.573044e-01
    outer loop
      vertex   -5.267476e-01 -1.587471e+01 3.948017e+00
      vertex   -4.038129e-01 -1.598009e+01 3.880817e+00
      vertex   -4.961048e-01 -1.594555e+01 4.006560e+00
    endloop
  endfacet
  facet normal -7.653397e-01 -4.501540e-01 -4.600180e-01
    outer loop
      vertex   -3.509927e-01 -1.614858e+01 3.984026e+00
      vertex   -4.555788e-01 -1.610225e+01 4.112690e+00
      vertex   -4.723038e-01 -1.602163e+01 4.061626e+00
    endloop
  endfacet
  facet normal -7.431848e-01 -5.380992e-01 -3.976501e-01
    outer loop
      vertex   -4.038129e-01 -1.598009e+01 3.880817e+00
      vertex   -3.735127e-01 -1.606174e+01 3.934673e+00
      vertex   -4.961048e-01 -1.594555e+01 4.006560e+00
    endloop
  endfacet
  facet normal -7.424573e-01 -5.293734e-01 -4.105131e-01
    outer loop
      vertex   -4.961048e-01 -1.594555e+01 4.006560e+00
      vertex   -3.735127e-01 -1.606174e+01 3.934673e+00
      vertex   -4.723038e-01 -1.602163e+01 4.061626e+00
    endloop
  endfacet
  facet normal -7.572652e-01 -4.599123e-01 -4.637134e-01
    outer loop
      vertex   -2.479765e-01 -1.618413e+01 3.851055e+00
      vertex   -3.509927e-01 -1.614858e+01 3.984026e+00
      vertex   -3.735127e-01 -1.606174e+01 3.934673e+00
    endloop
  endfacet
  facet normal -7.664759e-01 -4.558834e-01 -4.524212e-01
    outer loop
      vertex   -3.735127e-01 -1.606174e+01 3.934673e+00
      vertex   -3.509927e-01 -1.614858e+01 3.984026e+00
      vertex   -4.723038e-01 -1.602163e+01 4.061626e+00
    endloop
  endfacet
  facet normal -2.765861e-03 -4.813255e-01 -8.765376e-01
    outer loop
      vertex   4.029562e-01 -1.445325e+01 3.064824e+00
      vertex   3.996584e-01 -1.453381e+01 3.109073e+00
      vertex   2.863644e-01 -1.445925e+01 3.068487e+00
    endloop
  endfacet
  facet normal 8.337576e-04 -4.771107e-01 -8.788428e-01
    outer loop
      vertex   2.863644e-01 -1.445925e+01 3.068487e+00
      vertex   3.996584e-01 -1.453381e+01 3.109073e+00
      vertex   2.862199e-01 -1.454799e+01 3.116663e+00
    endloop
  endfacet
  facet normal -6.726527e-03 -4.770906e-01 -8.788284e-01
    outer loop
      vertex   2.863644e-01 -1.445925e+01 3.068487e+00
      vertex   2.862199e-01 -1.454799e+01 3.116663e+00
      vertex   1.707835e-01 -1.447235e+01 3.076482e+00
    endloop
  endfacet
  facet normal -8.575689e-03 -4.792728e-01 -8.776241e-01
    outer loop
      vertex   1.707835e-01 -1.447235e+01 3.076482e+00
      vertex   2.862199e-01 -1.454799e+01 3.116663e+00
      vertex   1.675675e-01 -1.455881e+01 3.123729e+00
    endloop
  endfacet
  facet normal -9.955308e-03 -4.792272e-01 -8.776344e-01
    outer loop
      vertex   1.707835e-01 -1.447235e+01 3.076482e+00
      vertex   1.675675e-01 -1.455881e+01 3.123729e+00
      vertex   5.712001e-02 -1.449238e+01 3.088708e+00
    endloop
  endfacet
  facet normal -1.182623e-02 -4.816312e-01 -8.762942e-01
    outer loop
      vertex   5.712001e-02 -1.449238e+01 3.088708e+00
      vertex   1.675675e-01 -1.455881e+01 3.123729e+00
      vertex   5.061844e-02 -1.457751e+01 3.135587e+00
    endloop
  endfacet
  facet normal -1.291008e-02 -4.815612e-01 -8.763174e-01
    outer loop
      vertex   5.712001e-02 -1.449238e+01 3.088708e+00
      vertex   5.061844e-02 -1.457751e+01 3.135587e+00
      vertex   -5.461411e-02 -1.451941e+01 3.105211e+00
    endloop
  endfacet
  facet normal -1.476173e-02 -4.841526e-01 -8.748590e-01
    outer loop
      vertex   -5.461411e-02 -1.451941e+01 3.105211e+00
      vertex   5.061844e-02 -1.457751e+01 3.135587e+00
      vertex   -6.466173e-02 -1.460424e+01 3.152323e+00
    endloop
  endfacet
  facet normal -1.557142e-02 -4.840733e-01 -8.748889e-01
    outer loop
      vertex   -5.461411e-02 -1.451941e+01 3.105211e+00
      vertex   -6.466173e-02 -1.460424e+01 3.152323e+00
      vertex   -1.640493e-01 -1.455351e+01 3.126025e+00
    endloop
  endfacet
  facet normal -1.756617e-02 -4.870924e-01 -8.731737e-01
    outer loop
      vertex   -1.640493e-01 -1.455351e+01 3.126025e+00
      vertex   -6.466173e-02 -1.460424e+01 3.152323e+00
      vertex   -1.959514e-01 -1.464561e+01 3.178045e+00
    endloop
  endfacet
  facet normal -1.780852e-02 -4.870265e-01 -8.732056e-01
    outer loop
      vertex   -1.640493e-01 -1.455351e+01 3.126025e+00
      vertex   -1.959514e-01 -1.464561e+01 3.178045e+00
      vertex   -2.701208e-01 -1.459459e+01 3.151096e+00
    endloop
  endfacet
  facet normal -2.046801e-02 -4.899859e-01 -8.714900e-01
    outer loop
      vertex   -2.701208e-01 -1.459459e+01 3.151096e+00
      vertex   -1.959514e-01 -1.464561e+01 3.178045e+00
      vertex   -3.214460e-01 -1.469779e+01 3.210329e+00
    endloop
  endfacet
  facet normal -1.960053e-02 -4.903207e-01 -8.713217e-01
    outer loop
      vertex   -2.701208e-01 -1.459459e+01 3.151096e+00
      vertex   -3.214460e-01 -1.469779e+01 3.210329e+00
      vertex   -3.717639e-01 -1.464254e+01 3.180365e+00
    endloop
  endfacet
  facet normal -2.330796e-02 -4.928673e-01 -8.697922e-01
    outer loop
      vertex   -3.717639e-01 -1.464254e+01 3.180365e+00
      vertex   -3.214460e-01 -1.469779e+01 3.210329e+00
      vertex   -4.394190e-01 -1.476091e+01 3.249257e+00
    endloop
  endfacet
  facet normal -2.087571e-02 -4.939393e-01 -8.692457e-01
    outer loop
      vertex   -3.717639e-01 -1.464254e+01 3.180365e+00
      vertex   -4.394190e-01 -1.476091e+01 3.249257e+00
      vertex   -4.682492e-01 -1.469747e+01 3.213901e+00
    endloop
  endfacet
  facet normal -2.408384e-02 -4.950111e-01 -8.685528e-01
    outer loop
      vertex   -4.682492e-01 -1.469747e+01 3.213901e+00
      vertex   -4.394190e-01 -1.476091e+01 3.249257e+00
      vertex   -5.590333e-01 -1.475965e+01 3.251851e+00
    endloop
  endfacet
  facet normal -2.407832e-02 -4.980546e-01 -8.668113e-01
    outer loop
      vertex   -5.590333e-01 -1.475965e+01 3.251851e+00
      vertex   -4.394190e-01 -1.476091e+01 3.249257e+00
      vertex   -5.483605e-01 -1.483523e+01 3.294983e+00
    endloop
  endfacet
  facet normal -2.551107e-02 -4.981894e-01 -8.666929e-01
    outer loop
      vertex   -5.590333e-01 -1.475965e+01 3.251851e+00
      vertex   -5.483605e-01 -1.483523e+01 3.294983e+00
      vertex   -6.425387e-01 -1.482869e+01 3.293997e+00
    endloop
  endfacet
  facet normal -2.574062e-02 -5.012304e-01 -8.649309e-01
    outer loop
      vertex   -6.425387e-01 -1.482869e+01 3.293997e+00
      vertex   -5.483605e-01 -1.483523e+01 3.294983e+00
      vertex   -6.276978e-01 -1.490309e+01 3.336668e+00
    endloop
  endfacet
  facet normal -2.684095e-02 -5.013807e-01 -8.648104e-01
    outer loop
      vertex   -6.425387e-01 -1.482869e+01 3.293997e+00
      vertex   -6.276978e-01 -1.490309e+01 3.336668e+00
      vertex   -7.172161e-01 -1.490429e+01 3.340143e+00
    endloop
  endfacet
  facet normal -2.672999e-02 -5.044650e-01 -8.630183e-01
    outer loop
      vertex   -7.172161e-01 -1.490429e+01 3.340143e+00
      vertex   -6.276978e-01 -1.490309e+01 3.336668e+00
      vertex   -6.975632e-01 -1.497769e+01 3.382438e+00
    endloop
  endfacet
  facet normal -2.793656e-02 -5.046902e-01 -8.628484e-01
    outer loop
      vertex   -7.172161e-01 -1.490429e+01 3.340143e+00
      vertex   -6.975632e-01 -1.497769e+01 3.382438e+00
      vertex   -7.819209e-01 -1.498643e+01 3.390282e+00
    endloop
  endfacet
  facet normal -2.742204e-02 -5.079511e-01 -8.609493e-01
    outer loop
      vertex   -7.819209e-01 -1.498643e+01 3.390282e+00
      vertex   -6.975632e-01 -1.497769e+01 3.382438e+00
      vertex   -7.612775e-01 -1.506640e+01 3.436807e+00
    endloop
  endfacet
  facet normal -2.864218e-02 -5.081684e-01 -8.607813e-01
    outer loop
      vertex   -7.819209e-01 -1.498643e+01 3.390282e+00
      vertex   -7.612775e-01 -1.506640e+01 3.436807e+00
      vertex   -8.350087e-01 -1.507449e+01 3.444037e+00
    endloop
  endfacet
  facet normal -2.807237e-02 -5.115732e-01 -8.587810e-01
    outer loop
      vertex   -8.350087e-01 -1.507449e+01 3.444037e+00
      vertex   -7.612775e-01 -1.506640e+01 3.436807e+00
      vertex   -8.095082e-01 -1.516173e+01 3.495174e+00
    endloop
  endfacet
  facet normal -2.902175e-02 -5.117652e-01 -8.586351e-01
    outer loop
      vertex   -8.350087e-01 -1.507449e+01 3.444037e+00
      vertex   -8.095082e-01 -1.516173e+01 3.495174e+00
      vertex   -8.746803e-01 -1.516764e+01 3.500897e+00
    endloop
  endfacet
  facet normal -2.851690e-02 -5.153001e-01 -8.565352e-01
    outer loop
      vertex   -8.746803e-01 -1.516764e+01 3.500897e+00
      vertex   -8.095082e-01 -1.516173e+01 3.495174e+00
      vertex   -8.397201e-01 -1.526190e+01 3.556443e+00
    endloop
  endfacet
  facet normal -2.897014e-02 -5.154176e-01 -8.564493e-01
    outer loop
      vertex   -8.746803e-01 -1.516764e+01 3.500897e+00
      vertex   -8.397201e-01 -1.526190e+01 3.556443e+00
      vertex   -8.992841e-01 -1.526431e+01 3.559906e+00
    endloop
  endfacet
  facet normal -2.869908e-02 -5.190112e-01 -8.542855e-01
    outer loop
      vertex   -8.992841e-01 -1.526431e+01 3.559906e+00
      vertex   -8.397201e-01 -1.526190e+01 3.556443e+00
      vertex   -9.077201e-01 -1.536277e+01 3.620008e+00
    endloop
  endfacet
  facet normal -7.528165e-02 -4.948191e-01 -8.657290e-01
    outer loop
      vertex   -9.077201e-01 -1.536277e+01 3.620008e+00
      vertex   -8.397201e-01 -1.526190e+01 3.556443e+00
      vertex   -7.575225e-01 -1.536868e+01 3.610325e+00
    endloop
  endfacet
  facet normal -8.498542e-02 -5.002546e-01 -8.616976e-01
    outer loop
      vertex   -7.575225e-01 -1.536868e+01 3.610325e+00
      vertex   -8.397201e-01 -1.526190e+01 3.556443e+00
      vertex   -7.825017e-01 -1.527246e+01 3.556930e+00
    endloop
  endfacet
  facet normal -1.456362e-01 -5.086975e-01 -8.485381e-01
    outer loop
      vertex   -7.575225e-01 -1.536868e+01 3.610325e+00
      vertex   -7.825017e-01 -1.527246e+01 3.556930e+00
      vertex   -7.256706e-01 -1.528472e+01 3.554522e+00
    endloop
  endfacet
  facet normal -1.416545e-01 -4.876953e-01 -8.614449e-01
    outer loop
      vertex   -7.256706e-01 -1.528472e+01 3.554522e+00
      vertex   -7.825017e-01 -1.527246e+01 3.556930e+00
      vertex   -6.963511e-01 -1.520067e+01 3.502119e+00
    endloop
  endfacet
  facet normal -2.024271e-01 -4.663105e-01 -8.611491e-01
    outer loop
      vertex   -7.256706e-01 -1.528472e+01 3.554522e+00
      vertex   -6.963511e-01 -1.520067e+01 3.502119e+00
      vertex   -6.405872e-01 -1.522267e+01 3.500927e+00
    endloop
  endfacet
  facet normal -1.943103e-01 -4.450362e-01 -8.741775e-01
    outer loop
      vertex   -6.405872e-01 -1.522267e+01 3.500927e+00
      vertex   -6.963511e-01 -1.520067e+01 3.502119e+00
      vertex   -5.958085e-01 -1.515128e+01 3.454625e+00
    endloop
  endfacet
  facet normal -2.624793e-01 -4.037346e-01 -8.764148e-01
    outer loop
      vertex   -6.405872e-01 -1.522267e+01 3.500927e+00
      vertex   -5.958085e-01 -1.515128e+01 3.454625e+00
      vertex   -5.275382e-01 -1.519185e+01 3.452871e+00
    endloop
  endfacet
  facet normal -2.506678e-01 -3.833203e-01 -8.889495e-01
    outer loop
      vertex   -5.275382e-01 -1.519185e+01 3.452871e+00
      vertex   -5.958085e-01 -1.515128e+01 3.454625e+00
      vertex   -4.716145e-01 -1.513656e+01 3.413259e+00
    endloop
  endfacet
  facet normal -3.149223e-01 -3.212924e-01 -8.930818e-01
    outer loop
      vertex   -5.275382e-01 -1.519185e+01 3.452871e+00
      vertex   -4.716145e-01 -1.513656e+01 3.413259e+00
      vertex   -4.213209e-01 -1.517787e+01 3.410385e+00
    endloop
  endfacet
  facet normal -2.998024e-01 -3.020588e-01 -9.049193e-01
    outer loop
      vertex   -4.213209e-01 -1.517787e+01 3.410385e+00
      vertex   -4.716145e-01 -1.513656e+01 3.413259e+00
      vertex   -3.631573e-01 -1.514002e+01 3.378482e+00
    endloop
  endfacet
  facet normal -3.490903e-01 -2.293923e-01 -9.085786e-01
    outer loop
      vertex   -4.213209e-01 -1.517787e+01 3.410385e+00
      vertex   -3.631573e-01 -1.514002e+01 3.378482e+00
      vertex   -3.166447e-01 -1.518946e+01 3.373093e+00
    endloop
  endfacet
  facet normal -3.348512e-01 -2.150328e-01 -9.174070e-01
    outer loop
      vertex   -3.166447e-01 -1.518946e+01 3.373093e+00
      vertex   -3.631573e-01 -1.514002e+01 3.378482e+00
      vertex   -2.543613e-01 -1.516399e+01 3.344391e+00
    endloop
  endfacet
  facet normal -3.725911e-01 -1.251134e-01 -9.195230e-01
    outer loop
      vertex   -3.166447e-01 -1.518946e+01 3.373093e+00
      vertex   -2.543613e-01 -1.516399e+01 3.344391e+00
      vertex   -2.124137e-01 -1.522085e+01 3.335130e+00
    endloop
  endfacet
  facet normal -3.582773e-01 -1.133845e-01 -9.267046e-01
    outer loop
      vertex   -2.124137e-01 -1.522085e+01 3.335130e+00
      vertex   -2.543613e-01 -1.516399e+01 3.344391e+00
      vertex   -1.325308e-01 -1.520470e+01 3.302270e+00
    endloop
  endfacet
  facet normal -3.806154e-01 1.059986e-03 -9.247328e-01
    outer loop
      vertex   -2.124137e-01 -1.522085e+01 3.335130e+00
      vertex   -1.325308e-01 -1.520470e+01 3.302270e+00
      vertex   -9.668315e-02 -1.526936e+01 3.287441e+00
    endloop
  endfacet
  facet normal -3.681546e-01 9.111038e-03 -9.297200e-01
    outer loop
      vertex   -9.668315e-02 -1.526936e+01 3.287441e+00
      vertex   -1.325308e-01 -1.520470e+01 3.302270e+00
      vertex   -1.677353e-02 -1.526809e+01 3.255810e+00
    endloop
  endfacet
  facet normal -3.662984e-01 1.412554e-01 -9.197132e-01
    outer loop
      vertex   -9.668315e-02 -1.526936e+01 3.287441e+00
      vertex   -1.677353e-02 -1.526809e+01 3.255810e+00
      vertex   1.228673e-02 -1.533883e+01 3.233371e+00
    endloop
  endfacet
  facet normal -3.634049e-01 1.427355e-01 -9.206321e-01
    outer loop
      vertex   1.228673e-02 -1.533883e+01 3.233371e+00
      vertex   -1.677353e-02 -1.526809e+01 3.255810e+00
      vertex   9.004939e-02 -1.535061e+01 3.200850e+00
    endloop
  endfacet
  facet normal -3.376513e-01 2.647846e-01 -9.032612e-01
    outer loop
      vertex   1.228673e-02 -1.533883e+01 3.233371e+00
      vertex   9.004939e-02 -1.535061e+01 3.200850e+00
      vertex   1.002685e-01 -1.539126e+01 3.185113e+00
    endloop
  endfacet
  facet normal -3.130487e-01 2.733979e-01 -9.095351e-01
    outer loop
      vertex   1.002685e-01 -1.539126e+01 3.185113e+00
      vertex   9.004939e-02 -1.535061e+01 3.200850e+00
      vertex   1.496463e-01 -1.528740e+01 3.199339e+00
    endloop
  endfacet
  facet normal -3.747287e-01 2.983750e-01 -8.778102e-01
    outer loop
      vertex   1.002685e-01 -1.539126e+01 3.185113e+00
      vertex   1.496463e-01 -1.528740e+01 3.199339e+00
      vertex   1.699329e-01 -1.525043e+01 3.203243e+00
    endloop
  endfacet
  facet normal -1.908354e-01 2.061023e-01 -9.597415e-01
    outer loop
      vertex   1.699329e-01 -1.525043e+01 3.203243e+00
      vertex   1.496463e-01 -1.528740e+01 3.199339e+00
      vertex   1.286423e-01 -1.520418e+01 3.221387e+00
    endloop
  endfacet
  facet normal -2.360070e-01 1.649603e-01 -9.576475e-01
    outer loop
      vertex   1.699329e-01 -1.525043e+01 3.203243e+00
      vertex   1.286423e-01 -1.520418e+01 3.221387e+00
      vertex   1.866637e-01 -1.512734e+01 3.220324e+00
    endloop
  endfacet
  facet normal -1.775285e-01 1.205390e-01 -9.767057e-01
    outer loop
      vertex   1.866637e-01 -1.512734e+01 3.220324e+00
      vertex   1.286423e-01 -1.520418e+01 3.221387e+00
      vertex   1.059023e-01 -1.511976e+01 3.235938e+00
    endloop
  endfacet
  facet normal -1.873580e-01 2.652125e-02 -9.819336e-01
    outer loop
      vertex   1.866637e-01 -1.512734e+01 3.220324e+00
      vertex   1.059023e-01 -1.511976e+01 3.235938e+00
      vertex   8.160501e-02 -1.503483e+01 3.242868e+00
    endloop
  endfacet
  facet normal -1.982220e-01 2.324600e-02 -9.798815e-01
    outer loop
      vertex   8.160501e-02 -1.503483e+01 3.242868e+00
      vertex   1.059023e-01 -1.511976e+01 3.235938e+00
      vertex   -1.850307e-02 -1.503982e+01 3.263001e+00
    endloop
  endfacet
  facet normal -1.916393e-01 -9.607890e-02 -9.767514e-01
    outer loop
      vertex   8.160501e-02 -1.503483e+01 3.242868e+00
      vertex   -1.850307e-02 -1.503982e+01 3.263001e+00
      vertex   -4.990494e-02 -1.496181e+01 3.261488e+00
    endloop
  endfacet
  facet normal -2.079965e-01 -1.025852e-01 -9.727352e-01
    outer loop
      vertex   -4.990494e-02 -1.496181e+01 3.261488e+00
      vertex   -1.850307e-02 -1.503982e+01 3.263001e+00
      vertex   -1.528623e-01 -1.498271e+01 3.285707e+00
    endloop
  endfacet
  facet normal -1.811138e-01 -2.188729e-01 -9.587974e-01
    outer loop
      vertex   -4.990494e-02 -1.496181e+01 3.261488e+00
      vertex   -1.528623e-01 -1.498271e+01 3.285707e+00
      vertex   -2.014376e-01 -1.489410e+01 3.274656e+00
    endloop
  endfacet
  facet normal -1.943610e-01 -2.256157e-01 -9.546315e-01
    outer loop
      vertex   -2.014376e-01 -1.489410e+01 3.274656e+00
      vertex   -1.528623e-01 -1.498271e+01 3.285707e+00
      vertex   -3.056119e-01 -1.493427e+01 3.305360e+00
    endloop
  endfacet
  facet normal -1.514813e-01 -3.215689e-01 -9.346908e-01
    outer loop
      vertex   -2.014376e-01 -1.489410e+01 3.274656e+00
      vertex   -3.056119e-01 -1.493427e+01 3.305360e+00
      vertex   -3.495300e-01 -1.487437e+01 3.291868e+00
    endloop
  endfacet
  facet normal -1.658599e-01 -3.308288e-01 -9.290010e-01
    outer loop
      vertex   -3.495300e-01 -1.487437e+01 3.291868e+00
      vertex   -3.056119e-01 -1.493427e+01 3.305360e+00
      vertex   -4.506325e-01 -1.493273e+01 3.330703e+00
    endloop
  endfacet
  facet normal -1.183936e-01 -3.997168e-01 -9.089606e-01
    outer loop
      vertex   -3.495300e-01 -1.487437e+01 3.291868e+00
      vertex   -4.506325e-01 -1.493273e+01 3.330703e+00
      vertex   -4.992469e-01 -1.488290e+01 3.315119e+00
    endloop
  endfacet
  facet normal -1.277542e-01 -4.073832e-01 -9.042775e-01
    outer loop
      vertex   -4.992469e-01 -1.488290e+01 3.315119e+00
      vertex   -4.506325e-01 -1.493273e+01 3.330703e+00
      vertex   -5.759488e-01 -1.494413e+01 3.353541e+00
    endloop
  endfacet
  facet normal -7.616298e-02 -4.597659e-01 -8.847680e-01
    outer loop
      vertex   -4.992469e-01 -1.488290e+01 3.315119e+00
      vertex   -5.759488e-01 -1.494413e+01 3.353541e+00
      vertex   -6.276978e-01 -1.490309e+01 3.336668e+00
    endloop
  endfacet
  facet normal -8.122166e-02 -4.648623e-01 -8.816497e-01
    outer loop
      vertex   -6.276978e-01 -1.490309e+01 3.336668e+00
      vertex   -5.759488e-01 -1.494413e+01 3.353541e+00
      vertex   -6.975632e-01 -1.497769e+01 3.382438e+00
    endloop
  endfacet
  facet normal -1.151862e-02 -3.987170e-01 -9.170017e-01
    outer loop
      vertex   3.996584e-01 -1.453381e+01 3.109073e+00
      vertex   3.899354e-01 -1.461724e+01 3.145469e+00
      vertex   2.862199e-01 -1.454799e+01 3.116663e+00
    endloop
  endfacet
  facet normal -1.079540e-03 -3.854618e-01 -9.227232e-01
    outer loop
      vertex   2.862199e-01 -1.454799e+01 3.116663e+00
      vertex   3.899354e-01 -1.461724e+01 3.145469e+00
      vertex   2.963769e-01 -1.464016e+01 3.155153e+00
    endloop
  endfacet
  facet normal -1.960783e-02 -3.871259e-01 -9.218184e-01
    outer loop
      vertex   2.862199e-01 -1.454799e+01 3.116663e+00
      vertex   2.963769e-01 -1.464016e+01 3.155153e+00
      vertex   1.675675e-01 -1.455881e+01 3.123729e+00
    endloop
  endfacet
  facet normal -2.417324e-02 -3.933015e-01 -9.190917e-01
    outer loop
      vertex   1.675675e-01 -1.455881e+01 3.123729e+00
      vertex   2.963769e-01 -1.464016e+01 3.155153e+00
      vertex   1.847176e-01 -1.464626e+01 3.160698e+00
    endloop
  endfacet
  facet normal -3.008629e-02 -3.942208e-01 -9.185231e-01
    outer loop
      vertex   1.675675e-01 -1.455881e+01 3.123729e+00
      vertex   1.847176e-01 -1.464626e+01 3.160698e+00
      vertex   5.061844e-02 -1.457751e+01 3.135587e+00
    endloop
  endfacet
  facet normal -3.389460e-02 -4.005926e-01 -9.156291e-01
    outer loop
      vertex   5.061844e-02 -1.457751e+01 3.135587e+00
      vertex   1.847176e-01 -1.464626e+01 3.160698e+00
      vertex   7.410226e-02 -1.465988e+01 3.170755e+00
    endloop
  endfacet
  facet normal -3.963728e-02 -4.018888e-01 -9.148302e-01
    outer loop
      vertex   5.061844e-02 -1.457751e+01 3.135587e+00
      vertex   7.410226e-02 -1.465988e+01 3.170755e+00
      vertex   -6.466173e-02 -1.460424e+01 3.152323e+00
    endloop
  endfacet
  facet normal -4.265781e-02 -4.084170e-01 -9.117981e-01
    outer loop
      vertex   -6.466173e-02 -1.460424e+01 3.152323e+00
      vertex   7.410226e-02 -1.465988e+01 3.170755e+00
      vertex   -3.541468e-02 -1.468119e+01 3.185421e+00
    endloop
  endfacet
  facet normal -4.908523e-02 -4.103477e-01 -9.106072e-01
    outer loop
      vertex   -6.466173e-02 -1.460424e+01 3.152323e+00
      vertex   -3.541468e-02 -1.468119e+01 3.185421e+00
      vertex   -1.959514e-01 -1.464561e+01 3.178045e+00
    endloop
  endfacet
  facet normal -5.089771e-02 -4.178023e-01 -9.071112e-01
    outer loop
      vertex   -1.959514e-01 -1.464561e+01 3.178045e+00
      vertex   -3.541468e-02 -1.468119e+01 3.185421e+00
      vertex   -1.606577e-01 -1.471581e+01 3.208395e+00
    endloop
  endfacet
  facet normal -5.802120e-02 -4.206328e-01 -9.053737e-01
    outer loop
      vertex   -1.959514e-01 -1.464561e+01 3.178045e+00
      vertex   -1.606577e-01 -1.471581e+01 3.208395e+00
      vertex   -3.214460e-01 -1.469779e+01 3.210329e+00
    endloop
  endfacet
  facet normal -5.879927e-02 -4.279514e-01 -9.018871e-01
    outer loop
      vertex   -3.214460e-01 -1.469779e+01 3.210329e+00
      vertex   -1.606577e-01 -1.471581e+01 3.208395e+00
      vertex   -2.808420e-01 -1.476085e+01 3.237603e+00
    endloop
  endfacet
  facet normal -6.594741e-02 -4.315894e-01 -8.996563e-01
    outer loop
      vertex   -3.214460e-01 -1.469779e+01 3.210329e+00
      vertex   -2.808420e-01 -1.476085e+01 3.237603e+00
      vertex   -4.394190e-01 -1.476091e+01 3.249257e+00
    endloop
  endfacet
  facet normal -6.569557e-02 -4.386222e-01 -8.962670e-01
    outer loop
      vertex   -4.394190e-01 -1.476091e+01 3.249257e+00
      vertex   -2.808420e-01 -1.476085e+01 3.237603e+00
      vertex   -3.942173e-01 -1.481647e+01 3.273133e+00
    endloop
  endfacet
  facet normal -7.272875e-02 -4.431516e-01 -8.934916e-01
    outer loop
      vertex   -4.394190e-01 -1.476091e+01 3.249257e+00
      vertex   -3.942173e-01 -1.481647e+01 3.273133e+00
      vertex   -5.483605e-01 -1.483523e+01 3.294983e+00
    endloop
  endfacet
  facet normal -7.147618e-02 -4.497284e-01 -8.903008e-01
    outer loop
      vertex   -5.483605e-01 -1.483523e+01 3.294983e+00
      vertex   -3.942173e-01 -1.481647e+01 3.273133e+00
      vertex   -4.992469e-01 -1.488290e+01 3.315119e+00
    endloop
  endfacet
  facet normal -7.740751e-02 -4.545859e-01 -8.873330e-01
    outer loop
      vertex   -5.483605e-01 -1.483523e+01 3.294983e+00
      vertex   -4.992469e-01 -1.488290e+01 3.315119e+00
      vertex   -6.276978e-01 -1.490309e+01 3.336668e+00
    endloop
  endfacet
  facet normal -2.154533e-02 -3.132062e-01 -9.494407e-01
    outer loop
      vertex   3.899354e-01 -1.461724e+01 3.145469e+00
      vertex   3.740427e-01 -1.470318e+01 3.174179e+00
      vertex   2.963769e-01 -1.464016e+01 3.155153e+00
    endloop
  endfacet
  facet normal -2.219353e-03 -2.915369e-01 -9.565570e-01
    outer loop
      vertex   2.963769e-01 -1.464016e+01 3.155153e+00
      vertex   3.740427e-01 -1.470318e+01 3.174179e+00
      vertex   3.063298e-01 -1.473573e+01 3.184257e+00
    endloop
  endfacet
  facet normal -3.138006e-02 -2.941718e-01 -9.552373e-01
    outer loop
      vertex   2.963769e-01 -1.464016e+01 3.155153e+00
      vertex   3.063298e-01 -1.473573e+01 3.184257e+00
      vertex   1.847176e-01 -1.464626e+01 3.160698e+00
    endloop
  endfacet
  facet normal -3.982228e-02 -3.046932e-01 -9.516177e-01
    outer loop
      vertex   1.847176e-01 -1.464626e+01 3.160698e+00
      vertex   3.063298e-01 -1.473573e+01 3.184257e+00
      vertex   2.015494e-01 -1.473693e+01 3.189027e+00
    endloop
  endfacet
  facet normal -4.873256e-02 -3.060786e-01 -9.507581e-01
    outer loop
      vertex   1.847176e-01 -1.464626e+01 3.160698e+00
      vertex   2.015494e-01 -1.473693e+01 3.189027e+00
      vertex   7.410226e-02 -1.465988e+01 3.170755e+00
    endloop
  endfacet
  facet normal -5.589635e-02 -3.169852e-01 -9.467819e-01
    outer loop
      vertex   7.410226e-02 -1.465988e+01 3.170755e+00
      vertex   2.015494e-01 -1.473693e+01 3.189027e+00
      vertex   9.718459e-02 -1.474532e+01 3.197996e+00
    endloop
  endfacet
  facet normal -6.458481e-02 -3.189462e-01 -9.455697e-01
    outer loop
      vertex   7.410226e-02 -1.465988e+01 3.170755e+00
      vertex   9.718459e-02 -1.474532e+01 3.197996e+00
      vertex   -3.541468e-02 -1.468119e+01 3.185421e+00
    endloop
  endfacet
  facet normal -7.041860e-02 -3.301695e-01 -9.412913e-01
    outer loop
      vertex   -3.541468e-02 -1.468119e+01 3.185421e+00
      vertex   9.718459e-02 -1.474532e+01 3.197996e+00
      vertex   -6.626857e-03 -1.476103e+01 3.211274e+00
    endloop
  endfacet
  facet normal -8.024194e-02 -3.331196e-01 -9.394640e-01
    outer loop
      vertex   -3.541468e-02 -1.468119e+01 3.185421e+00
      vertex   -6.626857e-03 -1.476103e+01 3.211274e+00
      vertex   -1.606577e-01 -1.471581e+01 3.208395e+00
    endloop
  endfacet
  facet normal -8.411469e-02 -3.459918e-01 -9.344594e-01
    outer loop
      vertex   -1.606577e-01 -1.471581e+01 3.208395e+00
      vertex   -6.626857e-03 -1.476103e+01 3.211274e+00
      vertex   -1.258635e-01 -1.478871e+01 3.232255e+00
    endloop
  endfacet
  facet normal -9.513526e-02 -3.503706e-01 -9.317670e-01
    outer loop
      vertex   -1.606577e-01 -1.471581e+01 3.208395e+00
      vertex   -1.258635e-01 -1.478871e+01 3.232255e+00
      vertex   -2.808420e-01 -1.476085e+01 3.237603e+00
    endloop
  endfacet
  facet normal -9.724341e-02 -3.630759e-01 -9.266713e-01
    outer loop
      vertex   -2.808420e-01 -1.476085e+01 3.237603e+00
      vertex   -1.258635e-01 -1.478871e+01 3.232255e+00
      vertex   -2.407540e-01 -1.482643e+01 3.259089e+00
    endloop
  endfacet
  facet normal -1.084056e-01 -3.687566e-01 -9.231830e-01
    outer loop
      vertex   -2.808420e-01 -1.476085e+01 3.237603e+00
      vertex   -2.407540e-01 -1.482643e+01 3.259089e+00
      vertex   -3.942173e-01 -1.481647e+01 3.273133e+00
    endloop
  endfacet
  facet normal -1.087410e-01 -3.810366e-01 -9.181430e-01
    outer loop
      vertex   -3.942173e-01 -1.481647e+01 3.273133e+00
      vertex   -2.407540e-01 -1.482643e+01 3.259089e+00
      vertex   -3.495300e-01 -1.487437e+01 3.291868e+00
    endloop
  endfacet
  facet normal -1.197994e-01 -3.881578e-01 -9.137733e-01
    outer loop
      vertex   -3.942173e-01 -1.481647e+01 3.273133e+00
      vertex   -3.495300e-01 -1.487437e+01 3.291868e+00
      vertex   -4.992469e-01 -1.488290e+01 3.315119e+00
    endloop
  endfacet
  facet normal -3.634585e-02 -2.257935e-01 -9.734969e-01
    outer loop
      vertex   3.740427e-01 -1.470318e+01 3.174179e+00
      vertex   3.525409e-01 -1.479019e+01 3.195163e+00
      vertex   3.063298e-01 -1.473573e+01 3.184257e+00
    endloop
  endfacet
  facet normal 2.497160e-03 -1.943228e-01 -9.809345e-01
    outer loop
      vertex   3.063298e-01 -1.473573e+01 3.184257e+00
      vertex   3.525409e-01 -1.479019e+01 3.195163e+00
      vertex   3.159781e-01 -1.483373e+01 3.203696e+00
    endloop
  endfacet
  facet normal -4.229844e-02 -1.983909e-01 -9.792098e-01
    outer loop
      vertex   3.063298e-01 -1.473573e+01 3.184257e+00
      vertex   3.159781e-01 -1.483373e+01 3.203696e+00
      vertex   2.015494e-01 -1.473693e+01 3.189027e+00
    endloop
  endfacet
  facet normal -5.556132e-02 -2.134866e-01 -9.753648e-01
    outer loop
      vertex   2.015494e-01 -1.473693e+01 3.189027e+00
      vertex   3.159781e-01 -1.483373e+01 3.203696e+00
      vertex   2.179060e-01 -1.482999e+01 3.208464e+00
    endloop
  endfacet
  facet normal -6.644145e-02 -2.151790e-01 -9.743118e-01
    outer loop
      vertex   2.015494e-01 -1.473693e+01 3.189027e+00
      vertex   2.179060e-01 -1.482999e+01 3.208464e+00
      vertex   9.718459e-02 -1.474532e+01 3.197996e+00
    endloop
  endfacet
  facet normal -7.785971e-02 -2.309077e-01 -9.698554e-01
    outer loop
      vertex   9.718459e-02 -1.474532e+01 3.197996e+00
      vertex   2.179060e-01 -1.482999e+01 3.208464e+00
      vertex   1.196672e-01 -1.483308e+01 3.217085e+00
    endloop
  endfacet
  facet normal -8.854112e-02 -2.333190e-01 -9.683608e-01
    outer loop
      vertex   9.718459e-02 -1.474532e+01 3.197996e+00
      vertex   1.196672e-01 -1.483308e+01 3.217085e+00
      vertex   -6.626857e-03 -1.476103e+01 3.211274e+00
    endloop
  endfacet
  facet normal -9.804636e-02 -2.495797e-01 -9.633779e-01
    outer loop
      vertex   -6.626857e-03 -1.476103e+01 3.211274e+00
      vertex   1.196672e-01 -1.483308e+01 3.217085e+00
      vertex   2.147480e-02 -1.484314e+01 3.229685e+00
    endloop
  endfacet
  facet normal -1.103237e-01 -2.532675e-01 -9.610849e-01
    outer loop
      vertex   -6.626857e-03 -1.476103e+01 3.211274e+00
      vertex   2.147480e-02 -1.484314e+01 3.229685e+00
      vertex   -1.258635e-01 -1.478871e+01 3.232255e+00
    endloop
  endfacet
  facet normal -1.171406e-01 -2.720012e-01 -9.551405e-01
    outer loop
      vertex   -1.258635e-01 -1.478871e+01 3.232255e+00
      vertex   2.147480e-02 -1.484314e+01 3.229685e+00
      vertex   -9.181604e-02 -1.486379e+01 3.249462e+00
    endloop
  endfacet
  facet normal -1.311602e-01 -2.775722e-01 -9.517093e-01
    outer loop
      vertex   -1.258635e-01 -1.478871e+01 3.232255e+00
      vertex   -9.181604e-02 -1.486379e+01 3.249462e+00
      vertex   -2.407540e-01 -1.482643e+01 3.259089e+00
    endloop
  endfacet
  facet normal -1.354237e-01 -2.961683e-01 -9.454865e-01
    outer loop
      vertex   -2.407540e-01 -1.482643e+01 3.259089e+00
      vertex   -9.181604e-02 -1.486379e+01 3.249462e+00
      vertex   -2.014376e-01 -1.489410e+01 3.274656e+00
    endloop
  endfacet
  facet normal -1.498038e-01 -3.034874e-01 -9.409858e-01
    outer loop
      vertex   -2.407540e-01 -1.482643e+01 3.259089e+00
      vertex   -2.014376e-01 -1.489410e+01 3.274656e+00
      vertex   -3.495300e-01 -1.487437e+01 3.291868e+00
    endloop
  endfacet
  facet normal -6.935166e-02 -1.354453e-01 -9.883547e-01
    outer loop
      vertex   3.525409e-01 -1.479019e+01 3.195163e+00
      vertex   3.270176e-01 -1.487454e+01 3.208514e+00
      vertex   3.159781e-01 -1.483373e+01 3.203696e+00
    endloop
  endfacet
  facet normal -5.313115e-02 -1.312426e-01 -9.899255e-01
    outer loop
      vertex   3.159781e-01 -1.483373e+01 3.203696e+00
      vertex   3.270176e-01 -1.487454e+01 3.208514e+00
      vertex   2.179060e-01 -1.482999e+01 3.208464e+00
    endloop
  endfacet
  facet normal -3.028718e-02 -7.529933e-02 -9.967009e-01
    outer loop
      vertex   3.270176e-01 -1.487454e+01 3.208514e+00
      vertex   2.986442e-01 -1.495542e+01 3.215486e+00
      vertex   2.179060e-01 -1.482999e+01 3.208464e+00
    endloop
  endfacet
  facet normal -8.104149e-02 -1.076444e-01 -9.908809e-01
    outer loop
      vertex   2.179060e-01 -1.482999e+01 3.208464e+00
      vertex   2.986442e-01 -1.495542e+01 3.215486e+00
      vertex   2.378114e-01 -1.495067e+01 3.219945e+00
    endloop
  endfacet
  facet normal -8.354323e-02 -1.080333e-01 -9.906308e-01
    outer loop
      vertex   2.179060e-01 -1.482999e+01 3.208464e+00
      vertex   2.378114e-01 -1.495067e+01 3.219945e+00
      vertex   1.196672e-01 -1.483308e+01 3.217085e+00
    endloop
  endfacet
  facet normal -1.062045e-01 -1.306819e-01 -9.857195e-01
    outer loop
      vertex   1.196672e-01 -1.483308e+01 3.217085e+00
      vertex   2.378114e-01 -1.495067e+01 3.219945e+00
      vertex   1.471327e-01 -1.494710e+01 3.229242e+00
    endloop
  endfacet
  facet normal -1.128241e-01 -1.321768e-01 -9.847843e-01
    outer loop
      vertex   1.196672e-01 -1.483308e+01 3.217085e+00
      vertex   1.471327e-01 -1.494710e+01 3.229242e+00
      vertex   2.147480e-02 -1.484314e+01 3.229685e+00
    endloop
  endfacet
  facet normal -1.324690e-01 -1.559471e-01 -9.788424e-01
    outer loop
      vertex   2.147480e-02 -1.484314e+01 3.229685e+00
      vertex   1.471327e-01 -1.494710e+01 3.229242e+00
      vertex   5.592936e-02 -1.495004e+01 3.242053e+00
    endloop
  endfacet
  facet normal -1.416337e-01 -1.587012e-01 -9.771151e-01
    outer loop
      vertex   2.147480e-02 -1.484314e+01 3.229685e+00
      vertex   5.592936e-02 -1.495004e+01 3.242053e+00
      vertex   -9.181604e-02 -1.486379e+01 3.249462e+00
    endloop
  endfacet
  facet normal -1.573726e-01 -1.862919e-01 -9.698089e-01
    outer loop
      vertex   -9.181604e-02 -1.486379e+01 3.249462e+00
      vertex   5.592936e-02 -1.495004e+01 3.242053e+00
      vertex   -4.990494e-02 -1.496181e+01 3.261488e+00
    endloop
  endfacet
  facet normal -1.693897e-01 -1.910675e-01 -9.668507e-01
    outer loop
      vertex   -9.181604e-02 -1.486379e+01 3.249462e+00
      vertex   -4.990494e-02 -1.496181e+01 3.261488e+00
      vertex   -2.014376e-01 -1.489410e+01 3.274656e+00
    endloop
  endfacet
  facet normal -7.263590e-02 6.045565e-03 -9.973402e-01
    outer loop
      vertex   2.378114e-01 -1.495067e+01 3.219945e+00
      vertex   2.986442e-01 -1.495542e+01 3.215486e+00
      vertex   2.524934e-01 -1.504585e+01 3.218299e+00
    endloop
  endfacet
  facet normal -2.905405e-01 1.187391e-01 -9.494668e-01
    outer loop
      vertex   2.524934e-01 -1.504585e+01 3.218299e+00
      vertex   2.986442e-01 -1.495542e+01 3.215486e+00
      vertex   2.372225e-01 -1.510576e+01 3.215480e+00
    endloop
  endfacet
  facet normal -1.172509e-01 7.648395e-02 -9.901527e-01
    outer loop
      vertex   2.524934e-01 -1.504585e+01 3.218299e+00
      vertex   2.372225e-01 -1.510576e+01 3.215480e+00
      vertex   1.674985e-01 -1.503728e+01 3.229026e+00
    endloop
  endfacet
  facet normal -1.243610e-01 6.917921e-02 -9.898225e-01
    outer loop
      vertex   1.674985e-01 -1.503728e+01 3.229026e+00
      vertex   2.372225e-01 -1.510576e+01 3.215480e+00
      vertex   1.866637e-01 -1.512734e+01 3.220324e+00
    endloop
  endfacet
  facet normal -1.570785e-01 6.181307e-02 -9.856498e-01
    outer loop
      vertex   1.674985e-01 -1.503728e+01 3.229026e+00
      vertex   1.866637e-01 -1.512734e+01 3.220324e+00
      vertex   8.160501e-02 -1.503483e+01 3.242868e+00
    endloop
  endfacet
  facet normal -1.603759e-01 1.570175e-01 -9.744871e-01
    outer loop
      vertex   2.372225e-01 -1.510576e+01 3.215480e+00
      vertex   1.699329e-01 -1.525043e+01 3.203243e+00
      vertex   1.866637e-01 -1.512734e+01 3.220324e+00
    endloop
  endfacet
  facet normal -3.591611e-01 2.298561e-01 -9.045272e-01
    outer loop
      vertex   1.228673e-02 -1.533883e+01 3.233371e+00
      vertex   1.002685e-01 -1.539126e+01 3.185113e+00
      vertex   3.894411e-02 -1.540841e+01 3.205105e+00
    endloop
  endfacet
  facet normal -3.690361e-01 2.904064e-01 -8.828797e-01
    outer loop
      vertex   3.894411e-02 -1.540841e+01 3.205105e+00
      vertex   1.002685e-01 -1.539126e+01 3.185113e+00
      vertex   3.736696e-02 -1.551931e+01 3.169286e+00
    endloop
  endfacet
  facet normal -4.769339e-01 2.762788e-01 -8.343884e-01
    outer loop
      vertex   3.894411e-02 -1.540841e+01 3.205105e+00
      vertex   3.736696e-02 -1.551931e+01 3.169286e+00
      vertex   -3.190539e-03 -1.546049e+01 3.211944e+00
    endloop
  endfacet
  facet normal -4.847607e-01 2.692705e-01 -8.321662e-01
    outer loop
      vertex   -3.190539e-03 -1.546049e+01 3.211944e+00
      vertex   3.736696e-02 -1.551931e+01 3.169286e+00
      vertex   2.271620e-02 -1.552205e+01 3.176933e+00
    endloop
  endfacet
  facet normal -4.877376e-01 2.673754e-01 -8.310369e-01
    outer loop
      vertex   -3.190539e-03 -1.546049e+01 3.211944e+00
      vertex   2.271620e-02 -1.552205e+01 3.176933e+00
      vertex   -6.617549e-02 -1.544993e+01 3.252310e+00
    endloop
  endfacet
  facet normal -5.634821e-01 1.538013e-01 -8.116853e-01
    outer loop
      vertex   -6.617549e-02 -1.544993e+01 3.252310e+00
      vertex   2.271620e-02 -1.552205e+01 3.176933e+00
      vertex   -3.593490e-02 -1.550616e+01 3.220662e+00
    endloop
  endfacet
  facet normal -5.392178e-01 1.738024e-01 -8.240370e-01
    outer loop
      vertex   -6.617549e-02 -1.544993e+01 3.252310e+00
      vertex   -3.593490e-02 -1.550616e+01 3.220662e+00
      vertex   -1.133175e-01 -1.544552e+01 3.284088e+00
    endloop
  endfacet
  facet normal -5.986316e-01 7.065254e-02 -7.979025e-01
    outer loop
      vertex   -1.133175e-01 -1.544552e+01 3.284088e+00
      vertex   -3.593490e-02 -1.550616e+01 3.220662e+00
      vertex   -7.983166e-02 -1.549685e+01 3.254420e+00
    endloop
  endfacet
  facet normal -5.792406e-01 9.037006e-02 -8.101319e-01
    outer loop
      vertex   -1.133175e-01 -1.544552e+01 3.284088e+00
      vertex   -7.983166e-02 -1.549685e+01 3.254420e+00
      vertex   -1.559804e-01 -1.544496e+01 3.314654e+00
    endloop
  endfacet
  facet normal -6.259470e-01 -1.343883e-02 -7.797498e-01
    outer loop
      vertex   -1.559804e-01 -1.544496e+01 3.314654e+00
      vertex   -7.983166e-02 -1.549685e+01 3.254420e+00
      vertex   -1.195906e-01 -1.549092e+01 3.286234e+00
    endloop
  endfacet
  facet normal -6.148856e-01 8.011161e-04 -7.886159e-01
    outer loop
      vertex   -1.559804e-01 -1.544496e+01 3.314654e+00
      vertex   -1.195906e-01 -1.549092e+01 3.286234e+00
      vertex   -1.962742e-01 -1.544873e+01 3.346068e+00
    endloop
  endfacet
  facet normal -6.470358e-01 -1.050563e-01 -7.551873e-01
    outer loop
      vertex   -1.962742e-01 -1.544873e+01 3.346068e+00
      vertex   -1.195906e-01 -1.549092e+01 3.286234e+00
      vertex   -1.572182e-01 -1.548839e+01 3.318122e+00
    endloop
  endfacet
  facet normal -6.449269e-01 -1.013540e-01 -7.574937e-01
    outer loop
      vertex   -1.962742e-01 -1.544873e+01 3.346068e+00
      vertex   -1.572182e-01 -1.548839e+01 3.318122e+00
      vertex   -2.284626e-01 -1.545705e+01 3.374585e+00
    endloop
  endfacet
  facet normal -6.607175e-01 -1.970133e-01 -7.243191e-01
    outer loop
      vertex   -2.284626e-01 -1.545705e+01 3.374585e+00
      vertex   -1.572182e-01 -1.548839e+01 3.318122e+00
      vertex   -1.874078e-01 -1.549009e+01 3.346122e+00
    endloop
  endfacet
  facet normal -6.656541e-01 -2.103011e-01 -7.160154e-01
    outer loop
      vertex   -2.284626e-01 -1.545705e+01 3.374585e+00
      vertex   -1.874078e-01 -1.549009e+01 3.346122e+00
      vertex   -2.508753e-01 -1.546965e+01 3.399123e+00
    endloop
  endfacet
  facet normal -6.668003e-01 -2.850161e-01 -6.885805e-01
    outer loop
      vertex   -2.508753e-01 -1.546965e+01 3.399123e+00
      vertex   -1.874078e-01 -1.549009e+01 3.346122e+00
      vertex   -2.086324e-01 -1.549598e+01 3.369114e+00
    endloop
  endfacet
  facet normal -6.775977e-01 -3.498728e-01 -6.468774e-01
    outer loop
      vertex   -2.508753e-01 -1.546965e+01 3.399123e+00
      vertex   -2.086324e-01 -1.549598e+01 3.369114e+00
      vertex   -2.232762e-01 -1.550393e+01 3.388753e+00
    endloop
  endfacet
  facet normal -7.162741e-01 -2.700989e-01 -6.434267e-01
    outer loop
      vertex   -2.232762e-01 -1.550393e+01 3.388753e+00
      vertex   -2.086324e-01 -1.549598e+01 3.369114e+00
      vertex   -1.579537e-01 -1.553104e+01 3.327416e+00
    endloop
  endfacet
  facet normal -6.914934e-01 -3.352869e-02 -7.216042e-01
    outer loop
      vertex   -2.232762e-01 -1.550393e+01 3.388753e+00
      vertex   -1.579537e-01 -1.553104e+01 3.327416e+00
      vertex   -1.215366e-01 -1.556180e+01 3.293948e+00
    endloop
  endfacet
  facet normal -7.797555e-01 -3.921380e-01 -4.880668e-01
    outer loop
      vertex   -1.215366e-01 -1.556180e+01 3.293948e+00
      vertex   -1.579537e-01 -1.553104e+01 3.327416e+00
      vertex   -1.144972e-01 -1.556571e+01 3.285842e+00
    endloop
  endfacet
  facet normal -7.797555e-01 -3.921380e-01 -4.880668e-01
    outer loop
      vertex   -1.144972e-01 -1.556571e+01 3.285842e+00
      vertex   -1.579537e-01 -1.553104e+01 3.327416e+00
      vertex   -1.074578e-01 -1.556962e+01 3.277737e+00
    endloop
  endfacet
  facet normal -7.400281e-01 -1.153676e-01 -6.626075e-01
    outer loop
      vertex   -1.074578e-01 -1.556962e+01 3.277737e+00
      vertex   -1.579537e-01 -1.553104e+01 3.327416e+00
      vertex   -1.384096e-01 -1.553329e+01 3.305979e+00
    endloop
  endfacet
  facet normal -7.866677e-01 -2.225129e-01 -5.758836e-01
    outer loop
      vertex   -1.074578e-01 -1.556962e+01 3.277737e+00
      vertex   -1.384096e-01 -1.553329e+01 3.305979e+00
      vertex   -9.337892e-02 -1.557744e+01 3.261526e+00
    endloop
  endfacet
  facet normal -7.145842e-01 -2.493030e-02 -6.991051e-01
    outer loop
      vertex   -9.337892e-02 -1.557744e+01 3.261526e+00
      vertex   -1.384096e-01 -1.553329e+01 3.305979e+00
      vertex   -1.109584e-01 -1.553956e+01 3.278144e+00
    endloop
  endfacet
  facet normal -7.715941e-01 -8.131117e-02 -6.308970e-01
    outer loop
      vertex   -9.337892e-02 -1.557744e+01 3.261526e+00
      vertex   -1.109584e-01 -1.553956e+01 3.278144e+00
      vertex   -6.522122e-02 -1.559308e+01 3.229104e+00
    endloop
  endfacet
  facet normal -6.813737e-01 8.395248e-02 -7.271051e-01
    outer loop
      vertex   -6.522122e-02 -1.559308e+01 3.229104e+00
      vertex   -1.109584e-01 -1.553956e+01 3.278144e+00
      vertex   -7.692155e-02 -1.554958e+01 3.245090e+00
    endloop
  endfacet
  facet normal -7.433006e-01 4.535471e-02 -6.674182e-01
    outer loop
      vertex   -6.522122e-02 -1.559308e+01 3.229104e+00
      vertex   -7.692155e-02 -1.554958e+01 3.245090e+00
      vertex   -8.905825e-03 -1.562435e+01 3.164261e+00
    endloop
  endfacet
  facet normal -6.238472e-01 2.374580e-01 -7.445995e-01
    outer loop
      vertex   -8.905825e-03 -1.562435e+01 3.164261e+00
      vertex   -7.692155e-02 -1.554958e+01 3.245090e+00
      vertex   -4.102120e-02 -1.556178e+01 3.211122e+00
    endloop
  endfacet
  facet normal -6.062030e-01 2.534405e-01 -7.538474e-01
    outer loop
      vertex   -8.905825e-03 -1.562435e+01 3.164261e+00
      vertex   -4.102120e-02 -1.556178e+01 3.211122e+00
      vertex   -1.380586e-03 -1.557667e+01 3.174241e+00
    endloop
  endfacet
  facet normal -6.554998e-01 1.067241e-01 -7.476162e-01
    outer loop
      vertex   -1.380586e-03 -1.557667e+01 3.174241e+00
      vertex   -4.102120e-02 -1.556178e+01 3.211122e+00
      vertex   -7.983166e-02 -1.549685e+01 3.254420e+00
    endloop
  endfacet
  facet normal -5.566897e-01 2.489614e-01 -7.925369e-01
    outer loop
      vertex   -1.380586e-03 -1.557667e+01 3.174241e+00
      vertex   -7.983166e-02 -1.549685e+01 3.254420e+00
      vertex   -3.593490e-02 -1.550616e+01 3.220662e+00
    endloop
  endfacet
  facet normal -4.849280e-01 2.882898e-01 -8.256718e-01
    outer loop
      vertex   3.736696e-02 -1.551931e+01 3.169286e+00
      vertex   1.153536e-02 -1.557535e+01 3.164892e+00
      vertex   2.271620e-02 -1.552205e+01 3.176933e+00
    endloop
  endfacet
  facet normal -5.200683e-01 2.905793e-01 -8.031766e-01
    outer loop
      vertex   2.271620e-02 -1.552205e+01 3.176933e+00
      vertex   1.153536e-02 -1.557535e+01 3.164892e+00
      vertex   -3.593490e-02 -1.550616e+01 3.220662e+00
    endloop
  endfacet
  facet normal -5.862899e-01 2.250299e-01 -7.782196e-01
    outer loop
      vertex   -3.593490e-02 -1.550616e+01 3.220662e+00
      vertex   1.153536e-02 -1.557535e+01 3.164892e+00
      vertex   -1.380586e-03 -1.557667e+01 3.174241e+00
    endloop
  endfacet
  facet normal -5.840517e-01 2.535553e-01 -7.710988e-01
    outer loop
      vertex   -1.380586e-03 -1.557667e+01 3.174241e+00
      vertex   1.153536e-02 -1.557535e+01 3.164892e+00
      vertex   -8.905825e-03 -1.562435e+01 3.164261e+00
    endloop
  endfacet
  facet normal -6.210391e-01 -2.783758e-01 -7.326782e-01
    outer loop
      vertex   -2.232762e-01 -1.550393e+01 3.388753e+00
      vertex   -3.405444e-01 -1.545468e+01 3.469440e+00
      vertex   -2.508753e-01 -1.546965e+01 3.399123e+00
    endloop
  endfacet
  facet normal -6.198482e-01 -2.925990e-01 -7.281305e-01
    outer loop
      vertex   -2.508753e-01 -1.546965e+01 3.399123e+00
      vertex   -3.405444e-01 -1.545468e+01 3.469440e+00
      vertex   -2.952964e-01 -1.544435e+01 3.426771e+00
    endloop
  endfacet
  facet normal -6.217127e-01 -3.016801e-01 -7.228156e-01
    outer loop
      vertex   -2.508753e-01 -1.546965e+01 3.399123e+00
      vertex   -2.952964e-01 -1.544435e+01 3.426771e+00
      vertex   -2.284626e-01 -1.545705e+01 3.374585e+00
    endloop
  endfacet
  facet normal -6.250832e-01 -2.471123e-01 -7.404097e-01
    outer loop
      vertex   -2.284626e-01 -1.545705e+01 3.374585e+00
      vertex   -2.952964e-01 -1.544435e+01 3.426771e+00
      vertex   -2.717997e-01 -1.542476e+01 3.400395e+00
    endloop
  endfacet
  facet normal -6.146509e-01 -2.192863e-01 -7.577056e-01
    outer loop
      vertex   -2.284626e-01 -1.545705e+01 3.374585e+00
      vertex   -2.717997e-01 -1.542476e+01 3.400395e+00
      vertex   -1.962742e-01 -1.544873e+01 3.346068e+00
    endloop
  endfacet
  facet normal -6.078261e-01 -1.461096e-01 -7.805122e-01
    outer loop
      vertex   -1.962742e-01 -1.544873e+01 3.346068e+00
      vertex   -2.717997e-01 -1.542476e+01 3.400395e+00
      vertex   -2.377313e-01 -1.540952e+01 3.371012e+00
    endloop
  endfacet
  facet normal -6.013398e-01 -1.347797e-01 -7.875436e-01
    outer loop
      vertex   -1.962742e-01 -1.544873e+01 3.346068e+00
      vertex   -2.377313e-01 -1.540952e+01 3.371012e+00
      vertex   -1.559804e-01 -1.544496e+01 3.314654e+00
    endloop
  endfacet
  facet normal -5.815986e-01 -5.049110e-02 -8.119074e-01
    outer loop
      vertex   -1.559804e-01 -1.544496e+01 3.314654e+00
      vertex   -2.377313e-01 -1.540952e+01 3.371012e+00
      vertex   -1.948903e-01 -1.539909e+01 3.339674e+00
    endloop
  endfacet
  facet normal -5.820852e-01 -5.111534e-02 -8.115196e-01
    outer loop
      vertex   -1.559804e-01 -1.544496e+01 3.314654e+00
      vertex   -1.948903e-01 -1.539909e+01 3.339674e+00
      vertex   -1.133175e-01 -1.544552e+01 3.284088e+00
    endloop
  endfacet
  facet normal -5.494880e-01 3.404105e-02 -8.348078e-01
    outer loop
      vertex   -1.133175e-01 -1.544552e+01 3.284088e+00
      vertex   -1.948903e-01 -1.539909e+01 3.339674e+00
      vertex   -1.494197e-01 -1.539391e+01 3.309956e+00
    endloop
  endfacet
  facet normal -5.570675e-01 2.635353e-02 -8.300489e-01
    outer loop
      vertex   -1.133175e-01 -1.544552e+01 3.284088e+00
      vertex   -1.494197e-01 -1.539391e+01 3.309956e+00
      vertex   -6.617549e-02 -1.544993e+01 3.252310e+00
    endloop
  endfacet
  facet normal -5.132022e-01 1.129004e-01 -8.508096e-01
    outer loop
      vertex   -6.617549e-02 -1.544993e+01 3.252310e+00
      vertex   -1.494197e-01 -1.539391e+01 3.309956e+00
      vertex   -9.910464e-02 -1.539299e+01 3.279727e+00
    endloop
  endfacet
  facet normal -5.242593e-01 1.038073e-01 -8.452078e-01
    outer loop
      vertex   -6.617549e-02 -1.544993e+01 3.252310e+00
      vertex   -9.910464e-02 -1.539299e+01 3.279727e+00
      vertex   -3.190539e-03 -1.546049e+01 3.211944e+00
    endloop
  endfacet
  facet normal -4.669081e-01 2.012610e-01 -8.610986e-01
    outer loop
      vertex   -3.190539e-03 -1.546049e+01 3.211944e+00
      vertex   -9.910464e-02 -1.539299e+01 3.279727e+00
      vertex   -3.182440e-02 -1.539762e+01 3.242164e+00
    endloop
  endfacet
  facet normal -4.241715e-01 2.280763e-01 -8.763902e-01
    outer loop
      vertex   -3.190539e-03 -1.546049e+01 3.211944e+00
      vertex   -3.182440e-02 -1.539762e+01 3.242164e+00
      vertex   3.894411e-02 -1.540841e+01 3.205105e+00
    endloop
  endfacet
  facet normal -4.437890e-01 1.330707e-01 -8.861961e-01
    outer loop
      vertex   3.894411e-02 -1.540841e+01 3.205105e+00
      vertex   -3.182440e-02 -1.539762e+01 3.242164e+00
      vertex   -6.304405e-02 -1.533380e+01 3.267383e+00
    endloop
  endfacet
  facet normal -3.899896e-01 2.143842e-01 -8.955152e-01
    outer loop
      vertex   3.894411e-02 -1.540841e+01 3.205105e+00
      vertex   -6.304405e-02 -1.533380e+01 3.267383e+00
      vertex   1.228673e-02 -1.533883e+01 3.233371e+00
    endloop
  endfacet
  facet normal -4.064830e-01 7.133657e-02 -9.108692e-01
    outer loop
      vertex   1.228673e-02 -1.533883e+01 3.233371e+00
      vertex   -6.304405e-02 -1.533380e+01 3.267383e+00
      vertex   -9.668315e-02 -1.526936e+01 3.287441e+00
    endloop
  endfacet
  facet normal -5.009541e-01 -3.614842e-01 -7.863677e-01
    outer loop
      vertex   -4.706807e-01 -1.541516e+01 3.534177e+00
      vertex   -3.901026e-01 -1.539718e+01 3.474581e+00
      vertex   -3.405444e-01 -1.545468e+01 3.469440e+00
    endloop
  endfacet
  facet normal -5.369437e-01 -3.962248e-01 -7.447801e-01
    outer loop
      vertex   -3.405444e-01 -1.545468e+01 3.469440e+00
      vertex   -3.901026e-01 -1.539718e+01 3.474581e+00
      vertex   -3.417560e-01 -1.542017e+01 3.451953e+00
    endloop
  endfacet
  facet normal -5.862061e-01 -3.824611e-01 -7.142030e-01
    outer loop
      vertex   -3.405444e-01 -1.545468e+01 3.469440e+00
      vertex   -3.417560e-01 -1.542017e+01 3.451953e+00
      vertex   -2.952964e-01 -1.544435e+01 3.426771e+00
    endloop
  endfacet
  facet normal -5.752527e-01 -3.222422e-01 -7.518273e-01
    outer loop
      vertex   -2.952964e-01 -1.544435e+01 3.426771e+00
      vertex   -3.417560e-01 -1.542017e+01 3.451953e+00
      vertex   -2.717997e-01 -1.542476e+01 3.400395e+00
    endloop
  endfacet
  facet normal -3.671791e-01 -4.243085e-01 -8.277330e-01
    outer loop
      vertex   -6.107326e-01 -1.538628e+01 3.581497e+00
      vertex   -5.447313e-01 -1.533614e+01 3.526520e+00
      vertex   -4.706807e-01 -1.541516e+01 3.534177e+00
    endloop
  endfacet
  facet normal -3.807279e-01 -4.358237e-01 -8.155391e-01
    outer loop
      vertex   -4.706807e-01 -1.541516e+01 3.534177e+00
      vertex   -5.447313e-01 -1.533614e+01 3.526520e+00
      vertex   -4.917650e-01 -1.535510e+01 3.511924e+00
    endloop
  endfacet
  facet normal -4.377751e-01 -4.434636e-01 -7.821080e-01
    outer loop
      vertex   -4.706807e-01 -1.541516e+01 3.534177e+00
      vertex   -4.917650e-01 -1.535510e+01 3.511924e+00
      vertex   -4.401639e-01 -1.537547e+01 3.494592e+00
    endloop
  endfacet
  facet normal -4.274882e-01 -3.882054e-01 -8.164254e-01
    outer loop
      vertex   -4.401639e-01 -1.537547e+01 3.494592e+00
      vertex   -4.917650e-01 -1.535510e+01 3.511924e+00
      vertex   -4.139890e-01 -1.533354e+01 3.460949e+00
    endloop
  endfacet
  facet normal -4.861577e-01 -3.418108e-01 -8.042487e-01
    outer loop
      vertex   -4.401639e-01 -1.537547e+01 3.494592e+00
      vertex   -4.139890e-01 -1.533354e+01 3.460949e+00
      vertex   -3.647317e-01 -1.536290e+01 3.443649e+00
    endloop
  endfacet
  facet normal -4.710386e-01 -3.019607e-01 -8.288199e-01
    outer loop
      vertex   -3.647317e-01 -1.536290e+01 3.443649e+00
      vertex   -4.139890e-01 -1.533354e+01 3.460949e+00
      vertex   -3.272424e-01 -1.533303e+01 3.411463e+00
    endloop
  endfacet
  facet normal -5.229030e-01 -2.286027e-01 -8.211658e-01
    outer loop
      vertex   -3.647317e-01 -1.536290e+01 3.443649e+00
      vertex   -3.272424e-01 -1.533303e+01 3.411463e+00
      vertex   -2.814416e-01 -1.537090e+01 3.392841e+00
    endloop
  endfacet
  facet normal -5.079152e-01 -2.025664e-01 -8.372509e-01
    outer loop
      vertex   -2.814416e-01 -1.537090e+01 3.392841e+00
      vertex   -3.272424e-01 -1.533303e+01 3.411463e+00
      vertex   -2.361700e-01 -1.535351e+01 3.361168e+00
    endloop
  endfacet
  facet normal -5.442513e-01 -1.001256e-01 -8.329258e-01
    outer loop
      vertex   -2.814416e-01 -1.537090e+01 3.392841e+00
      vertex   -2.361700e-01 -1.535351e+01 3.361168e+00
      vertex   -1.948903e-01 -1.539909e+01 3.339674e+00
    endloop
  endfacet
  facet normal -5.374746e-01 -9.145102e-02 -8.383065e-01
    outer loop
      vertex   -1.948903e-01 -1.539909e+01 3.339674e+00
      vertex   -2.361700e-01 -1.535351e+01 3.361168e+00
      vertex   -1.494197e-01 -1.539391e+01 3.309956e+00
    endloop
  endfacet
  facet normal -2.239587e-01 -4.652079e-01 -8.564018e-01
    outer loop
      vertex   -7.575225e-01 -1.536868e+01 3.610325e+00
      vertex   -6.694194e-01 -1.529862e+01 3.549229e+00
      vertex   -6.107326e-01 -1.538628e+01 3.581497e+00
    endloop
  endfacet
  facet normal -2.667005e-01 -4.851282e-01 -8.327794e-01
    outer loop
      vertex   -6.107326e-01 -1.538628e+01 3.581497e+00
      vertex   -6.694194e-01 -1.529862e+01 3.549229e+00
      vertex   -5.988880e-01 -1.531867e+01 3.538317e+00
    endloop
  endfacet
  facet normal -3.293856e-01 -4.665457e-01 -8.208777e-01
    outer loop
      vertex   -6.107326e-01 -1.538628e+01 3.581497e+00
      vertex   -5.988880e-01 -1.531867e+01 3.538317e+00
      vertex   -5.447313e-01 -1.533614e+01 3.526520e+00
    endloop
  endfacet
  facet normal -3.224040e-01 -4.296589e-01 -8.434743e-01
    outer loop
      vertex   -5.447313e-01 -1.533614e+01 3.526520e+00
      vertex   -5.988880e-01 -1.531867e+01 3.538317e+00
      vertex   -5.171746e-01 -1.527850e+01 3.486623e+00
    endloop
  endfacet
  facet normal -3.835918e-01 -3.945335e-01 -8.349854e-01
    outer loop
      vertex   -5.447313e-01 -1.533614e+01 3.526520e+00
      vertex   -5.171746e-01 -1.527850e+01 3.486623e+00
      vertex   -4.648642e-01 -1.530537e+01 3.475291e+00
    endloop
  endfacet
  facet normal -3.698469e-01 -3.584283e-01 -8.571712e-01
    outer loop
      vertex   -4.648642e-01 -1.530537e+01 3.475291e+00
      vertex   -5.171746e-01 -1.527850e+01 3.486623e+00
      vertex   -4.243557e-01 -1.526010e+01 3.438881e+00
    endloop
  endfacet
  facet normal -4.277757e-01 -3.023039e-01 -8.518335e-01
    outer loop
      vertex   -4.648642e-01 -1.530537e+01 3.475291e+00
      vertex   -4.243557e-01 -1.526010e+01 3.438881e+00
      vertex   -3.749445e-01 -1.529605e+01 3.426826e+00
    endloop
  endfacet
  facet normal -4.109148e-01 -2.731036e-01 -8.698066e-01
    outer loop
      vertex   -3.749445e-01 -1.529605e+01 3.426826e+00
      vertex   -4.243557e-01 -1.526010e+01 3.438881e+00
      vertex   -3.251387e-01 -1.526398e+01 3.393226e+00
    endloop
  endfacet
  facet normal -4.597611e-01 -1.939108e-01 -8.666131e-01
    outer loop
      vertex   -3.749445e-01 -1.529605e+01 3.426826e+00
      vertex   -3.251387e-01 -1.526398e+01 3.393226e+00
      vertex   -2.796521e-01 -1.530841e+01 3.379036e+00
    endloop
  endfacet
  facet normal -4.454140e-01 -1.756075e-01 -8.779341e-01
    outer loop
      vertex   -2.796521e-01 -1.530841e+01 3.379036e+00
      vertex   -3.251387e-01 -1.526398e+01 3.393226e+00
      vertex   -2.288517e-01 -1.529081e+01 3.349743e+00
    endloop
  endfacet
  facet normal -4.781981e-01 -7.599785e-02 -8.749577e-01
    outer loop
      vertex   -2.796521e-01 -1.530841e+01 3.379036e+00
      vertex   -2.288517e-01 -1.529081e+01 3.349743e+00
      vertex   -1.879878e-01 -1.534226e+01 3.331878e+00
    endloop
  endfacet
  facet normal -4.711238e-01 -6.884449e-02 -8.793764e-01
    outer loop
      vertex   -1.879878e-01 -1.534226e+01 3.331878e+00
      vertex   -2.288517e-01 -1.529081e+01 3.349743e+00
      vertex   -1.345741e-01 -1.533565e+01 3.302744e+00
    endloop
  endfacet
  facet normal -4.831471e-01 5.195995e-02 -8.739960e-01
    outer loop
      vertex   -1.879878e-01 -1.534226e+01 3.331878e+00
      vertex   -1.345741e-01 -1.533565e+01 3.302744e+00
      vertex   -9.910464e-02 -1.539299e+01 3.279727e+00
    endloop
  endfacet
  facet normal -4.841554e-01 5.113192e-02 -8.734867e-01
    outer loop
      vertex   -9.910464e-02 -1.539299e+01 3.279727e+00
      vertex   -1.345741e-01 -1.533565e+01 3.302744e+00
      vertex   -3.182440e-02 -1.539762e+01 3.242164e+00
    endloop
  endfacet
  facet normal -1.019355e-01 1.481982e-03 -9.947899e-01
    outer loop
      vertex   1.471327e-01 -1.494710e+01 3.229242e+00
      vertex   2.378114e-01 -1.495067e+01 3.219945e+00
      vertex   2.524934e-01 -1.504585e+01 3.218299e+00
    endloop
  endfacet
  facet normal -1.381305e-01 -2.881378e-02 -9.899948e-01
    outer loop
      vertex   5.592936e-02 -1.495004e+01 3.242053e+00
      vertex   1.471327e-01 -1.494710e+01 3.229242e+00
      vertex   1.674985e-01 -1.503728e+01 3.229026e+00
    endloop
  endfacet
  facet normal -1.277918e-01 -2.647553e-02 -9.914476e-01
    outer loop
      vertex   1.674985e-01 -1.503728e+01 3.229026e+00
      vertex   1.471327e-01 -1.494710e+01 3.229242e+00
      vertex   2.524934e-01 -1.504585e+01 3.218299e+00
    endloop
  endfacet
  facet normal -1.604576e-01 -5.806145e-02 -9.853336e-01
    outer loop
      vertex   5.592936e-02 -1.495004e+01 3.242053e+00
      vertex   1.674985e-01 -1.503728e+01 3.229026e+00
      vertex   8.160501e-02 -1.503483e+01 3.242868e+00
    endloop
  endfacet
  facet normal -2.400369e-01 1.915484e-01 -9.516783e-01
    outer loop
      vertex   1.286423e-01 -1.520418e+01 3.221387e+00
      vertex   1.496463e-01 -1.528740e+01 3.199339e+00
      vertex   3.958381e-02 -1.519659e+01 3.245377e+00
    endloop
  endfacet
  facet normal -2.855986e-01 1.348735e-01 -9.488111e-01
    outer loop
      vertex   3.958381e-02 -1.519659e+01 3.245377e+00
      vertex   1.496463e-01 -1.528740e+01 3.199339e+00
      vertex   6.586918e-02 -1.527422e+01 3.226429e+00
    endloop
  endfacet
  facet normal -2.915876e-01 1.324831e-01 -9.473251e-01
    outer loop
      vertex   3.958381e-02 -1.519659e+01 3.245377e+00
      vertex   6.586918e-02 -1.527422e+01 3.226429e+00
      vertex   -4.803019e-02 -1.519665e+01 3.272336e+00
    endloop
  endfacet
  facet normal -3.292070e-01 7.372666e-02 -9.413751e-01
    outer loop
      vertex   -4.803019e-02 -1.519665e+01 3.272336e+00
      vertex   6.586918e-02 -1.527422e+01 3.226429e+00
      vertex   -1.677353e-02 -1.526809e+01 3.255810e+00
    endloop
  endfacet
  facet normal -3.389288e-01 6.876103e-02 -9.382959e-01
    outer loop
      vertex   -4.803019e-02 -1.519665e+01 3.272336e+00
      vertex   -1.677353e-02 -1.526809e+01 3.255810e+00
      vertex   -1.325308e-01 -1.520470e+01 3.302270e+00
    endloop
  endfacet
  facet normal -2.204820e-01 1.077129e-01 -9.694254e-01
    outer loop
      vertex   1.059023e-01 -1.511976e+01 3.235938e+00
      vertex   1.286423e-01 -1.520418e+01 3.221387e+00
      vertex   1.139312e-02 -1.511827e+01 3.257599e+00
    endloop
  endfacet
  facet normal -2.549748e-01 5.883726e-02 -9.651560e-01
    outer loop
      vertex   1.139312e-02 -1.511827e+01 3.257599e+00
      vertex   1.286423e-01 -1.520418e+01 3.221387e+00
      vertex   3.958381e-02 -1.519659e+01 3.245377e+00
    endloop
  endfacet
  facet normal -2.664281e-01 5.427313e-02 -9.623256e-01
    outer loop
      vertex   1.139312e-02 -1.511827e+01 3.257599e+00
      vertex   3.958381e-02 -1.519659e+01 3.245377e+00
      vertex   -8.127163e-02 -1.512496e+01 3.282876e+00
    endloop
  endfacet
  facet normal -2.940955e-01 4.154442e-03 -9.557670e-01
    outer loop
      vertex   -8.127163e-02 -1.512496e+01 3.282876e+00
      vertex   3.958381e-02 -1.519659e+01 3.245377e+00
      vertex   -4.803019e-02 -1.519665e+01 3.272336e+00
    endloop
  endfacet
  facet normal -3.083744e-01 -3.129615e-03 -9.512599e-01
    outer loop
      vertex   -8.127163e-02 -1.512496e+01 3.282876e+00
      vertex   -4.803019e-02 -1.519665e+01 3.272336e+00
      vertex   -1.703713e-01 -1.514016e+01 3.311810e+00
    endloop
  endfacet
  facet normal -3.289012e-01 -5.346607e-02 -9.428496e-01
    outer loop
      vertex   -1.703713e-01 -1.514016e+01 3.311810e+00
      vertex   -4.803019e-02 -1.519665e+01 3.272336e+00
      vertex   -1.325308e-01 -1.520470e+01 3.302270e+00
    endloop
  endfacet
  facet normal -3.450986e-01 -6.391924e-02 -9.363873e-01
    outer loop
      vertex   -1.703713e-01 -1.514016e+01 3.311810e+00
      vertex   -1.325308e-01 -1.520470e+01 3.302270e+00
      vertex   -2.543613e-01 -1.516399e+01 3.344391e+00
    endloop
  endfacet
  facet normal -1.735915e-01 -6.201494e-02 -9.828632e-01
    outer loop
      vertex   -4.990494e-02 -1.496181e+01 3.261488e+00
      vertex   5.592936e-02 -1.495004e+01 3.242053e+00
      vertex   8.160501e-02 -1.503483e+01 3.242868e+00
    endloop
  endfacet
  facet normal -3.135311e-01 2.107960e-01 -9.258851e-01
    outer loop
      vertex   9.004939e-02 -1.535061e+01 3.200850e+00
      vertex   -1.677353e-02 -1.526809e+01 3.255810e+00
      vertex   6.586918e-02 -1.527422e+01 3.226429e+00
    endloop
  endfacet
  facet normal -2.581476e-01 -6.603846e-02 -9.638458e-01
    outer loop
      vertex   -8.127163e-02 -1.512496e+01 3.282876e+00
      vertex   -1.162862e-01 -1.505350e+01 3.287358e+00
      vertex   1.139312e-02 -1.511827e+01 3.257599e+00
    endloop
  endfacet
  facet normal -2.384697e-01 -2.402907e-02 -9.708526e-01
    outer loop
      vertex   1.139312e-02 -1.511827e+01 3.257599e+00
      vertex   -1.162862e-01 -1.505350e+01 3.287358e+00
      vertex   -1.850307e-02 -1.503982e+01 3.263001e+00
    endloop
  endfacet
  facet normal -2.236367e-01 -1.812472e-02 -9.745040e-01
    outer loop
      vertex   1.139312e-02 -1.511827e+01 3.257599e+00
      vertex   -1.850307e-02 -1.503982e+01 3.263001e+00
      vertex   1.059023e-01 -1.511976e+01 3.235938e+00
    endloop
  endfacet
  facet normal -2.213610e-01 -1.368869e-01 -9.655368e-01
    outer loop
      vertex   -1.850307e-02 -1.503982e+01 3.263001e+00
      vertex   -1.162862e-01 -1.505350e+01 3.287358e+00
      vertex   -1.528623e-01 -1.498271e+01 3.285707e+00
    endloop
  endfacet
  facet normal -2.390704e-01 -1.459074e-01 -9.599773e-01
    outer loop
      vertex   -1.528623e-01 -1.498271e+01 3.285707e+00
      vertex   -1.162862e-01 -1.505350e+01 3.287358e+00
      vertex   -2.511686e-01 -1.501299e+01 3.314791e+00
    endloop
  endfacet
  facet normal -2.019696e-01 -2.530604e-01 -9.461335e-01
    outer loop
      vertex   -1.528623e-01 -1.498271e+01 3.285707e+00
      vertex   -2.511686e-01 -1.501299e+01 3.314791e+00
      vertex   -3.056119e-01 -1.493427e+01 3.305360e+00
    endloop
  endfacet
  facet normal -2.159710e-01 -2.620781e-01 -9.405698e-01
    outer loop
      vertex   -3.056119e-01 -1.493427e+01 3.305360e+00
      vertex   -2.511686e-01 -1.501299e+01 3.314791e+00
      vertex   -4.027648e-01 -1.498449e+01 3.341659e+00
    endloop
  endfacet
  facet normal -1.649718e-01 -3.479643e-01 -9.228787e-01
    outer loop
      vertex   -3.056119e-01 -1.493427e+01 3.305360e+00
      vertex   -4.027648e-01 -1.498449e+01 3.341659e+00
      vertex   -4.506325e-01 -1.493273e+01 3.330703e+00
    endloop
  endfacet
  facet normal -1.771959e-01 -3.579763e-01 -9.167631e-01
    outer loop
      vertex   -4.506325e-01 -1.493273e+01 3.330703e+00
      vertex   -4.027648e-01 -1.498449e+01 3.341659e+00
      vertex   -5.246800e-01 -1.498721e+01 3.366289e+00
    endloop
  endfacet
  facet normal -1.261985e-01 -4.165462e-01 -9.003128e-01
    outer loop
      vertex   -4.506325e-01 -1.493273e+01 3.330703e+00
      vertex   -5.246800e-01 -1.498721e+01 3.366289e+00
      vertex   -5.759488e-01 -1.494413e+01 3.353541e+00
    endloop
  endfacet
  facet normal -1.342282e-01 -4.246355e-01 -8.953589e-01
    outer loop
      vertex   -5.759488e-01 -1.494413e+01 3.353541e+00
      vertex   -5.246800e-01 -1.498721e+01 3.366289e+00
      vertex   -6.436679e-01 -1.501189e+01 3.395832e+00
    endloop
  endfacet
  facet normal -7.942161e-02 -4.694372e-01 -8.793867e-01
    outer loop
      vertex   -5.759488e-01 -1.494413e+01 3.353541e+00
      vertex   -6.436679e-01 -1.501189e+01 3.395832e+00
      vertex   -6.975632e-01 -1.497769e+01 3.382438e+00
    endloop
  endfacet
  facet normal -8.447721e-02 -4.758623e-01 -8.754534e-01
    outer loop
      vertex   -6.975632e-01 -1.497769e+01 3.382438e+00
      vertex   -6.436679e-01 -1.501189e+01 3.395832e+00
      vertex   -7.612775e-01 -1.506640e+01 3.436807e+00
    endloop
  endfacet
  facet normal -2.750059e-01 -7.463057e-02 -9.585416e-01
    outer loop
      vertex   -1.162862e-01 -1.505350e+01 3.287358e+00
      vertex   -8.127163e-02 -1.512496e+01 3.282876e+00
      vertex   -2.099891e-01 -1.507614e+01 3.316004e+00
    endloop
  endfacet
  facet normal -2.887373e-01 -1.164184e-01 -9.503039e-01
    outer loop
      vertex   -2.099891e-01 -1.507614e+01 3.316004e+00
      vertex   -8.127163e-02 -1.512496e+01 3.282876e+00
      vertex   -1.703713e-01 -1.514016e+01 3.311810e+00
    endloop
  endfacet
  facet normal -3.068285e-01 -1.280840e-01 -9.431070e-01
    outer loop
      vertex   -2.099891e-01 -1.507614e+01 3.316004e+00
      vertex   -1.703713e-01 -1.514016e+01 3.311810e+00
      vertex   -2.980427e-01 -1.510788e+01 3.348962e+00
    endloop
  endfacet
  facet normal -3.144964e-01 -1.687163e-01 -9.341450e-01
    outer loop
      vertex   -2.980427e-01 -1.510788e+01 3.348962e+00
      vertex   -1.703713e-01 -1.514016e+01 3.311810e+00
      vertex   -2.543613e-01 -1.516399e+01 3.344391e+00
    endloop
  endfacet
  facet normal -3.302625e-01 -1.816317e-01 -9.262487e-01
    outer loop
      vertex   -2.980427e-01 -1.510788e+01 3.348962e+00
      vertex   -2.543613e-01 -1.516399e+01 3.344391e+00
      vertex   -3.631573e-01 -1.514002e+01 3.378482e+00
    endloop
  endfacet
  facet normal -2.666971e-01 2.290627e-01 -9.361639e-01
    outer loop
      vertex   1.496463e-01 -1.528740e+01 3.199339e+00
      vertex   9.004939e-02 -1.535061e+01 3.200850e+00
      vertex   6.586918e-02 -1.527422e+01 3.226429e+00
    endloop
  endfacet
  facet normal -4.419393e-01 1.342691e-01 -8.869394e-01
    outer loop
      vertex   -3.182440e-02 -1.539762e+01 3.242164e+00
      vertex   -1.345741e-01 -1.533565e+01 3.302744e+00
      vertex   -6.304405e-02 -1.533380e+01 3.267383e+00
    endloop
  endfacet
  facet normal -4.430908e-01 -3.361267e-03 -8.964704e-01
    outer loop
      vertex   -6.304405e-02 -1.533380e+01 3.267383e+00
      vertex   -1.345741e-01 -1.533565e+01 3.302744e+00
      vertex   -1.724135e-01 -1.527817e+01 3.321231e+00
    endloop
  endfacet
  facet normal -4.130515e-01 6.708669e-02 -9.082333e-01
    outer loop
      vertex   -6.304405e-02 -1.533380e+01 3.267383e+00
      vertex   -1.724135e-01 -1.527817e+01 3.321231e+00
      vertex   -9.668315e-02 -1.526936e+01 3.287441e+00
    endloop
  endfacet
  facet normal -4.011254e-01 -5.825653e-02 -9.141688e-01
    outer loop
      vertex   -9.668315e-02 -1.526936e+01 3.287441e+00
      vertex   -1.724135e-01 -1.527817e+01 3.321231e+00
      vertex   -2.124137e-01 -1.522085e+01 3.335130e+00
    endloop
  endfacet
  facet normal -2.476189e-01 -1.797475e-01 -9.520377e-01
    outer loop
      vertex   -1.162862e-01 -1.505350e+01 3.287358e+00
      vertex   -2.099891e-01 -1.507614e+01 3.316004e+00
      vertex   -2.511686e-01 -1.501299e+01 3.314791e+00
    endloop
  endfacet
  facet normal -2.660190e-01 -1.916057e-01 -9.447334e-01
    outer loop
      vertex   -2.511686e-01 -1.501299e+01 3.314791e+00
      vertex   -2.099891e-01 -1.507614e+01 3.316004e+00
      vertex   -3.432447e-01 -1.505280e+01 3.348792e+00
    endloop
  endfacet
  facet normal -2.194204e-01 -2.885070e-01 -9.319970e-01
    outer loop
      vertex   -2.511686e-01 -1.501299e+01 3.314791e+00
      vertex   -3.432447e-01 -1.505280e+01 3.348792e+00
      vertex   -4.027648e-01 -1.498449e+01 3.341659e+00
    endloop
  endfacet
  facet normal -2.314673e-01 -2.983730e-01 -9.259571e-01
    outer loop
      vertex   -4.027648e-01 -1.498449e+01 3.341659e+00
      vertex   -3.432447e-01 -1.505280e+01 3.348792e+00
      vertex   -4.741298e-01 -1.503214e+01 3.374854e+00
    endloop
  endfacet
  facet normal -1.758397e-01 -3.716571e-01 -9.115653e-01
    outer loop
      vertex   -4.027648e-01 -1.498449e+01 3.341659e+00
      vertex   -4.741298e-01 -1.503214e+01 3.374854e+00
      vertex   -5.246800e-01 -1.498721e+01 3.366289e+00
    endloop
  endfacet
  facet normal -1.864003e-01 -3.822969e-01 -9.050437e-01
    outer loop
      vertex   -5.246800e-01 -1.498721e+01 3.366289e+00
      vertex   -4.741298e-01 -1.503214e+01 3.374854e+00
      vertex   -5.902306e-01 -1.504803e+01 3.405478e+00
    endloop
  endfacet
  facet normal -1.316626e-01 -4.327825e-01 -8.918320e-01
    outer loop
      vertex   -5.246800e-01 -1.498721e+01 3.366289e+00
      vertex   -5.902306e-01 -1.504803e+01 3.405478e+00
      vertex   -6.436679e-01 -1.501189e+01 3.395832e+00
    endloop
  endfacet
  facet normal -1.397696e-01 -4.430852e-01 -8.855168e-01
    outer loop
      vertex   -6.436679e-01 -1.501189e+01 3.395832e+00
      vertex   -5.902306e-01 -1.504803e+01 3.405478e+00
      vertex   -7.056173e-01 -1.509291e+01 3.446146e+00
    endloop
  endfacet
  facet normal -8.195984e-02 -4.798403e-01 -8.735193e-01
    outer loop
      vertex   -6.436679e-01 -1.501189e+01 3.395832e+00
      vertex   -7.056173e-01 -1.509291e+01 3.446146e+00
      vertex   -7.612775e-01 -1.506640e+01 3.436807e+00
    endloop
  endfacet
  facet normal -8.664494e-02 -4.879337e-01 -8.685697e-01
    outer loop
      vertex   -7.612775e-01 -1.506640e+01 3.436807e+00
      vertex   -7.056173e-01 -1.509291e+01 3.446146e+00
      vertex   -8.095082e-01 -1.516173e+01 3.495174e+00
    endloop
  endfacet
  facet normal -2.696989e-01 -2.242099e-01 -9.364787e-01
    outer loop
      vertex   -3.432447e-01 -1.505280e+01 3.348792e+00
      vertex   -2.099891e-01 -1.507614e+01 3.316004e+00
      vertex   -2.980427e-01 -1.510788e+01 3.348962e+00
    endloop
  endfacet
  facet normal -5.146116e-01 -2.044998e-02 -8.571795e-01
    outer loop
      vertex   -1.879878e-01 -1.534226e+01 3.331878e+00
      vertex   -9.910464e-02 -1.539299e+01 3.279727e+00
      vertex   -1.494197e-01 -1.539391e+01 3.309956e+00
    endloop
  endfacet
  facet normal -4.493781e-01 -8.519792e-03 -8.933010e-01
    outer loop
      vertex   -1.345741e-01 -1.533565e+01 3.302744e+00
      vertex   -2.288517e-01 -1.529081e+01 3.349743e+00
      vertex   -1.724135e-01 -1.527817e+01 3.321231e+00
    endloop
  endfacet
  facet normal -4.266921e-01 -1.175178e-01 -8.967293e-01
    outer loop
      vertex   -1.724135e-01 -1.527817e+01 3.321231e+00
      vertex   -2.288517e-01 -1.529081e+01 3.349743e+00
      vertex   -2.718068e-01 -1.523980e+01 3.363497e+00
    endloop
  endfacet
  facet normal -4.123869e-01 -6.748930e-02 -9.085055e-01
    outer loop
      vertex   -1.724135e-01 -1.527817e+01 3.321231e+00
      vertex   -2.718068e-01 -1.523980e+01 3.363497e+00
      vertex   -2.124137e-01 -1.522085e+01 3.335130e+00
    endloop
  endfacet
  facet normal -3.812936e-01 -1.662701e-01 -9.093786e-01
    outer loop
      vertex   -2.124137e-01 -1.522085e+01 3.335130e+00
      vertex   -2.718068e-01 -1.523980e+01 3.363497e+00
      vertex   -3.166447e-01 -1.518946e+01 3.373093e+00
    endloop
  endfacet
  facet normal -2.855735e-01 -2.372131e-01 -9.285353e-01
    outer loop
      vertex   -3.432447e-01 -1.505280e+01 3.348792e+00
      vertex   -2.980427e-01 -1.510788e+01 3.348962e+00
      vertex   -4.111363e-01 -1.509173e+01 3.379618e+00
    endloop
  endfacet
  facet normal -2.872707e-01 -2.637352e-01 -9.208253e-01
    outer loop
      vertex   -4.111363e-01 -1.509173e+01 3.379618e+00
      vertex   -2.980427e-01 -1.510788e+01 3.348962e+00
      vertex   -3.631573e-01 -1.514002e+01 3.378482e+00
    endloop
  endfacet
  facet normal -3.013397e-01 -2.779171e-01 -9.121165e-01
    outer loop
      vertex   -4.111363e-01 -1.509173e+01 3.379618e+00
      vertex   -3.631573e-01 -1.514002e+01 3.378482e+00
      vertex   -4.716145e-01 -1.513656e+01 3.413259e+00
    endloop
  endfacet
  facet normal -6.017117e-01 1.618890e-01 -7.821349e-01
    outer loop
      vertex   -7.983166e-02 -1.549685e+01 3.254420e+00
      vertex   -4.102120e-02 -1.556178e+01 3.211122e+00
      vertex   -1.195906e-01 -1.549092e+01 3.286234e+00
    endloop
  endfacet
  facet normal -6.849556e-01 1.271440e-02 -7.284739e-01
    outer loop
      vertex   -1.195906e-01 -1.549092e+01 3.286234e+00
      vertex   -4.102120e-02 -1.556178e+01 3.211122e+00
      vertex   -7.692155e-02 -1.554958e+01 3.245090e+00
    endloop
  endfacet
  facet normal -6.423404e-01 6.819085e-02 -7.633798e-01
    outer loop
      vertex   -1.195906e-01 -1.549092e+01 3.286234e+00
      vertex   -7.692155e-02 -1.554958e+01 3.245090e+00
      vertex   -1.572182e-01 -1.548839e+01 3.318122e+00
    endloop
  endfacet
  facet normal -7.075498e-01 -9.228915e-02 -7.006111e-01
    outer loop
      vertex   -1.572182e-01 -1.548839e+01 3.318122e+00
      vertex   -7.692155e-02 -1.554958e+01 3.245090e+00
      vertex   -1.109584e-01 -1.553956e+01 3.278144e+00
    endloop
  endfacet
  facet normal -6.782713e-01 -3.994740e-02 -7.337250e-01
    outer loop
      vertex   -1.572182e-01 -1.548839e+01 3.318122e+00
      vertex   -1.109584e-01 -1.553956e+01 3.278144e+00
      vertex   -1.874078e-01 -1.549009e+01 3.346122e+00
    endloop
  endfacet
  facet normal -7.198340e-01 -1.983160e-01 -6.652141e-01
    outer loop
      vertex   -1.874078e-01 -1.549009e+01 3.346122e+00
      vertex   -1.109584e-01 -1.553956e+01 3.278144e+00
      vertex   -1.384096e-01 -1.553329e+01 3.305979e+00
    endloop
  endfacet
  facet normal -7.051872e-01 -1.574451e-01 -6.913191e-01
    outer loop
      vertex   -1.874078e-01 -1.549009e+01 3.346122e+00
      vertex   -1.384096e-01 -1.553329e+01 3.305979e+00
      vertex   -2.086324e-01 -1.549598e+01 3.369114e+00
    endloop
  endfacet
  facet normal -7.208481e-01 -2.973617e-01 -6.260623e-01
    outer loop
      vertex   -2.086324e-01 -1.549598e+01 3.369114e+00
      vertex   -1.384096e-01 -1.553329e+01 3.305979e+00
      vertex   -1.579537e-01 -1.553104e+01 3.327416e+00
    endloop
  endfacet
  facet normal -5.156580e-01 -2.150951e-02 -8.565244e-01
    outer loop
      vertex   -1.879878e-01 -1.534226e+01 3.331878e+00
      vertex   -1.494197e-01 -1.539391e+01 3.309956e+00
      vertex   -2.361700e-01 -1.535351e+01 3.361168e+00
    endloop
  endfacet
  facet normal -5.550837e-01 -1.677693e-01 -8.146997e-01
    outer loop
      vertex   -2.814416e-01 -1.537090e+01 3.392841e+00
      vertex   -1.948903e-01 -1.539909e+01 3.339674e+00
      vertex   -2.377313e-01 -1.540952e+01 3.371012e+00
    endloop
  endfacet
  facet normal -4.918894e-01 -1.333761e-01 -8.603811e-01
    outer loop
      vertex   -1.879878e-01 -1.534226e+01 3.331878e+00
      vertex   -2.361700e-01 -1.535351e+01 3.361168e+00
      vertex   -2.796521e-01 -1.530841e+01 3.379036e+00
    endloop
  endfacet
  facet normal -5.034071e-01 -1.480929e-01 -8.512637e-01
    outer loop
      vertex   -2.796521e-01 -1.530841e+01 3.379036e+00
      vertex   -2.361700e-01 -1.535351e+01 3.361168e+00
      vertex   -3.272424e-01 -1.533303e+01 3.411463e+00
    endloop
  endfacet
  facet normal -4.598977e-01 -2.378061e-01 -8.555363e-01
    outer loop
      vertex   -2.796521e-01 -1.530841e+01 3.379036e+00
      vertex   -3.272424e-01 -1.533303e+01 3.411463e+00
      vertex   -3.749445e-01 -1.529605e+01 3.426826e+00
    endloop
  endfacet
  facet normal -4.764132e-01 -2.664461e-01 -8.378765e-01
    outer loop
      vertex   -3.749445e-01 -1.529605e+01 3.426826e+00
      vertex   -3.272424e-01 -1.533303e+01 3.411463e+00
      vertex   -4.139890e-01 -1.533354e+01 3.460949e+00
    endloop
  endfacet
  facet normal -4.210438e-01 -3.303589e-01 -8.447397e-01
    outer loop
      vertex   -3.749445e-01 -1.529605e+01 3.426826e+00
      vertex   -4.139890e-01 -1.533354e+01 3.460949e+00
      vertex   -4.648642e-01 -1.530537e+01 3.475291e+00
    endloop
  endfacet
  facet normal -4.357511e-01 -3.690469e-01 -8.209295e-01
    outer loop
      vertex   -4.648642e-01 -1.530537e+01 3.475291e+00
      vertex   -4.139890e-01 -1.533354e+01 3.460949e+00
      vertex   -4.917650e-01 -1.535510e+01 3.511924e+00
    endloop
  endfacet
  facet normal -3.756360e-01 -4.093332e-01 -8.314709e-01
    outer loop
      vertex   -4.648642e-01 -1.530537e+01 3.475291e+00
      vertex   -4.917650e-01 -1.535510e+01 3.511924e+00
      vertex   -5.447313e-01 -1.533614e+01 3.526520e+00
    endloop
  endfacet
  facet normal -4.377133e-01 -1.286494e-01 -8.898631e-01
    outer loop
      vertex   -2.718068e-01 -1.523980e+01 3.363497e+00
      vertex   -2.288517e-01 -1.529081e+01 3.349743e+00
      vertex   -3.251387e-01 -1.526398e+01 3.393226e+00
    endloop
  endfacet
  facet normal -3.945974e-01 -1.796949e-01 -9.011119e-01
    outer loop
      vertex   -3.166447e-01 -1.518946e+01 3.373093e+00
      vertex   -2.718068e-01 -1.523980e+01 3.363497e+00
      vertex   -3.724286e-01 -1.522040e+01 3.403691e+00
    endloop
  endfacet
  facet normal -3.979786e-01 -2.178798e-01 -8.911461e-01
    outer loop
      vertex   -3.724286e-01 -1.522040e+01 3.403691e+00
      vertex   -2.718068e-01 -1.523980e+01 3.363497e+00
      vertex   -3.251387e-01 -1.526398e+01 3.393226e+00
    endloop
  endfacet
  facet normal -4.136760e-01 -2.378806e-01 -8.787974e-01
    outer loop
      vertex   -3.724286e-01 -1.522040e+01 3.403691e+00
      vertex   -3.251387e-01 -1.526398e+01 3.393226e+00
      vertex   -4.243557e-01 -1.526010e+01 3.438881e+00
    endloop
  endfacet
  facet normal -3.494769e-01 -2.600669e-01 -9.001284e-01
    outer loop
      vertex   -3.166447e-01 -1.518946e+01 3.373093e+00
      vertex   -3.724286e-01 -1.522040e+01 3.403691e+00
      vertex   -4.213209e-01 -1.517787e+01 3.410385e+00
    endloop
  endfacet
  facet normal -3.653562e-01 -2.802804e-01 -8.876698e-01
    outer loop
      vertex   -4.213209e-01 -1.517787e+01 3.410385e+00
      vertex   -3.724286e-01 -1.522040e+01 3.403691e+00
      vertex   -4.752843e-01 -1.522532e+01 3.447579e+00
    endloop
  endfacet
  facet normal -3.095537e-01 -3.430804e-01 -8.868328e-01
    outer loop
      vertex   -4.213209e-01 -1.517787e+01 3.410385e+00
      vertex   -4.752843e-01 -1.522532e+01 3.447579e+00
      vertex   -5.275382e-01 -1.519185e+01 3.452871e+00
    endloop
  endfacet
  facet normal -3.245849e-01 -3.690710e-01 -8.708796e-01
    outer loop
      vertex   -5.275382e-01 -1.519185e+01 3.452871e+00
      vertex   -4.752843e-01 -1.522532e+01 3.447579e+00
      vertex   -5.707374e-01 -1.525301e+01 3.494891e+00
    endloop
  endfacet
  facet normal -2.566819e-01 -4.175572e-01 -8.716424e-01
    outer loop
      vertex   -5.275382e-01 -1.519185e+01 3.452871e+00
      vertex   -5.707374e-01 -1.525301e+01 3.494891e+00
      vertex   -6.405872e-01 -1.522267e+01 3.500927e+00
    endloop
  endfacet
  facet normal -2.664581e-01 -4.431972e-01 -8.559067e-01
    outer loop
      vertex   -6.405872e-01 -1.522267e+01 3.500927e+00
      vertex   -5.707374e-01 -1.525301e+01 3.494891e+00
      vertex   -6.694194e-01 -1.529862e+01 3.549229e+00
    endloop
  endfacet
  facet normal -1.974601e-01 -4.716194e-01 -8.594095e-01
    outer loop
      vertex   -6.405872e-01 -1.522267e+01 3.500927e+00
      vertex   -6.694194e-01 -1.529862e+01 3.549229e+00
      vertex   -7.256706e-01 -1.528472e+01 3.554522e+00
    endloop
  endfacet
  facet normal -2.006374e-01 -4.883274e-01 -8.492826e-01
    outer loop
      vertex   -7.256706e-01 -1.528472e+01 3.554522e+00
      vertex   -6.694194e-01 -1.529862e+01 3.549229e+00
      vertex   -7.575225e-01 -1.536868e+01 3.610325e+00
    endloop
  endfacet
  facet normal -3.608375e-01 -3.082487e-01 -8.802153e-01
    outer loop
      vertex   -4.752843e-01 -1.522532e+01 3.447579e+00
      vertex   -3.724286e-01 -1.522040e+01 3.403691e+00
      vertex   -4.243557e-01 -1.526010e+01 3.438881e+00
    endloop
  endfacet
  facet normal -2.431357e-01 -3.506402e-01 -9.043984e-01
    outer loop
      vertex   -4.716145e-01 -1.513656e+01 3.413259e+00
      vertex   -5.374788e-01 -1.508594e+01 3.411339e+00
      vertex   -4.111363e-01 -1.509173e+01 3.379618e+00
    endloop
  endfacet
  facet normal -2.440324e-01 -3.308596e-01 -9.115811e-01
    outer loop
      vertex   -4.111363e-01 -1.509173e+01 3.379618e+00
      vertex   -5.374788e-01 -1.508594e+01 3.411339e+00
      vertex   -4.741298e-01 -1.503214e+01 3.374854e+00
    endloop
  endfacet
  facet normal -2.333508e-01 -3.200968e-01 -9.181968e-01
    outer loop
      vertex   -4.111363e-01 -1.509173e+01 3.379618e+00
      vertex   -4.741298e-01 -1.503214e+01 3.374854e+00
      vertex   -3.432447e-01 -1.505280e+01 3.348792e+00
    endloop
  endfacet
  facet normal -1.834910e-01 -3.945445e-01 -9.003698e-01
    outer loop
      vertex   -4.741298e-01 -1.503214e+01 3.374854e+00
      vertex   -5.374788e-01 -1.508594e+01 3.411339e+00
      vertex   -5.902306e-01 -1.504803e+01 3.405478e+00
    endloop
  endfacet
  facet normal -1.942950e-01 -4.082763e-01 -8.919417e-01
    outer loop
      vertex   -5.902306e-01 -1.504803e+01 3.405478e+00
      vertex   -5.374788e-01 -1.508594e+01 3.411339e+00
      vertex   -6.503893e-01 -1.512124e+01 3.452093e+00
    endloop
  endfacet
  facet normal -1.359291e-01 -4.502307e-01 -8.825053e-01
    outer loop
      vertex   -5.902306e-01 -1.504803e+01 3.405478e+00
      vertex   -6.503893e-01 -1.512124e+01 3.452093e+00
      vertex   -7.056173e-01 -1.509291e+01 3.446146e+00
    endloop
  endfacet
  facet normal -1.435219e-01 -4.633475e-01 -8.744773e-01
    outer loop
      vertex   -7.056173e-01 -1.509291e+01 3.446146e+00
      vertex   -6.503893e-01 -1.512124e+01 3.452093e+00
      vertex   -7.527257e-01 -1.518033e+01 3.500200e+00
    endloop
  endfacet
  facet normal -8.402649e-02 -4.908843e-01 -8.671633e-01
    outer loop
      vertex   -7.056173e-01 -1.509291e+01 3.446146e+00
      vertex   -7.527257e-01 -1.518033e+01 3.500200e+00
      vertex   -8.095082e-01 -1.516173e+01 3.495174e+00
    endloop
  endfacet
  facet normal -8.765949e-02 -5.004033e-01 -8.613434e-01
    outer loop
      vertex   -8.095082e-01 -1.516173e+01 3.495174e+00
      vertex   -7.527257e-01 -1.518033e+01 3.500200e+00
      vertex   -8.397201e-01 -1.526190e+01 3.556443e+00
    endloop
  endfacet
  facet normal -1.894656e-01 -4.191110e-01 -8.879464e-01
    outer loop
      vertex   -6.503893e-01 -1.512124e+01 3.452093e+00
      vertex   -5.374788e-01 -1.508594e+01 3.411339e+00
      vertex   -5.958085e-01 -1.515128e+01 3.454625e+00
    endloop
  endfacet
  facet normal -2.548621e-01 -3.655488e-01 -8.952203e-01
    outer loop
      vertex   -5.958085e-01 -1.515128e+01 3.454625e+00
      vertex   -5.374788e-01 -1.508594e+01 3.411339e+00
      vertex   -4.716145e-01 -1.513656e+01 3.413259e+00
    endloop
  endfacet
  facet normal -5.669476e-01 -1.884252e-01 -8.019142e-01
    outer loop
      vertex   -2.814416e-01 -1.537090e+01 3.392841e+00
      vertex   -2.377313e-01 -1.540952e+01 3.371012e+00
      vertex   -3.172751e-01 -1.539334e+01 3.423446e+00
    endloop
  endfacet
  facet normal -5.678511e-01 -2.454522e-01 -7.856834e-01
    outer loop
      vertex   -3.172751e-01 -1.539334e+01 3.423446e+00
      vertex   -2.377313e-01 -1.540952e+01 3.371012e+00
      vertex   -2.717997e-01 -1.542476e+01 3.400395e+00
    endloop
  endfacet
  facet normal -5.812610e-01 -2.810224e-01 -7.636504e-01
    outer loop
      vertex   -3.172751e-01 -1.539334e+01 3.423446e+00
      vertex   -2.717997e-01 -1.542476e+01 3.400395e+00
      vertex   -3.417560e-01 -1.542017e+01 3.451953e+00
    endloop
  endfacet
  facet normal -3.173589e-01 -3.859825e-01 -8.661991e-01
    outer loop
      vertex   -5.707374e-01 -1.525301e+01 3.494891e+00
      vertex   -4.752843e-01 -1.522532e+01 3.447579e+00
      vertex   -5.171746e-01 -1.527850e+01 3.486623e+00
    endloop
  endfacet
  facet normal -3.771392e-01 -3.364542e-01 -8.628815e-01
    outer loop
      vertex   -5.171746e-01 -1.527850e+01 3.486623e+00
      vertex   -4.752843e-01 -1.522532e+01 3.447579e+00
      vertex   -4.243557e-01 -1.526010e+01 3.438881e+00
    endloop
  endfacet
  facet normal -1.393990e-01 -4.687041e-01 -8.722869e-01
    outer loop
      vertex   -7.527257e-01 -1.518033e+01 3.500200e+00
      vertex   -6.503893e-01 -1.512124e+01 3.452093e+00
      vertex   -6.963511e-01 -1.520067e+01 3.502119e+00
    endloop
  endfacet
  facet normal -1.997201e-01 -4.368283e-01 -8.770935e-01
    outer loop
      vertex   -6.963511e-01 -1.520067e+01 3.502119e+00
      vertex   -6.503893e-01 -1.512124e+01 3.452093e+00
      vertex   -5.958085e-01 -1.515128e+01 3.454625e+00
    endloop
  endfacet
  facet normal -5.199405e-01 -2.734980e-01 -8.092346e-01
    outer loop
      vertex   -2.814416e-01 -1.537090e+01 3.392841e+00
      vertex   -3.172751e-01 -1.539334e+01 3.423446e+00
      vertex   -3.647317e-01 -1.536290e+01 3.443649e+00
    endloop
  endfacet
  facet normal -5.347293e-01 -3.125827e-01 -7.850838e-01
    outer loop
      vertex   -3.647317e-01 -1.536290e+01 3.443649e+00
      vertex   -3.172751e-01 -1.539334e+01 3.423446e+00
      vertex   -3.901026e-01 -1.539718e+01 3.474581e+00
    endloop
  endfacet
  facet normal -4.780098e-01 -3.664432e-01 -7.982644e-01
    outer loop
      vertex   -3.647317e-01 -1.536290e+01 3.443649e+00
      vertex   -3.901026e-01 -1.539718e+01 3.474581e+00
      vertex   -4.401639e-01 -1.537547e+01 3.494592e+00
    endloop
  endfacet
  facet normal -4.848237e-01 -4.019641e-01 -7.767695e-01
    outer loop
      vertex   -4.401639e-01 -1.537547e+01 3.494592e+00
      vertex   -3.901026e-01 -1.539718e+01 3.474581e+00
      vertex   -4.706807e-01 -1.541516e+01 3.534177e+00
    endloop
  endfacet
  facet normal -5.272565e-01 -3.442971e-01 -7.768269e-01
    outer loop
      vertex   -3.901026e-01 -1.539718e+01 3.474581e+00
      vertex   -3.172751e-01 -1.539334e+01 3.423446e+00
      vertex   -3.417560e-01 -1.542017e+01 3.451953e+00
    endloop
  endfacet
  facet normal -2.605234e-01 -4.524442e-01 -8.528903e-01
    outer loop
      vertex   -6.694194e-01 -1.529862e+01 3.549229e+00
      vertex   -5.707374e-01 -1.525301e+01 3.494891e+00
      vertex   -5.988880e-01 -1.531867e+01 3.538317e+00
    endloop
  endfacet
  facet normal -3.297171e-01 -4.184133e-01 -8.462960e-01
    outer loop
      vertex   -5.988880e-01 -1.531867e+01 3.538317e+00
      vertex   -5.707374e-01 -1.525301e+01 3.494891e+00
      vertex   -5.171746e-01 -1.527850e+01 3.486623e+00
    endloop
  endfacet
  facet normal -8.536613e-02 -5.022618e-01 -8.604916e-01
    outer loop
      vertex   -8.397201e-01 -1.526190e+01 3.556443e+00
      vertex   -7.527257e-01 -1.518033e+01 3.500200e+00
      vertex   -7.825017e-01 -1.527246e+01 3.556930e+00
    endloop
  endfacet
  facet normal -1.453411e-01 -4.842749e-01 -8.627594e-01
    outer loop
      vertex   -7.825017e-01 -1.527246e+01 3.556930e+00
      vertex   -7.527257e-01 -1.518033e+01 3.500200e+00
      vertex   -6.963511e-01 -1.520067e+01 3.502119e+00
    endloop
  endfacet
  facet normal -5.481453e-02 -5.202351e-01 -8.522622e-01
    outer loop
      vertex   -9.077201e-01 -1.554180e+01 3.729294e+00
      vertex   -9.077201e-01 -1.536277e+01 3.620008e+00
      vertex   -7.982662e-01 -1.560594e+01 3.761405e+00
    endloop
  endfacet
  facet normal -7.531028e-02 -5.263556e-01 -8.469228e-01
    outer loop
      vertex   -7.982662e-01 -1.560594e+01 3.761405e+00
      vertex   -9.077201e-01 -1.536277e+01 3.620008e+00
      vertex   -7.575225e-01 -1.536868e+01 3.610325e+00
    endloop
  endfacet
  facet normal -1.610348e-01 -5.102808e-01 -8.447966e-01
    outer loop
      vertex   -7.982662e-01 -1.560594e+01 3.761405e+00
      vertex   -7.575225e-01 -1.536868e+01 3.610325e+00
      vertex   -6.891782e-01 -1.568161e+01 3.786314e+00
    endloop
  endfacet
  facet normal -2.242224e-01 -5.144565e-01 -8.276828e-01
    outer loop
      vertex   -6.891782e-01 -1.568161e+01 3.786314e+00
      vertex   -7.575225e-01 -1.536868e+01 3.610325e+00
      vertex   -6.107326e-01 -1.538628e+01 3.581497e+00
    endloop
  endfacet
  facet normal -2.706743e-01 -4.990289e-01 -8.232288e-01
    outer loop
      vertex   -6.891782e-01 -1.568161e+01 3.786314e+00
      vertex   -6.107326e-01 -1.538628e+01 3.581497e+00
      vertex   -5.815489e-01 -1.576799e+01 3.803293e+00
    endloop
  endfacet
  facet normal -3.680555e-01 -4.880062e-01 -7.914450e-01
    outer loop
      vertex   -5.815489e-01 -1.576799e+01 3.803293e+00
      vertex   -6.107326e-01 -1.538628e+01 3.581497e+00
      vertex   -4.706807e-01 -1.541516e+01 3.534177e+00
    endloop
  endfacet
  facet normal -3.797470e-01 -4.826311e-01 -7.892144e-01
    outer loop
      vertex   -5.815489e-01 -1.576799e+01 3.803293e+00
      vertex   -4.706807e-01 -1.541516e+01 3.534177e+00
      vertex   -4.767001e-01 -1.586409e+01 3.811609e+00
    endloop
  endfacet
  facet normal -4.809571e-01 -4.562297e-01 -7.486886e-01
    outer loop
      vertex   -4.767001e-01 -1.586409e+01 3.811609e+00
      vertex   -4.706807e-01 -1.541516e+01 3.534177e+00
      vertex   -3.774627e-01 -1.596731e+01 3.810760e+00
    endloop
  endfacet
  facet normal -5.035339e-01 -4.534063e-01 -7.354429e-01
    outer loop
      vertex   -3.774627e-01 -1.596731e+01 3.810760e+00
      vertex   -4.706807e-01 -1.541516e+01 3.534177e+00
      vertex   -3.405444e-01 -1.545468e+01 3.469440e+00
    endloop
  endfacet
  facet normal -5.758707e-01 -4.239506e-01 -6.990271e-01
    outer loop
      vertex   -3.774627e-01 -1.596731e+01 3.810760e+00
      vertex   -3.405444e-01 -1.545468e+01 3.469440e+00
      vertex   -2.851102e-01 -1.607621e+01 3.800724e+00
    endloop
  endfacet
  facet normal -6.275871e-01 -4.090546e-01 -6.624264e-01
    outer loop
      vertex   -2.851102e-01 -1.607621e+01 3.800724e+00
      vertex   -3.405444e-01 -1.545468e+01 3.469440e+00
      vertex   -2.232762e-01 -1.550393e+01 3.388753e+00
    endloop
  endfacet
  facet normal -6.650781e-01 -3.876290e-01 -6.382906e-01
    outer loop
      vertex   -2.851102e-01 -1.607621e+01 3.800724e+00
      vertex   -2.232762e-01 -1.550393e+01 3.388753e+00
      vertex   -2.003652e-01 -1.618998e+01 3.781516e+00
    endloop
  endfacet
  facet normal -7.374058e-01 -3.539674e-01 -5.752736e-01
    outer loop
      vertex   -2.003652e-01 -1.618998e+01 3.781516e+00
      vertex   -2.232762e-01 -1.550393e+01 3.388753e+00
      vertex   -1.215366e-01 -1.556180e+01 3.293948e+00
    endloop
  endfacet
  facet normal -7.468293e-01 -3.467297e-01 -5.674720e-01
    outer loop
      vertex   -2.003652e-01 -1.618998e+01 3.781516e+00
      vertex   -1.215366e-01 -1.556180e+01 3.293948e+00
      vertex   -1.241621e-01 -1.630778e+01 3.753199e+00
    endloop
  endfacet
  facet normal -7.848725e-01 -3.228528e-01 -5.289057e-01
    outer loop
      vertex   -1.241621e-01 -1.630778e+01 3.753199e+00
      vertex   -1.215366e-01 -1.556180e+01 3.293948e+00
      vertex   -1.215366e-01 -1.631217e+01 3.751985e+00
    endloop
  endfacet
  facet normal -7.503722e-13 -5.210184e-01 -8.535455e-01
    outer loop
      vertex   4.029562e-01 -1.619958e+01 4.130810e+00
      vertex   4.029562e-01 -1.445325e+01 3.064824e+00
      vertex   4.073584e-01 -1.612839e+01 4.087356e+00
    endloop
  endfacet
  facet normal 3.288850e-14 -5.210184e-01 -8.535455e-01
    outer loop
      vertex   4.073584e-01 -1.612839e+01 4.087356e+00
      vertex   4.029562e-01 -1.445325e+01 3.064824e+00
      vertex   4.205048e-01 -1.605836e+01 4.044611e+00
    endloop
  endfacet
  facet normal 3.599970e-15 -5.210184e-01 -8.535455e-01
    outer loop
      vertex   4.205048e-01 -1.605836e+01 4.044611e+00
      vertex   4.029562e-01 -1.445325e+01 3.064824e+00
      vertex   4.423049e-01 -1.598982e+01 4.002773e+00
    endloop
  endfacet
  facet normal 3.349095e-11 -5.210184e-01 -8.535455e-01
    outer loop
      vertex   4.423049e-01 -1.598982e+01 4.002773e+00
      vertex   4.029562e-01 -1.445325e+01 3.064824e+00
      vertex   4.726313e-01 -1.592316e+01 3.962080e+00
    endloop
  endfacet
  facet normal 3.768198e-10 -5.210184e-01 -8.535455e-01
    outer loop
      vertex   4.726313e-01 -1.592316e+01 3.962080e+00
      vertex   4.029562e-01 -1.445325e+01 3.064824e+00
      vertex   5.106764e-01 -1.585969e+01 3.923334e+00
    endloop
  endfacet
  facet normal 4.754958e-10 -5.210184e-01 -8.535455e-01
    outer loop
      vertex   5.106764e-01 -1.585969e+01 3.923334e+00
      vertex   4.029562e-01 -1.445325e+01 3.064824e+00
      vertex   5.557283e-01 -1.579979e+01 3.886776e+00
    endloop
  endfacet
  facet normal 3.111024e-10 -5.210184e-01 -8.535455e-01
    outer loop
      vertex   5.557283e-01 -1.579979e+01 3.886776e+00
      vertex   4.029562e-01 -1.445325e+01 3.064824e+00
      vertex   6.072438e-01 -1.574347e+01 3.852397e+00
    endloop
  endfacet
  facet normal 7.946807e-12 -5.210184e-01 -8.535455e-01
    outer loop
      vertex   6.072438e-01 -1.574347e+01 3.852397e+00
      vertex   4.029562e-01 -1.445325e+01 3.064824e+00
      vertex   6.645328e-01 -1.569083e+01 3.820262e+00
    endloop
  endfacet
  facet normal -2.065532e-10 -5.210184e-01 -8.535455e-01
    outer loop
      vertex   6.645328e-01 -1.569083e+01 3.820262e+00
      vertex   4.029562e-01 -1.445325e+01 3.064824e+00
      vertex   7.923800e-01 -1.559740e+01 3.763228e+00
    endloop
  endfacet
  facet normal -1.077622e-10 -5.210184e-01 -8.535455e-01
    outer loop
      vertex   7.923800e-01 -1.559740e+01 3.763228e+00
      vertex   4.029562e-01 -1.445325e+01 3.064824e+00
      vertex   9.335023e-01 -1.551842e+01 3.715018e+00
    endloop
  endfacet
  facet normal 1.059578e-14 -5.210184e-01 -8.535455e-01
    outer loop
      vertex   9.335023e-01 -1.551842e+01 3.715018e+00
      vertex   4.029562e-01 -1.445325e+01 3.064824e+00
      vertex   1.083473e+00 -1.545182e+01 3.674364e+00
    endloop
  endfacet
  facet normal 1.553441e-15 -5.210184e-01 -8.535455e-01
    outer loop
      vertex   1.083473e+00 -1.545182e+01 3.674364e+00
      vertex   4.029562e-01 -1.445325e+01 3.064824e+00
      vertex   1.239500e+00 -1.539504e+01 3.639704e+00
    endloop
  endfacet
  facet normal 1.382499e-15 -5.210184e-01 -8.535455e-01
    outer loop
      vertex   1.239500e+00 -1.539504e+01 3.639704e+00
      vertex   4.029562e-01 -1.445325e+01 3.064824e+00
      vertex   1.239500e+00 -8.512278e+00 -5.616460e-01
    endloop
  endfacet
  facet normal 0.000000e+00 -5.210184e-01 -8.535455e-01
    outer loop
      vertex   1.239500e+00 -8.512278e+00 -5.616460e-01
      vertex   4.029562e-01 -1.445325e+01 3.064824e+00
      vertex   2.863644e-01 -1.445925e+01 3.068487e+00
    endloop
  endfacet
  facet normal 0.000000e+00 -5.210184e-01 -8.535455e-01
    outer loop
      vertex   1.239500e+00 -8.512278e+00 -5.616460e-01
      vertex   2.863644e-01 -1.445925e+01 3.068487e+00
      vertex   1.707835e-01 -1.447235e+01 3.076482e+00
    endloop
  endfacet
  facet normal -1.915728e-14 -5.210184e-01 -8.535455e-01
    outer loop
      vertex   1.707835e-01 -1.447235e+01 3.076482e+00
      vertex   5.712001e-02 -1.449238e+01 3.088708e+00
      vertex   1.239500e+00 -8.512278e+00 -5.616460e-01
    endloop
  endfacet
  facet normal -0.000000e+00 -5.210184e-01 -8.535455e-01
    outer loop
      vertex   1.239500e+00 -8.512278e+00 -5.616460e-01
      vertex   5.712001e-02 -1.449238e+01 3.088708e+00
      vertex   -1.260500e+00 -8.512278e+00 -5.616460e-01
    endloop
  endfacet
  facet normal 1.723439e-14 -5.210184e-01 -8.535455e-01
    outer loop
      vertex   -1.260500e+00 -8.512278e+00 -5.616460e-01
      vertex   5.712001e-02 -1.449238e+01 3.088708e+00
      vertex   -5.461411e-02 -1.451941e+01 3.105211e+00
    endloop
  endfacet
  facet normal 8.682463e-15 -5.210184e-01 -8.535455e-01
    outer loop
      vertex   -1.260500e+00 -8.512278e+00 -5.616460e-01
      vertex   -5.461411e-02 -1.451941e+01 3.105211e+00
      vertex   -1.640493e-01 -1.455351e+01 3.126025e+00
    endloop
  endfacet
  facet normal 5.181412e-15 -5.210184e-01 -8.535455e-01
    outer loop
      vertex   -1.640493e-01 -1.455351e+01 3.126025e+00
      vertex   -2.701208e-01 -1.459459e+01 3.151096e+00
      vertex   -1.260500e+00 -8.512278e+00 -5.616460e-01
    endloop
  endfacet
  facet normal -9.110235e-15 -5.210184e-01 -8.535455e-01
    outer loop
      vertex   -1.260500e+00 -8.512278e+00 -5.616460e-01
      vertex   -2.701208e-01 -1.459459e+01 3.151096e+00
      vertex   -3.717639e-01 -1.464254e+01 3.180365e+00
    endloop
  endfacet
  facet normal 4.735870e-15 -5.210184e-01 -8.535455e-01
    outer loop
      vertex   -1.260500e+00 -8.512278e+00 -5.616460e-01
      vertex   -3.717639e-01 -1.464254e+01 3.180365e+00
      vertex   -4.682492e-01 -1.469747e+01 3.213901e+00
    endloop
  endfacet
  facet normal 3.490918e-16 -5.210184e-01 -8.535455e-01
    outer loop
      vertex   -4.682492e-01 -1.469747e+01 3.213901e+00
      vertex   -5.590333e-01 -1.475965e+01 3.251851e+00
      vertex   -1.260500e+00 -8.512278e+00 -5.616460e-01
    endloop
  endfacet
  facet normal -1.063776e-14 -5.210184e-01 -8.535455e-01
    outer loop
      vertex   -1.260500e+00 -8.512278e+00 -5.616460e-01
      vertex   -5.590333e-01 -1.475965e+01 3.251851e+00
      vertex   -6.425387e-01 -1.482869e+01 3.293997e+00
    endloop
  endfacet
  facet normal -5.849427e-15 -5.210184e-01 -8.535455e-01
    outer loop
      vertex   -1.260500e+00 -8.512278e+00 -5.616460e-01
      vertex   -6.425387e-01 -1.482869e+01 3.293997e+00
      vertex   -7.172161e-01 -1.490429e+01 3.340143e+00
    endloop
  endfacet
  facet normal 1.292540e-14 -5.210184e-01 -8.535455e-01
    outer loop
      vertex   -7.172161e-01 -1.490429e+01 3.340143e+00
      vertex   -7.819209e-01 -1.498643e+01 3.390282e+00
      vertex   -1.260500e+00 -8.512278e+00 -5.616460e-01
    endloop
  endfacet
  facet normal -5.523596e-15 -5.210184e-01 -8.535455e-01
    outer loop
      vertex   -1.260500e+00 -8.512278e+00 -5.616460e-01
      vertex   -7.819209e-01 -1.498643e+01 3.390282e+00
      vertex   -1.260500e+00 -1.539504e+01 3.639704e+00
    endloop
  endfacet
  facet normal 9.266681e-15 -5.210184e-01 -8.535455e-01
    outer loop
      vertex   -1.260500e+00 -1.539504e+01 3.639704e+00
      vertex   -7.819209e-01 -1.498643e+01 3.390282e+00
      vertex   -8.350087e-01 -1.507449e+01 3.444037e+00
    endloop
  endfacet
  facet normal -2.772324e-14 -5.210184e-01 -8.535455e-01
    outer loop
      vertex   -1.260500e+00 -1.539504e+01 3.639704e+00
      vertex   -8.350087e-01 -1.507449e+01 3.444037e+00
      vertex   -8.746803e-01 -1.516764e+01 3.500897e+00
    endloop
  endfacet
  facet normal -9.961108e-15 -5.210184e-01 -8.535455e-01
    outer loop
      vertex   -1.260500e+00 -1.539504e+01 3.639704e+00
      vertex   -8.746803e-01 -1.516764e+01 3.500897e+00
      vertex   -1.079835e+00 -1.546154e+01 3.680300e+00
    endloop
  endfacet
  facet normal 1.504029e-14 -5.210184e-01 -8.535455e-01
    outer loop
      vertex   -1.079835e+00 -1.546154e+01 3.680300e+00
      vertex   -8.746803e-01 -1.516764e+01 3.500897e+00
      vertex   -8.992841e-01 -1.526431e+01 3.559906e+00
    endloop
  endfacet
  facet normal -1.001613e-14 -5.210184e-01 -8.535455e-01
    outer loop
      vertex   -1.079835e+00 -1.546154e+01 3.680300e+00
      vertex   -8.992841e-01 -1.526431e+01 3.559906e+00
      vertex   -9.077201e-01 -1.536277e+01 3.620008e+00
    endloop
  endfacet
  facet normal -5.525828e-15 -5.210184e-01 -8.535455e-01
    outer loop
      vertex   -9.077201e-01 -1.536277e+01 3.620008e+00
      vertex   -9.077201e-01 -1.554180e+01 3.729294e+00
      vertex   -1.079835e+00 -1.546154e+01 3.680300e+00
    endloop
  endfacet
  facet normal 7.843472e-01 -3.578156e-01 -5.067222e-01
    outer loop
      vertex   4.029562e-01 -1.619958e+01 4.130810e+00
      vertex   4.073584e-01 -1.612839e+01 4.087356e+00
      vertex   5.116671e-01 -1.613866e+01 4.256064e+00
    endloop
  endfacet
  facet normal 7.828783e-01 -3.619390e-01 -5.060649e-01
    outer loop
      vertex   5.116671e-01 -1.613866e+01 4.256064e+00
      vertex   4.073584e-01 -1.612839e+01 4.087356e+00
      vertex   5.331469e-01 -1.605064e+01 4.226342e+00
    endloop
  endfacet
  facet normal 7.858764e-01 -3.612596e-01 -5.018862e-01
    outer loop
      vertex   5.116671e-01 -1.613866e+01 4.256064e+00
      vertex   5.331469e-01 -1.605064e+01 4.226342e+00
      vertex   6.204386e-01 -1.606746e+01 4.375133e+00
    endloop
  endfacet
  facet normal 7.874189e-01 -3.572506e-01 -5.023380e-01
    outer loop
      vertex   6.204386e-01 -1.606746e+01 4.375133e+00
      vertex   5.331469e-01 -1.605064e+01 4.226342e+00
      vertex   6.579697e-01 -1.597094e+01 4.365325e+00
    endloop
  endfacet
  facet normal 7.879226e-01 -3.573584e-01 -5.014708e-01
    outer loop
      vertex   6.204386e-01 -1.606746e+01 4.375133e+00
      vertex   6.579697e-01 -1.597094e+01 4.365325e+00
      vertex   7.290030e-01 -1.598569e+01 4.487441e+00
    endloop
  endfacet
  facet normal 7.895597e-01 -3.531038e-01 -5.019095e-01
    outer loop
      vertex   7.290030e-01 -1.598569e+01 4.487441e+00
      vertex   6.579697e-01 -1.597094e+01 4.365325e+00
      vertex   7.827805e-01 -1.587638e+01 4.495136e+00
    endloop
  endfacet
  facet normal 7.897642e-01 -3.532336e-01 -5.014963e-01
    outer loop
      vertex   7.290030e-01 -1.598569e+01 4.487441e+00
      vertex   7.827805e-01 -1.587638e+01 4.495136e+00
      vertex   8.369453e-01 -1.589311e+01 4.592221e+00
    endloop
  endfacet
  facet normal 7.915222e-01 -3.489323e-01 -5.017358e-01
    outer loop
      vertex   8.369453e-01 -1.589311e+01 4.592221e+00
      vertex   7.827805e-01 -1.587638e+01 4.495136e+00
      vertex   9.061989e-01 -1.576675e+01 4.613597e+00
    endloop
  endfacet
  facet normal 7.914215e-01 -3.488393e-01 -5.019594e-01
    outer loop
      vertex   8.369453e-01 -1.589311e+01 4.592221e+00
      vertex   9.061989e-01 -1.576675e+01 4.613597e+00
      vertex   9.430448e-01 -1.578967e+01 4.687617e+00
    endloop
  endfacet
  facet normal 7.933971e-01 -3.447390e-01 -5.016733e-01
    outer loop
      vertex   9.430448e-01 -1.578967e+01 4.687617e+00
      vertex   9.061989e-01 -1.576675e+01 4.613597e+00
      vertex   1.025458e+00 -1.564255e+01 4.716860e+00
    endloop
  endfacet
  facet normal 7.928419e-01 -3.441771e-01 -5.029353e-01
    outer loop
      vertex   9.430448e-01 -1.578967e+01 4.687617e+00
      vertex   1.025458e+00 -1.564255e+01 4.716860e+00
      vertex   1.046458e+00 -1.567469e+01 4.771958e+00
    endloop
  endfacet
  facet normal 7.950113e-01 -3.408132e-01 -5.018002e-01
    outer loop
      vertex   1.046458e+00 -1.567469e+01 4.771958e+00
      vertex   1.025458e+00 -1.564255e+01 4.716860e+00
      vertex   1.115395e+00 -1.553380e+01 4.785489e+00
    endloop
  endfacet
  facet normal 7.943836e-01 -3.403826e-01 -5.030849e-01
    outer loop
      vertex   1.046458e+00 -1.567469e+01 4.771958e+00
      vertex   1.115395e+00 -1.553380e+01 4.785489e+00
      vertex   1.146385e+00 -1.554666e+01 4.843124e+00
    endloop
  endfacet
  facet normal 7.960729e-01 -3.363874e-01 -5.031019e-01
    outer loop
      vertex   1.146385e+00 -1.554666e+01 4.843124e+00
      vertex   1.115395e+00 -1.553380e+01 4.785489e+00
      vertex   1.200352e+00 -1.541487e+01 4.840398e+00
    endloop
  endfacet
  facet normal 7.959430e-01 -3.363391e-01 -5.033397e-01
    outer loop
      vertex   1.146385e+00 -1.554666e+01 4.843124e+00
      vertex   1.200352e+00 -1.541487e+01 4.840398e+00
      vertex   1.239500e+00 -1.540637e+01 4.896625e+00
    endloop
  endfacet
  facet normal 7.927574e-01 -3.499602e-01 -4.990626e-01
    outer loop
      vertex   1.239500e+00 -1.540637e+01 4.896625e+00
      vertex   1.200352e+00 -1.541487e+01 4.840398e+00
      vertex   1.239500e+00 -1.531222e+01 4.830600e+00
    endloop
  endfacet
  facet normal 8.162141e-01 -3.547932e-01 -4.559784e-01
    outer loop
      vertex   1.239500e+00 -1.531222e+01 4.830600e+00
      vertex   1.200352e+00 -1.541487e+01 4.840398e+00
      vertex   1.185244e+00 -1.538950e+01 4.793617e+00
    endloop
  endfacet
  facet normal 8.211193e-01 -3.674359e-01 -4.367540e-01
    outer loop
      vertex   1.239500e+00 -1.531222e+01 4.830600e+00
      vertex   1.185244e+00 -1.538950e+01 4.793617e+00
      vertex   1.234256e+00 -1.531313e+01 4.821512e+00
    endloop
  endfacet
  facet normal 8.284352e-01 -3.820754e-01 -4.095285e-01
    outer loop
      vertex   1.234256e+00 -1.531313e+01 4.821512e+00
      vertex   1.185244e+00 -1.538950e+01 4.793617e+00
      vertex   1.172638e+00 -1.536527e+01 4.745509e+00
    endloop
  endfacet
  facet normal 8.290535e-01 -3.745382e-01 -4.152005e-01
    outer loop
      vertex   1.234256e+00 -1.531313e+01 4.821512e+00
      vertex   1.172638e+00 -1.536527e+01 4.745509e+00
      vertex   1.219615e+00 -1.529414e+01 4.775141e+00
    endloop
  endfacet
  facet normal 8.403220e-01 -4.046951e-01 -3.606672e-01
    outer loop
      vertex   1.219615e+00 -1.529414e+01 4.775141e+00
      vertex   1.172638e+00 -1.536527e+01 4.745509e+00
      vertex   1.162569e+00 -1.534226e+01 4.696224e+00
    endloop
  endfacet
  facet normal 8.420760e-01 -3.937396e-01 -3.686152e-01
    outer loop
      vertex   1.219615e+00 -1.529414e+01 4.775141e+00
      vertex   1.162569e+00 -1.534226e+01 4.696224e+00
      vertex   1.207249e+00 -1.527618e+01 4.727708e+00
    endloop
  endfacet
  facet normal 8.501197e-01 -4.299363e-01 -3.040581e-01
    outer loop
      vertex   1.207249e+00 -1.527618e+01 4.727708e+00
      vertex   1.162569e+00 -1.534226e+01 4.696224e+00
      vertex   1.153503e+00 -1.531490e+01 4.632195e+00
    endloop
  endfacet
  facet normal 8.551563e-01 -4.124642e-01 -3.139761e-01
    outer loop
      vertex   1.207249e+00 -1.527618e+01 4.727708e+00
      vertex   1.153503e+00 -1.531490e+01 4.632195e+00
      vertex   1.194890e+00 -1.525495e+01 4.666163e+00
    endloop
  endfacet
  facet normal 8.572120e-01 -4.525681e-01 -2.457024e-01
    outer loop
      vertex   1.194890e+00 -1.525495e+01 4.666163e+00
      vertex   1.153503e+00 -1.531490e+01 4.632195e+00
      vertex   1.149332e+00 -1.529494e+01 4.580872e+00
    endloop
  endfacet
  facet normal 8.637803e-01 -4.324089e-01 -2.586620e-01
    outer loop
      vertex   1.194890e+00 -1.525495e+01 4.666163e+00
      vertex   1.149332e+00 -1.529494e+01 4.580872e+00
      vertex   1.187837e+00 -1.523956e+01 4.616873e+00
    endloop
  endfacet
  facet normal 8.600656e-01 -4.718586e-01 -1.940015e-01
    outer loop
      vertex   1.187837e+00 -1.523956e+01 4.616873e+00
      vertex   1.149332e+00 -1.529494e+01 4.580872e+00
      vertex   1.147771e+00 -1.527640e+01 4.528870e+00
    endloop
  endfacet
  facet normal 8.698685e-01 -4.468496e-01 -2.089360e-01
    outer loop
      vertex   1.187837e+00 -1.523956e+01 4.616873e+00
      vertex   1.147771e+00 -1.527640e+01 4.528870e+00
      vertex   1.183146e+00 -1.522535e+01 4.566949e+00
    endloop
  endfacet
  facet normal 8.600855e-01 -4.899868e-01 -1.420069e-01
    outer loop
      vertex   1.183146e+00 -1.522535e+01 4.566949e+00
      vertex   1.147771e+00 -1.527640e+01 4.528870e+00
      vertex   1.148817e+00 -1.525935e+01 4.476352e+00
    endloop
  endfacet
  facet normal 8.738861e-01 -4.595052e-01 -1.586761e-01
    outer loop
      vertex   1.183146e+00 -1.522535e+01 4.566949e+00
      vertex   1.148817e+00 -1.525935e+01 4.476352e+00
      vertex   1.180822e+00 -1.521236e+01 4.516529e+00
    endloop
  endfacet
  facet normal 8.572154e-01 -5.070758e-01 -8.975518e-02
    outer loop
      vertex   1.180822e+00 -1.521236e+01 4.516529e+00
      vertex   1.148817e+00 -1.525935e+01 4.476352e+00
      vertex   1.152465e+00 -1.524382e+01 4.423478e+00
    endloop
  endfacet
  facet normal 8.758745e-01 -4.703278e-01 -1.078688e-01
    outer loop
      vertex   1.180822e+00 -1.521236e+01 4.516529e+00
      vertex   1.152465e+00 -1.524382e+01 4.423478e+00
      vertex   1.180870e+00 -1.520062e+01 4.465750e+00
    endloop
  endfacet
  facet normal 8.513540e-01 -5.232647e-01 -3.728842e-02
    outer loop
      vertex   1.180870e+00 -1.520062e+01 4.465750e+00
      vertex   1.152465e+00 -1.524382e+01 4.423478e+00
      vertex   1.158710e+00 -1.522988e+01 4.370409e+00
    endloop
  endfacet
  facet normal 8.758599e-01 -4.792471e-01 -5.649381e-02
    outer loop
      vertex   1.180870e+00 -1.520062e+01 4.465750e+00
      vertex   1.158710e+00 -1.522988e+01 4.370409e+00
      vertex   1.183296e+00 -1.519017e+01 4.414751e+00
    endloop
  endfacet
  facet normal 8.423746e-01 -5.386755e-01 1.529062e-02
    outer loop
      vertex   1.183296e+00 -1.519017e+01 4.414751e+00
      vertex   1.158710e+00 -1.522988e+01 4.370409e+00
      vertex   1.167545e+00 -1.521757e+01 4.317307e+00
    endloop
  endfacet
  facet normal 8.738697e-01 -4.861387e-01 -4.571668e-03
    outer loop
      vertex   1.183296e+00 -1.519017e+01 4.414751e+00
      vertex   1.167545e+00 -1.521757e+01 4.317307e+00
      vertex   1.188104e+00 -1.518105e+01 4.363668e+00
    endloop
  endfacet
  facet normal 8.303652e-01 -5.531184e-01 6.748122e-02
    outer loop
      vertex   1.188104e+00 -1.518105e+01 4.363668e+00
      vertex   1.167545e+00 -1.521757e+01 4.317307e+00
      vertex   1.178940e+00 -1.520693e+01 4.264332e+00
    endloop
  endfacet
  facet normal 8.700945e-01 -4.905882e-01 4.752704e-02
    outer loop
      vertex   1.188104e+00 -1.518105e+01 4.363668e+00
      vertex   1.178940e+00 -1.520693e+01 4.264332e+00
      vertex   1.195275e+00 -1.517327e+01 4.312641e+00
    endloop
  endfacet
  facet normal 8.153658e-01 -5.665890e-01 1.189772e-01
    outer loop
      vertex   1.195275e+00 -1.517327e+01 4.312641e+00
      vertex   1.178940e+00 -1.520693e+01 4.264332e+00
      vertex   1.192847e+00 -1.519798e+01 4.211644e+00
    endloop
  endfacet
  facet normal 8.647202e-01 -4.922762e-01 9.961454e-02
    outer loop
      vertex   1.195275e+00 -1.517327e+01 4.312641e+00
      vertex   1.192847e+00 -1.519798e+01 4.211644e+00
      vertex   1.204783e+00 -1.516686e+01 4.261807e+00
    endloop
  endfacet
  facet normal 7.913583e-01 -5.857538e-01 1.750556e-01
    outer loop
      vertex   1.204783e+00 -1.516686e+01 4.261807e+00
      vertex   1.192847e+00 -1.519798e+01 4.211644e+00
      vertex   1.214206e+00 -1.518904e+01 4.144985e+00
    endloop
  endfacet
  facet normal 8.614409e-01 -4.816797e-01 1.609478e-01
    outer loop
      vertex   1.204783e+00 -1.516686e+01 4.261807e+00
      vertex   1.214206e+00 -1.518904e+01 4.144985e+00
      vertex   1.220287e+00 -1.516067e+01 4.197342e+00
    endloop
  endfacet
  facet normal 8.025215e-01 -5.586354e-01 2.094894e-01
    outer loop
      vertex   1.220287e+00 -1.516067e+01 4.197342e+00
      vertex   1.214206e+00 -1.518904e+01 4.144985e+00
      vertex   1.239500e+00 -1.515752e+01 4.132152e+00
    endloop
  endfacet
  facet normal 8.512133e-01 -4.727084e-01 2.279970e-01
    outer loop
      vertex   1.220287e+00 -1.516067e+01 4.197342e+00
      vertex   1.239500e+00 -1.515752e+01 4.132152e+00
      vertex   1.239500e+00 -1.511793e+01 4.214226e+00
    endloop
  endfacet
  facet normal 7.761234e-01 -4.282450e-01 -4.628593e-01
    outer loop
      vertex   4.073584e-01 -1.612839e+01 4.087356e+00
      vertex   4.205048e-01 -1.605836e+01 4.044611e+00
      vertex   5.331469e-01 -1.605064e+01 4.226342e+00
    endloop
  endfacet
  facet normal 7.709399e-01 -4.414671e-01 -4.590844e-01
    outer loop
      vertex   5.331469e-01 -1.605064e+01 4.226342e+00
      vertex   4.205048e-01 -1.605836e+01 4.044611e+00
      vertex   5.448387e-01 -1.597605e+01 4.174245e+00
    endloop
  endfacet
  facet normal 7.793405e-01 -4.362769e-01 -4.497676e-01
    outer loop
      vertex   5.331469e-01 -1.605064e+01 4.226342e+00
      vertex   5.448387e-01 -1.597605e+01 4.174245e+00
      vertex   6.579697e-01 -1.597094e+01 4.365325e+00
    endloop
  endfacet
  facet normal 7.833507e-01 -4.262476e-01 -4.524097e-01
    outer loop
      vertex   6.579697e-01 -1.597094e+01 4.365325e+00
      vertex   5.448387e-01 -1.597605e+01 4.174245e+00
      vertex   6.638495e-01 -1.590420e+01 4.312618e+00
    endloop
  endfacet
  facet normal 7.871821e-01 -4.234180e-01 -4.483989e-01
    outer loop
      vertex   6.579697e-01 -1.597094e+01 4.365325e+00
      vertex   6.638495e-01 -1.590420e+01 4.312618e+00
      vertex   7.827805e-01 -1.587638e+01 4.495136e+00
    endloop
  endfacet
  facet normal 7.903908e-01 -4.134925e-01 -4.520026e-01
    outer loop
      vertex   7.827805e-01 -1.587638e+01 4.495136e+00
      vertex   6.638495e-01 -1.590420e+01 4.312618e+00
      vertex   7.833159e-01 -1.581784e+01 4.442526e+00
    endloop
  endfacet
  facet normal 7.943713e-01 -4.100560e-01 -4.481387e-01
    outer loop
      vertex   7.827805e-01 -1.587638e+01 4.495136e+00
      vertex   7.833159e-01 -1.581784e+01 4.442526e+00
      vertex   9.061989e-01 -1.576675e+01 4.613597e+00
    endloop
  endfacet
  facet normal 7.967214e-01 -4.003391e-01 -4.527290e-01
    outer loop
      vertex   9.061989e-01 -1.576675e+01 4.613597e+00
      vertex   7.833159e-01 -1.581784e+01 4.442526e+00
      vertex   9.018115e-01 -1.571684e+01 4.561745e+00
    endloop
  endfacet
  facet normal 8.010582e-01 -3.959764e-01 -4.488969e-01
    outer loop
      vertex   9.061989e-01 -1.576675e+01 4.613597e+00
      vertex   9.018115e-01 -1.571684e+01 4.561745e+00
      vertex   1.025458e+00 -1.564255e+01 4.716860e+00
    endloop
  endfacet
  facet normal 8.024478e-01 -3.867539e-01 -4.544215e-01
    outer loop
      vertex   1.025458e+00 -1.564255e+01 4.716860e+00
      vertex   9.018115e-01 -1.571684e+01 4.561745e+00
      vertex   1.016586e+00 -1.560170e+01 4.666421e+00
    endloop
  endfacet
  facet normal 8.064128e-01 -3.820879e-01 -4.513394e-01
    outer loop
      vertex   1.025458e+00 -1.564255e+01 4.716860e+00
      vertex   1.016586e+00 -1.560170e+01 4.666421e+00
      vertex   1.115395e+00 -1.553380e+01 4.785489e+00
    endloop
  endfacet
  facet normal 8.071436e-01 -3.748689e-01 -4.560620e-01
    outer loop
      vertex   1.115395e+00 -1.553380e+01 4.785489e+00
      vertex   1.016586e+00 -1.560170e+01 4.666421e+00
      vertex   1.103278e+00 -1.550047e+01 4.736646e+00
    endloop
  endfacet
  facet normal 8.108716e-01 -3.698352e-01 -4.535517e-01
    outer loop
      vertex   1.115395e+00 -1.553380e+01 4.785489e+00
      vertex   1.103278e+00 -1.550047e+01 4.736646e+00
      vertex   1.200352e+00 -1.541487e+01 4.840398e+00
    endloop
  endfacet
  facet normal 8.108201e-01 -3.633334e-01 -4.588677e-01
    outer loop
      vertex   1.200352e+00 -1.541487e+01 4.840398e+00
      vertex   1.103278e+00 -1.550047e+01 4.736646e+00
      vertex   1.185244e+00 -1.538950e+01 4.793617e+00
    endloop
  endfacet
  facet normal 7.621173e-01 -4.962380e-01 -4.158425e-01
    outer loop
      vertex   4.205048e-01 -1.605836e+01 4.044611e+00
      vertex   4.423049e-01 -1.598982e+01 4.002773e+00
      vertex   5.448387e-01 -1.597605e+01 4.174245e+00
    endloop
  endfacet
  facet normal 7.530784e-01 -5.154398e-01 -4.088946e-01
    outer loop
      vertex   5.448387e-01 -1.597605e+01 4.174245e+00
      vertex   4.423049e-01 -1.598982e+01 4.002773e+00
      vertex   5.629632e-01 -1.590541e+01 4.118586e+00
    endloop
  endfacet
  facet normal 7.656924e-01 -5.076796e-01 -3.949388e-01
    outer loop
      vertex   5.448387e-01 -1.597605e+01 4.174245e+00
      vertex   5.629632e-01 -1.590541e+01 4.118586e+00
      vertex   6.638495e-01 -1.590420e+01 4.312618e+00
    endloop
  endfacet
  facet normal 7.739038e-01 -4.915536e-01 -3.993094e-01
    outer loop
      vertex   6.638495e-01 -1.590420e+01 4.312618e+00
      vertex   5.629632e-01 -1.590541e+01 4.118586e+00
      vertex   6.753683e-01 -1.584075e+01 4.256845e+00
    endloop
  endfacet
  facet normal 7.797439e-01 -4.872363e-01 -3.931924e-01
    outer loop
      vertex   6.638495e-01 -1.590420e+01 4.312618e+00
      vertex   6.753683e-01 -1.584075e+01 4.256845e+00
      vertex   7.833159e-01 -1.581784e+01 4.442526e+00
    endloop
  endfacet
  facet normal 7.865847e-01 -4.711242e-01 -3.991573e-01
    outer loop
      vertex   7.833159e-01 -1.581784e+01 4.442526e+00
      vertex   6.753683e-01 -1.584075e+01 4.256845e+00
      vertex   7.887230e-01 -1.576203e+01 4.387302e+00
    endloop
  endfacet
  facet normal 7.926914e-01 -4.658473e-01 -3.932259e-01
    outer loop
      vertex   7.833159e-01 -1.581784e+01 4.442526e+00
      vertex   7.887230e-01 -1.576203e+01 4.387302e+00
      vertex   9.018115e-01 -1.571684e+01 4.561745e+00
    endloop
  endfacet
  facet normal 7.980629e-01 -4.499201e-01 -4.008336e-01
    outer loop
      vertex   9.018115e-01 -1.571684e+01 4.561745e+00
      vertex   7.887230e-01 -1.576203e+01 4.387302e+00
      vertex   9.015632e-01 -1.566913e+01 4.507692e+00
    endloop
  endfacet
  facet normal 8.047673e-01 -4.431696e-01 -3.949054e-01
    outer loop
      vertex   9.018115e-01 -1.571684e+01 4.561745e+00
      vertex   9.015632e-01 -1.566913e+01 4.507692e+00
      vertex   1.016586e+00 -1.560170e+01 4.666421e+00
    endloop
  endfacet
  facet normal 8.084716e-01 -4.278948e-01 -4.040788e-01
    outer loop
      vertex   1.016586e+00 -1.560170e+01 4.666421e+00
      vertex   9.015632e-01 -1.566913e+01 4.507692e+00
      vertex   1.011170e+00 -1.556257e+01 4.614152e+00
    endloop
  endfacet
  facet normal 8.146228e-01 -4.206558e-01 -3.992974e-01
    outer loop
      vertex   1.016586e+00 -1.560170e+01 4.666421e+00
      vertex   1.011170e+00 -1.556257e+01 4.614152e+00
      vertex   1.103278e+00 -1.550047e+01 4.736646e+00
    endloop
  endfacet
  facet normal 8.168966e-01 -4.085510e-01 -4.071436e-01
    outer loop
      vertex   1.103278e+00 -1.550047e+01 4.736646e+00
      vertex   1.011170e+00 -1.556257e+01 4.614152e+00
      vertex   1.094117e+00 -1.546855e+01 4.686238e+00
    endloop
  endfacet
  facet normal 8.227155e-01 -4.006881e-01 -4.032223e-01
    outer loop
      vertex   1.103278e+00 -1.550047e+01 4.736646e+00
      vertex   1.094117e+00 -1.546855e+01 4.686238e+00
      vertex   1.185244e+00 -1.538950e+01 4.793617e+00
    endloop
  endfacet
  facet normal 8.236112e-01 -3.896735e-01 -4.120912e-01
    outer loop
      vertex   1.185244e+00 -1.538950e+01 4.793617e+00
      vertex   1.094117e+00 -1.546855e+01 4.686238e+00
      vertex   1.172638e+00 -1.536527e+01 4.745509e+00
    endloop
  endfacet
  facet normal 7.429643e-01 -5.609126e-01 -3.652138e-01
    outer loop
      vertex   4.423049e-01 -1.598982e+01 4.002773e+00
      vertex   4.726313e-01 -1.592316e+01 3.962080e+00
      vertex   5.629632e-01 -1.590541e+01 4.118586e+00
    endloop
  endfacet
  facet normal 7.295511e-01 -5.847148e-01 -3.547729e-01
    outer loop
      vertex   5.629632e-01 -1.590541e+01 4.118586e+00
      vertex   4.726313e-01 -1.592316e+01 3.962080e+00
      vertex   5.873593e-01 -1.583933e+01 4.059841e+00
    endloop
  endfacet
  facet normal 7.454708e-01 -5.749591e-01 -3.371875e-01
    outer loop
      vertex   5.629632e-01 -1.590541e+01 4.118586e+00
      vertex   5.873593e-01 -1.583933e+01 4.059841e+00
      vertex   6.753683e-01 -1.584075e+01 4.256845e+00
    endloop
  endfacet
  facet normal 7.591657e-01 -5.530978e-01 -3.431474e-01
    outer loop
      vertex   6.753683e-01 -1.584075e+01 4.256845e+00
      vertex   5.873593e-01 -1.583933e+01 4.059841e+00
      vertex   6.924361e-01 -1.578108e+01 4.198415e+00
    endloop
  endfacet
  facet normal 7.664787e-01 -5.476866e-01 -3.354845e-01
    outer loop
      vertex   6.753683e-01 -1.584075e+01 4.256845e+00
      vertex   6.924361e-01 -1.578108e+01 4.198415e+00
      vertex   7.887230e-01 -1.576203e+01 4.387302e+00
    endloop
  endfacet
  facet normal 7.782033e-01 -5.256228e-01 -3.436864e-01
    outer loop
      vertex   7.887230e-01 -1.576203e+01 4.387302e+00
      vertex   6.924361e-01 -1.578108e+01 4.198415e+00
      vertex   7.989642e-01 -1.570927e+01 4.329809e+00
    endloop
  endfacet
  facet normal 7.859208e-01 -5.189479e-01 -3.361869e-01
    outer loop
      vertex   7.887230e-01 -1.576203e+01 4.387302e+00
      vertex   7.989642e-01 -1.570927e+01 4.329809e+00
      vertex   9.015632e-01 -1.566913e+01 4.507692e+00
    endloop
  endfacet
  facet normal 7.955333e-01 -4.969137e-01 -3.467038e-01
    outer loop
      vertex   9.015632e-01 -1.566913e+01 4.507692e+00
      vertex   7.989642e-01 -1.570927e+01 4.329809e+00
      vertex   9.054524e-01 -1.562385e+01 4.451720e+00
    endloop
  endfacet
  facet normal 8.040956e-01 -4.882849e-01 -3.391285e-01
    outer loop
      vertex   9.015632e-01 -1.566913e+01 4.507692e+00
      vertex   9.054524e-01 -1.562385e+01 4.451720e+00
      vertex   1.011170e+00 -1.556257e+01 4.614152e+00
    endloop
  endfacet
  facet normal 8.112815e-01 -4.669181e-01 -3.518662e-01
    outer loop
      vertex   1.011170e+00 -1.556257e+01 4.614152e+00
      vertex   9.054524e-01 -1.562385e+01 4.451720e+00
      vertex   1.009231e+00 -1.552534e+01 4.560280e+00
    endloop
  endfacet
  facet normal 8.191666e-01 -4.576376e-01 -3.457368e-01
    outer loop
      vertex   1.011170e+00 -1.556257e+01 4.614152e+00
      vertex   1.009231e+00 -1.552534e+01 4.560280e+00
      vertex   1.094117e+00 -1.546855e+01 4.686238e+00
    endloop
  endfacet
  facet normal 8.238802e-01 -4.404809e-01 -3.566483e-01
    outer loop
      vertex   1.094117e+00 -1.546855e+01 4.686238e+00
      vertex   1.009231e+00 -1.552534e+01 4.560280e+00
      vertex   1.087946e+00 -1.543817e+01 4.634451e+00
    endloop
  endfacet
  facet normal 8.313951e-01 -4.303178e-01 -3.515803e-01
    outer loop
      vertex   1.094117e+00 -1.546855e+01 4.686238e+00
      vertex   1.087946e+00 -1.543817e+01 4.634451e+00
      vertex   1.172638e+00 -1.536527e+01 4.745509e+00
    endloop
  endfacet
  facet normal 8.340738e-01 -4.145313e-01 -3.639844e-01
    outer loop
      vertex   1.172638e+00 -1.536527e+01 4.745509e+00
      vertex   1.087946e+00 -1.543817e+01 4.634451e+00
      vertex   1.162569e+00 -1.534226e+01 4.696224e+00
    endloop
  endfacet
  facet normal 7.191884e-01 -6.211367e-01 -3.113797e-01
    outer loop
      vertex   4.726313e-01 -1.592316e+01 3.962080e+00
      vertex   5.106764e-01 -1.585969e+01 3.923334e+00
      vertex   5.873593e-01 -1.583933e+01 4.059841e+00
    endloop
  endfacet
  facet normal 6.776971e-01 -6.802518e-01 -2.792564e-01
    outer loop
      vertex   5.873593e-01 -1.583933e+01 4.059841e+00
      vertex   5.106764e-01 -1.585969e+01 3.923334e+00
      vertex   5.557283e-01 -1.579979e+01 3.886776e+00
    endloop
  endfacet
  facet normal 7.056437e-01 -6.518104e-01 -2.778672e-01
    outer loop
      vertex   5.873593e-01 -1.583933e+01 4.059841e+00
      vertex   5.557283e-01 -1.579979e+01 3.886776e+00
      vertex   6.271107e-01 -1.576292e+01 3.981564e+00
    endloop
  endfacet
  facet normal 6.541888e-01 -7.265830e-01 -2.100336e-01
    outer loop
      vertex   6.271107e-01 -1.576292e+01 3.981564e+00
      vertex   5.557283e-01 -1.579979e+01 3.886776e+00
      vertex   6.072438e-01 -1.574347e+01 3.852397e+00
    endloop
  endfacet
  facet normal 6.617144e-01 -7.197007e-01 -2.101547e-01
    outer loop
      vertex   6.271107e-01 -1.576292e+01 3.981564e+00
      vertex   6.072438e-01 -1.574347e+01 3.852397e+00
      vertex   6.650344e-01 -1.570941e+01 3.917692e+00
    endloop
  endfacet
  facet normal 6.221571e-01 -7.684444e-01 -1.497119e-01
    outer loop
      vertex   6.650344e-01 -1.570941e+01 3.917692e+00
      vertex   6.072438e-01 -1.574347e+01 3.852397e+00
      vertex   6.645328e-01 -1.569083e+01 3.820262e+00
    endloop
  endfacet
  facet normal 6.161580e-01 -7.730968e-01 -1.505680e-01
    outer loop
      vertex   6.650344e-01 -1.570941e+01 3.917692e+00
      vertex   6.645328e-01 -1.569083e+01 3.820262e+00
      vertex   7.084285e-01 -1.566210e+01 3.852380e+00
    endloop
  endfacet
  facet normal 5.825784e-01 -8.095752e-01 -7.204399e-02
    outer loop
      vertex   7.084285e-01 -1.566210e+01 3.852380e+00
      vertex   6.645328e-01 -1.569083e+01 3.820262e+00
      vertex   7.568756e-01 -1.562135e+01 3.786190e+00
    endloop
  endfacet
  facet normal 5.872013e-01 -8.066738e-01 -6.687390e-02
    outer loop
      vertex   7.084285e-01 -1.566210e+01 3.852380e+00
      vertex   7.568756e-01 -1.562135e+01 3.786190e+00
      vertex   7.854785e-01 -1.561777e+01 3.994165e+00
    endloop
  endfacet
  facet normal 6.395476e-01 -7.651049e-01 -7.478856e-02
    outer loop
      vertex   7.854785e-01 -1.561777e+01 3.994165e+00
      vertex   7.568756e-01 -1.562135e+01 3.786190e+00
      vertex   8.245061e-01 -1.557881e+01 3.929327e+00
    endloop
  endfacet
  facet normal 6.451357e-01 -7.609524e-01 -6.892983e-02
    outer loop
      vertex   7.854785e-01 -1.561777e+01 3.994165e+00
      vertex   8.245061e-01 -1.557881e+01 3.929327e+00
      vertex   8.654271e-01 -1.556234e+01 4.130504e+00
    endloop
  endfacet
  facet normal 6.928192e-01 -7.164023e-01 -8.227615e-02
    outer loop
      vertex   8.654271e-01 -1.556234e+01 4.130504e+00
      vertex   8.245061e-01 -1.557881e+01 3.929327e+00
      vertex   8.953302e-01 -1.552618e+01 4.067470e+00
    endloop
  endfacet
  facet normal 6.997071e-01 -7.104210e-01 -7.557758e-02
    outer loop
      vertex   8.654271e-01 -1.556234e+01 4.130504e+00
      vertex   8.953302e-01 -1.552618e+01 4.067470e+00
      vertex   9.468118e-01 -1.549586e+01 4.259053e+00
    endloop
  endfacet
  facet normal 7.423892e-01 -6.632693e-01 -9.451022e-02
    outer loop
      vertex   9.468118e-01 -1.549586e+01 4.259053e+00
      vertex   8.953302e-01 -1.552618e+01 4.067470e+00
      vertex   9.679417e-01 -1.546355e+01 4.198293e+00
    endloop
  endfacet
  facet normal 7.512572e-01 -6.542962e-01 -8.665498e-02
    outer loop
      vertex   9.468118e-01 -1.549586e+01 4.259053e+00
      vertex   9.679417e-01 -1.546355e+01 4.198293e+00
      vertex   1.027275e+00 -1.541895e+01 4.375948e+00
    endloop
  endfacet
  facet normal 7.879204e-01 -6.056705e-01 -1.111065e-01
    outer loop
      vertex   1.027275e+00 -1.541895e+01 4.375948e+00
      vertex   9.679417e-01 -1.546355e+01 4.198293e+00
      vertex   1.040134e+00 -1.539158e+01 4.317947e+00
    endloop
  endfacet
  facet normal 7.963143e-01 -5.957746e-01 -1.045760e-01
    outer loop
      vertex   1.027275e+00 -1.541895e+01 4.375948e+00
      vertex   1.040134e+00 -1.539158e+01 4.317947e+00
      vertex   1.088925e+00 -1.535095e+01 4.457976e+00
    endloop
  endfacet
  facet normal 8.229866e-01 -5.539064e-01 -1.260189e-01
    outer loop
      vertex   1.088925e+00 -1.535095e+01 4.457976e+00
      vertex   1.040134e+00 -1.539158e+01 4.317947e+00
      vertex   1.095666e+00 -1.532832e+01 4.402529e+00
    endloop
  endfacet
  facet normal 8.316140e-01 -5.421925e-01 -1.201891e-01
    outer loop
      vertex   1.088925e+00 -1.535095e+01 4.457976e+00
      vertex   1.095666e+00 -1.532832e+01 4.402529e+00
      vertex   1.147771e+00 -1.527640e+01 4.528870e+00
    endloop
  endfacet
  facet normal 8.529320e-01 -5.012461e-01 -1.458059e-01
    outer loop
      vertex   1.147771e+00 -1.527640e+01 4.528870e+00
      vertex   1.095666e+00 -1.532832e+01 4.402529e+00
      vertex   1.148817e+00 -1.525935e+01 4.476352e+00
    endloop
  endfacet
  facet normal 6.359683e-01 -7.430895e-01 2.082363e-01
    outer loop
      vertex   6.645328e-01 -1.569083e+01 3.820262e+00
      vertex   7.923800e-01 -1.559740e+01 3.763228e+00
      vertex   7.568756e-01 -1.562135e+01 3.786190e+00
    endloop
  endfacet
  facet normal 5.530734e-01 -8.330191e-01 -1.374642e-02
    outer loop
      vertex   7.568756e-01 -1.562135e+01 3.786190e+00
      vertex   7.923800e-01 -1.559740e+01 3.763228e+00
      vertex   8.245061e-01 -1.557881e+01 3.929327e+00
    endloop
  endfacet
  facet normal 5.142955e-01 -8.501759e-01 1.126988e-01
    outer loop
      vertex   9.335023e-01 -1.551842e+01 3.715018e+00
      vertex   9.156404e-01 -1.551806e+01 3.799243e+00
      vertex   7.923800e-01 -1.559740e+01 3.763228e+00
    endloop
  endfacet
  facet normal 5.336912e-01 -8.449618e-01 3.483166e-02
    outer loop
      vertex   7.923800e-01 -1.559740e+01 3.763228e+00
      vertex   9.156404e-01 -1.551806e+01 3.799243e+00
      vertex   8.679902e-01 -1.554548e+01 3.864194e+00
    endloop
  endfacet
  facet normal 5.864351e-01 -8.096749e-01 -2.281165e-02
    outer loop
      vertex   7.923800e-01 -1.559740e+01 3.763228e+00
      vertex   8.679902e-01 -1.554548e+01 3.864194e+00
      vertex   8.245061e-01 -1.557881e+01 3.929327e+00
    endloop
  endfacet
  facet normal 6.032098e-01 -7.975642e-01 -5.415074e-03
    outer loop
      vertex   8.245061e-01 -1.557881e+01 3.929327e+00
      vertex   8.679902e-01 -1.554548e+01 3.864194e+00
      vertex   8.953302e-01 -1.552618e+01 4.067470e+00
    endloop
  endfacet
  facet normal 4.910325e-01 -8.644424e-01 1.078262e-01
    outer loop
      vertex   9.156404e-01 -1.551806e+01 3.799243e+00
      vertex   9.335023e-01 -1.551842e+01 3.715018e+00
      vertex   9.671575e-01 -1.549681e+01 3.734947e+00
    endloop
  endfacet
  facet normal 4.424864e-01 -8.741196e-01 2.003017e-01
    outer loop
      vertex   9.671575e-01 -1.549681e+01 3.734947e+00
      vertex   9.335023e-01 -1.551842e+01 3.715018e+00
      vertex   1.083473e+00 -1.545182e+01 3.674364e+00
    endloop
  endfacet
  facet normal 4.541765e-01 -8.598003e-01 2.333820e-01
    outer loop
      vertex   9.671575e-01 -1.549681e+01 3.734947e+00
      vertex   1.083473e+00 -1.545182e+01 3.674364e+00
      vertex   1.054565e+00 -1.542857e+01 3.816246e+00
    endloop
  endfacet
  facet normal 5.015637e-01 -8.316186e-01 2.384205e-01
    outer loop
      vertex   1.054565e+00 -1.542857e+01 3.816246e+00
      vertex   1.083473e+00 -1.545182e+01 3.674364e+00
      vertex   1.103083e+00 -1.541670e+01 3.755590e+00
    endloop
  endfacet
  facet normal 4.907960e-01 -8.409167e-01 2.279877e-01
    outer loop
      vertex   1.054565e+00 -1.542857e+01 3.816246e+00
      vertex   1.103083e+00 -1.541670e+01 3.755590e+00
      vertex   1.089056e+00 -1.537076e+01 3.955241e+00
    endloop
  endfacet
  facet normal 6.026174e-01 -7.674125e-01 2.189298e-01
    outer loop
      vertex   1.089056e+00 -1.537076e+01 3.955241e+00
      vertex   1.103083e+00 -1.541670e+01 3.755590e+00
      vertex   1.127721e+00 -1.535729e+01 3.896037e+00
    endloop
  endfacet
  facet normal 5.903215e-01 -7.798921e-01 2.080597e-01
    outer loop
      vertex   1.089056e+00 -1.537076e+01 3.955241e+00
      vertex   1.127721e+00 -1.535729e+01 3.896037e+00
      vertex   1.124350e+00 -1.530941e+01 4.085071e+00
    endloop
  endfacet
  facet normal 6.940183e-01 -6.948763e-01 1.883760e-01
    outer loop
      vertex   1.124350e+00 -1.530941e+01 4.085071e+00
      vertex   1.127721e+00 -1.535729e+01 3.896037e+00
      vertex   1.153162e+00 -1.529614e+01 4.027871e+00
    endloop
  endfacet
  facet normal 6.823808e-01 -7.086624e-01 1.793156e-01
    outer loop
      vertex   1.124350e+00 -1.530941e+01 4.085071e+00
      vertex   1.153162e+00 -1.529614e+01 4.027871e+00
      vertex   1.152050e+00 -1.525890e+01 4.179278e+00
    endloop
  endfacet
  facet normal 7.628843e-01 -6.265014e-01 1.596985e-01
    outer loop
      vertex   1.152050e+00 -1.525890e+01 4.179278e+00
      vertex   1.153162e+00 -1.529614e+01 4.027871e+00
      vertex   1.173256e+00 -1.524714e+01 4.124107e+00
    endloop
  endfacet
  facet normal 7.529834e-01 -6.400018e-01 1.530154e-01
    outer loop
      vertex   1.152050e+00 -1.525890e+01 4.179278e+00
      vertex   1.173256e+00 -1.524714e+01 4.124107e+00
      vertex   1.178940e+00 -1.520693e+01 4.264332e+00
    endloop
  endfacet
  facet normal 8.255348e-01 -5.504699e-01 1.243997e-01
    outer loop
      vertex   1.178940e+00 -1.520693e+01 4.264332e+00
      vertex   1.173256e+00 -1.524714e+01 4.124107e+00
      vertex   1.192847e+00 -1.519798e+01 4.211644e+00
    endloop
  endfacet
  facet normal 4.131065e-01 -8.680085e-01 2.755073e-01
    outer loop
      vertex   1.103083e+00 -1.541670e+01 3.755590e+00
      vertex   1.083473e+00 -1.545182e+01 3.674364e+00
      vertex   1.169253e+00 -1.540906e+01 3.680465e+00
    endloop
  endfacet
  facet normal 3.898948e-01 -8.369366e-01 3.840823e-01
    outer loop
      vertex   1.169253e+00 -1.540906e+01 3.680465e+00
      vertex   1.083473e+00 -1.545182e+01 3.674364e+00
      vertex   1.239500e+00 -1.539504e+01 3.639704e+00
    endloop
  endfacet
  facet normal 3.744992e-01 -8.585915e-01 3.501014e-01
    outer loop
      vertex   1.169253e+00 -1.540906e+01 3.680465e+00
      vertex   1.239500e+00 -1.539504e+01 3.639704e+00
      vertex   1.181411e+00 -1.534595e+01 3.822219e+00
    endloop
  endfacet
  facet normal 5.169289e-01 -7.710298e-01 3.718837e-01
    outer loop
      vertex   1.181411e+00 -1.534595e+01 3.822219e+00
      vertex   1.239500e+00 -1.539504e+01 3.639704e+00
      vertex   1.239500e+00 -1.531586e+01 3.803853e+00
    endloop
  endfacet
  facet normal 5.136768e-01 -7.954015e-01 3.216716e-01
    outer loop
      vertex   1.181411e+00 -1.534595e+01 3.822219e+00
      vertex   1.239500e+00 -1.531586e+01 3.803853e+00
      vertex   1.194130e+00 -1.528359e+01 3.956109e+00
    endloop
  endfacet
  facet normal 6.327669e-01 -6.974548e-01 3.363969e-01
    outer loop
      vertex   1.194130e+00 -1.528359e+01 3.956109e+00
      vertex   1.239500e+00 -1.531586e+01 3.803853e+00
      vertex   1.239500e+00 -1.523669e+01 3.968003e+00
    endloop
  endfacet
  facet normal 6.548291e-01 -7.035195e-01 2.761504e-01
    outer loop
      vertex   1.194130e+00 -1.528359e+01 3.956109e+00
      vertex   1.239500e+00 -1.523669e+01 3.968003e+00
      vertex   1.204264e+00 -1.523550e+01 4.054584e+00
    endloop
  endfacet
  facet normal 7.198663e-01 -6.251915e-01 3.015428e-01
    outer loop
      vertex   1.204264e+00 -1.523550e+01 4.054584e+00
      vertex   1.239500e+00 -1.523669e+01 3.968003e+00
      vertex   1.239500e+00 -1.519710e+01 4.050077e+00
    endloop
  endfacet
  facet normal 7.280604e-01 -6.389588e-01 2.483138e-01
    outer loop
      vertex   1.204264e+00 -1.523550e+01 4.054584e+00
      vertex   1.239500e+00 -1.519710e+01 4.050077e+00
      vertex   1.214206e+00 -1.518904e+01 4.144985e+00
    endloop
  endfacet
  facet normal 8.020686e-01 -5.379304e-01 2.594550e-01
    outer loop
      vertex   1.214206e+00 -1.518904e+01 4.144985e+00
      vertex   1.239500e+00 -1.519710e+01 4.050077e+00
      vertex   1.239500e+00 -1.515752e+01 4.132152e+00
    endloop
  endfacet
  facet normal 9.369003e-01 -3.148838e-01 1.518750e-01
    outer loop
      vertex   1.239500e+00 -1.509814e+01 4.255264e+00
      vertex   1.231034e+00 -1.510968e+01 4.283564e+00
      vertex   1.239500e+00 -1.511793e+01 4.214226e+00
    endloop
  endfacet
  facet normal 8.809707e-01 -4.451023e-01 1.605447e-01
    outer loop
      vertex   1.239500e+00 -1.511793e+01 4.214226e+00
      vertex   1.231034e+00 -1.510968e+01 4.283564e+00
      vertex   1.225946e+00 -1.513406e+01 4.243890e+00
    endloop
  endfacet
  facet normal 8.771954e-01 -4.549460e-01 1.534677e-01
    outer loop
      vertex   1.239500e+00 -1.511793e+01 4.214226e+00
      vertex   1.225946e+00 -1.513406e+01 4.243890e+00
      vertex   1.220287e+00 -1.516067e+01 4.197342e+00
    endloop
  endfacet
  facet normal 8.999078e-01 -4.166257e-01 1.287981e-01
    outer loop
      vertex   1.220287e+00 -1.516067e+01 4.197342e+00
      vertex   1.225946e+00 -1.513406e+01 4.243890e+00
      vertex   1.215864e+00 -1.513667e+01 4.305874e+00
    endloop
  endfacet
  facet normal 8.364680e-01 -5.269167e-01 1.505991e-01
    outer loop
      vertex   1.220287e+00 -1.516067e+01 4.197342e+00
      vertex   1.215864e+00 -1.513667e+01 4.305874e+00
      vertex   1.204783e+00 -1.516686e+01 4.261807e+00
    endloop
  endfacet
  facet normal 8.982628e-01 -4.336561e-01 7.117800e-02
    outer loop
      vertex   1.204783e+00 -1.516686e+01 4.261807e+00
      vertex   1.215864e+00 -1.513667e+01 4.305874e+00
      vertex   1.210417e+00 -1.513995e+01 4.354648e+00
    endloop
  endfacet
  facet normal 8.552692e-01 -5.092696e-01 9.570291e-02
    outer loop
      vertex   1.204783e+00 -1.516686e+01 4.261807e+00
      vertex   1.210417e+00 -1.513995e+01 4.354648e+00
      vertex   1.195275e+00 -1.517327e+01 4.312641e+00
    endloop
  endfacet
  facet normal 8.996396e-01 -4.360956e-01 2.166229e-02
    outer loop
      vertex   1.195275e+00 -1.517327e+01 4.312641e+00
      vertex   1.210417e+00 -1.513995e+01 4.354648e+00
      vertex   1.207131e+00 -1.514430e+01 4.403530e+00
    endloop
  endfacet
  facet normal 8.659396e-01 -4.980466e-01 4.580650e-02
    outer loop
      vertex   1.195275e+00 -1.517327e+01 4.312641e+00
      vertex   1.207131e+00 -1.514430e+01 4.403530e+00
      vertex   1.188104e+00 -1.518105e+01 4.363668e+00
    endloop
  endfacet
  facet normal 8.996975e-01 -4.356242e-01 -2.785532e-02
    outer loop
      vertex   1.188104e+00 -1.518105e+01 4.363668e+00
      vertex   1.207131e+00 -1.514430e+01 4.403530e+00
      vertex   1.206022e+00 -1.514972e+01 4.452404e+00
    endloop
  endfacet
  facet normal 8.736846e-01 -4.864705e-01 -4.648356e-03
    outer loop
      vertex   1.188104e+00 -1.518105e+01 4.363668e+00
      vertex   1.206022e+00 -1.514972e+01 4.452404e+00
      vertex   1.183296e+00 -1.519017e+01 4.414751e+00
    endloop
  endfacet
  facet normal 8.982188e-01 -4.327136e-01 -7.721371e-02
    outer loop
      vertex   1.183296e+00 -1.519017e+01 4.414751e+00
      vertex   1.206022e+00 -1.514972e+01 4.452404e+00
      vertex   1.207096e+00 -1.515619e+01 4.501151e+00
    endloop
  endfacet
  facet normal 8.785440e-01 -4.744401e-01 -5.538150e-02
    outer loop
      vertex   1.183296e+00 -1.519017e+01 4.414751e+00
      vertex   1.207096e+00 -1.515619e+01 4.501151e+00
      vertex   1.180870e+00 -1.520062e+01 4.465750e+00
    endloop
  endfacet
  facet normal 8.950212e-01 -4.278311e-01 -1.260856e-01
    outer loop
      vertex   1.180870e+00 -1.520062e+01 4.465750e+00
      vertex   1.207096e+00 -1.515619e+01 4.501151e+00
      vertex   1.210341e+00 -1.516369e+01 4.549654e+00
    endloop
  endfacet
  facet normal 8.805178e-01 -4.620218e-01 -1.059446e-01
    outer loop
      vertex   1.180870e+00 -1.520062e+01 4.465750e+00
      vertex   1.210341e+00 -1.516369e+01 4.549654e+00
      vertex   1.180822e+00 -1.521236e+01 4.516529e+00
    endloop
  endfacet
  facet normal 8.900481e-01 -4.211645e-01 -1.744557e-01
    outer loop
      vertex   1.180822e+00 -1.521236e+01 4.516529e+00
      vertex   1.210341e+00 -1.516369e+01 4.549654e+00
      vertex   1.215745e+00 -1.517221e+01 4.597797e+00
    endloop
  endfacet
  facet normal 8.797383e-01 -4.490498e-01 -1.562520e-01
    outer loop
      vertex   1.180822e+00 -1.521236e+01 4.516529e+00
      vertex   1.215745e+00 -1.517221e+01 4.597797e+00
      vertex   1.183146e+00 -1.522535e+01 4.566949e+00
    endloop
  endfacet
  facet normal 8.832512e-01 -4.128331e-01 -2.223423e-01
    outer loop
      vertex   1.183146e+00 -1.522535e+01 4.566949e+00
      vertex   1.215745e+00 -1.517221e+01 4.597797e+00
      vertex   1.223297e+00 -1.518173e+01 4.645462e+00
    endloop
  endfacet
  facet normal 8.763039e-01 -4.353658e-01 -2.062719e-01
    outer loop
      vertex   1.183146e+00 -1.522535e+01 4.566949e+00
      vertex   1.223297e+00 -1.518173e+01 4.645462e+00
      vertex   1.187837e+00 -1.523956e+01 4.616873e+00
    endloop
  endfacet
  facet normal 8.757276e-01 -4.150594e-01 -2.466313e-01
    outer loop
      vertex   1.187837e+00 -1.523956e+01 4.616873e+00
      vertex   1.223297e+00 -1.518173e+01 4.645462e+00
      vertex   1.239500e+00 -1.516661e+01 4.677551e+00
    endloop
  endfacet
  facet normal 8.778082e-01 -3.878492e-01 -2.811151e-01
    outer loop
      vertex   1.187837e+00 -1.523956e+01 4.616873e+00
      vertex   1.239500e+00 -1.516661e+01 4.677551e+00
      vertex   1.232983e+00 -1.519222e+01 4.692532e+00
    endloop
  endfacet
  facet normal 8.432067e-01 -4.147081e-01 -3.420813e-01
    outer loop
      vertex   1.232983e+00 -1.519222e+01 4.692532e+00
      vertex   1.239500e+00 -1.516661e+01 4.677551e+00
      vertex   1.239500e+00 -1.523214e+01 4.756993e+00
    endloop
  endfacet
  facet normal 8.524138e-01 -4.015621e-01 -3.348709e-01
    outer loop
      vertex   1.232983e+00 -1.519222e+01 4.692532e+00
      vertex   1.239500e+00 -1.523214e+01 4.756993e+00
      vertex   1.207249e+00 -1.527618e+01 4.727708e+00
    endloop
  endfacet
  facet normal 8.499952e-01 -3.795508e-01 -3.653072e-01
    outer loop
      vertex   1.207249e+00 -1.527618e+01 4.727708e+00
      vertex   1.239500e+00 -1.523214e+01 4.756993e+00
      vertex   1.219615e+00 -1.529414e+01 4.775141e+00
    endloop
  endfacet
  facet normal 9.213081e-01 -3.680068e-01 1.255484e-01
    outer loop
      vertex   1.231034e+00 -1.510968e+01 4.283564e+00
      vertex   1.239500e+00 -1.509814e+01 4.255264e+00
      vertex   1.235300e+00 -1.508844e+01 4.314507e+00
    endloop
  endfacet
  facet normal 9.708227e-01 -2.159877e-01 1.041753e-01
    outer loop
      vertex   1.235300e+00 -1.508844e+01 4.314507e+00
      vertex   1.239500e+00 -1.509814e+01 4.255264e+00
      vertex   1.239500e+00 -1.508824e+01 4.275782e+00
    endloop
  endfacet
  facet normal 9.502024e-01 -2.946288e-01 1.015343e-01
    outer loop
      vertex   1.235300e+00 -1.508844e+01 4.314507e+00
      vertex   1.239500e+00 -1.508824e+01 4.275782e+00
      vertex   1.239106e+00 -1.506790e+01 4.338484e+00
    endloop
  endfacet
  facet normal 9.990267e-01 -3.972875e-02 1.916200e-02
    outer loop
      vertex   1.239106e+00 -1.506790e+01 4.338484e+00
      vertex   1.239500e+00 -1.508824e+01 4.275782e+00
      vertex   1.239500e+00 -1.508329e+01 4.286042e+00
    endloop
  endfacet
  facet normal 9.971048e-01 -7.061290e-02 2.821071e-02
    outer loop
      vertex   1.239106e+00 -1.506790e+01 4.338484e+00
      vertex   1.239500e+00 -1.508329e+01 4.286042e+00
      vertex   1.239500e+00 -1.507039e+01 4.318349e+00
    endloop
  endfacet
  facet normal 1.000000e+00 -8.299760e-14 4.003146e-14
    outer loop
      vertex   1.239500e+00 -1.507039e+01 4.318349e+00
      vertex   1.239500e+00 -1.508329e+01 4.286042e+00
      vertex   1.239500e+00 -1.507835e+01 4.296301e+00
    endloop
  endfacet
  facet normal 9.517417e-01 -3.017805e-01 5.582336e-02
    outer loop
      vertex   1.239500e+00 -1.507039e+01 4.318349e+00
      vertex   1.239500e+00 -1.506383e+01 4.353803e+00
      vertex   1.239106e+00 -1.506790e+01 4.338484e+00
    endloop
  endfacet
  facet normal 9.750082e-01 -2.196482e-01 3.337240e-02
    outer loop
      vertex   1.239106e+00 -1.506790e+01 4.338484e+00
      vertex   1.239500e+00 -1.506383e+01 4.353803e+00
      vertex   1.235300e+00 -1.508844e+01 4.314507e+00
    endloop
  endfacet
  facet normal 9.677430e-01 -2.467038e-01 5.109522e-02
    outer loop
      vertex   1.235300e+00 -1.508844e+01 4.314507e+00
      vertex   1.239500e+00 -1.506383e+01 4.353803e+00
      vertex   1.234147e+00 -1.508133e+01 4.370671e+00
    endloop
  endfacet
  facet normal 9.546786e-01 -2.975812e-01 -5.850060e-03
    outer loop
      vertex   1.234147e+00 -1.508133e+01 4.370671e+00
      vertex   1.239500e+00 -1.506383e+01 4.353803e+00
      vertex   1.239500e+00 -1.506543e+01 4.435224e+00
    endloop
  endfacet
  facet normal 9.262147e-01 -3.766571e-01 1.599273e-02
    outer loop
      vertex   1.234147e+00 -1.508133e+01 4.370671e+00
      vertex   1.239500e+00 -1.506543e+01 4.435224e+00
      vertex   1.235368e+00 -1.507646e+01 4.414693e+00
    endloop
  endfacet
  facet normal 9.400449e-01 -3.409987e-01 -5.953337e-03
    outer loop
      vertex   1.235368e+00 -1.507646e+01 4.414693e+00
      vertex   1.239500e+00 -1.506543e+01 4.435224e+00
      vertex   1.223994e+00 -1.510737e+01 4.389271e+00
    endloop
  endfacet
  facet normal 9.265848e-01 -3.739394e-01 4.012416e-02
    outer loop
      vertex   1.235368e+00 -1.507646e+01 4.414693e+00
      vertex   1.223994e+00 -1.510737e+01 4.389271e+00
      vertex   1.225811e+00 -1.510786e+01 4.342774e+00
    endloop
  endfacet
  facet normal 9.275275e-01 -3.715936e-01 4.013647e-02
    outer loop
      vertex   1.225811e+00 -1.510786e+01 4.342774e+00
      vertex   1.223994e+00 -1.510737e+01 4.389271e+00
      vertex   1.215864e+00 -1.513667e+01 4.305874e+00
    endloop
  endfacet
  facet normal 8.785755e-01 -4.613757e-01 1.234407e-01
    outer loop
      vertex   1.225811e+00 -1.510786e+01 4.342774e+00
      vertex   1.215864e+00 -1.513667e+01 4.305874e+00
      vertex   1.225946e+00 -1.513406e+01 4.243890e+00
    endloop
  endfacet
  facet normal 9.520188e-01 -3.027234e-01 -4.493122e-02
    outer loop
      vertex   1.223994e+00 -1.510737e+01 4.389271e+00
      vertex   1.239500e+00 -1.506543e+01 4.435224e+00
      vertex   1.238452e+00 -1.507221e+01 4.458686e+00
    endloop
  endfacet
  facet normal 7.950972e-01 -5.911999e-01 -1.352891e-01
    outer loop
      vertex   1.238452e+00 -1.507221e+01 4.458686e+00
      vertex   1.239500e+00 -1.506543e+01 4.435224e+00
      vertex   1.239500e+00 -1.508374e+01 4.515245e+00
    endloop
  endfacet
  facet normal 9.267383e-01 -3.643999e-01 -9.148133e-02
    outer loop
      vertex   1.238452e+00 -1.507221e+01 4.458686e+00
      vertex   1.239500e+00 -1.508374e+01 4.515245e+00
      vertex   1.226362e+00 -1.510888e+01 4.482273e+00
    endloop
  endfacet
  facet normal 9.293952e-01 -3.554623e-01 -9.935337e-02
    outer loop
      vertex   1.226362e+00 -1.510888e+01 4.482273e+00
      vertex   1.239500e+00 -1.508374e+01 4.515245e+00
      vertex   1.230551e+00 -1.511087e+01 4.528576e+00
    endloop
  endfacet
  facet normal 9.178281e-01 -3.842946e-01 -9.954561e-02
    outer loop
      vertex   1.226362e+00 -1.510888e+01 4.482273e+00
      vertex   1.230551e+00 -1.511087e+01 4.528576e+00
      vertex   1.206022e+00 -1.514972e+01 4.452404e+00
    endloop
  endfacet
  facet normal 9.035546e-01 -4.217024e-01 -7.586958e-02
    outer loop
      vertex   1.206022e+00 -1.514972e+01 4.452404e+00
      vertex   1.230551e+00 -1.511087e+01 4.528576e+00
      vertex   1.207096e+00 -1.515619e+01 4.501151e+00
    endloop
  endfacet
  facet normal 9.159966e-01 -3.738047e-01 -1.456717e-01
    outer loop
      vertex   1.230551e+00 -1.511087e+01 4.528576e+00
      vertex   1.239500e+00 -1.508374e+01 4.515245e+00
      vertex   1.236727e+00 -1.511367e+01 4.574614e+00
    endloop
  endfacet
  facet normal 8.726404e-01 -4.512493e-01 -1.867426e-01
    outer loop
      vertex   1.236727e+00 -1.511367e+01 4.574614e+00
      vertex   1.239500e+00 -1.508374e+01 4.515245e+00
      vertex   1.239500e+00 -1.511715e+01 4.595986e+00
    endloop
  endfacet
  facet normal 9.042652e-01 -3.869976e-01 -1.803808e-01
    outer loop
      vertex   1.236727e+00 -1.511367e+01 4.574614e+00
      vertex   1.239500e+00 -1.511715e+01 4.595986e+00
      vertex   1.210341e+00 -1.516369e+01 4.549654e+00
    endloop
  endfacet
  facet normal 9.025655e-01 -3.950361e-01 -1.712366e-01
    outer loop
      vertex   1.210341e+00 -1.516369e+01 4.549654e+00
      vertex   1.239500e+00 -1.511715e+01 4.595986e+00
      vertex   1.215745e+00 -1.517221e+01 4.597797e+00
    endloop
  endfacet
  facet normal 8.930732e-01 -3.925397e-01 -2.198474e-01
    outer loop
      vertex   1.215745e+00 -1.517221e+01 4.597797e+00
      vertex   1.239500e+00 -1.511715e+01 4.595986e+00
      vertex   1.223297e+00 -1.518173e+01 4.645462e+00
    endloop
  endfacet
  facet normal 8.769396e-01 -4.109611e-01 -2.491744e-01
    outer loop
      vertex   1.223297e+00 -1.518173e+01 4.645462e+00
      vertex   1.239500e+00 -1.511715e+01 4.595986e+00
      vertex   1.239500e+00 -1.516661e+01 4.677551e+00
    endloop
  endfacet
  facet normal 8.210040e-01 -3.863585e-01 -4.203326e-01
    outer loop
      vertex   1.239500e+00 -1.523214e+01 4.756993e+00
      vertex   1.239500e+00 -1.531222e+01 4.830600e+00
      vertex   1.219615e+00 -1.529414e+01 4.775141e+00
    endloop
  endfacet
  facet normal 8.063439e-01 -4.126976e-01 -4.236629e-01
    outer loop
      vertex   1.219615e+00 -1.529414e+01 4.775141e+00
      vertex   1.239500e+00 -1.531222e+01 4.830600e+00
      vertex   1.234256e+00 -1.531313e+01 4.821512e+00
    endloop
  endfacet
  facet normal 6.333752e-01 -7.625872e-01 -1.315168e-01
    outer loop
      vertex   6.650344e-01 -1.570941e+01 3.917692e+00
      vertex   7.084285e-01 -1.566210e+01 3.852380e+00
      vertex   7.511980e-01 -1.566208e+01 4.058234e+00
    endloop
  endfacet
  facet normal 6.747682e-01 -7.246061e-01 -1.401207e-01
    outer loop
      vertex   7.511980e-01 -1.566208e+01 4.058234e+00
      vertex   7.084285e-01 -1.566210e+01 3.852380e+00
      vertex   7.854785e-01 -1.561777e+01 3.994165e+00
    endloop
  endfacet
  facet normal 6.820791e-01 -7.191822e-01 -1.324576e-01
    outer loop
      vertex   7.511980e-01 -1.566208e+01 4.058234e+00
      vertex   7.854785e-01 -1.561777e+01 3.994165e+00
      vertex   8.398766e-01 -1.560277e+01 4.192845e+00
    endloop
  endfacet
  facet normal 7.193421e-01 -6.792090e-01 -1.456779e-01
    outer loop
      vertex   8.398766e-01 -1.560277e+01 4.192845e+00
      vertex   7.854785e-01 -1.561777e+01 3.994165e+00
      vertex   8.654271e-01 -1.556234e+01 4.130504e+00
    endloop
  endfacet
  facet normal 7.277115e-01 -6.719513e-01 -1.375407e-01
    outer loop
      vertex   8.398766e-01 -1.560277e+01 4.192845e+00
      vertex   8.654271e-01 -1.556234e+01 4.130504e+00
      vertex   9.295758e-01 -1.553148e+01 4.319177e+00
    endloop
  endfacet
  facet normal 7.605658e-01 -6.303616e-01 -1.555120e-01
    outer loop
      vertex   9.295758e-01 -1.553148e+01 4.319177e+00
      vertex   8.654271e-01 -1.556234e+01 4.130504e+00
      vertex   9.468118e-01 -1.549586e+01 4.259053e+00
    endloop
  endfacet
  facet normal 7.706553e-01 -6.201657e-01 -1.465776e-01
    outer loop
      vertex   9.295758e-01 -1.553148e+01 4.319177e+00
      vertex   9.468118e-01 -1.549586e+01 4.259053e+00
      vertex   1.017815e+00 -1.544882e+01 4.433361e+00
    endloop
  endfacet
  facet normal 7.982822e-01 -5.780281e-01 -1.692013e-01
    outer loop
      vertex   1.017815e+00 -1.544882e+01 4.433361e+00
      vertex   9.468118e-01 -1.549586e+01 4.259053e+00
      vertex   1.027275e+00 -1.541895e+01 4.375948e+00
    endloop
  endfacet
  facet normal 8.077471e-01 -5.668793e-01 -1.618411e-01
    outer loop
      vertex   1.017815e+00 -1.544882e+01 4.433361e+00
      vertex   1.027275e+00 -1.541895e+01 4.375948e+00
      vertex   1.085183e+00 -1.537553e+01 4.512872e+00
    endloop
  endfacet
  facet normal 8.275229e-01 -5.312878e-01 -1.814915e-01
    outer loop
      vertex   1.085183e+00 -1.537553e+01 4.512872e+00
      vertex   1.027275e+00 -1.541895e+01 4.375948e+00
      vertex   1.088925e+00 -1.535095e+01 4.457976e+00
    endloop
  endfacet
  facet normal 8.369708e-01 -5.184750e-01 -1.751103e-01
    outer loop
      vertex   1.085183e+00 -1.537553e+01 4.512872e+00
      vertex   1.088925e+00 -1.535095e+01 4.457976e+00
      vertex   1.149332e+00 -1.529494e+01 4.580872e+00
    endloop
  endfacet
  facet normal 8.521852e-01 -4.842556e-01 -1.981838e-01
    outer loop
      vertex   1.149332e+00 -1.529494e+01 4.580872e+00
      vertex   1.088925e+00 -1.535095e+01 4.457976e+00
      vertex   1.147771e+00 -1.527640e+01 4.528870e+00
    endloop
  endfacet
  facet normal 7.135094e-01 -6.469114e-01 -2.690910e-01
    outer loop
      vertex   6.924361e-01 -1.578108e+01 4.198415e+00
      vertex   5.873593e-01 -1.583933e+01 4.059841e+00
      vertex   6.271107e-01 -1.576292e+01 3.981564e+00
    endloop
  endfacet
  facet normal 6.744666e-01 -7.118195e-01 -1.959794e-01
    outer loop
      vertex   6.271107e-01 -1.576292e+01 3.981564e+00
      vertex   6.650344e-01 -1.570941e+01 3.917692e+00
      vertex   7.219551e-01 -1.571146e+01 4.121058e+00
    endloop
  endfacet
  facet normal 7.059401e-01 -6.781222e-01 -2.044477e-01
    outer loop
      vertex   7.219551e-01 -1.571146e+01 4.121058e+00
      vertex   6.650344e-01 -1.570941e+01 3.917692e+00
      vertex   7.511980e-01 -1.566208e+01 4.058234e+00
    endloop
  endfacet
  facet normal 7.141396e-01 -6.720458e-01 -1.958547e-01
    outer loop
      vertex   7.219551e-01 -1.571146e+01 4.121058e+00
      vertex   7.511980e-01 -1.566208e+01 4.058234e+00
      vertex   8.188687e-01 -1.564725e+01 4.254098e+00
    endloop
  endfacet
  facet normal 7.421174e-01 -6.371257e-01 -2.081647e-01
    outer loop
      vertex   8.188687e-01 -1.564725e+01 4.254098e+00
      vertex   7.511980e-01 -1.566208e+01 4.058234e+00
      vertex   8.398766e-01 -1.560277e+01 4.192845e+00
    endloop
  endfacet
  facet normal 7.511443e-01 -6.293059e-01 -1.993899e-01
    outer loop
      vertex   8.188687e-01 -1.564725e+01 4.254098e+00
      vertex   8.398766e-01 -1.560277e+01 4.192845e+00
      vertex   9.163467e-01 -1.557027e+01 4.378349e+00
    endloop
  endfacet
  facet normal 7.753954e-01 -5.935094e-01 -2.156584e-01
    outer loop
      vertex   9.163467e-01 -1.557027e+01 4.378349e+00
      vertex   8.398766e-01 -1.560277e+01 4.192845e+00
      vertex   9.295758e-01 -1.553148e+01 4.319177e+00
    endloop
  endfacet
  facet normal 7.858690e-01 -5.829361e-01 -2.063865e-01
    outer loop
      vertex   9.163467e-01 -1.557027e+01 4.378349e+00
      vertex   9.295758e-01 -1.553148e+01 4.319177e+00
      vertex   1.011811e+00 -1.548108e+01 4.489938e+00
    endloop
  endfacet
  facet normal 8.057522e-01 -5.472297e-01 -2.265018e-01
    outer loop
      vertex   1.011811e+00 -1.548108e+01 4.489938e+00
      vertex   9.295758e-01 -1.553148e+01 4.319177e+00
      vertex   1.017815e+00 -1.544882e+01 4.433361e+00
    endloop
  endfacet
  facet normal 8.155074e-01 -5.357448e-01 -2.189181e-01
    outer loop
      vertex   1.011811e+00 -1.548108e+01 4.489938e+00
      vertex   1.017815e+00 -1.544882e+01 4.433361e+00
      vertex   1.084467e+00 -1.540198e+01 4.567013e+00
    endloop
  endfacet
  facet normal 8.294763e-01 -5.061074e-01 -2.362720e-01
    outer loop
      vertex   1.084467e+00 -1.540198e+01 4.567013e+00
      vertex   1.017815e+00 -1.544882e+01 4.433361e+00
      vertex   1.085183e+00 -1.537553e+01 4.512872e+00
    endloop
  endfacet
  facet normal 8.390253e-01 -4.931702e-01 -2.298254e-01
    outer loop
      vertex   1.084467e+00 -1.540198e+01 4.567013e+00
      vertex   1.085183e+00 -1.537553e+01 4.512872e+00
      vertex   1.153503e+00 -1.531490e+01 4.632195e+00
    endloop
  endfacet
  facet normal 8.492401e-01 -4.651077e-01 -2.499321e-01
    outer loop
      vertex   1.153503e+00 -1.531490e+01 4.632195e+00
      vertex   1.085183e+00 -1.537553e+01 4.512872e+00
      vertex   1.149332e+00 -1.529494e+01 4.580872e+00
    endloop
  endfacet
  facet normal 5.035373e-01 -8.554861e-01 1.208047e-01
    outer loop
      vertex   9.156404e-01 -1.551806e+01 3.799243e+00
      vertex   9.671575e-01 -1.549681e+01 3.734947e+00
      vertex   9.674335e-01 -1.546757e+01 3.940894e+00
    endloop
  endfacet
  facet normal 5.901465e-01 -7.993877e-01 1.127226e-01
    outer loop
      vertex   9.674335e-01 -1.546757e+01 3.940894e+00
      vertex   9.671575e-01 -1.549681e+01 3.734947e+00
      vertex   1.009246e+00 -1.544555e+01 3.878138e+00
    endloop
  endfacet
  facet normal 5.870183e-01 -8.021091e-01 1.096836e-01
    outer loop
      vertex   9.674335e-01 -1.546757e+01 3.940894e+00
      vertex   1.009246e+00 -1.544555e+01 3.878138e+00
      vertex   1.021430e+00 -1.540956e+01 4.076137e+00
    endloop
  endfacet
  facet normal 6.674200e-01 -7.388223e-01 9.323168e-02
    outer loop
      vertex   1.021430e+00 -1.540956e+01 4.076137e+00
      vertex   1.009246e+00 -1.544555e+01 3.878138e+00
      vertex   1.053557e+00 -1.538820e+01 4.015376e+00
    endloop
  endfacet
  facet normal 6.668674e-01 -7.393826e-01 9.274262e-02
    outer loop
      vertex   1.021430e+00 -1.540956e+01 4.076137e+00
      vertex   1.053557e+00 -1.538820e+01 4.015376e+00
      vertex   1.075819e+00 -1.534482e+01 4.201185e+00
    endloop
  endfacet
  facet normal 7.393937e-01 -6.698491e-01 6.781713e-02
    outer loop
      vertex   1.075819e+00 -1.534482e+01 4.201185e+00
      vertex   1.053557e+00 -1.538820e+01 4.015376e+00
      vertex   1.098526e+00 -1.532565e+01 4.142924e+00
    endloop
  endfacet
  facet normal 7.390468e-01 -6.702590e-01 6.754710e-02
    outer loop
      vertex   1.075819e+00 -1.534482e+01 4.201185e+00
      vertex   1.098526e+00 -1.532565e+01 4.142924e+00
      vertex   1.118040e+00 -1.528923e+01 4.290791e+00
    endloop
  endfacet
  facet normal 7.939570e-01 -6.063390e-01 4.455758e-02
    outer loop
      vertex   1.118040e+00 -1.528923e+01 4.290791e+00
      vertex   1.098526e+00 -1.532565e+01 4.142924e+00
      vertex   1.133618e+00 -1.527294e+01 4.234906e+00
    endloop
  endfacet
  facet normal 7.948232e-01 -6.051597e-01 4.514283e-02
    outer loop
      vertex   1.118040e+00 -1.528923e+01 4.290791e+00
      vertex   1.133618e+00 -1.527294e+01 4.234906e+00
      vertex   1.158710e+00 -1.522988e+01 4.370409e+00
    endloop
  endfacet
  facet normal 8.423072e-01 -5.387818e-01 1.525476e-02
    outer loop
      vertex   1.158710e+00 -1.522988e+01 4.370409e+00
      vertex   1.133618e+00 -1.527294e+01 4.234906e+00
      vertex   1.167545e+00 -1.521757e+01 4.317307e+00
    endloop
  endfacet
  facet normal 5.560626e-01 -8.291190e-01 5.793213e-02
    outer loop
      vertex   8.679902e-01 -1.554548e+01 3.864194e+00
      vertex   9.156404e-01 -1.551806e+01 3.799243e+00
      vertex   9.293957e-01 -1.549452e+01 4.004136e+00
    endloop
  endfacet
  facet normal 6.283178e-01 -7.765334e-01 4.703946e-02
    outer loop
      vertex   9.293957e-01 -1.549452e+01 4.004136e+00
      vertex   9.156404e-01 -1.551806e+01 3.799243e+00
      vertex   9.674335e-01 -1.546757e+01 3.940894e+00
    endloop
  endfacet
  facet normal 6.295350e-01 -7.754742e-01 4.822291e-02
    outer loop
      vertex   9.293957e-01 -1.549452e+01 4.004136e+00
      vertex   9.674335e-01 -1.546757e+01 3.940894e+00
      vertex   9.928523e-01 -1.543473e+01 4.137215e+00
    endloop
  endfacet
  facet normal 6.958840e-01 -7.175299e-01 2.993852e-02
    outer loop
      vertex   9.928523e-01 -1.543473e+01 4.137215e+00
      vertex   9.674335e-01 -1.546757e+01 3.940894e+00
      vertex   1.021430e+00 -1.540956e+01 4.076137e+00
    endloop
  endfacet
  facet normal 6.995195e-01 -7.138438e-01 3.315841e-02
    outer loop
      vertex   9.928523e-01 -1.543473e+01 4.137215e+00
      vertex   1.021430e+00 -1.540956e+01 4.076137e+00
      vertex   1.056335e+00 -1.536683e+01 4.259610e+00
    endloop
  endfacet
  facet normal 7.585121e-01 -6.516164e-01 7.444095e-03
    outer loop
      vertex   1.056335e+00 -1.536683e+01 4.259610e+00
      vertex   1.021430e+00 -1.540956e+01 4.076137e+00
      vertex   1.075819e+00 -1.534482e+01 4.201185e+00
    endloop
  endfacet
  facet normal 7.620995e-01 -6.473790e-01 1.023706e-02
    outer loop
      vertex   1.056335e+00 -1.536683e+01 4.259610e+00
      vertex   1.075819e+00 -1.534482e+01 4.201185e+00
      vertex   1.105379e+00 -1.530772e+01 4.346733e+00
    endloop
  endfacet
  facet normal 8.062177e-01 -5.914767e-01 -1.297245e-02
    outer loop
      vertex   1.105379e+00 -1.530772e+01 4.346733e+00
      vertex   1.075819e+00 -1.534482e+01 4.201185e+00
      vertex   1.118040e+00 -1.528923e+01 4.290791e+00
    endloop
  endfacet
  facet normal 8.106724e-01 -5.854153e-01 -9.961492e-03
    outer loop
      vertex   1.105379e+00 -1.530772e+01 4.346733e+00
      vertex   1.118040e+00 -1.528923e+01 4.290791e+00
      vertex   1.152465e+00 -1.524382e+01 4.423478e+00
    endloop
  endfacet
  facet normal 8.479742e-01 -5.285943e-01 -3.908638e-02
    outer loop
      vertex   1.152465e+00 -1.524382e+01 4.423478e+00
      vertex   1.118040e+00 -1.528923e+01 4.290791e+00
      vertex   1.158710e+00 -1.522988e+01 4.370409e+00
    endloop
  endfacet
  facet normal 7.434251e-01 -6.128558e-01 -2.678187e-01
    outer loop
      vertex   7.989642e-01 -1.570927e+01 4.329809e+00
      vertex   6.924361e-01 -1.578108e+01 4.198415e+00
      vertex   7.219551e-01 -1.571146e+01 4.121058e+00
    endloop
  endfacet
  facet normal 7.376557e-01 -6.171368e-01 -2.738727e-01
    outer loop
      vertex   7.219551e-01 -1.571146e+01 4.121058e+00
      vertex   6.924361e-01 -1.578108e+01 4.198415e+00
      vertex   6.271107e-01 -1.576292e+01 3.981564e+00
    endloop
  endfacet
  facet normal 7.646840e-01 -5.823165e-01 -2.759817e-01
    outer loop
      vertex   7.989642e-01 -1.570927e+01 4.329809e+00
      vertex   7.219551e-01 -1.571146e+01 4.121058e+00
      vertex   8.188687e-01 -1.564725e+01 4.254098e+00
    endloop
  endfacet
  facet normal 4.261266e-01 -8.575844e-01 2.880365e-01
    outer loop
      vertex   1.127721e+00 -1.535729e+01 3.896037e+00
      vertex   1.103083e+00 -1.541670e+01 3.755590e+00
      vertex   1.169253e+00 -1.540906e+01 3.680465e+00
    endloop
  endfacet
  facet normal 5.405449e-01 -8.240038e-01 1.697905e-01
    outer loop
      vertex   1.053557e+00 -1.538820e+01 4.015376e+00
      vertex   1.009246e+00 -1.544555e+01 3.878138e+00
      vertex   1.054565e+00 -1.542857e+01 3.816246e+00
    endloop
  endfacet
  facet normal 5.187338e-01 -8.418657e-01 1.489206e-01
    outer loop
      vertex   1.054565e+00 -1.542857e+01 3.816246e+00
      vertex   1.009246e+00 -1.544555e+01 3.878138e+00
      vertex   9.671575e-01 -1.549681e+01 3.734947e+00
    endloop
  endfacet
  facet normal 6.361829e-01 -7.555217e-01 1.563912e-01
    outer loop
      vertex   1.053557e+00 -1.538820e+01 4.015376e+00
      vertex   1.054565e+00 -1.542857e+01 3.816246e+00
      vertex   1.089056e+00 -1.537076e+01 3.955241e+00
    endloop
  endfacet
  facet normal 6.670467e-01 -7.448915e-01 -1.361510e-02
    outer loop
      vertex   9.679417e-01 -1.546355e+01 4.198293e+00
      vertex   8.953302e-01 -1.552618e+01 4.067470e+00
      vertex   9.293957e-01 -1.549452e+01 4.004136e+00
    endloop
  endfacet
  facet normal 6.625189e-01 -7.488284e-01 -1.801859e-02
    outer loop
      vertex   9.293957e-01 -1.549452e+01 4.004136e+00
      vertex   8.953302e-01 -1.552618e+01 4.067470e+00
      vertex   8.679902e-01 -1.554548e+01 3.864194e+00
    endloop
  endfacet
  facet normal 7.208556e-01 -6.923142e-01 -3.268416e-02
    outer loop
      vertex   9.679417e-01 -1.546355e+01 4.198293e+00
      vertex   9.293957e-01 -1.549452e+01 4.004136e+00
      vertex   9.928523e-01 -1.543473e+01 4.137215e+00
    endloop
  endfacet
  facet normal 7.712302e-01 -5.766402e-01 -2.696109e-01
    outer loop
      vertex   9.054524e-01 -1.562385e+01 4.451720e+00
      vertex   7.989642e-01 -1.570927e+01 4.329809e+00
      vertex   8.188687e-01 -1.564725e+01 4.254098e+00
    endloop
  endfacet
  facet normal 7.894131e-01 -5.456433e-01 -2.812480e-01
    outer loop
      vertex   9.054524e-01 -1.562385e+01 4.451720e+00
      vertex   8.188687e-01 -1.564725e+01 4.254098e+00
      vertex   9.163467e-01 -1.557027e+01 4.378349e+00
    endloop
  endfacet
  facet normal 5.368161e-01 -8.001549e-01 2.675456e-01
    outer loop
      vertex   1.153162e+00 -1.529614e+01 4.027871e+00
      vertex   1.127721e+00 -1.535729e+01 3.896037e+00
      vertex   1.181411e+00 -1.534595e+01 3.822219e+00
    endloop
  endfacet
  facet normal 5.667588e-01 -7.696375e-01 2.940111e-01
    outer loop
      vertex   1.181411e+00 -1.534595e+01 3.822219e+00
      vertex   1.127721e+00 -1.535729e+01 3.896037e+00
      vertex   1.169253e+00 -1.540906e+01 3.680465e+00
    endloop
  endfacet
  facet normal 6.303192e-01 -7.614689e-01 1.512045e-01
    outer loop
      vertex   1.098526e+00 -1.532565e+01 4.142924e+00
      vertex   1.053557e+00 -1.538820e+01 4.015376e+00
      vertex   1.089056e+00 -1.537076e+01 3.955241e+00
    endloop
  endfacet
  facet normal 7.177946e-01 -6.843405e-01 1.282540e-01
    outer loop
      vertex   1.098526e+00 -1.532565e+01 4.142924e+00
      vertex   1.089056e+00 -1.537076e+01 3.955241e+00
      vertex   1.124350e+00 -1.530941e+01 4.085071e+00
    endloop
  endfacet
  facet normal 7.275995e-01 -6.854820e-01 -2.670979e-02
    outer loop
      vertex   1.040134e+00 -1.539158e+01 4.317947e+00
      vertex   9.679417e-01 -1.546355e+01 4.198293e+00
      vertex   9.928523e-01 -1.543473e+01 4.137215e+00
    endloop
  endfacet
  facet normal 7.746773e-01 -6.301967e-01 -5.222388e-02
    outer loop
      vertex   1.040134e+00 -1.539158e+01 4.317947e+00
      vertex   9.928523e-01 -1.543473e+01 4.137215e+00
      vertex   1.056335e+00 -1.536683e+01 4.259610e+00
    endloop
  endfacet
  facet normal 7.972866e-01 -5.376893e-01 -2.742705e-01
    outer loop
      vertex   1.009231e+00 -1.552534e+01 4.560280e+00
      vertex   9.054524e-01 -1.562385e+01 4.451720e+00
      vertex   9.163467e-01 -1.557027e+01 4.378349e+00
    endloop
  endfacet
  facet normal 8.119030e-01 -5.070728e-01 -2.892934e-01
    outer loop
      vertex   1.009231e+00 -1.552534e+01 4.560280e+00
      vertex   9.163467e-01 -1.557027e+01 4.378349e+00
      vertex   1.011811e+00 -1.548108e+01 4.489938e+00
    endloop
  endfacet
  facet normal 6.405444e-01 -7.301102e-01 2.379957e-01
    outer loop
      vertex   1.173256e+00 -1.524714e+01 4.124107e+00
      vertex   1.153162e+00 -1.529614e+01 4.027871e+00
      vertex   1.194130e+00 -1.528359e+01 3.956109e+00
    endloop
  endfacet
  facet normal 6.693869e-01 -6.957564e-01 2.604691e-01
    outer loop
      vertex   1.194130e+00 -1.528359e+01 3.956109e+00
      vertex   1.153162e+00 -1.529614e+01 4.027871e+00
      vertex   1.181411e+00 -1.534595e+01 3.822219e+00
    endloop
  endfacet
  facet normal 7.123854e-01 -6.907390e-01 1.240429e-01
    outer loop
      vertex   1.133618e+00 -1.527294e+01 4.234906e+00
      vertex   1.098526e+00 -1.532565e+01 4.142924e+00
      vertex   1.124350e+00 -1.530941e+01 4.085071e+00
    endloop
  endfacet
  facet normal 7.794359e-01 -6.180874e-01 1.022139e-01
    outer loop
      vertex   1.133618e+00 -1.527294e+01 4.234906e+00
      vertex   1.124350e+00 -1.530941e+01 4.085071e+00
      vertex   1.152050e+00 -1.525890e+01 4.179278e+00
    endloop
  endfacet
  facet normal 7.811427e-01 -6.225665e-01 -4.719140e-02
    outer loop
      vertex   1.095666e+00 -1.532832e+01 4.402529e+00
      vertex   1.040134e+00 -1.539158e+01 4.317947e+00
      vertex   1.056335e+00 -1.536683e+01 4.259610e+00
    endloop
  endfacet
  facet normal 8.158898e-01 -5.739730e-01 -6.984902e-02
    outer loop
      vertex   1.095666e+00 -1.532832e+01 4.402529e+00
      vertex   1.056335e+00 -1.536683e+01 4.259610e+00
      vertex   1.105379e+00 -1.530772e+01 4.346733e+00
    endloop
  endfacet
  facet normal 8.192279e-01 -4.984388e-01 -2.835919e-01
    outer loop
      vertex   1.087946e+00 -1.543817e+01 4.634451e+00
      vertex   1.009231e+00 -1.552534e+01 4.560280e+00
      vertex   1.011811e+00 -1.548108e+01 4.489938e+00
    endloop
  endfacet
  facet normal 8.296294e-01 -4.729990e-01 -2.966259e-01
    outer loop
      vertex   1.087946e+00 -1.543817e+01 4.634451e+00
      vertex   1.011811e+00 -1.548108e+01 4.489938e+00
      vertex   1.084467e+00 -1.540198e+01 4.567013e+00
    endloop
  endfacet
  facet normal 7.198943e-01 -6.614372e-01 2.103640e-01
    outer loop
      vertex   1.192847e+00 -1.519798e+01 4.211644e+00
      vertex   1.173256e+00 -1.524714e+01 4.124107e+00
      vertex   1.204264e+00 -1.523550e+01 4.054584e+00
    endloop
  endfacet
  facet normal 7.465210e-01 -6.249510e-01 2.283475e-01
    outer loop
      vertex   1.204264e+00 -1.523550e+01 4.054584e+00
      vertex   1.173256e+00 -1.524714e+01 4.124107e+00
      vertex   1.194130e+00 -1.528359e+01 3.956109e+00
    endloop
  endfacet
  facet normal 8.179336e-01 -5.432903e-01 1.892627e-01
    outer loop
      vertex   1.214206e+00 -1.518904e+01 4.144985e+00
      vertex   1.192847e+00 -1.519798e+01 4.211644e+00
      vertex   1.204264e+00 -1.523550e+01 4.054584e+00
    endloop
  endfacet
  facet normal 7.755509e-01 -6.233800e-01 9.959035e-02
    outer loop
      vertex   1.167545e+00 -1.521757e+01 4.317307e+00
      vertex   1.133618e+00 -1.527294e+01 4.234906e+00
      vertex   1.152050e+00 -1.525890e+01 4.179278e+00
    endloop
  endfacet
  facet normal 8.347623e-01 -5.461654e-01 6.982385e-02
    outer loop
      vertex   1.167545e+00 -1.521757e+01 4.317307e+00
      vertex   1.152050e+00 -1.525890e+01 4.179278e+00
      vertex   1.178940e+00 -1.520693e+01 4.264332e+00
    endloop
  endfacet
  facet normal 8.228887e-01 -5.644589e-01 -6.511826e-02
    outer loop
      vertex   1.148817e+00 -1.525935e+01 4.476352e+00
      vertex   1.095666e+00 -1.532832e+01 4.402529e+00
      vertex   1.105379e+00 -1.530772e+01 4.346733e+00
    endloop
  endfacet
  facet normal 8.515221e-01 -5.160443e-01 -9.278132e-02
    outer loop
      vertex   1.148817e+00 -1.525935e+01 4.476352e+00
      vertex   1.105379e+00 -1.530772e+01 4.346733e+00
      vertex   1.152465e+00 -1.524382e+01 4.423478e+00
    endloop
  endfacet
  facet normal 8.368479e-01 -4.632155e-01 -2.917482e-01
    outer loop
      vertex   1.162569e+00 -1.534226e+01 4.696224e+00
      vertex   1.087946e+00 -1.543817e+01 4.634451e+00
      vertex   1.084467e+00 -1.540198e+01 4.567013e+00
    endloop
  endfacet
  facet normal 8.441684e-01 -4.393118e-01 -3.072211e-01
    outer loop
      vertex   1.162569e+00 -1.534226e+01 4.696224e+00
      vertex   1.084467e+00 -1.540198e+01 4.567013e+00
      vertex   1.153503e+00 -1.531490e+01 4.632195e+00
    endloop
  endfacet
  facet normal 8.648825e-01 -3.949117e-01 -3.098757e-01
    outer loop
      vertex   1.232983e+00 -1.519222e+01 4.692532e+00
      vertex   1.207249e+00 -1.527618e+01 4.727708e+00
      vertex   1.194890e+00 -1.525495e+01 4.666163e+00
    endloop
  endfacet
  facet normal 8.702707e-01 -4.208383e-01 -2.559767e-01
    outer loop
      vertex   1.194890e+00 -1.525495e+01 4.666163e+00
      vertex   1.187837e+00 -1.523956e+01 4.616873e+00
      vertex   1.232983e+00 -1.519222e+01 4.692532e+00
    endloop
  endfacet
  facet normal 9.335659e-01 -3.461344e-01 9.298245e-02
    outer loop
      vertex   1.225946e+00 -1.513406e+01 4.243890e+00
      vertex   1.231034e+00 -1.510968e+01 4.283564e+00
      vertex   1.225811e+00 -1.510786e+01 4.342774e+00
    endloop
  endfacet
  facet normal 9.178043e-01 -3.860314e-01 9.281764e-02
    outer loop
      vertex   1.225811e+00 -1.510786e+01 4.342774e+00
      vertex   1.231034e+00 -1.510968e+01 4.283564e+00
      vertex   1.234147e+00 -1.508133e+01 4.370671e+00
    endloop
  endfacet
  facet normal 9.516673e-01 -3.070373e-01 7.583080e-03
    outer loop
      vertex   1.225811e+00 -1.510786e+01 4.342774e+00
      vertex   1.234147e+00 -1.508133e+01 4.370671e+00
      vertex   1.235368e+00 -1.507646e+01 4.414693e+00
    endloop
  endfacet
  facet normal 8.923406e-01 -4.459501e-01 6.969068e-02
    outer loop
      vertex   1.210417e+00 -1.513995e+01 4.354648e+00
      vertex   1.215864e+00 -1.513667e+01 4.305874e+00
      vertex   1.223994e+00 -1.510737e+01 4.389271e+00
    endloop
  endfacet
  facet normal 9.608004e-01 -2.719029e-01 5.414186e-02
    outer loop
      vertex   1.235300e+00 -1.508844e+01 4.314507e+00
      vertex   1.234147e+00 -1.508133e+01 4.370671e+00
      vertex   1.231034e+00 -1.510968e+01 4.283564e+00
    endloop
  endfacet
  facet normal 8.988846e-01 -4.376590e-01 2.147243e-02
    outer loop
      vertex   1.207131e+00 -1.514430e+01 4.403530e+00
      vertex   1.210417e+00 -1.513995e+01 4.354648e+00
      vertex   1.224175e+00 -1.510771e+01 4.435805e+00
    endloop
  endfacet
  facet normal 9.254167e-01 -3.788976e-01 -6.368065e-03
    outer loop
      vertex   1.224175e+00 -1.510771e+01 4.435805e+00
      vertex   1.210417e+00 -1.513995e+01 4.354648e+00
      vertex   1.223994e+00 -1.510737e+01 4.389271e+00
    endloop
  endfacet
  facet normal 9.291851e-01 -3.695609e-01 -6.314921e-03
    outer loop
      vertex   1.224175e+00 -1.510771e+01 4.435805e+00
      vertex   1.223994e+00 -1.510737e+01 4.389271e+00
      vertex   1.238452e+00 -1.507221e+01 4.458686e+00
    endloop
  endfacet
  facet normal 9.025815e-01 -4.296634e-01 -2.712933e-02
    outer loop
      vertex   1.206022e+00 -1.514972e+01 4.452404e+00
      vertex   1.207131e+00 -1.514430e+01 4.403530e+00
      vertex   1.226362e+00 -1.510888e+01 4.482273e+00
    endloop
  endfacet
  facet normal 9.222787e-01 -3.828762e-01 -5.298823e-02
    outer loop
      vertex   1.226362e+00 -1.510888e+01 4.482273e+00
      vertex   1.207131e+00 -1.514430e+01 4.403530e+00
      vertex   1.224175e+00 -1.510771e+01 4.435805e+00
    endloop
  endfacet
  facet normal 9.378107e-01 -3.431202e-01 -5.272276e-02
    outer loop
      vertex   1.226362e+00 -1.510888e+01 4.482273e+00
      vertex   1.224175e+00 -1.510771e+01 4.435805e+00
      vertex   1.238452e+00 -1.507221e+01 4.458686e+00
    endloop
  endfacet
  facet normal 9.018821e-01 -4.136954e-01 -1.243572e-01
    outer loop
      vertex   1.210341e+00 -1.516369e+01 4.549654e+00
      vertex   1.207096e+00 -1.515619e+01 4.501151e+00
      vertex   1.236727e+00 -1.511367e+01 4.574614e+00
    endloop
  endfacet
  facet normal 9.118718e-01 -3.837373e-01 -1.457240e-01
    outer loop
      vertex   1.236727e+00 -1.511367e+01 4.574614e+00
      vertex   1.207096e+00 -1.515619e+01 4.501151e+00
      vertex   1.230551e+00 -1.511087e+01 4.528576e+00
    endloop
  endfacet
  facet normal 7.869485e-01 -3.214781e-01 -5.266535e-01
    outer loop
      vertex   4.029562e-01 -1.445325e+01 3.064824e+00
      vertex   4.029562e-01 -1.619958e+01 4.130810e+00
      vertex   3.996584e-01 -1.453381e+01 3.109073e+00
    endloop
  endfacet
  facet normal 7.869485e-01 -3.214781e-01 -5.266535e-01
    outer loop
      vertex   3.996584e-01 -1.453381e+01 3.109073e+00
      vertex   4.029562e-01 -1.619958e+01 4.130810e+00
      vertex   3.899354e-01 -1.461724e+01 3.145469e+00
    endloop
  endfacet
  facet normal 7.869485e-01 -3.214781e-01 -5.266535e-01
    outer loop
      vertex   3.899354e-01 -1.461724e+01 3.145469e+00
      vertex   4.029562e-01 -1.619958e+01 4.130810e+00
      vertex   3.740427e-01 -1.470318e+01 3.174179e+00
    endloop
  endfacet
  facet normal 7.869485e-01 -3.214781e-01 -5.266535e-01
    outer loop
      vertex   3.740427e-01 -1.470318e+01 3.174179e+00
      vertex   4.029562e-01 -1.619958e+01 4.130810e+00
      vertex   3.525409e-01 -1.479019e+01 3.195163e+00
    endloop
  endfacet
  facet normal 7.869485e-01 -3.214781e-01 -5.266535e-01
    outer loop
      vertex   3.525409e-01 -1.479019e+01 3.195163e+00
      vertex   4.029562e-01 -1.619958e+01 4.130810e+00
      vertex   3.270176e-01 -1.487454e+01 3.208514e+00
    endloop
  endfacet
  facet normal 7.869485e-01 -3.214781e-01 -5.266535e-01
    outer loop
      vertex   3.270176e-01 -1.487454e+01 3.208514e+00
      vertex   4.029562e-01 -1.619958e+01 4.130810e+00
      vertex   2.986442e-01 -1.495542e+01 3.215486e+00
    endloop
  endfacet
  facet normal 7.869485e-01 -3.214781e-01 -5.266535e-01
    outer loop
      vertex   2.986442e-01 -1.495542e+01 3.215486e+00
      vertex   4.029562e-01 -1.619958e+01 4.130810e+00
      vertex   2.372225e-01 -1.510576e+01 3.215480e+00
    endloop
  endfacet
  facet normal 7.869485e-01 -3.214781e-01 -5.266535e-01
    outer loop
      vertex   2.372225e-01 -1.510576e+01 3.215480e+00
      vertex   4.029562e-01 -1.619958e+01 4.130810e+00
      vertex   1.699329e-01 -1.525043e+01 3.203243e+00
    endloop
  endfacet
  facet normal 7.869485e-01 -3.214781e-01 -5.266535e-01
    outer loop
      vertex   1.699329e-01 -1.525043e+01 3.203243e+00
      vertex   4.029562e-01 -1.619958e+01 4.130810e+00
      vertex   1.002685e-01 -1.539126e+01 3.185113e+00
    endloop
  endfacet
  facet normal 7.869485e-01 -3.214781e-01 -5.266535e-01
    outer loop
      vertex   1.002685e-01 -1.539126e+01 3.185113e+00
      vertex   4.029562e-01 -1.619958e+01 4.130810e+00
      vertex   3.736696e-02 -1.551931e+01 3.169286e+00
    endloop
  endfacet
  facet normal 7.869485e-01 -3.214781e-01 -5.266535e-01
    outer loop
      vertex   3.736696e-02 -1.551931e+01 3.169286e+00
      vertex   4.029562e-01 -1.619958e+01 4.130810e+00
      vertex   1.153536e-02 -1.557535e+01 3.164892e+00
    endloop
  endfacet
  facet normal 7.869485e-01 -3.214781e-01 -5.266535e-01
    outer loop
      vertex   1.153536e-02 -1.557535e+01 3.164892e+00
      vertex   4.029562e-01 -1.619958e+01 4.130810e+00
      vertex   -8.905825e-03 -1.562435e+01 3.164261e+00
    endloop
  endfacet
  facet normal 7.869485e-01 -3.214781e-01 -5.266535e-01
    outer loop
      vertex   -8.905825e-03 -1.562435e+01 3.164261e+00
      vertex   4.029562e-01 -1.619958e+01 4.130810e+00
      vertex   -8.905825e-03 -1.997502e+01 5.819978e+00
    endloop
  endfacet
  facet normal 7.869485e-01 -3.214781e-01 -5.266535e-01
    outer loop
      vertex   -8.905825e-03 -1.997502e+01 5.819978e+00
      vertex   4.029562e-01 -1.619958e+01 4.130810e+00
      vertex   5.116671e-01 -1.613866e+01 4.256064e+00
    endloop
  endfacet
  facet normal 7.869485e-01 -3.214781e-01 -5.266535e-01
    outer loop
      vertex   -8.905825e-03 -1.997502e+01 5.819978e+00
      vertex   5.116671e-01 -1.613866e+01 4.256064e+00
      vertex   6.204386e-01 -1.606746e+01 4.375133e+00
    endloop
  endfacet
  facet normal 7.869485e-01 -3.214781e-01 -5.266535e-01
    outer loop
      vertex   6.204386e-01 -1.606746e+01 4.375133e+00
      vertex   7.290030e-01 -1.598569e+01 4.487441e+00
      vertex   -8.905825e-03 -1.997502e+01 5.819978e+00
    endloop
  endfacet
  facet normal 7.869485e-01 -3.214781e-01 -5.266535e-01
    outer loop
      vertex   -8.905825e-03 -1.997502e+01 5.819978e+00
      vertex   7.290030e-01 -1.598569e+01 4.487441e+00
      vertex   1.239500e+00 -1.927993e+01 7.261108e+00
    endloop
  endfacet
  facet normal 7.869485e-01 -3.214781e-01 -5.266535e-01
    outer loop
      vertex   1.239500e+00 -1.927993e+01 7.261108e+00
      vertex   7.290030e-01 -1.598569e+01 4.487441e+00
      vertex   8.369453e-01 -1.589311e+01 4.592221e+00
    endloop
  endfacet
  facet normal 7.869485e-01 -3.214781e-01 -5.266535e-01
    outer loop
      vertex   1.239500e+00 -1.927993e+01 7.261108e+00
      vertex   8.369453e-01 -1.589311e+01 4.592221e+00
      vertex   9.430448e-01 -1.578967e+01 4.687617e+00
    endloop
  endfacet
  facet normal 7.869485e-01 -3.214781e-01 -5.266535e-01
    outer loop
      vertex   9.430448e-01 -1.578967e+01 4.687617e+00
      vertex   1.046458e+00 -1.567469e+01 4.771958e+00
      vertex   1.239500e+00 -1.927993e+01 7.261108e+00
    endloop
  endfacet
  facet normal 7.869485e-01 -3.214781e-01 -5.266535e-01
    outer loop
      vertex   1.239500e+00 -1.927993e+01 7.261108e+00
      vertex   1.046458e+00 -1.567469e+01 4.771958e+00
      vertex   1.239500e+00 -1.550955e+01 4.959608e+00
    endloop
  endfacet
  facet normal 7.869485e-01 -3.214781e-01 -5.266535e-01
    outer loop
      vertex   1.239500e+00 -1.550955e+01 4.959608e+00
      vertex   1.046458e+00 -1.567469e+01 4.771958e+00
      vertex   1.146385e+00 -1.554666e+01 4.843124e+00
    endloop
  endfacet
  facet normal 7.869485e-01 -3.214781e-01 -5.266535e-01
    outer loop
      vertex   1.239500e+00 -1.550955e+01 4.959608e+00
      vertex   1.146385e+00 -1.554666e+01 4.843124e+00
      vertex   1.239500e+00 -1.540637e+01 4.896625e+00
    endloop
  endfacet
  facet normal 7.996256e-01 2.905463e-01 5.255299e-01
    outer loop
      vertex   1.149705e+00 -1.554533e+01 5.116015e+00
      vertex   1.239500e+00 -1.550955e+01 4.959608e+00
      vertex   1.185489e+00 -1.546698e+01 5.018249e+00
    endloop
  endfacet
  facet normal 7.985588e-01 2.769549e-01 5.344154e-01
    outer loop
      vertex   1.185489e+00 -1.546698e+01 5.018249e+00
      vertex   1.239500e+00 -1.550955e+01 4.959608e+00
      vertex   1.239500e+00 -1.538016e+01 4.892551e+00
    endloop
  endfacet
  facet normal 8.236651e-01 2.348832e-01 5.161450e-01
    outer loop
      vertex   1.185489e+00 -1.546698e+01 5.018249e+00
      vertex   1.239500e+00 -1.538016e+01 4.892551e+00
      vertex   1.166396e+00 -1.540800e+01 5.021881e+00
    endloop
  endfacet
  facet normal 8.367731e-01 1.893771e-01 5.137578e-01
    outer loop
      vertex   1.166396e+00 -1.540800e+01 5.021881e+00
      vertex   1.239500e+00 -1.538016e+01 4.892551e+00
      vertex   1.223617e+00 -1.532420e+01 4.897792e+00
    endloop
  endfacet
  facet normal 8.430727e-01 1.765449e-01 5.079964e-01
    outer loop
      vertex   1.166396e+00 -1.540800e+01 5.021881e+00
      vertex   1.223617e+00 -1.532420e+01 4.897792e+00
      vertex   1.150488e+00 -1.534824e+01 5.027513e+00
    endloop
  endfacet
  facet normal 8.523887e-01 1.341904e-01 5.053973e-01
    outer loop
      vertex   1.150488e+00 -1.534824e+01 5.027513e+00
      vertex   1.223617e+00 -1.532420e+01 4.897792e+00
      vertex   1.208004e+00 -1.527103e+01 4.910008e+00
    endloop
  endfacet
  facet normal 8.592594e-01 1.175770e-01 4.978442e-01
    outer loop
      vertex   1.150488e+00 -1.534824e+01 5.027513e+00
      vertex   1.208004e+00 -1.527103e+01 4.910008e+00
      vertex   1.137826e+00 -1.528793e+01 5.035123e+00
    endloop
  endfacet
  facet normal 8.657409e-01 7.186515e-02 4.953060e-01
    outer loop
      vertex   1.137826e+00 -1.528793e+01 5.035123e+00
      vertex   1.208004e+00 -1.527103e+01 4.910008e+00
      vertex   1.192233e+00 -1.520318e+01 4.927729e+00
    endloop
  endfacet
  facet normal 8.743784e-01 5.026316e-02 4.826344e-01
    outer loop
      vertex   1.137826e+00 -1.528793e+01 5.035123e+00
      vertex   1.192233e+00 -1.520318e+01 4.927729e+00
      vertex   1.126539e+00 -1.521108e+01 5.047568e+00
    endloop
  endfacet
  facet normal 8.765722e-01 9.823357e-03 4.811701e-01
    outer loop
      vertex   1.126539e+00 -1.521108e+01 5.047568e+00
      vertex   1.192233e+00 -1.520318e+01 4.927729e+00
      vertex   1.183043e+00 -1.514965e+01 4.943378e+00
    endloop
  endfacet
  facet normal 8.833985e-01 -1.834338e-02 4.682633e-01
    outer loop
      vertex   1.126539e+00 -1.521108e+01 5.047568e+00
      vertex   1.183043e+00 -1.514965e+01 4.943378e+00
      vertex   1.121459e+00 -1.515060e+01 5.059521e+00
    endloop
  endfacet
  facet normal 8.827482e-01 -4.485146e-02 4.677007e-01
    outer loop
      vertex   1.121459e+00 -1.515060e+01 5.059521e+00
      vertex   1.183043e+00 -1.514965e+01 4.943378e+00
      vertex   1.176703e+00 -1.509614e+01 4.960476e+00
    endloop
  endfacet
  facet normal 8.883239e-01 -7.810443e-02 4.525267e-01
    outer loop
      vertex   1.121459e+00 -1.515060e+01 5.059521e+00
      vertex   1.176703e+00 -1.509614e+01 4.960476e+00
      vertex   1.119728e+00 -1.509032e+01 5.073324e+00
    endloop
  endfacet
  facet normal 8.862199e-01 -9.907723e-02 4.525462e-01
    outer loop
      vertex   1.119728e+00 -1.509032e+01 5.073324e+00
      vertex   1.176703e+00 -1.509614e+01 4.960476e+00
      vertex   1.173222e+00 -1.504284e+01 4.978963e+00
    endloop
  endfacet
  facet normal 8.897505e-01 -1.373296e-01 4.352983e-01
    outer loop
      vertex   1.119728e+00 -1.509032e+01 5.073324e+00
      vertex   1.173222e+00 -1.504284e+01 4.978963e+00
      vertex   1.121337e+00 -1.503047e+01 5.088917e+00
    endloop
  endfacet
  facet normal 8.869931e-01 -1.528714e-01 4.357448e-01
    outer loop
      vertex   1.121337e+00 -1.503047e+01 5.088917e+00
      vertex   1.173222e+00 -1.504284e+01 4.978963e+00
      vertex   1.172609e+00 -1.498990e+01 4.998781e+00
    endloop
  endfacet
  facet normal 8.876575e-01 -1.960529e-01 4.166863e-01
    outer loop
      vertex   1.121337e+00 -1.503047e+01 5.088917e+00
      vertex   1.172609e+00 -1.498990e+01 4.998781e+00
      vertex   1.126278e+00 -1.497129e+01 5.106238e+00
    endloop
  endfacet
  facet normal 8.826827e-01 -2.151214e-01 4.178446e-01
    outer loop
      vertex   1.126278e+00 -1.497129e+01 5.106238e+00
      vertex   1.172609e+00 -1.498990e+01 4.998781e+00
      vertex   1.176058e+00 -1.492262e+01 5.026137e+00
    endloop
  endfacet
  facet normal 8.829696e-01 -2.616072e-01 3.897775e-01
    outer loop
      vertex   1.126278e+00 -1.497129e+01 5.106238e+00
      vertex   1.176058e+00 -1.492262e+01 5.026137e+00
      vertex   1.137524e+00 -1.489649e+01 5.130966e+00
    endloop
  endfacet
  facet normal 8.798826e-01 -2.703166e-01 3.908139e-01
    outer loop
      vertex   1.137524e+00 -1.489649e+01 5.130966e+00
      vertex   1.176058e+00 -1.492262e+01 5.026137e+00
      vertex   1.181149e+00 -1.487742e+01 5.045936e+00
    endloop
  endfacet
  facet normal 8.689502e-01 -3.254410e-01 3.728453e-01
    outer loop
      vertex   1.137524e+00 -1.489649e+01 5.130966e+00
      vertex   1.181149e+00 -1.487742e+01 5.045936e+00
      vertex   1.148337e+00 -1.484656e+01 5.149348e+00
    endloop
  endfacet
  facet normal 8.732965e-01 -3.154777e-01 3.712507e-01
    outer loop
      vertex   1.148337e+00 -1.484656e+01 5.149348e+00
      vertex   1.181149e+00 -1.487742e+01 5.045936e+00
      vertex   1.188442e+00 -1.483292e+01 5.066600e+00
    endloop
  endfacet
  facet normal 8.570131e-01 -3.748539e-01 3.535719e-01
    outer loop
      vertex   1.148337e+00 -1.484656e+01 5.149348e+00
      vertex   1.188442e+00 -1.483292e+01 5.066600e+00
      vertex   1.161652e+00 -1.479768e+01 5.168891e+00
    endloop
  endfacet
  facet normal 8.648772e-01 -3.595076e-01 3.503452e-01
    outer loop
      vertex   1.161652e+00 -1.479768e+01 5.168891e+00
      vertex   1.188442e+00 -1.483292e+01 5.066600e+00
      vertex   1.197909e+00 -1.478921e+01 5.088075e+00
    endloop
  endfacet
  facet normal 8.424631e-01 -4.230173e-01 3.336349e-01
    outer loop
      vertex   1.161652e+00 -1.479768e+01 5.168891e+00
      vertex   1.197909e+00 -1.478921e+01 5.088075e+00
      vertex   1.177420e+00 -1.475000e+01 5.189532e+00
    endloop
  endfacet
  facet normal 8.546228e-01 -4.024285e-01 3.281329e-01
    outer loop
      vertex   1.177420e+00 -1.475000e+01 5.189532e+00
      vertex   1.197909e+00 -1.478921e+01 5.088075e+00
      vertex   1.209526e+00 -1.474642e+01 5.110306e+00
    endloop
  endfacet
  facet normal 8.252512e-01 -4.699806e-01 3.131752e-01
    outer loop
      vertex   1.177420e+00 -1.475000e+01 5.189532e+00
      vertex   1.209526e+00 -1.474642e+01 5.110306e+00
      vertex   1.195589e+00 -1.470365e+01 5.211210e+00
    endloop
  endfacet
  facet normal 8.422859e-01 -4.446000e-01 3.047708e-01
    outer loop
      vertex   1.195589e+00 -1.470365e+01 5.211210e+00
      vertex   1.209526e+00 -1.474642e+01 5.110306e+00
      vertex   1.223440e+00 -1.470415e+01 5.133516e+00
    endloop
  endfacet
  facet normal 8.052995e-01 -5.159913e-01 2.919686e-01
    outer loop
      vertex   1.195589e+00 -1.470365e+01 5.211210e+00
      vertex   1.223440e+00 -1.470415e+01 5.133516e+00
      vertex   1.216367e+00 -1.465825e+01 5.234134e+00
    endloop
  endfacet
  facet normal 8.258547e-01 -4.888580e-01 2.810372e-01
    outer loop
      vertex   1.216367e+00 -1.465825e+01 5.234134e+00
      vertex   1.223440e+00 -1.470415e+01 5.133516e+00
      vertex   1.239500e+00 -1.466164e+01 5.160259e+00
    endloop
  endfacet
  facet normal 7.821716e-01 -5.611967e-01 2.706768e-01
    outer loop
      vertex   1.216367e+00 -1.465825e+01 5.234134e+00
      vertex   1.239500e+00 -1.466164e+01 5.160259e+00
      vertex   1.239500e+00 -1.462201e+01 5.242423e+00
    endloop
  endfacet
  facet normal 8.251315e-01 1.841697e-01 5.340782e-01
    outer loop
      vertex   1.239500e+00 -1.538016e+01 4.892551e+00
      vertex   1.239500e+00 -1.525168e+01 4.848247e+00
      vertex   1.223617e+00 -1.532420e+01 4.897792e+00
    endloop
  endfacet
  facet normal 8.630822e-01 1.420952e-01 4.846628e-01
    outer loop
      vertex   1.223617e+00 -1.532420e+01 4.897792e+00
      vertex   1.239500e+00 -1.525168e+01 4.848247e+00
      vertex   1.208004e+00 -1.527103e+01 4.910008e+00
    endloop
  endfacet
  facet normal 8.567852e-01 9.078592e-02 5.076190e-01
    outer loop
      vertex   1.239500e+00 -1.512786e+01 4.826102e+00
      vertex   1.230794e+00 -1.518924e+01 4.851775e+00
      vertex   1.239500e+00 -1.525168e+01 4.848247e+00
    endloop
  endfacet
  facet normal 8.802518e-01 9.648954e-02 4.645929e-01
    outer loop
      vertex   1.239500e+00 -1.525168e+01 4.848247e+00
      vertex   1.230794e+00 -1.518924e+01 4.851775e+00
      vertex   1.192233e+00 -1.520318e+01 4.927729e+00
    endloop
  endfacet
  facet normal 8.775241e-01 8.050079e-02 4.727273e-01
    outer loop
      vertex   1.239500e+00 -1.525168e+01 4.848247e+00
      vertex   1.192233e+00 -1.520318e+01 4.927729e+00
      vertex   1.208004e+00 -1.527103e+01 4.910008e+00
    endloop
  endfacet
  facet normal 9.209389e-01 4.364543e-03 3.896825e-01
    outer loop
      vertex   1.239500e+00 -1.501510e+01 4.824839e+00
      vertex   1.231370e+00 -1.503718e+01 4.844299e+00
      vertex   1.239500e+00 -1.512786e+01 4.826102e+00
    endloop
  endfacet
  facet normal 9.075580e-01 -2.902277e-03 4.199167e-01
    outer loop
      vertex   1.239500e+00 -1.512786e+01 4.826102e+00
      vertex   1.231370e+00 -1.503718e+01 4.844299e+00
      vertex   1.210314e+00 -1.509196e+01 4.889429e+00
    endloop
  endfacet
  facet normal 9.082225e-01 1.590870e-04 4.184876e-01
    outer loop
      vertex   1.239500e+00 -1.512786e+01 4.826102e+00
      vertex   1.210314e+00 -1.509196e+01 4.889429e+00
      vertex   1.219280e+00 -1.514063e+01 4.869989e+00
    endloop
  endfacet
  facet normal 8.971394e-01 -1.111686e-02 4.416077e-01
    outer loop
      vertex   1.219280e+00 -1.514063e+01 4.869989e+00
      vertex   1.210314e+00 -1.509196e+01 4.889429e+00
      vertex   1.183043e+00 -1.514965e+01 4.943378e+00
    endloop
  endfacet
  facet normal 8.952486e-01 2.361979e-02 4.449404e-01
    outer loop
      vertex   1.219280e+00 -1.514063e+01 4.869989e+00
      vertex   1.183043e+00 -1.514965e+01 4.943378e+00
      vertex   1.192233e+00 -1.520318e+01 4.927729e+00
    endloop
  endfacet
  facet normal 9.347175e-01 -5.952902e-02 3.503706e-01
    outer loop
      vertex   1.239500e+00 -1.491713e+01 4.841485e+00
      vertex   1.237382e+00 -1.493674e+01 4.843803e+00
      vertex   1.239500e+00 -1.501510e+01 4.824839e+00
    endloop
  endfacet
  facet normal 9.356390e-01 -5.893135e-02 3.480039e-01
    outer loop
      vertex   1.239500e+00 -1.501510e+01 4.824839e+00
      vertex   1.237382e+00 -1.493674e+01 4.843803e+00
      vertex   1.224735e+00 -1.499376e+01 4.868149e+00
    endloop
  endfacet
  facet normal 9.387062e-01 -4.433068e-02 3.418558e-01
    outer loop
      vertex   1.239500e+00 -1.501510e+01 4.824839e+00
      vertex   1.224735e+00 -1.499376e+01 4.868149e+00
      vertex   1.231370e+00 -1.503718e+01 4.844299e+00
    endloop
  endfacet
  facet normal 9.228885e-01 -6.723567e-02 3.791520e-01
    outer loop
      vertex   1.231370e+00 -1.503718e+01 4.844299e+00
      vertex   1.224735e+00 -1.499376e+01 4.868149e+00
      vertex   1.203913e+00 -1.504337e+01 4.910036e+00
    endloop
  endfacet
  facet normal 9.233357e-01 -4.030782e-02 3.818724e-01
    outer loop
      vertex   1.231370e+00 -1.503718e+01 4.844299e+00
      vertex   1.203913e+00 -1.504337e+01 4.910036e+00
      vertex   1.210314e+00 -1.509196e+01 4.889429e+00
    endloop
  endfacet
  facet normal 9.036565e-01 -6.073460e-02 4.239295e-01
    outer loop
      vertex   1.210314e+00 -1.509196e+01 4.889429e+00
      vertex   1.203913e+00 -1.504337e+01 4.910036e+00
      vertex   1.176703e+00 -1.509614e+01 4.960476e+00
    endloop
  endfacet
  facet normal 9.042268e-01 -2.900167e-02 4.260667e-01
    outer loop
      vertex   1.210314e+00 -1.509196e+01 4.889429e+00
      vertex   1.176703e+00 -1.509614e+01 4.960476e+00
      vertex   1.183043e+00 -1.514965e+01 4.943378e+00
    endloop
  endfacet
  facet normal 9.796491e-01 -7.211892e-02 1.873140e-01
    outer loop
      vertex   1.239500e+00 -1.484029e+01 4.871068e+00
      vertex   1.238581e+00 -1.484333e+01 4.874706e+00
      vertex   1.239500e+00 -1.491713e+01 4.841485e+00
    endloop
  endfacet
  facet normal 9.577572e-01 -1.080432e-01 2.665105e-01
    outer loop
      vertex   1.239500e+00 -1.491713e+01 4.841485e+00
      vertex   1.238581e+00 -1.484333e+01 4.874706e+00
      vertex   1.233624e+00 -1.490358e+01 4.868096e+00
    endloop
  endfacet
  facet normal 9.650932e-01 -7.454379e-02 2.510743e-01
    outer loop
      vertex   1.239500e+00 -1.491713e+01 4.841485e+00
      vertex   1.233624e+00 -1.490358e+01 4.868096e+00
      vertex   1.237382e+00 -1.493674e+01 4.843803e+00
    endloop
  endfacet
  facet normal 9.578767e-01 -9.097578e-02 2.723888e-01
    outer loop
      vertex   1.237382e+00 -1.493674e+01 4.843803e+00
      vertex   1.233624e+00 -1.490358e+01 4.868096e+00
      vertex   1.218399e+00 -1.490059e+01 4.922634e+00
    endloop
  endfacet
  facet normal 9.447013e-01 -1.451476e-01 2.940605e-01
    outer loop
      vertex   1.237382e+00 -1.493674e+01 4.843803e+00
      vertex   1.218399e+00 -1.490059e+01 4.922634e+00
      vertex   1.219637e+00 -1.493819e+01 4.900092e+00
    endloop
  endfacet
  facet normal 9.303008e-01 -1.655525e-01 3.273113e-01
    outer loop
      vertex   1.219637e+00 -1.493819e+01 4.900092e+00
      vertex   1.218399e+00 -1.490059e+01 4.922634e+00
      vertex   1.199003e+00 -1.493327e+01 4.961229e+00
    endloop
  endfacet
  facet normal 9.347605e-01 -1.395539e-01 3.267225e-01
    outer loop
      vertex   1.219637e+00 -1.493819e+01 4.900092e+00
      vertex   1.199003e+00 -1.493327e+01 4.961229e+00
      vertex   1.200093e+00 -1.499498e+01 4.931753e+00
    endloop
  endfacet
  facet normal 9.075949e-01 -1.678005e-01 3.848564e-01
    outer loop
      vertex   1.200093e+00 -1.499498e+01 4.931753e+00
      vertex   1.199003e+00 -1.493327e+01 4.961229e+00
      vertex   1.172609e+00 -1.498990e+01 4.998781e+00
    endloop
  endfacet
  facet normal 9.133793e-01 -1.334278e-01 3.846236e-01
    outer loop
      vertex   1.200093e+00 -1.499498e+01 4.931753e+00
      vertex   1.172609e+00 -1.498990e+01 4.998781e+00
      vertex   1.173222e+00 -1.504284e+01 4.978963e+00
    endloop
  endfacet
  facet normal 9.815799e-01 -1.097116e-01 1.564106e-01
    outer loop
      vertex   1.238581e+00 -1.484333e+01 4.874706e+00
      vertex   1.239500e+00 -1.484029e+01 4.871068e+00
      vertex   1.237363e+00 -1.481533e+01 4.901987e+00
    endloop
  endfacet
  facet normal 9.875311e-01 -8.195241e-02 1.344102e-01
    outer loop
      vertex   1.237363e+00 -1.481533e+01 4.901987e+00
      vertex   1.239500e+00 -1.484029e+01 4.871068e+00
      vertex   1.239500e+00 -1.480797e+01 4.890776e+00
    endloop
  endfacet
  facet normal 9.867840e-01 -1.190890e-01 1.098872e-01
    outer loop
      vertex   1.237363e+00 -1.481533e+01 4.901987e+00
      vertex   1.239500e+00 -1.480797e+01 4.890776e+00
      vertex   1.237661e+00 -1.478719e+01 4.929812e+00
    endloop
  endfacet
  facet normal 9.939901e-01 -7.005120e-02 8.412184e-02
    outer loop
      vertex   1.237661e+00 -1.478719e+01 4.929812e+00
      vertex   1.239500e+00 -1.480797e+01 4.890776e+00
      vertex   1.238906e+00 -1.479332e+01 4.909993e+00
    endloop
  endfacet
  facet normal 9.771056e-01 -1.780400e-01 1.164749e-01
    outer loop
      vertex   1.237661e+00 -1.478719e+01 4.929812e+00
      vertex   1.238906e+00 -1.479332e+01 4.909993e+00
      vertex   1.239500e+00 -1.476071e+01 4.954851e+00
    endloop
  endfacet
  facet normal 9.981978e-01 -5.405096e-02 2.606990e-02
    outer loop
      vertex   1.239500e+00 -1.476071e+01 4.954851e+00
      vertex   1.238906e+00 -1.479332e+01 4.909993e+00
      vertex   1.239500e+00 -1.477062e+01 4.934310e+00
    endloop
  endfacet
  facet normal 9.981978e-01 -5.405096e-02 2.606990e-02
    outer loop
      vertex   1.239500e+00 -1.477062e+01 4.934310e+00
      vertex   1.238906e+00 -1.479332e+01 4.909993e+00
      vertex   1.239500e+00 -1.477557e+01 4.924039e+00
    endloop
  endfacet
  facet normal 9.973584e-01 -6.257871e-02 3.687894e-02
    outer loop
      vertex   1.239500e+00 -1.477557e+01 4.924039e+00
      vertex   1.238906e+00 -1.479332e+01 4.909993e+00
      vertex   1.239500e+00 -1.478150e+01 4.913987e+00
    endloop
  endfacet
  facet normal 1.000000e+00 1.511837e-13 -2.283200e-14
    outer loop
      vertex   1.239500e+00 -1.477557e+01 4.924039e+00
      vertex   1.239500e+00 -1.478150e+01 4.913987e+00
      vertex   1.239500e+00 -1.477971e+01 4.916128e+00
    endloop
  endfacet
  facet normal 9.924012e-01 -8.112419e-02 9.251307e-02
    outer loop
      vertex   1.239500e+00 -1.480797e+01 4.890776e+00
      vertex   1.239500e+00 -1.478150e+01 4.913987e+00
      vertex   1.238906e+00 -1.479332e+01 4.909993e+00
    endloop
  endfacet
  facet normal 1.000000e+00 1.463312e-12 -7.081896e-13
    outer loop
      vertex   1.239500e+00 -1.477971e+01 4.916128e+00
      vertex   1.239500e+00 -1.477891e+01 4.917154e+00
      vertex   1.239500e+00 -1.477557e+01 4.924039e+00
    endloop
  endfacet
  facet normal 1.000000e+00 0.000000e+00 0.000000e+00
    outer loop
      vertex   1.239500e+00 -1.477557e+01 4.924039e+00
      vertex   1.239500e+00 -1.477891e+01 4.917154e+00
      vertex   1.239500e+00 -1.477893e+01 4.917082e+00
    endloop
  endfacet
  facet normal 0.000000e+00 0.000000e+00 0.000000e+00
    outer loop
      vertex   1.239500e+00 -1.477557e+01 4.924039e+00
      vertex   1.239500e+00 -1.477893e+01 4.917082e+00
      vertex   1.239500e+00 -1.478045e+01 4.913934e+00
    endloop
  endfacet
  facet normal 0.000000e+00 0.000000e+00 0.000000e+00
    outer loop
      vertex   1.239500e+00 -1.478045e+01 4.913934e+00
      vertex   1.239500e+00 -1.477893e+01 4.917082e+00
      vertex   1.239500e+00 -1.477958e+01 4.915733e+00
    endloop
  endfacet
  facet normal 0.000000e+00 0.000000e+00 0.000000e+00
    outer loop
      vertex   1.239500e+00 -1.477958e+01 4.915733e+00
      vertex   1.239500e+00 -1.477893e+01 4.917082e+00
      vertex   1.239500e+00 -1.477915e+01 4.916632e+00
    endloop
  endfacet
  facet normal 0.000000e+00 0.000000e+00 0.000000e+00
    outer loop
      vertex   1.239500e+00 -1.478045e+01 4.913934e+00
      vertex   1.239500e+00 -1.478053e+01 4.913769e+00
      vertex   1.239500e+00 -1.477557e+01 4.924039e+00
    endloop
  endfacet
  facet normal 9.900919e-01 -1.264780e-01 6.100297e-02
    outer loop
      vertex   1.239500e+00 -1.476071e+01 4.954851e+00
      vertex   1.239500e+00 -1.474090e+01 4.995932e+00
      vertex   1.237661e+00 -1.478719e+01 4.929812e+00
    endloop
  endfacet
  facet normal 9.514766e-01 -2.638948e-01 1.582778e-01
    outer loop
      vertex   1.237661e+00 -1.478719e+01 4.929812e+00
      vertex   1.239500e+00 -1.474090e+01 4.995932e+00
      vertex   1.234998e+00 -1.477295e+01 4.969554e+00
    endloop
  endfacet
  facet normal 9.720935e-01 -1.924986e-01 1.340838e-01
    outer loop
      vertex   1.237661e+00 -1.478719e+01 4.929812e+00
      vertex   1.234998e+00 -1.477295e+01 4.969554e+00
      vertex   1.232169e+00 -1.480542e+01 4.943450e+00
    endloop
  endfacet
  facet normal 9.678958e-01 -2.032364e-01 1.478942e-01
    outer loop
      vertex   1.232169e+00 -1.480542e+01 4.943450e+00
      vertex   1.234998e+00 -1.477295e+01 4.969554e+00
      vertex   1.231606e+00 -1.475369e+01 5.018226e+00
    endloop
  endfacet
  facet normal 9.281305e-01 -3.028261e-01 2.164952e-01
    outer loop
      vertex   1.232169e+00 -1.480542e+01 4.943450e+00
      vertex   1.231606e+00 -1.475369e+01 5.018226e+00
      vertex   1.225544e+00 -1.478999e+01 4.993432e+00
    endloop
  endfacet
  facet normal 9.189365e-01 -3.152763e-01 2.369737e-01
    outer loop
      vertex   1.225544e+00 -1.478999e+01 4.993432e+00
      vertex   1.231606e+00 -1.475369e+01 5.018226e+00
      vertex   1.217925e+00 -1.477014e+01 5.049390e+00
    endloop
  endfacet
  facet normal 9.193701e-01 -3.142418e-01 2.366658e-01
    outer loop
      vertex   1.225544e+00 -1.478999e+01 4.993432e+00
      vertex   1.217925e+00 -1.477014e+01 5.049390e+00
      vertex   1.210218e+00 -1.481000e+01 5.026397e+00
    endloop
  endfacet
  facet normal 8.927901e-01 -3.418245e-01 2.933971e-01
    outer loop
      vertex   1.210218e+00 -1.481000e+01 5.026397e+00
      vertex   1.217925e+00 -1.477014e+01 5.049390e+00
      vertex   1.197909e+00 -1.478921e+01 5.088075e+00
    endloop
  endfacet
  facet normal 8.947893e-01 -3.374817e-01 2.923322e-01
    outer loop
      vertex   1.210218e+00 -1.481000e+01 5.026397e+00
      vertex   1.197909e+00 -1.478921e+01 5.088075e+00
      vertex   1.188442e+00 -1.483292e+01 5.066600e+00
    endloop
  endfacet
  facet normal 9.446640e-01 -2.771307e-01 1.755236e-01
    outer loop
      vertex   1.234998e+00 -1.477295e+01 4.969554e+00
      vertex   1.239500e+00 -1.474090e+01 4.995932e+00
      vertex   1.231606e+00 -1.475369e+01 5.018226e+00
    endloop
  endfacet
  facet normal 9.371601e-01 -3.142561e-01 1.515722e-01
    outer loop
      vertex   1.231606e+00 -1.475369e+01 5.018226e+00
      vertex   1.239500e+00 -1.474090e+01 4.995932e+00
      vertex   1.239500e+00 -1.470127e+01 5.078096e+00
    endloop
  endfacet
  facet normal 8.893218e-01 -3.957024e-01 2.291862e-01
    outer loop
      vertex   1.231606e+00 -1.475369e+01 5.018226e+00
      vertex   1.239500e+00 -1.470127e+01 5.078096e+00
      vertex   1.227717e+00 -1.473058e+01 5.073216e+00
    endloop
  endfacet
  facet normal 8.996418e-01 -3.932742e-01 1.896843e-01
    outer loop
      vertex   1.227717e+00 -1.473058e+01 5.073216e+00
      vertex   1.239500e+00 -1.470127e+01 5.078096e+00
      vertex   1.239500e+00 -1.466164e+01 5.160259e+00
    endloop
  endfacet
  facet normal 8.313222e-01 -4.849454e-01 2.715351e-01
    outer loop
      vertex   1.227717e+00 -1.473058e+01 5.073216e+00
      vertex   1.239500e+00 -1.466164e+01 5.160259e+00
      vertex   1.223440e+00 -1.470415e+01 5.133516e+00
    endloop
  endfacet
  facet normal 7.645350e-01 -5.607389e-01 3.178965e-01
    outer loop
      vertex   1.216367e+00 -1.465825e+01 5.234134e+00
      vertex   1.239500e+00 -1.462201e+01 5.242423e+00
      vertex   1.209020e+00 -1.460757e+01 5.341205e+00
    endloop
  endfacet
  facet normal 7.003278e-01 -6.429432e-01 3.101048e-01
    outer loop
      vertex   1.209020e+00 -1.460757e+01 5.341205e+00
      vertex   1.239500e+00 -1.462201e+01 5.242423e+00
      vertex   1.239500e+00 -1.454275e+01 5.406749e+00
    endloop
  endfacet
  facet normal 6.371389e-01 -6.753108e-01 3.714962e-01
    outer loop
      vertex   1.209020e+00 -1.460757e+01 5.341205e+00
      vertex   1.239500e+00 -1.454275e+01 5.406749e+00
      vertex   1.201630e+00 -1.455310e+01 5.452895e+00
    endloop
  endfacet
  facet normal 6.127648e-01 -7.117967e-01 3.433143e-01
    outer loop
      vertex   1.201630e+00 -1.455310e+01 5.452895e+00
      vertex   1.239500e+00 -1.454275e+01 5.406749e+00
      vertex   1.239500e+00 -1.446350e+01 5.571076e+00
    endloop
  endfacet
  facet normal 5.090298e-01 -7.565600e-01 4.104943e-01
    outer loop
      vertex   1.201630e+00 -1.455310e+01 5.452895e+00
      vertex   1.239500e+00 -1.446350e+01 5.571076e+00
      vertex   1.194406e+00 -1.449573e+01 5.567577e+00
    endloop
  endfacet
  facet normal 5.188488e-01 -7.667648e-01 3.779783e-01
    outer loop
      vertex   1.194406e+00 -1.449573e+01 5.567577e+00
      vertex   1.239500e+00 -1.446350e+01 5.571076e+00
      vertex   1.087316e+00 -1.454265e+01 5.619396e+00
    endloop
  endfacet
  facet normal 5.377090e-01 -6.861869e-01 4.899149e-01
    outer loop
      vertex   1.194406e+00 -1.449573e+01 5.567577e+00
      vertex   1.087316e+00 -1.454265e+01 5.619396e+00
      vertex   1.096394e+00 -1.454787e+01 5.602125e+00
    endloop
  endfacet
  facet normal 5.644873e-01 -6.597913e-01 4.960136e-01
    outer loop
      vertex   1.096394e+00 -1.454787e+01 5.602125e+00
      vertex   1.087316e+00 -1.454265e+01 5.619396e+00
      vertex   9.894216e-01 -1.461050e+01 5.640552e+00
    endloop
  endfacet
  facet normal 5.641689e-01 -6.557855e-01 5.016561e-01
    outer loop
      vertex   1.096394e+00 -1.454787e+01 5.602125e+00
      vertex   9.894216e-01 -1.461050e+01 5.640552e+00
      vertex   1.054459e+00 -1.460175e+01 5.578856e+00
    endloop
  endfacet
  facet normal 5.924354e-01 -5.981817e-01 5.396286e-01
    outer loop
      vertex   1.054459e+00 -1.460175e+01 5.578856e+00
      vertex   9.894216e-01 -1.461050e+01 5.640552e+00
      vertex   1.015584e+00 -1.465888e+01 5.558206e+00
    endloop
  endfacet
  facet normal 6.267574e-01 -6.042973e-01 4.919348e-01
    outer loop
      vertex   1.054459e+00 -1.460175e+01 5.578856e+00
      vertex   1.015584e+00 -1.465888e+01 5.558206e+00
      vertex   1.075922e+00 -1.464790e+01 5.494822e+00
    endloop
  endfacet
  facet normal 6.446909e-01 -5.640368e-01 5.159807e-01
    outer loop
      vertex   1.075922e+00 -1.464790e+01 5.494822e+00
      vertex   1.015584e+00 -1.465888e+01 5.558206e+00
      vertex   1.042395e+00 -1.470431e+01 5.475045e+00
    endloop
  endfacet
  facet normal 6.793721e-01 -5.670383e-01 4.657478e-01
    outer loop
      vertex   1.075922e+00 -1.464790e+01 5.494822e+00
      vertex   1.042395e+00 -1.470431e+01 5.475045e+00
      vertex   1.104630e+00 -1.470399e+01 5.384648e+00
    endloop
  endfacet
  facet normal 7.078484e-01 -5.130315e-01 4.855402e-01
    outer loop
      vertex   1.104630e+00 -1.470399e+01 5.384648e+00
      vertex   1.042395e+00 -1.470431e+01 5.475045e+00
      vertex   1.078054e+00 -1.475876e+01 5.365524e+00
    endloop
  endfacet
  facet normal 7.430513e-01 -5.113337e-01 4.317553e-01
    outer loop
      vertex   1.104630e+00 -1.470399e+01 5.384648e+00
      vertex   1.078054e+00 -1.475876e+01 5.365524e+00
      vertex   1.133450e+00 -1.475429e+01 5.275484e+00
    endloop
  endfacet
  facet normal 7.683901e-01 -4.549121e-01 4.501461e-01
    outer loop
      vertex   1.133450e+00 -1.475429e+01 5.275484e+00
      vertex   1.078054e+00 -1.475876e+01 5.365524e+00
      vertex   1.113656e+00 -1.480656e+01 5.256445e+00
    endloop
  endfacet
  facet normal 8.025130e-01 -4.475742e-01 3.945253e-01
    outer loop
      vertex   1.133450e+00 -1.475429e+01 5.275484e+00
      vertex   1.113656e+00 -1.480656e+01 5.256445e+00
      vertex   1.161652e+00 -1.479768e+01 5.168891e+00
    endloop
  endfacet
  facet normal 8.238115e-01 -3.892193e-01 4.121201e-01
    outer loop
      vertex   1.161652e+00 -1.479768e+01 5.168891e+00
      vertex   1.113656e+00 -1.480656e+01 5.256445e+00
      vertex   1.148337e+00 -1.484656e+01 5.149348e+00
    endloop
  endfacet
  facet normal 5.638407e-01 -6.578135e-01 4.993647e-01
    outer loop
      vertex   1.087316e+00 -1.454265e+01 5.619396e+00
      vertex   9.414626e-01 -1.462808e+01 5.671545e+00
      vertex   9.894216e-01 -1.461050e+01 5.640552e+00
    endloop
  endfacet
  facet normal 5.831413e-01 -5.694967e-01 5.793270e-01
    outer loop
      vertex   9.894216e-01 -1.461050e+01 5.640552e+00
      vertex   9.414626e-01 -1.462808e+01 5.671545e+00
      vertex   9.485371e-01 -1.467138e+01 5.621867e+00
    endloop
  endfacet
  facet normal 6.159600e-01 -5.780110e-01 5.352537e-01
    outer loop
      vertex   9.894216e-01 -1.461050e+01 5.640552e+00
      vertex   9.485371e-01 -1.467138e+01 5.621867e+00
      vertex   1.015584e+00 -1.465888e+01 5.558206e+00
    endloop
  endfacet
  facet normal 6.304685e-01 -5.394766e-01 5.580990e-01
    outer loop
      vertex   1.015584e+00 -1.465888e+01 5.558206e+00
      vertex   9.485371e-01 -1.467138e+01 5.621867e+00
      vertex   9.799975e-01 -1.471899e+01 5.540303e+00
    endloop
  endfacet
  facet normal 6.636908e-01 -5.453917e-01 5.119204e-01
    outer loop
      vertex   1.015584e+00 -1.465888e+01 5.558206e+00
      vertex   9.799975e-01 -1.471899e+01 5.540303e+00
      vertex   1.042395e+00 -1.470431e+01 5.475045e+00
    endloop
  endfacet
  facet normal 6.773451e-01 -5.062406e-01 5.337828e-01
    outer loop
      vertex   1.042395e+00 -1.470431e+01 5.475045e+00
      vertex   9.799975e-01 -1.471899e+01 5.540303e+00
      vertex   1.012066e+00 -1.476325e+01 5.457635e+00
    endloop
  endfacet
  facet normal 7.112004e-01 -5.091662e-01 4.847099e-01
    outer loop
      vertex   1.042395e+00 -1.470431e+01 5.475045e+00
      vertex   1.012066e+00 -1.476325e+01 5.457635e+00
      vertex   1.078054e+00 -1.475876e+01 5.365524e+00
    endloop
  endfacet
  facet normal 7.334035e-01 -4.571207e-01 5.031501e-01
    outer loop
      vertex   1.078054e+00 -1.475876e+01 5.365524e+00
      vertex   1.012066e+00 -1.476325e+01 5.457635e+00
      vertex   1.054496e+00 -1.481550e+01 5.348314e+00
    endloop
  endfacet
  facet normal 7.680102e-01 -4.554450e-01 4.502557e-01
    outer loop
      vertex   1.078054e+00 -1.475876e+01 5.365524e+00
      vertex   1.054496e+00 -1.481550e+01 5.348314e+00
      vertex   1.113656e+00 -1.480656e+01 5.256445e+00
    endloop
  endfacet
  facet normal 7.872313e-01 -4.017113e-01 4.678621e-01
    outer loop
      vertex   1.113656e+00 -1.480656e+01 5.256445e+00
      vertex   1.054496e+00 -1.481550e+01 5.348314e+00
      vertex   1.096643e+00 -1.486032e+01 5.238916e+00
    endloop
  endfacet
  facet normal 8.208048e-01 -3.944840e-01 4.131125e-01
    outer loop
      vertex   1.113656e+00 -1.480656e+01 5.256445e+00
      vertex   1.096643e+00 -1.486032e+01 5.238916e+00
      vertex   1.148337e+00 -1.484656e+01 5.149348e+00
    endloop
  endfacet
  facet normal 8.362829e-01 -3.395848e-01 4.304801e-01
    outer loop
      vertex   1.148337e+00 -1.484656e+01 5.149348e+00
      vertex   1.096643e+00 -1.486032e+01 5.238916e+00
      vertex   1.137524e+00 -1.489649e+01 5.130966e+00
    endloop
  endfacet
  facet normal 6.141219e-01 -5.495928e-01 5.663939e-01
    outer loop
      vertex   9.414626e-01 -1.462808e+01 5.671545e+00
      vertex   8.029931e-01 -1.472306e+01 5.729521e+00
      vertex   9.485371e-01 -1.467138e+01 5.621867e+00
    endloop
  endfacet
  facet normal 6.267304e-01 -4.695753e-01 6.218586e-01
    outer loop
      vertex   9.485371e-01 -1.467138e+01 5.621867e+00
      vertex   8.029931e-01 -1.472306e+01 5.729521e+00
      vertex   8.569095e-01 -1.471695e+01 5.679802e+00
    endloop
  endfacet
  facet normal 6.267703e-01 -4.898829e-01 6.059486e-01
    outer loop
      vertex   9.485371e-01 -1.467138e+01 5.621867e+00
      vertex   8.569095e-01 -1.471695e+01 5.679802e+00
      vertex   8.951412e-01 -1.476619e+01 5.600441e+00
    endloop
  endfacet
  facet normal 6.717110e-01 -4.395198e-01 5.963445e-01
    outer loop
      vertex   8.951412e-01 -1.476619e+01 5.600441e+00
      vertex   8.569095e-01 -1.471695e+01 5.679802e+00
      vertex   8.152817e-01 -1.479622e+01 5.668266e+00
    endloop
  endfacet
  facet normal 6.755781e-01 -4.046017e-01 6.163536e-01
    outer loop
      vertex   8.951412e-01 -1.476619e+01 5.600441e+00
      vertex   8.152817e-01 -1.479622e+01 5.668266e+00
      vertex   8.593186e-01 -1.484377e+01 5.588780e+00
    endloop
  endfacet
  facet normal 7.087692e-01 -3.588333e-01 6.073589e-01
    outer loop
      vertex   8.593186e-01 -1.484377e+01 5.588780e+00
      vertex   8.152817e-01 -1.479622e+01 5.668266e+00
      vertex   7.790985e-01 -1.487868e+01 5.661771e+00
    endloop
  endfacet
  facet normal 7.098918e-01 -3.266182e-01 6.239985e-01
    outer loop
      vertex   8.593186e-01 -1.484377e+01 5.588780e+00
      vertex   7.790985e-01 -1.487868e+01 5.661771e+00
      vertex   8.287215e-01 -1.492409e+01 5.581550e+00
    endloop
  endfacet
  facet normal 7.401473e-01 -2.751441e-01 6.135777e-01
    outer loop
      vertex   8.287215e-01 -1.492409e+01 5.581550e+00
      vertex   7.790985e-01 -1.487868e+01 5.661771e+00
      vertex   7.486651e-01 -1.496366e+01 5.660377e+00
    endloop
  endfacet
  facet normal 7.390735e-01 -2.461527e-01 6.270400e-01
    outer loop
      vertex   8.287215e-01 -1.492409e+01 5.581550e+00
      vertex   7.486651e-01 -1.496366e+01 5.660377e+00
      vertex   8.035857e-01 -1.500654e+01 5.578811e+00
    endloop
  endfacet
  facet normal 7.658933e-01 -1.884101e-01 6.147432e-01
    outer loop
      vertex   8.035857e-01 -1.500654e+01 5.578811e+00
      vertex   7.486651e-01 -1.496366e+01 5.660377e+00
      vertex   7.242866e-01 -1.505047e+01 5.664142e+00
    endloop
  endfacet
  facet normal 7.631937e-01 -1.631743e-01 6.252276e-01
    outer loop
      vertex   8.035857e-01 -1.500654e+01 5.578811e+00
      vertex   7.242866e-01 -1.505047e+01 5.664142e+00
      vertex   7.841472e-01 -1.509052e+01 5.580621e+00
    endloop
  endfacet
  facet normal 7.893097e-01 -8.760757e-02 6.077131e-01
    outer loop
      vertex   7.841472e-01 -1.509052e+01 5.580621e+00
      vertex   7.242866e-01 -1.505047e+01 5.664142e+00
      vertex   7.024181e-01 -1.516245e+01 5.676403e+00
    endloop
  endfacet
  facet normal 7.831070e-01 -6.642328e-02 6.183296e-01
    outer loop
      vertex   7.841472e-01 -1.509052e+01 5.580621e+00
      vertex   7.024181e-01 -1.516245e+01 5.676403e+00
      vertex   7.679493e-01 -1.519857e+01 5.589527e+00
    endloop
  endfacet
  facet normal 8.010887e-01 1.417532e-02 5.983777e-01
    outer loop
      vertex   7.679493e-01 -1.519857e+01 5.589527e+00
      vertex   7.024181e-01 -1.516245e+01 5.676403e+00
      vertex   6.924693e-01 -1.525118e+01 5.691824e+00
    endloop
  endfacet
  facet normal 7.969575e-01 2.968587e-02 6.033055e-01
    outer loop
      vertex   7.679493e-01 -1.519857e+01 5.589527e+00
      vertex   6.924693e-01 -1.525118e+01 5.691824e+00
      vertex   7.619489e-01 -1.528407e+01 5.601660e+00
    endloop
  endfacet
  facet normal 8.056733e-01 1.026988e-01 5.833896e-01
    outer loop
      vertex   7.619489e-01 -1.528407e+01 5.601660e+00
      vertex   6.924693e-01 -1.525118e+01 5.691824e+00
      vertex   6.890094e-01 -1.533942e+01 5.712137e+00
    endloop
  endfacet
  facet normal 8.019182e-01 1.138320e-01 5.864891e-01
    outer loop
      vertex   7.619489e-01 -1.528407e+01 5.601660e+00
      vertex   6.890094e-01 -1.533942e+01 5.712137e+00
      vertex   7.619404e-01 -1.536904e+01 5.618166e+00
    endloop
  endfacet
  facet normal 8.037048e-01 1.905035e-01 5.637083e-01
    outer loop
      vertex   7.619404e-01 -1.536904e+01 5.618166e+00
      vertex   6.890094e-01 -1.533942e+01 5.712137e+00
      vertex   6.920746e-01 -1.542646e+01 5.737180e+00
    endloop
  endfacet
  facet normal 8.009408e-01 1.972252e-01 5.653283e-01
    outer loop
      vertex   7.619404e-01 -1.536904e+01 5.618166e+00
      vertex   6.920746e-01 -1.542646e+01 5.737180e+00
      vertex   7.679300e-01 -1.545287e+01 5.638924e+00
    endloop
  endfacet
  facet normal 7.949529e-01 2.789427e-01 5.387401e-01
    outer loop
      vertex   7.679300e-01 -1.545287e+01 5.638924e+00
      vertex   6.920746e-01 -1.542646e+01 5.737180e+00
      vertex   7.394119e-01 -1.552356e+01 5.717607e+00
    endloop
  endfacet
  facet normal 7.950278e-01 2.788455e-01 5.386799e-01
    outer loop
      vertex   7.679300e-01 -1.545287e+01 5.638924e+00
      vertex   7.394119e-01 -1.552356e+01 5.717607e+00
      vertex   8.472252e-01 -1.555000e+01 5.572174e+00
    endloop
  endfacet
  facet normal 6.383718e-01 -4.283015e-01 6.395618e-01
    outer loop
      vertex   8.569095e-01 -1.471695e+01 5.679802e+00
      vertex   8.029931e-01 -1.472306e+01 5.729521e+00
      vertex   8.152817e-01 -1.479622e+01 5.668266e+00
    endloop
  endfacet
  facet normal 6.643803e-01 -4.110672e-01 6.241975e-01
    outer loop
      vertex   8.152817e-01 -1.479622e+01 5.668266e+00
      vertex   8.029931e-01 -1.472306e+01 5.729521e+00
      vertex   6.762933e-01 -1.482934e+01 5.794391e+00
    endloop
  endfacet
  facet normal 6.784837e-01 -3.086333e-01 6.666374e-01
    outer loop
      vertex   8.152817e-01 -1.479622e+01 5.668266e+00
      vertex   6.762933e-01 -1.482934e+01 5.794391e+00
      vertex   7.302527e-01 -1.482920e+01 5.739537e+00
    endloop
  endfacet
  facet normal 6.840169e-01 -2.834488e-01 6.721440e-01
    outer loop
      vertex   7.302527e-01 -1.482920e+01 5.739537e+00
      vertex   6.762933e-01 -1.482934e+01 5.794391e+00
      vertex   6.943111e-01 -1.491637e+01 5.739353e+00
    endloop
  endfacet
  facet normal 7.130818e-01 -2.953562e-01 6.358294e-01
    outer loop
      vertex   7.302527e-01 -1.482920e+01 5.739537e+00
      vertex   6.943111e-01 -1.491637e+01 5.739353e+00
      vertex   7.790985e-01 -1.487868e+01 5.661771e+00
    endloop
  endfacet
  facet normal 7.124218e-01 -2.658035e-01 6.494642e-01
    outer loop
      vertex   7.790985e-01 -1.487868e+01 5.661771e+00
      vertex   6.943111e-01 -1.491637e+01 5.739353e+00
      vertex   7.486651e-01 -1.496366e+01 5.660377e+00
    endloop
  endfacet
  facet normal 7.115534e-01 -2.643751e-01 6.509974e-01
    outer loop
      vertex   6.943111e-01 -1.491637e+01 5.739353e+00
      vertex   6.762933e-01 -1.482934e+01 5.794391e+00
      vertex   5.855450e-01 -1.493834e+01 5.849315e+00
    endloop
  endfacet
  facet normal 7.306122e-01 -2.989514e-01 6.138679e-01
    outer loop
      vertex   5.855450e-01 -1.493834e+01 5.849315e+00
      vertex   6.762933e-01 -1.482934e+01 5.794391e+00
      vertex   5.666681e-01 -1.494823e+01 5.866965e+00
    endloop
  endfacet
  facet normal 7.014126e-01 -7.356442e-02 7.089490e-01
    outer loop
      vertex   5.855450e-01 -1.493834e+01 5.849315e+00
      vertex   5.666681e-01 -1.494823e+01 5.866965e+00
      vertex   5.201677e-01 -1.501265e+01 5.906287e+00
    endloop
  endfacet
  facet normal 7.176056e-01 -1.033003e-01 6.887461e-01
    outer loop
      vertex   5.855450e-01 -1.493834e+01 5.849315e+00
      vertex   5.201677e-01 -1.501265e+01 5.906287e+00
      vertex   5.490706e-01 -1.505800e+01 5.869370e+00
    endloop
  endfacet
  facet normal 7.571046e-01 -4.784349e-02 6.515394e-01
    outer loop
      vertex   5.490706e-01 -1.505800e+01 5.869370e+00
      vertex   5.201677e-01 -1.501265e+01 5.906287e+00
      vertex   4.804844e-01 -1.508008e+01 5.947448e+00
    endloop
  endfacet
  facet normal 7.510666e-01 1.627889e-03 6.602244e-01
    outer loop
      vertex   5.490706e-01 -1.505800e+01 5.869370e+00
      vertex   4.804844e-01 -1.508008e+01 5.947448e+00
      vertex   5.288022e-01 -1.515317e+01 5.892662e+00
    endloop
  endfacet
  facet normal 7.721627e-01 3.487847e-02 6.344669e-01
    outer loop
      vertex   5.288022e-01 -1.515317e+01 5.892662e+00
      vertex   4.804844e-01 -1.508008e+01 5.947448e+00
      vertex   4.484257e-01 -1.515032e+01 5.990326e+00
    endloop
  endfacet
  facet normal 7.700346e-01 9.441772e-02 6.309770e-01
    outer loop
      vertex   5.288022e-01 -1.515317e+01 5.892662e+00
      vertex   4.484257e-01 -1.515032e+01 5.990326e+00
      vertex   5.161999e-01 -1.524795e+01 5.922224e+00
    endloop
  endfacet
  facet normal 7.832084e-01 1.178563e-01 6.104870e-01
    outer loop
      vertex   5.161999e-01 -1.524795e+01 5.922224e+00
      vertex   4.484257e-01 -1.515032e+01 5.990326e+00
      vertex   4.247703e-01 -1.522303e+01 6.034712e+00
    endloop
  endfacet
  facet normal 7.822173e-01 1.860362e-01 5.945810e-01
    outer loop
      vertex   5.161999e-01 -1.524795e+01 5.922224e+00
      vertex   4.247703e-01 -1.522303e+01 6.034712e+00
      vertex   5.114020e-01 -1.534137e+01 5.957767e+00
    endloop
  endfacet
  facet normal 7.892316e-01 2.003253e-01 5.805027e-01
    outer loop
      vertex   5.114020e-01 -1.534137e+01 5.957767e+00
      vertex   4.247703e-01 -1.522303e+01 6.034712e+00
      vertex   4.103053e-01 -1.529715e+01 6.079956e+00
    endloop
  endfacet
  facet normal 7.872022e-01 2.763331e-01 5.513190e-01
    outer loop
      vertex   5.114020e-01 -1.534137e+01 5.957767e+00
      vertex   4.103053e-01 -1.529715e+01 6.079956e+00
      vertex   5.181422e-01 -1.543429e+01 5.994718e+00
    endloop
  endfacet
  facet normal 7.893381e-01 2.815792e-01 5.455809e-01
    outer loop
      vertex   5.181422e-01 -1.543429e+01 5.994718e+00
      vertex   4.103053e-01 -1.529715e+01 6.079956e+00
      vertex   4.054060e-01 -1.537231e+01 6.125835e+00
    endloop
  endfacet
  facet normal 7.924164e-01 2.741580e-01 5.448978e-01
    outer loop
      vertex   5.114020e-01 -1.534137e+01 5.957767e+00
      vertex   5.181422e-01 -1.543429e+01 5.994718e+00
      vertex   6.154737e-01 -1.539408e+01 5.832938e+00
    endloop
  endfacet
  facet normal 7.914203e-01 2.768720e-01 5.449732e-01
    outer loop
      vertex   6.154737e-01 -1.539408e+01 5.832938e+00
      vertex   5.181422e-01 -1.543429e+01 5.994718e+00
      vertex   6.296087e-01 -1.548483e+01 5.858519e+00
    endloop
  endfacet
  facet normal 7.939052e-01 2.763168e-01 5.416304e-01
    outer loop
      vertex   6.154737e-01 -1.539408e+01 5.832938e+00
      vertex   6.296087e-01 -1.548483e+01 5.858519e+00
      vertex   6.920746e-01 -1.542646e+01 5.737180e+00
    endloop
  endfacet
  facet normal 7.933094e-01 2.775055e-01 5.418956e-01
    outer loop
      vertex   6.920746e-01 -1.542646e+01 5.737180e+00
      vertex   6.296087e-01 -1.548483e+01 5.858519e+00
      vertex   7.394119e-01 -1.552356e+01 5.717607e+00
    endloop
  endfacet
  facet normal 7.961509e-01 2.827262e-01 5.349856e-01
    outer loop
      vertex   9.523821e-01 -1.556343e+01 5.422776e+00
      vertex   9.166354e-01 -1.548688e+01 5.435520e+00
      vertex   8.472252e-01 -1.555000e+01 5.572174e+00
    endloop
  endfacet
  facet normal 7.971944e-01 2.806177e-01 5.345416e-01
    outer loop
      vertex   8.472252e-01 -1.555000e+01 5.572174e+00
      vertex   9.166354e-01 -1.548688e+01 5.435520e+00
      vertex   8.428940e-01 -1.547312e+01 5.538271e+00
    endloop
  endfacet
  facet normal 7.958735e-01 2.812611e-01 5.361694e-01
    outer loop
      vertex   8.472252e-01 -1.555000e+01 5.572174e+00
      vertex   8.428940e-01 -1.547312e+01 5.538271e+00
      vertex   7.679300e-01 -1.545287e+01 5.638924e+00
    endloop
  endfacet
  facet normal 8.044957e-01 2.021205e-01 5.585105e-01
    outer loop
      vertex   7.679300e-01 -1.545287e+01 5.638924e+00
      vertex   8.428940e-01 -1.547312e+01 5.538271e+00
      vertex   8.341979e-01 -1.539278e+01 5.521722e+00
    endloop
  endfacet
  facet normal 8.073331e-01 1.955577e-01 5.567499e-01
    outer loop
      vertex   7.679300e-01 -1.545287e+01 5.638924e+00
      vertex   8.341979e-01 -1.539278e+01 5.521722e+00
      vertex   7.619404e-01 -1.536904e+01 5.618166e+00
    endloop
  endfacet
  facet normal 8.084936e-01 1.219906e-01 5.757225e-01
    outer loop
      vertex   7.619404e-01 -1.536904e+01 5.618166e+00
      vertex   8.341979e-01 -1.539278e+01 5.521722e+00
      vertex   8.309852e-01 -1.531134e+01 5.508979e+00
    endloop
  endfacet
  facet normal 8.123906e-01 1.111006e-01 5.724317e-01
    outer loop
      vertex   7.619404e-01 -1.536904e+01 5.618166e+00
      vertex   8.309852e-01 -1.531134e+01 5.508979e+00
      vertex   7.619489e-01 -1.528407e+01 5.601660e+00
    endloop
  endfacet
  facet normal 8.070498e-01 4.111695e-02 5.890501e-01
    outer loop
      vertex   7.619489e-01 -1.528407e+01 5.601660e+00
      vertex   8.309852e-01 -1.531134e+01 5.508979e+00
      vertex   8.332723e-01 -1.522937e+01 5.500123e+00
    endloop
  endfacet
  facet normal 8.113981e-01 2.592101e-02 5.839189e-01
    outer loop
      vertex   7.619489e-01 -1.528407e+01 5.601660e+00
      vertex   8.332723e-01 -1.522937e+01 5.500123e+00
      vertex   7.679493e-01 -1.519857e+01 5.589527e+00
    endloop
  endfacet
  facet normal 7.978633e-01 -5.134993e-02 6.006474e-01
    outer loop
      vertex   7.679493e-01 -1.519857e+01 5.589527e+00
      vertex   8.332723e-01 -1.522937e+01 5.500123e+00
      vertex   8.440952e-01 -1.512561e+01 5.494618e+00
    endloop
  endfacet
  facet normal 8.042374e-01 -7.193087e-02 5.899391e-01
    outer loop
      vertex   7.679493e-01 -1.519857e+01 5.589527e+00
      vertex   8.440952e-01 -1.512561e+01 5.494618e+00
      vertex   7.841472e-01 -1.509052e+01 5.580621e+00
    endloop
  endfacet
  facet normal 7.831697e-01 -1.443766e-01 6.048145e-01
    outer loop
      vertex   7.841472e-01 -1.509052e+01 5.580621e+00
      vertex   8.440952e-01 -1.512561e+01 5.494618e+00
      vertex   8.588151e-01 -1.504478e+01 5.494853e+00
    endloop
  endfacet
  facet normal 7.862633e-01 -1.691812e-01 5.942791e-01
    outer loop
      vertex   7.841472e-01 -1.509052e+01 5.580621e+00
      vertex   8.588151e-01 -1.504478e+01 5.494853e+00
      vertex   8.035857e-01 -1.500654e+01 5.578811e+00
    endloop
  endfacet
  facet normal 7.640445e-01 -2.244817e-01 6.048504e-01
    outer loop
      vertex   8.035857e-01 -1.500654e+01 5.578811e+00
      vertex   8.588151e-01 -1.504478e+01 5.494853e+00
      vertex   8.788550e-01 -1.496519e+01 5.499075e+00
    endloop
  endfacet
  facet normal 7.655789e-01 -2.530520e-01 5.914843e-01
    outer loop
      vertex   8.035857e-01 -1.500654e+01 5.578811e+00
      vertex   8.788550e-01 -1.496519e+01 5.499075e+00
      vertex   8.287215e-01 -1.492409e+01 5.581550e+00
    endloop
  endfacet
  facet normal 7.401115e-01 -3.024600e-01 6.006271e-01
    outer loop
      vertex   8.287215e-01 -1.492409e+01 5.581550e+00
      vertex   8.788550e-01 -1.496519e+01 5.499075e+00
      vertex   9.040379e-01 -1.488738e+01 5.507226e+00
    endloop
  endfacet
  facet normal 7.394978e-01 -3.343209e-01 5.842710e-01
    outer loop
      vertex   8.287215e-01 -1.492409e+01 5.581550e+00
      vertex   9.040379e-01 -1.488738e+01 5.507226e+00
      vertex   8.593186e-01 -1.484377e+01 5.588780e+00
    endloop
  endfacet
  facet normal 7.113151e-01 -3.783429e-01 5.923575e-01
    outer loop
      vertex   8.593186e-01 -1.484377e+01 5.588780e+00
      vertex   9.040379e-01 -1.488738e+01 5.507226e+00
      vertex   9.341871e-01 -1.481188e+01 5.519245e+00
    endloop
  endfacet
  facet normal 7.079820e-01 -4.130271e-01 5.728613e-01
    outer loop
      vertex   8.593186e-01 -1.484377e+01 5.588780e+00
      vertex   9.341871e-01 -1.481188e+01 5.519245e+00
      vertex   8.951412e-01 -1.476619e+01 5.600441e+00
    endloop
  endfacet
  facet normal 6.693537e-01 -4.619885e-01 5.818352e-01
    outer loop
      vertex   8.951412e-01 -1.476619e+01 5.600441e+00
      vertex   9.341871e-01 -1.481188e+01 5.519245e+00
      vertex   9.799975e-01 -1.471899e+01 5.540303e+00
    endloop
  endfacet
  facet normal 6.683760e-01 -5.006875e-01 5.500777e-01
    outer loop
      vertex   8.951412e-01 -1.476619e+01 5.600441e+00
      vertex   9.799975e-01 -1.471899e+01 5.540303e+00
      vertex   9.485371e-01 -1.467138e+01 5.621867e+00
    endloop
  endfacet
  facet normal 7.979478e-01 2.841373e-01 5.315500e-01
    outer loop
      vertex   9.166354e-01 -1.548688e+01 5.435520e+00
      vertex   9.523821e-01 -1.556343e+01 5.422776e+00
      vertex   1.010710e+00 -1.549418e+01 5.298198e+00
    endloop
  endfacet
  facet normal 7.974159e-01 2.850968e-01 5.318343e-01
    outer loop
      vertex   1.010710e+00 -1.549418e+01 5.298198e+00
      vertex   9.523821e-01 -1.556343e+01 5.422776e+00
      vertex   1.053464e+00 -1.556242e+01 5.270680e+00
    endloop
  endfacet
  facet normal 7.988117e-01 2.872976e-01 5.285451e-01
    outer loop
      vertex   1.010710e+00 -1.549418e+01 5.298198e+00
      vertex   1.053464e+00 -1.556242e+01 5.270680e+00
      vertex   1.100831e+00 -1.548809e+01 5.158687e+00
    endloop
  endfacet
  facet normal 7.985594e-01 2.877017e-01 5.287066e-01
    outer loop
      vertex   1.100831e+00 -1.548809e+01 5.158687e+00
      vertex   1.053464e+00 -1.556242e+01 5.270680e+00
      vertex   1.149705e+00 -1.554533e+01 5.116015e+00
    endloop
  endfacet
  facet normal 7.994710e-01 2.907617e-01 5.256460e-01
    outer loop
      vertex   1.100831e+00 -1.548809e+01 5.158687e+00
      vertex   1.149705e+00 -1.554533e+01 5.116015e+00
      vertex   1.185489e+00 -1.546698e+01 5.018249e+00
    endloop
  endfacet
  facet normal 7.735590e-01 -5.297000e-01 3.478856e-01
    outer loop
      vertex   1.195589e+00 -1.470365e+01 5.211210e+00
      vertex   1.216367e+00 -1.465825e+01 5.234134e+00
      vertex   1.181044e+00 -1.465489e+01 5.317798e+00
    endloop
  endfacet
  facet normal 7.306275e-01 -5.963781e-01 3.324404e-01
    outer loop
      vertex   1.181044e+00 -1.465489e+01 5.317798e+00
      vertex   1.216367e+00 -1.465825e+01 5.234134e+00
      vertex   1.209020e+00 -1.460757e+01 5.341205e+00
    endloop
  endfacet
  facet normal 6.977300e-01 -6.034433e-01 3.860428e-01
    outer loop
      vertex   1.181044e+00 -1.465489e+01 5.317798e+00
      vertex   1.209020e+00 -1.460757e+01 5.341205e+00
      vertex   1.166331e+00 -1.460123e+01 5.428274e+00
    endloop
  endfacet
  facet normal 6.503714e-01 -6.649117e-01 3.673002e-01
    outer loop
      vertex   1.166331e+00 -1.460123e+01 5.428274e+00
      vertex   1.209020e+00 -1.460757e+01 5.341205e+00
      vertex   1.201630e+00 -1.455310e+01 5.452895e+00
    endloop
  endfacet
  facet normal 6.161643e-01 -6.665619e-01 4.195674e-01
    outer loop
      vertex   1.166331e+00 -1.460123e+01 5.428274e+00
      vertex   1.201630e+00 -1.455310e+01 5.452895e+00
      vertex   1.151850e+00 -1.454363e+01 5.541036e+00
    endloop
  endfacet
  facet normal 5.657367e-01 -7.226648e-01 3.971116e-01
    outer loop
      vertex   1.151850e+00 -1.454363e+01 5.541036e+00
      vertex   1.201630e+00 -1.455310e+01 5.452895e+00
      vertex   1.194406e+00 -1.449573e+01 5.567577e+00
    endloop
  endfacet
  facet normal 5.376529e-01 -7.204207e-01 4.380907e-01
    outer loop
      vertex   1.151850e+00 -1.454363e+01 5.541036e+00
      vertex   1.194406e+00 -1.449573e+01 5.567577e+00
      vertex   1.096394e+00 -1.454787e+01 5.602125e+00
    endloop
  endfacet
  facet normal 8.092667e-01 -4.373757e-01 3.921606e-01
    outer loop
      vertex   1.133450e+00 -1.475429e+01 5.275484e+00
      vertex   1.161652e+00 -1.479768e+01 5.168891e+00
      vertex   1.177420e+00 -1.475000e+01 5.189532e+00
    endloop
  endfacet
  facet normal 7.926249e-01 -4.840868e-01 3.706827e-01
    outer loop
      vertex   1.177420e+00 -1.475000e+01 5.189532e+00
      vertex   1.195589e+00 -1.470365e+01 5.211210e+00
      vertex   1.155940e+00 -1.470367e+01 5.295960e+00
    endloop
  endfacet
  facet normal 7.575046e-01 -5.483658e-01 3.542339e-01
    outer loop
      vertex   1.155940e+00 -1.470367e+01 5.295960e+00
      vertex   1.195589e+00 -1.470365e+01 5.211210e+00
      vertex   1.181044e+00 -1.465489e+01 5.317798e+00
    endloop
  endfacet
  facet normal 7.238651e-01 -5.555977e-01 4.090605e-01
    outer loop
      vertex   1.155940e+00 -1.470367e+01 5.295960e+00
      vertex   1.181044e+00 -1.465489e+01 5.317798e+00
      vertex   1.134098e+00 -1.465141e+01 5.405594e+00
    endloop
  endfacet
  facet normal 6.843383e-01 -6.159040e-01 3.903119e-01
    outer loop
      vertex   1.134098e+00 -1.465141e+01 5.405594e+00
      vertex   1.181044e+00 -1.465489e+01 5.317798e+00
      vertex   1.166331e+00 -1.460123e+01 5.428274e+00
    endloop
  endfacet
  facet normal 6.495058e-01 -6.175873e-01 4.435404e-01
    outer loop
      vertex   1.134098e+00 -1.465141e+01 5.405594e+00
      vertex   1.166331e+00 -1.460123e+01 5.428274e+00
      vertex   1.112466e+00 -1.459426e+01 5.516855e+00
    endloop
  endfacet
  facet normal 6.067784e-01 -6.736199e-01 4.219670e-01
    outer loop
      vertex   1.112466e+00 -1.459426e+01 5.516855e+00
      vertex   1.166331e+00 -1.460123e+01 5.428274e+00
      vertex   1.151850e+00 -1.454363e+01 5.541036e+00
    endloop
  endfacet
  facet normal 5.718229e-01 -6.705954e-01 4.725678e-01
    outer loop
      vertex   1.112466e+00 -1.459426e+01 5.516855e+00
      vertex   1.151850e+00 -1.454363e+01 5.541036e+00
      vertex   1.096394e+00 -1.454787e+01 5.602125e+00
    endloop
  endfacet
  facet normal 8.455855e-01 -2.778282e-01 4.558472e-01
    outer loop
      vertex   1.126278e+00 -1.497129e+01 5.106238e+00
      vertex   1.137524e+00 -1.489649e+01 5.130966e+00
      vertex   1.076872e+00 -1.494142e+01 5.216088e+00
    endloop
  endfacet
  facet normal 8.427370e-01 -3.260162e-01 4.283781e-01
    outer loop
      vertex   1.076872e+00 -1.494142e+01 5.216088e+00
      vertex   1.137524e+00 -1.489649e+01 5.130966e+00
      vertex   1.096643e+00 -1.486032e+01 5.238916e+00
    endloop
  endfacet
  facet normal 8.037296e-01 -3.344438e-01 4.921037e-01
    outer loop
      vertex   1.076872e+00 -1.494142e+01 5.216088e+00
      vertex   1.096643e+00 -1.486032e+01 5.238916e+00
      vertex   1.025638e+00 -1.490179e+01 5.326701e+00
    endloop
  endfacet
  facet normal 7.982600e-01 -3.833331e-01 4.645823e-01
    outer loop
      vertex   1.025638e+00 -1.490179e+01 5.326701e+00
      vertex   1.096643e+00 -1.486032e+01 5.238916e+00
      vertex   1.054496e+00 -1.481550e+01 5.348314e+00
    endloop
  endfacet
  facet normal 7.576202e-01 -3.853293e-01 5.268139e-01
    outer loop
      vertex   1.025638e+00 -1.490179e+01 5.326701e+00
      vertex   1.054496e+00 -1.481550e+01 5.348314e+00
      vertex   9.737103e-01 -1.485366e+01 5.436581e+00
    endloop
  endfacet
  facet normal 7.500828e-01 -4.343315e-01 4.987303e-01
    outer loop
      vertex   9.737103e-01 -1.485366e+01 5.436581e+00
      vertex   1.054496e+00 -1.481550e+01 5.348314e+00
      vertex   1.012066e+00 -1.476325e+01 5.457635e+00
    endloop
  endfacet
  facet normal 7.098607e-01 -4.308776e-01 5.571735e-01
    outer loop
      vertex   9.737103e-01 -1.485366e+01 5.436581e+00
      vertex   1.012066e+00 -1.476325e+01 5.457635e+00
      vertex   9.341871e-01 -1.481188e+01 5.519245e+00
    endloop
  endfacet
  facet normal 7.092492e-01 -4.690634e-01 5.262557e-01
    outer loop
      vertex   9.341871e-01 -1.481188e+01 5.519245e+00
      vertex   1.012066e+00 -1.476325e+01 5.457635e+00
      vertex   9.799975e-01 -1.471899e+01 5.540303e+00
    endloop
  endfacet
  facet normal 8.568126e-01 -2.094260e-01 4.711825e-01
    outer loop
      vertex   1.121337e+00 -1.503047e+01 5.088917e+00
      vertex   1.126278e+00 -1.497129e+01 5.106238e+00
      vertex   1.065803e+00 -1.500600e+01 5.200779e+00
    endloop
  endfacet
  facet normal 8.544184e-01 -2.539134e-01 4.533181e-01
    outer loop
      vertex   1.065803e+00 -1.500600e+01 5.200779e+00
      vertex   1.126278e+00 -1.497129e+01 5.106238e+00
      vertex   1.076872e+00 -1.494142e+01 5.216088e+00
    endloop
  endfacet
  facet normal 8.224993e-01 -2.608005e-01 5.054483e-01
    outer loop
      vertex   1.065803e+00 -1.500600e+01 5.200779e+00
      vertex   1.076872e+00 -1.494142e+01 5.216088e+00
      vertex   1.007977e+00 -1.497097e+01 5.312955e+00
    endloop
  endfacet
  facet normal 8.174568e-01 -3.057092e-01 4.881661e-01
    outer loop
      vertex   1.007977e+00 -1.497097e+01 5.312955e+00
      vertex   1.076872e+00 -1.494142e+01 5.216088e+00
      vertex   1.025638e+00 -1.490179e+01 5.326701e+00
    endloop
  endfacet
  facet normal 7.844503e-01 -3.073220e-01 5.386937e-01
    outer loop
      vertex   1.007977e+00 -1.497097e+01 5.312955e+00
      vertex   1.025638e+00 -1.490179e+01 5.326701e+00
      vertex   9.490834e-01 -1.492669e+01 5.423972e+00
    endloop
  endfacet
  facet normal 7.771972e-01 -3.521140e-01 5.215173e-01
    outer loop
      vertex   9.490834e-01 -1.492669e+01 5.423972e+00
      vertex   1.025638e+00 -1.490179e+01 5.326701e+00
      vertex   9.737103e-01 -1.485366e+01 5.436581e+00
    endloop
  endfacet
  facet normal 7.451211e-01 -3.493427e-01 5.681147e-01
    outer loop
      vertex   9.490834e-01 -1.492669e+01 5.423972e+00
      vertex   9.737103e-01 -1.485366e+01 5.436581e+00
      vertex   9.040379e-01 -1.488738e+01 5.507226e+00
    endloop
  endfacet
  facet normal 7.424539e-01 -3.838754e-01 5.490009e-01
    outer loop
      vertex   9.040379e-01 -1.488738e+01 5.507226e+00
      vertex   9.737103e-01 -1.485366e+01 5.436581e+00
      vertex   9.341871e-01 -1.481188e+01 5.519245e+00
    endloop
  endfacet
  facet normal 8.613449e-01 -1.496405e-01 4.854819e-01
    outer loop
      vertex   1.119728e+00 -1.509032e+01 5.073324e+00
      vertex   1.121337e+00 -1.503047e+01 5.088917e+00
      vertex   1.058534e+00 -1.507159e+01 5.187668e+00
    endloop
  endfacet
  facet normal 8.623446e-01 -1.894254e-01 4.695527e-01
    outer loop
      vertex   1.058534e+00 -1.507159e+01 5.187668e+00
      vertex   1.121337e+00 -1.503047e+01 5.088917e+00
      vertex   1.065803e+00 -1.500600e+01 5.200779e+00
    endloop
  endfacet
  facet normal 8.329029e-01 -1.957737e-01 5.176344e-01
    outer loop
      vertex   1.058534e+00 -1.507159e+01 5.187668e+00
      vertex   1.065803e+00 -1.500600e+01 5.200779e+00
      vertex   9.945673e-01 -1.504157e+01 5.301948e+00
    endloop
  endfacet
  facet normal 8.316562e-01 -2.362836e-01 5.025118e-01
    outer loop
      vertex   9.945673e-01 -1.504157e+01 5.301948e+00
      vertex   1.065803e+00 -1.500600e+01 5.200779e+00
      vertex   1.007977e+00 -1.497097e+01 5.312955e+00
    endloop
  endfacet
  facet normal 8.011985e-01 -2.377676e-01 5.491333e-01
    outer loop
      vertex   9.945673e-01 -1.504157e+01 5.301948e+00
      vertex   1.007977e+00 -1.497097e+01 5.312955e+00
      vertex   9.291308e-01 -1.500163e+01 5.414714e+00
    endloop
  endfacet
  facet normal 7.980305e-01 -2.784968e-01 5.344032e-01
    outer loop
      vertex   9.291308e-01 -1.500163e+01 5.414714e+00
      vertex   1.007977e+00 -1.497097e+01 5.312955e+00
      vertex   9.490834e-01 -1.492669e+01 5.423972e+00
    endloop
  endfacet
  facet normal 7.685487e-01 -2.759380e-01 5.772271e-01
    outer loop
      vertex   9.291308e-01 -1.500163e+01 5.414714e+00
      vertex   9.490834e-01 -1.492669e+01 5.423972e+00
      vertex   8.788550e-01 -1.496519e+01 5.499075e+00
    endloop
  endfacet
  facet normal 7.685485e-01 -3.075170e-01 5.610406e-01
    outer loop
      vertex   8.788550e-01 -1.496519e+01 5.499075e+00
      vertex   9.490834e-01 -1.492669e+01 5.423972e+00
      vertex   9.040379e-01 -1.488738e+01 5.507226e+00
    endloop
  endfacet
  facet normal 8.627245e-01 -8.919424e-02 4.977458e-01
    outer loop
      vertex   1.121459e+00 -1.515060e+01 5.059521e+00
      vertex   1.119728e+00 -1.509032e+01 5.073324e+00
      vertex   1.055100e+00 -1.513790e+01 5.176815e+00
    endloop
  endfacet
  facet normal 8.662690e-01 -1.240655e-01 4.839275e-01
    outer loop
      vertex   1.055100e+00 -1.513790e+01 5.176815e+00
      vertex   1.119728e+00 -1.509032e+01 5.073324e+00
      vertex   1.058534e+00 -1.507159e+01 5.187668e+00
    endloop
  endfacet
  facet normal 8.396913e-01 -1.297920e-01 5.273258e-01
    outer loop
      vertex   1.055100e+00 -1.513790e+01 5.176815e+00
      vertex   1.058534e+00 -1.507159e+01 5.187668e+00
      vertex   9.854850e-01 -1.511324e+01 5.293738e+00
    endloop
  endfacet
  facet normal 8.413868e-01 -1.655640e-01 5.144480e-01
    outer loop
      vertex   9.854850e-01 -1.511324e+01 5.293738e+00
      vertex   1.058534e+00 -1.507159e+01 5.187668e+00
      vertex   9.945673e-01 -1.504157e+01 5.301948e+00
    endloop
  endfacet
  facet normal 8.138780e-01 -1.669007e-01 5.565489e-01
    outer loop
      vertex   9.854850e-01 -1.511324e+01 5.293738e+00
      vertex   9.945673e-01 -1.504157e+01 5.301948e+00
      vertex   9.139796e-01 -1.507802e+01 5.408866e+00
    endloop
  endfacet
  facet normal 8.139555e-01 -2.031130e-01 5.442624e-01
    outer loop
      vertex   9.139796e-01 -1.507802e+01 5.408866e+00
      vertex   9.945673e-01 -1.504157e+01 5.301948e+00
      vertex   9.291308e-01 -1.500163e+01 5.414714e+00
    endloop
  endfacet
  facet normal 7.874156e-01 -2.007993e-01 5.828005e-01
    outer loop
      vertex   9.139796e-01 -1.507802e+01 5.408866e+00
      vertex   9.291308e-01 -1.500163e+01 5.414714e+00
      vertex   8.588151e-01 -1.504478e+01 5.494853e+00
    endloop
  endfacet
  facet normal 7.894918e-01 -2.290104e-01 5.694355e-01
    outer loop
      vertex   8.588151e-01 -1.504478e+01 5.494853e+00
      vertex   9.291308e-01 -1.500163e+01 5.414714e+00
      vertex   8.788550e-01 -1.496519e+01 5.499075e+00
    endloop
  endfacet
  facet normal 8.609550e-01 -2.806303e-02 5.079065e-01
    outer loop
      vertex   1.126539e+00 -1.521108e+01 5.047568e+00
      vertex   1.121459e+00 -1.515060e+01 5.059521e+00
      vertex   1.055537e+00 -1.520463e+01 5.168282e+00
    endloop
  endfacet
  facet normal 8.662131e-01 -5.780183e-02 4.963202e-01
    outer loop
      vertex   1.055537e+00 -1.520463e+01 5.168282e+00
      vertex   1.121459e+00 -1.515060e+01 5.059521e+00
      vertex   1.055100e+00 -1.513790e+01 5.176815e+00
    endloop
  endfacet
  facet normal 8.428794e-01 -6.282692e-02 5.344222e-01
    outer loop
      vertex   1.055537e+00 -1.520463e+01 5.168282e+00
      vertex   1.055100e+00 -1.513790e+01 5.176815e+00
      vertex   9.808045e-01 -1.518559e+01 5.288387e+00
    endloop
  endfacet
  facet normal 8.466730e-01 -9.351842e-02 5.238313e-01
    outer loop
      vertex   9.808045e-01 -1.518559e+01 5.288387e+00
      vertex   1.055100e+00 -1.513790e+01 5.176815e+00
      vertex   9.854850e-01 -1.511324e+01 5.293738e+00
    endloop
  endfacet
  facet normal 8.225162e-01 -9.469008e-02 5.608038e-01
    outer loop
      vertex   9.808045e-01 -1.518559e+01 5.288387e+00
      vertex   9.854850e-01 -1.511324e+01 5.293738e+00
      vertex   9.037569e-01 -1.515540e+01 5.406488e+00
    endloop
  endfacet
  facet normal 8.250000e-01 -1.259284e-01 5.509238e-01
    outer loop
      vertex   9.037569e-01 -1.515540e+01 5.406488e+00
      vertex   9.854850e-01 -1.511324e+01 5.293738e+00
      vertex   9.139796e-01 -1.507802e+01 5.408866e+00
    endloop
  endfacet
  facet normal 8.017663e-01 -1.238953e-01 5.846544e-01
    outer loop
      vertex   9.037569e-01 -1.515540e+01 5.406488e+00
      vertex   9.139796e-01 -1.507802e+01 5.408866e+00
      vertex   8.440952e-01 -1.512561e+01 5.494618e+00
    endloop
  endfacet
  facet normal 8.053157e-01 -1.483197e-01 5.739930e-01
    outer loop
      vertex   8.440952e-01 -1.512561e+01 5.494618e+00
      vertex   9.139796e-01 -1.507802e+01 5.408866e+00
      vertex   8.588151e-01 -1.504478e+01 5.494853e+00
    endloop
  endfacet
  facet normal 8.544596e-01 4.163497e-02 5.178468e-01
    outer loop
      vertex   1.137826e+00 -1.528793e+01 5.035123e+00
      vertex   1.126539e+00 -1.521108e+01 5.047568e+00
      vertex   1.061708e+00 -1.528963e+01 5.160857e+00
    endloop
  endfacet
  facet normal 8.622343e-01 1.838450e-02 5.061759e-01
    outer loop
      vertex   1.061708e+00 -1.528963e+01 5.160857e+00
      vertex   1.126539e+00 -1.521108e+01 5.047568e+00
      vertex   1.055537e+00 -1.520463e+01 5.168282e+00
    endloop
  endfacet
  facet normal 8.413365e-01 1.388374e-02 5.403333e-01
    outer loop
      vertex   1.061708e+00 -1.528963e+01 5.160857e+00
      vertex   1.055537e+00 -1.520463e+01 5.168282e+00
      vertex   9.812860e-01 -1.527798e+01 5.285780e+00
    endloop
  endfacet
  facet normal 8.482603e-01 -1.051826e-02 5.294751e-01
    outer loop
      vertex   9.812860e-01 -1.527798e+01 5.285780e+00
      vertex   1.055537e+00 -1.520463e+01 5.168282e+00
      vertex   9.808045e-01 -1.518559e+01 5.288387e+00
    endloop
  endfacet
  facet normal 8.264883e-01 -1.157293e-02 5.628349e-01
    outer loop
      vertex   9.812860e-01 -1.527798e+01 5.285780e+00
      vertex   9.808045e-01 -1.518559e+01 5.288387e+00
      vertex   8.980205e-01 -1.525449e+01 5.408533e+00
    endloop
  endfacet
  facet normal 8.326318e-01 -3.679223e-02 5.526035e-01
    outer loop
      vertex   8.980205e-01 -1.525449e+01 5.408533e+00
      vertex   9.808045e-01 -1.518559e+01 5.288387e+00
      vertex   9.037569e-01 -1.515540e+01 5.406488e+00
    endloop
  endfacet
  facet normal 8.115217e-01 -3.493717e-02 5.832768e-01
    outer loop
      vertex   8.980205e-01 -1.525449e+01 5.408533e+00
      vertex   9.037569e-01 -1.515540e+01 5.406488e+00
      vertex   8.332723e-01 -1.522937e+01 5.500123e+00
    endloop
  endfacet
  facet normal 8.181153e-01 -5.495999e-02 5.724218e-01
    outer loop
      vertex   8.332723e-01 -1.522937e+01 5.500123e+00
      vertex   9.037569e-01 -1.515540e+01 5.406488e+00
      vertex   8.440952e-01 -1.512561e+01 5.494618e+00
    endloop
  endfacet
  facet normal 8.449684e-01 1.113919e-01 5.230872e-01
    outer loop
      vertex   1.150488e+00 -1.534824e+01 5.027513e+00
      vertex   1.137826e+00 -1.528793e+01 5.035123e+00
      vertex   1.070962e+00 -1.535645e+01 5.157723e+00
    endloop
  endfacet
  facet normal 8.511300e-01 9.365259e-02 5.165336e-01
    outer loop
      vertex   1.070962e+00 -1.535645e+01 5.157723e+00
      vertex   1.137826e+00 -1.528793e+01 5.035123e+00
      vertex   1.061708e+00 -1.528963e+01 5.160857e+00
    endloop
  endfacet
  facet normal 8.362372e-01 9.044882e-02 5.408571e-01
    outer loop
      vertex   1.070962e+00 -1.535645e+01 5.157723e+00
      vertex   1.061708e+00 -1.528963e+01 5.160857e+00
      vertex   9.867122e-01 -1.535074e+01 5.287030e+00
    endloop
  endfacet
  facet normal 8.416893e-01 7.196483e-02 5.351451e-01
    outer loop
      vertex   9.867122e-01 -1.535074e+01 5.287030e+00
      vertex   1.061708e+00 -1.528963e+01 5.160857e+00
      vertex   9.812860e-01 -1.527798e+01 5.285780e+00
    endloop
  endfacet
  facet normal 8.262746e-01 7.122070e-02 5.587467e-01
    outer loop
      vertex   9.867122e-01 -1.535074e+01 5.287030e+00
      vertex   9.812860e-01 -1.527798e+01 5.285780e+00
      vertex   8.992208e-01 -1.533267e+01 5.414109e+00
    endloop
  endfacet
  facet normal 8.310598e-01 5.225175e-02 5.537232e-01
    outer loop
      vertex   8.992208e-01 -1.533267e+01 5.414109e+00
      vertex   9.812860e-01 -1.527798e+01 5.285780e+00
      vertex   8.980205e-01 -1.525449e+01 5.408533e+00
    endloop
  endfacet
  facet normal 8.163242e-01 5.355056e-02 5.751062e-01
    outer loop
      vertex   8.992208e-01 -1.533267e+01 5.414109e+00
      vertex   8.980205e-01 -1.525449e+01 5.408533e+00
      vertex   8.309852e-01 -1.531134e+01 5.508979e+00
    endloop
  endfacet
  facet normal 8.209188e-01 3.864346e-02 5.697359e-01
    outer loop
      vertex   8.309852e-01 -1.531134e+01 5.508979e+00
      vertex   8.980205e-01 -1.525449e+01 5.408533e+00
      vertex   8.332723e-01 -1.522937e+01 5.500123e+00
    endloop
  endfacet
  facet normal 8.172195e-01 2.320954e-01 5.275264e-01
    outer loop
      vertex   1.100831e+00 -1.548809e+01 5.158687e+00
      vertex   1.185489e+00 -1.546698e+01 5.018249e+00
      vertex   1.166396e+00 -1.540800e+01 5.021881e+00
    endloop
  endfacet
  facet normal 8.326755e-01 1.720467e-01 5.263567e-01
    outer loop
      vertex   1.166396e+00 -1.540800e+01 5.021881e+00
      vertex   1.150488e+00 -1.534824e+01 5.027513e+00
      vertex   1.084022e+00 -1.542270e+01 5.156997e+00
    endloop
  endfacet
  facet normal 8.379931e-01 1.594757e-01 5.218573e-01
    outer loop
      vertex   1.084022e+00 -1.542270e+01 5.156997e+00
      vertex   1.150488e+00 -1.534824e+01 5.027513e+00
      vertex   1.070962e+00 -1.535645e+01 5.157723e+00
    endloop
  endfacet
  facet normal 8.271420e-01 1.571428e-01 5.395759e-01
    outer loop
      vertex   1.084022e+00 -1.542270e+01 5.156997e+00
      vertex   1.070962e+00 -1.535645e+01 5.157723e+00
      vertex   9.965368e-01 -1.542294e+01 5.291176e+00
    endloop
  endfacet
  facet normal 8.320134e-01 1.439939e-01 5.357419e-01
    outer loop
      vertex   9.965368e-01 -1.542294e+01 5.291176e+00
      vertex   1.070962e+00 -1.535645e+01 5.157723e+00
      vertex   9.867122e-01 -1.535074e+01 5.287030e+00
    endloop
  endfacet
  facet normal 8.207766e-01 1.434527e-01 5.529440e-01
    outer loop
      vertex   9.965368e-01 -1.542294e+01 5.291176e+00
      vertex   9.867122e-01 -1.535074e+01 5.287030e+00
      vertex   9.054371e-01 -1.541029e+01 5.423122e+00
    endloop
  endfacet
  facet normal 8.252173e-01 1.299133e-01 5.496717e-01
    outer loop
      vertex   9.054371e-01 -1.541029e+01 5.423122e+00
      vertex   9.867122e-01 -1.535074e+01 5.287030e+00
      vertex   8.992208e-01 -1.533267e+01 5.414109e+00
    endloop
  endfacet
  facet normal 8.144899e-01 1.308605e-01 5.652272e-01
    outer loop
      vertex   9.054371e-01 -1.541029e+01 5.423122e+00
      vertex   8.992208e-01 -1.533267e+01 5.414109e+00
      vertex   8.341979e-01 -1.539278e+01 5.521722e+00
    endloop
  endfacet
  facet normal 8.185477e-01 1.201964e-01 5.617228e-01
    outer loop
      vertex   8.341979e-01 -1.539278e+01 5.521722e+00
      vertex   8.992208e-01 -1.533267e+01 5.414109e+00
      vertex   8.309852e-01 -1.531134e+01 5.508979e+00
    endloop
  endfacet
  facet normal 9.076631e-01 -1.101212e-01 4.049951e-01
    outer loop
      vertex   1.200093e+00 -1.499498e+01 4.931753e+00
      vertex   1.173222e+00 -1.504284e+01 4.978963e+00
      vertex   1.203913e+00 -1.504337e+01 4.910036e+00
    endloop
  endfacet
  facet normal 9.102738e-01 -8.134117e-02 4.059374e-01
    outer loop
      vertex   1.203913e+00 -1.504337e+01 4.910036e+00
      vertex   1.173222e+00 -1.504284e+01 4.978963e+00
      vertex   1.176703e+00 -1.509614e+01 4.960476e+00
    endloop
  endfacet
  facet normal 9.151496e-01 -1.911899e-01 3.548910e-01
    outer loop
      vertex   1.172609e+00 -1.498990e+01 4.998781e+00
      vertex   1.199003e+00 -1.493327e+01 4.961229e+00
      vertex   1.176058e+00 -1.492262e+01 5.026137e+00
    endloop
  endfacet
  facet normal 9.082454e-01 -2.184060e-01 3.569161e-01
    outer loop
      vertex   1.176058e+00 -1.492262e+01 5.026137e+00
      vertex   1.199003e+00 -1.493327e+01 4.961229e+00
      vertex   1.200743e+00 -1.489166e+01 4.982268e+00
    endloop
  endfacet
  facet normal 9.085379e-01 -2.492357e-01 3.353212e-01
    outer loop
      vertex   1.176058e+00 -1.492262e+01 5.026137e+00
      vertex   1.200743e+00 -1.489166e+01 4.982268e+00
      vertex   1.181149e+00 -1.487742e+01 5.045936e+00
    endloop
  endfacet
  facet normal 9.048951e-01 -2.603886e-01 3.366937e-01
    outer loop
      vertex   1.181149e+00 -1.487742e+01 5.045936e+00
      vertex   1.200743e+00 -1.489166e+01 4.982268e+00
      vertex   1.204486e+00 -1.485054e+01 5.004007e+00
    endloop
  endfacet
  facet normal 9.027883e-01 -2.937802e-01 3.141121e-01
    outer loop
      vertex   1.181149e+00 -1.487742e+01 5.045936e+00
      vertex   1.204486e+00 -1.485054e+01 5.004007e+00
      vertex   1.188442e+00 -1.483292e+01 5.066600e+00
    endloop
  endfacet
  facet normal 8.997430e-01 -3.015217e-01 3.155109e-01
    outer loop
      vertex   1.188442e+00 -1.483292e+01 5.066600e+00
      vertex   1.204486e+00 -1.485054e+01 5.004007e+00
      vertex   1.210218e+00 -1.481000e+01 5.026397e+00
    endloop
  endfacet
  facet normal 8.719195e-01 -4.227071e-01 2.471337e-01
    outer loop
      vertex   1.227717e+00 -1.473058e+01 5.073216e+00
      vertex   1.223440e+00 -1.470415e+01 5.133516e+00
      vertex   1.209526e+00 -1.474642e+01 5.110306e+00
    endloop
  endfacet
  facet normal 8.838317e-01 -3.816687e-01 2.705004e-01
    outer loop
      vertex   1.227717e+00 -1.473058e+01 5.073216e+00
      vertex   1.209526e+00 -1.474642e+01 5.110306e+00
      vertex   1.217925e+00 -1.477014e+01 5.049390e+00
    endloop
  endfacet
  facet normal 8.845060e-01 -3.803912e-01 2.700958e-01
    outer loop
      vertex   1.217925e+00 -1.477014e+01 5.049390e+00
      vertex   1.209526e+00 -1.474642e+01 5.110306e+00
      vertex   1.197909e+00 -1.478921e+01 5.088075e+00
    endloop
  endfacet
  facet normal 9.011425e-01 5.218668e-02 4.303705e-01
    outer loop
      vertex   1.239500e+00 -1.512786e+01 4.826102e+00
      vertex   1.219280e+00 -1.514063e+01 4.869989e+00
      vertex   1.230794e+00 -1.518924e+01 4.851775e+00
    endloop
  endfacet
  facet normal 8.881125e-01 3.875209e-02 4.579896e-01
    outer loop
      vertex   1.230794e+00 -1.518924e+01 4.851775e+00
      vertex   1.219280e+00 -1.514063e+01 4.869989e+00
      vertex   1.192233e+00 -1.520318e+01 4.927729e+00
    endloop
  endfacet
  facet normal 9.264955e-01 -1.200234e-01 3.566518e-01
    outer loop
      vertex   1.219637e+00 -1.493819e+01 4.900092e+00
      vertex   1.200093e+00 -1.499498e+01 4.931753e+00
      vertex   1.224735e+00 -1.499376e+01 4.868149e+00
    endloop
  endfacet
  facet normal 9.294508e-01 -8.749648e-02 3.584209e-01
    outer loop
      vertex   1.224735e+00 -1.499376e+01 4.868149e+00
      vertex   1.200093e+00 -1.499498e+01 4.931753e+00
      vertex   1.203913e+00 -1.504337e+01 4.910036e+00
    endloop
  endfacet
  facet normal 9.325410e-01 -1.931907e-01 3.050323e-01
    outer loop
      vertex   1.199003e+00 -1.493327e+01 4.961229e+00
      vertex   1.218399e+00 -1.490059e+01 4.922634e+00
      vertex   1.200743e+00 -1.489166e+01 4.982268e+00
    endloop
  endfacet
  facet normal 9.299826e-01 -2.038907e-01 3.058772e-01
    outer loop
      vertex   1.200743e+00 -1.489166e+01 4.982268e+00
      vertex   1.218399e+00 -1.490059e+01 4.922634e+00
      vertex   1.218975e+00 -1.486330e+01 4.945736e+00
    endloop
  endfacet
  facet normal 9.302452e-01 -2.340835e-01 2.825751e-01
    outer loop
      vertex   1.200743e+00 -1.489166e+01 4.982268e+00
      vertex   1.218975e+00 -1.486330e+01 4.945736e+00
      vertex   1.204486e+00 -1.485054e+01 5.004007e+00
    endloop
  endfacet
  facet normal 9.280027e-01 -2.415591e-01 2.836551e-01
    outer loop
      vertex   1.204486e+00 -1.485054e+01 5.004007e+00
      vertex   1.218975e+00 -1.486330e+01 4.945736e+00
      vertex   1.221359e+00 -1.482641e+01 4.969350e+00
    endloop
  endfacet
  facet normal 9.258667e-01 -2.744130e-01 2.597468e-01
    outer loop
      vertex   1.204486e+00 -1.485054e+01 5.004007e+00
      vertex   1.221359e+00 -1.482641e+01 4.969350e+00
      vertex   1.210218e+00 -1.481000e+01 5.026397e+00
    endloop
  endfacet
  facet normal 9.243725e-01 -2.785635e-01 2.606490e-01
    outer loop
      vertex   1.210218e+00 -1.481000e+01 5.026397e+00
      vertex   1.221359e+00 -1.482641e+01 4.969350e+00
      vertex   1.225544e+00 -1.478999e+01 4.993432e+00
    endloop
  endfacet
  facet normal 9.107504e-01 -3.537442e-01 2.130699e-01
    outer loop
      vertex   1.231606e+00 -1.475369e+01 5.018226e+00
      vertex   1.227717e+00 -1.473058e+01 5.073216e+00
      vertex   1.217925e+00 -1.477014e+01 5.049390e+00
    endloop
  endfacet
  facet normal 9.509932e-01 -8.384612e-02 2.976269e-01
    outer loop
      vertex   1.237382e+00 -1.493674e+01 4.843803e+00
      vertex   1.219637e+00 -1.493819e+01 4.900092e+00
      vertex   1.224735e+00 -1.499376e+01 4.868149e+00
    endloop
  endfacet
  facet normal 9.440435e-01 -1.841316e-01 2.736374e-01
    outer loop
      vertex   1.218399e+00 -1.490059e+01 4.922634e+00
      vertex   1.233624e+00 -1.490358e+01 4.868096e+00
      vertex   1.218975e+00 -1.486330e+01 4.945736e+00
    endloop
  endfacet
  facet normal 9.619835e-01 -1.215588e-01 2.445633e-01
    outer loop
      vertex   1.218975e+00 -1.486330e+01 4.945736e+00
      vertex   1.233624e+00 -1.490358e+01 4.868096e+00
      vertex   1.231502e+00 -1.487060e+01 4.892830e+00
    endloop
  endfacet
  facet normal 9.411879e-01 -2.232090e-01 2.536593e-01
    outer loop
      vertex   1.218975e+00 -1.486330e+01 4.945736e+00
      vertex   1.231502e+00 -1.487060e+01 4.892830e+00
      vertex   1.221359e+00 -1.482641e+01 4.969350e+00
    endloop
  endfacet
  facet normal 9.649181e-01 -1.507458e-01 2.149623e-01
    outer loop
      vertex   1.221359e+00 -1.482641e+01 4.969350e+00
      vertex   1.231502e+00 -1.487060e+01 4.892830e+00
      vertex   1.231018e+00 -1.483786e+01 4.917963e+00
    endloop
  endfacet
  facet normal 9.360005e-01 -2.625689e-01 2.344368e-01
    outer loop
      vertex   1.221359e+00 -1.482641e+01 4.969350e+00
      vertex   1.231018e+00 -1.483786e+01 4.917963e+00
      vertex   1.225544e+00 -1.478999e+01 4.993432e+00
    endloop
  endfacet
  facet normal 9.667995e-01 -1.781959e-01 1.831531e-01
    outer loop
      vertex   1.225544e+00 -1.478999e+01 4.993432e+00
      vertex   1.231018e+00 -1.483786e+01 4.917963e+00
      vertex   1.232169e+00 -1.480542e+01 4.943450e+00
    endloop
  endfacet
  facet normal 9.739631e-01 -1.288076e-01 1.865597e-01
    outer loop
      vertex   1.231018e+00 -1.483786e+01 4.917963e+00
      vertex   1.231502e+00 -1.487060e+01 4.892830e+00
      vertex   1.238581e+00 -1.484333e+01 4.874706e+00
    endloop
  endfacet
  facet normal 9.694818e-01 -1.041196e-01 2.219552e-01
    outer loop
      vertex   1.238581e+00 -1.484333e+01 4.874706e+00
      vertex   1.231502e+00 -1.487060e+01 4.892830e+00
      vertex   1.233624e+00 -1.490358e+01 4.868096e+00
    endloop
  endfacet
  facet normal 9.721002e-01 -1.406374e-01 1.877293e-01
    outer loop
      vertex   1.238581e+00 -1.484333e+01 4.874706e+00
      vertex   1.237363e+00 -1.481533e+01 4.901987e+00
      vertex   1.231018e+00 -1.483786e+01 4.917963e+00
    endloop
  endfacet
  facet normal 9.739133e-01 -1.605473e-01 1.603669e-01
    outer loop
      vertex   1.231018e+00 -1.483786e+01 4.917963e+00
      vertex   1.237363e+00 -1.481533e+01 4.901987e+00
      vertex   1.232169e+00 -1.480542e+01 4.943450e+00
    endloop
  endfacet
  facet normal 9.717497e-01 -1.710591e-01 1.626080e-01
    outer loop
      vertex   1.237363e+00 -1.481533e+01 4.901987e+00
      vertex   1.237661e+00 -1.478719e+01 4.929812e+00
      vertex   1.232169e+00 -1.480542e+01 4.943450e+00
    endloop
  endfacet
  facet normal 7.151786e-01 -5.648066e-01 4.117197e-01
    outer loop
      vertex   1.134098e+00 -1.465141e+01 5.405594e+00
      vertex   1.104630e+00 -1.470399e+01 5.384648e+00
      vertex   1.155940e+00 -1.470367e+01 5.295960e+00
    endloop
  endfacet
  facet normal 7.472827e-01 -5.061956e-01 4.305051e-01
    outer loop
      vertex   1.155940e+00 -1.470367e+01 5.295960e+00
      vertex   1.104630e+00 -1.470399e+01 5.384648e+00
      vertex   1.133450e+00 -1.475429e+01 5.275484e+00
    endloop
  endfacet
  facet normal 7.814289e-01 -4.988542e-01 3.748510e-01
    outer loop
      vertex   1.155940e+00 -1.470367e+01 5.295960e+00
      vertex   1.133450e+00 -1.475429e+01 5.275484e+00
      vertex   1.177420e+00 -1.475000e+01 5.189532e+00
    endloop
  endfacet
  facet normal 6.799040e-01 -5.665083e-01 4.656166e-01
    outer loop
      vertex   1.104630e+00 -1.470399e+01 5.384648e+00
      vertex   1.134098e+00 -1.465141e+01 5.405594e+00
      vertex   1.075922e+00 -1.464790e+01 5.494822e+00
    endloop
  endfacet
  facet normal 6.445865e-01 -6.218424e-01 4.447699e-01
    outer loop
      vertex   1.075922e+00 -1.464790e+01 5.494822e+00
      vertex   1.134098e+00 -1.465141e+01 5.405594e+00
      vertex   1.112466e+00 -1.459426e+01 5.516855e+00
    endloop
  endfacet
  facet normal 6.095450e-01 -6.188102e-01 4.955086e-01
    outer loop
      vertex   1.075922e+00 -1.464790e+01 5.494822e+00
      vertex   1.112466e+00 -1.459426e+01 5.516855e+00
      vertex   1.054459e+00 -1.460175e+01 5.578856e+00
    endloop
  endfacet
  facet normal 5.869615e-01 -6.596164e-01 4.694490e-01
    outer loop
      vertex   1.054459e+00 -1.460175e+01 5.578856e+00
      vertex   1.112466e+00 -1.459426e+01 5.516855e+00
      vertex   1.096394e+00 -1.454787e+01 5.602125e+00
    endloop
  endfacet
  facet normal 8.178553e-01 2.153151e-01 5.336217e-01
    outer loop
      vertex   9.965368e-01 -1.542294e+01 5.291176e+00
      vertex   1.010710e+00 -1.549418e+01 5.298198e+00
      vertex   1.084022e+00 -1.542270e+01 5.156997e+00
    endloop
  endfacet
  facet normal 8.143330e-01 2.231787e-01 5.357733e-01
    outer loop
      vertex   1.084022e+00 -1.542270e+01 5.156997e+00
      vertex   1.010710e+00 -1.549418e+01 5.298198e+00
      vertex   1.100831e+00 -1.548809e+01 5.158687e+00
    endloop
  endfacet
  facet normal 8.209700e-01 2.246049e-01 5.249389e-01
    outer loop
      vertex   1.084022e+00 -1.542270e+01 5.156997e+00
      vertex   1.100831e+00 -1.548809e+01 5.158687e+00
      vertex   1.166396e+00 -1.540800e+01 5.021881e+00
    endloop
  endfacet
  facet normal 8.109759e-01 2.149842e-01 5.441506e-01
    outer loop
      vertex   1.010710e+00 -1.549418e+01 5.298198e+00
      vertex   9.965368e-01 -1.542294e+01 5.291176e+00
      vertex   9.166354e-01 -1.548688e+01 5.435520e+00
    endloop
  endfacet
  facet normal 8.142711e-01 2.068601e-01 5.423758e-01
    outer loop
      vertex   9.166354e-01 -1.548688e+01 5.435520e+00
      vertex   9.965368e-01 -1.542294e+01 5.291176e+00
      vertex   9.054371e-01 -1.541029e+01 5.423122e+00
    endloop
  endfacet
  facet normal 8.077067e-01 2.074398e-01 5.518864e-01
    outer loop
      vertex   9.166354e-01 -1.548688e+01 5.435520e+00
      vertex   9.054371e-01 -1.541029e+01 5.423122e+00
      vertex   8.428940e-01 -1.547312e+01 5.538271e+00
    endloop
  endfacet
  facet normal 8.106279e-01 2.010258e-01 5.499736e-01
    outer loop
      vertex   8.428940e-01 -1.547312e+01 5.538271e+00
      vertex   9.054371e-01 -1.541029e+01 5.423122e+00
      vertex   8.341979e-01 -1.539278e+01 5.521722e+00
    endloop
  endfacet
  facet normal 6.778177e-01 -3.484089e-01 6.474368e-01
    outer loop
      vertex   7.302527e-01 -1.482920e+01 5.739537e+00
      vertex   7.790985e-01 -1.487868e+01 5.661771e+00
      vertex   8.152817e-01 -1.479622e+01 5.668266e+00
    endloop
  endfacet
  facet normal 7.417573e-01 -1.802774e-01 6.459846e-01
    outer loop
      vertex   7.242866e-01 -1.505047e+01 5.664142e+00
      vertex   7.486651e-01 -1.496366e+01 5.660377e+00
      vertex   6.647567e-01 -1.500570e+01 5.744993e+00
    endloop
  endfacet
  facet normal 7.440993e-01 -2.060638e-01 6.354951e-01
    outer loop
      vertex   6.647567e-01 -1.500570e+01 5.744993e+00
      vertex   7.486651e-01 -1.496366e+01 5.660377e+00
      vertex   6.943111e-01 -1.491637e+01 5.739353e+00
    endloop
  endfacet
  facet normal 7.165233e-01 -1.947737e-01 6.698190e-01
    outer loop
      vertex   6.647567e-01 -1.500570e+01 5.744993e+00
      vertex   6.943111e-01 -1.491637e+01 5.739353e+00
      vertex   5.855450e-01 -1.493834e+01 5.849315e+00
    endloop
  endfacet
  facet normal 7.671797e-01 -8.014411e-02 6.364057e-01
    outer loop
      vertex   7.024181e-01 -1.516245e+01 5.676403e+00
      vertex   7.242866e-01 -1.505047e+01 5.664142e+00
      vertex   6.368978e-01 -1.512121e+01 5.760579e+00
    endloop
  endfacet
  facet normal 7.732460e-01 -1.020379e-01 6.258425e-01
    outer loop
      vertex   6.368978e-01 -1.512121e+01 5.760579e+00
      vertex   7.242866e-01 -1.505047e+01 5.664142e+00
      vertex   6.647567e-01 -1.500570e+01 5.744993e+00
    endloop
  endfacet
  facet normal 7.480845e-01 -9.173420e-02 6.572324e-01
    outer loop
      vertex   6.368978e-01 -1.512121e+01 5.760579e+00
      vertex   6.647567e-01 -1.500570e+01 5.744993e+00
      vertex   5.490706e-01 -1.505800e+01 5.869370e+00
    endloop
  endfacet
  facet normal 7.516457e-01 -1.204246e-01 6.484802e-01
    outer loop
      vertex   5.490706e-01 -1.505800e+01 5.869370e+00
      vertex   6.647567e-01 -1.500570e+01 5.744993e+00
      vertex   5.855450e-01 -1.493834e+01 5.849315e+00
    endloop
  endfacet
  facet normal 7.859891e-01 1.926828e-02 6.179401e-01
    outer loop
      vertex   6.924693e-01 -1.525118e+01 5.691824e+00
      vertex   7.024181e-01 -1.516245e+01 5.676403e+00
      vertex   6.227423e-01 -1.521289e+01 5.779319e+00
    endloop
  endfacet
  facet normal 7.899235e-01 3.374519e-03 6.131961e-01
    outer loop
      vertex   6.227423e-01 -1.521289e+01 5.779319e+00
      vertex   7.024181e-01 -1.516245e+01 5.676403e+00
      vertex   6.368978e-01 -1.512121e+01 5.760579e+00
    endloop
  endfacet
  facet normal 7.725919e-01 1.047008e-02 6.348166e-01
    outer loop
      vertex   6.227423e-01 -1.521289e+01 5.779319e+00
      vertex   6.368978e-01 -1.512121e+01 5.760579e+00
      vertex   5.288022e-01 -1.515317e+01 5.892662e+00
    endloop
  endfacet
  facet normal 7.750725e-01 -1.044427e-02 6.317860e-01
    outer loop
      vertex   5.288022e-01 -1.515317e+01 5.892662e+00
      vertex   6.368978e-01 -1.512121e+01 5.760579e+00
      vertex   5.490706e-01 -1.505800e+01 5.869370e+00
    endloop
  endfacet
  facet normal 7.970141e-01 1.927612e-01 5.723736e-01
    outer loop
      vertex   6.154737e-01 -1.539408e+01 5.832938e+00
      vertex   6.920746e-01 -1.542646e+01 5.737180e+00
      vertex   6.890094e-01 -1.533942e+01 5.712137e+00
    endloop
  endfacet
  facet normal 7.947194e-01 1.063945e-01 5.975795e-01
    outer loop
      vertex   6.890094e-01 -1.533942e+01 5.712137e+00
      vertex   6.924693e-01 -1.525118e+01 5.691824e+00
      vertex   6.155764e-01 -1.530412e+01 5.803509e+00
    endloop
  endfacet
  facet normal 7.983472e-01 9.496982e-02 5.946616e-01
    outer loop
      vertex   6.155764e-01 -1.530412e+01 5.803509e+00
      vertex   6.924693e-01 -1.525118e+01 5.691824e+00
      vertex   6.227423e-01 -1.521289e+01 5.779319e+00
    endloop
  endfacet
  facet normal 7.857540e-01 1.001272e-01 6.103813e-01
    outer loop
      vertex   6.155764e-01 -1.530412e+01 5.803509e+00
      vertex   6.227423e-01 -1.521289e+01 5.779319e+00
      vertex   5.161999e-01 -1.524795e+01 5.922224e+00
    endloop
  endfacet
  facet normal 7.886956e-01 8.504208e-02 6.088736e-01
    outer loop
      vertex   5.161999e-01 -1.524795e+01 5.922224e+00
      vertex   6.227423e-01 -1.521289e+01 5.779319e+00
      vertex   5.288022e-01 -1.515317e+01 5.892662e+00
    endloop
  endfacet
  facet normal 7.920112e-01 1.890081e-01 5.805120e-01
    outer loop
      vertex   5.114020e-01 -1.534137e+01 5.957767e+00
      vertex   6.154737e-01 -1.539408e+01 5.832938e+00
      vertex   6.155764e-01 -1.530412e+01 5.803509e+00
    endloop
  endfacet
  facet normal 7.997139e-01 1.858519e-01 5.708912e-01
    outer loop
      vertex   6.155764e-01 -1.530412e+01 5.803509e+00
      vertex   6.154737e-01 -1.539408e+01 5.832938e+00
      vertex   6.890094e-01 -1.533942e+01 5.712137e+00
    endloop
  endfacet
  facet normal 7.945179e-01 1.798550e-01 5.799944e-01
    outer loop
      vertex   5.114020e-01 -1.534137e+01 5.957767e+00
      vertex   6.155764e-01 -1.530412e+01 5.803509e+00
      vertex   5.161999e-01 -1.524795e+01 5.922224e+00
    endloop
  endfacet
  facet normal 7.878261e-01 3.208941e-01 5.256968e-01
    outer loop
      vertex   1.239500e+00 -1.550955e+01 4.959608e+00
      vertex   1.149705e+00 -1.554533e+01 5.116015e+00
      vertex   1.239500e+00 -1.927993e+01 7.261108e+00
    endloop
  endfacet
  facet normal 7.878261e-01 3.208941e-01 5.256968e-01
    outer loop
      vertex   1.239500e+00 -1.927993e+01 7.261108e+00
      vertex   1.149705e+00 -1.554533e+01 5.116015e+00
      vertex   1.053464e+00 -1.556242e+01 5.270680e+00
    endloop
  endfacet
  facet normal 7.878261e-01 3.208941e-01 5.256968e-01
    outer loop
      vertex   1.239500e+00 -1.927993e+01 7.261108e+00
      vertex   1.053464e+00 -1.556242e+01 5.270680e+00
      vertex   9.523821e-01 -1.556343e+01 5.422776e+00
    endloop
  endfacet
  facet normal 7.878261e-01 3.208941e-01 5.256968e-01
    outer loop
      vertex   9.523821e-01 -1.556343e+01 5.422776e+00
      vertex   8.472252e-01 -1.555000e+01 5.572174e+00
      vertex   1.239500e+00 -1.927993e+01 7.261108e+00
    endloop
  endfacet
  facet normal 7.878261e-01 3.208941e-01 5.256968e-01
    outer loop
      vertex   1.239500e+00 -1.927993e+01 7.261108e+00
      vertex   8.472252e-01 -1.555000e+01 5.572174e+00
      vertex   7.394119e-01 -1.552356e+01 5.717607e+00
    endloop
  endfacet
  facet normal 7.878261e-01 3.208941e-01 5.256968e-01
    outer loop
      vertex   1.239500e+00 -1.927993e+01 7.261108e+00
      vertex   7.394119e-01 -1.552356e+01 5.717607e+00
      vertex   6.296087e-01 -1.548483e+01 5.858519e+00
    endloop
  endfacet
  facet normal 7.878261e-01 3.208941e-01 5.256968e-01
    outer loop
      vertex   6.296087e-01 -1.548483e+01 5.858519e+00
      vertex   5.181422e-01 -1.543429e+01 5.994718e+00
      vertex   1.239500e+00 -1.927993e+01 7.261108e+00
    endloop
  endfacet
  facet normal 7.878261e-01 3.208941e-01 5.256968e-01
    outer loop
      vertex   1.239500e+00 -1.927993e+01 7.261108e+00
      vertex   5.181422e-01 -1.543429e+01 5.994718e+00
      vertex   4.054060e-01 -1.537231e+01 6.125835e+00
    endloop
  endfacet
  facet normal 7.878261e-01 3.208941e-01 5.256968e-01
    outer loop
      vertex   1.239500e+00 -1.927993e+01 7.261108e+00
      vertex   4.054060e-01 -1.537231e+01 6.125835e+00
      vertex   -5.249884e-03 -1.858484e+01 8.702237e+00
    endloop
  endfacet
  facet normal 7.878261e-01 3.208941e-01 5.256968e-01
    outer loop
      vertex   -5.249884e-03 -1.858484e+01 8.702237e+00
      vertex   4.054060e-01 -1.537231e+01 6.125835e+00
      vertex   -5.249884e-03 -1.423418e+01 6.046520e+00
    endloop
  endfacet
  facet normal 7.878261e-01 3.208941e-01 5.256968e-01
    outer loop
      vertex   -5.249884e-03 -1.423418e+01 6.046520e+00
      vertex   4.054060e-01 -1.537231e+01 6.125835e+00
      vertex   1.855907e-02 -1.422042e+01 6.002438e+00
    endloop
  endfacet
  facet normal 7.878261e-01 3.208941e-01 5.256968e-01
    outer loop
      vertex   1.855907e-02 -1.422042e+01 6.002438e+00
      vertex   4.054060e-01 -1.537231e+01 6.125835e+00
      vertex   4.675095e-02 -1.420703e+01 5.952020e+00
    endloop
  endfacet
  facet normal 7.878261e-01 3.208941e-01 5.256968e-01
    outer loop
      vertex   4.675095e-02 -1.420703e+01 5.952020e+00
      vertex   4.054060e-01 -1.537231e+01 6.125835e+00
      vertex   1.096335e-01 -1.417995e+01 5.841249e+00
    endloop
  endfacet
  facet normal 7.878261e-01 3.208941e-01 5.256968e-01
    outer loop
      vertex   1.096335e-01 -1.417995e+01 5.841249e+00
      vertex   4.054060e-01 -1.537231e+01 6.125835e+00
      vertex   1.764736e-01 -1.414760e+01 5.721335e+00
    endloop
  endfacet
  facet normal 7.878261e-01 3.208941e-01 5.256968e-01
    outer loop
      vertex   1.764736e-01 -1.414760e+01 5.721335e+00
      vertex   4.054060e-01 -1.537231e+01 6.125835e+00
      vertex   2.429180e-01 -1.410390e+01 5.595086e+00
    endloop
  endfacet
  facet normal 7.878261e-01 3.208941e-01 5.256968e-01
    outer loop
      vertex   2.429180e-01 -1.410390e+01 5.595086e+00
      vertex   4.054060e-01 -1.537231e+01 6.125835e+00
      vertex   3.058290e-01 -1.404082e+01 5.462299e+00
    endloop
  endfacet
  facet normal 7.878261e-01 3.208941e-01 5.256968e-01
    outer loop
      vertex   3.058290e-01 -1.404082e+01 5.462299e+00
      vertex   4.054060e-01 -1.537231e+01 6.125835e+00
      vertex   3.341113e-01 -1.399951e+01 5.394694e+00
    endloop
  endfacet
  facet normal 7.878261e-01 3.208941e-01 5.256968e-01
    outer loop
      vertex   3.341113e-01 -1.399951e+01 5.394694e+00
      vertex   4.054060e-01 -1.537231e+01 6.125835e+00
      vertex   3.589833e-01 -1.395059e+01 5.327562e+00
    endloop
  endfacet
  facet normal 7.878261e-01 3.208941e-01 5.256968e-01
    outer loop
      vertex   3.589833e-01 -1.395059e+01 5.327562e+00
      vertex   4.054060e-01 -1.537231e+01 6.125835e+00
      vertex   3.789955e-01 -1.389505e+01 5.263668e+00
    endloop
  endfacet
  facet normal 7.878261e-01 3.208941e-01 5.256968e-01
    outer loop
      vertex   3.789955e-01 -1.389505e+01 5.263668e+00
      vertex   4.054060e-01 -1.537231e+01 6.125835e+00
      vertex   3.936015e-01 -1.383325e+01 5.204052e+00
    endloop
  endfacet
  facet normal 7.878261e-01 3.208941e-01 5.256968e-01
    outer loop
      vertex   3.936015e-01 -1.383325e+01 5.204052e+00
      vertex   4.054060e-01 -1.537231e+01 6.125835e+00
      vertex   4.024492e-01 -1.376590e+01 5.149682e+00
    endloop
  endfacet
  facet normal 7.878260e-01 3.208941e-01 5.256968e-01
    outer loop
      vertex   4.024492e-01 -1.376590e+01 5.149682e+00
      vertex   4.054060e-01 -1.537231e+01 6.125835e+00
      vertex   4.054060e-01 -1.369369e+01 5.101174e+00
    endloop
  endfacet
  facet normal -7.866865e-01 2.824855e-01 5.489320e-01
    outer loop
      vertex   -4.193699e-01 -1.537217e+01 6.125745e+00
      vertex   -4.245051e-01 -1.529535e+01 6.078856e+00
      vertex   -5.329994e-01 -1.543500e+01 5.995232e+00
    endloop
  endfacet
  facet normal -7.859106e-01 2.806581e-01 5.509770e-01
    outer loop
      vertex   -5.329994e-01 -1.543500e+01 5.995232e+00
      vertex   -4.245051e-01 -1.529535e+01 6.078856e+00
      vertex   -5.702556e-01 -1.536525e+01 5.906561e+00
    endloop
  endfacet
  facet normal -7.889088e-01 2.763638e-01 5.488588e-01
    outer loop
      vertex   -5.329994e-01 -1.543500e+01 5.995232e+00
      vertex   -5.702556e-01 -1.536525e+01 5.906561e+00
      vertex   -6.453777e-01 -1.548623e+01 5.859502e+00
    endloop
  endfacet
  facet normal -7.907940e-01 2.791427e-01 5.447240e-01
    outer loop
      vertex   -6.453777e-01 -1.548623e+01 5.859502e+00
      vertex   -5.702556e-01 -1.536525e+01 5.906561e+00
      vertex   -7.178331e-01 -1.543148e+01 5.726257e+00
    endloop
  endfacet
  facet normal -7.906948e-01 2.793571e-01 5.447581e-01
    outer loop
      vertex   -6.453777e-01 -1.548623e+01 5.859502e+00
      vertex   -7.178331e-01 -1.543148e+01 5.726257e+00
      vertex   -7.560994e-01 -1.552552e+01 5.718941e+00
    endloop
  endfacet
  facet normal -7.931189e-01 2.806714e-01 5.405424e-01
    outer loop
      vertex   -7.560994e-01 -1.552552e+01 5.718941e+00
      vertex   -7.178331e-01 -1.543148e+01 5.726257e+00
      vertex   -8.626668e-01 -1.547569e+01 5.536704e+00
    endloop
  endfacet
  facet normal -7.920060e-01 2.835413e-01 5.406763e-01
    outer loop
      vertex   -7.560994e-01 -1.552552e+01 5.718941e+00
      vertex   -8.626668e-01 -1.547569e+01 5.536704e+00
      vertex   -8.648325e-01 -1.555239e+01 5.573756e+00
    endloop
  endfacet
  facet normal -7.947166e-01 2.820649e-01 5.374615e-01
    outer loop
      vertex   -8.648325e-01 -1.555239e+01 5.573756e+00
      vertex   -8.626668e-01 -1.547569e+01 5.536704e+00
      vertex   -9.335466e-01 -1.548900e+01 5.438884e+00
    endloop
  endfacet
  facet normal -7.936648e-01 2.841617e-01 5.379111e-01
    outer loop
      vertex   -8.648325e-01 -1.555239e+01 5.573756e+00
      vertex   -9.335466e-01 -1.548900e+01 5.438884e+00
      vertex   -9.708922e-01 -1.556613e+01 5.424526e+00
    endloop
  endfacet
  facet normal -7.952581e-01 2.855054e-01 5.348375e-01
    outer loop
      vertex   -9.708922e-01 -1.556613e+01 5.424526e+00
      vertex   -9.335466e-01 -1.548900e+01 5.438884e+00
      vertex   -1.002788e+00 -1.549587e+01 5.339596e+00
    endloop
  endfacet
  facet normal -7.952029e-01 2.855809e-01 5.348793e-01
    outer loop
      vertex   -9.708922e-01 -1.556613e+01 5.424526e+00
      vertex   -1.002788e+00 -1.549587e+01 5.339596e+00
      vertex   -1.072842e+00 -1.556533e+01 5.272531e+00
    endloop
  endfacet
  facet normal -7.959569e-01 2.894324e-01 5.316780e-01
    outer loop
      vertex   -1.072842e+00 -1.556533e+01 5.272531e+00
      vertex   -1.002788e+00 -1.549587e+01 5.339596e+00
      vertex   -1.119369e+00 -1.549095e+01 5.162386e+00
    endloop
  endfacet
  facet normal -7.961371e-01 2.891486e-01 5.315625e-01
    outer loop
      vertex   -1.072842e+00 -1.556533e+01 5.272531e+00
      vertex   -1.119369e+00 -1.549095e+01 5.162386e+00
      vertex   -1.169923e+00 -1.554833e+01 5.117884e+00
    endloop
  endfacet
  facet normal -7.970206e-01 2.922949e-01 5.285091e-01
    outer loop
      vertex   -1.169923e+00 -1.554833e+01 5.117884e+00
      vertex   -1.119369e+00 -1.549095e+01 5.162386e+00
      vertex   -1.204947e+00 -1.547008e+01 5.021791e+00
    endloop
  endfacet
  facet normal -7.972264e-01 2.920129e-01 5.283545e-01
    outer loop
      vertex   -1.169923e+00 -1.554833e+01 5.117884e+00
      vertex   -1.204947e+00 -1.547008e+01 5.021791e+00
      vertex   -1.260500e+00 -1.551258e+01 4.961453e+00
    endloop
  endfacet
  facet normal -7.965550e-01 2.821174e-01 5.347055e-01
    outer loop
      vertex   -1.260500e+00 -1.551258e+01 4.961453e+00
      vertex   -1.204947e+00 -1.547008e+01 5.021791e+00
      vertex   -1.260500e+00 -1.539646e+01 4.900188e+00
    endloop
  endfacet
  facet normal -8.218669e-01 2.361403e-01 5.184328e-01
    outer loop
      vertex   -1.260500e+00 -1.539646e+01 4.900188e+00
      vertex   -1.204947e+00 -1.547008e+01 5.021791e+00
      vertex   -1.185712e+00 -1.541070e+01 5.025236e+00
    endloop
  endfacet
  facet normal -8.315047e-01 1.963412e-01 5.196635e-01
    outer loop
      vertex   -1.260500e+00 -1.539646e+01 4.900188e+00
      vertex   -1.185712e+00 -1.541070e+01 5.025236e+00
      vertex   -1.243622e+00 -1.532669e+01 4.900833e+00
    endloop
  endfacet
  facet normal -8.410105e-01 1.772149e-01 5.111714e-01
    outer loop
      vertex   -1.243622e+00 -1.532669e+01 4.900833e+00
      vertex   -1.185712e+00 -1.541070e+01 5.025236e+00
      vertex   -1.169698e+00 -1.535053e+01 5.030721e+00
    endloop
  endfacet
  facet normal -8.538699e-01 1.163401e-01 5.073177e-01
    outer loop
      vertex   -1.243622e+00 -1.532669e+01 4.900833e+00
      vertex   -1.169698e+00 -1.535053e+01 5.030721e+00
      vertex   -1.156966e+00 -1.528979e+01 5.038222e+00
    endloop
  endfacet
  facet normal -8.471672e-01 1.134843e-01 5.190655e-01
    outer loop
      vertex   -1.156966e+00 -1.528979e+01 5.038222e+00
      vertex   -1.169698e+00 -1.535053e+01 5.030721e+00
      vertex   -1.080095e+00 -1.529118e+01 5.163989e+00
    endloop
  endfacet
  facet normal -8.530427e-01 1.653635e-02 5.215791e-01
    outer loop
      vertex   -1.156966e+00 -1.528979e+01 5.038222e+00
      vertex   -1.080095e+00 -1.529118e+01 5.163989e+00
      vertex   -1.073967e+00 -1.520564e+01 5.171299e+00
    endloop
  endfacet
  facet normal -8.462338e-01 1.510704e-02 5.325975e-01
    outer loop
      vertex   -1.073967e+00 -1.520564e+01 5.171299e+00
      vertex   -1.080095e+00 -1.529118e+01 5.163989e+00
      vertex   -9.776060e-01 -1.517892e+01 5.323647e+00
    endloop
  endfacet
  facet normal -8.322715e-01 -1.036406e-01 5.445941e-01
    outer loop
      vertex   -1.073967e+00 -1.520564e+01 5.171299e+00
      vertex   -9.776060e-01 -1.517892e+01 5.323647e+00
      vertex   -9.839245e-01 -1.510469e+01 5.328117e+00
    endloop
  endfacet
  facet normal -8.258808e-01 -1.036769e-01 5.542309e-01
    outer loop
      vertex   -9.839245e-01 -1.510469e+01 5.328117e+00
      vertex   -9.776060e-01 -1.517892e+01 5.323647e+00
      vertex   -9.315359e-01 -1.507783e+01 5.411208e+00
    endloop
  endfacet
  facet normal -7.972670e-01 -2.032505e-01 5.683789e-01
    outer loop
      vertex   -9.839245e-01 -1.510469e+01 5.328117e+00
      vertex   -9.315359e-01 -1.507783e+01 5.411208e+00
      vertex   -9.469391e-01 -1.500102e+01 5.417069e+00
    endloop
  endfacet
  facet normal -7.974649e-01 -2.032685e-01 5.680948e-01
    outer loop
      vertex   -9.469391e-01 -1.500102e+01 5.417069e+00
      vertex   -9.315359e-01 -1.507783e+01 5.411208e+00
      vertex   -8.987447e-01 -1.496607e+01 5.497228e+00
    endloop
  endfacet
  facet normal -7.514053e-01 -3.053751e-01 5.849241e-01
    outer loop
      vertex   -9.469391e-01 -1.500102e+01 5.417069e+00
      vertex   -8.987447e-01 -1.496607e+01 5.497228e+00
      vertex   -9.240204e-01 -1.488800e+01 5.505515e+00
    endloop
  endfacet
  facet normal -7.486383e-01 -3.048819e-01 5.887171e-01
    outer loop
      vertex   -9.240204e-01 -1.488800e+01 5.505515e+00
      vertex   -8.987447e-01 -1.496607e+01 5.497228e+00
      vertex   -8.389601e-01 -1.480113e+01 5.658671e+00
    endloop
  endfacet
  facet normal -6.601906e-01 -4.341455e-01 6.129160e-01
    outer loop
      vertex   -9.240204e-01 -1.488800e+01 5.505515e+00
      vertex   -8.389601e-01 -1.480113e+01 5.658671e+00
      vertex   -8.802397e-01 -1.472177e+01 5.670418e+00
    endloop
  endfacet
  facet normal -6.426185e-01 -4.283161e-01 6.352848e-01
    outer loop
      vertex   -8.802397e-01 -1.472177e+01 5.670418e+00
      vertex   -8.389601e-01 -1.480113e+01 5.658671e+00
      vertex   -8.338296e-01 -1.471292e+01 5.723330e+00
    endloop
  endfacet
  facet normal -5.962531e-01 -5.216404e-01 6.102242e-01
    outer loop
      vertex   -8.802397e-01 -1.472177e+01 5.670418e+00
      vertex   -8.338296e-01 -1.471292e+01 5.723330e+00
      vertex   -9.751557e-01 -1.461868e+01 5.665802e+00
    endloop
  endfacet
  facet normal -7.865313e-01 1.992893e-01 5.845103e-01
    outer loop
      vertex   -4.245051e-01 -1.529535e+01 6.078856e+00
      vertex   -4.396269e-01 -1.521984e+01 6.032761e+00
      vertex   -5.702556e-01 -1.536525e+01 5.906561e+00
    endloop
  endfacet
  facet normal -7.828302e-01 1.886370e-01 5.929528e-01
    outer loop
      vertex   -5.702556e-01 -1.536525e+01 5.906561e+00
      vertex   -4.396269e-01 -1.521984e+01 6.032761e+00
      vertex   -5.733244e-01 -1.527289e+01 5.873127e+00
    endloop
  endfacet
  facet normal -7.926773e-01 1.840533e-01 5.811945e-01
    outer loop
      vertex   -5.702556e-01 -1.536525e+01 5.906561e+00
      vertex   -5.733244e-01 -1.527289e+01 5.873127e+00
      vertex   -7.178331e-01 -1.543148e+01 5.726257e+00
    endloop
  endfacet
  facet normal -7.958836e-01 1.941104e-01 5.734897e-01
    outer loop
      vertex   -7.178331e-01 -1.543148e+01 5.726257e+00
      vertex   -5.733244e-01 -1.527289e+01 5.873127e+00
      vertex   -7.145508e-01 -1.534447e+01 5.701363e+00
    endloop
  endfacet
  facet normal -8.008835e-01 1.924566e-01 5.670504e-01
    outer loop
      vertex   -7.178331e-01 -1.543148e+01 5.726257e+00
      vertex   -7.145508e-01 -1.534447e+01 5.701363e+00
      vertex   -8.626668e-01 -1.547569e+01 5.536704e+00
    endloop
  endfacet
  facet normal -8.029596e-01 2.032690e-01 5.603014e-01
    outer loop
      vertex   -8.626668e-01 -1.547569e+01 5.536704e+00
      vertex   -7.145508e-01 -1.534447e+01 5.701363e+00
      vertex   -8.539336e-01 -1.539509e+01 5.519981e+00
    endloop
  endfacet
  facet normal -8.058510e-01 2.027565e-01 5.563218e-01
    outer loop
      vertex   -8.626668e-01 -1.547569e+01 5.536704e+00
      vertex   -8.539336e-01 -1.539509e+01 5.519981e+00
      vertex   -9.335466e-01 -1.548900e+01 5.438884e+00
    endloop
  endfacet
  facet normal -8.076345e-01 2.082814e-01 5.516751e-01
    outer loop
      vertex   -9.335466e-01 -1.548900e+01 5.438884e+00
      vertex   -8.539336e-01 -1.539509e+01 5.519981e+00
      vertex   -9.223796e-01 -1.541199e+01 5.426156e+00
    endloop
  endfacet
  facet normal -8.089743e-01 2.081584e-01 5.497551e-01
    outer loop
      vertex   -9.335466e-01 -1.548900e+01 5.438884e+00
      vertex   -9.223796e-01 -1.541199e+01 5.426156e+00
      vertex   -1.002788e+00 -1.549587e+01 5.339596e+00
    endloop
  endfacet
  facet normal -8.103766e-01 2.139425e-01 5.454525e-01
    outer loop
      vertex   -1.002788e+00 -1.549587e+01 5.339596e+00
      vertex   -9.223796e-01 -1.541199e+01 5.426156e+00
      vertex   -9.893794e-01 -1.542269e+01 5.330813e+00
    endloop
  endfacet
  facet normal -8.133412e-01 2.139534e-01 5.410176e-01
    outer loop
      vertex   -1.002788e+00 -1.549587e+01 5.339596e+00
      vertex   -9.893794e-01 -1.542269e+01 5.330813e+00
      vertex   -1.119369e+00 -1.549095e+01 5.162386e+00
    endloop
  endfacet
  facet normal -8.133338e-01 2.245338e-01 5.367240e-01
    outer loop
      vertex   -1.119369e+00 -1.549095e+01 5.162386e+00
      vertex   -9.893794e-01 -1.542269e+01 5.330813e+00
      vertex   -1.102472e+00 -1.542514e+01 5.160461e+00
    endloop
  endfacet
  facet normal -8.170323e-01 2.253086e-01 5.307488e-01
    outer loop
      vertex   -1.119369e+00 -1.549095e+01 5.162386e+00
      vertex   -1.102472e+00 -1.542514e+01 5.160461e+00
      vertex   -1.204947e+00 -1.547008e+01 5.021791e+00
    endloop
  endfacet
  facet normal -8.166188e-01 2.339051e-01 5.276572e-01
    outer loop
      vertex   -1.204947e+00 -1.547008e+01 5.021791e+00
      vertex   -1.102472e+00 -1.542514e+01 5.160461e+00
      vertex   -1.185712e+00 -1.541070e+01 5.025236e+00
    endloop
  endfacet
  facet normal -7.800358e-01 1.150413e-01 6.150688e-01
    outer loop
      vertex   -4.396269e-01 -1.521984e+01 6.032761e+00
      vertex   -4.643097e-01 -1.514590e+01 5.987629e+00
      vertex   -5.733244e-01 -1.527289e+01 5.873127e+00
    endloop
  endfacet
  facet normal -7.727099e-01 9.783647e-02 6.271742e-01
    outer loop
      vertex   -5.733244e-01 -1.527289e+01 5.873127e+00
      vertex   -4.643097e-01 -1.514590e+01 5.987629e+00
      vertex   -5.839277e-01 -1.517919e+01 5.845446e+00
    endloop
  endfacet
  facet normal -7.874917e-01 9.096477e-02 6.095754e-01
    outer loop
      vertex   -5.733244e-01 -1.527289e+01 5.873127e+00
      vertex   -5.839277e-01 -1.517919e+01 5.845446e+00
      vertex   -7.145508e-01 -1.534447e+01 5.701363e+00
    endloop
  endfacet
  facet normal -7.947895e-01 1.074329e-01 5.973004e-01
    outer loop
      vertex   -7.145508e-01 -1.534447e+01 5.701363e+00
      vertex   -5.839277e-01 -1.517919e+01 5.845446e+00
      vertex   -7.177678e-01 -1.525624e+01 5.681212e+00
    endloop
  endfacet
  facet normal -8.024782e-01 1.048892e-01 5.873900e-01
    outer loop
      vertex   -7.145508e-01 -1.534447e+01 5.701363e+00
      vertex   -7.177678e-01 -1.525624e+01 5.681212e+00
      vertex   -8.539336e-01 -1.539509e+01 5.519981e+00
    endloop
  endfacet
  facet normal -8.078102e-01 1.227359e-01 5.765228e-01
    outer loop
      vertex   -8.539336e-01 -1.539509e+01 5.519981e+00
      vertex   -7.177678e-01 -1.525624e+01 5.681212e+00
      vertex   -8.507052e-01 -1.531339e+01 5.507111e+00
    endloop
  endfacet
  facet normal -8.121724e-01 1.219637e-01 5.705267e-01
    outer loop
      vertex   -8.539336e-01 -1.539509e+01 5.519981e+00
      vertex   -8.507052e-01 -1.531339e+01 5.507111e+00
      vertex   -9.223796e-01 -1.541199e+01 5.426156e+00
    endloop
  endfacet
  facet normal -8.160966e-01 1.311249e-01 5.628433e-01
    outer loop
      vertex   -9.223796e-01 -1.541199e+01 5.426156e+00
      vertex   -8.507052e-01 -1.531339e+01 5.507111e+00
      vertex   -9.162380e-01 -1.533392e+01 5.416875e+00
    endloop
  endfacet
  facet normal -8.179947e-01 1.309507e-01 5.601219e-01
    outer loop
      vertex   -9.223796e-01 -1.541199e+01 5.426156e+00
      vertex   -9.162380e-01 -1.533392e+01 5.416875e+00
      vertex   -9.893794e-01 -1.542269e+01 5.330813e+00
    endloop
  endfacet
  facet normal -8.212598e-01 1.405805e-01 5.529642e-01
    outer loop
      vertex   -9.893794e-01 -1.542269e+01 5.330813e+00
      vertex   -9.162380e-01 -1.533392e+01 5.416875e+00
      vertex   -9.805318e-01 -1.534852e+01 5.325096e+00
    endloop
  endfacet
  facet normal -8.257763e-01 1.405973e-01 5.461922e-01
    outer loop
      vertex   -9.893794e-01 -1.542269e+01 5.330813e+00
      vertex   -9.805318e-01 -1.534852e+01 5.325096e+00
      vertex   -1.102472e+00 -1.542514e+01 5.160461e+00
    endloop
  endfacet
  facet normal -8.272622e-01 1.583030e-01 5.390523e-01
    outer loop
      vertex   -1.102472e+00 -1.542514e+01 5.160461e+00
      vertex   -9.805318e-01 -1.534852e+01 5.325096e+00
      vertex   -1.089361e+00 -1.535845e+01 5.160997e+00
    endloop
  endfacet
  facet normal -8.329932e-01 1.595041e-01 5.297931e-01
    outer loop
      vertex   -1.102472e+00 -1.542514e+01 5.160461e+00
      vertex   -1.089361e+00 -1.535845e+01 5.160997e+00
      vertex   -1.185712e+00 -1.541070e+01 5.025236e+00
    endloop
  endfacet
  facet normal -8.334267e-01 1.739793e-01 5.245294e-01
    outer loop
      vertex   -1.185712e+00 -1.541070e+01 5.025236e+00
      vertex   -1.089361e+00 -1.535845e+01 5.160997e+00
      vertex   -1.169698e+00 -1.535053e+01 5.030721e+00
    endloop
  endfacet
  facet normal -7.683248e-01 3.004243e-02 6.393547e-01
    outer loop
      vertex   -4.643097e-01 -1.514590e+01 5.987629e+00
      vertex   -4.979853e-01 -1.507408e+01 5.943786e+00
      vertex   -5.839277e-01 -1.517919e+01 5.845446e+00
    endloop
  endfacet
  facet normal -7.560634e-01 5.873047e-03 6.544720e-01
    outer loop
      vertex   -5.839277e-01 -1.517919e+01 5.845446e+00
      vertex   -4.979853e-01 -1.507408e+01 5.943786e+00
      vertex   -6.019522e-01 -1.508506e+01 5.823779e+00
    endloop
  endfacet
  facet normal -7.745593e-01 -2.727184e-03 6.324954e-01
    outer loop
      vertex   -5.839277e-01 -1.517919e+01 5.845446e+00
      vertex   -6.019522e-01 -1.508506e+01 5.823779e+00
      vertex   -7.177678e-01 -1.525624e+01 5.681212e+00
    endloop
  endfacet
  facet normal -7.875677e-01 1.988945e-02 6.159071e-01
    outer loop
      vertex   -7.177678e-01 -1.525624e+01 5.681212e+00
      vertex   -6.019522e-01 -1.508506e+01 5.823779e+00
      vertex   -7.274504e-01 -1.516751e+01 5.665966e+00
    endloop
  endfacet
  facet normal -7.973169e-01 1.666457e-02 6.033308e-01
    outer loop
      vertex   -7.177678e-01 -1.525624e+01 5.681212e+00
      vertex   -7.274504e-01 -1.516751e+01 5.665966e+00
      vertex   -8.507052e-01 -1.531339e+01 5.507111e+00
    endloop
  endfacet
  facet normal -8.074525e-01 4.140157e-02 5.884780e-01
    outer loop
      vertex   -8.507052e-01 -1.531339e+01 5.507111e+00
      vertex   -7.274504e-01 -1.516751e+01 5.665966e+00
      vertex   -8.529985e-01 -1.523114e+01 5.498177e+00
    endloop
  endfacet
  facet normal -8.128259e-01 4.045049e-02 5.811006e-01
    outer loop
      vertex   -8.507052e-01 -1.531339e+01 5.507111e+00
      vertex   -8.529985e-01 -1.523114e+01 5.498177e+00
      vertex   -9.162380e-01 -1.533392e+01 5.416875e+00
    endloop
  endfacet
  facet normal -8.197007e-01 5.321154e-02 5.703151e-01
    outer loop
      vertex   -9.162380e-01 -1.533392e+01 5.416875e+00
      vertex   -8.529985e-01 -1.523114e+01 5.498177e+00
      vertex   -9.151556e-01 -1.525529e+01 5.411094e+00
    endloop
  endfacet
  facet normal -8.218175e-01 5.301746e-02 5.672787e-01
    outer loop
      vertex   -9.162380e-01 -1.533392e+01 5.416875e+00
      vertex   -9.151556e-01 -1.525529e+01 5.411094e+00
      vertex   -9.805318e-01 -1.534852e+01 5.325096e+00
    endloop
  endfacet
  facet normal -8.277333e-01 6.649333e-02 5.571680e-01
    outer loop
      vertex   -9.805318e-01 -1.534852e+01 5.325096e+00
      vertex   -9.151556e-01 -1.525529e+01 5.411094e+00
      vertex   -9.762913e-01 -1.527377e+01 5.322475e+00
    endloop
  endfacet
  facet normal -8.333879e-01 6.651623e-02 5.486713e-01
    outer loop
      vertex   -9.805318e-01 -1.534852e+01 5.325096e+00
      vertex   -9.762913e-01 -1.527377e+01 5.322475e+00
      vertex   -1.089361e+00 -1.535845e+01 5.160997e+00
    endloop
  endfacet
  facet normal -8.376108e-01 9.143441e-02 5.385609e-01
    outer loop
      vertex   -1.089361e+00 -1.535845e+01 5.160997e+00
      vertex   -9.762913e-01 -1.527377e+01 5.322475e+00
      vertex   -1.080095e+00 -1.529118e+01 5.163989e+00
    endloop
  endfacet
  facet normal -8.449476e-01 9.297244e-02 5.267065e-01
    outer loop
      vertex   -1.089361e+00 -1.535845e+01 5.160997e+00
      vertex   -1.080095e+00 -1.529118e+01 5.163989e+00
      vertex   -1.169698e+00 -1.535053e+01 5.030721e+00
    endloop
  endfacet
  facet normal -7.522083e-01 -5.457245e-02 6.566616e-01
    outer loop
      vertex   -4.979853e-01 -1.507408e+01 5.943786e+00
      vertex   -5.394970e-01 -1.500551e+01 5.901932e+00
      vertex   -6.019522e-01 -1.508506e+01 5.823779e+00
    endloop
  endfacet
  facet normal -7.169517e-01 -1.129573e-01 6.879105e-01
    outer loop
      vertex   -6.019522e-01 -1.508506e+01 5.823779e+00
      vertex   -5.394970e-01 -1.500551e+01 5.901932e+00
      vertex   -5.879778e-01 -1.494028e+01 5.862116e+00
    endloop
  endfacet
  facet normal -7.395762e-01 -1.046757e-01 6.648835e-01
    outer loop
      vertex   -6.019522e-01 -1.508506e+01 5.823779e+00
      vertex   -5.879778e-01 -1.494028e+01 5.862116e+00
      vertex   -6.352602e-01 -1.496663e+01 5.805374e+00
    endloop
  endfacet
  facet normal -7.031522e-01 -2.046547e-01 6.809504e-01
    outer loop
      vertex   -6.352602e-01 -1.496663e+01 5.805374e+00
      vertex   -5.879778e-01 -1.494028e+01 5.862116e+00
      vertex   -6.426072e-01 -1.487836e+01 5.824316e+00
    endloop
  endfacet
  facet normal -6.933750e-01 -2.058975e-01 6.905341e-01
    outer loop
      vertex   -6.352602e-01 -1.496663e+01 5.805374e+00
      vertex   -6.426072e-01 -1.487836e+01 5.824316e+00
      vertex   -6.694873e-01 -1.487522e+01 5.798262e+00
    endloop
  endfacet
  facet normal -6.834266e-01 -2.894170e-01 6.701984e-01
    outer loop
      vertex   -6.694873e-01 -1.487522e+01 5.798262e+00
      vertex   -6.426072e-01 -1.487836e+01 5.824316e+00
      vertex   -7.024470e-01 -1.481981e+01 5.788578e+00
    endloop
  endfacet
  facet normal -6.868137e-01 -2.922554e-01 6.654875e-01
    outer loop
      vertex   -6.694873e-01 -1.487522e+01 5.798262e+00
      vertex   -7.024470e-01 -1.481981e+01 5.788578e+00
      vertex   -7.730104e-01 -1.496869e+01 5.650373e+00
    endloop
  endfacet
  facet normal -7.130934e-01 -2.646701e-01 6.491899e-01
    outer loop
      vertex   -7.730104e-01 -1.496869e+01 5.650373e+00
      vertex   -7.024470e-01 -1.481981e+01 5.788578e+00
      vertex   -8.031164e-01 -1.488366e+01 5.651969e+00
    endloop
  endfacet
  facet normal -7.325625e-01 -2.710978e-01 6.243862e-01
    outer loop
      vertex   -7.730104e-01 -1.496869e+01 5.650373e+00
      vertex   -8.031164e-01 -1.488366e+01 5.651969e+00
      vertex   -8.786306e-01 -1.504593e+01 5.492918e+00
    endloop
  endfacet
  facet normal -7.701627e-01 -2.261710e-01 5.964027e-01
    outer loop
      vertex   -8.786306e-01 -1.504593e+01 5.492918e+00
      vertex   -8.031164e-01 -1.488366e+01 5.651969e+00
      vertex   -8.987447e-01 -1.496607e+01 5.497228e+00
    endloop
  endfacet
  facet normal -7.746823e-01 -2.269753e-01 5.902114e-01
    outer loop
      vertex   -8.786306e-01 -1.504593e+01 5.492918e+00
      vertex   -8.987447e-01 -1.496607e+01 5.497228e+00
      vertex   -9.315359e-01 -1.507783e+01 5.411208e+00
    endloop
  endfacet
  facet normal -6.714103e-01 -3.448657e-01 6.559541e-01
    outer loop
      vertex   -8.031164e-01 -1.488366e+01 5.651969e+00
      vertex   -7.024470e-01 -1.481981e+01 5.788578e+00
      vertex   -8.389601e-01 -1.480113e+01 5.658671e+00
    endloop
  endfacet
  facet normal -6.546748e-01 -4.217666e-01 6.273068e-01
    outer loop
      vertex   -8.389601e-01 -1.480113e+01 5.658671e+00
      vertex   -7.024470e-01 -1.481981e+01 5.788578e+00
      vertex   -8.338296e-01 -1.471292e+01 5.723330e+00
    endloop
  endfacet
  facet normal -5.552259e-01 -6.622752e-01 5.031061e-01
    outer loop
      vertex   -1.119641e+00 -1.453592e+01 5.615287e+00
      vertex   -1.074941e+00 -1.460160e+01 5.578156e+00
      vertex   -9.751557e-01 -1.461868e+01 5.665802e+00
    endloop
  endfacet
  facet normal -5.841122e-01 -5.983465e-01 5.484472e-01
    outer loop
      vertex   -9.751557e-01 -1.461868e+01 5.665802e+00
      vertex   -1.074941e+00 -1.460160e+01 5.578156e+00
      vertex   -1.035941e+00 -1.465886e+01 5.557226e+00
    endloop
  endfacet
  facet normal -6.321249e-01 -5.414731e-01 5.542787e-01
    outer loop
      vertex   -9.751557e-01 -1.461868e+01 5.665802e+00
      vertex   -1.035941e+00 -1.465886e+01 5.557226e+00
      vertex   -1.000235e+00 -1.471912e+01 5.539075e+00
    endloop
  endfacet
  facet normal -6.405745e-01 -5.430561e-01 5.429129e-01
    outer loop
      vertex   -1.000235e+00 -1.471912e+01 5.539075e+00
      vertex   -1.035941e+00 -1.465886e+01 5.557226e+00
      vertex   -1.030926e+00 -1.476149e+01 5.460484e+00
    endloop
  endfacet
  facet normal -7.335209e-01 -4.359262e-01 5.214551e-01
    outer loop
      vertex   -1.000235e+00 -1.471912e+01 5.539075e+00
      vertex   -1.030926e+00 -1.476149e+01 5.460484e+00
      vertex   -9.921274e-01 -1.485229e+01 5.439159e+00
    endloop
  endfacet
  facet normal -7.200369e-01 -4.347280e-01 5.408867e-01
    outer loop
      vertex   -9.921274e-01 -1.485229e+01 5.439159e+00
      vertex   -1.030926e+00 -1.476149e+01 5.460484e+00
      vertex   -1.030041e+00 -1.488829e+01 5.359750e+00
    endloop
  endfacet
  facet normal -7.896621e-01 -3.212862e-01 5.226939e-01
    outer loop
      vertex   -9.921274e-01 -1.485229e+01 5.439159e+00
      vertex   -1.030041e+00 -1.488829e+01 5.359750e+00
      vertex   -1.010232e+00 -1.495897e+01 5.346230e+00
    endloop
  endfacet
  facet normal -7.920830e-01 -3.212642e-01 5.190316e-01
    outer loop
      vertex   -1.010232e+00 -1.495897e+01 5.346230e+00
      vertex   -1.030041e+00 -1.488829e+01 5.359750e+00
      vertex   -1.084584e+00 -1.500571e+01 5.203835e+00
    endloop
  endfacet
  facet normal -8.416606e-01 -1.951305e-01 5.035190e-01
    outer loop
      vertex   -1.010232e+00 -1.495897e+01 5.346230e+00
      vertex   -1.084584e+00 -1.500571e+01 5.203835e+00
      vertex   -1.077159e+00 -1.507172e+01 5.190665e+00
    endloop
  endfacet
  facet normal -8.494141e-01 -1.934992e-01 4.909722e-01
    outer loop
      vertex   -1.077159e+00 -1.507172e+01 5.190665e+00
      vertex   -1.084584e+00 -1.500571e+01 5.203835e+00
      vertex   -1.138894e+00 -1.509080e+01 5.076341e+00
    endloop
  endfacet
  facet normal -8.705448e-01 -8.620268e-02 4.844800e-01
    outer loop
      vertex   -1.077159e+00 -1.507172e+01 5.190665e+00
      vertex   -1.138894e+00 -1.509080e+01 5.076341e+00
      vertex   -1.140576e+00 -1.515150e+01 5.062518e+00
    endloop
  endfacet
  facet normal -8.788841e-01 -8.263423e-02 4.698237e-01
    outer loop
      vertex   -1.140576e+00 -1.515150e+01 5.062518e+00
      vertex   -1.138894e+00 -1.509080e+01 5.076341e+00
      vertex   -1.202794e+00 -1.515081e+01 4.946249e+00
    endloop
  endfacet
  facet normal -8.815750e-01 1.410667e-02 4.718332e-01
    outer loop
      vertex   -1.140576e+00 -1.515150e+01 5.062518e+00
      vertex   -1.202794e+00 -1.515081e+01 4.946249e+00
      vertex   -1.212026e+00 -1.520476e+01 4.930614e+00
    endloop
  endfacet
  facet normal -8.883823e-01 1.907586e-02 4.587080e-01
    outer loop
      vertex   -1.212026e+00 -1.520476e+01 4.930614e+00
      vertex   -1.202794e+00 -1.515081e+01 4.946249e+00
      vertex   -1.251101e+00 -1.519091e+01 4.854361e+00
    endloop
  endfacet
  facet normal -8.805457e-01 8.393843e-02 4.664693e-01
    outer loop
      vertex   -1.212026e+00 -1.520476e+01 4.930614e+00
      vertex   -1.251101e+00 -1.519091e+01 4.854361e+00
      vertex   -1.227893e+00 -1.527312e+01 4.912961e+00
    endloop
  endfacet
  facet normal -8.645495e-01 1.060990e-01 4.912201e-01
    outer loop
      vertex   -1.227893e+00 -1.527312e+01 4.912961e+00
      vertex   -1.251101e+00 -1.519091e+01 4.854361e+00
      vertex   -1.260500e+00 -1.528077e+01 4.857226e+00
    endloop
  endfacet
  facet normal -8.626698e-01 1.434846e-01 4.849876e-01
    outer loop
      vertex   -1.227893e+00 -1.527312e+01 4.912961e+00
      vertex   -1.260500e+00 -1.528077e+01 4.857226e+00
      vertex   -1.243622e+00 -1.532669e+01 4.900833e+00
    endloop
  endfacet
  facet normal -8.276948e-01 1.953603e-01 5.260758e-01
    outer loop
      vertex   -1.243622e+00 -1.532669e+01 4.900833e+00
      vertex   -1.260500e+00 -1.528077e+01 4.857226e+00
      vertex   -1.260500e+00 -1.539646e+01 4.900188e+00
    endloop
  endfacet
  facet normal -5.142769e-01 -7.713326e-01 3.749205e-01
    outer loop
      vertex   -1.260500e+00 -1.446350e+01 5.571076e+00
      vertex   -1.215038e+00 -1.449332e+01 5.572071e+00
      vertex   -1.119641e+00 -1.453592e+01 5.615287e+00
    endloop
  endfacet
  facet normal -5.258418e-01 -7.229540e-01 4.481382e-01
    outer loop
      vertex   -1.119641e+00 -1.453592e+01 5.615287e+00
      vertex   -1.215038e+00 -1.449332e+01 5.572071e+00
      vertex   -1.172113e+00 -1.454125e+01 5.545122e+00
    endloop
  endfacet
  facet normal -5.649101e-01 -6.755948e-01 4.737597e-01
    outer loop
      vertex   -1.119641e+00 -1.453592e+01 5.615287e+00
      vertex   -1.172113e+00 -1.454125e+01 5.545122e+00
      vertex   -1.117006e+00 -1.454763e+01 5.601734e+00
    endloop
  endfacet
  facet normal -5.660432e-01 -6.737209e-01 4.750739e-01
    outer loop
      vertex   -1.117006e+00 -1.454763e+01 5.601734e+00
      vertex   -1.172113e+00 -1.454125e+01 5.545122e+00
      vertex   -1.132363e+00 -1.459196e+01 5.520571e+00
    endloop
  endfacet
  facet normal -6.309219e-01 -6.244478e-01 4.604373e-01
    outer loop
      vertex   -1.117006e+00 -1.454763e+01 5.601734e+00
      vertex   -1.132363e+00 -1.459196e+01 5.520571e+00
      vertex   -1.095460e+00 -1.464574e+01 5.498206e+00
    endloop
  endfacet
  facet normal -6.146424e-01 -6.230016e-01 4.838220e-01
    outer loop
      vertex   -1.095460e+00 -1.464574e+01 5.498206e+00
      vertex   -1.132363e+00 -1.459196e+01 5.520571e+00
      vertex   -1.116331e+00 -1.468718e+01 5.418318e+00
    endloop
  endfacet
  facet normal -7.110858e-01 -5.307487e-01 4.611538e-01
    outer loop
      vertex   -1.095460e+00 -1.464574e+01 5.498206e+00
      vertex   -1.116331e+00 -1.468718e+01 5.418318e+00
      vertex   -1.087546e+00 -1.474270e+01 5.398816e+00
    endloop
  endfacet
  facet normal -7.049811e-01 -5.308164e-01 4.703568e-01
    outer loop
      vertex   -1.087546e+00 -1.474270e+01 5.398816e+00
      vertex   -1.116331e+00 -1.468718e+01 5.418318e+00
      vertex   -1.133158e+00 -1.480515e+01 5.259972e+00
    endloop
  endfacet
  facet normal -8.013891e-01 -4.011338e-01 4.436971e-01
    outer loop
      vertex   -1.087546e+00 -1.474270e+01 5.398816e+00
      vertex   -1.133158e+00 -1.480515e+01 5.259972e+00
      vertex   -1.115910e+00 -1.485919e+01 5.242269e+00
    endloop
  endfacet
  facet normal -8.025765e-01 -4.008827e-01 4.417737e-01
    outer loop
      vertex   -1.115910e+00 -1.485919e+01 5.242269e+00
      vertex   -1.133158e+00 -1.480515e+01 5.259972e+00
      vertex   -1.157108e+00 -1.489569e+01 5.134298e+00
    endloop
  endfacet
  facet normal -8.651775e-01 -2.711877e-01 4.218118e-01
    outer loop
      vertex   -1.115910e+00 -1.485919e+01 5.242269e+00
      vertex   -1.157108e+00 -1.489569e+01 5.134298e+00
      vertex   -1.145654e+00 -1.497095e+01 5.109405e+00
    endloop
  endfacet
  facet normal -8.642246e-01 -2.715999e-01 4.234965e-01
    outer loop
      vertex   -1.145654e+00 -1.497095e+01 5.109405e+00
      vertex   -1.157108e+00 -1.489569e+01 5.134298e+00
      vertex   -1.192437e+00 -1.498988e+01 5.001798e+00
    endloop
  endfacet
  facet normal -8.976313e-01 -1.458763e-01 4.159064e-01
    outer loop
      vertex   -1.145654e+00 -1.497095e+01 5.109405e+00
      vertex   -1.192437e+00 -1.498988e+01 5.001798e+00
      vertex   -1.192990e+00 -1.504320e+01 4.981903e+00
    endloop
  endfacet
  facet normal -9.023756e-01 -1.424072e-01 4.067413e-01
    outer loop
      vertex   -1.192990e+00 -1.504320e+01 4.981903e+00
      vertex   -1.192437e+00 -1.498988e+01 5.001798e+00
      vertex   -1.224054e+00 -1.504389e+01 4.912745e+00
    endloop
  endfacet
  facet normal -9.107012e-01 -5.343530e-02 4.095948e-01
    outer loop
      vertex   -1.192990e+00 -1.504320e+01 4.981903e+00
      vertex   -1.224054e+00 -1.504389e+01 4.912745e+00
      vertex   -1.230478e+00 -1.509286e+01 4.892071e+00
    endloop
  endfacet
  facet normal -9.204538e-01 -4.323127e-02 3.884531e-01
    outer loop
      vertex   -1.230478e+00 -1.509286e+01 4.892071e+00
      vertex   -1.224054e+00 -1.504389e+01 4.912745e+00
      vertex   -1.260500e+00 -1.506231e+01 4.824334e+00
    endloop
  endfacet
  facet normal -9.131884e-01 6.112037e-03 4.074919e-01
    outer loop
      vertex   -1.230478e+00 -1.509286e+01 4.892071e+00
      vertex   -1.260500e+00 -1.506231e+01 4.824334e+00
      vertex   -1.239500e+00 -1.514192e+01 4.872589e+00
    endloop
  endfacet
  facet normal -8.955502e-01 3.274434e-02 4.437540e-01
    outer loop
      vertex   -1.239500e+00 -1.514192e+01 4.872589e+00
      vertex   -1.260500e+00 -1.506231e+01 4.824334e+00
      vertex   -1.260500e+00 -1.516780e+01 4.832118e+00
    endloop
  endfacet
  facet normal -8.995473e-01 5.161135e-02 4.337636e-01
    outer loop
      vertex   -1.239500e+00 -1.514192e+01 4.872589e+00
      vertex   -1.260500e+00 -1.516780e+01 4.832118e+00
      vertex   -1.251101e+00 -1.519091e+01 4.854361e+00
    endloop
  endfacet
  facet normal -8.714264e-01 1.064236e-01 4.788423e-01
    outer loop
      vertex   -1.251101e+00 -1.519091e+01 4.854361e+00
      vertex   -1.260500e+00 -1.516780e+01 4.832118e+00
      vertex   -1.260500e+00 -1.528077e+01 4.857226e+00
    endloop
  endfacet
  facet normal -5.060184e-01 -7.574919e-01 4.124941e-01
    outer loop
      vertex   -1.215038e+00 -1.449332e+01 5.572071e+00
      vertex   -1.260500e+00 -1.446350e+01 5.571076e+00
      vertex   -1.220265e+00 -1.453529e+01 5.488588e+00
    endloop
  endfacet
  facet normal -5.824850e-01 -7.321312e-01 3.531220e-01
    outer loop
      vertex   -1.220265e+00 -1.453529e+01 5.488588e+00
      vertex   -1.260500e+00 -1.446350e+01 5.571076e+00
      vertex   -1.260500e+00 -1.454251e+01 5.407259e+00
    endloop
  endfacet
  facet normal -6.340460e-01 -6.769827e-01 3.737379e-01
    outer loop
      vertex   -1.220265e+00 -1.453529e+01 5.488588e+00
      vertex   -1.260500e+00 -1.454251e+01 5.407259e+00
      vertex   -1.229684e+00 -1.460534e+01 5.345723e+00
    endloop
  endfacet
  facet normal -6.958964e-01 -6.468350e-01 3.119819e-01
    outer loop
      vertex   -1.229684e+00 -1.460534e+01 5.345723e+00
      vertex   -1.260500e+00 -1.454251e+01 5.407259e+00
      vertex   -1.260500e+00 -1.462152e+01 5.243442e+00
    endloop
  endfacet
  facet normal -7.635146e-01 -5.615771e-01 3.188676e-01
    outer loop
      vertex   -1.229684e+00 -1.460534e+01 5.345723e+00
      vertex   -1.260500e+00 -1.462152e+01 5.243442e+00
      vertex   -1.237075e+00 -1.465621e+01 5.238443e+00
    endloop
  endfacet
  facet normal -7.662368e-01 -5.622815e-01 3.109996e-01
    outer loop
      vertex   -1.237075e+00 -1.465621e+01 5.238443e+00
      vertex   -1.260500e+00 -1.462152e+01 5.243442e+00
      vertex   -1.244208e+00 -1.470234e+01 5.137454e+00
    endloop
  endfacet
  facet normal -8.656385e-01 -4.294684e-01 2.573458e-01
    outer loop
      vertex   -1.237075e+00 -1.465621e+01 5.238443e+00
      vertex   -1.244208e+00 -1.470234e+01 5.137454e+00
      vertex   -1.230084e+00 -1.474483e+01 5.114054e+00
    endloop
  endfacet
  facet normal -8.486727e-01 -4.420478e-01 2.904281e-01
    outer loop
      vertex   -1.230084e+00 -1.474483e+01 5.114054e+00
      vertex   -1.244208e+00 -1.470234e+01 5.137454e+00
      vertex   -1.238565e+00 -1.476872e+01 5.052911e+00
    endloop
  endfacet
  facet normal -9.113806e-01 -3.244702e-01 2.531888e-01
    outer loop
      vertex   -1.230084e+00 -1.474483e+01 5.114054e+00
      vertex   -1.238565e+00 -1.476872e+01 5.052911e+00
      vertex   -1.230715e+00 -1.480885e+01 5.029752e+00
    endloop
  endfacet
  facet normal -9.015998e-01 -3.346340e-01 2.741130e-01
    outer loop
      vertex   -1.230715e+00 -1.480885e+01 5.029752e+00
      vertex   -1.238565e+00 -1.476872e+01 5.052911e+00
      vertex   -1.241999e+00 -1.482545e+01 4.972369e+00
    endloop
  endfacet
  facet normal -9.425848e-01 -2.219289e-01 2.495627e-01
    outer loop
      vertex   -1.230715e+00 -1.480885e+01 5.029752e+00
      vertex   -1.241999e+00 -1.482545e+01 4.972369e+00
      vertex   -1.239541e+00 -1.486261e+01 4.948610e+00
    endloop
  endfacet
  facet normal -9.399461e-01 -2.258288e-01 2.559348e-01
    outer loop
      vertex   -1.239541e+00 -1.486261e+01 4.948610e+00
      vertex   -1.241999e+00 -1.482545e+01 4.972369e+00
      vertex   -1.252231e+00 -1.487005e+01 4.895435e+00
    endloop
  endfacet
  facet normal -9.611903e-01 -1.235317e-01 2.466844e-01
    outer loop
      vertex   -1.239541e+00 -1.486261e+01 4.948610e+00
      vertex   -1.252231e+00 -1.487005e+01 4.895435e+00
      vertex   -1.254347e+00 -1.490330e+01 4.870542e+00
    endloop
  endfacet
  facet normal -9.673211e-01 -1.096246e-01 2.286312e-01
    outer loop
      vertex   -1.254347e+00 -1.490330e+01 4.870542e+00
      vertex   -1.252231e+00 -1.487005e+01 4.895435e+00
      vertex   -1.260500e+00 -1.488651e+01 4.852557e+00
    endloop
  endfacet
  facet normal -9.633991e-01 -7.853684e-02 2.563087e-01
    outer loop
      vertex   -1.254347e+00 -1.490330e+01 4.870542e+00
      vertex   -1.260500e+00 -1.488651e+01 4.852557e+00
      vertex   -1.258125e+00 -1.493673e+01 4.846098e+00
    endloop
  endfacet
  facet normal -9.317494e-01 -8.934072e-02 3.519393e-01
    outer loop
      vertex   -1.258125e+00 -1.493673e+01 4.846098e+00
      vertex   -1.260500e+00 -1.488651e+01 4.852557e+00
      vertex   -1.260500e+00 -1.496735e+01 4.832036e+00
    endloop
  endfacet
  facet normal -9.514544e-01 -6.440730e-02 3.009754e-01
    outer loop
      vertex   -1.258125e+00 -1.493673e+01 4.846098e+00
      vertex   -1.260500e+00 -1.496735e+01 4.832036e+00
      vertex   -1.240125e+00 -1.493806e+01 4.902714e+00
    endloop
  endfacet
  facet normal -9.460008e-01 -9.199919e-02 3.108354e-01
    outer loop
      vertex   -1.240125e+00 -1.493806e+01 4.902714e+00
      vertex   -1.260500e+00 -1.496735e+01 4.832036e+00
      vertex   -1.245223e+00 -1.499405e+01 4.870628e+00
    endloop
  endfacet
  facet normal -9.390930e-01 -1.024807e-01 3.280276e-01
    outer loop
      vertex   -1.240125e+00 -1.493806e+01 4.902714e+00
      vertex   -1.245223e+00 -1.499405e+01 4.870628e+00
      vertex   -1.219213e+00 -1.493298e+01 4.964170e+00
    endloop
  endfacet
  facet normal -9.210445e-01 -1.549868e-01 3.572901e-01
    outer loop
      vertex   -1.219213e+00 -1.493298e+01 4.964170e+00
      vertex   -1.245223e+00 -1.499405e+01 4.870628e+00
      vertex   -1.220243e+00 -1.499513e+01 4.934552e+00
    endloop
  endfacet
  facet normal -9.224591e-01 -1.535200e-01 3.542610e-01
    outer loop
      vertex   -1.219213e+00 -1.493298e+01 4.964170e+00
      vertex   -1.220243e+00 -1.499513e+01 4.934552e+00
      vertex   -1.196008e+00 -1.492214e+01 5.029288e+00
    endloop
  endfacet
  facet normal -8.987911e-01 -2.047075e-01 3.876460e-01
    outer loop
      vertex   -1.196008e+00 -1.492214e+01 5.029288e+00
      vertex   -1.220243e+00 -1.499513e+01 4.934552e+00
      vertex   -1.192437e+00 -1.498988e+01 5.001798e+00
    endloop
  endfacet
  facet normal -9.002647e-01 -2.036247e-01 3.847863e-01
    outer loop
      vertex   -1.196008e+00 -1.492214e+01 5.029288e+00
      vertex   -1.192437e+00 -1.498988e+01 5.001798e+00
      vertex   -1.157108e+00 -1.489569e+01 5.134298e+00
    endloop
  endfacet
  facet normal -8.541035e-01 -4.684600e-01 2.259480e-01
    outer loop
      vertex   -1.260500e+00 -1.462152e+01 5.243442e+00
      vertex   -1.260500e+00 -1.466103e+01 5.161533e+00
      vertex   -1.244208e+00 -1.470234e+01 5.137454e+00
    endloop
  endfacet
  facet normal -8.301746e-01 -4.862634e-01 2.726867e-01
    outer loop
      vertex   -1.244208e+00 -1.470234e+01 5.137454e+00
      vertex   -1.260500e+00 -1.466103e+01 5.161533e+00
      vertex   -1.248526e+00 -1.472892e+01 5.076916e+00
    endloop
  endfacet
  facet normal -9.054183e-01 -3.611539e-01 2.231266e-01
    outer loop
      vertex   -1.244208e+00 -1.470234e+01 5.137454e+00
      vertex   -1.248526e+00 -1.472892e+01 5.076916e+00
      vertex   -1.238565e+00 -1.476872e+01 5.052911e+00
    endloop
  endfacet
  facet normal -8.899402e-01 -3.772696e-01 2.562698e-01
    outer loop
      vertex   -1.238565e+00 -1.476872e+01 5.052911e+00
      vertex   -1.248526e+00 -1.472892e+01 5.076916e+00
      vertex   -1.246281e+00 -1.478877e+01 4.996606e+00
    endloop
  endfacet
  facet normal -9.415440e-01 -2.552302e-01 2.198917e-01
    outer loop
      vertex   -1.238565e+00 -1.476872e+01 5.052911e+00
      vertex   -1.246281e+00 -1.478877e+01 4.996606e+00
      vertex   -1.241999e+00 -1.482545e+01 4.972369e+00
    endloop
  endfacet
  facet normal -9.346379e-01 -2.654651e-01 2.366013e-01
    outer loop
      vertex   -1.241999e+00 -1.482545e+01 4.972369e+00
      vertex   -1.246281e+00 -1.478877e+01 4.996606e+00
      vertex   -1.251776e+00 -1.483704e+01 4.920734e+00
    endloop
  endfacet
  facet normal -9.641230e-01 -1.529992e-01 2.169289e-01
    outer loop
      vertex   -1.241999e+00 -1.482545e+01 4.972369e+00
      vertex   -1.251776e+00 -1.483704e+01 4.920734e+00
      vertex   -1.252231e+00 -1.487005e+01 4.895435e+00
    endloop
  endfacet
  facet normal -9.733205e-01 -1.309923e-01 1.883831e-01
    outer loop
      vertex   -1.252231e+00 -1.487005e+01 4.895435e+00
      vertex   -1.251776e+00 -1.483704e+01 4.920734e+00
      vertex   -1.259477e+00 -1.484266e+01 4.877042e+00
    endloop
  endfacet
  facet normal -9.684052e-01 -1.039766e-01 2.266722e-01
    outer loop
      vertex   -1.252231e+00 -1.487005e+01 4.895435e+00
      vertex   -1.259477e+00 -1.484266e+01 4.877042e+00
      vertex   -1.260500e+00 -1.488651e+01 4.852557e+00
    endloop
  endfacet
  facet normal -9.621216e-01 -1.154557e-01 2.469656e-01
    outer loop
      vertex   -1.260500e+00 -1.488651e+01 4.852557e+00
      vertex   -1.259477e+00 -1.484266e+01 4.877042e+00
      vertex   -1.260500e+00 -1.482276e+01 4.882360e+00
    endloop
  endfacet
  facet normal -9.875324e-01 -8.600384e-02 1.318450e-01
    outer loop
      vertex   -1.260500e+00 -1.482276e+01 4.882360e+00
      vertex   -1.259477e+00 -1.484266e+01 4.877042e+00
      vertex   -1.258274e+00 -1.481443e+01 4.904471e+00
    endloop
  endfacet
  facet normal -9.817627e-01 -1.228003e-01 1.451280e-01
    outer loop
      vertex   -1.260500e+00 -1.482276e+01 4.882360e+00
      vertex   -1.258274e+00 -1.481443e+01 4.904471e+00
      vertex   -1.259881e+00 -1.479232e+01 4.912308e+00
    endloop
  endfacet
  facet normal -9.897890e-01 -1.058005e-01 9.551988e-02
    outer loop
      vertex   -1.259881e+00 -1.479232e+01 4.912308e+00
      vertex   -1.258274e+00 -1.481443e+01 4.904471e+00
      vertex   -1.258606e+00 -1.478606e+01 4.932448e+00
    endloop
  endfacet
  facet normal -9.767750e-01 -1.791814e-01 1.174934e-01
    outer loop
      vertex   -1.259881e+00 -1.479232e+01 4.912308e+00
      vertex   -1.258606e+00 -1.478606e+01 4.932448e+00
      vertex   -1.260500e+00 -1.475979e+01 4.956761e+00
    endloop
  endfacet
  facet normal -9.897044e-01 -1.289152e-01 6.217847e-02
    outer loop
      vertex   -1.260500e+00 -1.475979e+01 4.956761e+00
      vertex   -1.258606e+00 -1.478606e+01 4.932448e+00
      vertex   -1.260500e+00 -1.474004e+01 4.997716e+00
    endloop
  endfacet
  facet normal -9.509105e-01 -2.652389e-01 1.594287e-01
    outer loop
      vertex   -1.260500e+00 -1.474004e+01 4.997716e+00
      vertex   -1.258606e+00 -1.478606e+01 4.932448e+00
      vertex   -1.255892e+00 -1.477161e+01 4.972675e+00
    endloop
  endfacet
  facet normal -9.443354e-01 -2.777143e-01 1.763674e-01
    outer loop
      vertex   -1.260500e+00 -1.474004e+01 4.997716e+00
      vertex   -1.255892e+00 -1.477161e+01 4.972675e+00
      vertex   -1.252464e+00 -1.475222e+01 5.021564e+00
    endloop
  endfacet
  facet normal -9.670437e-01 -2.060658e-01 1.495436e-01
    outer loop
      vertex   -1.252464e+00 -1.475222e+01 5.021564e+00
      vertex   -1.255892e+00 -1.477161e+01 4.972675e+00
      vertex   -1.252983e+00 -1.480434e+01 4.946393e+00
    endloop
  endfacet
  facet normal -9.266155e-01 -3.059824e-01 2.185374e-01
    outer loop
      vertex   -1.252464e+00 -1.475222e+01 5.021564e+00
      vertex   -1.252983e+00 -1.480434e+01 4.946393e+00
      vertex   -1.246281e+00 -1.478877e+01 4.996606e+00
    endloop
  endfacet
  facet normal -9.659850e-01 -1.807306e-01 1.849580e-01
    outer loop
      vertex   -1.246281e+00 -1.478877e+01 4.996606e+00
      vertex   -1.252983e+00 -1.480434e+01 4.946393e+00
      vertex   -1.251776e+00 -1.483704e+01 4.920734e+00
    endloop
  endfacet
  facet normal -8.976750e-01 -3.969034e-01 1.914347e-01
    outer loop
      vertex   -1.260500e+00 -1.466103e+01 5.161533e+00
      vertex   -1.260500e+00 -1.470053e+01 5.079624e+00
      vertex   -1.248526e+00 -1.472892e+01 5.076916e+00
    endloop
  endfacet
  facet normal -8.885781e-01 -3.967678e-01 2.302267e-01
    outer loop
      vertex   -1.248526e+00 -1.472892e+01 5.076916e+00
      vertex   -1.260500e+00 -1.470053e+01 5.079624e+00
      vertex   -1.252464e+00 -1.475222e+01 5.021564e+00
    endloop
  endfacet
  facet normal -9.393556e-01 -2.870482e-01 1.876551e-01
    outer loop
      vertex   -1.248526e+00 -1.472892e+01 5.076916e+00
      vertex   -1.252464e+00 -1.475222e+01 5.021564e+00
      vertex   -1.246281e+00 -1.478877e+01 4.996606e+00
    endloop
  endfacet
  facet normal -9.357978e-01 -3.175325e-01 1.531525e-01
    outer loop
      vertex   -1.260500e+00 -1.470053e+01 5.079624e+00
      vertex   -1.260500e+00 -1.474004e+01 4.997716e+00
      vertex   -1.252464e+00 -1.475222e+01 5.021564e+00
    endloop
  endfacet
  facet normal -9.980815e-01 -5.576661e-02 2.689739e-02
    outer loop
      vertex   -1.260500e+00 -1.475979e+01 4.956761e+00
      vertex   -1.260500e+00 -1.476967e+01 4.936284e+00
      vertex   -1.259881e+00 -1.479232e+01 4.912308e+00
    endloop
  endfacet
  facet normal -9.876592e-01 -1.257873e-01 9.331047e-02
    outer loop
      vertex   -1.259881e+00 -1.479232e+01 4.912308e+00
      vertex   -1.260500e+00 -1.476967e+01 4.936284e+00
      vertex   -1.260500e+00 -1.479512e+01 4.901977e+00
    endloop
  endfacet
  facet normal -9.958825e-01 -5.246742e-02 7.392759e-02
    outer loop
      vertex   -1.259881e+00 -1.479232e+01 4.912308e+00
      vertex   -1.260500e+00 -1.479512e+01 4.901977e+00
      vertex   -1.260500e+00 -1.482276e+01 4.882360e+00
    endloop
  endfacet
  facet normal -1.000000e+00 -6.080901e-14 4.510883e-14
    outer loop
      vertex   -1.260500e+00 -1.479512e+01 4.901977e+00
      vertex   -1.260500e+00 -1.476967e+01 4.936284e+00
      vertex   -1.260500e+00 -1.478332e+01 4.912959e+00
    endloop
  endfacet
  facet normal -1.000000e+00 9.247709e-14 -4.460362e-14
    outer loop
      vertex   -1.260500e+00 -1.478332e+01 4.912959e+00
      vertex   -1.260500e+00 -1.476967e+01 4.936284e+00
      vertex   -1.260500e+00 -1.477461e+01 4.926046e+00
    endloop
  endfacet
  facet normal -1.000000e+00 -5.216607e-13 3.642902e-13
    outer loop
      vertex   -1.260500e+00 -1.478332e+01 4.912959e+00
      vertex   -1.260500e+00 -1.477461e+01 4.926046e+00
      vertex   -1.260500e+00 -1.477942e+01 4.917323e+00
    endloop
  endfacet
  facet normal -1.000000e+00 1.157928e-12 -5.627266e-13
    outer loop
      vertex   -1.260500e+00 -1.477942e+01 4.917323e+00
      vertex   -1.260500e+00 -1.477461e+01 4.926046e+00
      vertex   -1.260500e+00 -1.477795e+01 4.919171e+00
    endloop
  endfacet
  facet normal -1.000000e+00 0.000000e+00 0.000000e+00
    outer loop
      vertex   -1.260500e+00 -1.477795e+01 4.919171e+00
      vertex   -1.260500e+00 -1.477461e+01 4.926046e+00
      vertex   -1.260500e+00 -1.477790e+01 4.919220e+00
    endloop
  endfacet
  facet normal 0.000000e+00 0.000000e+00 0.000000e+00
    outer loop
      vertex   -1.260500e+00 -1.477790e+01 4.919220e+00
      vertex   -1.260500e+00 -1.477461e+01 4.926046e+00
      vertex   -1.260500e+00 -1.477795e+01 4.919116e+00
    endloop
  endfacet
  facet normal 0.000000e+00 0.000000e+00 0.000000e+00
    outer loop
      vertex   -1.260500e+00 -1.477795e+01 4.919116e+00
      vertex   -1.260500e+00 -1.477461e+01 4.926046e+00
      vertex   -1.260500e+00 -1.477907e+01 4.916795e+00
    endloop
  endfacet
  facet normal 0.000000e+00 0.000000e+00 0.000000e+00
    outer loop
      vertex   -1.260500e+00 -1.477907e+01 4.916795e+00
      vertex   -1.260500e+00 -1.477461e+01 4.926046e+00
      vertex   -1.260500e+00 -1.477947e+01 4.915970e+00
    endloop
  endfacet
  facet normal 0.000000e+00 0.000000e+00 0.000000e+00
    outer loop
      vertex   -1.260500e+00 -1.477947e+01 4.915970e+00
      vertex   -1.260500e+00 -1.477461e+01 4.926046e+00
      vertex   -1.260500e+00 -1.477955e+01 4.915807e+00
    endloop
  endfacet
  facet normal -9.388900e-01 -4.371684e-02 3.414300e-01
    outer loop
      vertex   -1.245223e+00 -1.499405e+01 4.870628e+00
      vertex   -1.260500e+00 -1.496735e+01 4.832036e+00
      vertex   -1.251894e+00 -1.503782e+01 4.846680e+00
    endloop
  endfacet
  facet normal -9.206246e-01 -3.156561e-02 3.891708e-01
    outer loop
      vertex   -1.251894e+00 -1.503782e+01 4.846680e+00
      vertex   -1.260500e+00 -1.496735e+01 4.832036e+00
      vertex   -1.260500e+00 -1.506231e+01 4.824334e+00
    endloop
  endfacet
  facet normal -9.220781e-01 -2.814309e-02 3.859792e-01
    outer loop
      vertex   -1.251894e+00 -1.503782e+01 4.846680e+00
      vertex   -1.260500e+00 -1.506231e+01 4.824334e+00
      vertex   -1.224054e+00 -1.504389e+01 4.912745e+00
    endloop
  endfacet
  facet normal -7.493984e-01 -1.092790e-01 6.530391e-01
    outer loop
      vertex   -7.274504e-01 -1.516751e+01 5.665966e+00
      vertex   -6.019522e-01 -1.508506e+01 5.823779e+00
      vertex   -6.352602e-01 -1.496663e+01 5.805374e+00
    endloop
  endfacet
  facet normal -7.155921e-01 -2.162654e-01 6.641967e-01
    outer loop
      vertex   -6.352602e-01 -1.496663e+01 5.805374e+00
      vertex   -6.694873e-01 -1.487522e+01 5.798262e+00
      vertex   -7.489440e-01 -1.505554e+01 5.653944e+00
    endloop
  endfacet
  facet normal -7.482406e-01 -1.810981e-01 6.382315e-01
    outer loop
      vertex   -7.489440e-01 -1.505554e+01 5.653944e+00
      vertex   -6.694873e-01 -1.487522e+01 5.798262e+00
      vertex   -7.730104e-01 -1.496869e+01 5.650373e+00
    endloop
  endfacet
  facet normal -7.598142e-01 -1.849196e-01 6.232874e-01
    outer loop
      vertex   -7.489440e-01 -1.505554e+01 5.653944e+00
      vertex   -7.730104e-01 -1.496869e+01 5.650373e+00
      vertex   -8.638566e-01 -1.512704e+01 5.492646e+00
    endloop
  endfacet
  facet normal -7.871744e-01 -1.453810e-01 5.993503e-01
    outer loop
      vertex   -8.638566e-01 -1.512704e+01 5.492646e+00
      vertex   -7.730104e-01 -1.496869e+01 5.650373e+00
      vertex   -8.786306e-01 -1.504593e+01 5.492918e+00
    endloop
  endfacet
  facet normal -7.927270e-01 -1.463668e-01 5.917438e-01
    outer loop
      vertex   -8.638566e-01 -1.512704e+01 5.492646e+00
      vertex   -8.786306e-01 -1.504593e+01 5.492918e+00
      vertex   -9.211006e-01 -1.515565e+01 5.408884e+00
    endloop
  endfacet
  facet normal -8.096450e-01 -1.256945e-01 5.733026e-01
    outer loop
      vertex   -9.211006e-01 -1.515565e+01 5.408884e+00
      vertex   -8.786306e-01 -1.504593e+01 5.492918e+00
      vertex   -9.315359e-01 -1.507783e+01 5.411208e+00
    endloop
  endfacet
  facet normal -8.107072e-01 -1.257914e-01 5.717782e-01
    outer loop
      vertex   -9.211006e-01 -1.515565e+01 5.408884e+00
      vertex   -9.315359e-01 -1.507783e+01 5.411208e+00
      vertex   -9.776060e-01 -1.517892e+01 5.323647e+00
    endloop
  endfacet
  facet normal -6.993866e-01 -3.541633e-01 6.208274e-01
    outer loop
      vertex   -8.987447e-01 -1.496607e+01 5.497228e+00
      vertex   -8.031164e-01 -1.488366e+01 5.651969e+00
      vertex   -8.389601e-01 -1.480113e+01 5.658671e+00
    endloop
  endfacet
  facet normal -7.823230e-01 -8.390772e-02 6.171954e-01
    outer loop
      vertex   -8.529985e-01 -1.523114e+01 5.498177e+00
      vertex   -7.274504e-01 -1.516751e+01 5.665966e+00
      vertex   -7.489440e-01 -1.505554e+01 5.653944e+00
    endloop
  endfacet
  facet normal -7.736606e-01 -8.104228e-02 6.283960e-01
    outer loop
      vertex   -7.489440e-01 -1.505554e+01 5.653944e+00
      vertex   -7.274504e-01 -1.516751e+01 5.665966e+00
      vertex   -6.352602e-01 -1.496663e+01 5.805374e+00
    endloop
  endfacet
  facet normal -8.022867e-01 -5.208930e-02 5.946619e-01
    outer loop
      vertex   -8.529985e-01 -1.523114e+01 5.498177e+00
      vertex   -7.489440e-01 -1.505554e+01 5.653944e+00
      vertex   -8.638566e-01 -1.512704e+01 5.492646e+00
    endloop
  endfacet
  facet normal -5.939021e-01 -6.623562e-01 4.566887e-01
    outer loop
      vertex   -1.119641e+00 -1.453592e+01 5.615287e+00
      vertex   -1.117006e+00 -1.454763e+01 5.601734e+00
      vertex   -1.074941e+00 -1.460160e+01 5.578156e+00
    endloop
  endfacet
  facet normal -5.590916e-01 -6.567775e-01 5.060236e-01
    outer loop
      vertex   -1.074941e+00 -1.460160e+01 5.578156e+00
      vertex   -1.117006e+00 -1.454763e+01 5.601734e+00
      vertex   -1.095460e+00 -1.464574e+01 5.498206e+00
    endloop
  endfacet
  facet normal -6.640585e-01 -5.693077e-01 4.846803e-01
    outer loop
      vertex   -1.074941e+00 -1.460160e+01 5.578156e+00
      vertex   -1.095460e+00 -1.464574e+01 5.498206e+00
      vertex   -1.061586e+00 -1.470233e+01 5.478140e+00
    endloop
  endfacet
  facet normal -6.517039e-01 -5.682034e-01 5.024210e-01
    outer loop
      vertex   -1.061586e+00 -1.470233e+01 5.478140e+00
      vertex   -1.095460e+00 -1.464574e+01 5.498206e+00
      vertex   -1.087546e+00 -1.474270e+01 5.398816e+00
    endloop
  endfacet
  facet normal -7.366951e-01 -4.739954e-01 4.822952e-01
    outer loop
      vertex   -1.061586e+00 -1.470233e+01 5.478140e+00
      vertex   -1.087546e+00 -1.474270e+01 5.398816e+00
      vertex   -1.061853e+00 -1.480037e+01 5.381384e+00
    endloop
  endfacet
  facet normal -7.343772e-01 -4.740201e-01 4.857932e-01
    outer loop
      vertex   -1.061853e+00 -1.480037e+01 5.381384e+00
      vertex   -1.087546e+00 -1.474270e+01 5.398816e+00
      vertex   -1.115910e+00 -1.485919e+01 5.242269e+00
    endloop
  endfacet
  facet normal -8.230843e-01 -3.324880e-01 4.604172e-01
    outer loop
      vertex   -1.061853e+00 -1.480037e+01 5.381384e+00
      vertex   -1.115910e+00 -1.485919e+01 5.242269e+00
      vertex   -1.095845e+00 -1.494074e+01 5.219248e+00
    endloop
  endfacet
  facet normal -8.209674e-01 -3.329385e-01 4.638583e-01
    outer loop
      vertex   -1.095845e+00 -1.494074e+01 5.219248e+00
      vertex   -1.115910e+00 -1.485919e+01 5.242269e+00
      vertex   -1.145654e+00 -1.497095e+01 5.109405e+00
    endloop
  endfacet
  facet normal -8.687995e-01 -2.055179e-01 4.504995e-01
    outer loop
      vertex   -1.095845e+00 -1.494074e+01 5.219248e+00
      vertex   -1.145654e+00 -1.497095e+01 5.109405e+00
      vertex   -1.140590e+00 -1.503053e+01 5.091991e+00
    endloop
  endfacet
  facet normal -8.748878e-01 -2.029011e-01 4.397755e-01
    outer loop
      vertex   -1.140590e+00 -1.503053e+01 5.091991e+00
      vertex   -1.145654e+00 -1.497095e+01 5.109405e+00
      vertex   -1.192990e+00 -1.504320e+01 4.981903e+00
    endloop
  endfacet
  facet normal -8.948084e-01 -9.313223e-02 4.366284e-01
    outer loop
      vertex   -1.140590e+00 -1.503053e+01 5.091991e+00
      vertex   -1.192990e+00 -1.504320e+01 4.981903e+00
      vertex   -1.196446e+00 -1.509690e+01 4.963366e+00
    endloop
  endfacet
  facet normal -9.008388e-01 -8.872712e-02 4.249905e-01
    outer loop
      vertex   -1.196446e+00 -1.509690e+01 4.963366e+00
      vertex   -1.192990e+00 -1.504320e+01 4.981903e+00
      vertex   -1.230478e+00 -1.509286e+01 4.892071e+00
    endloop
  endfacet
  facet normal -9.025521e-01 -5.001812e-03 4.305516e-01
    outer loop
      vertex   -1.196446e+00 -1.509690e+01 4.963366e+00
      vertex   -1.230478e+00 -1.509286e+01 4.892071e+00
      vertex   -1.239500e+00 -1.514192e+01 4.872589e+00
    endloop
  endfacet
  facet normal -6.228167e-01 -5.484375e-01 5.579567e-01
    outer loop
      vertex   -8.802397e-01 -1.472177e+01 5.670418e+00
      vertex   -9.751557e-01 -1.461868e+01 5.665802e+00
      vertex   -1.000235e+00 -1.471912e+01 5.539075e+00
    endloop
  endfacet
  facet normal -6.946894e-01 -5.110710e-01 5.061749e-01
    outer loop
      vertex   -1.030926e+00 -1.476149e+01 5.460484e+00
      vertex   -1.035941e+00 -1.465886e+01 5.557226e+00
      vertex   -1.061586e+00 -1.470233e+01 5.478140e+00
    endloop
  endfacet
  facet normal -6.012814e-01 -6.017324e-01 5.257174e-01
    outer loop
      vertex   -1.061586e+00 -1.470233e+01 5.478140e+00
      vertex   -1.035941e+00 -1.465886e+01 5.557226e+00
      vertex   -1.074941e+00 -1.460160e+01 5.578156e+00
    endloop
  endfacet
  facet normal -7.225740e-01 -3.815504e-01 5.764599e-01
    outer loop
      vertex   -9.240204e-01 -1.488800e+01 5.505515e+00
      vertex   -8.802397e-01 -1.472177e+01 5.670418e+00
      vertex   -9.542788e-01 -1.481226e+01 5.517719e+00
    endloop
  endfacet
  facet normal -6.595707e-01 -4.614948e-01 5.932867e-01
    outer loop
      vertex   -9.542788e-01 -1.481226e+01 5.517719e+00
      vertex   -8.802397e-01 -1.472177e+01 5.670418e+00
      vertex   -1.000235e+00 -1.471912e+01 5.539075e+00
    endloop
  endfacet
  facet normal -6.809252e-01 -4.656110e-01 5.652851e-01
    outer loop
      vertex   -9.542788e-01 -1.481226e+01 5.517719e+00
      vertex   -1.000235e+00 -1.471912e+01 5.539075e+00
      vertex   -9.921274e-01 -1.485229e+01 5.439159e+00
    endloop
  endfacet
  facet normal -7.228256e-01 -3.815953e-01 5.761148e-01
    outer loop
      vertex   -9.240204e-01 -1.488800e+01 5.505515e+00
      vertex   -9.542788e-01 -1.481226e+01 5.517719e+00
      vertex   -9.671797e-01 -1.492568e+01 5.426407e+00
    endloop
  endfacet
  facet normal -7.597695e-01 -3.531101e-01 5.459520e-01
    outer loop
      vertex   -9.671797e-01 -1.492568e+01 5.426407e+00
      vertex   -9.542788e-01 -1.481226e+01 5.517719e+00
      vertex   -9.921274e-01 -1.485229e+01 5.439159e+00
    endloop
  endfacet
  facet normal -7.554764e-01 -3.527234e-01 5.521247e-01
    outer loop
      vertex   -9.671797e-01 -1.492568e+01 5.426407e+00
      vertex   -9.921274e-01 -1.485229e+01 5.439159e+00
      vertex   -1.010232e+00 -1.495897e+01 5.346230e+00
    endloop
  endfacet
  facet normal -8.058285e-01 -5.271720e-02 5.897977e-01
    outer loop
      vertex   -9.151556e-01 -1.525529e+01 5.411094e+00
      vertex   -8.529985e-01 -1.523114e+01 5.498177e+00
      vertex   -8.638566e-01 -1.512704e+01 5.492646e+00
    endloop
  endfacet
  facet normal -8.192746e-01 -3.618611e-02 5.722584e-01
    outer loop
      vertex   -9.151556e-01 -1.525529e+01 5.411094e+00
      vertex   -8.638566e-01 -1.512704e+01 5.492646e+00
      vertex   -9.211006e-01 -1.515565e+01 5.408884e+00
    endloop
  endfacet
  facet normal -5.308874e-01 -7.235535e-01 4.411677e-01
    outer loop
      vertex   -1.172113e+00 -1.454125e+01 5.545122e+00
      vertex   -1.215038e+00 -1.449332e+01 5.572071e+00
      vertex   -1.182608e+00 -1.458353e+01 5.463149e+00
    endloop
  endfacet
  facet normal -6.190582e-01 -6.854304e-01 3.833435e-01
    outer loop
      vertex   -1.182608e+00 -1.458353e+01 5.463149e+00
      vertex   -1.215038e+00 -1.449332e+01 5.572071e+00
      vertex   -1.220265e+00 -1.453529e+01 5.488588e+00
    endloop
  endfacet
  facet normal -5.972572e-01 -6.856792e-01 4.160864e-01
    outer loop
      vertex   -1.182608e+00 -1.458353e+01 5.463149e+00
      vertex   -1.220265e+00 -1.453529e+01 5.488588e+00
      vertex   -1.201389e+00 -1.465281e+01 5.322028e+00
    endloop
  endfacet
  facet normal -7.219312e-01 -6.012994e-01 3.424243e-01
    outer loop
      vertex   -1.201389e+00 -1.465281e+01 5.322028e+00
      vertex   -1.220265e+00 -1.453529e+01 5.488588e+00
      vertex   -1.229684e+00 -1.460534e+01 5.345723e+00
    endloop
  endfacet
  facet normal -7.023810e-01 -6.055060e-01 3.741970e-01
    outer loop
      vertex   -1.201389e+00 -1.465281e+01 5.322028e+00
      vertex   -1.229684e+00 -1.460534e+01 5.345723e+00
      vertex   -1.216026e+00 -1.470180e+01 5.215279e+00
    endloop
  endfacet
  facet normal -7.976054e-01 -5.218986e-01 3.024029e-01
    outer loop
      vertex   -1.216026e+00 -1.470180e+01 5.215279e+00
      vertex   -1.229684e+00 -1.460534e+01 5.345723e+00
      vertex   -1.237075e+00 -1.465621e+01 5.238443e+00
    endloop
  endfacet
  facet normal -7.799882e-01 -5.295465e-01 3.334650e-01
    outer loop
      vertex   -1.216026e+00 -1.470180e+01 5.215279e+00
      vertex   -1.237075e+00 -1.465621e+01 5.238443e+00
      vertex   -1.230084e+00 -1.474483e+01 5.114054e+00
    endloop
  endfacet
  facet normal -5.745570e-01 -6.747020e-01 4.633158e-01
    outer loop
      vertex   -1.132363e+00 -1.459196e+01 5.520571e+00
      vertex   -1.172113e+00 -1.454125e+01 5.545122e+00
      vertex   -1.148066e+00 -1.463406e+01 5.439795e+00
    endloop
  endfacet
  facet normal -6.523735e-01 -6.363117e-01 4.117235e-01
    outer loop
      vertex   -1.148066e+00 -1.463406e+01 5.439795e+00
      vertex   -1.172113e+00 -1.454125e+01 5.545122e+00
      vertex   -1.182608e+00 -1.458353e+01 5.463149e+00
    endloop
  endfacet
  facet normal -6.367140e-01 -6.364949e-01 4.352810e-01
    outer loop
      vertex   -1.148066e+00 -1.463406e+01 5.439795e+00
      vertex   -1.182608e+00 -1.458353e+01 5.463149e+00
      vertex   -1.175983e+00 -1.470178e+01 5.299928e+00
    endloop
  endfacet
  facet normal -7.451588e-01 -5.540591e-01 3.711563e-01
    outer loop
      vertex   -1.175983e+00 -1.470178e+01 5.299928e+00
      vertex   -1.182608e+00 -1.458353e+01 5.463149e+00
      vertex   -1.201389e+00 -1.465281e+01 5.322028e+00
    endloop
  endfacet
  facet normal -7.322514e-01 -5.568225e-01 3.921180e-01
    outer loop
      vertex   -1.175983e+00 -1.470178e+01 5.299928e+00
      vertex   -1.201389e+00 -1.465281e+01 5.322028e+00
      vertex   -1.197607e+00 -1.474837e+01 5.193383e+00
    endloop
  endfacet
  facet normal -8.140595e-01 -4.774173e-01 3.307263e-01
    outer loop
      vertex   -1.197607e+00 -1.474837e+01 5.193383e+00
      vertex   -1.201389e+00 -1.465281e+01 5.322028e+00
      vertex   -1.216026e+00 -1.470180e+01 5.215279e+00
    endloop
  endfacet
  facet normal -8.028928e-01 -4.822575e-01 3.504151e-01
    outer loop
      vertex   -1.197607e+00 -1.474837e+01 5.193383e+00
      vertex   -1.216026e+00 -1.470180e+01 5.215279e+00
      vertex   -1.218281e+00 -1.478788e+01 5.091647e+00
    endloop
  endfacet
  facet normal -8.751470e-01 -3.894595e-01 2.871220e-01
    outer loop
      vertex   -1.218281e+00 -1.478788e+01 5.091647e+00
      vertex   -1.216026e+00 -1.470180e+01 5.215279e+00
      vertex   -1.230084e+00 -1.474483e+01 5.114054e+00
    endloop
  endfacet
  facet normal -8.642693e-01 -3.974925e-01 3.082829e-01
    outer loop
      vertex   -1.218281e+00 -1.478788e+01 5.091647e+00
      vertex   -1.230084e+00 -1.474483e+01 5.114054e+00
      vertex   -1.230715e+00 -1.480885e+01 5.029752e+00
    endloop
  endfacet
  facet normal -6.830020e-01 -5.848437e-01 4.375684e-01
    outer loop
      vertex   -1.132363e+00 -1.459196e+01 5.520571e+00
      vertex   -1.148066e+00 -1.463406e+01 5.439795e+00
      vertex   -1.116331e+00 -1.468718e+01 5.418318e+00
    endloop
  endfacet
  facet normal -6.724515e-01 -5.849651e-01 4.534588e-01
    outer loop
      vertex   -1.116331e+00 -1.468718e+01 5.418318e+00
      vertex   -1.148066e+00 -1.463406e+01 5.439795e+00
      vertex   -1.153211e+00 -1.475262e+01 5.279217e+00
    endloop
  endfacet
  facet normal -7.848288e-01 -4.541092e-01 4.216974e-01
    outer loop
      vertex   -1.116331e+00 -1.468718e+01 5.418318e+00
      vertex   -1.153211e+00 -1.475262e+01 5.279217e+00
      vertex   -1.133158e+00 -1.480515e+01 5.259972e+00
    endloop
  endfacet
  facet normal -7.821022e-01 -4.546874e-01 4.261167e-01
    outer loop
      vertex   -1.133158e+00 -1.480515e+01 5.259972e+00
      vertex   -1.153211e+00 -1.475262e+01 5.279217e+00
      vertex   -1.168097e+00 -1.484546e+01 5.152829e+00
    endloop
  endfacet
  facet normal -8.512879e-01 -3.351589e-01 4.037046e-01
    outer loop
      vertex   -1.133158e+00 -1.480515e+01 5.259972e+00
      vertex   -1.168097e+00 -1.484546e+01 5.152829e+00
      vertex   -1.157108e+00 -1.489569e+01 5.134298e+00
    endloop
  endfacet
  facet normal -8.532316e-01 -3.343213e-01 4.002812e-01
    outer loop
      vertex   -1.157108e+00 -1.489569e+01 5.134298e+00
      vertex   -1.168097e+00 -1.484546e+01 5.152829e+00
      vertex   -1.196008e+00 -1.492214e+01 5.029288e+00
    endloop
  endfacet
  facet normal -7.661037e-01 -5.050754e-01 3.974719e-01
    outer loop
      vertex   -1.153211e+00 -1.475262e+01 5.279217e+00
      vertex   -1.148066e+00 -1.463406e+01 5.439795e+00
      vertex   -1.175983e+00 -1.470178e+01 5.299928e+00
    endloop
  endfacet
  facet normal -6.858182e-01 -5.102754e-01 5.189146e-01
    outer loop
      vertex   -1.030926e+00 -1.476149e+01 5.460484e+00
      vertex   -1.061586e+00 -1.470233e+01 5.478140e+00
      vertex   -1.061853e+00 -1.480037e+01 5.381384e+00
    endloop
  endfacet
  facet normal -7.692087e-01 -4.007629e-01 4.977018e-01
    outer loop
      vertex   -1.030926e+00 -1.476149e+01 5.460484e+00
      vertex   -1.061853e+00 -1.480037e+01 5.381384e+00
      vertex   -1.030041e+00 -1.488829e+01 5.359750e+00
    endloop
  endfacet
  facet normal -7.630719e-01 -4.008319e-01 5.070060e-01
    outer loop
      vertex   -1.030041e+00 -1.488829e+01 5.359750e+00
      vertex   -1.061853e+00 -1.480037e+01 5.381384e+00
      vertex   -1.095845e+00 -1.494074e+01 5.219248e+00
    endloop
  endfacet
  facet normal -8.335041e-01 -2.601020e-01 4.874606e-01
    outer loop
      vertex   -1.030041e+00 -1.488829e+01 5.359750e+00
      vertex   -1.095845e+00 -1.494074e+01 5.219248e+00
      vertex   -1.084584e+00 -1.500571e+01 5.203835e+00
    endloop
  endfacet
  facet normal -8.394603e-01 -2.588457e-01 4.778130e-01
    outer loop
      vertex   -1.084584e+00 -1.500571e+01 5.203835e+00
      vertex   -1.095845e+00 -1.494074e+01 5.219248e+00
      vertex   -1.140590e+00 -1.503053e+01 5.091991e+00
    endloop
  endfacet
  facet normal -8.711709e-01 -1.462339e-01 4.686970e-01
    outer loop
      vertex   -1.084584e+00 -1.500571e+01 5.203835e+00
      vertex   -1.140590e+00 -1.503053e+01 5.091991e+00
      vertex   -1.138894e+00 -1.509080e+01 5.076341e+00
    endloop
  endfacet
  facet normal -8.787417e-01 -1.429875e-01 4.553763e-01
    outer loop
      vertex   -1.138894e+00 -1.509080e+01 5.076341e+00
      vertex   -1.140590e+00 -1.503053e+01 5.091991e+00
      vertex   -1.196446e+00 -1.509690e+01 4.963366e+00
    endloop
  endfacet
  facet normal -8.894678e-01 -3.980246e-02 4.552613e-01
    outer loop
      vertex   -1.138894e+00 -1.509080e+01 5.076341e+00
      vertex   -1.196446e+00 -1.509690e+01 4.963366e+00
      vertex   -1.202794e+00 -1.515081e+01 4.946249e+00
    endloop
  endfacet
  facet normal -8.961602e-01 -3.491660e-02 4.423548e-01
    outer loop
      vertex   -1.202794e+00 -1.515081e+01 4.946249e+00
      vertex   -1.196446e+00 -1.509690e+01 4.963366e+00
      vertex   -1.239500e+00 -1.514192e+01 4.872589e+00
    endloop
  endfacet
  facet normal -8.920433e-01 4.386195e-02 4.498164e-01
    outer loop
      vertex   -1.202794e+00 -1.515081e+01 4.946249e+00
      vertex   -1.239500e+00 -1.514192e+01 4.872589e+00
      vertex   -1.251101e+00 -1.519091e+01 4.854361e+00
    endloop
  endfacet
  facet normal -8.058774e-01 -2.502015e-01 5.366198e-01
    outer loop
      vertex   -1.010232e+00 -1.495897e+01 5.346230e+00
      vertex   -9.948300e-01 -1.503124e+01 5.335665e+00
      vertex   -9.671797e-01 -1.492568e+01 5.426407e+00
    endloop
  endfacet
  facet normal -7.788774e-01 -2.788845e-01 5.617593e-01
    outer loop
      vertex   -9.671797e-01 -1.492568e+01 5.426407e+00
      vertex   -9.948300e-01 -1.503124e+01 5.335665e+00
      vertex   -9.469391e-01 -1.500102e+01 5.417069e+00
    endloop
  endfacet
  facet normal -7.808461e-01 -2.790628e-01 5.589305e-01
    outer loop
      vertex   -9.671797e-01 -1.492568e+01 5.426407e+00
      vertex   -9.469391e-01 -1.500102e+01 5.417069e+00
      vertex   -9.240204e-01 -1.488800e+01 5.505515e+00
    endloop
  endfacet
  facet normal -8.179469e-01 -1.776748e-01 5.471696e-01
    outer loop
      vertex   -9.469391e-01 -1.500102e+01 5.417069e+00
      vertex   -9.948300e-01 -1.503124e+01 5.335665e+00
      vertex   -9.839245e-01 -1.510469e+01 5.328117e+00
    endloop
  endfacet
  facet normal -8.236853e-01 -1.776364e-01 5.385052e-01
    outer loop
      vertex   -9.839245e-01 -1.510469e+01 5.328117e+00
      vertex   -9.948300e-01 -1.503124e+01 5.335665e+00
      vertex   -1.073608e+00 -1.513846e+01 5.179798e+00
    endloop
  endfacet
  facet normal -8.477474e-01 -6.211692e-02 5.267502e-01
    outer loop
      vertex   -9.839245e-01 -1.510469e+01 5.328117e+00
      vertex   -1.073608e+00 -1.513846e+01 5.179798e+00
      vertex   -1.073967e+00 -1.520564e+01 5.171299e+00
    endloop
  endfacet
  facet normal -8.568007e-01 -6.021737e-02 5.121195e-01
    outer loop
      vertex   -1.073967e+00 -1.520564e+01 5.171299e+00
      vertex   -1.073608e+00 -1.513846e+01 5.179798e+00
      vertex   -1.145644e+00 -1.521241e+01 5.050583e+00
    endloop
  endfacet
  facet normal -8.600879e-01 4.466480e-02 5.081868e-01
    outer loop
      vertex   -1.073967e+00 -1.520564e+01 5.171299e+00
      vertex   -1.145644e+00 -1.521241e+01 5.050583e+00
      vertex   -1.156966e+00 -1.528979e+01 5.038222e+00
    endloop
  endfacet
  facet normal -8.664870e-01 4.739725e-02 4.969444e-01
    outer loop
      vertex   -1.156966e+00 -1.528979e+01 5.038222e+00
      vertex   -1.145644e+00 -1.521241e+01 5.050583e+00
      vertex   -1.227893e+00 -1.527312e+01 4.912961e+00
    endloop
  endfacet
  facet normal -8.540257e-01 1.371334e-01 5.018312e-01
    outer loop
      vertex   -1.156966e+00 -1.528979e+01 5.038222e+00
      vertex   -1.227893e+00 -1.527312e+01 4.912961e+00
      vertex   -1.243622e+00 -1.532669e+01 4.900833e+00
    endloop
  endfacet
  facet normal -8.464120e-01 -1.291428e-01 5.166322e-01
    outer loop
      vertex   -1.073608e+00 -1.513846e+01 5.179798e+00
      vertex   -9.948300e-01 -1.503124e+01 5.335665e+00
      vertex   -1.077159e+00 -1.507172e+01 5.190665e+00
    endloop
  endfacet
  facet normal -8.103100e-01 -2.501666e-01 5.299192e-01
    outer loop
      vertex   -1.077159e+00 -1.507172e+01 5.190665e+00
      vertex   -9.948300e-01 -1.503124e+01 5.335665e+00
      vertex   -1.010232e+00 -1.495897e+01 5.346230e+00
    endloop
  endfacet
  facet normal -8.190501e-01 -3.616556e-02 5.725810e-01
    outer loop
      vertex   -9.151556e-01 -1.525529e+01 5.411094e+00
      vertex   -9.211006e-01 -1.515565e+01 5.408884e+00
      vertex   -9.762913e-01 -1.527377e+01 5.322475e+00
    endloop
  endfacet
  facet normal -8.310280e-01 -1.838610e-02 5.559266e-01
    outer loop
      vertex   -9.762913e-01 -1.527377e+01 5.322475e+00
      vertex   -9.211006e-01 -1.515565e+01 5.408884e+00
      vertex   -9.776060e-01 -1.517892e+01 5.323647e+00
    endloop
  endfacet
  facet normal -8.354721e-01 -1.836492e-02 5.492258e-01
    outer loop
      vertex   -9.762913e-01 -1.527377e+01 5.322475e+00
      vertex   -9.776060e-01 -1.517892e+01 5.323647e+00
      vertex   -1.080095e+00 -1.529118e+01 5.163989e+00
    endloop
  endfacet
  facet normal -7.586829e-01 -5.066561e-01 4.095116e-01
    outer loop
      vertex   -1.153211e+00 -1.475262e+01 5.279217e+00
      vertex   -1.175983e+00 -1.470178e+01 5.299928e+00
      vertex   -1.181614e+00 -1.479631e+01 5.172545e+00
    endloop
  endfacet
  facet normal -8.284863e-01 -4.315671e-01 3.568759e-01
    outer loop
      vertex   -1.181614e+00 -1.479631e+01 5.172545e+00
      vertex   -1.175983e+00 -1.470178e+01 5.299928e+00
      vertex   -1.197607e+00 -1.474837e+01 5.193383e+00
    endloop
  endfacet
  facet normal -8.225316e-01 -4.341429e-01 3.673714e-01
    outer loop
      vertex   -1.181614e+00 -1.479631e+01 5.172545e+00
      vertex   -1.197607e+00 -1.474837e+01 5.193383e+00
      vertex   -1.208649e+00 -1.483185e+01 5.070013e+00
    endloop
  endfacet
  facet normal -8.830221e-01 -3.482308e-01 3.146542e-01
    outer loop
      vertex   -1.208649e+00 -1.483185e+01 5.070013e+00
      vertex   -1.197607e+00 -1.474837e+01 5.193383e+00
      vertex   -1.218281e+00 -1.478788e+01 5.091647e+00
    endloop
  endfacet
  facet normal -8.769761e-01 -3.526799e-01 3.263891e-01
    outer loop
      vertex   -1.208649e+00 -1.483185e+01 5.070013e+00
      vertex   -1.218281e+00 -1.478788e+01 5.091647e+00
      vertex   -1.224862e+00 -1.484965e+01 5.007208e+00
    endloop
  endfacet
  facet normal -9.158796e-01 -2.866221e-01 2.810913e-01
    outer loop
      vertex   -1.224862e+00 -1.484965e+01 5.007208e+00
      vertex   -1.218281e+00 -1.478788e+01 5.091647e+00
      vertex   -1.230715e+00 -1.480885e+01 5.029752e+00
    endloop
  endfacet
  facet normal -9.104720e-01 -2.922301e-01 2.926472e-01
    outer loop
      vertex   -1.224862e+00 -1.484965e+01 5.007208e+00
      vertex   -1.230715e+00 -1.480885e+01 5.029752e+00
      vertex   -1.239541e+00 -1.486261e+01 4.948610e+00
    endloop
  endfacet
  facet normal -8.669011e-01 -2.541235e-02 4.978321e-01
    outer loop
      vertex   -1.145644e+00 -1.521241e+01 5.050583e+00
      vertex   -1.073608e+00 -1.513846e+01 5.179798e+00
      vertex   -1.140576e+00 -1.515150e+01 5.062518e+00
    endloop
  endfacet
  facet normal -8.551764e-01 -1.273021e-01 5.024615e-01
    outer loop
      vertex   -1.140576e+00 -1.515150e+01 5.062518e+00
      vertex   -1.073608e+00 -1.513846e+01 5.179798e+00
      vertex   -1.077159e+00 -1.507172e+01 5.190665e+00
    endloop
  endfacet
  facet normal -8.891980e-01 -3.056814e-01 3.404201e-01
    outer loop
      vertex   -1.208649e+00 -1.483185e+01 5.070013e+00
      vertex   -1.201216e+00 -1.487664e+01 5.049209e+00
      vertex   -1.181614e+00 -1.479631e+01 5.172545e+00
    endloop
  endfacet
  facet normal -8.392853e-01 -3.848459e-01 3.840493e-01
    outer loop
      vertex   -1.181614e+00 -1.479631e+01 5.172545e+00
      vertex   -1.201216e+00 -1.487664e+01 5.049209e+00
      vertex   -1.168097e+00 -1.484546e+01 5.152829e+00
    endloop
  endfacet
  facet normal -8.408862e-01 -3.841548e-01 3.812288e-01
    outer loop
      vertex   -1.181614e+00 -1.479631e+01 5.172545e+00
      vertex   -1.168097e+00 -1.484546e+01 5.152829e+00
      vertex   -1.153211e+00 -1.475262e+01 5.279217e+00
    endloop
  endfacet
  facet normal -8.947772e-01 -2.610068e-01 3.622834e-01
    outer loop
      vertex   -1.219213e+00 -1.493298e+01 4.964170e+00
      vertex   -1.196008e+00 -1.492214e+01 5.029288e+00
      vertex   -1.201216e+00 -1.487664e+01 5.049209e+00
    endloop
  endfacet
  facet normal -8.936755e-01 -2.618135e-01 3.644142e-01
    outer loop
      vertex   -1.201216e+00 -1.487664e+01 5.049209e+00
      vertex   -1.196008e+00 -1.492214e+01 5.029288e+00
      vertex   -1.168097e+00 -1.484546e+01 5.152829e+00
    endloop
  endfacet
  facet normal -8.871198e-01 -3.072062e-01 3.444455e-01
    outer loop
      vertex   -1.201216e+00 -1.487664e+01 5.049209e+00
      vertex   -1.208649e+00 -1.483185e+01 5.070013e+00
      vertex   -1.221023e+00 -1.489106e+01 4.985331e+00
    endloop
  endfacet
  facet normal -9.188059e-01 -2.475974e-01 3.073944e-01
    outer loop
      vertex   -1.221023e+00 -1.489106e+01 4.985331e+00
      vertex   -1.208649e+00 -1.483185e+01 5.070013e+00
      vertex   -1.224862e+00 -1.484965e+01 5.007208e+00
    endloop
  endfacet
  facet normal -9.168815e-01 -2.495893e-01 3.115022e-01
    outer loop
      vertex   -1.221023e+00 -1.489106e+01 4.985331e+00
      vertex   -1.224862e+00 -1.484965e+01 5.007208e+00
      vertex   -1.238914e+00 -1.490017e+01 4.925376e+00
    endloop
  endfacet
  facet normal -9.423028e-01 -1.873325e-01 2.774383e-01
    outer loop
      vertex   -1.238914e+00 -1.490017e+01 4.925376e+00
      vertex   -1.224862e+00 -1.484965e+01 5.007208e+00
      vertex   -1.239541e+00 -1.486261e+01 4.948610e+00
    endloop
  endfacet
  facet normal -9.428933e-01 -1.864619e-01 2.760149e-01
    outer loop
      vertex   -1.238914e+00 -1.490017e+01 4.925376e+00
      vertex   -1.239541e+00 -1.486261e+01 4.948610e+00
      vertex   -1.254347e+00 -1.490330e+01 4.870542e+00
    endloop
  endfacet
  facet normal -9.165242e-01 -1.014216e-01 3.869071e-01
    outer loop
      vertex   -1.224054e+00 -1.504389e+01 4.912745e+00
      vertex   -1.192437e+00 -1.498988e+01 5.001798e+00
      vertex   -1.220243e+00 -1.499513e+01 4.934552e+00
    endloop
  endfacet
  facet normal -8.753672e-01 -2.179559e-02 4.829671e-01
    outer loop
      vertex   -1.145644e+00 -1.521241e+01 5.050583e+00
      vertex   -1.140576e+00 -1.515150e+01 5.062518e+00
      vertex   -1.212026e+00 -1.520476e+01 4.930614e+00
    endloop
  endfacet
  facet normal -8.703558e-01 7.641097e-02 4.864588e-01
    outer loop
      vertex   -1.212026e+00 -1.520476e+01 4.930614e+00
      vertex   -1.227893e+00 -1.527312e+01 4.912961e+00
      vertex   -1.145644e+00 -1.521241e+01 5.050583e+00
    endloop
  endfacet
  facet normal -9.209273e-01 -2.066085e-01 3.304630e-01
    outer loop
      vertex   -1.240125e+00 -1.493806e+01 4.902714e+00
      vertex   -1.219213e+00 -1.493298e+01 4.964170e+00
      vertex   -1.221023e+00 -1.489106e+01 4.985331e+00
    endloop
  endfacet
  facet normal -9.201344e-01 -2.074280e-01 3.321540e-01
    outer loop
      vertex   -1.221023e+00 -1.489106e+01 4.985331e+00
      vertex   -1.219213e+00 -1.493298e+01 4.964170e+00
      vertex   -1.201216e+00 -1.487664e+01 5.049209e+00
    endloop
  endfacet
  facet normal -9.406350e-01 -1.515601e-01 3.037027e-01
    outer loop
      vertex   -1.240125e+00 -1.493806e+01 4.902714e+00
      vertex   -1.221023e+00 -1.489106e+01 4.985331e+00
      vertex   -1.238914e+00 -1.490017e+01 4.925376e+00
    endloop
  endfacet
  facet normal -9.203038e-01 -9.752393e-02 3.788535e-01
    outer loop
      vertex   -1.251894e+00 -1.503782e+01 4.846680e+00
      vertex   -1.224054e+00 -1.504389e+01 4.912745e+00
      vertex   -1.220243e+00 -1.499513e+01 4.934552e+00
    endloop
  endfacet
  facet normal -9.302435e-01 -5.659283e-02 3.625525e-01
    outer loop
      vertex   -1.251894e+00 -1.503782e+01 4.846680e+00
      vertex   -1.220243e+00 -1.499513e+01 4.934552e+00
      vertex   -1.245223e+00 -1.499405e+01 4.870628e+00
    endloop
  endfacet
  facet normal -9.436143e-01 -1.471765e-01 2.965317e-01
    outer loop
      vertex   -1.258125e+00 -1.493673e+01 4.846098e+00
      vertex   -1.240125e+00 -1.493806e+01 4.902714e+00
      vertex   -1.238914e+00 -1.490017e+01 4.925376e+00
    endloop
  endfacet
  facet normal -9.570681e-01 -9.266435e-02 2.746524e-01
    outer loop
      vertex   -1.258125e+00 -1.493673e+01 4.846098e+00
      vertex   -1.238914e+00 -1.490017e+01 4.925376e+00
      vertex   -1.254347e+00 -1.490330e+01 4.870542e+00
    endloop
  endfacet
  facet normal -9.582198e-01 -2.259928e-01 1.753340e-01
    outer loop
      vertex   -1.252983e+00 -1.480434e+01 4.946393e+00
      vertex   -1.255892e+00 -1.477161e+01 4.972675e+00
      vertex   -1.258274e+00 -1.481443e+01 4.904471e+00
    endloop
  endfacet
  facet normal -9.867663e-01 -1.195725e-01 1.095202e-01
    outer loop
      vertex   -1.258274e+00 -1.481443e+01 4.904471e+00
      vertex   -1.255892e+00 -1.477161e+01 4.972675e+00
      vertex   -1.258606e+00 -1.478606e+01 4.932448e+00
    endloop
  endfacet
  facet normal -9.629352e-01 -1.875786e-01 1.938302e-01
    outer loop
      vertex   -1.251776e+00 -1.483704e+01 4.920734e+00
      vertex   -1.252983e+00 -1.480434e+01 4.946393e+00
      vertex   -1.259477e+00 -1.484266e+01 4.877042e+00
    endloop
  endfacet
  facet normal -9.835141e-01 -1.026900e-01 1.488449e-01
    outer loop
      vertex   -1.259477e+00 -1.484266e+01 4.877042e+00
      vertex   -1.252983e+00 -1.480434e+01 4.946393e+00
      vertex   -1.258274e+00 -1.481443e+01 4.904471e+00
    endloop
  endfacet
  facet normal -7.853066e-01 3.225661e-01 5.284360e-01
    outer loop
      vertex   -4.193699e-01 -1.384327e+01 5.192481e+00
      vertex   -4.193699e-01 -1.537217e+01 6.125745e+00
      vertex   -4.127286e-01 -1.396525e+01 5.276809e+00
    endloop
  endfacet
  facet normal -7.853066e-01 3.225661e-01 5.284360e-01
    outer loop
      vertex   -4.127286e-01 -1.396525e+01 5.276809e+00
      vertex   -4.193699e-01 -1.537217e+01 6.125745e+00
      vertex   -3.925247e-01 -1.407512e+01 5.373897e+00
    endloop
  endfacet
  facet normal -7.853066e-01 3.225661e-01 5.284360e-01
    outer loop
      vertex   -3.925247e-01 -1.407512e+01 5.373897e+00
      vertex   -4.193699e-01 -1.537217e+01 6.125745e+00
      vertex   -3.587383e-01 -1.416887e+01 5.481340e+00
    endloop
  endfacet
  facet normal -7.853066e-01 3.225661e-01 5.284360e-01
    outer loop
      vertex   -3.587383e-01 -1.416887e+01 5.481340e+00
      vertex   -4.193699e-01 -1.537217e+01 6.125745e+00
      vertex   -3.143776e-01 -1.423957e+01 5.590420e+00
    endloop
  endfacet
  facet normal -7.853066e-01 3.225661e-01 5.284360e-01
    outer loop
      vertex   -3.143776e-01 -1.423957e+01 5.590420e+00
      vertex   -4.193699e-01 -1.537217e+01 6.125745e+00
      vertex   -2.623940e-01 -1.428635e+01 5.696227e+00
    endloop
  endfacet
  facet normal -7.853066e-01 3.225661e-01 5.284360e-01
    outer loop
      vertex   -2.623940e-01 -1.428635e+01 5.696227e+00
      vertex   -4.193699e-01 -1.537217e+01 6.125745e+00
      vertex   -2.351303e-01 -1.430054e+01 5.745405e+00
    endloop
  endfacet
  facet normal -7.853066e-01 3.225661e-01 5.284360e-01
    outer loop
      vertex   -2.351303e-01 -1.430054e+01 5.745405e+00
      vertex   -4.193699e-01 -1.537217e+01 6.125745e+00
      vertex   -2.078905e-01 -1.430892e+01 5.790999e+00
    endloop
  endfacet
  facet normal -7.853066e-01 3.225661e-01 5.284360e-01
    outer loop
      vertex   -2.078905e-01 -1.430892e+01 5.790999e+00
      vertex   -4.193699e-01 -1.537217e+01 6.125745e+00
      vertex   -1.816537e-01 -1.431191e+01 5.831817e+00
    endloop
  endfacet
  facet normal -7.853066e-01 3.225661e-01 5.284360e-01
    outer loop
      vertex   -1.816537e-01 -1.431191e+01 5.831817e+00
      vertex   -4.193699e-01 -1.537217e+01 6.125745e+00
      vertex   -1.583582e-01 -1.431041e+01 5.865517e+00
    endloop
  endfacet
  facet normal -7.853066e-01 3.225661e-01 5.284360e-01
    outer loop
      vertex   -1.583582e-01 -1.431041e+01 5.865517e+00
      vertex   -4.193699e-01 -1.537217e+01 6.125745e+00
      vertex   -1.387430e-01 -1.430583e+01 5.891871e+00
    endloop
  endfacet
  facet normal -7.853066e-01 3.225661e-01 5.284360e-01
    outer loop
      vertex   -1.387430e-01 -1.430583e+01 5.891871e+00
      vertex   -4.193699e-01 -1.537217e+01 6.125745e+00
      vertex   -1.226633e-01 -1.429918e+01 5.911710e+00
    endloop
  endfacet
  facet normal -7.853066e-01 3.225661e-01 5.284360e-01
    outer loop
      vertex   -1.226633e-01 -1.429918e+01 5.911710e+00
      vertex   -4.193699e-01 -1.537217e+01 6.125745e+00
      vertex   -1.214393e-01 -1.429852e+01 5.913125e+00
    endloop
  endfacet
  facet normal -7.853066e-01 3.225661e-01 5.284360e-01
    outer loop
      vertex   -1.214393e-01 -1.429852e+01 5.913125e+00
      vertex   -4.193699e-01 -1.537217e+01 6.125745e+00
      vertex   -1.178084e-01 -1.429651e+01 5.917294e+00
    endloop
  endfacet
  facet normal -7.853066e-01 3.225661e-01 5.284360e-01
    outer loop
      vertex   -1.178084e-01 -1.429651e+01 5.917294e+00
      vertex   -4.193699e-01 -1.537217e+01 6.125745e+00
      vertex   -1.141775e-01 -1.429450e+01 5.921462e+00
    endloop
  endfacet
  facet normal -7.853066e-01 3.225661e-01 5.284360e-01
    outer loop
      vertex   -1.141775e-01 -1.429450e+01 5.921462e+00
      vertex   -4.193699e-01 -1.537217e+01 6.125745e+00
      vertex   -1.069157e-01 -1.429048e+01 5.929799e+00
    endloop
  endfacet
  facet normal -7.853066e-01 3.225661e-01 5.284360e-01
    outer loop
      vertex   -1.069157e-01 -1.429048e+01 5.929799e+00
      vertex   -4.193699e-01 -1.537217e+01 6.125745e+00
      vertex   -9.239198e-02 -1.428243e+01 5.946474e+00
    endloop
  endfacet
  facet normal -7.853066e-01 3.225661e-01 5.284360e-01
    outer loop
      vertex   -9.239198e-02 -1.428243e+01 5.946474e+00
      vertex   -4.193699e-01 -1.537217e+01 6.125745e+00
      vertex   -6.334462e-02 -1.426635e+01 5.979822e+00
    endloop
  endfacet
  facet normal -7.853066e-01 3.225661e-01 5.284360e-01
    outer loop
      vertex   -6.334462e-02 -1.426635e+01 5.979822e+00
      vertex   -4.193699e-01 -1.537217e+01 6.125745e+00
      vertex   -5.249884e-03 -1.423418e+01 6.046520e+00
    endloop
  endfacet
  facet normal -7.853066e-01 3.225661e-01 5.284360e-01
    outer loop
      vertex   -5.249884e-03 -1.423418e+01 6.046520e+00
      vertex   -4.193699e-01 -1.537217e+01 6.125745e+00
      vertex   -5.249884e-03 -1.858484e+01 8.702237e+00
    endloop
  endfacet
  facet normal -7.853066e-01 3.225661e-01 5.284360e-01
    outer loop
      vertex   -5.249884e-03 -1.858484e+01 8.702237e+00
      vertex   -4.193699e-01 -1.537217e+01 6.125745e+00
      vertex   -1.260500e+00 -1.927993e+01 7.261108e+00
    endloop
  endfacet
  facet normal -7.853066e-01 3.225661e-01 5.284360e-01
    outer loop
      vertex   -1.260500e+00 -1.927993e+01 7.261108e+00
      vertex   -4.193699e-01 -1.537217e+01 6.125745e+00
      vertex   -5.329994e-01 -1.543500e+01 5.995232e+00
    endloop
  endfacet
  facet normal -7.853066e-01 3.225661e-01 5.284360e-01
    outer loop
      vertex   -1.260500e+00 -1.927993e+01 7.261108e+00
      vertex   -5.329994e-01 -1.543500e+01 5.995232e+00
      vertex   -6.453777e-01 -1.548623e+01 5.859502e+00
    endloop
  endfacet
  facet normal -7.853066e-01 3.225661e-01 5.284360e-01
    outer loop
      vertex   -6.453777e-01 -1.548623e+01 5.859502e+00
      vertex   -7.560994e-01 -1.552552e+01 5.718941e+00
      vertex   -1.260500e+00 -1.927993e+01 7.261108e+00
    endloop
  endfacet
  facet normal -7.853066e-01 3.225661e-01 5.284360e-01
    outer loop
      vertex   -1.260500e+00 -1.927993e+01 7.261108e+00
      vertex   -7.560994e-01 -1.552552e+01 5.718941e+00
      vertex   -8.648325e-01 -1.555239e+01 5.573756e+00
    endloop
  endfacet
  facet normal -7.853066e-01 3.225661e-01 5.284360e-01
    outer loop
      vertex   -1.260500e+00 -1.927993e+01 7.261108e+00
      vertex   -8.648325e-01 -1.555239e+01 5.573756e+00
      vertex   -9.708922e-01 -1.556613e+01 5.424526e+00
    endloop
  endfacet
  facet normal -7.853066e-01 3.225661e-01 5.284360e-01
    outer loop
      vertex   -9.708922e-01 -1.556613e+01 5.424526e+00
      vertex   -1.072842e+00 -1.556533e+01 5.272531e+00
      vertex   -1.260500e+00 -1.927993e+01 7.261108e+00
    endloop
  endfacet
  facet normal -7.853066e-01 3.225661e-01 5.284360e-01
    outer loop
      vertex   -1.260500e+00 -1.927993e+01 7.261108e+00
      vertex   -1.072842e+00 -1.556533e+01 5.272531e+00
      vertex   -1.169923e+00 -1.554833e+01 5.117884e+00
    endloop
  endfacet
  facet normal -7.853066e-01 3.225661e-01 5.284360e-01
    outer loop
      vertex   -1.260500e+00 -1.927993e+01 7.261108e+00
      vertex   -1.169923e+00 -1.554833e+01 5.117884e+00
      vertex   -1.260500e+00 -1.551258e+01 4.961453e+00
    endloop
  endfacet
  facet normal 1.000000e+00 0.000000e+00 -1.672200e-16
    outer loop
      vertex   1.239500e+00 -7.937500e+00 1.587500e+00
      vertex   1.239500e+00 -1.446350e+01 5.571076e+00
      vertex   1.239500e+00 -8.856665e+00 1.587500e+00
    endloop
  endfacet
  facet normal 1.000000e+00 -2.056555e-15 -3.061794e-15
    outer loop
      vertex   1.239500e+00 -8.856665e+00 1.587500e+00
      vertex   1.239500e+00 -1.446350e+01 5.571076e+00
      vertex   1.239500e+00 -1.454275e+01 5.406749e+00
    endloop
  endfacet
  facet normal 1.000000e+00 0.000000e+00 0.000000e+00
    outer loop
      vertex   1.239500e+00 -8.856665e+00 1.587500e+00
      vertex   1.239500e+00 -1.454275e+01 5.406749e+00
      vertex   1.239500e+00 -1.462201e+01 5.242423e+00
    endloop
  endfacet
  facet normal 1.000000e+00 0.000000e+00 0.000000e+00
    outer loop
      vertex   1.239500e+00 -1.462201e+01 5.242423e+00
      vertex   1.239500e+00 -1.466164e+01 5.160259e+00
      vertex   1.239500e+00 -8.856665e+00 1.587500e+00
    endloop
  endfacet
  facet normal 1.000000e+00 0.000000e+00 0.000000e+00
    outer loop
      vertex   1.239500e+00 -8.856665e+00 1.587500e+00
      vertex   1.239500e+00 -1.466164e+01 5.160259e+00
      vertex   1.239500e+00 -1.470127e+01 5.078096e+00
    endloop
  endfacet
  facet normal 1.000000e+00 0.000000e+00 0.000000e+00
    outer loop
      vertex   1.239500e+00 -8.856665e+00 1.587500e+00
      vertex   1.239500e+00 -1.470127e+01 5.078096e+00
      vertex   1.239500e+00 -1.474090e+01 4.995932e+00
    endloop
  endfacet
  facet normal 1.000000e+00 0.000000e+00 0.000000e+00
    outer loop
      vertex   1.239500e+00 -1.474090e+01 4.995932e+00
      vertex   1.239500e+00 -1.476071e+01 4.954851e+00
      vertex   1.239500e+00 -8.856665e+00 1.587500e+00
    endloop
  endfacet
  facet normal 1.000000e+00 0.000000e+00 0.000000e+00
    outer loop
      vertex   1.239500e+00 -8.856665e+00 1.587500e+00
      vertex   1.239500e+00 -1.476071e+01 4.954851e+00
      vertex   1.239500e+00 -1.477062e+01 4.934310e+00
    endloop
  endfacet
  facet normal 1.000000e+00 0.000000e+00 0.000000e+00
    outer loop
      vertex   1.239500e+00 -8.856665e+00 1.587500e+00
      vertex   1.239500e+00 -1.477062e+01 4.934310e+00
      vertex   1.239500e+00 -1.477557e+01 4.924039e+00
    endloop
  endfacet
  facet normal 1.000000e+00 0.000000e+00 0.000000e+00
    outer loop
      vertex   1.239500e+00 -1.477557e+01 4.924039e+00
      vertex   1.239500e+00 -1.478053e+01 4.913769e+00
      vertex   1.239500e+00 -8.856665e+00 1.587500e+00
    endloop
  endfacet
  facet normal 1.000000e+00 -1.644455e-16 -2.928665e-16
    outer loop
      vertex   1.239500e+00 -8.856665e+00 1.587500e+00
      vertex   1.239500e+00 -1.478053e+01 4.913769e+00
      vertex   1.239500e+00 -1.507039e+01 4.318349e+00
    endloop
  endfacet
  facet normal 1.000000e+00 3.789209e-15 8.703205e-15
    outer loop
      vertex   1.239500e+00 -8.856665e+00 1.587500e+00
      vertex   1.239500e+00 -1.507039e+01 4.318349e+00
      vertex   1.239500e+00 -1.507835e+01 4.296301e+00
    endloop
  endfacet
  facet normal 1.000000e+00 3.464092e-13 -1.515582e-12
    outer loop
      vertex   1.239500e+00 -1.478045e+01 4.913934e+00
      vertex   1.239500e+00 -1.478150e+01 4.913987e+00
      vertex   1.239500e+00 -1.478053e+01 4.913769e+00
    endloop
  endfacet
  facet normal 1.000000e+00 5.430940e-13 -6.384707e-13
    outer loop
      vertex   1.239500e+00 -1.478053e+01 4.913769e+00
      vertex   1.239500e+00 -1.478150e+01 4.913987e+00
      vertex   1.239500e+00 -1.480797e+01 4.890776e+00
    endloop
  endfacet
  facet normal 1.000000e+00 1.462384e-14 -7.795091e-15
    outer loop
      vertex   1.239500e+00 -1.478053e+01 4.913769e+00
      vertex   1.239500e+00 -1.480797e+01 4.890776e+00
      vertex   1.239500e+00 -1.506383e+01 4.353803e+00
    endloop
  endfacet
  facet normal 1.000000e+00 9.326325e-15 -5.270894e-15
    outer loop
      vertex   1.239500e+00 -1.506383e+01 4.353803e+00
      vertex   1.239500e+00 -1.480797e+01 4.890776e+00
      vertex   1.239500e+00 -1.506543e+01 4.435224e+00
    endloop
  endfacet
  facet normal 1.000000e+00 -1.048119e-14 5.923580e-15
    outer loop
      vertex   1.239500e+00 -1.506543e+01 4.435224e+00
      vertex   1.239500e+00 -1.480797e+01 4.890776e+00
      vertex   1.239500e+00 -1.484029e+01 4.871068e+00
    endloop
  endfacet
  facet normal 1.000000e+00 -3.039147e-15 2.079349e-15
    outer loop
      vertex   1.239500e+00 -1.506543e+01 4.435224e+00
      vertex   1.239500e+00 -1.484029e+01 4.871068e+00
      vertex   1.239500e+00 -1.508374e+01 4.515245e+00
    endloop
  endfacet
  facet normal 1.000000e+00 3.923403e-15 -2.684347e-15
    outer loop
      vertex   1.239500e+00 -1.508374e+01 4.515245e+00
      vertex   1.239500e+00 -1.484029e+01 4.871068e+00
      vertex   1.239500e+00 -1.491713e+01 4.841485e+00
    endloop
  endfacet
  facet normal 1.000000e+00 2.238365e-15 -1.823777e-15
    outer loop
      vertex   1.239500e+00 -1.508374e+01 4.515245e+00
      vertex   1.239500e+00 -1.491713e+01 4.841485e+00
      vertex   1.239500e+00 -1.511715e+01 4.595986e+00
    endloop
  endfacet
  facet normal 1.000000e+00 -5.261020e-15 4.286580e-15
    outer loop
      vertex   1.239500e+00 -1.511715e+01 4.595986e+00
      vertex   1.239500e+00 -1.491713e+01 4.841485e+00
      vertex   1.239500e+00 -1.501510e+01 4.824839e+00
    endloop
  endfacet
  facet normal 1.000000e+00 -3.330091e-15 3.425509e-15
    outer loop
      vertex   1.239500e+00 -1.511715e+01 4.595986e+00
      vertex   1.239500e+00 -1.501510e+01 4.824839e+00
      vertex   1.239500e+00 -1.516661e+01 4.677551e+00
    endloop
  endfacet
  facet normal 1.000000e+00 3.893552e-15 -4.005114e-15
    outer loop
      vertex   1.239500e+00 -1.516661e+01 4.677551e+00
      vertex   1.239500e+00 -1.501510e+01 4.824839e+00
      vertex   1.239500e+00 -1.512786e+01 4.826102e+00
    endloop
  endfacet
  facet normal 1.000000e+00 -2.753439e-15 -2.271236e-15
    outer loop
      vertex   1.239500e+00 -1.516661e+01 4.677551e+00
      vertex   1.239500e+00 -1.512786e+01 4.826102e+00
      vertex   1.239500e+00 -1.523214e+01 4.756993e+00
    endloop
  endfacet
  facet normal 1.000000e+00 -9.050293e-16 -5.060367e-15
    outer loop
      vertex   1.239500e+00 -1.523214e+01 4.756993e+00
      vertex   1.239500e+00 -1.512786e+01 4.826102e+00
      vertex   1.239500e+00 -1.525168e+01 4.848247e+00
    endloop
  endfacet
  facet normal 1.000000e+00 -1.592687e-14 -8.277429e-15
    outer loop
      vertex   1.239500e+00 -1.523214e+01 4.756993e+00
      vertex   1.239500e+00 -1.525168e+01 4.848247e+00
      vertex   1.239500e+00 -1.531222e+01 4.830600e+00
    endloop
  endfacet
  facet normal 1.000000e+00 -1.152176e-14 -2.338851e-14
    outer loop
      vertex   1.239500e+00 -1.531222e+01 4.830600e+00
      vertex   1.239500e+00 -1.525168e+01 4.848247e+00
      vertex   1.239500e+00 -1.538016e+01 4.892551e+00
    endloop
  endfacet
  facet normal 1.000000e+00 -5.084786e-08 -5.576482e-08
    outer loop
      vertex   1.239500e+00 -1.531222e+01 4.830600e+00
      vertex   1.239500e+00 -1.538016e+01 4.892551e+00
      vertex   1.239500e+00 -1.540637e+01 4.896625e+00
    endloop
  endfacet
  facet normal 1.000000e+00 -6.013885e-08 -1.155422e-07
    outer loop
      vertex   1.239500e+00 -1.540637e+01 4.896625e+00
      vertex   1.239500e+00 -1.538016e+01 4.892551e+00
      vertex   1.239500e+00 -1.550955e+01 4.959608e+00
    endloop
  endfacet
  facet normal 1.000000e+00 4.128573e-13 -1.991296e-13
    outer loop
      vertex   1.239500e+00 -1.478045e+01 4.913934e+00
      vertex   1.239500e+00 -1.477958e+01 4.915733e+00
      vertex   1.239500e+00 -1.478150e+01 4.913987e+00
    endloop
  endfacet
  facet normal 1.000000e+00 5.759426e-13 -3.782673e-13
    outer loop
      vertex   1.239500e+00 -1.478150e+01 4.913987e+00
      vertex   1.239500e+00 -1.477958e+01 4.915733e+00
      vertex   1.239500e+00 -1.477971e+01 4.916128e+00
    endloop
  endfacet
  facet normal 1.000000e+00 1.010359e-12 -2.404470e-13
    outer loop
      vertex   1.239500e+00 -1.477971e+01 4.916128e+00
      vertex   1.239500e+00 -1.477958e+01 4.915733e+00
      vertex   1.239500e+00 -1.477915e+01 4.916632e+00
    endloop
  endfacet
  facet normal 1.000000e+00 1.403215e-12 -6.767996e-13
    outer loop
      vertex   1.239500e+00 -1.477971e+01 4.916128e+00
      vertex   1.239500e+00 -1.477915e+01 4.916632e+00
      vertex   1.239500e+00 -1.477893e+01 4.917082e+00
    endloop
  endfacet
  facet normal 1.000000e+00 9.525748e-13 -3.098492e-13
    outer loop
      vertex   1.239500e+00 -1.477893e+01 4.917082e+00
      vertex   1.239500e+00 -1.477891e+01 4.917154e+00
      vertex   1.239500e+00 -1.477971e+01 4.916128e+00
    endloop
  endfacet
  facet normal 1.000000e+00 -1.235517e-15 2.285460e-16
    outer loop
      vertex   1.239500e+00 -1.506383e+01 4.353803e+00
      vertex   1.239500e+00 -1.507039e+01 4.318349e+00
      vertex   1.239500e+00 -1.478053e+01 4.913769e+00
    endloop
  endfacet
  facet normal 1.000000e+00 0.000000e+00 0.000000e+00
    outer loop
      vertex   1.239500e+00 -1.507835e+01 4.296301e+00
      vertex   1.239500e+00 -1.508329e+01 4.286042e+00
      vertex   1.239500e+00 -8.856665e+00 1.587500e+00
    endloop
  endfacet
  facet normal 1.000000e+00 0.000000e+00 0.000000e+00
    outer loop
      vertex   1.239500e+00 -8.856665e+00 1.587500e+00
      vertex   1.239500e+00 -1.508329e+01 4.286042e+00
      vertex   1.239500e+00 -1.508824e+01 4.275782e+00
    endloop
  endfacet
  facet normal 1.000000e+00 0.000000e+00 0.000000e+00
    outer loop
      vertex   1.239500e+00 -8.856665e+00 1.587500e+00
      vertex   1.239500e+00 -1.508824e+01 4.275782e+00
      vertex   1.239500e+00 -1.509814e+01 4.255264e+00
    endloop
  endfacet
  facet normal 1.000000e+00 0.000000e+00 0.000000e+00
    outer loop
      vertex   1.239500e+00 -1.509814e+01 4.255264e+00
      vertex   1.239500e+00 -1.511793e+01 4.214226e+00
      vertex   1.239500e+00 -8.856665e+00 1.587500e+00
    endloop
  endfacet
  facet normal 1.000000e+00 0.000000e+00 0.000000e+00
    outer loop
      vertex   1.239500e+00 -8.856665e+00 1.587500e+00
      vertex   1.239500e+00 -1.511793e+01 4.214226e+00
      vertex   1.239500e+00 -1.515752e+01 4.132152e+00
    endloop
  endfacet
  facet normal 1.000000e+00 0.000000e+00 0.000000e+00
    outer loop
      vertex   1.239500e+00 -8.856665e+00 1.587500e+00
      vertex   1.239500e+00 -1.515752e+01 4.132152e+00
      vertex   1.239500e+00 -1.519710e+01 4.050077e+00
    endloop
  endfacet
  facet normal 1.000000e+00 0.000000e+00 0.000000e+00
    outer loop
      vertex   1.239500e+00 -1.519710e+01 4.050077e+00
      vertex   1.239500e+00 -1.523669e+01 3.968003e+00
      vertex   1.239500e+00 -8.856665e+00 1.587500e+00
    endloop
  endfacet
  facet normal 1.000000e+00 0.000000e+00 0.000000e+00
    outer loop
      vertex   1.239500e+00 -8.856665e+00 1.587500e+00
      vertex   1.239500e+00 -1.523669e+01 3.968003e+00
      vertex   1.239500e+00 -1.531586e+01 3.803853e+00
    endloop
  endfacet
  facet normal 1.000000e+00 1.194734e-15 3.481856e-15
    outer loop
      vertex   1.239500e+00 -8.856665e+00 1.587500e+00
      vertex   1.239500e+00 -1.531586e+01 3.803853e+00
      vertex   1.239500e+00 -1.539504e+01 3.639704e+00
    endloop
  endfacet
  facet normal 1.000000e+00 1.018807e-16 0.000000e+00
    outer loop
      vertex   1.239500e+00 -8.856665e+00 1.587500e+00
      vertex   1.239500e+00 -1.539504e+01 3.639704e+00
      vertex   1.239500e+00 -8.856665e+00 7.739566e-01
    endloop
  endfacet
  facet normal 1.000000e+00 1.148619e-16 2.961731e-17
    outer loop
      vertex   1.239500e+00 -8.856665e+00 7.739566e-01
      vertex   1.239500e+00 -1.539504e+01 3.639704e+00
      vertex   1.239500e+00 -8.512278e+00 -5.616460e-01
    endloop
  endfacet
  facet normal 1.000000e+00 3.519619e-16 9.075390e-17
    outer loop
      vertex   1.239500e+00 -8.856665e+00 7.739566e-01
      vertex   1.239500e+00 -8.512278e+00 -5.616460e-01
      vertex   1.239500e+00 -8.182591e+00 6.064303e-01
    endloop
  endfacet
  facet normal 1.000000e+00 1.109853e-16 1.587689e-16
    outer loop
      vertex   1.239500e+00 -8.182591e+00 6.064303e-01
      vertex   1.239500e+00 -8.512278e+00 -5.616460e-01
      vertex   1.239500e+00 -8.390329e+00 -6.468925e-01
    endloop
  endfacet
  facet normal 1.000000e+00 1.390747e-16 1.541131e-16
    outer loop
      vertex   1.239500e+00 -8.182591e+00 6.064303e-01
      vertex   1.239500e+00 -8.390329e+00 -6.468925e-01
      vertex   1.239500e+00 -8.279868e+00 -7.465752e-01
    endloop
  endfacet
  facet normal 1.000000e+00 2.282614e-15 0.000000e+00
    outer loop
      vertex   1.239500e+00 -8.279868e+00 -7.465752e-01
      vertex   1.239500e+00 -8.182591e+00 -8.591616e-01
      vertex   1.239500e+00 -8.182591e+00 6.064303e-01
    endloop
  endfacet
  facet normal -1.000000e+00 -3.983562e-16 -1.161841e-15
    outer loop
      vertex   -1.260500e+00 -1.531594e+01 3.803699e+00
      vertex   -1.260500e+00 -8.852197e+00 1.587500e+00
      vertex   -1.260500e+00 -1.539504e+01 3.639704e+00
    endloop
  endfacet
  facet normal -1.000000e+00 -3.393704e-17 0.000000e+00
    outer loop
      vertex   -1.260500e+00 -1.539504e+01 3.639704e+00
      vertex   -1.260500e+00 -8.852197e+00 1.587500e+00
      vertex   -1.260500e+00 -8.852197e+00 7.798050e-01
    endloop
  endfacet
  facet normal -1.000000e+00 -3.816413e-17 -9.670669e-18
    outer loop
      vertex   -1.260500e+00 -1.539504e+01 3.639704e+00
      vertex   -1.260500e+00 -8.852197e+00 7.798050e-01
      vertex   -1.260500e+00 -8.512278e+00 -5.616460e-01
    endloop
  endfacet
  facet normal -1.000000e+00 0.000000e+00 0.000000e+00
    outer loop
      vertex   -1.260500e+00 -8.512278e+00 -5.616460e-01
      vertex   -1.260500e+00 -8.852197e+00 7.798050e-01
      vertex   -1.260500e+00 -8.283500e+00 6.384677e-01
    endloop
  endfacet
  facet normal -1.000000e+00 2.429073e-15 -4.630548e-16
    outer loop
      vertex   -1.260500e+00 -8.512278e+00 -5.616460e-01
      vertex   -1.260500e+00 -8.283500e+00 6.384677e-01
      vertex   -1.260500e+00 -8.431187e+00 -6.157858e-01
    endloop
  endfacet
  facet normal -1.000000e+00 -1.282771e-16 -1.619287e-16
    outer loop
      vertex   -1.260500e+00 -8.431187e+00 -6.157858e-01
      vertex   -1.260500e+00 -8.283500e+00 6.384677e-01
      vertex   -1.260500e+00 -8.354760e+00 -6.763303e-01
    endloop
  endfacet
  facet normal -1.000000e+00 -1.501193e-16 -1.607449e-16
    outer loop
      vertex   -1.260500e+00 -8.354760e+00 -6.763303e-01
      vertex   -1.260500e+00 -8.283500e+00 6.384677e-01
      vertex   -1.260500e+00 -8.283500e+00 -7.428798e-01
    endloop
  endfacet
  facet normal -1.000000e+00 0.000000e+00 0.000000e+00
    outer loop
      vertex   -1.260500e+00 -1.531594e+01 3.803699e+00
      vertex   -1.260500e+00 -1.523684e+01 3.967693e+00
      vertex   -1.260500e+00 -8.852197e+00 1.587500e+00
    endloop
  endfacet
  facet normal -1.000000e+00 0.000000e+00 0.000000e+00
    outer loop
      vertex   -1.260500e+00 -8.852197e+00 1.587500e+00
      vertex   -1.260500e+00 -1.523684e+01 3.967693e+00
      vertex   -1.260500e+00 -1.519729e+01 4.049690e+00
    endloop
  endfacet
  facet normal -1.000000e+00 0.000000e+00 0.000000e+00
    outer loop
      vertex   -1.260500e+00 -8.852197e+00 1.587500e+00
      vertex   -1.260500e+00 -1.519729e+01 4.049690e+00
      vertex   -1.260500e+00 -1.515774e+01 4.131688e+00
    endloop
  endfacet
  facet normal -1.000000e+00 0.000000e+00 0.000000e+00
    outer loop
      vertex   -1.260500e+00 -1.515774e+01 4.131688e+00
      vertex   -1.260500e+00 -1.511819e+01 4.213685e+00
      vertex   -1.260500e+00 -8.852197e+00 1.587500e+00
    endloop
  endfacet
  facet normal -1.000000e+00 0.000000e+00 0.000000e+00
    outer loop
      vertex   -1.260500e+00 -8.852197e+00 1.587500e+00
      vertex   -1.260500e+00 -1.511819e+01 4.213685e+00
      vertex   -1.260500e+00 -1.509842e+01 4.254683e+00
    endloop
  endfacet
  facet normal -1.000000e+00 0.000000e+00 0.000000e+00
    outer loop
      vertex   -1.260500e+00 -8.852197e+00 1.587500e+00
      vertex   -1.260500e+00 -1.509842e+01 4.254683e+00
      vertex   -1.260500e+00 -1.508853e+01 4.275183e+00
    endloop
  endfacet
  facet normal -1.000000e+00 0.000000e+00 0.000000e+00
    outer loop
      vertex   -1.260500e+00 -1.508853e+01 4.275183e+00
      vertex   -1.260500e+00 -1.508359e+01 4.285432e+00
      vertex   -1.260500e+00 -8.852197e+00 1.587500e+00
    endloop
  endfacet
  facet normal -1.000000e+00 0.000000e+00 0.000000e+00
    outer loop
      vertex   -1.260500e+00 -8.852197e+00 1.587500e+00
      vertex   -1.260500e+00 -1.508359e+01 4.285432e+00
      vertex   -1.260500e+00 -1.507864e+01 4.295682e+00
    endloop
  endfacet
  facet normal -1.000000e+00 0.000000e+00 0.000000e+00
    outer loop
      vertex   -1.260500e+00 -8.852197e+00 1.587500e+00
      vertex   -1.260500e+00 -1.507864e+01 4.295682e+00
      vertex   -1.260500e+00 -1.507067e+01 4.317773e+00
    endloop
  endfacet
  facet normal -1.000000e+00 0.000000e+00 0.000000e+00
    outer loop
      vertex   -1.260500e+00 -8.852197e+00 1.587500e+00
      vertex   -1.260500e+00 -1.507067e+01 4.317773e+00
      vertex   -1.260500e+00 -1.477955e+01 4.915807e+00
    endloop
  endfacet
  facet normal -1.000000e+00 0.000000e+00 0.000000e+00
    outer loop
      vertex   -1.260500e+00 -1.477955e+01 4.915807e+00
      vertex   -1.260500e+00 -1.507067e+01 4.317773e+00
      vertex   -1.260500e+00 -1.506409e+01 4.353296e+00
    endloop
  endfacet
  facet normal -1.000000e+00 0.000000e+00 0.000000e+00
    outer loop
      vertex   -1.260500e+00 -1.477955e+01 4.915807e+00
      vertex   -1.260500e+00 -1.506409e+01 4.353296e+00
      vertex   -1.260500e+00 -1.479512e+01 4.901977e+00
    endloop
  endfacet
  facet normal -1.000000e+00 0.000000e+00 0.000000e+00
    outer loop
      vertex   -1.260500e+00 -1.479512e+01 4.901977e+00
      vertex   -1.260500e+00 -1.506409e+01 4.353296e+00
      vertex   -1.260500e+00 -1.506569e+01 4.434874e+00
    endloop
  endfacet
  facet normal -1.000000e+00 0.000000e+00 0.000000e+00
    outer loop
      vertex   -1.260500e+00 -1.479512e+01 4.901977e+00
      vertex   -1.260500e+00 -1.506569e+01 4.434874e+00
      vertex   -1.260500e+00 -1.482276e+01 4.882360e+00
    endloop
  endfacet
  facet normal -1.000000e+00 0.000000e+00 0.000000e+00
    outer loop
      vertex   -1.260500e+00 -1.482276e+01 4.882360e+00
      vertex   -1.260500e+00 -1.506569e+01 4.434874e+00
      vertex   -1.260500e+00 -1.488651e+01 4.852557e+00
    endloop
  endfacet
  facet normal -1.000000e+00 0.000000e+00 0.000000e+00
    outer loop
      vertex   -1.260500e+00 -1.488651e+01 4.852557e+00
      vertex   -1.260500e+00 -1.506569e+01 4.434874e+00
      vertex   -1.260500e+00 -1.508402e+01 4.515050e+00
    endloop
  endfacet
  facet normal -1.000000e+00 3.226029e-15 -1.887914e-15
    outer loop
      vertex   -1.260500e+00 -1.488651e+01 4.852557e+00
      vertex   -1.260500e+00 -1.508402e+01 4.515050e+00
      vertex   -1.260500e+00 -1.496735e+01 4.832036e+00
    endloop
  endfacet
  facet normal -1.000000e+00 -8.960662e-16 -3.706654e-16
    outer loop
      vertex   -1.260500e+00 -1.496735e+01 4.832036e+00
      vertex   -1.260500e+00 -1.508402e+01 4.515050e+00
      vertex   -1.260500e+00 -1.511748e+01 4.595943e+00
    endloop
  endfacet
  facet normal -1.000000e+00 -2.384981e-15 5.761705e-16
    outer loop
      vertex   -1.260500e+00 -1.496735e+01 4.832036e+00
      vertex   -1.260500e+00 -1.511748e+01 4.595943e+00
      vertex   -1.260500e+00 -1.506231e+01 4.824334e+00
    endloop
  endfacet
  facet normal -1.000000e+00 0.000000e+00 0.000000e+00
    outer loop
      vertex   -1.260500e+00 -1.506231e+01 4.824334e+00
      vertex   -1.260500e+00 -1.511748e+01 4.595943e+00
      vertex   -1.260500e+00 -1.516701e+01 4.677656e+00
    endloop
  endfacet
  facet normal -1.000000e+00 -5.998670e-15 4.282061e-15
    outer loop
      vertex   -1.260500e+00 -1.506231e+01 4.824334e+00
      vertex   -1.260500e+00 -1.516701e+01 4.677656e+00
      vertex   -1.260500e+00 -1.516780e+01 4.832118e+00
    endloop
  endfacet
  facet normal -1.000000e+00 5.261869e-15 4.339381e-15
    outer loop
      vertex   -1.260500e+00 -1.516780e+01 4.832118e+00
      vertex   -1.260500e+00 -1.516701e+01 4.677656e+00
      vertex   -1.260500e+00 -1.523264e+01 4.757236e+00
    endloop
  endfacet
  facet normal -1.000000e+00 1.658015e-15 7.460074e-15
    outer loop
      vertex   -1.260500e+00 -1.516780e+01 4.832118e+00
      vertex   -1.260500e+00 -1.523264e+01 4.757236e+00
      vertex   -1.260500e+00 -1.528077e+01 4.857226e+00
    endloop
  endfacet
  facet normal -1.000000e+00 6.019089e-15 9.559139e-15
    outer loop
      vertex   -1.260500e+00 -1.528077e+01 4.857226e+00
      vertex   -1.260500e+00 -1.523264e+01 4.757236e+00
      vertex   -1.260500e+00 -1.531284e+01 4.830962e+00
    endloop
  endfacet
  facet normal -1.000000e+00 8.281710e-15 6.796293e-15
    outer loop
      vertex   -1.260500e+00 -1.528077e+01 4.857226e+00
      vertex   -1.260500e+00 -1.531284e+01 4.830962e+00
      vertex   -1.260500e+00 -1.539646e+01 4.900188e+00
    endloop
  endfacet
  facet normal -1.000000e+00 -7.697540e-08 -9.298191e-08
    outer loop
      vertex   -1.260500e+00 -1.539646e+01 4.900188e+00
      vertex   -1.260500e+00 -1.531284e+01 4.830962e+00
      vertex   -1.260500e+00 -1.540713e+01 4.897085e+00
    endloop
  endfacet
  facet normal -1.000000e+00 -6.717385e-08 -1.266805e-07
    outer loop
      vertex   -1.260500e+00 -1.539646e+01 4.900188e+00
      vertex   -1.260500e+00 -1.540713e+01 4.897085e+00
      vertex   -1.260500e+00 -1.551258e+01 4.961453e+00
    endloop
  endfacet
  facet normal -1.000000e+00 3.909210e-13 -4.401881e-13
    outer loop
      vertex   -1.260500e+00 -1.479512e+01 4.901977e+00
      vertex   -1.260500e+00 -1.478332e+01 4.912959e+00
      vertex   -1.260500e+00 -1.477955e+01 4.915807e+00
    endloop
  endfacet
  facet normal -1.000000e+00 4.159934e-13 -4.734213e-13
    outer loop
      vertex   -1.260500e+00 -1.477955e+01 4.915807e+00
      vertex   -1.260500e+00 -1.478332e+01 4.912959e+00
      vertex   -1.260500e+00 -1.477942e+01 4.917323e+00
    endloop
  endfacet
  facet normal -1.000000e+00 1.097101e-12 -5.291546e-13
    outer loop
      vertex   -1.260500e+00 -1.477955e+01 4.915807e+00
      vertex   -1.260500e+00 -1.477942e+01 4.917323e+00
      vertex   -1.260500e+00 -1.477947e+01 4.915970e+00
    endloop
  endfacet
  facet normal -1.000000e+00 1.097101e-12 -5.291546e-13
    outer loop
      vertex   -1.260500e+00 -1.477947e+01 4.915970e+00
      vertex   -1.260500e+00 -1.477942e+01 4.917323e+00
      vertex   -1.260500e+00 -1.477907e+01 4.916795e+00
    endloop
  endfacet
  facet normal -1.000000e+00 1.097101e-12 -5.291546e-13
    outer loop
      vertex   -1.260500e+00 -1.477907e+01 4.916795e+00
      vertex   -1.260500e+00 -1.477942e+01 4.917323e+00
      vertex   -1.260500e+00 -1.477795e+01 4.919116e+00
    endloop
  endfacet
  facet normal -1.000000e+00 4.656656e-13 -1.072856e-14
    outer loop
      vertex   -1.260500e+00 -1.477795e+01 4.919116e+00
      vertex   -1.260500e+00 -1.477942e+01 4.917323e+00
      vertex   -1.260500e+00 -1.477795e+01 4.919171e+00
    endloop
  endfacet
  facet normal -1.000000e+00 0.000000e+00 0.000000e+00
    outer loop
      vertex   -1.260500e+00 -1.477795e+01 4.919116e+00
      vertex   -1.260500e+00 -1.477795e+01 4.919171e+00
      vertex   -1.260500e+00 -1.477790e+01 4.919220e+00
    endloop
  endfacet
  facet normal -1.000000e+00 0.000000e+00 0.000000e+00
    outer loop
      vertex   -1.260500e+00 -1.477955e+01 4.915807e+00
      vertex   -1.260500e+00 -1.477461e+01 4.926046e+00
      vertex   -1.260500e+00 -8.852197e+00 1.587500e+00
    endloop
  endfacet
  facet normal -1.000000e+00 0.000000e+00 0.000000e+00
    outer loop
      vertex   -1.260500e+00 -8.852197e+00 1.587500e+00
      vertex   -1.260500e+00 -1.477461e+01 4.926046e+00
      vertex   -1.260500e+00 -1.476967e+01 4.936284e+00
    endloop
  endfacet
  facet normal -1.000000e+00 0.000000e+00 0.000000e+00
    outer loop
      vertex   -1.260500e+00 -8.852197e+00 1.587500e+00
      vertex   -1.260500e+00 -1.476967e+01 4.936284e+00
      vertex   -1.260500e+00 -1.475979e+01 4.956761e+00
    endloop
  endfacet
  facet normal -1.000000e+00 0.000000e+00 0.000000e+00
    outer loop
      vertex   -1.260500e+00 -1.475979e+01 4.956761e+00
      vertex   -1.260500e+00 -1.474004e+01 4.997716e+00
      vertex   -1.260500e+00 -8.852197e+00 1.587500e+00
    endloop
  endfacet
  facet normal -1.000000e+00 0.000000e+00 0.000000e+00
    outer loop
      vertex   -1.260500e+00 -8.852197e+00 1.587500e+00
      vertex   -1.260500e+00 -1.474004e+01 4.997716e+00
      vertex   -1.260500e+00 -1.470053e+01 5.079624e+00
    endloop
  endfacet
  facet normal -1.000000e+00 0.000000e+00 0.000000e+00
    outer loop
      vertex   -1.260500e+00 -8.852197e+00 1.587500e+00
      vertex   -1.260500e+00 -1.470053e+01 5.079624e+00
      vertex   -1.260500e+00 -1.466103e+01 5.161533e+00
    endloop
  endfacet
  facet normal -1.000000e+00 0.000000e+00 0.000000e+00
    outer loop
      vertex   -1.260500e+00 -1.466103e+01 5.161533e+00
      vertex   -1.260500e+00 -1.462152e+01 5.243442e+00
      vertex   -1.260500e+00 -8.852197e+00 1.587500e+00
    endloop
  endfacet
  facet normal -1.000000e+00 0.000000e+00 0.000000e+00
    outer loop
      vertex   -1.260500e+00 -8.852197e+00 1.587500e+00
      vertex   -1.260500e+00 -1.462152e+01 5.243442e+00
      vertex   -1.260500e+00 -1.454251e+01 5.407259e+00
    endloop
  endfacet
  facet normal -1.000000e+00 -6.873345e-16 -1.023925e-15
    outer loop
      vertex   -1.260500e+00 -8.852197e+00 1.587500e+00
      vertex   -1.260500e+00 -1.454251e+01 5.407259e+00
      vertex   -1.260500e+00 -1.446350e+01 5.571076e+00
    endloop
  endfacet
  facet normal -1.000000e+00 0.000000e+00 -5.574002e-17
    outer loop
      vertex   -1.260500e+00 -1.446350e+01 5.571076e+00
      vertex   -1.260500e+00 -7.937500e+00 1.587500e+00
      vertex   -1.260500e+00 -8.852197e+00 1.587500e+00
    endloop
  endfacet
  facet normal -7.861835e-01 -3.219858e-01 -5.274853e-01
    outer loop
      vertex   -1.215366e-01 -1.556180e+01 3.293948e+00
      vertex   -1.144972e-01 -1.556571e+01 3.285842e+00
      vertex   -1.215366e-01 -1.631217e+01 3.751985e+00
    endloop
  endfacet
  facet normal -7.861835e-01 -3.219858e-01 -5.274853e-01
    outer loop
      vertex   -1.215366e-01 -1.631217e+01 3.751985e+00
      vertex   -1.144972e-01 -1.556571e+01 3.285842e+00
      vertex   -1.074578e-01 -1.556962e+01 3.277737e+00
    endloop
  endfacet
  facet normal -7.861835e-01 -3.219858e-01 -5.274853e-01
    outer loop
      vertex   -1.215366e-01 -1.631217e+01 3.751985e+00
      vertex   -1.074578e-01 -1.556962e+01 3.277737e+00
      vertex   -9.337892e-02 -1.557744e+01 3.261526e+00
    endloop
  endfacet
  facet normal -7.861835e-01 -3.219858e-01 -5.274853e-01
    outer loop
      vertex   -9.337892e-02 -1.557744e+01 3.261526e+00
      vertex   -6.522122e-02 -1.559308e+01 3.229104e+00
      vertex   -1.215366e-01 -1.631217e+01 3.751985e+00
    endloop
  endfacet
  facet normal -7.861835e-01 -3.219858e-01 -5.274853e-01
    outer loop
      vertex   -1.215366e-01 -1.631217e+01 3.751985e+00
      vertex   -6.522122e-02 -1.559308e+01 3.229104e+00
      vertex   -8.905825e-03 -1.562435e+01 3.164261e+00
    endloop
  endfacet
  facet normal -7.861835e-01 -3.219858e-01 -5.274853e-01
    outer loop
      vertex   -1.215366e-01 -1.631217e+01 3.751985e+00
      vertex   -8.905825e-03 -1.562435e+01 3.164261e+00
      vertex   -8.905825e-03 -1.997502e+01 5.819978e+00
    endloop
  endfacet
  facet normal -7.861835e-01 -3.219858e-01 -5.274853e-01
    outer loop
      vertex   -1.260500e+00 -1.927993e+01 7.261108e+00
      vertex   -7.050414e-01 -1.602017e+01 4.443421e+00
      vertex   -8.905825e-03 -1.997502e+01 5.819978e+00
    endloop
  endfacet
  facet normal -7.861835e-01 -3.219858e-01 -5.274853e-01
    outer loop
      vertex   -8.905825e-03 -1.997502e+01 5.819978e+00
      vertex   -7.050414e-01 -1.602017e+01 4.443421e+00
      vertex   -5.578975e-01 -1.612205e+01 4.286300e+00
    endloop
  endfacet
  facet normal -7.861835e-01 -3.219858e-01 -5.274853e-01
    outer loop
      vertex   -8.905825e-03 -1.997502e+01 5.819978e+00
      vertex   -5.578975e-01 -1.612205e+01 4.286300e+00
      vertex   -4.107650e-01 -1.620496e+01 4.117618e+00
    endloop
  endfacet
  facet normal -7.861835e-01 -3.219858e-01 -5.274853e-01
    outer loop
      vertex   -1.260500e+00 -1.551258e+01 4.961453e+00
      vertex   -1.064336e+00 -1.567851e+01 4.770375e+00
      vertex   -1.260500e+00 -1.927993e+01 7.261108e+00
    endloop
  endfacet
  facet normal -7.861835e-01 -3.219858e-01 -5.274853e-01
    outer loop
      vertex   -1.260500e+00 -1.927993e+01 7.261108e+00
      vertex   -1.064336e+00 -1.567851e+01 4.770375e+00
      vertex   -9.945682e-01 -1.575725e+01 4.714454e+00
    endloop
  endfacet
  facet normal -7.861835e-01 -3.219858e-01 -5.274853e-01
    outer loop
      vertex   -1.260500e+00 -1.927993e+01 7.261108e+00
      vertex   -9.945682e-01 -1.575725e+01 4.714454e+00
      vertex   -9.235788e-01 -1.583047e+01 4.653343e+00
    endloop
  endfacet
  facet normal -7.861835e-01 -3.219858e-01 -5.274853e-01
    outer loop
      vertex   -1.260500e+00 -1.540713e+01 4.897085e+00
      vertex   -1.198370e+00 -1.550318e+01 4.863116e+00
      vertex   -1.260500e+00 -1.551258e+01 4.961453e+00
    endloop
  endfacet
  facet normal -7.861835e-01 -3.219858e-01 -5.274853e-01
    outer loop
      vertex   -1.260500e+00 -1.551258e+01 4.961453e+00
      vertex   -1.198370e+00 -1.550318e+01 4.863116e+00
      vertex   -1.132636e+00 -1.559371e+01 4.820405e+00
    endloop
  endfacet
  facet normal -7.861835e-01 -3.219858e-01 -5.274853e-01
    outer loop
      vertex   -1.260500e+00 -1.551258e+01 4.961453e+00
      vertex   -1.132636e+00 -1.559371e+01 4.820405e+00
      vertex   -1.064336e+00 -1.567851e+01 4.770375e+00
    endloop
  endfacet
  facet normal -7.861835e-01 -3.219858e-01 -5.274853e-01
    outer loop
      vertex   -9.235788e-01 -1.583047e+01 4.653343e+00
      vertex   -8.514082e-01 -1.589866e+01 4.587401e+00
      vertex   -1.260500e+00 -1.927993e+01 7.261108e+00
    endloop
  endfacet
  facet normal -7.861835e-01 -3.219858e-01 -5.274853e-01
    outer loop
      vertex   -1.260500e+00 -1.927993e+01 7.261108e+00
      vertex   -8.514082e-01 -1.589866e+01 4.587401e+00
      vertex   -7.050414e-01 -1.602017e+01 4.443421e+00
    endloop
  endfacet
  facet normal -7.861835e-01 -3.219858e-01 -5.274853e-01
    outer loop
      vertex   -4.107650e-01 -1.620496e+01 4.117618e+00
      vertex   -2.646837e-01 -1.626878e+01 3.938849e+00
      vertex   -8.905825e-03 -1.997502e+01 5.819978e+00
    endloop
  endfacet
  facet normal -7.861835e-01 -3.219858e-01 -5.274853e-01
    outer loop
      vertex   -8.905825e-03 -1.997502e+01 5.819978e+00
      vertex   -2.646837e-01 -1.626878e+01 3.938849e+00
      vertex   -1.215366e-01 -1.631217e+01 3.751985e+00
    endloop
  endfacet
  facet normal 1.443290e-15 -9.007060e-01 4.344292e-01
    outer loop
      vertex   -5.249884e-03 -1.858484e+01 8.702237e+00
      vertex   -1.260500e+00 -1.927993e+01 7.261108e+00
      vertex   1.239500e+00 -1.927993e+01 7.261108e+00
    endloop
  endfacet
  facet normal 1.434320e-15 -9.007060e-01 4.344292e-01
    outer loop
      vertex   1.239500e+00 -1.927993e+01 7.261108e+00
      vertex   -1.260500e+00 -1.927993e+01 7.261108e+00
      vertex   -8.905825e-03 -1.997502e+01 5.819978e+00
    endloop
  endfacet
  facet normal -8.867507e-05 -6.825385e-01 -7.308496e-01
    outer loop
      vertex   -1.260500e+00 -8.354760e+00 -6.763303e-01
      vertex   -1.260500e+00 -8.283500e+00 -7.428798e-01
      vertex   1.239500e+00 -8.279868e+00 -7.465752e-01
    endloop
  endfacet
  facet normal 1.003683e-04 -7.462900e-01 -6.656210e-01
    outer loop
      vertex   1.239500e+00 -8.279868e+00 -7.465752e-01
      vertex   -1.260500e+00 -8.283500e+00 -7.428798e-01
      vertex   -1.263583e+00 -8.206615e+00 -8.290828e-01
    endloop
  endfacet
  facet normal -5.938851e-04 -7.566808e-01 -6.537842e-01
    outer loop
      vertex   1.239500e+00 -8.279868e+00 -7.465752e-01
      vertex   -1.263583e+00 -8.206615e+00 -8.290828e-01
      vertex   1.239500e+00 -8.182591e+00 -8.591616e-01
    endloop
  endfacet
  facet normal 6.141086e-04 -8.056600e-01 -5.923779e-01
    outer loop
      vertex   1.239500e+00 -8.182591e+00 -8.591616e-01
      vertex   -1.263583e+00 -8.206615e+00 -8.290828e-01
      vertex   -1.271351e+00 -8.137354e+00 -9.232889e-01
    endloop
  endfacet
  facet normal -2.323376e-04 -8.214061e-01 -5.703437e-01
    outer loop
      vertex   1.239500e+00 -8.182591e+00 -8.591616e-01
      vertex   -1.271351e+00 -8.137354e+00 -9.232889e-01
      vertex   1.241133e+00 -8.127037e+00 -9.391708e-01
    endloop
  endfacet
  facet normal 2.892061e-04 -8.588789e-01 -5.121786e-01
    outer loop
      vertex   1.241133e+00 -8.127037e+00 -9.391708e-01
      vertex   -1.271351e+00 -8.137354e+00 -9.232889e-01
      vertex   -1.282074e+00 -8.077050e+00 -1.024420e+00
    endloop
  endfacet
  facet normal -1.268123e-05 -8.628013e-01 -5.055432e-01
    outer loop
      vertex   1.241133e+00 -8.127037e+00 -9.391708e-01
      vertex   -1.282074e+00 -8.077050e+00 -1.024420e+00
      vertex   1.245088e+00 -8.077381e+00 -1.023919e+00
    endloop
  endfacet
  facet normal -3.213280e-05 -9.014438e-01 -4.328962e-01
    outer loop
      vertex   1.245088e+00 -8.077381e+00 -1.023919e+00
      vertex   -1.282074e+00 -8.077050e+00 -1.024420e+00
      vertex   1.250499e+00 -8.034684e+00 -1.112828e+00
    endloop
  endfacet
  facet normal 3.370065e-04 -9.055308e-01 -4.242803e-01
    outer loop
      vertex   1.250499e+00 -8.034684e+00 -1.112828e+00
      vertex   -1.282074e+00 -8.077050e+00 -1.024420e+00
      vertex   -1.293935e+00 -8.026962e+00 -1.131332e+00
    endloop
  endfacet
  facet normal -2.566372e-04 -9.349020e-01 -3.549059e-01
    outer loop
      vertex   1.250499e+00 -8.034684e+00 -1.112828e+00
      vertex   -1.293935e+00 -8.026962e+00 -1.131332e+00
      vertex   1.256261e+00 -7.999656e+00 -1.205104e+00
    endloop
  endfacet
  facet normal 5.236634e-04 -9.435800e-01 -3.311441e-01
    outer loop
      vertex   1.256261e+00 -7.999656e+00 -1.205104e+00
      vertex   -1.293935e+00 -8.026962e+00 -1.131332e+00
      vertex   -1.304934e+00 -7.987886e+00 -1.242695e+00
    endloop
  endfacet
  facet normal -3.578331e-04 -9.610023e-01 -2.765400e-01
    outer loop
      vertex   1.256261e+00 -7.999656e+00 -1.205104e+00
      vertex   -1.304934e+00 -7.987886e+00 -1.242695e+00
      vertex   1.261565e+00 -7.972440e+00 -1.299692e+00
    endloop
  endfacet
  facet normal 5.567699e-04 -9.712333e-01 -2.381293e-01
    outer loop
      vertex   1.261565e+00 -7.972440e+00 -1.299692e+00
      vertex   -1.304934e+00 -7.987886e+00 -1.242695e+00
      vertex   -1.313942e+00 -7.959922e+00 -1.356769e+00
    endloop
  endfacet
  facet normal -3.579425e-04 -9.800428e-01 -1.987865e-01
    outer loop
      vertex   1.261565e+00 -7.972440e+00 -1.299692e+00
      vertex   -1.313942e+00 -7.959922e+00 -1.356769e+00
      vertex   1.265937e+00 -7.953018e+00 -1.395449e+00
    endloop
  endfacet
  facet normal 4.788624e-04 -9.894816e-01 -1.446582e-01
    outer loop
      vertex   1.265937e+00 -7.953018e+00 -1.395449e+00
      vertex   -1.313942e+00 -7.959922e+00 -1.356769e+00
      vertex   -1.320030e+00 -7.943112e+00 -1.471767e+00
    endloop
  endfacet
  facet normal -2.417698e-04 -9.926942e-01 -1.206571e-01
    outer loop
      vertex   1.265937e+00 -7.953018e+00 -1.395449e+00
      vertex   -1.320030e+00 -7.943112e+00 -1.471767e+00
      vertex   1.268906e+00 -7.941377e+00 -1.491233e+00
    endloop
  endfacet
  facet normal 3.002004e-04 -9.987928e-01 -4.912101e-02
    outer loop
      vertex   1.268906e+00 -7.941377e+00 -1.491233e+00
      vertex   -1.320030e+00 -7.943112e+00 -1.471767e+00
      vertex   -1.322265e+00 -7.937500e+00 -1.585901e+00
    endloop
  endfacet
  facet normal 0.000000e+00 -9.991625e-01 -4.091928e-02
    outer loop
      vertex   1.268906e+00 -7.941377e+00 -1.491233e+00
      vertex   -1.322265e+00 -7.937500e+00 -1.585901e+00
      vertex   1.270000e+00 -7.937500e+00 -1.585901e+00
    endloop
  endfacet
  facet normal -7.901419e-04 -6.699564e-01 -7.424001e-01
    outer loop
      vertex   1.239500e+00 -8.279868e+00 -7.465752e-01
      vertex   1.239500e+00 -8.390329e+00 -6.468925e-01
      vertex   -1.260500e+00 -8.354760e+00 -6.763303e-01
    endloop
  endfacet
  facet normal 3.951615e-04 -6.209512e-01 -7.838491e-01
    outer loop
      vertex   -1.260500e+00 -8.354760e+00 -6.763303e-01
      vertex   1.239500e+00 -8.390329e+00 -6.468925e-01
      vertex   -1.260500e+00 -8.431187e+00 -6.157858e-01
    endloop
  endfacet
  facet normal -8.344896e-04 -5.729322e-01 -8.196024e-01
    outer loop
      vertex   -1.260500e+00 -8.431187e+00 -6.157858e-01
      vertex   1.239500e+00 -8.390329e+00 -6.468925e-01
      vertex   1.239500e+00 -8.512278e+00 -5.616460e-01
    endloop
  endfacet
  facet normal 0.000000e+00 -5.552645e-01 -8.316738e-01
    outer loop
      vertex   -1.260500e+00 -8.431187e+00 -6.157858e-01
      vertex   1.239500e+00 -8.512278e+00 -5.616460e-01
      vertex   -1.260500e+00 -8.512278e+00 -5.616460e-01
    endloop
  endfacet
  facet normal 9.787718e-01 -2.049527e-01 -4.020056e-04
    outer loop
      vertex   1.253094e+00 -8.018264e+00 5.700950e-01
      vertex   1.256261e+00 -7.999656e+00 -1.205104e+00
      vertex   1.270000e+00 -7.937500e+00 5.556250e-01
    endloop
  endfacet
  facet normal 9.810097e-01 -1.939569e-01 -8.076360e-04
    outer loop
      vertex   1.270000e+00 -7.937500e+00 5.556250e-01
      vertex   1.256261e+00 -7.999656e+00 -1.205104e+00
      vertex   1.261565e+00 -7.972440e+00 -1.299692e+00
    endloop
  endfacet
  facet normal 9.752963e-01 -2.209006e-01 -2.742519e-04
    outer loop
      vertex   1.270000e+00 -7.937500e+00 5.556250e-01
      vertex   1.261565e+00 -7.972440e+00 -1.299692e+00
      vertex   1.265937e+00 -7.953018e+00 -1.395449e+00
    endloop
  endfacet
  facet normal 9.923354e-01 -1.235728e-01 -4.012627e-04
    outer loop
      vertex   1.242904e+00 -8.100147e+00 5.870686e-01
      vertex   1.245088e+00 -8.077381e+00 -1.023919e+00
      vertex   1.253094e+00 -8.018264e+00 5.700950e-01
    endloop
  endfacet
  facet normal 9.919880e-01 -1.263319e-01 -2.971896e-04
    outer loop
      vertex   1.253094e+00 -8.018264e+00 5.700950e-01
      vertex   1.245088e+00 -8.077381e+00 -1.023919e+00
      vertex   1.250499e+00 -8.034684e+00 -1.112828e+00
    endloop
  endfacet
  facet normal 9.867616e-01 -1.621777e-01 6.061831e-05
    outer loop
      vertex   1.253094e+00 -8.018264e+00 5.700950e-01
      vertex   1.250499e+00 -8.034684e+00 -1.112828e+00
      vertex   1.256261e+00 -7.999656e+00 -1.205104e+00
    endloop
  endfacet
  facet normal 9.968755e-01 -7.898887e-02 2.349433e-04
    outer loop
      vertex   1.245088e+00 -8.077381e+00 -1.023919e+00
      vertex   1.242904e+00 -8.100147e+00 5.870686e-01
      vertex   1.241133e+00 -8.127037e+00 -9.391708e-01
    endloop
  endfacet
  facet normal 9.991443e-01 -4.135824e-02 -4.306924e-04
    outer loop
      vertex   1.241133e+00 -8.127037e+00 -9.391708e-01
      vertex   1.242904e+00 -8.100147e+00 5.870686e-01
      vertex   1.239500e+00 -8.182591e+00 6.064303e-01
    endloop
  endfacet
  facet normal 9.995681e-01 -2.938812e-02 0.000000e+00
    outer loop
      vertex   1.241133e+00 -8.127037e+00 -9.391708e-01
      vertex   1.239500e+00 -8.182591e+00 6.064303e-01
      vertex   1.239500e+00 -8.182591e+00 -8.591616e-01
    endloop
  endfacet
  facet normal 9.688854e-01 -2.475096e-01 -4.926001e-05
    outer loop
      vertex   1.265937e+00 -7.953018e+00 -1.395449e+00
      vertex   1.268906e+00 -7.941377e+00 -1.491233e+00
      vertex   1.270000e+00 -7.937500e+00 5.556250e-01
    endloop
  endfacet
  facet normal 9.623871e-01 -2.716821e-01 0.000000e+00
    outer loop
      vertex   1.270000e+00 -7.937500e+00 5.556250e-01
      vertex   1.268906e+00 -7.941377e+00 -1.491233e+00
      vertex   1.270000e+00 -7.937500e+00 -5.556250e-01
    endloop
  endfacet
  facet normal 9.623871e-01 -2.716821e-01 -4.148266e-16
    outer loop
      vertex   1.270000e+00 -7.937500e+00 -5.556250e-01
      vertex   1.268906e+00 -7.941377e+00 -1.491233e+00
      vertex   1.270000e+00 -7.937500e+00 -1.585901e+00
    endloop
  endfacet
  facet normal 3.061467e-01 -2.296101e-01 -9.238795e-01
    outer loop
      vertex   1.242904e+00 -8.100147e+00 5.870686e-01
      vertex   1.417694e+00 -8.286898e+00 6.914016e-01
      vertex   1.239500e+00 -8.182591e+00 6.064303e-01
    endloop
  endfacet
  facet normal 3.061467e-01 -2.296101e-01 -9.238795e-01
    outer loop
      vertex   1.239500e+00 -8.182591e+00 6.064303e-01
      vertex   1.417694e+00 -8.286898e+00 6.914016e-01
      vertex   1.341093e+00 -8.417502e+00 6.984770e-01
    endloop
  endfacet
  facet normal 3.061467e-01 -2.296101e-01 -9.238795e-01
    outer loop
      vertex   1.239500e+00 -8.182591e+00 6.064303e-01
      vertex   1.341093e+00 -8.417502e+00 6.984770e-01
      vertex   1.285088e+00 -8.558174e+00 7.148795e-01
    endloop
  endfacet
  facet normal 3.061467e-01 -2.296101e-01 -9.238795e-01
    outer loop
      vertex   1.242904e+00 -8.100147e+00 5.870686e-01
      vertex   1.253094e+00 -8.018264e+00 5.700950e-01
      vertex   1.417694e+00 -8.286898e+00 6.914016e-01
    endloop
  endfacet
  facet normal 3.061467e-01 -2.296101e-01 -9.238795e-01
    outer loop
      vertex   1.417694e+00 -8.286898e+00 6.914016e-01
      vertex   1.253094e+00 -8.018264e+00 5.700950e-01
      vertex   1.513135e+00 -8.169356e+00 6.938156e-01
    endloop
  endfacet
  facet normal 3.061467e-01 -2.296101e-01 -9.238795e-01
    outer loop
      vertex   1.513135e+00 -8.169356e+00 6.938156e-01
      vertex   1.253094e+00 -8.018264e+00 5.700950e-01
      vertex   1.270000e+00 -7.937500e+00 5.556250e-01
    endloop
  endfacet
  facet normal 3.061467e-01 -2.296101e-01 -9.238795e-01
    outer loop
      vertex   1.513135e+00 -8.169356e+00 6.938156e-01
      vertex   1.270000e+00 -7.937500e+00 5.556250e-01
      vertex   1.625229e+00 -8.067570e+00 7.056635e-01
    endloop
  endfacet
  facet normal 3.061467e-01 -2.296101e-01 -9.238795e-01
    outer loop
      vertex   1.625229e+00 -8.067570e+00 7.056635e-01
      vertex   1.270000e+00 -7.937500e+00 5.556250e-01
      vertex   1.751404e+00 -7.983875e+00 7.266739e-01
    endloop
  endfacet
  facet normal 3.061467e-01 -2.296101e-01 -9.238795e-01
    outer loop
      vertex   1.751404e+00 -7.983875e+00 7.266739e-01
      vertex   1.270000e+00 -7.937500e+00 5.556250e-01
      vertex   1.888770e+00 -7.920189e+00 7.563649e-01
    endloop
  endfacet
  facet normal 3.061467e-01 -2.296101e-01 -9.238795e-01
    outer loop
      vertex   1.888770e+00 -7.920189e+00 7.563649e-01
      vertex   1.270000e+00 -7.937500e+00 5.556250e-01
      vertex   2.034176e+00 -7.877971e+00 7.940560e-01
    endloop
  endfacet
  facet normal 3.061467e-01 -2.296101e-01 -9.238795e-01
    outer loop
      vertex   2.034176e+00 -7.877971e+00 7.940560e-01
      vertex   1.270000e+00 -7.937500e+00 5.556250e-01
      vertex   3.695700e+00 -6.819900e+00 1.081676e+00
    endloop
  endfacet
  facet normal 3.061467e-01 -2.296101e-01 -9.238795e-01
    outer loop
      vertex   2.034176e+00 -7.877971e+00 7.940560e-01
      vertex   3.695700e+00 -6.819900e+00 1.081676e+00
      vertex   2.277791e+00 -7.815292e+00 8.592055e-01
    endloop
  endfacet
  facet normal 3.061467e-01 -2.296101e-01 -9.238795e-01
    outer loop
      vertex   2.277791e+00 -7.815292e+00 8.592055e-01
      vertex   3.695700e+00 -6.819900e+00 1.081676e+00
      vertex   2.514782e+00 -7.730955e+00 9.167774e-01
    endloop
  endfacet
  facet normal 3.061467e-01 -2.296101e-01 -9.238795e-01
    outer loop
      vertex   2.514782e+00 -7.730955e+00 9.167774e-01
      vertex   3.695700e+00 -6.819900e+00 1.081676e+00
      vertex   2.743227e+00 -7.625646e+00 9.663049e-01
    endloop
  endfacet
  facet normal 3.061467e-01 -2.296101e-01 -9.238795e-01
    outer loop
      vertex   2.743227e+00 -7.625646e+00 9.663049e-01
      vertex   3.695700e+00 -6.819900e+00 1.081676e+00
      vertex   2.961275e+00 -7.500216e+00 1.007387e+00
    endloop
  endfacet
  facet normal 3.061467e-01 -2.296101e-01 -9.238795e-01
    outer loop
      vertex   2.961275e+00 -7.500216e+00 1.007387e+00
      vertex   3.695700e+00 -6.819900e+00 1.081676e+00
      vertex   3.167157e+00 -7.355684e+00 1.039690e+00
    endloop
  endfacet
  facet normal 3.061467e-01 -2.296101e-01 -9.238795e-01
    outer loop
      vertex   3.167157e+00 -7.355684e+00 1.039690e+00
      vertex   3.695700e+00 -6.819900e+00 1.081676e+00
      vertex   3.359206e+00 -7.193220e+00 1.062952e+00
    endloop
  endfacet
  facet normal 3.061467e-01 -2.296101e-01 -9.238795e-01
    outer loop
      vertex   3.359206e+00 -7.193220e+00 1.062952e+00
      vertex   3.695700e+00 -6.819900e+00 1.081676e+00
      vertex   3.535864e+00 -7.014141e+00 1.076986e+00
    endloop
  endfacet
  facet normal 3.061467e-01 -2.296101e-01 -9.238795e-01
    outer loop
      vertex   1.270000e+00 -7.937500e+00 5.556250e-01
      vertex   6.667500e+00 -7.408333e-01 5.556250e-01
      vertex   3.695700e+00 -6.819900e+00 1.081676e+00
    endloop
  endfacet
  facet normal 3.061467e-01 -2.296101e-01 -9.238795e-01
    outer loop
      vertex   3.695700e+00 -6.819900e+00 1.081676e+00
      vertex   6.667500e+00 -7.408333e-01 5.556250e-01
      vertex   6.108700e+00 -3.602567e+00 1.081676e+00
    endloop
  endfacet
  facet normal 3.061467e-01 -2.296101e-01 -9.238795e-01
    outer loop
      vertex   6.108700e+00 -3.602567e+00 1.081676e+00
      vertex   6.667500e+00 -7.408333e-01 5.556250e-01
      vertex   6.667500e+00 -1.926167e+00 8.502137e-01
    endloop
  endfacet
  facet normal 3.061467e-01 -2.296101e-01 -9.238795e-01
    outer loop
      vertex   6.108700e+00 -3.602567e+00 1.081676e+00
      vertex   6.667500e+00 -1.926167e+00 8.502137e-01
      vertex   6.253154e+00 -3.390298e+00 1.076790e+00
    endloop
  endfacet
  facet normal 3.061467e-01 -2.296101e-01 -9.238795e-01
    outer loop
      vertex   6.253154e+00 -3.390298e+00 1.076790e+00
      vertex   6.667500e+00 -1.926167e+00 8.502137e-01
      vertex   6.377513e+00 -3.165665e+00 1.062171e+00
    endloop
  endfacet
  facet normal 3.061467e-01 -2.296101e-01 -9.238795e-01
    outer loop
      vertex   6.377513e+00 -3.165665e+00 1.062171e+00
      vertex   6.667500e+00 -1.926167e+00 8.502137e-01
      vertex   6.480725e+00 -2.930565e+00 1.037943e+00
    endloop
  endfacet
  facet normal 3.061467e-01 -2.296101e-01 -9.238795e-01
    outer loop
      vertex   6.480725e+00 -2.930565e+00 1.037943e+00
      vertex   6.667500e+00 -1.926167e+00 8.502137e-01
      vertex   6.561919e+00 -2.686983e+00 1.004311e+00
    endloop
  endfacet
  facet normal 3.061467e-01 -2.296101e-01 -9.238795e-01
    outer loop
      vertex   6.561919e+00 -2.686983e+00 1.004311e+00
      vertex   6.667500e+00 -1.926167e+00 8.502137e-01
      vertex   6.620409e+00 -2.436975e+00 9.615595e-01
    endloop
  endfacet
  facet normal 3.061467e-01 -2.296101e-01 -9.238795e-01
    outer loop
      vertex   6.620409e+00 -2.436975e+00 9.615595e-01
      vertex   6.667500e+00 -1.926167e+00 8.502137e-01
      vertex   6.655702e+00 -2.182654e+00 9.100486e-01
    endloop
  endfacet
  facet normal 3.061467e-01 -2.296101e-01 -9.238795e-01
    outer loop
      vertex   1.285088e+00 -8.558174e+00 7.148795e-01
      vertex   1.250963e+00 -8.705689e+00 7.402331e-01
      vertex   1.239500e+00 -8.182591e+00 6.064303e-01
    endloop
  endfacet
  facet normal 3.061467e-01 -2.296101e-01 -9.238795e-01
    outer loop
      vertex   1.239500e+00 -8.182591e+00 6.064303e-01
      vertex   1.250963e+00 -8.705689e+00 7.402331e-01
      vertex   1.239500e+00 -8.856665e+00 7.739566e-01
    endloop
  endfacet
  facet normal 9.971302e-01 -7.570535e-02 0.000000e+00
    outer loop
      vertex   1.239500e+00 -8.856665e+00 1.587500e+00
      vertex   1.239500e+00 -8.856665e+00 7.739566e-01
      vertex   1.250963e+00 -8.705689e+00 1.587500e+00
    endloop
  endfacet
  facet normal 9.971302e-01 -7.570535e-02 0.000000e+00
    outer loop
      vertex   1.250963e+00 -8.705689e+00 1.587500e+00
      vertex   1.239500e+00 -8.856665e+00 7.739566e-01
      vertex   1.250963e+00 -8.705689e+00 7.402331e-01
    endloop
  endfacet
  facet normal 9.742708e-01 -2.253805e-01 0.000000e+00
    outer loop
      vertex   1.250963e+00 -8.705689e+00 1.587500e+00
      vertex   1.250963e+00 -8.705689e+00 7.402331e-01
      vertex   1.285088e+00 -8.558174e+00 1.587500e+00
    endloop
  endfacet
  facet normal 9.742708e-01 -2.253805e-01 -4.958205e-16
    outer loop
      vertex   1.285088e+00 -8.558174e+00 1.587500e+00
      vertex   1.250963e+00 -8.705689e+00 7.402331e-01
      vertex   1.285088e+00 -8.558174e+00 7.148795e-01
    endloop
  endfacet
  facet normal 9.290761e-01 -3.698887e-01 -4.728203e-16
    outer loop
      vertex   1.285088e+00 -8.558174e+00 1.587500e+00
      vertex   1.285088e+00 -8.558174e+00 7.148795e-01
      vertex   1.341093e+00 -8.417502e+00 1.587500e+00
    endloop
  endfacet
  facet normal 9.290761e-01 -3.698887e-01 -2.320484e-16
    outer loop
      vertex   1.341093e+00 -8.417502e+00 1.587500e+00
      vertex   1.285088e+00 -8.558174e+00 7.148795e-01
      vertex   1.341093e+00 -8.417502e+00 6.984770e-01
    endloop
  endfacet
  facet normal 8.625820e-01 -5.059172e-01 -2.154406e-16
    outer loop
      vertex   1.341093e+00 -8.417502e+00 1.587500e+00
      vertex   1.341093e+00 -8.417502e+00 6.984770e-01
      vertex   1.417694e+00 -8.286898e+00 1.587500e+00
    endloop
  endfacet
  facet normal 8.625820e-01 -5.059172e-01 1.002892e-15
    outer loop
      vertex   1.417694e+00 -8.286898e+00 1.587500e+00
      vertex   1.341093e+00 -8.417502e+00 6.984770e-01
      vertex   1.417694e+00 -8.286898e+00 6.914016e-01
    endloop
  endfacet
  facet normal 7.763131e-01 -6.303474e-01 1.249553e-15
    outer loop
      vertex   1.417694e+00 -8.286898e+00 1.587500e+00
      vertex   1.417694e+00 -8.286898e+00 6.914016e-01
      vertex   1.513135e+00 -8.169356e+00 6.938156e-01
    endloop
  endfacet
  facet normal 7.763131e-01 -6.303474e-01 3.846013e-16
    outer loop
      vertex   1.417694e+00 -8.286898e+00 1.587500e+00
      vertex   1.513135e+00 -8.169356e+00 6.938156e-01
      vertex   1.513135e+00 -8.169356e+00 1.587500e+00
    endloop
  endfacet
  facet normal 6.722471e-01 -7.403268e-01 3.340527e-16
    outer loop
      vertex   1.513135e+00 -8.169356e+00 1.587500e+00
      vertex   1.513135e+00 -8.169356e+00 6.938156e-01
      vertex   1.625229e+00 -8.067570e+00 7.056635e-01
    endloop
  endfacet
  facet normal 6.722471e-01 -7.403268e-01 0.000000e+00
    outer loop
      vertex   1.513135e+00 -8.169356e+00 1.587500e+00
      vertex   1.625229e+00 -8.067570e+00 7.056635e-01
      vertex   1.625229e+00 -8.067570e+00 1.587500e+00
    endloop
  endfacet
  facet normal 5.527697e-01 -8.333341e-01 0.000000e+00
    outer loop
      vertex   1.625229e+00 -8.067570e+00 1.587500e+00
      vertex   1.625229e+00 -8.067570e+00 7.056635e-01
      vertex   1.751404e+00 -7.983875e+00 7.266739e-01
    endloop
  endfacet
  facet normal 5.527697e-01 -8.333341e-01 0.000000e+00
    outer loop
      vertex   1.625229e+00 -8.067570e+00 1.587500e+00
      vertex   1.751404e+00 -7.983875e+00 7.266739e-01
      vertex   1.751404e+00 -7.983875e+00 1.587500e+00
    endloop
  endfacet
  facet normal 4.206199e-01 -9.072370e-01 0.000000e+00
    outer loop
      vertex   1.751404e+00 -7.983875e+00 1.587500e+00
      vertex   1.751404e+00 -7.983875e+00 7.266739e-01
      vertex   1.888770e+00 -7.920189e+00 7.563649e-01
    endloop
  endfacet
  facet normal 4.206199e-01 -9.072370e-01 0.000000e+00
    outer loop
      vertex   1.751404e+00 -7.983875e+00 1.587500e+00
      vertex   1.888770e+00 -7.920189e+00 7.563649e-01
      vertex   1.888770e+00 -7.920189e+00 1.587500e+00
    endloop
  endfacet
  facet normal 2.788273e-01 -9.603412e-01 0.000000e+00
    outer loop
      vertex   1.888770e+00 -7.920189e+00 1.587500e+00
      vertex   1.888770e+00 -7.920189e+00 7.563649e-01
      vertex   2.034176e+00 -7.877971e+00 7.940560e-01
    endloop
  endfacet
  facet normal 2.788273e-01 -9.603412e-01 3.104530e-16
    outer loop
      vertex   1.888770e+00 -7.920189e+00 1.587500e+00
      vertex   2.034176e+00 -7.877971e+00 7.940560e-01
      vertex   2.034176e+00 -7.877971e+00 1.587500e+00
    endloop
  endfacet
  facet normal 0.000000e+00 -1.000000e+00 -0.000000e+00
    outer loop
      vertex   -1.322265e+00 -7.937500e+00 -5.729443e-01
      vertex   -1.460500e+00 -7.937500e+00 -6.187511e-01
      vertex   -1.322265e+00 -7.937500e+00 -1.585901e+00
    endloop
  endfacet
  facet normal -0.000000e+00 -1.000000e+00 0.000000e+00
    outer loop
      vertex   -1.322265e+00 -7.937500e+00 -1.585901e+00
      vertex   -1.460500e+00 -7.937500e+00 -6.187511e-01
      vertex   -1.460500e+00 -7.937500e+00 -1.587500e+00
    endloop
  endfacet
  facet normal 0.000000e+00 -1.000000e+00 -0.000000e+00
    outer loop
      vertex   -1.322265e+00 -7.937500e+00 -1.585901e+00
      vertex   -1.460500e+00 -7.937500e+00 -1.587500e+00
      vertex   1.270000e+00 -7.937500e+00 -1.585901e+00
    endloop
  endfacet
  facet normal 0.000000e+00 -1.000000e+00 -0.000000e+00
    outer loop
      vertex   1.270000e+00 -7.937500e+00 -1.585901e+00
      vertex   -1.460500e+00 -7.937500e+00 -1.587500e+00
      vertex   1.460500e+00 -7.937500e+00 -1.587500e+00
    endloop
  endfacet
  facet normal 0.000000e+00 -1.000000e+00 0.000000e+00
    outer loop
      vertex   1.270000e+00 -7.937500e+00 -1.585901e+00
      vertex   1.460500e+00 -7.937500e+00 -1.587500e+00
      vertex   1.460500e+00 -7.937500e+00 -6.187511e-01
    endloop
  endfacet
  facet normal -0.000000e+00 -1.000000e+00 0.000000e+00
    outer loop
      vertex   1.460500e+00 -7.937500e+00 -6.187511e-01
      vertex   1.270000e+00 -7.937500e+00 -5.556250e-01
      vertex   1.270000e+00 -7.937500e+00 -1.585901e+00
    endloop
  endfacet
  facet normal -9.289931e-01 -3.700970e-01 -2.036395e-16
    outer loop
      vertex   -1.322265e+00 -7.937500e+00 -1.585901e+00
      vertex   -1.320030e+00 -7.943112e+00 -1.471767e+00
      vertex   -1.322265e+00 -7.937500e+00 -5.729443e-01
    endloop
  endfacet
  facet normal -9.397951e-01 -3.417384e-01 -2.039490e-04
    outer loop
      vertex   -1.322265e+00 -7.937500e+00 -5.729443e-01
      vertex   -1.320030e+00 -7.943112e+00 -1.471767e+00
      vertex   -1.313942e+00 -7.959922e+00 -1.356769e+00
    endloop
  endfacet
  facet normal -9.503969e-01 -3.110374e-01 -1.194749e-03
    outer loop
      vertex   -1.322265e+00 -7.937500e+00 -5.729443e-01
      vertex   -1.313942e+00 -7.959922e+00 -1.356769e+00
      vertex   -1.304934e+00 -7.987886e+00 -1.242695e+00
    endloop
  endfacet
  facet normal -9.625689e-01 -2.710371e-01 -3.634359e-05
    outer loop
      vertex   -1.293935e+00 -8.026962e+00 -1.131332e+00
      vertex   -1.293445e+00 -8.028932e+00 5.861175e-01
      vertex   -1.304934e+00 -7.987886e+00 -1.242695e+00
    endloop
  endfacet
  facet normal -9.486354e-01 -3.163694e-01 -1.141341e-03
    outer loop
      vertex   -1.304934e+00 -7.987886e+00 -1.242695e+00
      vertex   -1.293445e+00 -8.028932e+00 5.861175e-01
      vertex   -1.334115e+00 -7.906921e+00 5.692713e-01
    endloop
  endfacet
  facet normal -9.524429e-01 -3.047121e-01 -1.723547e-03
    outer loop
      vertex   -1.304934e+00 -7.987886e+00 -1.242695e+00
      vertex   -1.334115e+00 -7.906921e+00 5.692713e-01
      vertex   -1.322265e+00 -7.937500e+00 -5.729443e-01
    endloop
  endfacet
  facet normal -9.203731e-01 -3.910403e-01 9.203138e-04
    outer loop
      vertex   -1.322265e+00 -7.937500e+00 -5.729443e-01
      vertex   -1.334115e+00 -7.906921e+00 5.692713e-01
      vertex   -1.360069e+00 -7.848501e+00 -5.633525e-01
    endloop
  endfacet
  facet normal -9.001859e-01 -4.355020e-01 -1.835547e-03
    outer loop
      vertex   -1.360069e+00 -7.848501e+00 -5.633525e-01
      vertex   -1.334115e+00 -7.906921e+00 5.692713e-01
      vertex   -1.390109e+00 -7.791138e+00 5.590507e-01
    endloop
  endfacet
  facet normal -8.783203e-01 -4.780717e-01 9.252947e-04
    outer loop
      vertex   -1.360069e+00 -7.848501e+00 -5.633525e-01
      vertex   -1.390109e+00 -7.791138e+00 5.590507e-01
      vertex   -1.406291e+00 -7.763570e+00 -5.575614e-01
    endloop
  endfacet
  facet normal -8.369066e-01 -5.473439e-01 -1.385150e-03
    outer loop
      vertex   -1.406291e+00 -7.763570e+00 -5.575614e-01
      vertex   -1.390109e+00 -7.791138e+00 5.590507e-01
      vertex   -1.460500e+00 -7.683500e+00 5.556250e-01
    endloop
  endfacet
  facet normal -8.280728e-01 -5.606205e-01 0.000000e+00
    outer loop
      vertex   -1.406291e+00 -7.763570e+00 -5.575614e-01
      vertex   -1.460500e+00 -7.683500e+00 5.556250e-01
      vertex   -1.460500e+00 -7.683500e+00 -5.556250e-01
    endloop
  endfacet
  facet normal -9.730936e-01 -2.304101e-01 1.327938e-05
    outer loop
      vertex   -1.293935e+00 -8.026962e+00 -1.131332e+00
      vertex   -1.282074e+00 -8.077050e+00 -1.024420e+00
      vertex   -1.293445e+00 -8.028932e+00 5.861175e-01
    endloop
  endfacet
  facet normal -9.813817e-01 -1.920641e-01 -1.190898e-03
    outer loop
      vertex   -1.293445e+00 -8.028932e+00 5.861175e-01
      vertex   -1.282074e+00 -8.077050e+00 -1.024420e+00
      vertex   -1.268770e+00 -8.155155e+00 6.093109e-01
    endloop
  endfacet
  facet normal -9.844475e-01 -1.756785e-01 -3.825818e-04
    outer loop
      vertex   -1.268770e+00 -8.155155e+00 6.093109e-01
      vertex   -1.282074e+00 -8.077050e+00 -1.024420e+00
      vertex   -1.271351e+00 -8.137354e+00 -9.232889e-01
    endloop
  endfacet
  facet normal -9.938268e-01 -1.109422e-01 3.850979e-04
    outer loop
      vertex   -1.268770e+00 -8.155155e+00 6.093109e-01
      vertex   -1.271351e+00 -8.137354e+00 -9.232889e-01
      vertex   -1.263583e+00 -8.206615e+00 -8.290828e-01
    endloop
  endfacet
  facet normal -9.991969e-01 -4.006943e-02 -1.606158e-16
    outer loop
      vertex   -1.260500e+00 -8.283500e+00 -7.428798e-01
      vertex   -1.260500e+00 -8.283500e+00 6.384677e-01
      vertex   -1.263583e+00 -8.206615e+00 -8.290828e-01
    endloop
  endfacet
  facet normal -9.979106e-01 -6.459697e-02 -1.287695e-03
    outer loop
      vertex   -1.263583e+00 -8.206615e+00 -8.290828e-01
      vertex   -1.260500e+00 -8.283500e+00 6.384677e-01
      vertex   -1.268770e+00 -8.155155e+00 6.093109e-01
    endloop
  endfacet
  facet normal -8.000000e-01 -6.000000e-01 0.000000e+00
    outer loop
      vertex   -1.460500e+00 -7.683500e+00 -5.556250e-01
      vertex   -1.460500e+00 -7.683500e+00 5.556250e-01
      vertex   -6.667500e+00 -7.408333e-01 -5.556250e-01
    endloop
  endfacet
  facet normal -8.000000e-01 -6.000000e-01 0.000000e+00
    outer loop
      vertex   -6.667500e+00 -7.408333e-01 -5.556250e-01
      vertex   -1.460500e+00 -7.683500e+00 5.556250e-01
      vertex   -6.667500e+00 -7.408333e-01 5.556250e-01
    endloop
  endfacet
  facet normal -3.061467e-01 -2.296101e-01 -9.238795e-01
    outer loop
      vertex   -1.390109e+00 -7.791138e+00 5.590507e-01
      vertex   -1.531978e+00 -8.167175e+00 6.995176e-01
      vertex   -1.460500e+00 -7.683500e+00 5.556250e-01
    endloop
  endfacet
  facet normal -3.061467e-01 -2.296101e-01 -9.238795e-01
    outer loop
      vertex   -1.460500e+00 -7.683500e+00 5.556250e-01
      vertex   -1.531978e+00 -8.167175e+00 6.995176e-01
      vertex   -1.643256e+00 -8.065425e+00 7.111043e-01
    endloop
  endfacet
  facet normal -3.061467e-01 -2.296101e-01 -9.238795e-01
    outer loop
      vertex   -1.460500e+00 -7.683500e+00 5.556250e-01
      vertex   -1.643256e+00 -8.065425e+00 7.111043e-01
      vertex   -1.768568e+00 -7.981564e+00 7.317869e-01
    endloop
  endfacet
  facet normal -3.061467e-01 -2.296101e-01 -9.238795e-01
    outer loop
      vertex   -1.390109e+00 -7.791138e+00 5.590507e-01
      vertex   -1.334115e+00 -7.906921e+00 5.692713e-01
      vertex   -1.531978e+00 -8.167175e+00 6.995176e-01
    endloop
  endfacet
  facet normal -3.061467e-01 -2.296101e-01 -9.238795e-01
    outer loop
      vertex   -1.531978e+00 -8.167175e+00 6.995176e-01
      vertex   -1.334115e+00 -7.906921e+00 5.692713e-01
      vertex   -1.293445e+00 -8.028932e+00 5.861175e-01
    endloop
  endfacet
  facet normal -3.061467e-01 -2.296101e-01 -9.238795e-01
    outer loop
      vertex   -1.531978e+00 -8.167175e+00 6.995176e-01
      vertex   -1.293445e+00 -8.028932e+00 5.861175e-01
      vertex   -1.437264e+00 -8.284499e+00 6.972902e-01
    endloop
  endfacet
  facet normal -3.061467e-01 -2.296101e-01 -9.238795e-01
    outer loop
      vertex   -1.437264e+00 -8.284499e+00 6.972902e-01
      vertex   -1.293445e+00 -8.028932e+00 5.861175e-01
      vertex   -1.268770e+00 -8.155155e+00 6.093109e-01
    endloop
  endfacet
  facet normal -3.061467e-01 -2.296101e-01 -9.238795e-01
    outer loop
      vertex   -1.437264e+00 -8.284499e+00 6.972902e-01
      vertex   -1.268770e+00 -8.155155e+00 6.093109e-01
      vertex   -1.260500e+00 -8.283500e+00 6.384677e-01
    endloop
  endfacet
  facet normal -3.061467e-01 -2.296101e-01 -9.238795e-01
    outer loop
      vertex   -1.260500e+00 -8.852197e+00 7.798050e-01
      vertex   -1.271868e+00 -8.701843e+00 7.462046e-01
      vertex   -1.260500e+00 -8.283500e+00 6.384677e-01
    endloop
  endfacet
  facet normal -3.061467e-01 -2.296101e-01 -9.238795e-01
    outer loop
      vertex   -1.260500e+00 -8.283500e+00 6.384677e-01
      vertex   -1.271868e+00 -8.701843e+00 7.462046e-01
      vertex   -1.305713e+00 -8.554907e+00 7.209022e-01
    endloop
  endfacet
  facet normal -3.061467e-01 -2.296101e-01 -9.238795e-01
    outer loop
      vertex   -1.260500e+00 -8.283500e+00 6.384677e-01
      vertex   -1.305713e+00 -8.554907e+00 7.209022e-01
      vertex   -1.361266e+00 -8.414730e+00 7.044728e-01
    endloop
  endfacet
  facet normal -3.061467e-01 -2.296101e-01 -9.238795e-01
    outer loop
      vertex   -1.361266e+00 -8.414730e+00 7.044728e-01
      vertex   -1.437264e+00 -8.284499e+00 6.972902e-01
      vertex   -1.260500e+00 -8.283500e+00 6.384677e-01
    endloop
  endfacet
  facet normal -3.061467e-01 -2.296101e-01 -9.238795e-01
    outer loop
      vertex   -1.768568e+00 -7.981564e+00 7.317869e-01
      vertex   -1.905064e+00 -7.917497e+00 7.610952e-01
      vertex   -1.460500e+00 -7.683500e+00 5.556250e-01
    endloop
  endfacet
  facet normal -3.061467e-01 -2.296101e-01 -9.238795e-01
    outer loop
      vertex   -1.460500e+00 -7.683500e+00 5.556250e-01
      vertex   -1.905064e+00 -7.917497e+00 7.610952e-01
      vertex   -2.049641e+00 -7.874681e+00 7.983629e-01
    endloop
  endfacet
  facet normal -3.061467e-01 -2.296101e-01 -9.238795e-01
    outer loop
      vertex   -1.460500e+00 -7.683500e+00 5.556250e-01
      vertex   -2.049641e+00 -7.874681e+00 7.983629e-01
      vertex   -2.291011e+00 -7.811212e+00 8.625721e-01
    endloop
  endfacet
  facet normal -3.061467e-01 -2.296101e-01 -9.238795e-01
    outer loop
      vertex   -2.291011e+00 -7.811212e+00 8.625721e-01
      vertex   -2.525754e+00 -7.726457e+00 9.192954e-01
      vertex   -1.460500e+00 -7.683500e+00 5.556250e-01
    endloop
  endfacet
  facet normal -3.061467e-01 -2.296101e-01 -9.238795e-01
    outer loop
      vertex   -1.460500e+00 -7.683500e+00 5.556250e-01
      vertex   -2.525754e+00 -7.726457e+00 9.192954e-01
      vertex   -2.751998e+00 -7.621093e+00 9.680800e-01
    endloop
  endfacet
  facet normal -3.061467e-01 -2.296101e-01 -9.238795e-01
    outer loop
      vertex   -1.460500e+00 -7.683500e+00 5.556250e-01
      vertex   -2.751998e+00 -7.621093e+00 9.680800e-01
      vertex   -2.967937e+00 -7.495960e+00 1.008537e+00
    endloop
  endfacet
  facet normal -3.061467e-01 -2.296101e-01 -9.238795e-01
    outer loop
      vertex   -2.967937e+00 -7.495960e+00 1.008537e+00
      vertex   -3.171848e+00 -7.352057e+00 1.040343e+00
      vertex   -1.460500e+00 -7.683500e+00 5.556250e-01
    endloop
  endfacet
  facet normal -3.061467e-01 -2.296101e-01 -9.238795e-01
    outer loop
      vertex   -1.460500e+00 -7.683500e+00 5.556250e-01
      vertex   -3.171848e+00 -7.352057e+00 1.040343e+00
      vertex   -3.362104e+00 -7.190532e+00 1.063245e+00
    endloop
  endfacet
  facet normal -3.061467e-01 -2.296101e-01 -9.238795e-01
    outer loop
      vertex   -1.460500e+00 -7.683500e+00 5.556250e-01
      vertex   -3.362104e+00 -7.190532e+00 1.063245e+00
      vertex   -3.537187e+00 -7.012673e+00 1.077059e+00
    endloop
  endfacet
  facet normal -3.061467e-01 -2.296101e-01 -9.238795e-01
    outer loop
      vertex   -3.537187e+00 -7.012673e+00 1.077059e+00
      vertex   -3.695700e+00 -6.819900e+00 1.081676e+00
      vertex   -1.460500e+00 -7.683500e+00 5.556250e-01
    endloop
  endfacet
  facet normal -3.061467e-01 -2.296101e-01 -9.238795e-01
    outer loop
      vertex   -1.460500e+00 -7.683500e+00 5.556250e-01
      vertex   -3.695700e+00 -6.819900e+00 1.081676e+00
      vertex   -6.667500e+00 -7.408333e-01 5.556250e-01
    endloop
  endfacet
  facet normal -3.061467e-01 -2.296101e-01 -9.238795e-01
    outer loop
      vertex   -6.667500e+00 -7.408333e-01 5.556250e-01
      vertex   -3.695700e+00 -6.819900e+00 1.081676e+00
      vertex   -6.108700e+00 -3.602567e+00 1.081676e+00
    endloop
  endfacet
  facet normal -3.061467e-01 -2.296101e-01 -9.238795e-01
    outer loop
      vertex   -6.667500e+00 -7.408333e-01 5.556250e-01
      vertex   -6.108700e+00 -3.602567e+00 1.081676e+00
      vertex   -6.667500e+00 -1.926167e+00 8.502137e-01
    endloop
  endfacet
  facet normal -3.061467e-01 -2.296101e-01 -9.238795e-01
    outer loop
      vertex   -6.667500e+00 -1.926167e+00 8.502137e-01
      vertex   -6.108700e+00 -3.602567e+00 1.081676e+00
      vertex   -6.253154e+00 -3.390298e+00 1.076790e+00
    endloop
  endfacet
  facet normal -3.061467e-01 -2.296101e-01 -9.238795e-01
    outer loop
      vertex   -6.667500e+00 -1.926167e+00 8.502137e-01
      vertex   -6.253154e+00 -3.390298e+00 1.076790e+00
      vertex   -6.377513e+00 -3.165665e+00 1.062171e+00
    endloop
  endfacet
  facet normal -3.061467e-01 -2.296101e-01 -9.238795e-01
    outer loop
      vertex   -6.377513e+00 -3.165665e+00 1.062171e+00
      vertex   -6.480725e+00 -2.930565e+00 1.037943e+00
      vertex   -6.667500e+00 -1.926167e+00 8.502137e-01
    endloop
  endfacet
  facet normal -3.061467e-01 -2.296101e-01 -9.238795e-01
    outer loop
      vertex   -6.667500e+00 -1.926167e+00 8.502137e-01
      vertex   -6.480725e+00 -2.930565e+00 1.037943e+00
      vertex   -6.561919e+00 -2.686983e+00 1.004311e+00
    endloop
  endfacet
  facet normal -3.061467e-01 -2.296101e-01 -9.238795e-01
    outer loop
      vertex   -6.667500e+00 -1.926167e+00 8.502137e-01
      vertex   -6.561919e+00 -2.686983e+00 1.004311e+00
      vertex   -6.620409e+00 -2.436975e+00 9.615595e-01
    endloop
  endfacet
  facet normal -3.061467e-01 -2.296101e-01 -9.238795e-01
    outer loop
      vertex   -6.620409e+00 -2.436975e+00 9.615595e-01
      vertex   -6.655702e+00 -2.182654e+00 9.100486e-01
      vertex   -6.667500e+00 -1.926167e+00 8.502137e-01
    endloop
  endfacet
  facet normal -9.971540e-01 -7.539186e-02 -0.000000e+00
    outer loop
      vertex   -1.260500e+00 -8.852197e+00 1.587500e+00
      vertex   -1.271868e+00 -8.701843e+00 1.587500e+00
      vertex   -1.260500e+00 -8.852197e+00 7.798050e-01
    endloop
  endfacet
  facet normal -9.971540e-01 -7.539186e-02 -5.264874e-16
    outer loop
      vertex   -1.260500e+00 -8.852197e+00 7.798050e-01
      vertex   -1.271868e+00 -8.701843e+00 1.587500e+00
      vertex   -1.271868e+00 -8.701843e+00 7.462046e-01
    endloop
  endfacet
  facet normal -9.744830e-01 -2.244615e-01 -5.143941e-16
    outer loop
      vertex   -1.271868e+00 -8.701843e+00 7.462046e-01
      vertex   -1.271868e+00 -8.701843e+00 1.587500e+00
      vertex   -1.305713e+00 -8.554907e+00 1.587500e+00
    endloop
  endfacet
  facet normal -9.744830e-01 -2.244615e-01 0.000000e+00
    outer loop
      vertex   -1.271868e+00 -8.701843e+00 7.462046e-01
      vertex   -1.305713e+00 -8.554907e+00 1.587500e+00
      vertex   -1.305713e+00 -8.554907e+00 7.209022e-01
    endloop
  endfacet
  facet normal -9.296563e-01 -3.684278e-01 0.000000e+00
    outer loop
      vertex   -1.305713e+00 -8.554907e+00 7.209022e-01
      vertex   -1.305713e+00 -8.554907e+00 1.587500e+00
      vertex   -1.361266e+00 -8.414730e+00 1.587500e+00
    endloop
  endfacet
  facet normal -9.296563e-01 -3.684278e-01 0.000000e+00
    outer loop
      vertex   -1.305713e+00 -8.554907e+00 7.209022e-01
      vertex   -1.361266e+00 -8.414730e+00 1.587500e+00
      vertex   -1.361266e+00 -8.414730e+00 7.044728e-01
    endloop
  endfacet
  facet normal -8.636933e-01 -5.040177e-01 0.000000e+00
    outer loop
      vertex   -1.361266e+00 -8.414730e+00 7.044728e-01
      vertex   -1.361266e+00 -8.414730e+00 1.587500e+00
      vertex   -1.437264e+00 -8.284499e+00 1.587500e+00
    endloop
  endfacet
  facet normal -8.636933e-01 -5.040177e-01 2.067776e-16
    outer loop
      vertex   -1.361266e+00 -8.414730e+00 7.044728e-01
      vertex   -1.437264e+00 -8.284499e+00 1.587500e+00
      vertex   -1.437264e+00 -8.284499e+00 6.972902e-01
    endloop
  endfacet
  facet normal -7.780936e-01 -6.281484e-01 1.940795e-16
    outer loop
      vertex   -1.437264e+00 -8.284499e+00 6.972902e-01
      vertex   -1.437264e+00 -8.284499e+00 1.587500e+00
      vertex   -1.531978e+00 -8.167175e+00 6.995176e-01
    endloop
  endfacet
  facet normal -7.780936e-01 -6.281484e-01 1.945663e-16
    outer loop
      vertex   -1.531978e+00 -8.167175e+00 6.995176e-01
      vertex   -1.437264e+00 -8.284499e+00 1.587500e+00
      vertex   -1.531978e+00 -8.167175e+00 1.587500e+00
    endloop
  endfacet
  facet normal -6.748033e-01 -7.379976e-01 1.687381e-16
    outer loop
      vertex   -1.531978e+00 -8.167175e+00 6.995176e-01
      vertex   -1.531978e+00 -8.167175e+00 1.587500e+00
      vertex   -1.643256e+00 -8.065425e+00 7.111043e-01
    endloop
  endfacet
  facet normal -6.748033e-01 -7.379976e-01 0.000000e+00
    outer loop
      vertex   -1.643256e+00 -8.065425e+00 7.111043e-01
      vertex   -1.531978e+00 -8.167175e+00 1.587500e+00
      vertex   -1.643256e+00 -8.065425e+00 1.587500e+00
    endloop
  endfacet
  facet normal -5.561709e-01 -8.310679e-01 0.000000e+00
    outer loop
      vertex   -1.643256e+00 -8.065425e+00 7.111043e-01
      vertex   -1.643256e+00 -8.065425e+00 1.587500e+00
      vertex   -1.768568e+00 -7.981564e+00 7.317869e-01
    endloop
  endfacet
  facet normal -5.561709e-01 -8.310679e-01 -5.739624e-16
    outer loop
      vertex   -1.768568e+00 -7.981564e+00 7.317869e-01
      vertex   -1.643256e+00 -8.065425e+00 1.587500e+00
      vertex   -1.768568e+00 -7.981564e+00 1.587500e+00
    endloop
  endfacet
  facet normal -4.248936e-01 -9.052433e-01 -7.190809e-16
    outer loop
      vertex   -1.768568e+00 -7.981564e+00 7.317869e-01
      vertex   -1.768568e+00 -7.981564e+00 1.587500e+00
      vertex   -1.905064e+00 -7.917497e+00 7.610952e-01
    endloop
  endfacet
  facet normal -4.248936e-01 -9.052433e-01 2.283272e-16
    outer loop
      vertex   -1.905064e+00 -7.917497e+00 7.610952e-01
      vertex   -1.768568e+00 -7.981564e+00 1.587500e+00
      vertex   -1.905064e+00 -7.917497e+00 1.587500e+00
    endloop
  endfacet
  facet normal -2.839559e-01 -9.588373e-01 1.525908e-16
    outer loop
      vertex   -1.905064e+00 -7.917497e+00 7.610952e-01
      vertex   -1.905064e+00 -7.917497e+00 1.587500e+00
      vertex   -2.049641e+00 -7.874681e+00 7.983629e-01
    endloop
  endfacet
  facet normal -2.839559e-01 -9.588373e-01 3.195941e-16
    outer loop
      vertex   -2.049641e+00 -7.874681e+00 7.983629e-01
      vertex   -1.905064e+00 -7.917497e+00 1.587500e+00
      vertex   -2.049641e+00 -7.874681e+00 1.587500e+00
    endloop
  endfacet
  facet normal -5.104501e-04 -2.754843e-01 -9.613054e-01
    outer loop
      vertex   -6.660955e+00 2.112903e+00 -1.414866e+00
      vertex   -4.698903e+00 2.047842e+00 -1.397263e+00
      vertex   -6.667500e+00 1.926167e+00 -1.361349e+00
    endloop
  endfacet
  facet normal 7.342686e-04 -2.939992e-01 -9.558054e-01
    outer loop
      vertex   -6.667500e+00 1.926167e+00 -1.361349e+00
      vertex   -4.698903e+00 2.047842e+00 -1.397263e+00
      vertex   -4.765157e+00 1.825395e+00 -1.328891e+00
    endloop
  endfacet
  facet normal -8.821427e-04 -3.216334e-01 -9.468639e-01
    outer loop
      vertex   -6.667500e+00 1.926167e+00 -1.361349e+00
      vertex   -4.765157e+00 1.825395e+00 -1.328891e+00
      vertex   -6.667500e+00 1.657347e+00 -1.270035e+00
    endloop
  endfacet
  facet normal 7.616429e-04 -3.382121e-01 -9.410696e-01
    outer loop
      vertex   -6.667500e+00 1.657347e+00 -1.270035e+00
      vertex   -4.765157e+00 1.825395e+00 -1.328891e+00
      vertex   -4.815294e+00 1.597187e+00 -1.246915e+00
    endloop
  endfacet
  facet normal -5.720606e-04 -3.740277e-01 -9.274173e-01
    outer loop
      vertex   -6.667500e+00 1.657347e+00 -1.270035e+00
      vertex   -4.815294e+00 1.597187e+00 -1.246915e+00
      vertex   -6.667500e+00 1.394049e+00 -1.163847e+00
    endloop
  endfacet
  facet normal 4.703832e-04 -3.821724e-01 -9.240909e-01
    outer loop
      vertex   -6.667500e+00 1.394049e+00 -1.163847e+00
      vertex   -4.815294e+00 1.597187e+00 -1.246915e+00
      vertex   -4.848858e+00 1.366615e+00 -1.151576e+00
    endloop
  endfacet
  facet normal -3.077947e-04 -4.252538e-01 -9.050741e-01
    outer loop
      vertex   -6.667500e+00 1.394049e+00 -1.163847e+00
      vertex   -4.848858e+00 1.366615e+00 -1.151576e+00
      vertex   -6.667500e+00 1.137094e+00 -1.043115e+00
    endloop
  endfacet
  facet normal -4.368619e-16 -4.272485e-01 -9.041342e-01
    outer loop
      vertex   -6.667500e+00 1.137094e+00 -1.043115e+00
      vertex   -4.848858e+00 1.366615e+00 -1.151576e+00
      vertex   -4.865388e+00 1.137094e+00 -1.043115e+00
    endloop
  endfacet
  facet normal 4.456648e-04 -2.486241e-01 -9.685999e-01
    outer loop
      vertex   -4.698903e+00 2.047842e+00 -1.397263e+00
      vertex   -6.660955e+00 2.112903e+00 -1.414866e+00
      vertex   -4.612984e+00 2.272126e+00 -1.454793e+00
    endloop
  endfacet
  facet normal -4.525678e-04 -2.377542e-01 -9.713253e-01
    outer loop
      vertex   -4.612984e+00 2.272126e+00 -1.454793e+00
      vertex   -6.660955e+00 2.112903e+00 -1.414866e+00
      vertex   -6.641121e+00 2.303882e+00 -1.461622e+00
    endloop
  endfacet
  facet normal 8.505051e-05 -2.050172e-01 -9.787584e-01
    outer loop
      vertex   -4.612984e+00 2.272126e+00 -1.454793e+00
      vertex   -6.641121e+00 2.303882e+00 -1.461622e+00
      vertex   -4.505067e+00 2.500180e+00 -1.502554e+00
    endloop
  endfacet
  facet normal -2.786950e-04 -2.012231e-01 -9.795454e-01
    outer loop
      vertex   -4.505067e+00 2.500180e+00 -1.502554e+00
      vertex   -6.641121e+00 2.303882e+00 -1.461622e+00
      vertex   -6.607705e+00 2.497039e+00 -1.501310e+00
    endloop
  endfacet
  facet normal -3.370675e-04 -1.648374e-01 -9.863207e-01
    outer loop
      vertex   -4.505067e+00 2.500180e+00 -1.502554e+00
      vertex   -6.607705e+00 2.497039e+00 -1.501310e+00
      vertex   -6.560410e+00 2.690308e+00 -1.533626e+00
    endloop
  endfacet
  facet normal 8.677807e-05 -1.603756e-01 -9.870561e-01
    outer loop
      vertex   -4.505067e+00 2.500180e+00 -1.502554e+00
      vertex   -6.560410e+00 2.690308e+00 -1.533626e+00
      vertex   -4.376724e+00 2.722967e+00 -1.538741e+00
    endloop
  endfacet
  facet normal -4.146871e-04 -1.275932e-01 -9.918265e-01
    outer loop
      vertex   -4.376724e+00 2.722967e+00 -1.538741e+00
      vertex   -6.560410e+00 2.690308e+00 -1.533626e+00
      vertex   -6.498942e+00 2.881625e+00 -1.558264e+00
    endloop
  endfacet
  facet normal 3.230813e-04 -1.178727e-01 -9.930287e-01
    outer loop
      vertex   -4.376724e+00 2.722967e+00 -1.538741e+00
      vertex   -6.498942e+00 2.881625e+00 -1.558264e+00
      vertex   -4.232275e+00 2.932642e+00 -1.563582e+00
    endloop
  endfacet
  facet normal -3.372645e-04 -8.884805e-02 -9.960451e-01
    outer loop
      vertex   -4.232275e+00 2.932642e+00 -1.563582e+00
      vertex   -6.498942e+00 2.881625e+00 -1.558264e+00
      vertex   -6.423085e+00 3.068965e+00 -1.575000e+00
    endloop
  endfacet
  facet normal 6.416911e-04 -7.322191e-02 -9.973155e-01
    outer loop
      vertex   -4.232275e+00 2.932642e+00 -1.563582e+00
      vertex   -6.423085e+00 3.068965e+00 -1.575000e+00
      vertex   -4.047852e+00 3.178539e+00 -1.581517e+00
    endloop
  endfacet
  facet normal -3.414079e-04 -5.199062e-02 -9.986475e-01
    outer loop
      vertex   -4.047852e+00 3.178539e+00 -1.581517e+00
      vertex   -6.423085e+00 3.068965e+00 -1.575000e+00
      vertex   -6.333574e+00 3.250666e+00 -1.584491e+00
    endloop
  endfacet
  facet normal 5.224361e-04 -2.465838e-02 -9.996958e-01
    outer loop
      vertex   -4.047852e+00 3.178539e+00 -1.581517e+00
      vertex   -6.333574e+00 3.250666e+00 -1.584491e+00
      vertex   -3.862993e+00 3.425017e+00 -1.587500e+00
    endloop
  endfacet
  facet normal -0.000000e+00 -1.725807e-02 -9.998511e-01
    outer loop
      vertex   -3.862993e+00 3.425017e+00 -1.587500e+00
      vertex   -6.333574e+00 3.250666e+00 -1.584491e+00
      vertex   -6.231441e+00 3.425017e+00 -1.587500e+00
    endloop
  endfacet
  facet normal 9.974437e-01 -7.145272e-02 8.120503e-04
    outer loop
      vertex   -4.848858e+00 1.366615e+00 -1.151576e+00
      vertex   -4.863600e+00 1.180359e+00 5.678250e-01
      vertex   -4.865388e+00 1.137094e+00 -1.043115e+00
    endloop
  endfacet
  facet normal 9.997102e-01 -2.406810e-02 -4.630923e-04
    outer loop
      vertex   -4.865388e+00 1.137094e+00 -1.043115e+00
      vertex   -4.863600e+00 1.180359e+00 5.678250e-01
      vertex   -4.867275e+00 1.027642e+00 5.715000e-01
    endloop
  endfacet
  facet normal 9.998514e-01 -1.723908e-02 5.675849e-16
    outer loop
      vertex   -4.865388e+00 1.137094e+00 -1.043115e+00
      vertex   -4.867275e+00 1.027642e+00 5.715000e-01
      vertex   -4.867275e+00 1.027642e+00 -9.928790e-01
    endloop
  endfacet
  facet normal 9.896154e-01 -1.437384e-01 7.701001e-04
    outer loop
      vertex   -4.815294e+00 1.597187e+00 -1.246915e+00
      vertex   -4.820747e+00 1.569202e+00 5.376523e-01
      vertex   -4.848858e+00 1.366615e+00 -1.151576e+00
    endloop
  endfacet
  facet normal 9.910538e-01 -1.334623e-01 -4.862296e-04
    outer loop
      vertex   -4.848858e+00 1.366615e+00 -1.151576e+00
      vertex   -4.820747e+00 1.569202e+00 5.376523e-01
      vertex   -4.852584e+00 1.332723e+00 5.568086e-01
    endloop
  endfacet
  facet normal 9.973999e-01 -7.206155e-02 7.457227e-04
    outer loop
      vertex   -4.848858e+00 1.366615e+00 -1.151576e+00
      vertex   -4.852584e+00 1.332723e+00 5.568086e-01
      vertex   -4.863600e+00 1.180359e+00 5.678250e-01
    endloop
  endfacet
  facet normal 9.782375e-01 -2.074882e-01 -2.643921e-04
    outer loop
      vertex   -4.820747e+00 1.569202e+00 5.376523e-01
      vertex   -4.815294e+00 1.597187e+00 -1.246915e+00
      vertex   -4.771241e+00 1.802622e+00 5.261150e-01
    endloop
  endfacet
  facet normal 9.767494e-01 -2.143836e-01 5.715173e-04
    outer loop
      vertex   -4.771241e+00 1.802622e+00 5.261150e-01
      vertex   -4.815294e+00 1.597187e+00 -1.246915e+00
      vertex   -4.765157e+00 1.825395e+00 -1.328891e+00
    endloop
  endfacet
  facet normal 9.598947e-01 -2.803606e-01 -2.937203e-04
    outer loop
      vertex   -4.771241e+00 1.802622e+00 5.261150e-01
      vertex   -4.765157e+00 1.825395e+00 -1.328891e+00
      vertex   -4.704344e+00 2.031665e+00 5.222621e-01
    endloop
  endfacet
  facet normal 9.584195e-01 -2.853630e-01 3.121500e-04
    outer loop
      vertex   -4.704344e+00 2.031665e+00 5.222621e-01
      vertex   -4.765157e+00 1.825395e+00 -1.328891e+00
      vertex   -4.698903e+00 2.047842e+00 -1.397263e+00
    endloop
  endfacet
  facet normal 9.361322e-01 -3.516481e-01 -3.096743e-04
    outer loop
      vertex   -4.704344e+00 2.031665e+00 5.222621e-01
      vertex   -4.698903e+00 2.047842e+00 -1.397263e+00
      vertex   -4.620436e+00 2.255037e+00 5.261150e-01
    endloop
  endfacet
  facet normal 9.338610e-01 -3.576360e-01 4.280277e-04
    outer loop
      vertex   -4.620436e+00 2.255037e+00 5.261150e-01
      vertex   -4.698903e+00 2.047842e+00 -1.397263e+00
      vertex   -4.612984e+00 2.272126e+00 -1.454793e+00
    endloop
  endfacet
  facet normal 9.070820e-01 -4.209539e-01 -2.189400e-04
    outer loop
      vertex   -4.620436e+00 2.255037e+00 5.261150e-01
      vertex   -4.612984e+00 2.272126e+00 -1.454793e+00
      vertex   -4.519989e+00 2.471477e+00 5.376523e-01
    endloop
  endfacet
  facet normal 9.039529e-01 -4.276316e-01 5.952333e-04
    outer loop
      vertex   -4.519989e+00 2.471477e+00 5.376523e-01
      vertex   -4.612984e+00 2.272126e+00 -1.454793e+00
      vertex   -4.505067e+00 2.500180e+00 -1.502554e+00
    endloop
  endfacet
  facet normal 8.729201e-01 -4.878629e-01 -4.791384e-04
    outer loop
      vertex   -4.519989e+00 2.471477e+00 5.376523e-01
      vertex   -4.505067e+00 2.500180e+00 -1.502554e+00
      vertex   -4.403571e+00 2.679762e+00 5.568086e-01
    endloop
  endfacet
  facet normal 8.665591e-01 -4.990737e-01 8.119751e-04
    outer loop
      vertex   -4.403571e+00 2.679762e+00 5.568086e-01
      vertex   -4.505067e+00 2.500180e+00 -1.502554e+00
      vertex   -4.376724e+00 2.722967e+00 -1.538741e+00
    endloop
  endfacet
  facet normal 8.412006e-01 -5.407230e-01 -3.716163e-04
    outer loop
      vertex   -4.403571e+00 2.679762e+00 5.568086e-01
      vertex   -4.376724e+00 2.722967e+00 -1.538741e+00
      vertex   -4.320966e+00 2.808263e+00 5.678250e-01
    endloop
  endfacet
  facet normal 8.235596e-01 -5.672285e-01 1.168534e-03
    outer loop
      vertex   -4.320966e+00 2.808263e+00 5.678250e-01
      vertex   -4.376724e+00 2.722967e+00 -1.538741e+00
      vertex   -4.232275e+00 2.932642e+00 -1.563582e+00
    endloop
  endfacet
  facet normal 8.142027e-01 -5.805808e-01 0.000000e+00
    outer loop
      vertex   -4.320966e+00 2.808263e+00 5.678250e-01
      vertex   -4.232275e+00 2.932642e+00 -1.563582e+00
      vertex   -4.232275e+00 2.932642e+00 5.715000e-01
    endloop
  endfacet
  facet normal 8.000000e-01 -6.000000e-01 0.000000e+00
    outer loop
      vertex   -4.232275e+00 2.932642e+00 -1.563582e+00
      vertex   -4.047852e+00 3.178539e+00 -1.581517e+00
      vertex   -4.232275e+00 2.932642e+00 5.715000e-01
    endloop
  endfacet
  facet normal 8.000000e-01 -6.000000e-01 -6.083987e-16
    outer loop
      vertex   -4.232275e+00 2.932642e+00 5.715000e-01
      vertex   -4.047852e+00 3.178539e+00 -1.581517e+00
      vertex   -3.862993e+00 3.425017e+00 -1.587500e+00
    endloop
  endfacet
  facet normal 8.000000e-01 -6.000000e-01 -5.685910e-16
    outer loop
      vertex   -4.232275e+00 2.932642e+00 5.715000e-01
      vertex   -3.862993e+00 3.425017e+00 -1.587500e+00
      vertex   -3.038475e+00 4.524375e+00 5.715000e-01
    endloop
  endfacet
  facet normal 8.000000e-01 -6.000000e-01 -4.113842e-16
    outer loop
      vertex   -3.038475e+00 4.524375e+00 5.715000e-01
      vertex   -3.862993e+00 3.425017e+00 -1.587500e+00
      vertex   -3.038475e+00 4.524375e+00 -1.587500e+00
    endloop
  endfacet
  facet normal 0.000000e+00 0.000000e+00 -1.000000e+00
    outer loop
      vertex   -6.231441e+00 3.425017e+00 -1.587500e+00
      vertex   -6.192056e+00 3.485248e+00 -1.587500e+00
      vertex   -3.862993e+00 3.425017e+00 -1.587500e+00
    endloop
  endfacet
  facet normal 0.000000e+00 0.000000e+00 -1.000000e+00
    outer loop
      vertex   -3.862993e+00 3.425017e+00 -1.587500e+00
      vertex   -6.192056e+00 3.485248e+00 -1.587500e+00
      vertex   -6.151134e+00 3.544444e+00 -1.587500e+00
    endloop
  endfacet
  facet normal 0.000000e+00 0.000000e+00 -1.000000e+00
    outer loop
      vertex   -3.862993e+00 3.425017e+00 -1.587500e+00
      vertex   -6.151134e+00 3.544444e+00 -1.587500e+00
      vertex   -6.108700e+00 3.602567e+00 -1.587500e+00
    endloop
  endfacet
  facet normal 0.000000e+00 -0.000000e+00 -1.000000e+00
    outer loop
      vertex   -3.695700e+00 6.819900e+00 -1.587500e+00
      vertex   -2.682798e+00 4.923579e+00 -1.587500e+00
      vertex   -6.108700e+00 3.602567e+00 -1.587500e+00
    endloop
  endfacet
  facet normal 0.000000e+00 0.000000e+00 -1.000000e+00
    outer loop
      vertex   -6.108700e+00 3.602567e+00 -1.587500e+00
      vertex   -2.682798e+00 4.923579e+00 -1.587500e+00
      vertex   -2.869055e+00 4.731478e+00 -1.587500e+00
    endloop
  endfacet
  facet normal 0.000000e+00 0.000000e+00 -1.000000e+00
    outer loop
      vertex   -6.108700e+00 3.602567e+00 -1.587500e+00
      vertex   -2.869055e+00 4.731478e+00 -1.587500e+00
      vertex   -3.038475e+00 4.524375e+00 -1.587500e+00
    endloop
  endfacet
  facet normal 0.000000e+00 -0.000000e+00 -1.000000e+00
    outer loop
      vertex   -3.530868e+00 7.019670e+00 -1.587500e+00
      vertex   -7.658092e-01 5.783100e+00 -1.587500e+00
      vertex   -3.695700e+00 6.819900e+00 -1.587500e+00
    endloop
  endfacet
  facet normal 0.000000e+00 0.000000e+00 -1.000000e+00
    outer loop
      vertex   -3.695700e+00 6.819900e+00 -1.587500e+00
      vertex   -7.658092e-01 5.783100e+00 -1.587500e+00
      vertex   -1.031245e+00 5.749356e+00 -1.587500e+00
    endloop
  endfacet
  facet normal 0.000000e+00 0.000000e+00 -1.000000e+00
    outer loop
      vertex   -3.695700e+00 6.819900e+00 -1.587500e+00
      vertex   -1.031245e+00 5.749356e+00 -1.587500e+00
      vertex   -1.292897e+00 5.693382e+00 -1.587500e+00
    endloop
  endfacet
  facet normal 0.000000e+00 0.000000e+00 -1.000000e+00
    outer loop
      vertex   -7.658092e-01 5.783100e+00 -1.587500e+00
      vertex   -3.530868e+00 7.019670e+00 -1.587500e+00
      vertex   -4.984750e-01 5.794375e+00 -1.587500e+00
    endloop
  endfacet
  facet normal 0.000000e+00 0.000000e+00 -1.000000e+00
    outer loop
      vertex   -4.984750e-01 5.794375e+00 -1.587500e+00
      vertex   -3.530868e+00 7.019670e+00 -1.587500e+00
      vertex   -3.348246e+00 7.203318e+00 -1.587500e+00
    endloop
  endfacet
  facet normal 0.000000e+00 0.000000e+00 -1.000000e+00
    outer loop
      vertex   -4.984750e-01 5.794375e+00 -1.587500e+00
      vertex   -3.348246e+00 7.203318e+00 -1.587500e+00
      vertex   -3.149403e+00 7.369268e+00 -1.587500e+00
    endloop
  endfacet
  facet normal 0.000000e+00 0.000000e+00 -1.000000e+00
    outer loop
      vertex   -4.984750e-01 5.794375e+00 -1.587500e+00
      vertex   -3.149403e+00 7.369268e+00 -1.587500e+00
      vertex   -1.460500e+00 7.937500e+00 -1.587500e+00
    endloop
  endfacet
  facet normal 0.000000e+00 0.000000e+00 -1.000000e+00
    outer loop
      vertex   -1.460500e+00 7.937500e+00 -1.587500e+00
      vertex   -3.149403e+00 7.369268e+00 -1.587500e+00
      vertex   -2.936048e+00 7.516092e+00 -1.587500e+00
    endloop
  endfacet
  facet normal 0.000000e+00 0.000000e+00 -1.000000e+00
    outer loop
      vertex   -1.460500e+00 7.937500e+00 -1.587500e+00
      vertex   -2.936048e+00 7.516092e+00 -1.587500e+00
      vertex   -2.710015e+00 7.642530e+00 -1.587500e+00
    endloop
  endfacet
  facet normal 0.000000e+00 0.000000e+00 -1.000000e+00
    outer loop
      vertex   -2.710015e+00 7.642530e+00 -1.587500e+00
      vertex   -2.473245e+00 7.747494e+00 -1.587500e+00
      vertex   -1.460500e+00 7.937500e+00 -1.587500e+00
    endloop
  endfacet
  facet normal 0.000000e+00 0.000000e+00 -1.000000e+00
    outer loop
      vertex   -1.460500e+00 7.937500e+00 -1.587500e+00
      vertex   -2.473245e+00 7.747494e+00 -1.587500e+00
      vertex   -2.227772e+00 7.830083e+00 -1.587500e+00
    endloop
  endfacet
  facet normal 0.000000e+00 0.000000e+00 -1.000000e+00
    outer loop
      vertex   -1.460500e+00 7.937500e+00 -1.587500e+00
      vertex   -2.227772e+00 7.830083e+00 -1.587500e+00
      vertex   -1.975707e+00 7.889588e+00 -1.587500e+00
    endloop
  endfacet
  facet normal 0.000000e+00 0.000000e+00 -1.000000e+00
    outer loop
      vertex   -1.975707e+00 7.889588e+00 -1.587500e+00
      vertex   -1.719215e+00 7.925496e+00 -1.587500e+00
      vertex   -1.460500e+00 7.937500e+00 -1.587500e+00
    endloop
  endfacet
  facet normal 0.000000e+00 0.000000e+00 -1.000000e+00
    outer loop
      vertex   -1.460500e+00 7.937500e+00 -1.587500e+00
      vertex   1.460500e+00 7.937500e+00 -1.587500e+00
      vertex   -4.984750e-01 5.794375e+00 -1.587500e+00
    endloop
  endfacet
  facet normal 0.000000e+00 0.000000e+00 -1.000000e+00
    outer loop
      vertex   -4.984750e-01 5.794375e+00 -1.587500e+00
      vertex   1.460500e+00 7.937500e+00 -1.587500e+00
      vertex   4.984750e-01 5.794375e+00 -1.587500e+00
    endloop
  endfacet
  facet normal 0.000000e+00 0.000000e+00 -1.000000e+00
    outer loop
      vertex   4.984750e-01 5.794375e+00 -1.587500e+00
      vertex   1.460500e+00 7.937500e+00 -1.587500e+00
      vertex   3.149403e+00 7.369268e+00 -1.587500e+00
    endloop
  endfacet
  facet normal 0.000000e+00 0.000000e+00 -1.000000e+00
    outer loop
      vertex   4.984750e-01 5.794375e+00 -1.587500e+00
      vertex   3.149403e+00 7.369268e+00 -1.587500e+00
      vertex   3.348246e+00 7.203318e+00 -1.587500e+00
    endloop
  endfacet
  facet normal -0.000000e+00 -0.000000e+00 -1.000000e+00
    outer loop
      vertex   1.719215e+00 7.925496e+00 -1.587500e+00
      vertex   1.975707e+00 7.889588e+00 -1.587500e+00
      vertex   1.460500e+00 7.937500e+00 -1.587500e+00
    endloop
  endfacet
  facet normal 0.000000e+00 0.000000e+00 -1.000000e+00
    outer loop
      vertex   1.460500e+00 7.937500e+00 -1.587500e+00
      vertex   1.975707e+00 7.889588e+00 -1.587500e+00
      vertex   2.227772e+00 7.830083e+00 -1.587500e+00
    endloop
  endfacet
  facet normal 0.000000e+00 0.000000e+00 -1.000000e+00
    outer loop
      vertex   1.460500e+00 7.937500e+00 -1.587500e+00
      vertex   2.227772e+00 7.830083e+00 -1.587500e+00
      vertex   2.473245e+00 7.747494e+00 -1.587500e+00
    endloop
  endfacet
  facet normal -0.000000e+00 -0.000000e+00 -1.000000e+00
    outer loop
      vertex   2.473245e+00 7.747494e+00 -1.587500e+00
      vertex   2.710015e+00 7.642530e+00 -1.587500e+00
      vertex   1.460500e+00 7.937500e+00 -1.587500e+00
    endloop
  endfacet
  facet normal 0.000000e+00 0.000000e+00 -1.000000e+00
    outer loop
      vertex   1.460500e+00 7.937500e+00 -1.587500e+00
      vertex   2.710015e+00 7.642530e+00 -1.587500e+00
      vertex   2.936048e+00 7.516092e+00 -1.587500e+00
    endloop
  endfacet
  facet normal 0.000000e+00 0.000000e+00 -1.000000e+00
    outer loop
      vertex   1.460500e+00 7.937500e+00 -1.587500e+00
      vertex   2.936048e+00 7.516092e+00 -1.587500e+00
      vertex   3.149403e+00 7.369268e+00 -1.587500e+00
    endloop
  endfacet
  facet normal 0.000000e+00 -0.000000e+00 -1.000000e+00
    outer loop
      vertex   3.348246e+00 7.203318e+00 -1.587500e+00
      vertex   3.530868e+00 7.019670e+00 -1.587500e+00
      vertex   4.984750e-01 5.794375e+00 -1.587500e+00
    endloop
  endfacet
  facet normal 0.000000e+00 0.000000e+00 -1.000000e+00
    outer loop
      vertex   4.984750e-01 5.794375e+00 -1.587500e+00
      vertex   3.530868e+00 7.019670e+00 -1.587500e+00
      vertex   7.658092e-01 5.783100e+00 -1.587500e+00
    endloop
  endfacet
  facet normal 0.000000e+00 0.000000e+00 -1.000000e+00
    outer loop
      vertex   7.658092e-01 5.783100e+00 -1.587500e+00
      vertex   3.530868e+00 7.019670e+00 -1.587500e+00
      vertex   3.695700e+00 6.819900e+00 -1.587500e+00
    endloop
  endfacet
  facet normal 0.000000e+00 0.000000e+00 -1.000000e+00
    outer loop
      vertex   7.658092e-01 5.783100e+00 -1.587500e+00
      vertex   3.695700e+00 6.819900e+00 -1.587500e+00
      vertex   1.031245e+00 5.749356e+00 -1.587500e+00
    endloop
  endfacet
  facet normal 0.000000e+00 0.000000e+00 -1.000000e+00
    outer loop
      vertex   1.031245e+00 5.749356e+00 -1.587500e+00
      vertex   3.695700e+00 6.819900e+00 -1.587500e+00
      vertex   1.292897e+00 5.693382e+00 -1.587500e+00
    endloop
  endfacet
  facet normal 0.000000e+00 0.000000e+00 -1.000000e+00
    outer loop
      vertex   1.292897e+00 5.693382e+00 -1.587500e+00
      vertex   3.695700e+00 6.819900e+00 -1.587500e+00
      vertex   1.548906e+00 5.615576e+00 -1.587500e+00
    endloop
  endfacet
  facet normal 0.000000e+00 0.000000e+00 -1.000000e+00
    outer loop
      vertex   1.548906e+00 5.615576e+00 -1.587500e+00
      vertex   3.695700e+00 6.819900e+00 -1.587500e+00
      vertex   1.797455e+00 5.516490e+00 -1.587500e+00
    endloop
  endfacet
  facet normal 0.000000e+00 0.000000e+00 -1.000000e+00
    outer loop
      vertex   1.797455e+00 5.516490e+00 -1.587500e+00
      vertex   3.695700e+00 6.819900e+00 -1.587500e+00
      vertex   2.036779e+00 5.396828e+00 -1.587500e+00
    endloop
  endfacet
  facet normal 0.000000e+00 0.000000e+00 -1.000000e+00
    outer loop
      vertex   2.036779e+00 5.396828e+00 -1.587500e+00
      vertex   3.695700e+00 6.819900e+00 -1.587500e+00
      vertex   2.265177e+00 5.257440e+00 -1.587500e+00
    endloop
  endfacet
  facet normal 0.000000e+00 0.000000e+00 -1.000000e+00
    outer loop
      vertex   2.265177e+00 5.257440e+00 -1.587500e+00
      vertex   3.695700e+00 6.819900e+00 -1.587500e+00
      vertex   2.481028e+00 5.099316e+00 -1.587500e+00
    endloop
  endfacet
  facet normal 0.000000e+00 0.000000e+00 -1.000000e+00
    outer loop
      vertex   2.481028e+00 5.099316e+00 -1.587500e+00
      vertex   3.695700e+00 6.819900e+00 -1.587500e+00
      vertex   2.682798e+00 4.923579e+00 -1.587500e+00
    endloop
  endfacet
  facet normal 0.000000e+00 0.000000e+00 -1.000000e+00
    outer loop
      vertex   2.682798e+00 4.923579e+00 -1.587500e+00
      vertex   3.695700e+00 6.819900e+00 -1.587500e+00
      vertex   6.108700e+00 3.602567e+00 -1.587500e+00
    endloop
  endfacet
  facet normal 0.000000e+00 0.000000e+00 -1.000000e+00
    outer loop
      vertex   2.682798e+00 4.923579e+00 -1.587500e+00
      vertex   6.108700e+00 3.602567e+00 -1.587500e+00
      vertex   2.869055e+00 4.731478e+00 -1.587500e+00
    endloop
  endfacet
  facet normal 0.000000e+00 0.000000e+00 -1.000000e+00
    outer loop
      vertex   2.869055e+00 4.731478e+00 -1.587500e+00
      vertex   6.108700e+00 3.602567e+00 -1.587500e+00
      vertex   3.038475e+00 4.524375e+00 -1.587500e+00
    endloop
  endfacet
  facet normal 0.000000e+00 0.000000e+00 -1.000000e+00
    outer loop
      vertex   3.038475e+00 4.524375e+00 -1.587500e+00
      vertex   6.108700e+00 3.602567e+00 -1.587500e+00
      vertex   3.862993e+00 3.425017e+00 -1.587500e+00
    endloop
  endfacet
  facet normal 0.000000e+00 0.000000e+00 -1.000000e+00
    outer loop
      vertex   3.862993e+00 3.425017e+00 -1.587500e+00
      vertex   6.108700e+00 3.602567e+00 -1.587500e+00
      vertex   6.151134e+00 3.544444e+00 -1.587500e+00
    endloop
  endfacet
  facet normal 0.000000e+00 0.000000e+00 -1.000000e+00
    outer loop
      vertex   3.862993e+00 3.425017e+00 -1.587500e+00
      vertex   6.151134e+00 3.544444e+00 -1.587500e+00
      vertex   6.192056e+00 3.485248e+00 -1.587500e+00
    endloop
  endfacet
  facet normal 0.000000e+00 -0.000000e+00 -1.000000e+00
    outer loop
      vertex   6.192056e+00 3.485248e+00 -1.587500e+00
      vertex   6.231441e+00 3.425017e+00 -1.587500e+00
      vertex   3.862993e+00 3.425017e+00 -1.587500e+00
    endloop
  endfacet
  facet normal -0.000000e+00 0.000000e+00 -1.000000e+00
    outer loop
      vertex   -1.292897e+00 5.693382e+00 -1.587500e+00
      vertex   -1.548906e+00 5.615576e+00 -1.587500e+00
      vertex   -3.695700e+00 6.819900e+00 -1.587500e+00
    endloop
  endfacet
  facet normal 0.000000e+00 0.000000e+00 -1.000000e+00
    outer loop
      vertex   -3.695700e+00 6.819900e+00 -1.587500e+00
      vertex   -1.548906e+00 5.615576e+00 -1.587500e+00
      vertex   -1.797455e+00 5.516490e+00 -1.587500e+00
    endloop
  endfacet
  facet normal 0.000000e+00 0.000000e+00 -1.000000e+00
    outer loop
      vertex   -3.695700e+00 6.819900e+00 -1.587500e+00
      vertex   -1.797455e+00 5.516490e+00 -1.587500e+00
      vertex   -2.036779e+00 5.396828e+00 -1.587500e+00
    endloop
  endfacet
  facet normal -0.000000e+00 0.000000e+00 -1.000000e+00
    outer loop
      vertex   -2.036779e+00 5.396828e+00 -1.587500e+00
      vertex   -2.265177e+00 5.257440e+00 -1.587500e+00
      vertex   -3.695700e+00 6.819900e+00 -1.587500e+00
    endloop
  endfacet
  facet normal 0.000000e+00 0.000000e+00 -1.000000e+00
    outer loop
      vertex   -3.695700e+00 6.819900e+00 -1.587500e+00
      vertex   -2.265177e+00 5.257440e+00 -1.587500e+00
      vertex   -2.481028e+00 5.099316e+00 -1.587500e+00
    endloop
  endfacet
  facet normal 0.000000e+00 0.000000e+00 -1.000000e+00
    outer loop
      vertex   -3.695700e+00 6.819900e+00 -1.587500e+00
      vertex   -2.481028e+00 5.099316e+00 -1.587500e+00
      vertex   -2.682798e+00 4.923579e+00 -1.587500e+00
    endloop
  endfacet
  facet normal 0.000000e+00 0.000000e+00 -1.000000e+00
    outer loop
      vertex   -3.038475e+00 4.524375e+00 -1.587500e+00
      vertex   -3.862993e+00 3.425017e+00 -1.587500e+00
      vertex   -6.108700e+00 3.602567e+00 -1.587500e+00
    endloop
  endfacet
  facet normal -8.821427e-04 3.216334e-01 -9.468639e-01
    outer loop
      vertex   -6.667500e+00 -1.657347e+00 -1.270035e+00
      vertex   -4.765157e+00 -1.825395e+00 -1.328891e+00
      vertex   -6.667500e+00 -1.926167e+00 -1.361349e+00
    endloop
  endfacet
  facet normal 7.342686e-04 2.939992e-01 -9.558054e-01
    outer loop
      vertex   -6.667500e+00 -1.926167e+00 -1.361349e+00
      vertex   -4.765157e+00 -1.825395e+00 -1.328891e+00
      vertex   -4.698903e+00 -2.047842e+00 -1.397263e+00
    endloop
  endfacet
  facet normal -5.092655e-04 2.755020e-01 -9.613004e-01
    outer loop
      vertex   -6.667500e+00 -1.926167e+00 -1.361349e+00
      vertex   -4.698903e+00 -2.047842e+00 -1.397263e+00
      vertex   -6.660961e+00 -2.112829e+00 -1.414848e+00
    endloop
  endfacet
  facet normal 4.463915e-04 2.486244e-01 -9.685999e-01
    outer loop
      vertex   -6.660961e+00 -2.112829e+00 -1.414848e+00
      vertex   -4.698903e+00 -2.047842e+00 -1.397263e+00
      vertex   -4.612984e+00 -2.272126e+00 -1.454793e+00
    endloop
  endfacet
  facet normal -4.481316e-04 2.378044e-01 -9.713130e-01
    outer loop
      vertex   -6.660961e+00 -2.112829e+00 -1.414848e+00
      vertex   -4.612984e+00 -2.272126e+00 -1.454793e+00
      vertex   -6.641142e+00 -2.303800e+00 -1.461612e+00
    endloop
  endfacet
  facet normal 8.891912e-05 2.050189e-01 -9.787580e-01
    outer loop
      vertex   -6.641142e+00 -2.303800e+00 -1.461612e+00
      vertex   -4.612984e+00 -2.272126e+00 -1.454793e+00
      vertex   -4.505067e+00 -2.500180e+00 -1.502554e+00
    endloop
  endfacet
  facet normal -2.692922e-04 2.012841e-01 -9.795329e-01
    outer loop
      vertex   -6.641142e+00 -2.303800e+00 -1.461612e+00
      vertex   -4.505067e+00 -2.500180e+00 -1.502554e+00
      vertex   -6.607735e+00 -2.496990e+00 -1.501320e+00
    endloop
  endfacet
  facet normal -3.285166e-04 1.648703e-01 -9.863152e-01
    outer loop
      vertex   -6.607735e+00 -2.496990e+00 -1.501320e+00
      vertex   -4.505067e+00 -2.500180e+00 -1.502554e+00
      vertex   -6.560438e+00 -2.690312e+00 -1.533651e+00
    endloop
  endfacet
  facet normal 9.787954e-05 1.603819e-01 -9.870550e-01
    outer loop
      vertex   -6.560438e+00 -2.690312e+00 -1.533651e+00
      vertex   -4.505067e+00 -2.500180e+00 -1.502554e+00
      vertex   -4.376724e+00 -2.722967e+00 -1.538741e+00
    endloop
  endfacet
  facet normal -4.043213e-04 1.275438e-01 -9.918329e-01
    outer loop
      vertex   -6.560438e+00 -2.690312e+00 -1.533651e+00
      vertex   -4.376724e+00 -2.722967e+00 -1.538741e+00
      vertex   -6.498943e+00 -2.881675e+00 -1.558284e+00
    endloop
  endfacet
  facet normal 3.296015e-04 1.178771e-01 -9.930281e-01
    outer loop
      vertex   -6.498943e+00 -2.881675e+00 -1.558284e+00
      vertex   -4.376724e+00 -2.722967e+00 -1.538741e+00
      vertex   -4.232275e+00 -2.932642e+00 -1.563582e+00
    endloop
  endfacet
  facet normal -3.324457e-04 8.874811e-02 -9.960540e-01
    outer loop
      vertex   -6.498943e+00 -2.881675e+00 -1.558284e+00
      vertex   -4.232275e+00 -2.932642e+00 -1.563582e+00
      vertex   -6.423047e+00 -3.069042e+00 -1.575004e+00
    endloop
  endfacet
  facet normal 6.408498e-04 7.322128e-02 -9.973155e-01
    outer loop
      vertex   -6.423047e+00 -3.069042e+00 -1.575004e+00
      vertex   -4.232275e+00 -2.932642e+00 -1.563582e+00
      vertex   -4.047852e+00 -3.178539e+00 -1.581517e+00
    endloop
  endfacet
  facet normal -3.421744e-04 5.197699e-02 -9.986482e-01
    outer loop
      vertex   -6.423047e+00 -3.069042e+00 -1.575004e+00
      vertex   -4.047852e+00 -3.178539e+00 -1.581517e+00
      vertex   -6.333533e+00 -3.250736e+00 -1.584492e+00
    endloop
  endfacet
  facet normal 5.221047e-04 2.465813e-02 -9.996958e-01
    outer loop
      vertex   -6.333533e+00 -3.250736e+00 -1.584492e+00
      vertex   -4.047852e+00 -3.178539e+00 -1.581517e+00
      vertex   -3.862993e+00 -3.425017e+00 -1.587500e+00
    endloop
  endfacet
  facet normal 0.000000e+00 1.725964e-02 -9.998510e-01
    outer loop
      vertex   -6.333533e+00 -3.250736e+00 -1.584492e+00
      vertex   -3.862993e+00 -3.425017e+00 -1.587500e+00
      vertex   -6.231441e+00 -3.425017e+00 -1.587500e+00
    endloop
  endfacet
  facet normal 7.616429e-04 3.382121e-01 -9.410696e-01
    outer loop
      vertex   -4.765157e+00 -1.825395e+00 -1.328891e+00
      vertex   -6.667500e+00 -1.657347e+00 -1.270035e+00
      vertex   -4.815294e+00 -1.597187e+00 -1.246915e+00
    endloop
  endfacet
  facet normal -5.720606e-04 3.740277e-01 -9.274173e-01
    outer loop
      vertex   -4.815294e+00 -1.597187e+00 -1.246915e+00
      vertex   -6.667500e+00 -1.657347e+00 -1.270035e+00
      vertex   -6.667500e+00 -1.394049e+00 -1.163847e+00
    endloop
  endfacet
  facet normal 4.703832e-04 3.821724e-01 -9.240909e-01
    outer loop
      vertex   -4.815294e+00 -1.597187e+00 -1.246915e+00
      vertex   -6.667500e+00 -1.394049e+00 -1.163847e+00
      vertex   -4.848858e+00 -1.366615e+00 -1.151576e+00
    endloop
  endfacet
  facet normal -3.077947e-04 4.252538e-01 -9.050741e-01
    outer loop
      vertex   -4.848858e+00 -1.366615e+00 -1.151576e+00
      vertex   -6.667500e+00 -1.394049e+00 -1.163847e+00
      vertex   -6.667500e+00 -1.137094e+00 -1.043115e+00
    endloop
  endfacet
  facet normal -2.123467e-16 4.272485e-01 -9.041342e-01
    outer loop
      vertex   -4.848858e+00 -1.366615e+00 -1.151576e+00
      vertex   -6.667500e+00 -1.137094e+00 -1.043115e+00
      vertex   -4.865388e+00 -1.137094e+00 -1.043115e+00
    endloop
  endfacet
  facet normal 8.000000e-01 6.000000e-01 1.657362e-15
    outer loop
      vertex   -4.047852e+00 -3.178539e+00 -1.581517e+00
      vertex   -4.232275e+00 -2.932642e+00 5.715000e-01
      vertex   -3.862993e+00 -3.425017e+00 -1.587500e+00
    endloop
  endfacet
  facet normal 8.000000e-01 6.000000e-01 2.842955e-16
    outer loop
      vertex   -3.862993e+00 -3.425017e+00 -1.587500e+00
      vertex   -4.232275e+00 -2.932642e+00 5.715000e-01
      vertex   -3.038475e+00 -4.524375e+00 5.715000e-01
    endloop
  endfacet
  facet normal 8.000000e-01 6.000000e-01 3.367836e-16
    outer loop
      vertex   -3.862993e+00 -3.425017e+00 -1.587500e+00
      vertex   -3.038475e+00 -4.524375e+00 5.715000e-01
      vertex   -3.038475e+00 -4.524375e+00 -1.587500e+00
    endloop
  endfacet
  facet normal 8.000000e-01 6.000000e-01 3.277732e-16
    outer loop
      vertex   -4.047852e+00 -3.178539e+00 -1.581517e+00
      vertex   -4.232275e+00 -2.932642e+00 -1.563582e+00
      vertex   -4.232275e+00 -2.932642e+00 5.715000e-01
    endloop
  endfacet
  facet normal 8.142027e-01 5.805808e-01 3.387023e-16
    outer loop
      vertex   -4.232275e+00 -2.932642e+00 5.715000e-01
      vertex   -4.232275e+00 -2.932642e+00 -1.563582e+00
      vertex   -4.320966e+00 -2.808263e+00 5.678250e-01
    endloop
  endfacet
  facet normal 8.235596e-01 5.672285e-01 1.168534e-03
    outer loop
      vertex   -4.320966e+00 -2.808263e+00 5.678250e-01
      vertex   -4.232275e+00 -2.932642e+00 -1.563582e+00
      vertex   -4.376724e+00 -2.722967e+00 -1.538741e+00
    endloop
  endfacet
  facet normal 8.412006e-01 5.407230e-01 -3.716163e-04
    outer loop
      vertex   -4.320966e+00 -2.808263e+00 5.678250e-01
      vertex   -4.376724e+00 -2.722967e+00 -1.538741e+00
      vertex   -4.403571e+00 -2.679762e+00 5.568086e-01
    endloop
  endfacet
  facet normal 8.665591e-01 4.990737e-01 8.119751e-04
    outer loop
      vertex   -4.403571e+00 -2.679762e+00 5.568086e-01
      vertex   -4.376724e+00 -2.722967e+00 -1.538741e+00
      vertex   -4.505067e+00 -2.500180e+00 -1.502554e+00
    endloop
  endfacet
  facet normal 8.729201e-01 4.878629e-01 -4.791384e-04
    outer loop
      vertex   -4.403571e+00 -2.679762e+00 5.568086e-01
      vertex   -4.505067e+00 -2.500180e+00 -1.502554e+00
      vertex   -4.519989e+00 -2.471477e+00 5.376523e-01
    endloop
  endfacet
  facet normal 9.039529e-01 4.276316e-01 5.952333e-04
    outer loop
      vertex   -4.519989e+00 -2.471477e+00 5.376523e-01
      vertex   -4.505067e+00 -2.500180e+00 -1.502554e+00
      vertex   -4.612984e+00 -2.272126e+00 -1.454793e+00
    endloop
  endfacet
  facet normal 9.070820e-01 4.209539e-01 -2.189400e-04
    outer loop
      vertex   -4.519989e+00 -2.471477e+00 5.376523e-01
      vertex   -4.612984e+00 -2.272126e+00 -1.454793e+00
      vertex   -4.620436e+00 -2.255037e+00 5.261150e-01
    endloop
  endfacet
  facet normal 9.338610e-01 3.576360e-01 4.280277e-04
    outer loop
      vertex   -4.620436e+00 -2.255037e+00 5.261150e-01
      vertex   -4.612984e+00 -2.272126e+00 -1.454793e+00
      vertex   -4.698903e+00 -2.047842e+00 -1.397263e+00
    endloop
  endfacet
  facet normal 9.361322e-01 3.516481e-01 -3.096743e-04
    outer loop
      vertex   -4.620436e+00 -2.255037e+00 5.261150e-01
      vertex   -4.698903e+00 -2.047842e+00 -1.397263e+00
      vertex   -4.704344e+00 -2.031665e+00 5.222621e-01
    endloop
  endfacet
  facet normal 9.584195e-01 2.853630e-01 3.121500e-04
    outer loop
      vertex   -4.704344e+00 -2.031665e+00 5.222621e-01
      vertex   -4.698903e+00 -2.047842e+00 -1.397263e+00
      vertex   -4.765157e+00 -1.825395e+00 -1.328891e+00
    endloop
  endfacet
  facet normal 9.598947e-01 2.803606e-01 -2.937203e-04
    outer loop
      vertex   -4.704344e+00 -2.031665e+00 5.222621e-01
      vertex   -4.765157e+00 -1.825395e+00 -1.328891e+00
      vertex   -4.771241e+00 -1.802622e+00 5.261150e-01
    endloop
  endfacet
  facet normal 9.767494e-01 2.143836e-01 5.715173e-04
    outer loop
      vertex   -4.771241e+00 -1.802622e+00 5.261150e-01
      vertex   -4.765157e+00 -1.825395e+00 -1.328891e+00
      vertex   -4.815294e+00 -1.597187e+00 -1.246915e+00
    endloop
  endfacet
  facet normal 9.782375e-01 2.074882e-01 -2.643921e-04
    outer loop
      vertex   -4.771241e+00 -1.802622e+00 5.261150e-01
      vertex   -4.815294e+00 -1.597187e+00 -1.246915e+00
      vertex   -4.820747e+00 -1.569202e+00 5.376523e-01
    endloop
  endfacet
  facet normal 9.896154e-01 1.437384e-01 7.701001e-04
    outer loop
      vertex   -4.820747e+00 -1.569202e+00 5.376523e-01
      vertex   -4.815294e+00 -1.597187e+00 -1.246915e+00
      vertex   -4.848858e+00 -1.366615e+00 -1.151576e+00
    endloop
  endfacet
  facet normal 9.910538e-01 1.334623e-01 -4.862296e-04
    outer loop
      vertex   -4.820747e+00 -1.569202e+00 5.376523e-01
      vertex   -4.848858e+00 -1.366615e+00 -1.151576e+00
      vertex   -4.852584e+00 -1.332723e+00 5.568086e-01
    endloop
  endfacet
  facet normal 9.973999e-01 7.206155e-02 7.457227e-04
    outer loop
      vertex   -4.852584e+00 -1.332723e+00 5.568086e-01
      vertex   -4.848858e+00 -1.366615e+00 -1.151576e+00
      vertex   -4.863600e+00 -1.180359e+00 5.678250e-01
    endloop
  endfacet
  facet normal 9.974437e-01 7.145272e-02 8.120503e-04
    outer loop
      vertex   -4.863600e+00 -1.180359e+00 5.678250e-01
      vertex   -4.848858e+00 -1.366615e+00 -1.151576e+00
      vertex   -4.865388e+00 -1.137094e+00 -1.043115e+00
    endloop
  endfacet
  facet normal 9.997102e-01 2.406810e-02 -4.630923e-04
    outer loop
      vertex   -4.863600e+00 -1.180359e+00 5.678250e-01
      vertex   -4.865388e+00 -1.137094e+00 -1.043115e+00
      vertex   -4.867275e+00 -1.027642e+00 5.715000e-01
    endloop
  endfacet
  facet normal 9.998514e-01 1.723908e-02 5.701139e-16
    outer loop
      vertex   -4.867275e+00 -1.027642e+00 5.715000e-01
      vertex   -4.865388e+00 -1.137094e+00 -1.043115e+00
      vertex   -4.867275e+00 -1.027642e+00 -9.928790e-01
    endloop
  endfacet
  facet normal -5.455026e-16 -4.171408e-01 -9.088419e-01
    outer loop
      vertex   -4.865388e+00 1.137094e+00 -1.043115e+00
      vertex   -4.867275e+00 1.027642e+00 -9.928790e-01
      vertex   -6.667500e+00 1.137094e+00 -1.043115e+00
    endloop
  endfacet
  facet normal 1.378614e-04 -4.152670e-01 -9.096996e-01
    outer loop
      vertex   -6.667500e+00 1.137094e+00 -1.043115e+00
      vertex   -4.867275e+00 1.027642e+00 -9.928790e-01
      vertex   -6.667500e+00 1.021054e+00 -9.901447e-01
    endloop
  endfacet
  facet normal -1.149224e-04 -3.564105e-01 -9.343295e-01
    outer loop
      vertex   -6.667500e+00 1.021054e+00 -9.901447e-01
      vertex   -4.867275e+00 1.027642e+00 -9.928790e-01
      vertex   -4.867275e+00 9.173092e-01 -9.507914e-01
    endloop
  endfacet
  facet normal 3.624129e-04 -3.491639e-01 -9.370616e-01
    outer loop
      vertex   -6.667500e+00 1.021054e+00 -9.901447e-01
      vertex   -4.867275e+00 9.173092e-01 -9.507914e-01
      vertex   -6.667500e+00 8.948519e-01 -9.431197e-01
    endloop
  endfacet
  facet normal -2.995630e-04 -3.016828e-01 -9.534083e-01
    outer loop
      vertex   -6.667500e+00 8.948519e-01 -9.431197e-01
      vertex   -4.867275e+00 9.173092e-01 -9.507914e-01
      vertex   -4.867275e+00 7.998761e-01 -9.136326e-01
    endloop
  endfacet
  facet normal 4.996215e-04 -2.878586e-01 -9.576728e-01
    outer loop
      vertex   -6.667500e+00 8.948519e-01 -9.431197e-01
      vertex   -4.867275e+00 7.998761e-01 -9.136326e-01
      vertex   -6.667500e+00 7.597431e-01 -9.025086e-01
    endloop
  endfacet
  facet normal -4.057199e-04 -2.501668e-01 -9.682027e-01
    outer loop
      vertex   -6.667500e+00 7.597431e-01 -9.025086e-01
      vertex   -4.867275e+00 7.998761e-01 -9.136326e-01
      vertex   -4.867275e+00 6.762513e-01 -8.816901e-01
    endloop
  endfacet
  facet normal 5.634687e-04 -2.304845e-01 -9.730758e-01
    outer loop
      vertex   -6.667500e+00 7.597431e-01 -9.025086e-01
      vertex   -4.867275e+00 6.762513e-01 -8.816901e-01
      vertex   -6.667500e+00 6.170725e-01 -8.687153e-01
    endloop
  endfacet
  facet normal -4.430826e-04 -2.012809e-01 -9.795335e-01
    outer loop
      vertex   -6.667500e+00 6.170725e-01 -8.687153e-01
      vertex   -4.867275e+00 6.762513e-01 -8.816901e-01
      vertex   -4.867275e+00 5.473917e-01 -8.552112e-01
    endloop
  endfacet
  facet normal 5.635185e-04 -1.762090e-01 -9.843526e-01
    outer loop
      vertex   -6.667500e+00 6.170725e-01 -8.687153e-01
      vertex   -4.867275e+00 5.473917e-01 -8.552112e-01
      vertex   -6.667500e+00 4.682600e-01 -8.420764e-01
    endloop
  endfacet
  facet normal -4.182877e-04 -1.544780e-01 -9.879961e-01
    outer loop
      vertex   -6.667500e+00 4.682600e-01 -8.420764e-01
      vertex   -4.867275e+00 5.473917e-01 -8.552112e-01
      vertex   -4.867275e+00 4.142950e-01 -8.344009e-01
    endloop
  endfacet
  facet normal 5.056957e-04 -1.242597e-01 -9.922496e-01
    outer loop
      vertex   -6.667500e+00 4.682600e-01 -8.420764e-01
      vertex   -4.867275e+00 4.142950e-01 -8.344009e-01
      vertex   -6.667500e+00 3.147869e-01 -8.228569e-01
    endloop
  endfacet
  facet normal -3.353656e-04 -1.092486e-01 -9.940144e-01
    outer loop
      vertex   -6.667500e+00 3.147869e-01 -8.228569e-01
      vertex   -4.867275e+00 4.142950e-01 -8.344009e-01
      vertex   -4.867275e+00 2.779913e-01 -8.194202e-01
    endloop
  endfacet
  facet normal 3.928505e-04 -7.392413e-02 -9.972638e-01
    outer loop
      vertex   -6.667500e+00 3.147869e-01 -8.228569e-01
      vertex   -4.867275e+00 2.779913e-01 -8.194202e-01
      vertex   -6.667500e+00 1.581807e-01 -8.112482e-01
    endloop
  endfacet
  facet normal -1.651963e-03 -4.332210e-02 -9.990598e-01
    outer loop
      vertex   -6.667500e+00 1.581807e-01 -8.112482e-01
      vertex   -4.867275e+00 2.779913e-01 -8.194202e-01
      vertex   -4.867275e+00 -6.077853e-16 -8.073657e-01
    endloop
  endfacet
  facet normal -9.896296e-18 -2.453709e-02 -9.996989e-01
    outer loop
      vertex   -6.667500e+00 1.581807e-01 -8.112482e-01
      vertex   -4.867275e+00 -6.077853e-16 -8.073657e-01
      vertex   -6.667500e+00 9.720634e-17 -8.073657e-01
    endloop
  endfacet
  facet normal 9.609046e-18 2.453709e-02 -9.996989e-01
    outer loop
      vertex   -6.667500e+00 9.720634e-17 -8.073657e-01
      vertex   -4.867275e+00 -6.077853e-16 -8.073657e-01
      vertex   -6.667500e+00 -1.581807e-01 -8.112482e-01
    endloop
  endfacet
  facet normal -1.651963e-03 4.332210e-02 -9.990598e-01
    outer loop
      vertex   -6.667500e+00 -1.581807e-01 -8.112482e-01
      vertex   -4.867275e+00 -6.077853e-16 -8.073657e-01
      vertex   -4.867275e+00 -2.779913e-01 -8.194202e-01
    endloop
  endfacet
  facet normal 3.928505e-04 7.392413e-02 -9.972638e-01
    outer loop
      vertex   -6.667500e+00 -1.581807e-01 -8.112482e-01
      vertex   -4.867275e+00 -2.779913e-01 -8.194202e-01
      vertex   -6.667500e+00 -3.147869e-01 -8.228569e-01
    endloop
  endfacet
  facet normal -3.353656e-04 1.092486e-01 -9.940144e-01
    outer loop
      vertex   -6.667500e+00 -3.147869e-01 -8.228569e-01
      vertex   -4.867275e+00 -2.779913e-01 -8.194202e-01
      vertex   -4.867275e+00 -4.142950e-01 -8.344009e-01
    endloop
  endfacet
  facet normal 5.056957e-04 1.242597e-01 -9.922496e-01
    outer loop
      vertex   -6.667500e+00 -3.147869e-01 -8.228569e-01
      vertex   -4.867275e+00 -4.142950e-01 -8.344009e-01
      vertex   -6.667500e+00 -4.682600e-01 -8.420764e-01
    endloop
  endfacet
  facet normal -4.182877e-04 1.544780e-01 -9.879961e-01
    outer loop
      vertex   -6.667500e+00 -4.682600e-01 -8.420764e-01
      vertex   -4.867275e+00 -4.142950e-01 -8.344009e-01
      vertex   -4.867275e+00 -5.473917e-01 -8.552112e-01
    endloop
  endfacet
  facet normal 5.635185e-04 1.762090e-01 -9.843526e-01
    outer loop
      vertex   -6.667500e+00 -4.682600e-01 -8.420764e-01
      vertex   -4.867275e+00 -5.473917e-01 -8.552112e-01
      vertex   -6.667500e+00 -6.170725e-01 -8.687153e-01
    endloop
  endfacet
  facet normal -4.430826e-04 2.012809e-01 -9.795335e-01
    outer loop
      vertex   -6.667500e+00 -6.170725e-01 -8.687153e-01
      vertex   -4.867275e+00 -5.473917e-01 -8.552112e-01
      vertex   -4.867275e+00 -6.762513e-01 -8.816901e-01
    endloop
  endfacet
  facet normal 5.634687e-04 2.304845e-01 -9.730758e-01
    outer loop
      vertex   -6.667500e+00 -6.170725e-01 -8.687153e-01
      vertex   -4.867275e+00 -6.762513e-01 -8.816901e-01
      vertex   -6.667500e+00 -7.597431e-01 -9.025086e-01
    endloop
  endfacet
  facet normal -4.057199e-04 2.501668e-01 -9.682027e-01
    outer loop
      vertex   -6.667500e+00 -7.597431e-01 -9.025086e-01
      vertex   -4.867275e+00 -6.762513e-01 -8.816901e-01
      vertex   -4.867275e+00 -7.998761e-01 -9.136326e-01
    endloop
  endfacet
  facet normal 4.996215e-04 2.878586e-01 -9.576728e-01
    outer loop
      vertex   -6.667500e+00 -7.597431e-01 -9.025086e-01
      vertex   -4.867275e+00 -7.998761e-01 -9.136326e-01
      vertex   -6.667500e+00 -8.948519e-01 -9.431197e-01
    endloop
  endfacet
  facet normal -2.995630e-04 3.016828e-01 -9.534083e-01
    outer loop
      vertex   -6.667500e+00 -8.948519e-01 -9.431197e-01
      vertex   -4.867275e+00 -7.998761e-01 -9.136326e-01
      vertex   -4.867275e+00 -9.173092e-01 -9.507914e-01
    endloop
  endfacet
  facet normal 3.624129e-04 3.491639e-01 -9.370616e-01
    outer loop
      vertex   -6.667500e+00 -8.948519e-01 -9.431197e-01
      vertex   -4.867275e+00 -9.173092e-01 -9.507914e-01
      vertex   -6.667500e+00 -1.021054e+00 -9.901447e-01
    endloop
  endfacet
  facet normal -1.149224e-04 3.564105e-01 -9.343295e-01
    outer loop
      vertex   -6.667500e+00 -1.021054e+00 -9.901447e-01
      vertex   -4.867275e+00 -9.173092e-01 -9.507914e-01
      vertex   -4.867275e+00 -1.027642e+00 -9.928790e-01
    endloop
  endfacet
  facet normal 1.378614e-04 4.152670e-01 -9.096996e-01
    outer loop
      vertex   -6.667500e+00 -1.021054e+00 -9.901447e-01
      vertex   -4.867275e+00 -1.027642e+00 -9.928790e-01
      vertex   -6.667500e+00 -1.137094e+00 -1.043115e+00
    endloop
  endfacet
  facet normal -3.215394e-16 4.171408e-01 -9.088419e-01
    outer loop
      vertex   -6.667500e+00 -1.137094e+00 -1.043115e+00
      vertex   -4.867275e+00 -1.027642e+00 -9.928790e-01
      vertex   -4.865388e+00 -1.137094e+00 -1.043115e+00
    endloop
  endfacet
  facet normal 8.821427e-04 -3.216334e-01 -9.468639e-01
    outer loop
      vertex   6.667500e+00 1.657347e+00 -1.270035e+00
      vertex   4.765157e+00 1.825395e+00 -1.328891e+00
      vertex   6.667500e+00 1.926167e+00 -1.361349e+00
    endloop
  endfacet
  facet normal -7.342686e-04 -2.939992e-01 -9.558054e-01
    outer loop
      vertex   6.667500e+00 1.926167e+00 -1.361349e+00
      vertex   4.765157e+00 1.825395e+00 -1.328891e+00
      vertex   4.698903e+00 2.047842e+00 -1.397263e+00
    endloop
  endfacet
  facet normal 5.092655e-04 -2.755020e-01 -9.613004e-01
    outer loop
      vertex   6.667500e+00 1.926167e+00 -1.361349e+00
      vertex   4.698903e+00 2.047842e+00 -1.397263e+00
      vertex   6.660961e+00 2.112829e+00 -1.414848e+00
    endloop
  endfacet
  facet normal -4.463915e-04 -2.486244e-01 -9.685999e-01
    outer loop
      vertex   6.660961e+00 2.112829e+00 -1.414848e+00
      vertex   4.698903e+00 2.047842e+00 -1.397263e+00
      vertex   4.612984e+00 2.272126e+00 -1.454793e+00
    endloop
  endfacet
  facet normal 4.481316e-04 -2.378044e-01 -9.713130e-01
    outer loop
      vertex   6.660961e+00 2.112829e+00 -1.414848e+00
      vertex   4.612984e+00 2.272126e+00 -1.454793e+00
      vertex   6.641142e+00 2.303800e+00 -1.461612e+00
    endloop
  endfacet
  facet normal -8.891912e-05 -2.050189e-01 -9.787580e-01
    outer loop
      vertex   6.641142e+00 2.303800e+00 -1.461612e+00
      vertex   4.612984e+00 2.272126e+00 -1.454793e+00
      vertex   4.505067e+00 2.500180e+00 -1.502554e+00
    endloop
  endfacet
  facet normal 2.692922e-04 -2.012841e-01 -9.795329e-01
    outer loop
      vertex   6.641142e+00 2.303800e+00 -1.461612e+00
      vertex   4.505067e+00 2.500180e+00 -1.502554e+00
      vertex   6.607735e+00 2.496990e+00 -1.501320e+00
    endloop
  endfacet
  facet normal 3.285166e-04 -1.648703e-01 -9.863152e-01
    outer loop
      vertex   6.607735e+00 2.496990e+00 -1.501320e+00
      vertex   4.505067e+00 2.500180e+00 -1.502554e+00
      vertex   6.560438e+00 2.690312e+00 -1.533651e+00
    endloop
  endfacet
  facet normal -9.787954e-05 -1.603819e-01 -9.870550e-01
    outer loop
      vertex   6.560438e+00 2.690312e+00 -1.533651e+00
      vertex   4.505067e+00 2.500180e+00 -1.502554e+00
      vertex   4.376724e+00 2.722967e+00 -1.538741e+00
    endloop
  endfacet
  facet normal 4.043213e-04 -1.275438e-01 -9.918329e-01
    outer loop
      vertex   6.560438e+00 2.690312e+00 -1.533651e+00
      vertex   4.376724e+00 2.722967e+00 -1.538741e+00
      vertex   6.498943e+00 2.881675e+00 -1.558284e+00
    endloop
  endfacet
  facet normal -3.296015e-04 -1.178771e-01 -9.930281e-01
    outer loop
      vertex   6.498943e+00 2.881675e+00 -1.558284e+00
      vertex   4.376724e+00 2.722967e+00 -1.538741e+00
      vertex   4.232275e+00 2.932642e+00 -1.563582e+00
    endloop
  endfacet
  facet normal 3.324457e-04 -8.874811e-02 -9.960540e-01
    outer loop
      vertex   6.498943e+00 2.881675e+00 -1.558284e+00
      vertex   4.232275e+00 2.932642e+00 -1.563582e+00
      vertex   6.423047e+00 3.069042e+00 -1.575004e+00
    endloop
  endfacet
  facet normal -6.408498e-04 -7.322128e-02 -9.973155e-01
    outer loop
      vertex   6.423047e+00 3.069042e+00 -1.575004e+00
      vertex   4.232275e+00 2.932642e+00 -1.563582e+00
      vertex   4.047852e+00 3.178539e+00 -1.581517e+00
    endloop
  endfacet
  facet normal 3.421744e-04 -5.197699e-02 -9.986482e-01
    outer loop
      vertex   6.423047e+00 3.069042e+00 -1.575004e+00
      vertex   4.047852e+00 3.178539e+00 -1.581517e+00
      vertex   6.333533e+00 3.250736e+00 -1.584492e+00
    endloop
  endfacet
  facet normal -5.221047e-04 -2.465813e-02 -9.996958e-01
    outer loop
      vertex   6.333533e+00 3.250736e+00 -1.584492e+00
      vertex   4.047852e+00 3.178539e+00 -1.581517e+00
      vertex   3.862993e+00 3.425017e+00 -1.587500e+00
    endloop
  endfacet
  facet normal 0.000000e+00 -1.725964e-02 -9.998510e-01
    outer loop
      vertex   6.333533e+00 3.250736e+00 -1.584492e+00
      vertex   3.862993e+00 3.425017e+00 -1.587500e+00
      vertex   6.231441e+00 3.425017e+00 -1.587500e+00
    endloop
  endfacet
  facet normal -7.616429e-04 -3.382121e-01 -9.410696e-01
    outer loop
      vertex   4.765157e+00 1.825395e+00 -1.328891e+00
      vertex   6.667500e+00 1.657347e+00 -1.270035e+00
      vertex   4.815294e+00 1.597187e+00 -1.246915e+00
    endloop
  endfacet
  facet normal 5.720606e-04 -3.740277e-01 -9.274173e-01
    outer loop
      vertex   4.815294e+00 1.597187e+00 -1.246915e+00
      vertex   6.667500e+00 1.657347e+00 -1.270035e+00
      vertex   6.667500e+00 1.394049e+00 -1.163847e+00
    endloop
  endfacet
  facet normal -4.703832e-04 -3.821724e-01 -9.240909e-01
    outer loop
      vertex   4.815294e+00 1.597187e+00 -1.246915e+00
      vertex   6.667500e+00 1.394049e+00 -1.163847e+00
      vertex   4.848858e+00 1.366615e+00 -1.151576e+00
    endloop
  endfacet
  facet normal 3.077947e-04 -4.252538e-01 -9.050741e-01
    outer loop
      vertex   4.848858e+00 1.366615e+00 -1.151576e+00
      vertex   6.667500e+00 1.394049e+00 -1.163847e+00
      vertex   6.667500e+00 1.137094e+00 -1.043115e+00
    endloop
  endfacet
  facet normal 3.261039e-16 -4.272485e-01 -9.041342e-01
    outer loop
      vertex   4.848858e+00 1.366615e+00 -1.151576e+00
      vertex   6.667500e+00 1.137094e+00 -1.043115e+00
      vertex   4.865388e+00 1.137094e+00 -1.043115e+00
    endloop
  endfacet
  facet normal 1.000000e+00 -0.000000e+00 0.000000e+00
    outer loop
      vertex   6.667500e+00 1.021054e+00 -9.901447e-01
      vertex   6.667500e+00 1.137094e+00 -1.043115e+00
      vertex   6.667500e+00 1.926167e+00 -8.502137e-01
    endloop
  endfacet
  facet normal 1.000000e+00 0.000000e+00 0.000000e+00
    outer loop
      vertex   6.667500e+00 1.926167e+00 -8.502137e-01
      vertex   6.667500e+00 1.137094e+00 -1.043115e+00
      vertex   6.667500e+00 1.394049e+00 -1.163847e+00
    endloop
  endfacet
  facet normal 1.000000e+00 0.000000e+00 0.000000e+00
    outer loop
      vertex   6.667500e+00 1.926167e+00 -8.502137e-01
      vertex   6.667500e+00 1.394049e+00 -1.163847e+00
      vertex   6.667500e+00 1.657347e+00 -1.270035e+00
    endloop
  endfacet
  facet normal 1.000000e+00 -0.000000e+00 0.000000e+00
    outer loop
      vertex   6.667500e+00 1.657347e+00 -1.270035e+00
      vertex   6.667500e+00 1.926167e+00 -1.361349e+00
      vertex   6.667500e+00 1.926167e+00 -8.502137e-01
    endloop
  endfacet
  facet normal 1.000000e+00 0.000000e+00 0.000000e+00
    outer loop
      vertex   6.667500e+00 1.926167e+00 -8.502137e-01
      vertex   6.667500e+00 7.408333e-01 -5.556250e-01
      vertex   6.667500e+00 1.021054e+00 -9.901447e-01
    endloop
  endfacet
  facet normal 1.000000e+00 0.000000e+00 0.000000e+00
    outer loop
      vertex   6.667500e+00 1.021054e+00 -9.901447e-01
      vertex   6.667500e+00 7.408333e-01 -5.556250e-01
      vertex   6.667500e+00 8.948519e-01 -9.431197e-01
    endloop
  endfacet
  facet normal 1.000000e+00 0.000000e+00 0.000000e+00
    outer loop
      vertex   6.667500e+00 8.948519e-01 -9.431197e-01
      vertex   6.667500e+00 7.408333e-01 -5.556250e-01
      vertex   6.667500e+00 7.597431e-01 -9.025086e-01
    endloop
  endfacet
  facet normal 1.000000e+00 0.000000e+00 0.000000e+00
    outer loop
      vertex   6.667500e+00 7.597431e-01 -9.025086e-01
      vertex   6.667500e+00 7.408333e-01 -5.556250e-01
      vertex   6.667500e+00 6.170725e-01 -8.687153e-01
    endloop
  endfacet
  facet normal 1.000000e+00 0.000000e+00 -0.000000e+00
    outer loop
      vertex   6.667500e+00 6.170725e-01 -8.687153e-01
      vertex   6.667500e+00 7.408333e-01 -5.556250e-01
      vertex   6.667500e+00 4.682600e-01 -8.420764e-01
    endloop
  endfacet
  facet normal 1.000000e+00 0.000000e+00 -0.000000e+00
    outer loop
      vertex   6.667500e+00 4.682600e-01 -8.420764e-01
      vertex   6.667500e+00 7.408333e-01 -5.556250e-01
      vertex   6.667500e+00 3.147869e-01 -8.228569e-01
    endloop
  endfacet
  facet normal 1.000000e+00 0.000000e+00 -0.000000e+00
    outer loop
      vertex   6.667500e+00 3.147869e-01 -8.228569e-01
      vertex   6.667500e+00 7.408333e-01 -5.556250e-01
      vertex   6.667500e+00 1.581807e-01 -8.112482e-01
    endloop
  endfacet
  facet normal 1.000000e+00 0.000000e+00 -0.000000e+00
    outer loop
      vertex   6.667500e+00 1.581807e-01 -8.112482e-01
      vertex   6.667500e+00 7.408333e-01 -5.556250e-01
      vertex   6.667500e+00 -6.077853e-16 -8.073657e-01
    endloop
  endfacet
  facet normal 1.000000e+00 0.000000e+00 0.000000e+00
    outer loop
      vertex   6.667500e+00 -6.077853e-16 -8.073657e-01
      vertex   6.667500e+00 7.408333e-01 -5.556250e-01
      vertex   6.667500e+00 7.408333e-01 5.556250e-01
    endloop
  endfacet
  facet normal 1.000000e+00 0.000000e+00 -0.000000e+00
    outer loop
      vertex   6.667500e+00 -6.077853e-16 -8.073657e-01
      vertex   6.667500e+00 7.408333e-01 5.556250e-01
      vertex   6.667500e+00 -7.408333e-01 -5.556250e-01
    endloop
  endfacet
  facet normal 1.000000e+00 0.000000e+00 0.000000e+00
    outer loop
      vertex   6.667500e+00 -7.408333e-01 -5.556250e-01
      vertex   6.667500e+00 7.408333e-01 5.556250e-01
      vertex   6.667500e+00 -7.408333e-01 5.556250e-01
    endloop
  endfacet
  facet normal 1.000000e+00 0.000000e+00 -0.000000e+00
    outer loop
      vertex   6.667500e+00 -7.408333e-01 5.556250e-01
      vertex   6.667500e+00 7.408333e-01 5.556250e-01
      vertex   6.667500e+00 -1.926167e+00 1.587500e+00
    endloop
  endfacet
  facet normal 1.000000e+00 0.000000e+00 0.000000e+00
    outer loop
      vertex   6.667500e+00 -7.408333e-01 5.556250e-01
      vertex   6.667500e+00 -1.926167e+00 1.587500e+00
      vertex   6.667500e+00 -1.926167e+00 8.502137e-01
    endloop
  endfacet
  facet normal 1.000000e+00 0.000000e+00 -0.000000e+00
    outer loop
      vertex   6.667500e+00 1.926167e+00 8.502137e-01
      vertex   6.667500e+00 1.926167e+00 1.587500e+00
      vertex   6.667500e+00 7.408333e-01 5.556250e-01
    endloop
  endfacet
  facet normal 1.000000e+00 0.000000e+00 -0.000000e+00
    outer loop
      vertex   6.667500e+00 7.408333e-01 5.556250e-01
      vertex   6.667500e+00 1.926167e+00 1.587500e+00
      vertex   6.667500e+00 -1.926167e+00 1.587500e+00
    endloop
  endfacet
  facet normal 1.000000e+00 -0.000000e+00 0.000000e+00
    outer loop
      vertex   6.667500e+00 -1.926167e+00 -8.502137e-01
      vertex   6.667500e+00 -1.021054e+00 -9.901447e-01
      vertex   6.667500e+00 -7.408333e-01 -5.556250e-01
    endloop
  endfacet
  facet normal 1.000000e+00 0.000000e+00 0.000000e+00
    outer loop
      vertex   6.667500e+00 -7.408333e-01 -5.556250e-01
      vertex   6.667500e+00 -1.021054e+00 -9.901447e-01
      vertex   6.667500e+00 -8.948519e-01 -9.431197e-01
    endloop
  endfacet
  facet normal 1.000000e+00 0.000000e+00 0.000000e+00
    outer loop
      vertex   6.667500e+00 -7.408333e-01 -5.556250e-01
      vertex   6.667500e+00 -8.948519e-01 -9.431197e-01
      vertex   6.667500e+00 -7.597431e-01 -9.025086e-01
    endloop
  endfacet
  facet normal 1.000000e+00 0.000000e+00 0.000000e+00
    outer loop
      vertex   6.667500e+00 -1.926167e+00 -1.361349e+00
      vertex   6.667500e+00 -1.657347e+00 -1.270035e+00
      vertex   6.667500e+00 -1.926167e+00 -8.502137e-01
    endloop
  endfacet
  facet normal 1.000000e+00 0.000000e+00 0.000000e+00
    outer loop
      vertex   6.667500e+00 -1.926167e+00 -8.502137e-01
      vertex   6.667500e+00 -1.657347e+00 -1.270035e+00
      vertex   6.667500e+00 -1.394049e+00 -1.163847e+00
    endloop
  endfacet
  facet normal 1.000000e+00 0.000000e+00 0.000000e+00
    outer loop
      vertex   6.667500e+00 -1.926167e+00 -8.502137e-01
      vertex   6.667500e+00 -1.394049e+00 -1.163847e+00
      vertex   6.667500e+00 -1.137094e+00 -1.043115e+00
    endloop
  endfacet
  facet normal 1.000000e+00 0.000000e+00 -0.000000e+00
    outer loop
      vertex   6.667500e+00 -1.137094e+00 -1.043115e+00
      vertex   6.667500e+00 -1.021054e+00 -9.901447e-01
      vertex   6.667500e+00 -1.926167e+00 -8.502137e-01
    endloop
  endfacet
  facet normal 1.000000e+00 0.000000e+00 0.000000e+00
    outer loop
      vertex   6.667500e+00 -7.597431e-01 -9.025086e-01
      vertex   6.667500e+00 -6.170725e-01 -8.687153e-01
      vertex   6.667500e+00 -7.408333e-01 -5.556250e-01
    endloop
  endfacet
  facet normal 1.000000e+00 0.000000e+00 0.000000e+00
    outer loop
      vertex   6.667500e+00 -7.408333e-01 -5.556250e-01
      vertex   6.667500e+00 -6.170725e-01 -8.687153e-01
      vertex   6.667500e+00 -4.682600e-01 -8.420764e-01
    endloop
  endfacet
  facet normal 1.000000e+00 0.000000e+00 0.000000e+00
    outer loop
      vertex   6.667500e+00 -7.408333e-01 -5.556250e-01
      vertex   6.667500e+00 -4.682600e-01 -8.420764e-01
      vertex   6.667500e+00 -3.147869e-01 -8.228569e-01
    endloop
  endfacet
  facet normal 1.000000e+00 0.000000e+00 -0.000000e+00
    outer loop
      vertex   6.667500e+00 -3.147869e-01 -8.228569e-01
      vertex   6.667500e+00 -1.581807e-01 -8.112482e-01
      vertex   6.667500e+00 -7.408333e-01 -5.556250e-01
    endloop
  endfacet
  facet normal 1.000000e+00 0.000000e+00 0.000000e+00
    outer loop
      vertex   6.667500e+00 -7.408333e-01 -5.556250e-01
      vertex   6.667500e+00 -1.581807e-01 -8.112482e-01
      vertex   6.667500e+00 -6.077853e-16 -8.073657e-01
    endloop
  endfacet
  facet normal 9.993870e-01 3.500825e-02 -0.000000e+00
    outer loop
      vertex   6.667500e+00 1.926167e+00 -1.361349e+00
      vertex   6.660961e+00 2.112829e+00 -1.414848e+00
      vertex   6.667500e+00 1.926167e+00 -8.502137e-01
    endloop
  endfacet
  facet normal 9.988937e-01 4.686134e-02 3.924224e-03
    outer loop
      vertex   6.667500e+00 1.926167e+00 -8.502137e-01
      vertex   6.660961e+00 2.112829e+00 -1.414848e+00
      vertex   6.655702e+00 2.182654e+00 -9.100486e-01
    endloop
  endfacet
  facet normal 9.947452e-01 1.023111e-01 -3.788901e-03
    outer loop
      vertex   6.655702e+00 2.182654e+00 -9.100486e-01
      vertex   6.660961e+00 2.112829e+00 -1.414848e+00
      vertex   6.641142e+00 2.303800e+00 -1.461612e+00
    endloop
  endfacet
  facet normal 9.903819e-01 1.382958e-01 4.230002e-03
    outer loop
      vertex   6.655702e+00 2.182654e+00 -9.100486e-01
      vertex   6.641142e+00 2.303800e+00 -1.461612e+00
      vertex   6.620409e+00 2.436975e+00 -9.615595e-01
    endloop
  endfacet
  facet normal 9.855154e-01 1.695317e-01 -4.290573e-03
    outer loop
      vertex   6.620409e+00 2.436975e+00 -9.615595e-01
      vertex   6.641142e+00 2.303800e+00 -1.461612e+00
      vertex   6.607735e+00 2.496990e+00 -1.501320e+00
    endloop
  endfacet
  facet normal 9.736085e-01 2.282108e-01 2.513447e-03
    outer loop
      vertex   6.620409e+00 2.436975e+00 -9.615595e-01
      vertex   6.607735e+00 2.496990e+00 -1.501320e+00
      vertex   6.561919e+00 2.686983e+00 -1.004311e+00
    endloop
  endfacet
  facet normal 9.713974e-01 2.374566e-01 -1.224782e-03
    outer loop
      vertex   6.561919e+00 2.686983e+00 -1.004311e+00
      vertex   6.607735e+00 2.496990e+00 -1.501320e+00
      vertex   6.560438e+00 2.690312e+00 -1.533651e+00
    endloop
  endfacet
  facet normal 9.520775e-01 3.058561e-01 -7.405752e-04
    outer loop
      vertex   6.561919e+00 2.686983e+00 -1.004311e+00
      vertex   6.560438e+00 2.690312e+00 -1.533651e+00
      vertex   6.498943e+00 2.881675e+00 -1.558284e+00
    endloop
  endfacet
  facet normal 9.485343e-01 3.166555e-01 3.457636e-03
    outer loop
      vertex   6.561919e+00 2.686983e+00 -1.004311e+00
      vertex   6.498943e+00 2.881675e+00 -1.558284e+00
      vertex   6.480725e+00 2.930565e+00 -1.037943e+00
    endloop
  endfacet
  facet normal 9.269319e-01 3.752193e-01 -2.801234e-03
    outer loop
      vertex   6.480725e+00 2.930565e+00 -1.037943e+00
      vertex   6.498943e+00 2.881675e+00 -1.558284e+00
      vertex   6.423047e+00 3.069042e+00 -1.575004e+00
    endloop
  endfacet
  facet normal 9.154274e-01 4.024462e-01 5.454528e-03
    outer loop
      vertex   6.480725e+00 2.930565e+00 -1.037943e+00
      vertex   6.423047e+00 3.069042e+00 -1.575004e+00
      vertex   6.377513e+00 3.165665e+00 -1.062171e+00
    endloop
  endfacet
  facet normal 8.971137e-01 4.417852e-01 -3.583446e-03
    outer loop
      vertex   6.377513e+00 3.165665e+00 -1.062171e+00
      vertex   6.423047e+00 3.069042e+00 -1.575004e+00
      vertex   6.333533e+00 3.250736e+00 -1.584492e+00
    endloop
  endfacet
  facet normal 8.747225e-01 4.845954e-01 5.274464e-03
    outer loop
      vertex   6.377513e+00 3.165665e+00 -1.062171e+00
      vertex   6.333533e+00 3.250736e+00 -1.584492e+00
      vertex   6.253154e+00 3.390298e+00 -1.076790e+00
    endloop
  endfacet
  facet normal 8.628691e-01 5.054221e-01 -2.327179e-03
    outer loop
      vertex   6.253154e+00 3.390298e+00 -1.076790e+00
      vertex   6.333533e+00 3.250736e+00 -1.584492e+00
      vertex   6.231441e+00 3.425017e+00 -1.587500e+00
    endloop
  endfacet
  facet normal 8.369503e-01 5.472765e-01 1.620118e-03
    outer loop
      vertex   6.253154e+00 3.390298e+00 -1.076790e+00
      vertex   6.231441e+00 3.425017e+00 -1.587500e+00
      vertex   6.192056e+00 3.485248e+00 -1.587500e+00
    endloop
  endfacet
  facet normal 8.266492e-01 5.626885e-01 5.717821e-03
    outer loop
      vertex   6.253154e+00 3.390298e+00 -1.076790e+00
      vertex   6.192056e+00 3.485248e+00 -1.587500e+00
      vertex   6.108700e+00 3.602567e+00 -1.081676e+00
    endloop
  endfacet
  facet normal 8.225734e-01 5.686472e-01 3.664117e-03
    outer loop
      vertex   6.108700e+00 3.602567e+00 -1.081676e+00
      vertex   6.192056e+00 3.485248e+00 -1.587500e+00
      vertex   6.151134e+00 3.544444e+00 -1.587500e+00
    endloop
  endfacet
  facet normal 8.076607e-01 5.896476e-01 -5.176825e-16
    outer loop
      vertex   6.108700e+00 3.602567e+00 -1.081676e+00
      vertex   6.151134e+00 3.544444e+00 -1.587500e+00
      vertex   6.108700e+00 3.602567e+00 -1.587500e+00
    endloop
  endfacet
  facet normal 5.092655e-04 2.755020e-01 -9.613004e-01
    outer loop
      vertex   6.660961e+00 -2.112829e+00 -1.414848e+00
      vertex   4.698903e+00 -2.047842e+00 -1.397263e+00
      vertex   6.667500e+00 -1.926167e+00 -1.361349e+00
    endloop
  endfacet
  facet normal -7.342686e-04 2.939992e-01 -9.558054e-01
    outer loop
      vertex   6.667500e+00 -1.926167e+00 -1.361349e+00
      vertex   4.698903e+00 -2.047842e+00 -1.397263e+00
      vertex   4.765157e+00 -1.825395e+00 -1.328891e+00
    endloop
  endfacet
  facet normal 8.821427e-04 3.216334e-01 -9.468639e-01
    outer loop
      vertex   6.667500e+00 -1.926167e+00 -1.361349e+00
      vertex   4.765157e+00 -1.825395e+00 -1.328891e+00
      vertex   6.667500e+00 -1.657347e+00 -1.270035e+00
    endloop
  endfacet
  facet normal -7.616429e-04 3.382121e-01 -9.410696e-01
    outer loop
      vertex   6.667500e+00 -1.657347e+00 -1.270035e+00
      vertex   4.765157e+00 -1.825395e+00 -1.328891e+00
      vertex   4.815294e+00 -1.597187e+00 -1.246915e+00
    endloop
  endfacet
  facet normal 5.720606e-04 3.740277e-01 -9.274173e-01
    outer loop
      vertex   6.667500e+00 -1.657347e+00 -1.270035e+00
      vertex   4.815294e+00 -1.597187e+00 -1.246915e+00
      vertex   6.667500e+00 -1.394049e+00 -1.163847e+00
    endloop
  endfacet
  facet normal -4.703832e-04 3.821724e-01 -9.240909e-01
    outer loop
      vertex   6.667500e+00 -1.394049e+00 -1.163847e+00
      vertex   4.815294e+00 -1.597187e+00 -1.246915e+00
      vertex   4.848858e+00 -1.366615e+00 -1.151576e+00
    endloop
  endfacet
  facet normal 3.077947e-04 4.252538e-01 -9.050741e-01
    outer loop
      vertex   6.667500e+00 -1.394049e+00 -1.163847e+00
      vertex   4.848858e+00 -1.366615e+00 -1.151576e+00
      vertex   6.667500e+00 -1.137094e+00 -1.043115e+00
    endloop
  endfacet
  facet normal 2.140588e-16 4.272485e-01 -9.041342e-01
    outer loop
      vertex   6.667500e+00 -1.137094e+00 -1.043115e+00
      vertex   4.848858e+00 -1.366615e+00 -1.151576e+00
      vertex   4.865388e+00 -1.137094e+00 -1.043115e+00
    endloop
  endfacet
  facet normal -4.463915e-04 2.486244e-01 -9.685999e-01
    outer loop
      vertex   4.698903e+00 -2.047842e+00 -1.397263e+00
      vertex   6.660961e+00 -2.112829e+00 -1.414848e+00
      vertex   4.612984e+00 -2.272126e+00 -1.454793e+00
    endloop
  endfacet
  facet normal 4.481316e-04 2.378044e-01 -9.713130e-01
    outer loop
      vertex   4.612984e+00 -2.272126e+00 -1.454793e+00
      vertex   6.660961e+00 -2.112829e+00 -1.414848e+00
      vertex   6.641142e+00 -2.303800e+00 -1.461612e+00
    endloop
  endfacet
  facet normal -8.891912e-05 2.050189e-01 -9.787580e-01
    outer loop
      vertex   4.612984e+00 -2.272126e+00 -1.454793e+00
      vertex   6.641142e+00 -2.303800e+00 -1.461612e+00
      vertex   4.505067e+00 -2.500180e+00 -1.502554e+00
    endloop
  endfacet
  facet normal 2.692922e-04 2.012841e-01 -9.795329e-01
    outer loop
      vertex   4.505067e+00 -2.500180e+00 -1.502554e+00
      vertex   6.641142e+00 -2.303800e+00 -1.461612e+00
      vertex   6.607735e+00 -2.496990e+00 -1.501320e+00
    endloop
  endfacet
  facet normal 3.285166e-04 1.648703e-01 -9.863152e-01
    outer loop
      vertex   4.505067e+00 -2.500180e+00 -1.502554e+00
      vertex   6.607735e+00 -2.496990e+00 -1.501320e+00
      vertex   6.560438e+00 -2.690312e+00 -1.533651e+00
    endloop
  endfacet
  facet normal -9.787954e-05 1.603819e-01 -9.870550e-01
    outer loop
      vertex   4.505067e+00 -2.500180e+00 -1.502554e+00
      vertex   6.560438e+00 -2.690312e+00 -1.533651e+00
      vertex   4.376724e+00 -2.722967e+00 -1.538741e+00
    endloop
  endfacet
  facet normal 4.043213e-04 1.275438e-01 -9.918329e-01
    outer loop
      vertex   4.376724e+00 -2.722967e+00 -1.538741e+00
      vertex   6.560438e+00 -2.690312e+00 -1.533651e+00
      vertex   6.498943e+00 -2.881675e+00 -1.558284e+00
    endloop
  endfacet
  facet normal -3.296015e-04 1.178771e-01 -9.930281e-01
    outer loop
      vertex   4.376724e+00 -2.722967e+00 -1.538741e+00
      vertex   6.498943e+00 -2.881675e+00 -1.558284e+00
      vertex   4.232275e+00 -2.932642e+00 -1.563582e+00
    endloop
  endfacet
  facet normal 3.324457e-04 8.874811e-02 -9.960540e-01
    outer loop
      vertex   4.232275e+00 -2.932642e+00 -1.563582e+00
      vertex   6.498943e+00 -2.881675e+00 -1.558284e+00
      vertex   6.423047e+00 -3.069042e+00 -1.575004e+00
    endloop
  endfacet
  facet normal -6.408498e-04 7.322128e-02 -9.973155e-01
    outer loop
      vertex   4.232275e+00 -2.932642e+00 -1.563582e+00
      vertex   6.423047e+00 -3.069042e+00 -1.575004e+00
      vertex   4.047852e+00 -3.178539e+00 -1.581517e+00
    endloop
  endfacet
  facet normal 3.421744e-04 5.197699e-02 -9.986482e-01
    outer loop
      vertex   4.047852e+00 -3.178539e+00 -1.581517e+00
      vertex   6.423047e+00 -3.069042e+00 -1.575004e+00
      vertex   6.333533e+00 -3.250736e+00 -1.584492e+00
    endloop
  endfacet
  facet normal -5.221047e-04 2.465813e-02 -9.996958e-01
    outer loop
      vertex   4.047852e+00 -3.178539e+00 -1.581517e+00
      vertex   6.333533e+00 -3.250736e+00 -1.584492e+00
      vertex   3.862993e+00 -3.425017e+00 -1.587500e+00
    endloop
  endfacet
  facet normal 0.000000e+00 1.725964e-02 -9.998510e-01
    outer loop
      vertex   3.862993e+00 -3.425017e+00 -1.587500e+00
      vertex   6.333533e+00 -3.250736e+00 -1.584492e+00
      vertex   6.231441e+00 -3.425017e+00 -1.587500e+00
    endloop
  endfacet
  facet normal -9.974437e-01 7.145272e-02 8.120503e-04
    outer loop
      vertex   4.848858e+00 -1.366615e+00 -1.151576e+00
      vertex   4.863600e+00 -1.180359e+00 5.678250e-01
      vertex   4.865388e+00 -1.137094e+00 -1.043115e+00
    endloop
  endfacet
  facet normal -9.997102e-01 2.406810e-02 -4.630923e-04
    outer loop
      vertex   4.865388e+00 -1.137094e+00 -1.043115e+00
      vertex   4.863600e+00 -1.180359e+00 5.678250e-01
      vertex   4.867275e+00 -1.027642e+00 5.715000e-01
    endloop
  endfacet
  facet normal -9.998514e-01 1.723908e-02 0.000000e+00
    outer loop
      vertex   4.865388e+00 -1.137094e+00 -1.043115e+00
      vertex   4.867275e+00 -1.027642e+00 5.715000e-01
      vertex   4.867275e+00 -1.027642e+00 -9.928790e-01
    endloop
  endfacet
  facet normal -9.896154e-01 1.437384e-01 7.701001e-04
    outer loop
      vertex   4.815294e+00 -1.597187e+00 -1.246915e+00
      vertex   4.820747e+00 -1.569202e+00 5.376523e-01
      vertex   4.848858e+00 -1.366615e+00 -1.151576e+00
    endloop
  endfacet
  facet normal -9.910538e-01 1.334623e-01 -4.862296e-04
    outer loop
      vertex   4.848858e+00 -1.366615e+00 -1.151576e+00
      vertex   4.820747e+00 -1.569202e+00 5.376523e-01
      vertex   4.852584e+00 -1.332723e+00 5.568086e-01
    endloop
  endfacet
  facet normal -9.973999e-01 7.206155e-02 7.457227e-04
    outer loop
      vertex   4.848858e+00 -1.366615e+00 -1.151576e+00
      vertex   4.852584e+00 -1.332723e+00 5.568086e-01
      vertex   4.863600e+00 -1.180359e+00 5.678250e-01
    endloop
  endfacet
  facet normal -9.782375e-01 2.074882e-01 -2.643921e-04
    outer loop
      vertex   4.820747e+00 -1.569202e+00 5.376523e-01
      vertex   4.815294e+00 -1.597187e+00 -1.246915e+00
      vertex   4.771241e+00 -1.802622e+00 5.261150e-01
    endloop
  endfacet
  facet normal -9.767494e-01 2.143836e-01 5.715173e-04
    outer loop
      vertex   4.771241e+00 -1.802622e+00 5.261150e-01
      vertex   4.815294e+00 -1.597187e+00 -1.246915e+00
      vertex   4.765157e+00 -1.825395e+00 -1.328891e+00
    endloop
  endfacet
  facet normal -9.598947e-01 2.803606e-01 -2.937203e-04
    outer loop
      vertex   4.771241e+00 -1.802622e+00 5.261150e-01
      vertex   4.765157e+00 -1.825395e+00 -1.328891e+00
      vertex   4.704344e+00 -2.031665e+00 5.222621e-01
    endloop
  endfacet
  facet normal -9.584195e-01 2.853630e-01 3.121500e-04
    outer loop
      vertex   4.704344e+00 -2.031665e+00 5.222621e-01
      vertex   4.765157e+00 -1.825395e+00 -1.328891e+00
      vertex   4.698903e+00 -2.047842e+00 -1.397263e+00
    endloop
  endfacet
  facet normal -9.361322e-01 3.516481e-01 -3.096743e-04
    outer loop
      vertex   4.704344e+00 -2.031665e+00 5.222621e-01
      vertex   4.698903e+00 -2.047842e+00 -1.397263e+00
      vertex   4.620436e+00 -2.255037e+00 5.261150e-01
    endloop
  endfacet
  facet normal -9.338610e-01 3.576360e-01 4.280277e-04
    outer loop
      vertex   4.620436e+00 -2.255037e+00 5.261150e-01
      vertex   4.698903e+00 -2.047842e+00 -1.397263e+00
      vertex   4.612984e+00 -2.272126e+00 -1.454793e+00
    endloop
  endfacet
  facet normal -9.070820e-01 4.209539e-01 -2.189400e-04
    outer loop
      vertex   4.620436e+00 -2.255037e+00 5.261150e-01
      vertex   4.612984e+00 -2.272126e+00 -1.454793e+00
      vertex   4.519989e+00 -2.471477e+00 5.376523e-01
    endloop
  endfacet
  facet normal -9.039529e-01 4.276316e-01 5.952333e-04
    outer loop
      vertex   4.519989e+00 -2.471477e+00 5.376523e-01
      vertex   4.612984e+00 -2.272126e+00 -1.454793e+00
      vertex   4.505067e+00 -2.500180e+00 -1.502554e+00
    endloop
  endfacet
  facet normal -8.729201e-01 4.878629e-01 -4.791384e-04
    outer loop
      vertex   4.519989e+00 -2.471477e+00 5.376523e-01
      vertex   4.505067e+00 -2.500180e+00 -1.502554e+00
      vertex   4.403571e+00 -2.679762e+00 5.568086e-01
    endloop
  endfacet
  facet normal -8.665591e-01 4.990737e-01 8.119751e-04
    outer loop
      vertex   4.403571e+00 -2.679762e+00 5.568086e-01
      vertex   4.505067e+00 -2.500180e+00 -1.502554e+00
      vertex   4.376724e+00 -2.722967e+00 -1.538741e+00
    endloop
  endfacet
  facet normal -8.412006e-01 5.407230e-01 -3.716163e-04
    outer loop
      vertex   4.403571e+00 -2.679762e+00 5.568086e-01
      vertex   4.376724e+00 -2.722967e+00 -1.538741e+00
      vertex   4.320966e+00 -2.808263e+00 5.678250e-01
    endloop
  endfacet
  facet normal -8.235596e-01 5.672285e-01 1.168534e-03
    outer loop
      vertex   4.320966e+00 -2.808263e+00 5.678250e-01
      vertex   4.376724e+00 -2.722967e+00 -1.538741e+00
      vertex   4.232275e+00 -2.932642e+00 -1.563582e+00
    endloop
  endfacet
  facet normal -8.142027e-01 5.805808e-01 -4.627222e-16
    outer loop
      vertex   4.320966e+00 -2.808263e+00 5.678250e-01
      vertex   4.232275e+00 -2.932642e+00 -1.563582e+00
      vertex   4.232275e+00 -2.932642e+00 5.715000e-01
    endloop
  endfacet
  facet normal -8.000000e-01 6.000000e-01 -4.575919e-16
    outer loop
      vertex   4.232275e+00 -2.932642e+00 -1.563582e+00
      vertex   4.047852e+00 -3.178539e+00 -1.581517e+00
      vertex   4.232275e+00 -2.932642e+00 5.715000e-01
    endloop
  endfacet
  facet normal -8.000000e-01 6.000000e-01 -3.986061e-16
    outer loop
      vertex   4.232275e+00 -2.932642e+00 5.715000e-01
      vertex   4.047852e+00 -3.178539e+00 -1.581517e+00
      vertex   3.862993e+00 -3.425017e+00 -1.587500e+00
    endloop
  endfacet
  facet normal -8.000000e-01 6.000000e-01 -7.753513e-17
    outer loop
      vertex   4.232275e+00 -2.932642e+00 5.715000e-01
      vertex   3.862993e+00 -3.425017e+00 -1.587500e+00
      vertex   3.038475e+00 -4.524375e+00 5.715000e-01
    endloop
  endfacet
  facet normal -8.000000e-01 6.000000e-01 0.000000e+00
    outer loop
      vertex   3.038475e+00 -4.524375e+00 5.715000e-01
      vertex   3.862993e+00 -3.425017e+00 -1.587500e+00
      vertex   3.038475e+00 -4.524375e+00 -1.587500e+00
    endloop
  endfacet
  facet normal 0.000000e+00 0.000000e+00 -1.000000e+00
    outer loop
      vertex   -6.231441e+00 -3.425017e+00 -1.587500e+00
      vertex   -3.862993e+00 -3.425017e+00 -1.587500e+00
      vertex   -6.192056e+00 -3.485248e+00 -1.587500e+00
    endloop
  endfacet
  facet normal 0.000000e+00 0.000000e+00 -1.000000e+00
    outer loop
      vertex   -6.192056e+00 -3.485248e+00 -1.587500e+00
      vertex   -3.862993e+00 -3.425017e+00 -1.587500e+00
      vertex   -6.151134e+00 -3.544444e+00 -1.587500e+00
    endloop
  endfacet
  facet normal 0.000000e+00 0.000000e+00 -1.000000e+00
    outer loop
      vertex   -6.151134e+00 -3.544444e+00 -1.587500e+00
      vertex   -3.862993e+00 -3.425017e+00 -1.587500e+00
      vertex   -6.108700e+00 -3.602567e+00 -1.587500e+00
    endloop
  endfacet
  facet normal 0.000000e+00 0.000000e+00 -1.000000e+00
    outer loop
      vertex   -6.108700e+00 -3.602567e+00 -1.587500e+00
      vertex   -3.862993e+00 -3.425017e+00 -1.587500e+00
      vertex   -3.038475e+00 -4.524375e+00 -1.587500e+00
    endloop
  endfacet
  facet normal 0.000000e+00 0.000000e+00 -1.000000e+00
    outer loop
      vertex   -6.108700e+00 -3.602567e+00 -1.587500e+00
      vertex   -3.038475e+00 -4.524375e+00 -1.587500e+00
      vertex   -2.869055e+00 -4.731478e+00 -1.587500e+00
    endloop
  endfacet
  facet normal -0.000000e+00 -0.000000e+00 -1.000000e+00
    outer loop
      vertex   -2.869055e+00 -4.731478e+00 -1.587500e+00
      vertex   -2.682798e+00 -4.923579e+00 -1.587500e+00
      vertex   -6.108700e+00 -3.602567e+00 -1.587500e+00
    endloop
  endfacet
  facet normal 0.000000e+00 0.000000e+00 -1.000000e+00
    outer loop
      vertex   -6.108700e+00 -3.602567e+00 -1.587500e+00
      vertex   -2.682798e+00 -4.923579e+00 -1.587500e+00
      vertex   -3.695700e+00 -6.819900e+00 -1.587500e+00
    endloop
  endfacet
  facet normal 0.000000e+00 0.000000e+00 -1.000000e+00
    outer loop
      vertex   -3.695700e+00 -6.819900e+00 -1.587500e+00
      vertex   -2.682798e+00 -4.923579e+00 -1.587500e+00
      vertex   -2.481028e+00 -5.099316e+00 -1.587500e+00
    endloop
  endfacet
  facet normal 0.000000e+00 0.000000e+00 -1.000000e+00
    outer loop
      vertex   -3.695700e+00 -6.819900e+00 -1.587500e+00
      vertex   -2.481028e+00 -5.099316e+00 -1.587500e+00
      vertex   -2.265177e+00 -5.257440e+00 -1.587500e+00
    endloop
  endfacet
  facet normal 0.000000e+00 -0.000000e+00 -1.000000e+00
    outer loop
      vertex   -2.265177e+00 -5.257440e+00 -1.587500e+00
      vertex   -2.036779e+00 -5.396828e+00 -1.587500e+00
      vertex   -3.695700e+00 -6.819900e+00 -1.587500e+00
    endloop
  endfacet
  facet normal 0.000000e+00 0.000000e+00 -1.000000e+00
    outer loop
      vertex   -3.695700e+00 -6.819900e+00 -1.587500e+00
      vertex   -2.036779e+00 -5.396828e+00 -1.587500e+00
      vertex   -1.797455e+00 -5.516490e+00 -1.587500e+00
    endloop
  endfacet
  facet normal 0.000000e+00 0.000000e+00 -1.000000e+00
    outer loop
      vertex   -3.695700e+00 -6.819900e+00 -1.587500e+00
      vertex   -1.797455e+00 -5.516490e+00 -1.587500e+00
      vertex   -1.548906e+00 -5.615576e+00 -1.587500e+00
    endloop
  endfacet
  facet normal 0.000000e+00 -0.000000e+00 -1.000000e+00
    outer loop
      vertex   -1.548906e+00 -5.615576e+00 -1.587500e+00
      vertex   -1.292897e+00 -5.693382e+00 -1.587500e+00
      vertex   -3.695700e+00 -6.819900e+00 -1.587500e+00
    endloop
  endfacet
  facet normal 0.000000e+00 0.000000e+00 -1.000000e+00
    outer loop
      vertex   -3.695700e+00 -6.819900e+00 -1.587500e+00
      vertex   -1.292897e+00 -5.693382e+00 -1.587500e+00
      vertex   -1.031245e+00 -5.749356e+00 -1.587500e+00
    endloop
  endfacet
  facet normal 0.000000e+00 0.000000e+00 -1.000000e+00
    outer loop
      vertex   -3.695700e+00 -6.819900e+00 -1.587500e+00
      vertex   -1.031245e+00 -5.749356e+00 -1.587500e+00
      vertex   -7.658092e-01 -5.783100e+00 -1.587500e+00
    endloop
  endfacet
  facet normal 0.000000e+00 0.000000e+00 -1.000000e+00
    outer loop
      vertex   -3.695700e+00 -6.819900e+00 -1.587500e+00
      vertex   -7.658092e-01 -5.783100e+00 -1.587500e+00
      vertex   -3.530868e+00 -7.019670e+00 -1.587500e+00
    endloop
  endfacet
  facet normal 0.000000e+00 0.000000e+00 -1.000000e+00
    outer loop
      vertex   -3.530868e+00 -7.019670e+00 -1.587500e+00
      vertex   -7.658092e-01 -5.783100e+00 -1.587500e+00
      vertex   -4.984750e-01 -5.794375e+00 -1.587500e+00
    endloop
  endfacet
  facet normal 0.000000e+00 0.000000e+00 -1.000000e+00
    outer loop
      vertex   -3.530868e+00 -7.019670e+00 -1.587500e+00
      vertex   -4.984750e-01 -5.794375e+00 -1.587500e+00
      vertex   -3.348246e+00 -7.203318e+00 -1.587500e+00
    endloop
  endfacet
  facet normal 0.000000e+00 0.000000e+00 -1.000000e+00
    outer loop
      vertex   -3.348246e+00 -7.203318e+00 -1.587500e+00
      vertex   -4.984750e-01 -5.794375e+00 -1.587500e+00
      vertex   -3.149403e+00 -7.369268e+00 -1.587500e+00
    endloop
  endfacet
  facet normal 0.000000e+00 0.000000e+00 -1.000000e+00
    outer loop
      vertex   -3.149403e+00 -7.369268e+00 -1.587500e+00
      vertex   -4.984750e-01 -5.794375e+00 -1.587500e+00
      vertex   -1.460500e+00 -7.937500e+00 -1.587500e+00
    endloop
  endfacet
  facet normal 0.000000e+00 0.000000e+00 -1.000000e+00
    outer loop
      vertex   -3.149403e+00 -7.369268e+00 -1.587500e+00
      vertex   -1.460500e+00 -7.937500e+00 -1.587500e+00
      vertex   -2.936048e+00 -7.516092e+00 -1.587500e+00
    endloop
  endfacet
  facet normal 0.000000e+00 0.000000e+00 -1.000000e+00
    outer loop
      vertex   -2.936048e+00 -7.516092e+00 -1.587500e+00
      vertex   -1.460500e+00 -7.937500e+00 -1.587500e+00
      vertex   -2.710015e+00 -7.642530e+00 -1.587500e+00
    endloop
  endfacet
  facet normal 0.000000e+00 0.000000e+00 -1.000000e+00
    outer loop
      vertex   -2.710015e+00 -7.642530e+00 -1.587500e+00
      vertex   -1.460500e+00 -7.937500e+00 -1.587500e+00
      vertex   -2.473245e+00 -7.747494e+00 -1.587500e+00
    endloop
  endfacet
  facet normal 0.000000e+00 0.000000e+00 -1.000000e+00
    outer loop
      vertex   -2.473245e+00 -7.747494e+00 -1.587500e+00
      vertex   -1.460500e+00 -7.937500e+00 -1.587500e+00
      vertex   -2.227772e+00 -7.830083e+00 -1.587500e+00
    endloop
  endfacet
  facet normal 0.000000e+00 0.000000e+00 -1.000000e+00
    outer loop
      vertex   -2.227772e+00 -7.830083e+00 -1.587500e+00
      vertex   -1.460500e+00 -7.937500e+00 -1.587500e+00
      vertex   -1.975707e+00 -7.889588e+00 -1.587500e+00
    endloop
  endfacet
  facet normal 0.000000e+00 0.000000e+00 -1.000000e+00
    outer loop
      vertex   -1.975707e+00 -7.889588e+00 -1.587500e+00
      vertex   -1.460500e+00 -7.937500e+00 -1.587500e+00
      vertex   -1.719215e+00 -7.925496e+00 -1.587500e+00
    endloop
  endfacet
  facet normal 0.000000e+00 -0.000000e+00 -1.000000e+00
    outer loop
      vertex   -4.984750e-01 -5.794375e+00 -1.587500e+00
      vertex   4.984750e-01 -5.794375e+00 -1.587500e+00
      vertex   -1.460500e+00 -7.937500e+00 -1.587500e+00
    endloop
  endfacet
  facet normal 0.000000e+00 0.000000e+00 -1.000000e+00
    outer loop
      vertex   -1.460500e+00 -7.937500e+00 -1.587500e+00
      vertex   4.984750e-01 -5.794375e+00 -1.587500e+00
      vertex   1.460500e+00 -7.937500e+00 -1.587500e+00
    endloop
  endfacet
  facet normal 0.000000e+00 0.000000e+00 -1.000000e+00
    outer loop
      vertex   1.460500e+00 -7.937500e+00 -1.587500e+00
      vertex   4.984750e-01 -5.794375e+00 -1.587500e+00
      vertex   3.149403e+00 -7.369268e+00 -1.587500e+00
    endloop
  endfacet
  facet normal 0.000000e+00 0.000000e+00 -1.000000e+00
    outer loop
      vertex   1.460500e+00 -7.937500e+00 -1.587500e+00
      vertex   3.149403e+00 -7.369268e+00 -1.587500e+00
      vertex   2.936048e+00 -7.516092e+00 -1.587500e+00
    endloop
  endfacet
  facet normal 0.000000e+00 -0.000000e+00 -1.000000e+00
    outer loop
      vertex   7.658092e-01 -5.783100e+00 -1.587500e+00
      vertex   3.530868e+00 -7.019670e+00 -1.587500e+00
      vertex   4.984750e-01 -5.794375e+00 -1.587500e+00
    endloop
  endfacet
  facet normal 0.000000e+00 0.000000e+00 -1.000000e+00
    outer loop
      vertex   4.984750e-01 -5.794375e+00 -1.587500e+00
      vertex   3.530868e+00 -7.019670e+00 -1.587500e+00
      vertex   3.348246e+00 -7.203318e+00 -1.587500e+00
    endloop
  endfacet
  facet normal 0.000000e+00 0.000000e+00 -1.000000e+00
    outer loop
      vertex   4.984750e-01 -5.794375e+00 -1.587500e+00
      vertex   3.348246e+00 -7.203318e+00 -1.587500e+00
      vertex   3.149403e+00 -7.369268e+00 -1.587500e+00
    endloop
  endfacet
  facet normal 0.000000e+00 0.000000e+00 -1.000000e+00
    outer loop
      vertex   3.530868e+00 -7.019670e+00 -1.587500e+00
      vertex   7.658092e-01 -5.783100e+00 -1.587500e+00
      vertex   3.695700e+00 -6.819900e+00 -1.587500e+00
    endloop
  endfacet
  facet normal 0.000000e+00 0.000000e+00 -1.000000e+00
    outer loop
      vertex   3.695700e+00 -6.819900e+00 -1.587500e+00
      vertex   7.658092e-01 -5.783100e+00 -1.587500e+00
      vertex   1.031245e+00 -5.749356e+00 -1.587500e+00
    endloop
  endfacet
  facet normal 0.000000e+00 0.000000e+00 -1.000000e+00
    outer loop
      vertex   3.695700e+00 -6.819900e+00 -1.587500e+00
      vertex   1.031245e+00 -5.749356e+00 -1.587500e+00
      vertex   1.292897e+00 -5.693382e+00 -1.587500e+00
    endloop
  endfacet
  facet normal 0.000000e+00 0.000000e+00 -1.000000e+00
    outer loop
      vertex   1.292897e+00 -5.693382e+00 -1.587500e+00
      vertex   1.548906e+00 -5.615576e+00 -1.587500e+00
      vertex   3.695700e+00 -6.819900e+00 -1.587500e+00
    endloop
  endfacet
  facet normal 0.000000e+00 0.000000e+00 -1.000000e+00
    outer loop
      vertex   3.695700e+00 -6.819900e+00 -1.587500e+00
      vertex   1.548906e+00 -5.615576e+00 -1.587500e+00
      vertex   1.797455e+00 -5.516490e+00 -1.587500e+00
    endloop
  endfacet
  facet normal 0.000000e+00 0.000000e+00 -1.000000e+00
    outer loop
      vertex   3.695700e+00 -6.819900e+00 -1.587500e+00
      vertex   1.797455e+00 -5.516490e+00 -1.587500e+00
      vertex   2.036779e+00 -5.396828e+00 -1.587500e+00
    endloop
  endfacet
  facet normal 0.000000e+00 0.000000e+00 -1.000000e+00
    outer loop
      vertex   2.036779e+00 -5.396828e+00 -1.587500e+00
      vertex   2.265177e+00 -5.257440e+00 -1.587500e+00
      vertex   3.695700e+00 -6.819900e+00 -1.587500e+00
    endloop
  endfacet
  facet normal 0.000000e+00 0.000000e+00 -1.000000e+00
    outer loop
      vertex   3.695700e+00 -6.819900e+00 -1.587500e+00
      vertex   2.265177e+00 -5.257440e+00 -1.587500e+00
      vertex   2.481028e+00 -5.099316e+00 -1.587500e+00
    endloop
  endfacet
  facet normal 0.000000e+00 0.000000e+00 -1.000000e+00
    outer loop
      vertex   3.695700e+00 -6.819900e+00 -1.587500e+00
      vertex   2.481028e+00 -5.099316e+00 -1.587500e+00
      vertex   2.682798e+00 -4.923579e+00 -1.587500e+00
    endloop
  endfacet
  facet normal 0.000000e+00 0.000000e+00 -1.000000e+00
    outer loop
      vertex   3.695700e+00 -6.819900e+00 -1.587500e+00
      vertex   2.682798e+00 -4.923579e+00 -1.587500e+00
      vertex   6.108700e+00 -3.602567e+00 -1.587500e+00
    endloop
  endfacet
  facet normal 0.000000e+00 0.000000e+00 -1.000000e+00
    outer loop
      vertex   6.108700e+00 -3.602567e+00 -1.587500e+00
      vertex   2.682798e+00 -4.923579e+00 -1.587500e+00
      vertex   2.869055e+00 -4.731478e+00 -1.587500e+00
    endloop
  endfacet
  facet normal 0.000000e+00 0.000000e+00 -1.000000e+00
    outer loop
      vertex   6.108700e+00 -3.602567e+00 -1.587500e+00
      vertex   2.869055e+00 -4.731478e+00 -1.587500e+00
      vertex   3.038475e+00 -4.524375e+00 -1.587500e+00
    endloop
  endfacet
  facet normal 0.000000e+00 0.000000e+00 -1.000000e+00
    outer loop
      vertex   3.038475e+00 -4.524375e+00 -1.587500e+00
      vertex   3.862993e+00 -3.425017e+00 -1.587500e+00
      vertex   6.108700e+00 -3.602567e+00 -1.587500e+00
    endloop
  endfacet
  facet normal 0.000000e+00 0.000000e+00 -1.000000e+00
    outer loop
      vertex   6.108700e+00 -3.602567e+00 -1.587500e+00
      vertex   3.862993e+00 -3.425017e+00 -1.587500e+00
      vertex   6.151134e+00 -3.544444e+00 -1.587500e+00
    endloop
  endfacet
  facet normal 0.000000e+00 0.000000e+00 -1.000000e+00
    outer loop
      vertex   6.151134e+00 -3.544444e+00 -1.587500e+00
      vertex   3.862993e+00 -3.425017e+00 -1.587500e+00
      vertex   6.192056e+00 -3.485248e+00 -1.587500e+00
    endloop
  endfacet
  facet normal 0.000000e+00 0.000000e+00 -1.000000e+00
    outer loop
      vertex   6.192056e+00 -3.485248e+00 -1.587500e+00
      vertex   3.862993e+00 -3.425017e+00 -1.587500e+00
      vertex   6.231441e+00 -3.425017e+00 -1.587500e+00
    endloop
  endfacet
  facet normal 0.000000e+00 0.000000e+00 -1.000000e+00
    outer loop
      vertex   2.936048e+00 -7.516092e+00 -1.587500e+00
      vertex   2.710015e+00 -7.642530e+00 -1.587500e+00
      vertex   1.460500e+00 -7.937500e+00 -1.587500e+00
    endloop
  endfacet
  facet normal 0.000000e+00 0.000000e+00 -1.000000e+00
    outer loop
      vertex   1.460500e+00 -7.937500e+00 -1.587500e+00
      vertex   2.710015e+00 -7.642530e+00 -1.587500e+00
      vertex   2.473245e+00 -7.747494e+00 -1.587500e+00
    endloop
  endfacet
  facet normal 0.000000e+00 0.000000e+00 -1.000000e+00
    outer loop
      vertex   1.460500e+00 -7.937500e+00 -1.587500e+00
      vertex   2.473245e+00 -7.747494e+00 -1.587500e+00
      vertex   2.227772e+00 -7.830083e+00 -1.587500e+00
    endloop
  endfacet
  facet normal 0.000000e+00 0.000000e+00 -1.000000e+00
    outer loop
      vertex   2.227772e+00 -7.830083e+00 -1.587500e+00
      vertex   1.975707e+00 -7.889588e+00 -1.587500e+00
      vertex   1.460500e+00 -7.937500e+00 -1.587500e+00
    endloop
  endfacet
  facet normal 0.000000e+00 0.000000e+00 -1.000000e+00
    outer loop
      vertex   1.460500e+00 -7.937500e+00 -1.587500e+00
      vertex   1.975707e+00 -7.889588e+00 -1.587500e+00
      vertex   1.719215e+00 -7.925496e+00 -1.587500e+00
    endloop
  endfacet
  facet normal 4.335210e-16 -4.171408e-01 -9.088419e-01
    outer loop
      vertex   4.865388e+00 1.137094e+00 -1.043115e+00
      vertex   6.667500e+00 1.137094e+00 -1.043115e+00
      vertex   4.867275e+00 1.027642e+00 -9.928790e-01
    endloop
  endfacet
  facet normal -1.378614e-04 -4.152670e-01 -9.096996e-01
    outer loop
      vertex   4.867275e+00 1.027642e+00 -9.928790e-01
      vertex   6.667500e+00 1.137094e+00 -1.043115e+00
      vertex   6.667500e+00 1.021054e+00 -9.901447e-01
    endloop
  endfacet
  facet normal 1.149224e-04 -3.564105e-01 -9.343295e-01
    outer loop
      vertex   4.867275e+00 1.027642e+00 -9.928790e-01
      vertex   6.667500e+00 1.021054e+00 -9.901447e-01
      vertex   4.867275e+00 9.173092e-01 -9.507914e-01
    endloop
  endfacet
  facet normal -3.624129e-04 -3.491639e-01 -9.370616e-01
    outer loop
      vertex   4.867275e+00 9.173092e-01 -9.507914e-01
      vertex   6.667500e+00 1.021054e+00 -9.901447e-01
      vertex   6.667500e+00 8.948519e-01 -9.431197e-01
    endloop
  endfacet
  facet normal 2.995630e-04 -3.016828e-01 -9.534083e-01
    outer loop
      vertex   4.867275e+00 9.173092e-01 -9.507914e-01
      vertex   6.667500e+00 8.948519e-01 -9.431197e-01
      vertex   4.867275e+00 7.998761e-01 -9.136326e-01
    endloop
  endfacet
  facet normal -4.996215e-04 -2.878586e-01 -9.576728e-01
    outer loop
      vertex   4.867275e+00 7.998761e-01 -9.136326e-01
      vertex   6.667500e+00 8.948519e-01 -9.431197e-01
      vertex   6.667500e+00 7.597431e-01 -9.025086e-01
    endloop
  endfacet
  facet normal 4.057199e-04 -2.501668e-01 -9.682027e-01
    outer loop
      vertex   4.867275e+00 7.998761e-01 -9.136326e-01
      vertex   6.667500e+00 7.597431e-01 -9.025086e-01
      vertex   4.867275e+00 6.762513e-01 -8.816901e-01
    endloop
  endfacet
  facet normal -5.634687e-04 -2.304845e-01 -9.730758e-01
    outer loop
      vertex   4.867275e+00 6.762513e-01 -8.816901e-01
      vertex   6.667500e+00 7.597431e-01 -9.025086e-01
      vertex   6.667500e+00 6.170725e-01 -8.687153e-01
    endloop
  endfacet
  facet normal 4.430826e-04 -2.012809e-01 -9.795335e-01
    outer loop
      vertex   4.867275e+00 6.762513e-01 -8.816901e-01
      vertex   6.667500e+00 6.170725e-01 -8.687153e-01
      vertex   4.867275e+00 5.473917e-01 -8.552112e-01
    endloop
  endfacet
  facet normal -5.635185e-04 -1.762090e-01 -9.843526e-01
    outer loop
      vertex   4.867275e+00 5.473917e-01 -8.552112e-01
      vertex   6.667500e+00 6.170725e-01 -8.687153e-01
      vertex   6.667500e+00 4.682600e-01 -8.420764e-01
    endloop
  endfacet
  facet normal 4.182877e-04 -1.544780e-01 -9.879961e-01
    outer loop
      vertex   4.867275e+00 5.473917e-01 -8.552112e-01
      vertex   6.667500e+00 4.682600e-01 -8.420764e-01
      vertex   4.867275e+00 4.142950e-01 -8.344009e-01
    endloop
  endfacet
  facet normal -5.056957e-04 -1.242597e-01 -9.922496e-01
    outer loop
      vertex   4.867275e+00 4.142950e-01 -8.344009e-01
      vertex   6.667500e+00 4.682600e-01 -8.420764e-01
      vertex   6.667500e+00 3.147869e-01 -8.228569e-01
    endloop
  endfacet
  facet normal 3.353656e-04 -1.092486e-01 -9.940144e-01
    outer loop
      vertex   4.867275e+00 4.142950e-01 -8.344009e-01
      vertex   6.667500e+00 3.147869e-01 -8.228569e-01
      vertex   4.867275e+00 2.779913e-01 -8.194202e-01
    endloop
  endfacet
  facet normal -3.928505e-04 -7.392413e-02 -9.972638e-01
    outer loop
      vertex   4.867275e+00 2.779913e-01 -8.194202e-01
      vertex   6.667500e+00 3.147869e-01 -8.228569e-01
      vertex   6.667500e+00 1.581807e-01 -8.112482e-01
    endloop
  endfacet
  facet normal 1.651963e-03 -4.332210e-02 -9.990598e-01
    outer loop
      vertex   4.867275e+00 2.779913e-01 -8.194202e-01
      vertex   6.667500e+00 1.581807e-01 -8.112482e-01
      vertex   4.867275e+00 9.720634e-17 -8.073657e-01
    endloop
  endfacet
  facet normal -9.609046e-18 -2.453709e-02 -9.996989e-01
    outer loop
      vertex   4.867275e+00 9.720634e-17 -8.073657e-01
      vertex   6.667500e+00 1.581807e-01 -8.112482e-01
      vertex   6.667500e+00 -6.077853e-16 -8.073657e-01
    endloop
  endfacet
  facet normal 9.609046e-18 2.453709e-02 -9.996989e-01
    outer loop
      vertex   4.867275e+00 9.720634e-17 -8.073657e-01
      vertex   6.667500e+00 -6.077853e-16 -8.073657e-01
      vertex   6.667500e+00 -1.581807e-01 -8.112482e-01
    endloop
  endfacet
  facet normal 1.651963e-03 4.332210e-02 -9.990598e-01
    outer loop
      vertex   4.867275e+00 9.720634e-17 -8.073657e-01
      vertex   6.667500e+00 -1.581807e-01 -8.112482e-01
      vertex   4.867275e+00 -2.779913e-01 -8.194202e-01
    endloop
  endfacet
  facet normal -3.928505e-04 7.392413e-02 -9.972638e-01
    outer loop
      vertex   4.867275e+00 -2.779913e-01 -8.194202e-01
      vertex   6.667500e+00 -1.581807e-01 -8.112482e-01
      vertex   6.667500e+00 -3.147869e-01 -8.228569e-01
    endloop
  endfacet
  facet normal 3.353656e-04 1.092486e-01 -9.940144e-01
    outer loop
      vertex   4.867275e+00 -2.779913e-01 -8.194202e-01
      vertex   6.667500e+00 -3.147869e-01 -8.228569e-01
      vertex   4.867275e+00 -4.142950e-01 -8.344009e-01
    endloop
  endfacet
  facet normal -5.056957e-04 1.242597e-01 -9.922496e-01
    outer loop
      vertex   4.867275e+00 -4.142950e-01 -8.344009e-01
      vertex   6.667500e+00 -3.147869e-01 -8.228569e-01
      vertex   6.667500e+00 -4.682600e-01 -8.420764e-01
    endloop
  endfacet
  facet normal 4.182877e-04 1.544780e-01 -9.879961e-01
    outer loop
      vertex   4.867275e+00 -4.142950e-01 -8.344009e-01
      vertex   6.667500e+00 -4.682600e-01 -8.420764e-01
      vertex   4.867275e+00 -5.473917e-01 -8.552112e-01
    endloop
  endfacet
  facet normal -5.635185e-04 1.762090e-01 -9.843526e-01
    outer loop
      vertex   4.867275e+00 -5.473917e-01 -8.552112e-01
      vertex   6.667500e+00 -4.682600e-01 -8.420764e-01
      vertex   6.667500e+00 -6.170725e-01 -8.687153e-01
    endloop
  endfacet
  facet normal 4.430826e-04 2.012809e-01 -9.795335e-01
    outer loop
      vertex   4.867275e+00 -5.473917e-01 -8.552112e-01
      vertex   6.667500e+00 -6.170725e-01 -8.687153e-01
      vertex   4.867275e+00 -6.762513e-01 -8.816901e-01
    endloop
  endfacet
  facet normal -5.634687e-04 2.304845e-01 -9.730758e-01
    outer loop
      vertex   4.867275e+00 -6.762513e-01 -8.816901e-01
      vertex   6.667500e+00 -6.170725e-01 -8.687153e-01
      vertex   6.667500e+00 -7.597431e-01 -9.025086e-01
    endloop
  endfacet
  facet normal 4.057199e-04 2.501668e-01 -9.682027e-01
    outer loop
      vertex   4.867275e+00 -6.762513e-01 -8.816901e-01
      vertex   6.667500e+00 -7.597431e-01 -9.025086e-01
      vertex   4.867275e+00 -7.998761e-01 -9.136326e-01
    endloop
  endfacet
  facet normal -4.996215e-04 2.878586e-01 -9.576728e-01
    outer loop
      vertex   4.867275e+00 -7.998761e-01 -9.136326e-01
      vertex   6.667500e+00 -7.597431e-01 -9.025086e-01
      vertex   6.667500e+00 -8.948519e-01 -9.431197e-01
    endloop
  endfacet
  facet normal 2.995630e-04 3.016828e-01 -9.534083e-01
    outer loop
      vertex   4.867275e+00 -7.998761e-01 -9.136326e-01
      vertex   6.667500e+00 -8.948519e-01 -9.431197e-01
      vertex   4.867275e+00 -9.173092e-01 -9.507914e-01
    endloop
  endfacet
  facet normal -3.624129e-04 3.491639e-01 -9.370616e-01
    outer loop
      vertex   4.867275e+00 -9.173092e-01 -9.507914e-01
      vertex   6.667500e+00 -8.948519e-01 -9.431197e-01
      vertex   6.667500e+00 -1.021054e+00 -9.901447e-01
    endloop
  endfacet
  facet normal 1.149224e-04 3.564105e-01 -9.343295e-01
    outer loop
      vertex   4.867275e+00 -9.173092e-01 -9.507914e-01
      vertex   6.667500e+00 -1.021054e+00 -9.901447e-01
      vertex   4.867275e+00 -1.027642e+00 -9.928790e-01
    endloop
  endfacet
  facet normal -1.378614e-04 4.152670e-01 -9.096996e-01
    outer loop
      vertex   4.867275e+00 -1.027642e+00 -9.928790e-01
      vertex   6.667500e+00 -1.021054e+00 -9.901447e-01
      vertex   6.667500e+00 -1.137094e+00 -1.043115e+00
    endloop
  endfacet
  facet normal 3.197228e-16 4.171408e-01 -9.088419e-01
    outer loop
      vertex   4.867275e+00 -1.027642e+00 -9.928790e-01
      vertex   6.667500e+00 -1.137094e+00 -1.043115e+00
      vertex   4.865388e+00 -1.137094e+00 -1.043115e+00
    endloop
  endfacet
  facet normal -8.142027e-01 -5.805808e-01 -0.000000e+00
    outer loop
      vertex   4.232275e+00 2.932642e+00 5.715000e-01
      vertex   4.232275e+00 2.932642e+00 -1.563582e+00
      vertex   4.320966e+00 2.808263e+00 5.678250e-01
    endloop
  endfacet
  facet normal -8.235596e-01 -5.672285e-01 1.168534e-03
    outer loop
      vertex   4.320966e+00 2.808263e+00 5.678250e-01
      vertex   4.232275e+00 2.932642e+00 -1.563582e+00
      vertex   4.376724e+00 2.722967e+00 -1.538741e+00
    endloop
  endfacet
  facet normal -8.412006e-01 -5.407230e-01 -3.716163e-04
    outer loop
      vertex   4.320966e+00 2.808263e+00 5.678250e-01
      vertex   4.376724e+00 2.722967e+00 -1.538741e+00
      vertex   4.403571e+00 2.679762e+00 5.568086e-01
    endloop
  endfacet
  facet normal -8.665591e-01 -4.990737e-01 8.119751e-04
    outer loop
      vertex   4.403571e+00 2.679762e+00 5.568086e-01
      vertex   4.376724e+00 2.722967e+00 -1.538741e+00
      vertex   4.505067e+00 2.500180e+00 -1.502554e+00
    endloop
  endfacet
  facet normal -8.729201e-01 -4.878629e-01 -4.791384e-04
    outer loop
      vertex   4.403571e+00 2.679762e+00 5.568086e-01
      vertex   4.505067e+00 2.500180e+00 -1.502554e+00
      vertex   4.519989e+00 2.471477e+00 5.376523e-01
    endloop
  endfacet
  facet normal -9.039529e-01 -4.276316e-01 5.952333e-04
    outer loop
      vertex   4.519989e+00 2.471477e+00 5.376523e-01
      vertex   4.505067e+00 2.500180e+00 -1.502554e+00
      vertex   4.612984e+00 2.272126e+00 -1.454793e+00
    endloop
  endfacet
  facet normal -9.070820e-01 -4.209539e-01 -2.189400e-04
    outer loop
      vertex   4.519989e+00 2.471477e+00 5.376523e-01
      vertex   4.612984e+00 2.272126e+00 -1.454793e+00
      vertex   4.620436e+00 2.255037e+00 5.261150e-01
    endloop
  endfacet
  facet normal -9.338610e-01 -3.576360e-01 4.280277e-04
    outer loop
      vertex   4.620436e+00 2.255037e+00 5.261150e-01
      vertex   4.612984e+00 2.272126e+00 -1.454793e+00
      vertex   4.698903e+00 2.047842e+00 -1.397263e+00
    endloop
  endfacet
  facet normal -9.361322e-01 -3.516481e-01 -3.096743e-04
    outer loop
      vertex   4.620436e+00 2.255037e+00 5.261150e-01
      vertex   4.698903e+00 2.047842e+00 -1.397263e+00
      vertex   4.704344e+00 2.031665e+00 5.222621e-01
    endloop
  endfacet
  facet normal -9.584195e-01 -2.853630e-01 3.121500e-04
    outer loop
      vertex   4.704344e+00 2.031665e+00 5.222621e-01
      vertex   4.698903e+00 2.047842e+00 -1.397263e+00
      vertex   4.765157e+00 1.825395e+00 -1.328891e+00
    endloop
  endfacet
  facet normal -9.598947e-01 -2.803606e-01 -2.937203e-04
    outer loop
      vertex   4.704344e+00 2.031665e+00 5.222621e-01
      vertex   4.765157e+00 1.825395e+00 -1.328891e+00
      vertex   4.771241e+00 1.802622e+00 5.261150e-01
    endloop
  endfacet
  facet normal -9.767494e-01 -2.143836e-01 5.715173e-04
    outer loop
      vertex   4.771241e+00 1.802622e+00 5.261150e-01
      vertex   4.765157e+00 1.825395e+00 -1.328891e+00
      vertex   4.815294e+00 1.597187e+00 -1.246915e+00
    endloop
  endfacet
  facet normal -9.782375e-01 -2.074882e-01 -2.643921e-04
    outer loop
      vertex   4.771241e+00 1.802622e+00 5.261150e-01
      vertex   4.815294e+00 1.597187e+00 -1.246915e+00
      vertex   4.820747e+00 1.569202e+00 5.376523e-01
    endloop
  endfacet
  facet normal -9.896154e-01 -1.437384e-01 7.701001e-04
    outer loop
      vertex   4.820747e+00 1.569202e+00 5.376523e-01
      vertex   4.815294e+00 1.597187e+00 -1.246915e+00
      vertex   4.848858e+00 1.366615e+00 -1.151576e+00
    endloop
  endfacet
  facet normal -9.910538e-01 -1.334623e-01 -4.862296e-04
    outer loop
      vertex   4.820747e+00 1.569202e+00 5.376523e-01
      vertex   4.848858e+00 1.366615e+00 -1.151576e+00
      vertex   4.852584e+00 1.332723e+00 5.568086e-01
    endloop
  endfacet
  facet normal -9.973999e-01 -7.206155e-02 7.457227e-04
    outer loop
      vertex   4.852584e+00 1.332723e+00 5.568086e-01
      vertex   4.848858e+00 1.366615e+00 -1.151576e+00
      vertex   4.863600e+00 1.180359e+00 5.678250e-01
    endloop
  endfacet
  facet normal -9.974437e-01 -7.145272e-02 8.120503e-04
    outer loop
      vertex   4.863600e+00 1.180359e+00 5.678250e-01
      vertex   4.848858e+00 1.366615e+00 -1.151576e+00
      vertex   4.865388e+00 1.137094e+00 -1.043115e+00
    endloop
  endfacet
  facet normal -9.997102e-01 -2.406810e-02 -4.630923e-04
    outer loop
      vertex   4.863600e+00 1.180359e+00 5.678250e-01
      vertex   4.865388e+00 1.137094e+00 -1.043115e+00
      vertex   4.867275e+00 1.027642e+00 5.715000e-01
    endloop
  endfacet
  facet normal -9.998514e-01 -1.723908e-02 5.676671e-16
    outer loop
      vertex   4.867275e+00 1.027642e+00 5.715000e-01
      vertex   4.865388e+00 1.137094e+00 -1.043115e+00
      vertex   4.867275e+00 1.027642e+00 -9.928790e-01
    endloop
  endfacet
  facet normal -1.000000e+00 -7.833444e-15 5.677514e-16
    outer loop
      vertex   4.867275e+00 1.027642e+00 -9.928790e-01
      vertex   4.867275e+00 9.173092e-01 -9.507914e-01
      vertex   4.867275e+00 1.027642e+00 5.715000e-01
    endloop
  endfacet
  facet normal -1.000000e+00 0.000000e+00 0.000000e+00
    outer loop
      vertex   4.867275e+00 1.027642e+00 5.715000e-01
      vertex   4.867275e+00 9.173092e-01 -9.507914e-01
      vertex   4.867275e+00 7.998761e-01 -9.136326e-01
    endloop
  endfacet
  facet normal -1.000000e+00 0.000000e+00 0.000000e+00
    outer loop
      vertex   4.867275e+00 1.027642e+00 5.715000e-01
      vertex   4.867275e+00 7.998761e-01 -9.136326e-01
      vertex   4.867275e+00 6.762513e-01 -8.816901e-01
    endloop
  endfacet
  facet normal -1.000000e+00 0.000000e+00 0.000000e+00
    outer loop
      vertex   4.867275e+00 6.762513e-01 -8.816901e-01
      vertex   4.867275e+00 5.473917e-01 -8.552112e-01
      vertex   4.867275e+00 1.027642e+00 5.715000e-01
    endloop
  endfacet
  facet normal -1.000000e+00 0.000000e+00 0.000000e+00
    outer loop
      vertex   4.867275e+00 1.027642e+00 5.715000e-01
      vertex   4.867275e+00 5.473917e-01 -8.552112e-01
      vertex   4.867275e+00 4.142950e-01 -8.344009e-01
    endloop
  endfacet
  facet normal -1.000000e+00 0.000000e+00 0.000000e+00
    outer loop
      vertex   4.867275e+00 1.027642e+00 5.715000e-01
      vertex   4.867275e+00 4.142950e-01 -8.344009e-01
      vertex   4.867275e+00 2.779913e-01 -8.194202e-01
    endloop
  endfacet
  facet normal -1.000000e+00 0.000000e+00 0.000000e+00
    outer loop
      vertex   4.867275e+00 2.779913e-01 -8.194202e-01
      vertex   4.867275e+00 9.720634e-17 -8.073657e-01
      vertex   4.867275e+00 1.027642e+00 5.715000e-01
    endloop
  endfacet
  facet normal -1.000000e+00 -0.000000e+00 0.000000e+00
    outer loop
      vertex   4.867275e+00 1.027642e+00 5.715000e-01
      vertex   4.867275e+00 9.720634e-17 -8.073657e-01
      vertex   4.867275e+00 -1.027642e+00 5.715000e-01
    endloop
  endfacet
  facet normal -1.000000e+00 0.000000e+00 0.000000e+00
    outer loop
      vertex   4.867275e+00 -1.027642e+00 5.715000e-01
      vertex   4.867275e+00 9.720634e-17 -8.073657e-01
      vertex   4.867275e+00 -2.779913e-01 -8.194202e-01
    endloop
  endfacet
  facet normal -1.000000e+00 0.000000e+00 0.000000e+00
    outer loop
      vertex   4.867275e+00 -1.027642e+00 5.715000e-01
      vertex   4.867275e+00 -2.779913e-01 -8.194202e-01
      vertex   4.867275e+00 -4.142950e-01 -8.344009e-01
    endloop
  endfacet
  facet normal -1.000000e+00 -0.000000e+00 0.000000e+00
    outer loop
      vertex   4.867275e+00 -4.142950e-01 -8.344009e-01
      vertex   4.867275e+00 -5.473917e-01 -8.552112e-01
      vertex   4.867275e+00 -1.027642e+00 5.715000e-01
    endloop
  endfacet
  facet normal -1.000000e+00 0.000000e+00 0.000000e+00
    outer loop
      vertex   4.867275e+00 -1.027642e+00 5.715000e-01
      vertex   4.867275e+00 -5.473917e-01 -8.552112e-01
      vertex   4.867275e+00 -6.762513e-01 -8.816901e-01
    endloop
  endfacet
  facet normal -1.000000e+00 0.000000e+00 0.000000e+00
    outer loop
      vertex   4.867275e+00 -1.027642e+00 5.715000e-01
      vertex   4.867275e+00 -6.762513e-01 -8.816901e-01
      vertex   4.867275e+00 -7.998761e-01 -9.136326e-01
    endloop
  endfacet
  facet normal -1.000000e+00 -0.000000e+00 0.000000e+00
    outer loop
      vertex   4.867275e+00 -7.998761e-01 -9.136326e-01
      vertex   4.867275e+00 -9.173092e-01 -9.507914e-01
      vertex   4.867275e+00 -1.027642e+00 5.715000e-01
    endloop
  endfacet
  facet normal -1.000000e+00 0.000000e+00 0.000000e+00
    outer loop
      vertex   4.867275e+00 -1.027642e+00 5.715000e-01
      vertex   4.867275e+00 -9.173092e-01 -9.507914e-01
      vertex   4.867275e+00 -1.027642e+00 -9.928790e-01
    endloop
  endfacet
  facet normal 1.000000e+00 -2.165752e-16 5.677514e-16
    outer loop
      vertex   -4.867275e+00 -1.027642e+00 -9.928790e-01
      vertex   -4.867275e+00 -9.173092e-01 -9.507914e-01
      vertex   -4.867275e+00 -1.027642e+00 5.715000e-01
    endloop
  endfacet
  facet normal 1.000000e+00 -1.804789e-16 5.703676e-16
    outer loop
      vertex   -4.867275e+00 -1.027642e+00 5.715000e-01
      vertex   -4.867275e+00 -9.173092e-01 -9.507914e-01
      vertex   -4.867275e+00 -7.998761e-01 -9.136326e-01
    endloop
  endfacet
  facet normal 1.000000e+00 -1.486350e-16 5.752513e-16
    outer loop
      vertex   -4.867275e+00 -1.027642e+00 5.715000e-01
      vertex   -4.867275e+00 -7.998761e-01 -9.136326e-01
      vertex   -4.867275e+00 -6.762513e-01 -8.816901e-01
    endloop
  endfacet
  facet normal 1.000000e+00 -1.196468e-16 5.822609e-16
    outer loop
      vertex   -4.867275e+00 -6.762513e-01 -8.816901e-01
      vertex   -4.867275e+00 -5.473917e-01 -8.552112e-01
      vertex   -4.867275e+00 -1.027642e+00 5.715000e-01
    endloop
  endfacet
  facet normal 1.000000e+00 -9.246966e-17 5.914090e-16
    outer loop
      vertex   -4.867275e+00 -1.027642e+00 5.715000e-01
      vertex   -4.867275e+00 -5.473917e-01 -8.552112e-01
      vertex   -4.867275e+00 -4.142950e-01 -8.344009e-01
    endloop
  endfacet
  facet normal 1.000000e+00 -6.625654e-17 6.028449e-16
    outer loop
      vertex   -4.867275e+00 -1.027642e+00 5.715000e-01
      vertex   -4.867275e+00 -4.142950e-01 -8.344009e-01
      vertex   -4.867275e+00 -2.779913e-01 -8.194202e-01
    endloop
  endfacet
  facet normal 1.000000e+00 -2.705721e-17 6.239718e-16
    outer loop
      vertex   -4.867275e+00 -2.779913e-01 -8.194202e-01
      vertex   -4.867275e+00 -6.077853e-16 -8.073657e-01
      vertex   -4.867275e+00 -1.027642e+00 5.715000e-01
    endloop
  endfacet
  facet normal 1.000000e+00 -0.000000e+00 6.441370e-16
    outer loop
      vertex   -4.867275e+00 -1.027642e+00 5.715000e-01
      vertex   -4.867275e+00 -6.077853e-16 -8.073657e-01
      vertex   -4.867275e+00 1.027642e+00 5.715000e-01
    endloop
  endfacet
  facet normal 1.000000e+00 2.705721e-17 6.239718e-16
    outer loop
      vertex   -4.867275e+00 1.027642e+00 5.715000e-01
      vertex   -4.867275e+00 -6.077853e-16 -8.073657e-01
      vertex   -4.867275e+00 2.779913e-01 -8.194202e-01
    endloop
  endfacet
  facet normal 1.000000e+00 6.625654e-17 6.028449e-16
    outer loop
      vertex   -4.867275e+00 1.027642e+00 5.715000e-01
      vertex   -4.867275e+00 2.779913e-01 -8.194202e-01
      vertex   -4.867275e+00 4.142950e-01 -8.344009e-01
    endloop
  endfacet
  facet normal 1.000000e+00 9.246966e-17 5.914090e-16
    outer loop
      vertex   -4.867275e+00 4.142950e-01 -8.344009e-01
      vertex   -4.867275e+00 5.473917e-01 -8.552112e-01
      vertex   -4.867275e+00 1.027642e+00 5.715000e-01
    endloop
  endfacet
  facet normal 1.000000e+00 1.196468e-16 5.822609e-16
    outer loop
      vertex   -4.867275e+00 1.027642e+00 5.715000e-01
      vertex   -4.867275e+00 5.473917e-01 -8.552112e-01
      vertex   -4.867275e+00 6.762513e-01 -8.816901e-01
    endloop
  endfacet
  facet normal 1.000000e+00 1.486350e-16 5.752513e-16
    outer loop
      vertex   -4.867275e+00 1.027642e+00 5.715000e-01
      vertex   -4.867275e+00 6.762513e-01 -8.816901e-01
      vertex   -4.867275e+00 7.998761e-01 -9.136326e-01
    endloop
  endfacet
  facet normal 1.000000e+00 1.804789e-16 5.703676e-16
    outer loop
      vertex   -4.867275e+00 7.998761e-01 -9.136326e-01
      vertex   -4.867275e+00 9.173092e-01 -9.507914e-01
      vertex   -4.867275e+00 1.027642e+00 5.715000e-01
    endloop
  endfacet
  facet normal 1.000000e+00 2.165752e-16 5.677514e-16
    outer loop
      vertex   -4.867275e+00 1.027642e+00 5.715000e-01
      vertex   -4.867275e+00 9.173092e-01 -9.507914e-01
      vertex   -4.867275e+00 1.027642e+00 -9.928790e-01
    endloop
  endfacet
  facet normal -3.546682e-02 -9.993709e-01 -0.000000e+00
    outer loop
      vertex   4.984750e-01 5.794375e+00 5.715000e-01
      vertex   4.984750e-01 5.794375e+00 -1.587500e+00
      vertex   7.235476e-01 5.786387e+00 5.635124e-01
    endloop
  endfacet
  facet normal -4.213729e-02 -9.991116e-01 6.989318e-04
    outer loop
      vertex   7.235476e-01 5.786387e+00 5.635124e-01
      vertex   4.984750e-01 5.794375e+00 -1.587500e+00
      vertex   7.658092e-01 5.783100e+00 -1.587500e+00
    endloop
  endfacet
  facet normal -1.062821e-01 -9.943359e-01 -5.686378e-04
    outer loop
      vertex   7.235476e-01 5.786387e+00 5.635124e-01
      vertex   7.658092e-01 5.783100e+00 -1.587500e+00
      vertex   9.474878e-01 5.762465e+00 5.395896e-01
    endloop
  endfacet
  facet normal -1.261126e-01 -9.920153e-01 1.147634e-03
    outer loop
      vertex   9.474878e-01 5.762465e+00 5.395896e-01
      vertex   7.658092e-01 5.783100e+00 -1.587500e+00
      vertex   1.031245e+00 5.749356e+00 -1.587500e+00
    endloop
  endfacet
  facet normal -1.812422e-01 -9.834379e-01 -1.076030e-03
    outer loop
      vertex   9.474878e-01 5.762465e+00 5.395896e-01
      vertex   1.031245e+00 5.749356e+00 -1.587500e+00
      vertex   1.198586e+00 5.716223e+00 5.078665e-01
    endloop
  endfacet
  facet normal -2.091921e-01 -9.778738e-01 1.244103e-03
    outer loop
      vertex   1.198586e+00 5.716223e+00 5.078665e-01
      vertex   1.031245e+00 5.749356e+00 -1.587500e+00
      vertex   1.292897e+00 5.693382e+00 -1.587500e+00
    endloop
  endfacet
  facet normal -2.596472e-01 -9.657028e-01 -1.159505e-03
    outer loop
      vertex   1.198586e+00 5.716223e+00 5.078665e-01
      vertex   1.292897e+00 5.693382e+00 -1.587500e+00
      vertex   1.445157e+00 5.649955e+00 4.850595e-01
    endloop
  endfacet
  facet normal -2.907860e-01 -9.567872e-01 1.314912e-03
    outer loop
      vertex   1.445157e+00 5.649955e+00 4.850595e-01
      vertex   1.292897e+00 5.693382e+00 -1.587500e+00
      vertex   1.548906e+00 5.615576e+00 -1.587500e+00
    endloop
  endfacet
  facet normal -3.363669e-01 -9.417302e-01 -1.216564e-03
    outer loop
      vertex   1.445157e+00 5.649955e+00 4.850595e-01
      vertex   1.548906e+00 5.615576e+00 -1.587500e+00
      vertex   1.685606e+00 5.564090e+00 4.713160e-01
    endloop
  endfacet
  facet normal -3.703146e-01 -9.289054e-01 1.358190e-03
    outer loop
      vertex   1.685606e+00 5.564090e+00 4.713160e-01
      vertex   1.548906e+00 5.615576e+00 -1.587500e+00
      vertex   1.797455e+00 5.516490e+00 -1.587500e+00
    endloop
  endfacet
  facet normal -4.109089e-01 -9.116755e-01 -1.245532e-03
    outer loop
      vertex   1.685606e+00 5.564090e+00 4.713160e-01
      vertex   1.797455e+00 5.516490e+00 -1.587500e+00
      vertex   1.918378e+00 5.459181e+00 4.667249e-01
    endloop
  endfacet
  facet normal -4.472132e-01 -8.944263e-01 1.372751e-03
    outer loop
      vertex   1.918378e+00 5.459181e+00 4.667249e-01
      vertex   1.797455e+00 5.516490e+00 -1.587500e+00
      vertex   2.036779e+00 5.396828e+00 -1.587500e+00
    endloop
  endfacet
  facet normal -4.827951e-01 -8.757325e-01 -1.245532e-03
    outer loop
      vertex   1.918378e+00 5.459181e+00 4.667249e-01
      vertex   2.036779e+00 5.396828e+00 -1.587500e+00
      vertex   2.141968e+00 5.335909e+00 4.713160e-01
    endloop
  endfacet
  facet normal -5.209356e-01 -8.535949e-01 1.358190e-03
    outer loop
      vertex   2.141968e+00 5.335909e+00 4.713160e-01
      vertex   2.036779e+00 5.396828e+00 -1.587500e+00
      vertex   2.265177e+00 5.257440e+00 -1.587500e+00
    endloop
  endfacet
  facet normal -5.515640e-01 -8.341317e-01 -1.216564e-03
    outer loop
      vertex   2.141968e+00 5.335909e+00 4.713160e-01
      vertex   2.265177e+00 5.257440e+00 -1.587500e+00
      vertex   2.354930e+00 5.195069e+00 4.850595e-01
    endloop
  endfacet
  facet normal -5.909582e-01 -8.067011e-01 1.314912e-03
    outer loop
      vertex   2.354930e+00 5.195069e+00 4.850595e-01
      vertex   2.265177e+00 5.257440e+00 -1.587500e+00
      vertex   2.481028e+00 5.099316e+00 -1.587500e+00
    endloop
  endfacet
  facet normal -6.167739e-01 -7.871395e-01 -1.159505e-03
    outer loop
      vertex   2.354930e+00 5.195069e+00 4.850595e-01
      vertex   2.481028e+00 5.099316e+00 -1.587500e+00
      vertex   2.555887e+00 5.037573e+00 5.078665e-01
    endloop
  endfacet
  facet normal -6.567837e-01 -7.540780e-01 1.244103e-03
    outer loop
      vertex   2.555887e+00 5.037573e+00 5.078665e-01
      vertex   2.481028e+00 5.099316e+00 -1.587500e+00
      vertex   2.682798e+00 4.923579e+00 -1.587500e+00
    endloop
  endfacet
  facet normal -6.780050e-01 -7.350565e-01 -1.076030e-03
    outer loop
      vertex   2.555887e+00 5.037573e+00 5.078665e-01
      vertex   2.682798e+00 4.923579e+00 -1.587500e+00
      vertex   2.743539e+00 4.864439e+00 5.395896e-01
    endloop
  endfacet
  facet normal -7.179447e-01 -6.960992e-01 1.147634e-03
    outer loop
      vertex   2.743539e+00 4.864439e+00 5.395896e-01
      vertex   2.682798e+00 4.923579e+00 -1.587500e+00
      vertex   2.869055e+00 4.731478e+00 -1.587500e+00
    endloop
  endfacet
  facet normal -7.316995e-01 -6.816272e-01 -5.686378e-04
    outer loop
      vertex   2.743539e+00 4.864439e+00 5.395896e-01
      vertex   2.869055e+00 4.731478e+00 -1.587500e+00
      vertex   2.897041e+00 4.699641e+00 5.635124e-01
    endloop
  endfacet
  facet normal -7.740069e-01 -6.331768e-01 6.989318e-04
    outer loop
      vertex   2.897041e+00 4.699641e+00 5.635124e-01
      vertex   2.869055e+00 4.731478e+00 -1.587500e+00
      vertex   3.038475e+00 4.524375e+00 -1.587500e+00
    endloop
  endfacet
  facet normal -7.782166e-01 -6.279960e-01 0.000000e+00
    outer loop
      vertex   2.897041e+00 4.699641e+00 5.635124e-01
      vertex   3.038475e+00 4.524375e+00 -1.587500e+00
      vertex   3.038475e+00 4.524375e+00 5.715000e-01
    endloop
  endfacet
  facet normal -5.504046e-01 -4.365010e-01 7.117033e-01
    outer loop
      vertex   3.267494e+00 5.912349e+00 1.587500e+00
      vertex   3.183892e+00 6.017768e+00 1.587500e+00
      vertex   2.743539e+00 4.864439e+00 5.395896e-01
    endloop
  endfacet
  facet normal -5.342101e-01 -4.476088e-01 7.171233e-01
    outer loop
      vertex   2.743539e+00 4.864439e+00 5.395896e-01
      vertex   3.183892e+00 6.017768e+00 1.587500e+00
      vertex   2.555887e+00 5.037573e+00 5.078665e-01
    endloop
  endfacet
  facet normal -5.191815e-01 -4.604405e-01 7.200313e-01
    outer loop
      vertex   2.555887e+00 5.037573e+00 5.078665e-01
      vertex   3.183892e+00 6.017768e+00 1.587500e+00
      vertex   3.095704e+00 6.117206e+00 1.587500e+00
    endloop
  endfacet
  facet normal -4.871188e-01 -4.836353e-01 7.271947e-01
    outer loop
      vertex   2.555887e+00 5.037573e+00 5.078665e-01
      vertex   3.095704e+00 6.117206e+00 1.587500e+00
      vertex   3.003073e+00 6.210504e+00 1.587500e+00
    endloop
  endfacet
  facet normal -4.701517e-01 -4.939750e-01 7.314001e-01
    outer loop
      vertex   2.555887e+00 5.037573e+00 5.078665e-01
      vertex   3.003073e+00 6.210504e+00 1.587500e+00
      vertex   2.354930e+00 5.195069e+00 4.850595e-01
    endloop
  endfacet
  facet normal -4.542682e-01 -5.060480e-01 7.331820e-01
    outer loop
      vertex   2.354930e+00 5.195069e+00 4.850595e-01
      vertex   3.003073e+00 6.210504e+00 1.587500e+00
      vertex   2.906150e+00 6.297509e+00 1.587500e+00
    endloop
  endfacet
  facet normal -4.206829e-01 -5.276421e-01 7.379836e-01
    outer loop
      vertex   2.354930e+00 5.195069e+00 4.850595e-01
      vertex   2.906150e+00 6.297509e+00 1.587500e+00
      vertex   2.805092e+00 6.378083e+00 1.587500e+00
    endloop
  endfacet
  facet normal -4.030470e-01 -5.371365e-01 7.409706e-01
    outer loop
      vertex   2.354930e+00 5.195069e+00 4.850595e-01
      vertex   2.805092e+00 6.378083e+00 1.587500e+00
      vertex   2.141968e+00 5.335909e+00 4.713160e-01
    endloop
  endfacet
  facet normal -3.864172e-01 -5.483829e-01 7.415915e-01
    outer loop
      vertex   2.141968e+00 5.335909e+00 4.713160e-01
      vertex   2.805092e+00 6.378083e+00 1.587500e+00
      vertex   2.700060e+00 6.452093e+00 1.587500e+00
    endloop
  endfacet
  facet normal -3.515265e-01 -5.682368e-01 7.440000e-01
    outer loop
      vertex   2.141968e+00 5.335909e+00 4.713160e-01
      vertex   2.700060e+00 6.452093e+00 1.587500e+00
      vertex   2.591226e+00 6.519420e+00 1.587500e+00
    endloop
  endfacet
  facet normal -3.333305e-01 -5.768148e-01 7.457717e-01
    outer loop
      vertex   2.141968e+00 5.335909e+00 4.713160e-01
      vertex   2.591226e+00 6.519420e+00 1.587500e+00
      vertex   1.918378e+00 5.459181e+00 4.667249e-01
    endloop
  endfacet
  facet normal -3.160673e-01 -5.871716e-01 7.452053e-01
    outer loop
      vertex   1.918378e+00 5.459181e+00 4.667249e-01
      vertex   2.591226e+00 6.519420e+00 1.587500e+00
      vertex   2.478766e+00 6.579956e+00 1.587500e+00
    endloop
  endfacet
  facet normal -2.800969e-01 -6.051568e-01 7.452053e-01
    outer loop
      vertex   1.918378e+00 5.459181e+00 4.667249e-01
      vertex   2.478766e+00 6.579956e+00 1.587500e+00
      vertex   2.362861e+00 6.633603e+00 1.587500e+00
    endloop
  endfacet
  facet normal -2.614535e-01 -6.127533e-01 7.457717e-01
    outer loop
      vertex   1.918378e+00 5.459181e+00 4.667249e-01
      vertex   2.362861e+00 6.633603e+00 1.587500e+00
      vertex   1.685606e+00 5.564090e+00 4.713160e-01
    endloop
  endfacet
  facet normal -2.436735e-01 -6.221633e-01 7.440000e-01
    outer loop
      vertex   1.685606e+00 5.564090e+00 4.713160e-01
      vertex   2.362861e+00 6.633603e+00 1.587500e+00
      vertex   2.243698e+00 6.680274e+00 1.587500e+00
    endloop
  endfacet
  facet normal -2.068560e-01 -6.381635e-01 7.415915e-01
    outer loop
      vertex   1.685606e+00 5.564090e+00 4.713160e-01
      vertex   2.243698e+00 6.680274e+00 1.587500e+00
      vertex   2.121471e+00 6.719893e+00 1.587500e+00
    endloop
  endfacet
  facet normal -1.878810e-01 -6.447195e-01 7.409706e-01
    outer loop
      vertex   1.685606e+00 5.564090e+00 4.713160e-01
      vertex   2.121471e+00 6.719893e+00 1.587500e+00
      vertex   1.445157e+00 5.649955e+00 4.850595e-01
    endloop
  endfacet
  facet normal -1.697040e-01 -6.531316e-01 7.379836e-01
    outer loop
      vertex   1.445157e+00 5.649955e+00 4.850595e-01
      vertex   2.121471e+00 6.719893e+00 1.587500e+00
      vertex   1.996377e+00 6.752396e+00 1.587500e+00
    endloop
  endfacet
  facet normal -1.322775e-01 -6.670433e-01 7.331820e-01
    outer loop
      vertex   1.445157e+00 5.649955e+00 4.850595e-01
      vertex   1.996377e+00 6.752396e+00 1.587500e+00
      vertex   1.868619e+00 6.777731e+00 1.587500e+00
    endloop
  endfacet
  facet normal -1.130889e-01 -6.725064e-01 7.314001e-01
    outer loop
      vertex   1.445157e+00 5.649955e+00 4.850595e-01
      vertex   1.868619e+00 6.777731e+00 1.587500e+00
      vertex   1.198586e+00 5.716223e+00 5.078665e-01
    endloop
  endfacet
  facet normal -9.463702e-02 -6.798762e-01 7.271947e-01
    outer loop
      vertex   1.198586e+00 5.716223e+00 5.078665e-01
      vertex   1.868619e+00 6.777731e+00 1.587500e+00
      vertex   1.738403e+00 6.795857e+00 1.587500e+00
    endloop
  endfacet
  facet normal -5.684350e-02 -6.916095e-01 7.200313e-01
    outer loop
      vertex   1.198586e+00 5.716223e+00 5.078665e-01
      vertex   1.738403e+00 6.795857e+00 1.587500e+00
      vertex   1.605939e+00 6.806744e+00 1.587500e+00
    endloop
  endfacet
  facet normal -1.895806e-02 -7.022243e-01 7.117033e-01
    outer loop
      vertex   1.471443e+00 6.810375e+00 1.587500e+00
      vertex   9.474878e-01 5.762465e+00 5.395896e-01
      vertex   1.605939e+00 6.806744e+00 1.587500e+00
    endloop
  endfacet
  facet normal -3.756098e-02 -6.959334e-01 7.171233e-01
    outer loop
      vertex   1.605939e+00 6.806744e+00 1.587500e+00
      vertex   9.474878e-01 5.762465e+00 5.395896e-01
      vertex   1.198586e+00 5.716223e+00 5.078665e-01
    endloop
  endfacet
  facet normal -0.000000e+00 -1.000000e+00 -0.000000e+00
    outer loop
      vertex   4.984750e-01 5.794375e+00 5.715000e-01
      vertex   -4.984750e-01 5.794375e+00 5.715000e-01
      vertex   4.984750e-01 5.794375e+00 -1.587500e+00
    endloop
  endfacet
  facet normal 0.000000e+00 -1.000000e+00 0.000000e+00
    outer loop
      vertex   4.984750e-01 5.794375e+00 -1.587500e+00
      vertex   -4.984750e-01 5.794375e+00 5.715000e-01
      vertex   -4.984750e-01 5.794375e+00 -1.587500e+00
    endloop
  endfacet
  facet normal -7.224732e-15 -7.071068e-01 7.071068e-01
    outer loop
      vertex   9.474878e-01 5.762465e+00 5.395896e-01
      vertex   1.471443e+00 6.810375e+00 1.587500e+00
      vertex   7.235476e-01 5.786387e+00 5.635124e-01
    endloop
  endfacet
  facet normal 3.372077e-15 -7.071068e-01 7.071068e-01
    outer loop
      vertex   7.235476e-01 5.786387e+00 5.635124e-01
      vertex   1.471443e+00 6.810375e+00 1.587500e+00
      vertex   4.984750e-01 5.794375e+00 5.715000e-01
    endloop
  endfacet
  facet normal 2.100478e-16 -7.071068e-01 7.071068e-01
    outer loop
      vertex   4.984750e-01 5.794375e+00 5.715000e-01
      vertex   1.471443e+00 6.810375e+00 1.587500e+00
      vertex   -1.471443e+00 6.810375e+00 1.587500e+00
    endloop
  endfacet
  facet normal 0.000000e+00 -7.071068e-01 7.071068e-01
    outer loop
      vertex   4.984750e-01 5.794375e+00 5.715000e-01
      vertex   -1.471443e+00 6.810375e+00 1.587500e+00
      vertex   -4.984750e-01 5.794375e+00 5.715000e-01
    endloop
  endfacet
  facet normal 4.746847e-15 -7.071068e-01 7.071068e-01
    outer loop
      vertex   -4.984750e-01 5.794375e+00 5.715000e-01
      vertex   -1.471443e+00 6.810375e+00 1.587500e+00
      vertex   -7.235476e-01 5.786387e+00 5.635124e-01
    endloop
  endfacet
  facet normal -1.339751e-15 -7.071068e-01 7.071068e-01
    outer loop
      vertex   -7.235476e-01 5.786387e+00 5.635124e-01
      vertex   -1.471443e+00 6.810375e+00 1.587500e+00
      vertex   -9.474878e-01 5.762465e+00 5.395896e-01
    endloop
  endfacet
  facet normal 5.782631e-01 -3.994052e-01 7.113981e-01
    outer loop
      vertex   -5.434262e+00 3.023325e+00 1.587500e+00
      vertex   -5.538127e+00 2.872949e+00 1.587500e+00
      vertex   -4.403571e+00 2.679762e+00 5.568086e-01
    endloop
  endfacet
  facet normal 5.816307e-01 -3.907142e-01 7.134761e-01
    outer loop
      vertex   -4.403571e+00 2.679762e+00 5.568086e-01
      vertex   -5.538127e+00 2.872949e+00 1.587500e+00
      vertex   -4.519989e+00 2.471477e+00 5.376523e-01
    endloop
  endfacet
  facet normal 6.024923e-01 -3.490230e-01 7.177645e-01
    outer loop
      vertex   -4.519989e+00 2.471477e+00 5.376523e-01
      vertex   -5.538127e+00 2.872949e+00 1.587500e+00
      vertex   -5.628820e+00 2.716392e+00 1.587500e+00
    endloop
  endfacet
  facet normal 6.122231e-01 -3.226046e-01 7.218789e-01
    outer loop
      vertex   -4.519989e+00 2.471477e+00 5.376523e-01
      vertex   -5.628820e+00 2.716392e+00 1.587500e+00
      vertex   -4.620436e+00 2.255037e+00 5.261150e-01
    endloop
  endfacet
  facet normal 6.243611e-01 -2.972242e-01 7.223787e-01
    outer loop
      vertex   -4.620436e+00 2.255037e+00 5.261150e-01
      vertex   -5.628820e+00 2.716392e+00 1.587500e+00
      vertex   -5.706054e+00 2.554152e+00 1.587500e+00
    endloop
  endfacet
  facet normal 6.398413e-01 -2.528712e-01 7.257129e-01
    outer loop
      vertex   -4.620436e+00 2.255037e+00 5.261150e-01
      vertex   -5.706054e+00 2.554152e+00 1.587500e+00
      vertex   -4.704344e+00 2.031665e+00 5.222621e-01
    endloop
  endfacet
  facet normal 6.437562e-01 -2.442955e-01 7.251880e-01
    outer loop
      vertex   -4.704344e+00 2.031665e+00 5.222621e-01
      vertex   -5.706054e+00 2.554152e+00 1.587500e+00
      vertex   -5.769582e+00 2.386744e+00 1.587500e+00
    endloop
  endfacet
  facet normal 6.615822e-01 -1.908173e-01 7.251880e-01
    outer loop
      vertex   -4.704344e+00 2.031665e+00 5.222621e-01
      vertex   -5.769582e+00 2.386744e+00 1.587500e+00
      vertex   -5.819204e+00 2.214701e+00 1.587500e+00
    endloop
  endfacet
  facet normal 6.635958e-01 -1.816078e-01 7.257129e-01
    outer loop
      vertex   -4.704344e+00 2.031665e+00 5.222621e-01
      vertex   -5.819204e+00 2.214701e+00 1.587500e+00
      vertex   -4.771241e+00 1.802622e+00 5.261150e-01
    endloop
  endfacet
  facet normal 6.778234e-01 -1.368373e-01 7.223787e-01
    outer loop
      vertex   -4.771241e+00 1.802622e+00 5.261150e-01
      vertex   -5.819204e+00 2.214701e+00 1.587500e+00
      vertex   -5.854761e+00 2.038568e+00 1.587500e+00
    endloop
  endfacet
  facet normal 6.833412e-01 -1.092502e-01 7.218789e-01
    outer loop
      vertex   -4.771241e+00 1.802622e+00 5.261150e-01
      vertex   -5.854761e+00 2.038568e+00 1.587500e+00
      vertex   -4.820747e+00 1.569202e+00 5.376523e-01
    endloop
  endfacet
  facet normal 6.914077e-01 -8.227700e-02 7.177645e-01
    outer loop
      vertex   -4.820747e+00 1.569202e+00 5.376523e-01
      vertex   -5.854761e+00 2.038568e+00 1.587500e+00
      vertex   -5.876141e+00 1.858907e+00 1.587500e+00
    endloop
  endfacet
  facet normal 6.997331e-01 -3.640706e-02 7.134761e-01
    outer loop
      vertex   -4.820747e+00 1.569202e+00 5.376523e-01
      vertex   -5.876141e+00 1.858907e+00 1.587500e+00
      vertex   -4.852584e+00 1.332723e+00 5.568086e-01
    endloop
  endfacet
  facet normal 7.022536e-01 -2.743370e-02 7.113981e-01
    outer loop
      vertex   -4.852584e+00 1.332723e+00 5.568086e-01
      vertex   -5.876141e+00 1.858907e+00 1.587500e+00
      vertex   -5.883275e+00 1.676287e+00 1.587500e+00
    endloop
  endfacet
  facet normal 7.071068e-01 -4.576281e-17 7.071068e-01
    outer loop
      vertex   -4.852584e+00 1.332723e+00 5.568086e-01
      vertex   -5.883275e+00 1.676287e+00 1.587500e+00
      vertex   -4.863600e+00 1.180359e+00 5.678250e-01
    endloop
  endfacet
  facet normal 7.071068e-01 4.558670e-15 7.071068e-01
    outer loop
      vertex   -4.863600e+00 1.180359e+00 5.678250e-01
      vertex   -5.883275e+00 1.676287e+00 1.587500e+00
      vertex   -4.867275e+00 1.027642e+00 5.715000e-01
    endloop
  endfacet
  facet normal 7.071068e-01 0.000000e+00 7.071068e-01
    outer loop
      vertex   -4.867275e+00 1.027642e+00 5.715000e-01
      vertex   -5.883275e+00 1.676287e+00 1.587500e+00
      vertex   -5.883275e+00 -1.676287e+00 1.587500e+00
    endloop
  endfacet
  facet normal 7.071068e-01 0.000000e+00 7.071068e-01
    outer loop
      vertex   -4.867275e+00 1.027642e+00 5.715000e-01
      vertex   -5.883275e+00 -1.676287e+00 1.587500e+00
      vertex   -4.867275e+00 -1.027642e+00 5.715000e-01
    endloop
  endfacet
  facet normal 7.071068e-01 -3.036518e-15 7.071068e-01
    outer loop
      vertex   -4.867275e+00 -1.027642e+00 5.715000e-01
      vertex   -5.883275e+00 -1.676287e+00 1.587500e+00
      vertex   -4.863600e+00 -1.180359e+00 5.678250e-01
    endloop
  endfacet
  facet normal 7.071068e-01 -9.610189e-16 7.071068e-01
    outer loop
      vertex   -4.863600e+00 -1.180359e+00 5.678250e-01
      vertex   -5.883275e+00 -1.676287e+00 1.587500e+00
      vertex   -4.852584e+00 -1.332723e+00 5.568086e-01
    endloop
  endfacet
  facet normal 7.022536e-01 2.743370e-02 7.113981e-01
    outer loop
      vertex   -5.883275e+00 -1.676287e+00 1.587500e+00
      vertex   -5.876141e+00 -1.858907e+00 1.587500e+00
      vertex   -4.852584e+00 -1.332723e+00 5.568086e-01
    endloop
  endfacet
  facet normal 6.997331e-01 3.640706e-02 7.134761e-01
    outer loop
      vertex   -4.852584e+00 -1.332723e+00 5.568086e-01
      vertex   -5.876141e+00 -1.858907e+00 1.587500e+00
      vertex   -4.820747e+00 -1.569202e+00 5.376523e-01
    endloop
  endfacet
  facet normal 6.914077e-01 8.227700e-02 7.177645e-01
    outer loop
      vertex   -4.820747e+00 -1.569202e+00 5.376523e-01
      vertex   -5.876141e+00 -1.858907e+00 1.587500e+00
      vertex   -5.854761e+00 -2.038568e+00 1.587500e+00
    endloop
  endfacet
  facet normal 6.833412e-01 1.092502e-01 7.218789e-01
    outer loop
      vertex   -4.820747e+00 -1.569202e+00 5.376523e-01
      vertex   -5.854761e+00 -2.038568e+00 1.587500e+00
      vertex   -4.771241e+00 -1.802622e+00 5.261150e-01
    endloop
  endfacet
  facet normal 6.778234e-01 1.368373e-01 7.223787e-01
    outer loop
      vertex   -4.771241e+00 -1.802622e+00 5.261150e-01
      vertex   -5.854761e+00 -2.038568e+00 1.587500e+00
      vertex   -5.819204e+00 -2.214701e+00 1.587500e+00
    endloop
  endfacet
  facet normal 6.635958e-01 1.816078e-01 7.257129e-01
    outer loop
      vertex   -4.771241e+00 -1.802622e+00 5.261150e-01
      vertex   -5.819204e+00 -2.214701e+00 1.587500e+00
      vertex   -4.704344e+00 -2.031665e+00 5.222621e-01
    endloop
  endfacet
  facet normal 6.615822e-01 1.908173e-01 7.251880e-01
    outer loop
      vertex   -4.704344e+00 -2.031665e+00 5.222621e-01
      vertex   -5.819204e+00 -2.214701e+00 1.587500e+00
      vertex   -5.769582e+00 -2.386744e+00 1.587500e+00
    endloop
  endfacet
  facet normal 6.437562e-01 2.442955e-01 7.251880e-01
    outer loop
      vertex   -4.704344e+00 -2.031665e+00 5.222621e-01
      vertex   -5.769582e+00 -2.386744e+00 1.587500e+00
      vertex   -5.706054e+00 -2.554152e+00 1.587500e+00
    endloop
  endfacet
  facet normal 6.398413e-01 2.528712e-01 7.257129e-01
    outer loop
      vertex   -4.704344e+00 -2.031665e+00 5.222621e-01
      vertex   -5.706054e+00 -2.554152e+00 1.587500e+00
      vertex   -4.620436e+00 -2.255037e+00 5.261150e-01
    endloop
  endfacet
  facet normal 6.243611e-01 2.972242e-01 7.223787e-01
    outer loop
      vertex   -4.620436e+00 -2.255037e+00 5.261150e-01
      vertex   -5.706054e+00 -2.554152e+00 1.587500e+00
      vertex   -5.628820e+00 -2.716392e+00 1.587500e+00
    endloop
  endfacet
  facet normal 6.122231e-01 3.226046e-01 7.218789e-01
    outer loop
      vertex   -4.620436e+00 -2.255037e+00 5.261150e-01
      vertex   -5.628820e+00 -2.716392e+00 1.587500e+00
      vertex   -4.519989e+00 -2.471477e+00 5.376523e-01
    endloop
  endfacet
  facet normal 6.024923e-01 3.490230e-01 7.177645e-01
    outer loop
      vertex   -4.519989e+00 -2.471477e+00 5.376523e-01
      vertex   -5.628820e+00 -2.716392e+00 1.587500e+00
      vertex   -5.538127e+00 -2.872949e+00 1.587500e+00
    endloop
  endfacet
  facet normal 5.816307e-01 3.907142e-01 7.134761e-01
    outer loop
      vertex   -4.519989e+00 -2.471477e+00 5.376523e-01
      vertex   -5.538127e+00 -2.872949e+00 1.587500e+00
      vertex   -4.403571e+00 -2.679762e+00 5.568086e-01
    endloop
  endfacet
  facet normal 5.782631e-01 3.994052e-01 7.113981e-01
    outer loop
      vertex   -4.403571e+00 -2.679762e+00 5.568086e-01
      vertex   -5.538127e+00 -2.872949e+00 1.587500e+00
      vertex   -5.434262e+00 -3.023325e+00 1.587500e+00
    endloop
  endfacet
  facet normal -7.022536e-01 -2.743370e-02 7.113981e-01
    outer loop
      vertex   5.883275e+00 1.676287e+00 1.587500e+00
      vertex   5.876141e+00 1.858907e+00 1.587500e+00
      vertex   4.852584e+00 1.332723e+00 5.568086e-01
    endloop
  endfacet
  facet normal -6.997331e-01 -3.640706e-02 7.134761e-01
    outer loop
      vertex   4.852584e+00 1.332723e+00 5.568086e-01
      vertex   5.876141e+00 1.858907e+00 1.587500e+00
      vertex   4.820747e+00 1.569202e+00 5.376523e-01
    endloop
  endfacet
  facet normal -6.914077e-01 -8.227700e-02 7.177645e-01
    outer loop
      vertex   4.820747e+00 1.569202e+00 5.376523e-01
      vertex   5.876141e+00 1.858907e+00 1.587500e+00
      vertex   5.854761e+00 2.038568e+00 1.587500e+00
    endloop
  endfacet
  facet normal -6.833412e-01 -1.092502e-01 7.218789e-01
    outer loop
      vertex   4.820747e+00 1.569202e+00 5.376523e-01
      vertex   5.854761e+00 2.038568e+00 1.587500e+00
      vertex   4.771241e+00 1.802622e+00 5.261150e-01
    endloop
  endfacet
  facet normal -6.778234e-01 -1.368373e-01 7.223787e-01
    outer loop
      vertex   4.771241e+00 1.802622e+00 5.261150e-01
      vertex   5.854761e+00 2.038568e+00 1.587500e+00
      vertex   5.819204e+00 2.214701e+00 1.587500e+00
    endloop
  endfacet
  facet normal -6.635958e-01 -1.816078e-01 7.257129e-01
    outer loop
      vertex   4.771241e+00 1.802622e+00 5.261150e-01
      vertex   5.819204e+00 2.214701e+00 1.587500e+00
      vertex   4.704344e+00 2.031665e+00 5.222621e-01
    endloop
  endfacet
  facet normal -6.615822e-01 -1.908173e-01 7.251880e-01
    outer loop
      vertex   4.704344e+00 2.031665e+00 5.222621e-01
      vertex   5.819204e+00 2.214701e+00 1.587500e+00
      vertex   5.769582e+00 2.386744e+00 1.587500e+00
    endloop
  endfacet
  facet normal -6.437562e-01 -2.442955e-01 7.251880e-01
    outer loop
      vertex   4.704344e+00 2.031665e+00 5.222621e-01
      vertex   5.769582e+00 2.386744e+00 1.587500e+00
      vertex   5.706054e+00 2.554152e+00 1.587500e+00
    endloop
  endfacet
  facet normal -6.398413e-01 -2.528712e-01 7.257129e-01
    outer loop
      vertex   4.704344e+00 2.031665e+00 5.222621e-01
      vertex   5.706054e+00 2.554152e+00 1.587500e+00
      vertex   4.620436e+00 2.255037e+00 5.261150e-01
    endloop
  endfacet
  facet normal -6.243611e-01 -2.972242e-01 7.223787e-01
    outer loop
      vertex   4.620436e+00 2.255037e+00 5.261150e-01
      vertex   5.706054e+00 2.554152e+00 1.587500e+00
      vertex   5.628820e+00 2.716392e+00 1.587500e+00
    endloop
  endfacet
  facet normal -6.122231e-01 -3.226046e-01 7.218789e-01
    outer loop
      vertex   4.620436e+00 2.255037e+00 5.261150e-01
      vertex   5.628820e+00 2.716392e+00 1.587500e+00
      vertex   4.519989e+00 2.471477e+00 5.376523e-01
    endloop
  endfacet
  facet normal -6.024923e-01 -3.490230e-01 7.177645e-01
    outer loop
      vertex   4.519989e+00 2.471477e+00 5.376523e-01
      vertex   5.628820e+00 2.716392e+00 1.587500e+00
      vertex   5.538127e+00 2.872949e+00 1.587500e+00
    endloop
  endfacet
  facet normal -5.816307e-01 -3.907142e-01 7.134761e-01
    outer loop
      vertex   4.519989e+00 2.471477e+00 5.376523e-01
      vertex   5.538127e+00 2.872949e+00 1.587500e+00
      vertex   4.403571e+00 2.679762e+00 5.568086e-01
    endloop
  endfacet
  facet normal -5.782631e-01 -3.994052e-01 7.113981e-01
    outer loop
      vertex   4.403571e+00 2.679762e+00 5.568086e-01
      vertex   5.538127e+00 2.872949e+00 1.587500e+00
      vertex   5.434262e+00 3.023325e+00 1.587500e+00
    endloop
  endfacet
  facet normal -8.000000e-01 -6.000000e-01 -1.993030e-16
    outer loop
      vertex   4.047852e+00 3.178539e+00 -1.581517e+00
      vertex   4.232275e+00 2.932642e+00 5.715000e-01
      vertex   3.862993e+00 3.425017e+00 -1.587500e+00
    endloop
  endfacet
  facet normal -8.000000e-01 -6.000000e-01 -1.421477e-16
    outer loop
      vertex   3.862993e+00 3.425017e+00 -1.587500e+00
      vertex   4.232275e+00 2.932642e+00 5.715000e-01
      vertex   3.038475e+00 4.524375e+00 5.715000e-01
    endloop
  endfacet
  facet normal -8.000000e-01 -6.000000e-01 0.000000e+00
    outer loop
      vertex   3.862993e+00 3.425017e+00 -1.587500e+00
      vertex   3.038475e+00 4.524375e+00 5.715000e-01
      vertex   3.038475e+00 4.524375e+00 -1.587500e+00
    endloop
  endfacet
  facet normal -8.000000e-01 -6.000000e-01 0.000000e+00
    outer loop
      vertex   4.047852e+00 3.178539e+00 -1.581517e+00
      vertex   4.232275e+00 2.932642e+00 -1.563582e+00
      vertex   4.232275e+00 2.932642e+00 5.715000e-01
    endloop
  endfacet
  facet normal -5.656854e-01 -4.242641e-01 7.071068e-01
    outer loop
      vertex   2.743539e+00 4.864439e+00 5.395896e-01
      vertex   2.897041e+00 4.699641e+00 5.635124e-01
      vertex   3.267494e+00 5.912349e+00 1.587500e+00
    endloop
  endfacet
  facet normal -5.656854e-01 -4.242641e-01 7.071068e-01
    outer loop
      vertex   3.267494e+00 5.912349e+00 1.587500e+00
      vertex   2.897041e+00 4.699641e+00 5.635124e-01
      vertex   3.038475e+00 4.524375e+00 5.715000e-01
    endloop
  endfacet
  facet normal -5.656854e-01 -4.242641e-01 7.071068e-01
    outer loop
      vertex   3.267494e+00 5.912349e+00 1.587500e+00
      vertex   3.038475e+00 4.524375e+00 5.715000e-01
      vertex   4.232275e+00 2.932642e+00 5.715000e-01
    endloop
  endfacet
  facet normal -5.656854e-01 -4.242641e-01 7.071068e-01
    outer loop
      vertex   3.267494e+00 5.912349e+00 1.587500e+00
      vertex   4.232275e+00 2.932642e+00 5.715000e-01
      vertex   5.434262e+00 3.023325e+00 1.587500e+00
    endloop
  endfacet
  facet normal -5.656854e-01 -4.242641e-01 7.071068e-01
    outer loop
      vertex   5.434262e+00 3.023325e+00 1.587500e+00
      vertex   4.232275e+00 2.932642e+00 5.715000e-01
      vertex   4.320966e+00 2.808263e+00 5.678250e-01
    endloop
  endfacet
  facet normal -5.656854e-01 -4.242641e-01 7.071068e-01
    outer loop
      vertex   5.434262e+00 3.023325e+00 1.587500e+00
      vertex   4.320966e+00 2.808263e+00 5.678250e-01
      vertex   4.403571e+00 2.679762e+00 5.568086e-01
    endloop
  endfacet
  facet normal -5.782631e-01 3.994052e-01 7.113981e-01
    outer loop
      vertex   5.434262e+00 -3.023325e+00 1.587500e+00
      vertex   5.538127e+00 -2.872949e+00 1.587500e+00
      vertex   4.403571e+00 -2.679762e+00 5.568086e-01
    endloop
  endfacet
  facet normal -5.816307e-01 3.907142e-01 7.134761e-01
    outer loop
      vertex   4.403571e+00 -2.679762e+00 5.568086e-01
      vertex   5.538127e+00 -2.872949e+00 1.587500e+00
      vertex   4.519989e+00 -2.471477e+00 5.376523e-01
    endloop
  endfacet
  facet normal -6.024923e-01 3.490230e-01 7.177645e-01
    outer loop
      vertex   4.519989e+00 -2.471477e+00 5.376523e-01
      vertex   5.538127e+00 -2.872949e+00 1.587500e+00
      vertex   5.628820e+00 -2.716392e+00 1.587500e+00
    endloop
  endfacet
  facet normal -6.122231e-01 3.226046e-01 7.218789e-01
    outer loop
      vertex   4.519989e+00 -2.471477e+00 5.376523e-01
      vertex   5.628820e+00 -2.716392e+00 1.587500e+00
      vertex   4.620436e+00 -2.255037e+00 5.261150e-01
    endloop
  endfacet
  facet normal -6.243611e-01 2.972242e-01 7.223787e-01
    outer loop
      vertex   4.620436e+00 -2.255037e+00 5.261150e-01
      vertex   5.628820e+00 -2.716392e+00 1.587500e+00
      vertex   5.706054e+00 -2.554152e+00 1.587500e+00
    endloop
  endfacet
  facet normal -6.398413e-01 2.528712e-01 7.257129e-01
    outer loop
      vertex   4.620436e+00 -2.255037e+00 5.261150e-01
      vertex   5.706054e+00 -2.554152e+00 1.587500e+00
      vertex   4.704344e+00 -2.031665e+00 5.222621e-01
    endloop
  endfacet
  facet normal -6.437562e-01 2.442955e-01 7.251880e-01
    outer loop
      vertex   4.704344e+00 -2.031665e+00 5.222621e-01
      vertex   5.706054e+00 -2.554152e+00 1.587500e+00
      vertex   5.769582e+00 -2.386744e+00 1.587500e+00
    endloop
  endfacet
  facet normal -6.615822e-01 1.908173e-01 7.251880e-01
    outer loop
      vertex   4.704344e+00 -2.031665e+00 5.222621e-01
      vertex   5.769582e+00 -2.386744e+00 1.587500e+00
      vertex   5.819204e+00 -2.214701e+00 1.587500e+00
    endloop
  endfacet
  facet normal -6.635958e-01 1.816078e-01 7.257129e-01
    outer loop
      vertex   4.704344e+00 -2.031665e+00 5.222621e-01
      vertex   5.819204e+00 -2.214701e+00 1.587500e+00
      vertex   4.771241e+00 -1.802622e+00 5.261150e-01
    endloop
  endfacet
  facet normal -6.778234e-01 1.368373e-01 7.223787e-01
    outer loop
      vertex   4.771241e+00 -1.802622e+00 5.261150e-01
      vertex   5.819204e+00 -2.214701e+00 1.587500e+00
      vertex   5.854761e+00 -2.038568e+00 1.587500e+00
    endloop
  endfacet
  facet normal -6.833412e-01 1.092502e-01 7.218789e-01
    outer loop
      vertex   4.771241e+00 -1.802622e+00 5.261150e-01
      vertex   5.854761e+00 -2.038568e+00 1.587500e+00
      vertex   4.820747e+00 -1.569202e+00 5.376523e-01
    endloop
  endfacet
  facet normal -6.914077e-01 8.227700e-02 7.177645e-01
    outer loop
      vertex   4.820747e+00 -1.569202e+00 5.376523e-01
      vertex   5.854761e+00 -2.038568e+00 1.587500e+00
      vertex   5.876141e+00 -1.858907e+00 1.587500e+00
    endloop
  endfacet
  facet normal -6.997331e-01 3.640706e-02 7.134761e-01
    outer loop
      vertex   4.820747e+00 -1.569202e+00 5.376523e-01
      vertex   5.876141e+00 -1.858907e+00 1.587500e+00
      vertex   4.852584e+00 -1.332723e+00 5.568086e-01
    endloop
  endfacet
  facet normal -7.022536e-01 2.743370e-02 7.113981e-01
    outer loop
      vertex   4.852584e+00 -1.332723e+00 5.568086e-01
      vertex   5.876141e+00 -1.858907e+00 1.587500e+00
      vertex   5.883275e+00 -1.676287e+00 1.587500e+00
    endloop
  endfacet
  facet normal -7.071068e-01 -4.957637e-15 7.071068e-01
    outer loop
      vertex   4.852584e+00 1.332723e+00 5.568086e-01
      vertex   4.863600e+00 1.180359e+00 5.678250e-01
      vertex   5.883275e+00 1.676287e+00 1.587500e+00
    endloop
  endfacet
  facet normal -7.071068e-01 2.989803e-15 7.071068e-01
    outer loop
      vertex   5.883275e+00 1.676287e+00 1.587500e+00
      vertex   4.863600e+00 1.180359e+00 5.678250e-01
      vertex   4.867275e+00 1.027642e+00 5.715000e-01
    endloop
  endfacet
  facet normal -7.071068e-01 0.000000e+00 7.071068e-01
    outer loop
      vertex   5.883275e+00 1.676287e+00 1.587500e+00
      vertex   4.867275e+00 1.027642e+00 5.715000e-01
      vertex   5.883275e+00 -1.676287e+00 1.587500e+00
    endloop
  endfacet
  facet normal -7.071068e-01 0.000000e+00 7.071068e-01
    outer loop
      vertex   5.883275e+00 -1.676287e+00 1.587500e+00
      vertex   4.867275e+00 1.027642e+00 5.715000e-01
      vertex   4.867275e+00 -1.027642e+00 5.715000e-01
    endloop
  endfacet
  facet normal -7.071068e-01 -9.966008e-16 7.071068e-01
    outer loop
      vertex   5.883275e+00 -1.676287e+00 1.587500e+00
      vertex   4.867275e+00 -1.027642e+00 5.715000e-01
      vertex   4.863600e+00 -1.180359e+00 5.678250e-01
    endloop
  endfacet
  facet normal -7.071068e-01 -1.540681e-15 7.071068e-01
    outer loop
      vertex   4.863600e+00 -1.180359e+00 5.678250e-01
      vertex   4.852584e+00 -1.332723e+00 5.568086e-01
      vertex   5.883275e+00 -1.676287e+00 1.587500e+00
    endloop
  endfacet
  facet normal -2.897392e-02 9.995802e-01 0.000000e+00
    outer loop
      vertex   4.984750e-01 -5.794375e+00 -6.985000e-01
      vertex   6.823822e-01 -5.789044e+00 -5.545727e-01
      vertex   4.984750e-01 -5.794375e+00 -1.587500e+00
    endloop
  endfacet
  facet normal -4.213719e-02 9.991091e-01 2.346080e-03
    outer loop
      vertex   4.984750e-01 -5.794375e+00 -1.587500e+00
      vertex   6.823822e-01 -5.789044e+00 -5.545727e-01
      vertex   7.658092e-01 -5.783100e+00 -1.587500e+00
    endloop
  endfacet
  facet normal -8.592868e-02 9.963006e-01 -1.207016e-03
    outer loop
      vertex   7.658092e-01 -5.783100e+00 -1.587500e+00
      vertex   6.823822e-01 -5.789044e+00 -5.545727e-01
      vertex   8.656717e-01 -5.773070e+00 -4.175257e-01
    endloop
  endfacet
  facet normal -1.261123e-01 9.920134e-01 2.259591e-03
    outer loop
      vertex   7.658092e-01 -5.783100e+00 -1.587500e+00
      vertex   8.656717e-01 -5.773070e+00 -4.175257e-01
      vertex   1.031245e+00 -5.749356e+00 -1.587500e+00
    endloop
  endfacet
  facet normal -1.441448e-01 9.895566e-01 -3.421324e-04
    outer loop
      vertex   1.031245e+00 -5.749356e+00 -1.587500e+00
      vertex   8.656717e-01 -5.773070e+00 -4.175257e-01
      vertex   1.047728e+00 -5.746506e+00 -2.878190e-01
    endloop
  endfacet
  facet normal -2.017239e-01 9.794423e-01 4.103123e-04
    outer loop
      vertex   1.031245e+00 -5.749356e+00 -1.587500e+00
      vertex   1.047728e+00 -5.746506e+00 -2.878190e-01
      vertex   1.227941e+00 -5.709441e+00 -1.658883e-01
    endloop
  endfacet
  facet normal -2.091921e-01 9.778734e-01 1.487660e-03
    outer loop
      vertex   1.031245e+00 -5.749356e+00 -1.587500e+00
      vertex   1.227941e+00 -5.709441e+00 -1.658883e-01
      vertex   1.292897e+00 -5.693382e+00 -1.587500e+00
    endloop
  endfacet
  facet normal -2.573514e-01 9.663175e-01 -8.433613e-04
    outer loop
      vertex   1.292897e+00 -5.693382e+00 -1.587500e+00
      vertex   1.227941e+00 -5.709441e+00 -1.658883e-01
      vertex   1.405703e+00 -5.661999e+00 -5.214291e-02
    endloop
  endfacet
  facet normal -2.907858e-01 9.567865e-01 1.807963e-03
    outer loop
      vertex   1.292897e+00 -5.693382e+00 -1.587500e+00
      vertex   1.405703e+00 -5.661999e+00 -5.214291e-02
      vertex   1.548906e+00 -5.615576e+00 -1.587500e+00
    endloop
  endfacet
  facet normal -3.131215e-01 9.497129e-01 -4.891703e-04
    outer loop
      vertex   1.548906e+00 -5.615576e+00 -1.587500e+00
      vertex   1.405703e+00 -5.661999e+00 -5.214291e-02
      vertex   1.580419e+00 -5.604341e+00 5.303510e-02
    endloop
  endfacet
  facet normal -3.703148e-01 9.289060e-01 7.519628e-04
    outer loop
      vertex   1.548906e+00 -5.615576e+00 -1.587500e+00
      vertex   1.580419e+00 -5.604341e+00 5.303510e-02
      vertex   1.797455e+00 -5.516490e+00 -1.587500e+00
    endloop
  endfacet
  facet normal -3.683769e-01 9.296759e-01 1.049568e-03
    outer loop
      vertex   1.797455e+00 -5.516490e+00 -1.587500e+00
      vertex   1.580419e+00 -5.604341e+00 5.303510e-02
      vertex   1.751503e+00 -5.536659e+00 1.492926e-01
    endloop
  endfacet
  facet normal -4.208530e-01 9.071286e-01 -6.007000e-04
    outer loop
      vertex   1.797455e+00 -5.516490e+00 -1.587500e+00
      vertex   1.751503e+00 -5.536659e+00 1.492926e-01
      vertex   1.918378e+00 -5.459181e+00 2.363063e-01
    endloop
  endfacet
  facet normal -4.472131e-01 8.944261e-01 1.546183e-03
    outer loop
      vertex   1.797455e+00 -5.516490e+00 -1.587500e+00
      vertex   1.918378e+00 -5.459181e+00 2.363063e-01
      vertex   2.036779e+00 -5.396828e+00 -1.587500e+00
    endloop
  endfacet
  facet normal -4.727321e-01 8.812060e-01 -5.624774e-04
    outer loop
      vertex   2.036779e+00 -5.396828e+00 -1.587500e+00
      vertex   1.918378e+00 -5.459181e+00 2.363063e-01
      vertex   2.080486e+00 -5.372168e+00 3.137841e-01
    endloop
  endfacet
  facet normal -5.209358e-01 8.535954e-01 9.037586e-04
    outer loop
      vertex   2.036779e+00 -5.396828e+00 -1.587500e+00
      vertex   2.080486e+00 -5.372168e+00 3.137841e-01
      vertex   2.265177e+00 -5.257440e+00 -1.587500e+00
    endloop
  endfacet
  facet normal -5.233641e-01 8.521090e-01 5.781866e-04
    outer loop
      vertex   2.265177e+00 -5.257440e+00 -1.587500e+00
      vertex   2.080486e+00 -5.372168e+00 3.137841e-01
      vertex   2.237281e+00 -5.275910e+00 3.814659e-01
    endloop
  endfacet
  facet normal -5.715650e-01 8.205567e-01 -4.006916e-04
    outer loop
      vertex   2.265177e+00 -5.257440e+00 -1.587500e+00
      vertex   2.237281e+00 -5.275910e+00 3.814659e-01
      vertex   2.388237e+00 -5.170732e+00 4.391242e-01
    endloop
  endfacet
  facet normal -5.909581e-01 8.067011e-01 1.369702e-03
    outer loop
      vertex   2.265177e+00 -5.257440e+00 -1.587500e+00
      vertex   2.388237e+00 -5.170732e+00 4.391242e-01
      vertex   2.481028e+00 -5.099316e+00 -1.587500e+00
    endloop
  endfacet
  facet normal -6.181120e-01 7.860898e-01 -5.998664e-04
    outer loop
      vertex   2.481028e+00 -5.099316e+00 -1.587500e+00
      vertex   2.388237e+00 -5.170732e+00 4.391242e-01
      vertex   2.532848e+00 -5.056987e+00 4.865655e-01
    endloop
  endfacet
  facet normal -6.567839e-01 7.540782e-01 1.019677e-03
    outer loop
      vertex   2.481028e+00 -5.099316e+00 -1.587500e+00
      vertex   2.532848e+00 -5.056987e+00 4.865655e-01
      vertex   2.682798e+00 -4.923579e+00 -1.587500e+00
    endloop
  endfacet
  facet normal -6.627609e-01 7.488310e-01 2.500491e-04
    outer loop
      vertex   2.682798e+00 -4.923579e+00 -1.587500e+00
      vertex   2.532848e+00 -5.056987e+00 4.865655e-01
      vertex   2.670627e+00 -4.935056e+00 5.236306e-01
    endloop
  endfacet
  facet normal -7.049660e-01 7.092411e-01 -2.084789e-04
    outer loop
      vertex   2.682798e+00 -4.923579e+00 -1.587500e+00
      vertex   2.670627e+00 -4.935056e+00 5.236306e-01
      vertex   2.801113e+00 -4.805349e+00 5.501949e-01
    endloop
  endfacet
  facet normal -7.179446e-01 6.960991e-01 1.236691e-03
    outer loop
      vertex   2.682798e+00 -4.923579e+00 -1.587500e+00
      vertex   2.801113e+00 -4.805349e+00 5.501949e-01
      vertex   2.869055e+00 -4.731478e+00 -1.587500e+00
    endloop
  endfacet
  facet normal -7.448484e-01 6.672335e-01 -6.158893e-04
    outer loop
      vertex   2.869055e+00 -4.731478e+00 -1.587500e+00
      vertex   2.801113e+00 -4.805349e+00 5.501949e-01
      vertex   2.923866e+00 -4.668302e+00 5.661693e-01
    endloop
  endfacet
  facet normal -7.740066e-01 6.331765e-01 1.125212e-03
    outer loop
      vertex   2.869055e+00 -4.731478e+00 -1.587500e+00
      vertex   2.923866e+00 -4.668302e+00 5.661693e-01
      vertex   3.038475e+00 -4.524375e+00 -1.587500e+00
    endloop
  endfacet
  facet normal -7.822798e-01 6.229272e-01 0.000000e+00
    outer loop
      vertex   3.038475e+00 -4.524375e+00 -1.587500e+00
      vertex   2.923866e+00 -4.668302e+00 5.661693e-01
      vertex   3.038475e+00 -4.524375e+00 5.715000e-01
    endloop
  endfacet
  facet normal 7.822798e-01 6.229272e-01 3.218175e-16
    outer loop
      vertex   -3.038475e+00 -4.524375e+00 5.715000e-01
      vertex   -2.923866e+00 -4.668302e+00 5.661693e-01
      vertex   -3.038475e+00 -4.524375e+00 -1.587500e+00
    endloop
  endfacet
  facet normal 7.740066e-01 6.331765e-01 1.125212e-03
    outer loop
      vertex   -3.038475e+00 -4.524375e+00 -1.587500e+00
      vertex   -2.923866e+00 -4.668302e+00 5.661693e-01
      vertex   -2.869055e+00 -4.731478e+00 -1.587500e+00
    endloop
  endfacet
  facet normal 7.448484e-01 6.672335e-01 -6.158893e-04
    outer loop
      vertex   -2.869055e+00 -4.731478e+00 -1.587500e+00
      vertex   -2.923866e+00 -4.668302e+00 5.661693e-01
      vertex   -2.801113e+00 -4.805349e+00 5.501949e-01
    endloop
  endfacet
  facet normal 7.179446e-01 6.960991e-01 1.236691e-03
    outer loop
      vertex   -2.869055e+00 -4.731478e+00 -1.587500e+00
      vertex   -2.801113e+00 -4.805349e+00 5.501949e-01
      vertex   -2.682798e+00 -4.923579e+00 -1.587500e+00
    endloop
  endfacet
  facet normal 7.049660e-01 7.092411e-01 -2.084789e-04
    outer loop
      vertex   -2.682798e+00 -4.923579e+00 -1.587500e+00
      vertex   -2.801113e+00 -4.805349e+00 5.501949e-01
      vertex   -2.670627e+00 -4.935056e+00 5.236306e-01
    endloop
  endfacet
  facet normal 6.627609e-01 7.488310e-01 2.500491e-04
    outer loop
      vertex   -2.682798e+00 -4.923579e+00 -1.587500e+00
      vertex   -2.670627e+00 -4.935056e+00 5.236306e-01
      vertex   -2.532848e+00 -5.056987e+00 4.865655e-01
    endloop
  endfacet
  facet normal 6.567839e-01 7.540782e-01 1.019677e-03
    outer loop
      vertex   -2.682798e+00 -4.923579e+00 -1.587500e+00
      vertex   -2.532848e+00 -5.056987e+00 4.865655e-01
      vertex   -2.481028e+00 -5.099316e+00 -1.587500e+00
    endloop
  endfacet
  facet normal 6.181120e-01 7.860898e-01 -5.998664e-04
    outer loop
      vertex   -2.481028e+00 -5.099316e+00 -1.587500e+00
      vertex   -2.532848e+00 -5.056987e+00 4.865655e-01
      vertex   -2.388237e+00 -5.170732e+00 4.391242e-01
    endloop
  endfacet
  facet normal 5.909581e-01 8.067011e-01 1.369702e-03
    outer loop
      vertex   -2.481028e+00 -5.099316e+00 -1.587500e+00
      vertex   -2.388237e+00 -5.170732e+00 4.391242e-01
      vertex   -2.265177e+00 -5.257440e+00 -1.587500e+00
    endloop
  endfacet
  facet normal 5.715650e-01 8.205567e-01 -4.006916e-04
    outer loop
      vertex   -2.265177e+00 -5.257440e+00 -1.587500e+00
      vertex   -2.388237e+00 -5.170732e+00 4.391242e-01
      vertex   -2.237281e+00 -5.275910e+00 3.814659e-01
    endloop
  endfacet
  facet normal 5.233641e-01 8.521090e-01 5.781866e-04
    outer loop
      vertex   -2.265177e+00 -5.257440e+00 -1.587500e+00
      vertex   -2.237281e+00 -5.275910e+00 3.814659e-01
      vertex   -2.080486e+00 -5.372168e+00 3.137841e-01
    endloop
  endfacet
  facet normal 5.209358e-01 8.535954e-01 9.037586e-04
    outer loop
      vertex   -2.265177e+00 -5.257440e+00 -1.587500e+00
      vertex   -2.080486e+00 -5.372168e+00 3.137841e-01
      vertex   -2.036779e+00 -5.396828e+00 -1.587500e+00
    endloop
  endfacet
  facet normal 4.727321e-01 8.812060e-01 -5.624774e-04
    outer loop
      vertex   -2.036779e+00 -5.396828e+00 -1.587500e+00
      vertex   -2.080486e+00 -5.372168e+00 3.137841e-01
      vertex   -1.918378e+00 -5.459181e+00 2.363063e-01
    endloop
  endfacet
  facet normal 4.472131e-01 8.944261e-01 1.546183e-03
    outer loop
      vertex   -2.036779e+00 -5.396828e+00 -1.587500e+00
      vertex   -1.918378e+00 -5.459181e+00 2.363063e-01
      vertex   -1.797455e+00 -5.516490e+00 -1.587500e+00
    endloop
  endfacet
  facet normal 4.208530e-01 9.071286e-01 -6.007000e-04
    outer loop
      vertex   -1.797455e+00 -5.516490e+00 -1.587500e+00
      vertex   -1.918378e+00 -5.459181e+00 2.363063e-01
      vertex   -1.751503e+00 -5.536659e+00 1.492926e-01
    endloop
  endfacet
  facet normal 3.703148e-01 9.289058e-01 9.893534e-04
    outer loop
      vertex   -1.797455e+00 -5.516490e+00 -1.587500e+00
      vertex   -1.751503e+00 -5.536659e+00 1.492926e-01
      vertex   -1.548906e+00 -5.615576e+00 -1.587500e+00
    endloop
  endfacet
  facet normal 3.682098e-01 9.297424e-01 7.057991e-04
    outer loop
      vertex   -1.548906e+00 -5.615576e+00 -1.587500e+00
      vertex   -1.751503e+00 -5.536659e+00 1.492926e-01
      vertex   -1.580419e+00 -5.604341e+00 5.303510e-02
    endloop
  endfacet
  facet normal 3.131215e-01 9.497129e-01 -4.891703e-04
    outer loop
      vertex   -1.548906e+00 -5.615576e+00 -1.587500e+00
      vertex   -1.580419e+00 -5.604341e+00 5.303510e-02
      vertex   -1.405703e+00 -5.661999e+00 -5.214291e-02
    endloop
  endfacet
  facet normal 2.907858e-01 9.567865e-01 1.807963e-03
    outer loop
      vertex   -1.548906e+00 -5.615576e+00 -1.587500e+00
      vertex   -1.405703e+00 -5.661999e+00 -5.214291e-02
      vertex   -1.292897e+00 -5.693382e+00 -1.587500e+00
    endloop
  endfacet
  facet normal 2.573514e-01 9.663175e-01 -8.433613e-04
    outer loop
      vertex   -1.292897e+00 -5.693382e+00 -1.587500e+00
      vertex   -1.405703e+00 -5.661999e+00 -5.214291e-02
      vertex   -1.227941e+00 -5.709441e+00 -1.658883e-01
    endloop
  endfacet
  facet normal 2.091921e-01 9.778734e-01 1.487660e-03
    outer loop
      vertex   -1.292897e+00 -5.693382e+00 -1.587500e+00
      vertex   -1.227941e+00 -5.709441e+00 -1.658883e-01
      vertex   -1.031245e+00 -5.749356e+00 -1.587500e+00
    endloop
  endfacet
  facet normal 2.017239e-01 9.794423e-01 4.103123e-04
    outer loop
      vertex   -1.031245e+00 -5.749356e+00 -1.587500e+00
      vertex   -1.227941e+00 -5.709441e+00 -1.658883e-01
      vertex   -1.047728e+00 -5.746506e+00 -2.878190e-01
    endloop
  endfacet
  facet normal 1.441448e-01 9.895566e-01 -3.421324e-04
    outer loop
      vertex   -1.031245e+00 -5.749356e+00 -1.587500e+00
      vertex   -1.047728e+00 -5.746506e+00 -2.878190e-01
      vertex   -8.656717e-01 -5.773070e+00 -4.175257e-01
    endloop
  endfacet
  facet normal 1.261123e-01 9.920134e-01 2.259591e-03
    outer loop
      vertex   -1.031245e+00 -5.749356e+00 -1.587500e+00
      vertex   -8.656717e-01 -5.773070e+00 -4.175257e-01
      vertex   -7.658092e-01 -5.783100e+00 -1.587500e+00
    endloop
  endfacet
  facet normal 8.592868e-02 9.963006e-01 -1.207016e-03
    outer loop
      vertex   -7.658092e-01 -5.783100e+00 -1.587500e+00
      vertex   -8.656717e-01 -5.773070e+00 -4.175257e-01
      vertex   -6.823822e-01 -5.789044e+00 -5.545727e-01
    endloop
  endfacet
  facet normal 4.213719e-02 9.991091e-01 2.346080e-03
    outer loop
      vertex   -7.658092e-01 -5.783100e+00 -1.587500e+00
      vertex   -6.823822e-01 -5.789044e+00 -5.545727e-01
      vertex   -4.984750e-01 -5.794375e+00 -1.587500e+00
    endloop
  endfacet
  facet normal 2.897392e-02 9.995802e-01 -0.000000e+00
    outer loop
      vertex   -4.984750e-01 -5.794375e+00 -1.587500e+00
      vertex   -6.823822e-01 -5.789044e+00 -5.545727e-01
      vertex   -4.984750e-01 -5.794375e+00 -6.985000e-01
    endloop
  endfacet
  facet normal 0.000000e+00 1.000000e+00 -0.000000e+00
    outer loop
      vertex   4.984750e-01 -5.794375e+00 -1.587500e+00
      vertex   -4.984750e-01 -5.794375e+00 -1.587500e+00
      vertex   4.984750e-01 -5.794375e+00 -6.985000e-01
    endloop
  endfacet
  facet normal 0.000000e+00 1.000000e+00 0.000000e+00
    outer loop
      vertex   4.984750e-01 -5.794375e+00 -6.985000e-01
      vertex   -4.984750e-01 -5.794375e+00 -1.587500e+00
      vertex   -4.984750e-01 -5.794375e+00 -6.985000e-01
    endloop
  endfacet
  facet normal 3.028718e-31 1.000000e+00 -3.885295e-16
    outer loop
      vertex   4.984750e-01 -5.794375e+00 -6.985000e-01
      vertex   -4.984750e-01 -5.794375e+00 -6.985000e-01
      vertex   3.355975e+00 -5.794375e+00 1.587500e+00
    endloop
  endfacet
  facet normal -1.323279e-16 1.000000e+00 -1.654099e-16
    outer loop
      vertex   3.355975e+00 -5.794375e+00 1.587500e+00
      vertex   -4.984750e-01 -5.794375e+00 -6.985000e-01
      vertex   -3.355975e+00 -5.794375e+00 1.587500e+00
    endloop
  endfacet
  facet normal 7.782166e-01 -6.279960e-01 -4.184206e-16
    outer loop
      vertex   -3.038475e+00 4.524375e+00 5.715000e-01
      vertex   -3.038475e+00 4.524375e+00 -1.587500e+00
      vertex   -2.897041e+00 4.699641e+00 5.635124e-01
    endloop
  endfacet
  facet normal 7.740069e-01 -6.331768e-01 6.989318e-04
    outer loop
      vertex   -2.897041e+00 4.699641e+00 5.635124e-01
      vertex   -3.038475e+00 4.524375e+00 -1.587500e+00
      vertex   -2.869055e+00 4.731478e+00 -1.587500e+00
    endloop
  endfacet
  facet normal 7.316995e-01 -6.816272e-01 -5.686378e-04
    outer loop
      vertex   -2.897041e+00 4.699641e+00 5.635124e-01
      vertex   -2.869055e+00 4.731478e+00 -1.587500e+00
      vertex   -2.743539e+00 4.864439e+00 5.395896e-01
    endloop
  endfacet
  facet normal 7.179447e-01 -6.960992e-01 1.147634e-03
    outer loop
      vertex   -2.743539e+00 4.864439e+00 5.395896e-01
      vertex   -2.869055e+00 4.731478e+00 -1.587500e+00
      vertex   -2.682798e+00 4.923579e+00 -1.587500e+00
    endloop
  endfacet
  facet normal 6.780050e-01 -7.350565e-01 -1.076030e-03
    outer loop
      vertex   -2.743539e+00 4.864439e+00 5.395896e-01
      vertex   -2.682798e+00 4.923579e+00 -1.587500e+00
      vertex   -2.555887e+00 5.037573e+00 5.078665e-01
    endloop
  endfacet
  facet normal 6.567837e-01 -7.540780e-01 1.244103e-03
    outer loop
      vertex   -2.555887e+00 5.037573e+00 5.078665e-01
      vertex   -2.682798e+00 4.923579e+00 -1.587500e+00
      vertex   -2.481028e+00 5.099316e+00 -1.587500e+00
    endloop
  endfacet
  facet normal 6.167739e-01 -7.871395e-01 -1.159505e-03
    outer loop
      vertex   -2.555887e+00 5.037573e+00 5.078665e-01
      vertex   -2.481028e+00 5.099316e+00 -1.587500e+00
      vertex   -2.354930e+00 5.195069e+00 4.850595e-01
    endloop
  endfacet
  facet normal 5.909582e-01 -8.067011e-01 1.314912e-03
    outer loop
      vertex   -2.354930e+00 5.195069e+00 4.850595e-01
      vertex   -2.481028e+00 5.099316e+00 -1.587500e+00
      vertex   -2.265177e+00 5.257440e+00 -1.587500e+00
    endloop
  endfacet
  facet normal 5.515640e-01 -8.341317e-01 -1.216564e-03
    outer loop
      vertex   -2.354930e+00 5.195069e+00 4.850595e-01
      vertex   -2.265177e+00 5.257440e+00 -1.587500e+00
      vertex   -2.141968e+00 5.335909e+00 4.713160e-01
    endloop
  endfacet
  facet normal 5.209356e-01 -8.535949e-01 1.358190e-03
    outer loop
      vertex   -2.141968e+00 5.335909e+00 4.713160e-01
      vertex   -2.265177e+00 5.257440e+00 -1.587500e+00
      vertex   -2.036779e+00 5.396828e+00 -1.587500e+00
    endloop
  endfacet
  facet normal 4.827951e-01 -8.757325e-01 -1.245532e-03
    outer loop
      vertex   -2.141968e+00 5.335909e+00 4.713160e-01
      vertex   -2.036779e+00 5.396828e+00 -1.587500e+00
      vertex   -1.918378e+00 5.459181e+00 4.667249e-01
    endloop
  endfacet
  facet normal 4.472132e-01 -8.944263e-01 1.372751e-03
    outer loop
      vertex   -1.918378e+00 5.459181e+00 4.667249e-01
      vertex   -2.036779e+00 5.396828e+00 -1.587500e+00
      vertex   -1.797455e+00 5.516490e+00 -1.587500e+00
    endloop
  endfacet
  facet normal 4.109089e-01 -9.116755e-01 -1.245532e-03
    outer loop
      vertex   -1.918378e+00 5.459181e+00 4.667249e-01
      vertex   -1.797455e+00 5.516490e+00 -1.587500e+00
      vertex   -1.685606e+00 5.564090e+00 4.713160e-01
    endloop
  endfacet
  facet normal 3.703146e-01 -9.289054e-01 1.358190e-03
    outer loop
      vertex   -1.685606e+00 5.564090e+00 4.713160e-01
      vertex   -1.797455e+00 5.516490e+00 -1.587500e+00
      vertex   -1.548906e+00 5.615576e+00 -1.587500e+00
    endloop
  endfacet
  facet normal 3.363669e-01 -9.417302e-01 -1.216564e-03
    outer loop
      vertex   -1.685606e+00 5.564090e+00 4.713160e-01
      vertex   -1.548906e+00 5.615576e+00 -1.587500e+00
      vertex   -1.445157e+00 5.649955e+00 4.850595e-01
    endloop
  endfacet
  facet normal 2.907860e-01 -9.567872e-01 1.314912e-03
    outer loop
      vertex   -1.445157e+00 5.649955e+00 4.850595e-01
      vertex   -1.548906e+00 5.615576e+00 -1.587500e+00
      vertex   -1.292897e+00 5.693382e+00 -1.587500e+00
    endloop
  endfacet
  facet normal 2.596472e-01 -9.657028e-01 -1.159505e-03
    outer loop
      vertex   -1.445157e+00 5.649955e+00 4.850595e-01
      vertex   -1.292897e+00 5.693382e+00 -1.587500e+00
      vertex   -1.198586e+00 5.716223e+00 5.078665e-01
    endloop
  endfacet
  facet normal 2.091921e-01 -9.778738e-01 1.244103e-03
    outer loop
      vertex   -1.198586e+00 5.716223e+00 5.078665e-01
      vertex   -1.292897e+00 5.693382e+00 -1.587500e+00
      vertex   -1.031245e+00 5.749356e+00 -1.587500e+00
    endloop
  endfacet
  facet normal 1.812422e-01 -9.834379e-01 -1.076030e-03
    outer loop
      vertex   -1.198586e+00 5.716223e+00 5.078665e-01
      vertex   -1.031245e+00 5.749356e+00 -1.587500e+00
      vertex   -9.474878e-01 5.762465e+00 5.395896e-01
    endloop
  endfacet
  facet normal 1.261126e-01 -9.920153e-01 1.147634e-03
    outer loop
      vertex   -9.474878e-01 5.762465e+00 5.395896e-01
      vertex   -1.031245e+00 5.749356e+00 -1.587500e+00
      vertex   -7.658092e-01 5.783100e+00 -1.587500e+00
    endloop
  endfacet
  facet normal 1.062821e-01 -9.943359e-01 -5.686378e-04
    outer loop
      vertex   -9.474878e-01 5.762465e+00 5.395896e-01
      vertex   -7.658092e-01 5.783100e+00 -1.587500e+00
      vertex   -7.235476e-01 5.786387e+00 5.635124e-01
    endloop
  endfacet
  facet normal 4.213729e-02 -9.991116e-01 6.989318e-04
    outer loop
      vertex   -7.235476e-01 5.786387e+00 5.635124e-01
      vertex   -7.658092e-01 5.783100e+00 -1.587500e+00
      vertex   -4.984750e-01 5.794375e+00 -1.587500e+00
    endloop
  endfacet
  facet normal 3.546682e-02 -9.993709e-01 -3.121689e-18
    outer loop
      vertex   -7.235476e-01 5.786387e+00 5.635124e-01
      vertex   -4.984750e-01 5.794375e+00 -1.587500e+00
      vertex   -4.984750e-01 5.794375e+00 5.715000e-01
    endloop
  endfacet
  facet normal 1.895806e-02 -7.022243e-01 7.117033e-01
    outer loop
      vertex   -1.471443e+00 6.810375e+00 1.587500e+00
      vertex   -1.605939e+00 6.806744e+00 1.587500e+00
      vertex   -9.474878e-01 5.762465e+00 5.395896e-01
    endloop
  endfacet
  facet normal 3.756098e-02 -6.959334e-01 7.171233e-01
    outer loop
      vertex   -9.474878e-01 5.762465e+00 5.395896e-01
      vertex   -1.605939e+00 6.806744e+00 1.587500e+00
      vertex   -1.198586e+00 5.716223e+00 5.078665e-01
    endloop
  endfacet
  facet normal 5.684350e-02 -6.916095e-01 7.200313e-01
    outer loop
      vertex   -1.198586e+00 5.716223e+00 5.078665e-01
      vertex   -1.605939e+00 6.806744e+00 1.587500e+00
      vertex   -1.738403e+00 6.795857e+00 1.587500e+00
    endloop
  endfacet
  facet normal 9.463702e-02 -6.798762e-01 7.271947e-01
    outer loop
      vertex   -1.198586e+00 5.716223e+00 5.078665e-01
      vertex   -1.738403e+00 6.795857e+00 1.587500e+00
      vertex   -1.868619e+00 6.777731e+00 1.587500e+00
    endloop
  endfacet
  facet normal 1.130889e-01 -6.725064e-01 7.314001e-01
    outer loop
      vertex   -1.198586e+00 5.716223e+00 5.078665e-01
      vertex   -1.868619e+00 6.777731e+00 1.587500e+00
      vertex   -1.445157e+00 5.649955e+00 4.850595e-01
    endloop
  endfacet
  facet normal 1.322775e-01 -6.670433e-01 7.331820e-01
    outer loop
      vertex   -1.445157e+00 5.649955e+00 4.850595e-01
      vertex   -1.868619e+00 6.777731e+00 1.587500e+00
      vertex   -1.996377e+00 6.752396e+00 1.587500e+00
    endloop
  endfacet
  facet normal 1.697040e-01 -6.531316e-01 7.379836e-01
    outer loop
      vertex   -1.445157e+00 5.649955e+00 4.850595e-01
      vertex   -1.996377e+00 6.752396e+00 1.587500e+00
      vertex   -2.121471e+00 6.719893e+00 1.587500e+00
    endloop
  endfacet
  facet normal 1.878810e-01 -6.447195e-01 7.409706e-01
    outer loop
      vertex   -1.445157e+00 5.649955e+00 4.850595e-01
      vertex   -2.121471e+00 6.719893e+00 1.587500e+00
      vertex   -1.685606e+00 5.564090e+00 4.713160e-01
    endloop
  endfacet
  facet normal 2.068560e-01 -6.381635e-01 7.415915e-01
    outer loop
      vertex   -1.685606e+00 5.564090e+00 4.713160e-01
      vertex   -2.121471e+00 6.719893e+00 1.587500e+00
      vertex   -2.243698e+00 6.680274e+00 1.587500e+00
    endloop
  endfacet
  facet normal 2.436735e-01 -6.221633e-01 7.440000e-01
    outer loop
      vertex   -1.685606e+00 5.564090e+00 4.713160e-01
      vertex   -2.243698e+00 6.680274e+00 1.587500e+00
      vertex   -2.362861e+00 6.633603e+00 1.587500e+00
    endloop
  endfacet
  facet normal 2.614535e-01 -6.127533e-01 7.457717e-01
    outer loop
      vertex   -1.685606e+00 5.564090e+00 4.713160e-01
      vertex   -2.362861e+00 6.633603e+00 1.587500e+00
      vertex   -1.918378e+00 5.459181e+00 4.667249e-01
    endloop
  endfacet
  facet normal 2.800969e-01 -6.051568e-01 7.452053e-01
    outer loop
      vertex   -1.918378e+00 5.459181e+00 4.667249e-01
      vertex   -2.362861e+00 6.633603e+00 1.587500e+00
      vertex   -2.478766e+00 6.579956e+00 1.587500e+00
    endloop
  endfacet
  facet normal 3.160673e-01 -5.871716e-01 7.452053e-01
    outer loop
      vertex   -1.918378e+00 5.459181e+00 4.667249e-01
      vertex   -2.478766e+00 6.579956e+00 1.587500e+00
      vertex   -2.591226e+00 6.519420e+00 1.587500e+00
    endloop
  endfacet
  facet normal 3.333305e-01 -5.768148e-01 7.457717e-01
    outer loop
      vertex   -1.918378e+00 5.459181e+00 4.667249e-01
      vertex   -2.591226e+00 6.519420e+00 1.587500e+00
      vertex   -2.141968e+00 5.335909e+00 4.713160e-01
    endloop
  endfacet
  facet normal 3.515265e-01 -5.682368e-01 7.440000e-01
    outer loop
      vertex   -2.141968e+00 5.335909e+00 4.713160e-01
      vertex   -2.591226e+00 6.519420e+00 1.587500e+00
      vertex   -2.700060e+00 6.452093e+00 1.587500e+00
    endloop
  endfacet
  facet normal 3.864172e-01 -5.483829e-01 7.415915e-01
    outer loop
      vertex   -2.141968e+00 5.335909e+00 4.713160e-01
      vertex   -2.700060e+00 6.452093e+00 1.587500e+00
      vertex   -2.805092e+00 6.378083e+00 1.587500e+00
    endloop
  endfacet
  facet normal 4.030470e-01 -5.371365e-01 7.409706e-01
    outer loop
      vertex   -2.141968e+00 5.335909e+00 4.713160e-01
      vertex   -2.805092e+00 6.378083e+00 1.587500e+00
      vertex   -2.354930e+00 5.195069e+00 4.850595e-01
    endloop
  endfacet
  facet normal 4.206829e-01 -5.276421e-01 7.379836e-01
    outer loop
      vertex   -2.354930e+00 5.195069e+00 4.850595e-01
      vertex   -2.805092e+00 6.378083e+00 1.587500e+00
      vertex   -2.906150e+00 6.297509e+00 1.587500e+00
    endloop
  endfacet
  facet normal 4.542682e-01 -5.060480e-01 7.331820e-01
    outer loop
      vertex   -2.354930e+00 5.195069e+00 4.850595e-01
      vertex   -2.906150e+00 6.297509e+00 1.587500e+00
      vertex   -3.003073e+00 6.210504e+00 1.587500e+00
    endloop
  endfacet
  facet normal 4.701517e-01 -4.939750e-01 7.314001e-01
    outer loop
      vertex   -2.354930e+00 5.195069e+00 4.850595e-01
      vertex   -3.003073e+00 6.210504e+00 1.587500e+00
      vertex   -2.555887e+00 5.037573e+00 5.078665e-01
    endloop
  endfacet
  facet normal 4.871188e-01 -4.836353e-01 7.271947e-01
    outer loop
      vertex   -2.555887e+00 5.037573e+00 5.078665e-01
      vertex   -3.003073e+00 6.210504e+00 1.587500e+00
      vertex   -3.095704e+00 6.117206e+00 1.587500e+00
    endloop
  endfacet
  facet normal 5.191815e-01 -4.604405e-01 7.200313e-01
    outer loop
      vertex   -2.555887e+00 5.037573e+00 5.078665e-01
      vertex   -3.095704e+00 6.117206e+00 1.587500e+00
      vertex   -3.183892e+00 6.017768e+00 1.587500e+00
    endloop
  endfacet
  facet normal 5.504046e-01 -4.365010e-01 7.117033e-01
    outer loop
      vertex   -3.267494e+00 5.912349e+00 1.587500e+00
      vertex   -2.743539e+00 4.864439e+00 5.395896e-01
      vertex   -3.183892e+00 6.017768e+00 1.587500e+00
    endloop
  endfacet
  facet normal 5.342101e-01 -4.476088e-01 7.171233e-01
    outer loop
      vertex   -3.183892e+00 6.017768e+00 1.587500e+00
      vertex   -2.743539e+00 4.864439e+00 5.395896e-01
      vertex   -2.555887e+00 5.037573e+00 5.078665e-01
    endloop
  endfacet
  facet normal 5.656854e-01 -4.242641e-01 7.071068e-01
    outer loop
      vertex   -4.403571e+00 2.679762e+00 5.568086e-01
      vertex   -4.320966e+00 2.808263e+00 5.678250e-01
      vertex   -5.434262e+00 3.023325e+00 1.587500e+00
    endloop
  endfacet
  facet normal 5.656854e-01 -4.242641e-01 7.071068e-01
    outer loop
      vertex   -5.434262e+00 3.023325e+00 1.587500e+00
      vertex   -4.320966e+00 2.808263e+00 5.678250e-01
      vertex   -4.232275e+00 2.932642e+00 5.715000e-01
    endloop
  endfacet
  facet normal 5.656854e-01 -4.242641e-01 7.071068e-01
    outer loop
      vertex   -5.434262e+00 3.023325e+00 1.587500e+00
      vertex   -4.232275e+00 2.932642e+00 5.715000e-01
      vertex   -3.267494e+00 5.912349e+00 1.587500e+00
    endloop
  endfacet
  facet normal 5.656854e-01 -4.242641e-01 7.071068e-01
    outer loop
      vertex   -3.267494e+00 5.912349e+00 1.587500e+00
      vertex   -4.232275e+00 2.932642e+00 5.715000e-01
      vertex   -3.038475e+00 4.524375e+00 5.715000e-01
    endloop
  endfacet
  facet normal 5.656854e-01 -4.242641e-01 7.071068e-01
    outer loop
      vertex   -3.267494e+00 5.912349e+00 1.587500e+00
      vertex   -3.038475e+00 4.524375e+00 5.715000e-01
      vertex   -2.897041e+00 4.699641e+00 5.635124e-01
    endloop
  endfacet
  facet normal 5.656854e-01 -4.242641e-01 7.071068e-01
    outer loop
      vertex   -2.897041e+00 4.699641e+00 5.635124e-01
      vertex   -2.743539e+00 4.864439e+00 5.395896e-01
      vertex   -3.267494e+00 5.912349e+00 1.587500e+00
    endloop
  endfacet
  facet normal 5.656854e-01 4.242641e-01 7.071068e-01
    outer loop
      vertex   -4.403571e+00 -2.679762e+00 5.568086e-01
      vertex   -5.434262e+00 -3.023325e+00 1.587500e+00
      vertex   -4.320966e+00 -2.808263e+00 5.678250e-01
    endloop
  endfacet
  facet normal 5.656854e-01 4.242641e-01 7.071068e-01
    outer loop
      vertex   -4.320966e+00 -2.808263e+00 5.678250e-01
      vertex   -5.434262e+00 -3.023325e+00 1.587500e+00
      vertex   -4.232275e+00 -2.932642e+00 5.715000e-01
    endloop
  endfacet
  facet normal 5.656854e-01 4.242641e-01 7.071068e-01
    outer loop
      vertex   -4.232275e+00 -2.932642e+00 5.715000e-01
      vertex   -5.434262e+00 -3.023325e+00 1.587500e+00
      vertex   -3.038475e+00 -4.524375e+00 5.715000e-01
    endloop
  endfacet
  facet normal 5.656854e-01 4.242641e-01 7.071068e-01
    outer loop
      vertex   -3.038475e+00 -4.524375e+00 5.715000e-01
      vertex   -5.434262e+00 -3.023325e+00 1.587500e+00
      vertex   -3.355975e+00 -5.794375e+00 1.587500e+00
    endloop
  endfacet
  facet normal 5.656854e-01 4.242641e-01 7.071068e-01
    outer loop
      vertex   -3.038475e+00 -4.524375e+00 5.715000e-01
      vertex   -3.355975e+00 -5.794375e+00 1.587500e+00
      vertex   -2.923866e+00 -4.668302e+00 5.661693e-01
    endloop
  endfacet
  facet normal 5.656854e-01 4.242641e-01 7.071068e-01
    outer loop
      vertex   -2.923866e+00 -4.668302e+00 5.661693e-01
      vertex   -3.355975e+00 -5.794375e+00 1.587500e+00
      vertex   -2.801113e+00 -4.805349e+00 5.501949e-01
    endloop
  endfacet
  facet normal 5.656854e-01 4.242641e-01 7.071068e-01
    outer loop
      vertex   -2.801113e+00 -4.805349e+00 5.501949e-01
      vertex   -3.355975e+00 -5.794375e+00 1.587500e+00
      vertex   -2.670627e+00 -4.935056e+00 5.236306e-01
    endloop
  endfacet
  facet normal 5.656854e-01 4.242641e-01 7.071068e-01
    outer loop
      vertex   -2.670627e+00 -4.935056e+00 5.236306e-01
      vertex   -3.355975e+00 -5.794375e+00 1.587500e+00
      vertex   -2.532848e+00 -5.056987e+00 4.865655e-01
    endloop
  endfacet
  facet normal 5.656854e-01 4.242641e-01 7.071068e-01
    outer loop
      vertex   -2.532848e+00 -5.056987e+00 4.865655e-01
      vertex   -3.355975e+00 -5.794375e+00 1.587500e+00
      vertex   -2.388237e+00 -5.170732e+00 4.391242e-01
    endloop
  endfacet
  facet normal 5.656854e-01 4.242641e-01 7.071068e-01
    outer loop
      vertex   -2.388237e+00 -5.170732e+00 4.391242e-01
      vertex   -3.355975e+00 -5.794375e+00 1.587500e+00
      vertex   -2.237281e+00 -5.275910e+00 3.814659e-01
    endloop
  endfacet
  facet normal 5.656854e-01 4.242641e-01 7.071068e-01
    outer loop
      vertex   -2.237281e+00 -5.275910e+00 3.814659e-01
      vertex   -3.355975e+00 -5.794375e+00 1.587500e+00
      vertex   -2.080486e+00 -5.372168e+00 3.137841e-01
    endloop
  endfacet
  facet normal 5.656854e-01 4.242641e-01 7.071068e-01
    outer loop
      vertex   -2.080486e+00 -5.372168e+00 3.137841e-01
      vertex   -3.355975e+00 -5.794375e+00 1.587500e+00
      vertex   -1.918378e+00 -5.459181e+00 2.363063e-01
    endloop
  endfacet
  facet normal 5.656854e-01 4.242641e-01 7.071068e-01
    outer loop
      vertex   -1.918378e+00 -5.459181e+00 2.363063e-01
      vertex   -3.355975e+00 -5.794375e+00 1.587500e+00
      vertex   -1.751503e+00 -5.536659e+00 1.492926e-01
    endloop
  endfacet
  facet normal 5.656854e-01 4.242641e-01 7.071068e-01
    outer loop
      vertex   -1.751503e+00 -5.536659e+00 1.492926e-01
      vertex   -3.355975e+00 -5.794375e+00 1.587500e+00
      vertex   -1.580419e+00 -5.604341e+00 5.303510e-02
    endloop
  endfacet
  facet normal 5.656854e-01 4.242641e-01 7.071068e-01
    outer loop
      vertex   -1.580419e+00 -5.604341e+00 5.303510e-02
      vertex   -3.355975e+00 -5.794375e+00 1.587500e+00
      vertex   -1.405703e+00 -5.661999e+00 -5.214291e-02
    endloop
  endfacet
  facet normal 5.656854e-01 4.242641e-01 7.071068e-01
    outer loop
      vertex   -1.405703e+00 -5.661999e+00 -5.214291e-02
      vertex   -3.355975e+00 -5.794375e+00 1.587500e+00
      vertex   -1.227941e+00 -5.709441e+00 -1.658883e-01
    endloop
  endfacet
  facet normal 5.656854e-01 4.242641e-01 7.071068e-01
    outer loop
      vertex   -1.227941e+00 -5.709441e+00 -1.658883e-01
      vertex   -3.355975e+00 -5.794375e+00 1.587500e+00
      vertex   -1.047728e+00 -5.746506e+00 -2.878190e-01
    endloop
  endfacet
  facet normal 5.656854e-01 4.242641e-01 7.071068e-01
    outer loop
      vertex   -1.047728e+00 -5.746506e+00 -2.878190e-01
      vertex   -3.355975e+00 -5.794375e+00 1.587500e+00
      vertex   -8.656717e-01 -5.773070e+00 -4.175257e-01
    endloop
  endfacet
  facet normal 5.656854e-01 4.242641e-01 7.071068e-01
    outer loop
      vertex   -8.656717e-01 -5.773070e+00 -4.175257e-01
      vertex   -3.355975e+00 -5.794375e+00 1.587500e+00
      vertex   -6.823822e-01 -5.789044e+00 -5.545727e-01
    endloop
  endfacet
  facet normal 5.656854e-01 4.242641e-01 7.071068e-01
    outer loop
      vertex   -6.823822e-01 -5.789044e+00 -5.545727e-01
      vertex   -3.355975e+00 -5.794375e+00 1.587500e+00
      vertex   -4.984750e-01 -5.794375e+00 -6.985000e-01
    endloop
  endfacet
  facet normal -5.656854e-01 4.242641e-01 7.071068e-01
    outer loop
      vertex   4.403571e+00 -2.679762e+00 5.568086e-01
      vertex   4.320966e+00 -2.808263e+00 5.678250e-01
      vertex   5.434262e+00 -3.023325e+00 1.587500e+00
    endloop
  endfacet
  facet normal -5.656854e-01 4.242641e-01 7.071068e-01
    outer loop
      vertex   5.434262e+00 -3.023325e+00 1.587500e+00
      vertex   4.320966e+00 -2.808263e+00 5.678250e-01
      vertex   4.232275e+00 -2.932642e+00 5.715000e-01
    endloop
  endfacet
  facet normal -5.656854e-01 4.242641e-01 7.071068e-01
    outer loop
      vertex   5.434262e+00 -3.023325e+00 1.587500e+00
      vertex   4.232275e+00 -2.932642e+00 5.715000e-01
      vertex   3.038475e+00 -4.524375e+00 5.715000e-01
    endloop
  endfacet
  facet normal -5.656854e-01 4.242641e-01 7.071068e-01
    outer loop
      vertex   5.434262e+00 -3.023325e+00 1.587500e+00
      vertex   3.038475e+00 -4.524375e+00 5.715000e-01
      vertex   3.355975e+00 -5.794375e+00 1.587500e+00
    endloop
  endfacet
  facet normal -5.656854e-01 4.242641e-01 7.071068e-01
    outer loop
      vertex   3.355975e+00 -5.794375e+00 1.587500e+00
      vertex   3.038475e+00 -4.524375e+00 5.715000e-01
      vertex   2.923866e+00 -4.668302e+00 5.661693e-01
    endloop
  endfacet
  facet normal -5.656854e-01 4.242641e-01 7.071068e-01
    outer loop
      vertex   3.355975e+00 -5.794375e+00 1.587500e+00
      vertex   2.923866e+00 -4.668302e+00 5.661693e-01
      vertex   2.801113e+00 -4.805349e+00 5.501949e-01
    endloop
  endfacet
  facet normal -5.656854e-01 4.242641e-01 7.071068e-01
    outer loop
      vertex   2.801113e+00 -4.805349e+00 5.501949e-01
      vertex   2.670627e+00 -4.935056e+00 5.236306e-01
      vertex   3.355975e+00 -5.794375e+00 1.587500e+00
    endloop
  endfacet
  facet normal -5.656854e-01 4.242641e-01 7.071068e-01
    outer loop
      vertex   3.355975e+00 -5.794375e+00 1.587500e+00
      vertex   2.670627e+00 -4.935056e+00 5.236306e-01
      vertex   2.532848e+00 -5.056987e+00 4.865655e-01
    endloop
  endfacet
  facet normal -5.656854e-01 4.242641e-01 7.071068e-01
    outer loop
      vertex   3.355975e+00 -5.794375e+00 1.587500e+00
      vertex   2.532848e+00 -5.056987e+00 4.865655e-01
      vertex   2.388237e+00 -5.170732e+00 4.391242e-01
    endloop
  endfacet
  facet normal -5.656854e-01 4.242641e-01 7.071068e-01
    outer loop
      vertex   2.388237e+00 -5.170732e+00 4.391242e-01
      vertex   2.237281e+00 -5.275910e+00 3.814659e-01
      vertex   3.355975e+00 -5.794375e+00 1.587500e+00
    endloop
  endfacet
  facet normal -5.656854e-01 4.242641e-01 7.071068e-01
    outer loop
      vertex   3.355975e+00 -5.794375e+00 1.587500e+00
      vertex   2.237281e+00 -5.275910e+00 3.814659e-01
      vertex   2.080486e+00 -5.372168e+00 3.137841e-01
    endloop
  endfacet
  facet normal -5.656854e-01 4.242641e-01 7.071068e-01
    outer loop
      vertex   3.355975e+00 -5.794375e+00 1.587500e+00
      vertex   2.080486e+00 -5.372168e+00 3.137841e-01
      vertex   1.918378e+00 -5.459181e+00 2.363063e-01
    endloop
  endfacet
  facet normal -5.656854e-01 4.242641e-01 7.071068e-01
    outer loop
      vertex   1.918378e+00 -5.459181e+00 2.363063e-01
      vertex   1.751503e+00 -5.536659e+00 1.492926e-01
      vertex   3.355975e+00 -5.794375e+00 1.587500e+00
    endloop
  endfacet
  facet normal -5.656854e-01 4.242641e-01 7.071068e-01
    outer loop
      vertex   3.355975e+00 -5.794375e+00 1.587500e+00
      vertex   1.751503e+00 -5.536659e+00 1.492926e-01
      vertex   1.580419e+00 -5.604341e+00 5.303510e-02
    endloop
  endfacet
  facet normal -5.656854e-01 4.242641e-01 7.071068e-01
    outer loop
      vertex   3.355975e+00 -5.794375e+00 1.587500e+00
      vertex   1.580419e+00 -5.604341e+00 5.303510e-02
      vertex   1.405703e+00 -5.661999e+00 -5.214291e-02
    endloop
  endfacet
  facet normal -5.656854e-01 4.242641e-01 7.071068e-01
    outer loop
      vertex   1.405703e+00 -5.661999e+00 -5.214291e-02
      vertex   1.227941e+00 -5.709441e+00 -1.658883e-01
      vertex   3.355975e+00 -5.794375e+00 1.587500e+00
    endloop
  endfacet
  facet normal -5.656854e-01 4.242641e-01 7.071068e-01
    outer loop
      vertex   3.355975e+00 -5.794375e+00 1.587500e+00
      vertex   1.227941e+00 -5.709441e+00 -1.658883e-01
      vertex   1.047728e+00 -5.746506e+00 -2.878190e-01
    endloop
  endfacet
  facet normal -5.656854e-01 4.242641e-01 7.071068e-01
    outer loop
      vertex   3.355975e+00 -5.794375e+00 1.587500e+00
      vertex   1.047728e+00 -5.746506e+00 -2.878190e-01
      vertex   8.656717e-01 -5.773070e+00 -4.175257e-01
    endloop
  endfacet
  facet normal -5.656854e-01 4.242641e-01 7.071068e-01
    outer loop
      vertex   8.656717e-01 -5.773070e+00 -4.175257e-01
      vertex   6.823822e-01 -5.789044e+00 -5.545727e-01
      vertex   3.355975e+00 -5.794375e+00 1.587500e+00
    endloop
  endfacet
  facet normal -5.656854e-01 4.242641e-01 7.071068e-01
    outer loop
      vertex   3.355975e+00 -5.794375e+00 1.587500e+00
      vertex   6.823822e-01 -5.789044e+00 -5.545727e-01
      vertex   4.984750e-01 -5.794375e+00 -6.985000e-01
    endloop
  endfacet
  facet normal 0.000000e+00 0.000000e+00 1.000000e+00
    outer loop
      vertex   1.888770e+00 -7.920189e+00 1.587500e+00
      vertex   2.034176e+00 -7.877971e+00 1.587500e+00
      vertex   3.355975e+00 -5.794375e+00 1.587500e+00
    endloop
  endfacet
  facet normal 0.000000e+00 0.000000e+00 1.000000e+00
    outer loop
      vertex   3.355975e+00 -5.794375e+00 1.587500e+00
      vertex   2.034176e+00 -7.877971e+00 1.587500e+00
      vertex   2.277791e+00 -7.815292e+00 1.587500e+00
    endloop
  endfacet
  facet normal 0.000000e+00 0.000000e+00 1.000000e+00
    outer loop
      vertex   3.355975e+00 -5.794375e+00 1.587500e+00
      vertex   2.277791e+00 -7.815292e+00 1.587500e+00
      vertex   2.514782e+00 -7.730955e+00 1.587500e+00
    endloop
  endfacet
  facet normal 0.000000e+00 0.000000e+00 1.000000e+00
    outer loop
      vertex   2.514782e+00 -7.730955e+00 1.587500e+00
      vertex   2.743227e+00 -7.625646e+00 1.587500e+00
      vertex   3.355975e+00 -5.794375e+00 1.587500e+00
    endloop
  endfacet
  facet normal 0.000000e+00 0.000000e+00 1.000000e+00
    outer loop
      vertex   3.355975e+00 -5.794375e+00 1.587500e+00
      vertex   2.743227e+00 -7.625646e+00 1.587500e+00
      vertex   2.961275e+00 -7.500216e+00 1.587500e+00
    endloop
  endfacet
  facet normal 0.000000e+00 0.000000e+00 1.000000e+00
    outer loop
      vertex   3.355975e+00 -5.794375e+00 1.587500e+00
      vertex   2.961275e+00 -7.500216e+00 1.587500e+00
      vertex   3.167157e+00 -7.355684e+00 1.587500e+00
    endloop
  endfacet
  facet normal 0.000000e+00 0.000000e+00 1.000000e+00
    outer loop
      vertex   3.167157e+00 -7.355684e+00 1.587500e+00
      vertex   3.359206e+00 -7.193220e+00 1.587500e+00
      vertex   3.355975e+00 -5.794375e+00 1.587500e+00
    endloop
  endfacet
  facet normal 0.000000e+00 0.000000e+00 1.000000e+00
    outer loop
      vertex   3.355975e+00 -5.794375e+00 1.587500e+00
      vertex   3.359206e+00 -7.193220e+00 1.587500e+00
      vertex   3.535864e+00 -7.014141e+00 1.587500e+00
    endloop
  endfacet
  facet normal 0.000000e+00 0.000000e+00 1.000000e+00
    outer loop
      vertex   3.355975e+00 -5.794375e+00 1.587500e+00
      vertex   3.535864e+00 -7.014141e+00 1.587500e+00
      vertex   3.695700e+00 -6.819900e+00 1.587500e+00
    endloop
  endfacet
  facet normal 0.000000e+00 -0.000000e+00 1.000000e+00
    outer loop
      vertex   3.695700e+00 -6.819900e+00 1.587500e+00
      vertex   6.108700e+00 -3.602567e+00 1.587500e+00
      vertex   3.355975e+00 -5.794375e+00 1.587500e+00
    endloop
  endfacet
  facet normal 0.000000e+00 0.000000e+00 1.000000e+00
    outer loop
      vertex   3.355975e+00 -5.794375e+00 1.587500e+00
      vertex   6.108700e+00 -3.602567e+00 1.587500e+00
      vertex   5.434262e+00 -3.023325e+00 1.587500e+00
    endloop
  endfacet
  facet normal -1.591975e-15 -1.853611e-15 1.000000e+00
    outer loop
      vertex   5.434262e+00 -3.023325e+00 1.587500e+00
      vertex   6.108700e+00 -3.602567e+00 1.587500e+00
      vertex   5.538127e+00 -2.872949e+00 1.587500e+00
    endloop
  endfacet
  facet normal 4.161656e-16 -2.832118e-16 1.000000e+00
    outer loop
      vertex   5.538127e+00 -2.872949e+00 1.587500e+00
      vertex   6.108700e+00 -3.602567e+00 1.587500e+00
      vertex   6.253154e+00 -3.390298e+00 1.587500e+00
    endloop
  endfacet
  facet normal 4.376440e-16 -2.535266e-16 1.000000e+00
    outer loop
      vertex   5.538127e+00 -2.872949e+00 1.587500e+00
      vertex   6.253154e+00 -3.390298e+00 1.587500e+00
      vertex   5.628820e+00 -2.716392e+00 1.587500e+00
    endloop
  endfacet
  facet normal 4.452410e-16 -2.464884e-16 1.000000e+00
    outer loop
      vertex   5.628820e+00 -2.716392e+00 1.587500e+00
      vertex   6.253154e+00 -3.390298e+00 1.587500e+00
      vertex   6.377513e+00 -3.165665e+00 1.587500e+00
    endloop
  endfacet
  facet normal 4.613593e-16 -2.196279e-16 1.000000e+00
    outer loop
      vertex   5.628820e+00 -2.716392e+00 1.587500e+00
      vertex   6.377513e+00 -3.165665e+00 1.587500e+00
      vertex   5.706054e+00 -2.554152e+00 1.587500e+00
    endloop
  endfacet
  facet normal 4.724751e-16 -2.074225e-16 1.000000e+00
    outer loop
      vertex   5.706054e+00 -2.554152e+00 1.587500e+00
      vertex   6.377513e+00 -3.165665e+00 1.587500e+00
      vertex   6.480725e+00 -2.930565e+00 1.587500e+00
    endloop
  endfacet
  facet normal 4.840137e-16 -1.836757e-16 1.000000e+00
    outer loop
      vertex   5.706054e+00 -2.554152e+00 1.587500e+00
      vertex   6.480725e+00 -2.930565e+00 1.587500e+00
      vertex   5.769582e+00 -2.386744e+00 1.587500e+00
    endloop
  endfacet
  facet normal 4.976259e-16 -1.658753e-16 1.000000e+00
    outer loop
      vertex   5.769582e+00 -2.386744e+00 1.587500e+00
      vertex   6.480725e+00 -2.930565e+00 1.587500e+00
      vertex   6.561919e+00 -2.686983e+00 1.587500e+00
    endloop
  endfacet
  facet normal 5.052596e-16 -1.457299e-16 1.000000e+00
    outer loop
      vertex   5.769582e+00 -2.386744e+00 1.587500e+00
      vertex   6.561919e+00 -2.686983e+00 1.587500e+00
      vertex   5.819204e+00 -2.214701e+00 1.587500e+00
    endloop
  endfacet
  facet normal 5.204938e-16 -1.217724e-16 1.000000e+00
    outer loop
      vertex   5.819204e+00 -2.214701e+00 1.587500e+00
      vertex   6.561919e+00 -2.686983e+00 1.587500e+00
      vertex   6.620409e+00 -2.436975e+00 1.587500e+00
    endloop
  endfacet
  facet normal 5.248802e-16 -1.059615e-16 1.000000e+00
    outer loop
      vertex   5.819204e+00 -2.214701e+00 1.587500e+00
      vertex   6.620409e+00 -2.436975e+00 1.587500e+00
      vertex   5.854761e+00 -2.038568e+00 1.587500e+00
    endloop
  endfacet
  facet normal 5.409545e-16 -7.507030e-17 1.000000e+00
    outer loop
      vertex   5.854761e+00 -2.038568e+00 1.587500e+00
      vertex   6.620409e+00 -2.436975e+00 1.587500e+00
      vertex   6.655702e+00 -2.182654e+00 1.587500e+00
    endloop
  endfacet
  facet normal 5.428385e-16 -6.459738e-17 1.000000e+00
    outer loop
      vertex   5.854761e+00 -2.038568e+00 1.587500e+00
      vertex   6.655702e+00 -2.182654e+00 1.587500e+00
      vertex   5.876141e+00 -1.858907e+00 1.587500e+00
    endloop
  endfacet
  facet normal 5.589875e-16 -2.571162e-17 1.000000e+00
    outer loop
      vertex   5.876141e+00 -1.858907e+00 1.587500e+00
      vertex   6.655702e+00 -2.182654e+00 1.587500e+00
      vertex   6.667500e+00 -1.926167e+00 1.587500e+00
    endloop
  endfacet
  facet normal 7.653144e-16 2.401871e-15 1.000000e+00
    outer loop
      vertex   5.876141e+00 -1.858907e+00 1.587500e+00
      vertex   6.667500e+00 -1.926167e+00 1.587500e+00
      vertex   5.883275e+00 -1.676287e+00 1.587500e+00
    endloop
  endfacet
  facet normal -0.000000e+00 0.000000e+00 1.000000e+00
    outer loop
      vertex   5.883275e+00 -1.676287e+00 1.587500e+00
      vertex   6.667500e+00 -1.926167e+00 1.587500e+00
      vertex   5.883275e+00 1.676287e+00 1.587500e+00
    endloop
  endfacet
  facet normal -0.000000e+00 0.000000e+00 1.000000e+00
    outer loop
      vertex   5.883275e+00 1.676287e+00 1.587500e+00
      vertex   6.667500e+00 -1.926167e+00 1.587500e+00
      vertex   6.667500e+00 1.926167e+00 1.587500e+00
    endloop
  endfacet
  facet normal 0.000000e+00 -0.000000e+00 1.000000e+00
    outer loop
      vertex   5.883275e+00 1.676287e+00 1.587500e+00
      vertex   6.667500e+00 1.926167e+00 1.587500e+00
      vertex   5.876141e+00 1.858907e+00 1.587500e+00
    endloop
  endfacet
  facet normal 0.000000e+00 0.000000e+00 1.000000e+00
    outer loop
      vertex   5.876141e+00 1.858907e+00 1.587500e+00
      vertex   6.667500e+00 1.926167e+00 1.587500e+00
      vertex   6.655702e+00 2.182654e+00 1.587500e+00
    endloop
  endfacet
  facet normal 0.000000e+00 -0.000000e+00 1.000000e+00
    outer loop
      vertex   5.876141e+00 1.858907e+00 1.587500e+00
      vertex   6.655702e+00 2.182654e+00 1.587500e+00
      vertex   5.854761e+00 2.038568e+00 1.587500e+00
    endloop
  endfacet
  facet normal 0.000000e+00 0.000000e+00 1.000000e+00
    outer loop
      vertex   5.854761e+00 2.038568e+00 1.587500e+00
      vertex   6.655702e+00 2.182654e+00 1.587500e+00
      vertex   6.620409e+00 2.436975e+00 1.587500e+00
    endloop
  endfacet
  facet normal 0.000000e+00 -0.000000e+00 1.000000e+00
    outer loop
      vertex   5.854761e+00 2.038568e+00 1.587500e+00
      vertex   6.620409e+00 2.436975e+00 1.587500e+00
      vertex   5.819204e+00 2.214701e+00 1.587500e+00
    endloop
  endfacet
  facet normal 0.000000e+00 0.000000e+00 1.000000e+00
    outer loop
      vertex   5.819204e+00 2.214701e+00 1.587500e+00
      vertex   6.620409e+00 2.436975e+00 1.587500e+00
      vertex   6.561919e+00 2.686983e+00 1.587500e+00
    endloop
  endfacet
  facet normal 0.000000e+00 -0.000000e+00 1.000000e+00
    outer loop
      vertex   5.819204e+00 2.214701e+00 1.587500e+00
      vertex   6.561919e+00 2.686983e+00 1.587500e+00
      vertex   5.769582e+00 2.386744e+00 1.587500e+00
    endloop
  endfacet
  facet normal 0.000000e+00 0.000000e+00 1.000000e+00
    outer loop
      vertex   5.769582e+00 2.386744e+00 1.587500e+00
      vertex   6.561919e+00 2.686983e+00 1.587500e+00
      vertex   6.480725e+00 2.930565e+00 1.587500e+00
    endloop
  endfacet
  facet normal 0.000000e+00 -0.000000e+00 1.000000e+00
    outer loop
      vertex   5.769582e+00 2.386744e+00 1.587500e+00
      vertex   6.480725e+00 2.930565e+00 1.587500e+00
      vertex   5.706054e+00 2.554152e+00 1.587500e+00
    endloop
  endfacet
  facet normal 0.000000e+00 0.000000e+00 1.000000e+00
    outer loop
      vertex   5.706054e+00 2.554152e+00 1.587500e+00
      vertex   6.480725e+00 2.930565e+00 1.587500e+00
      vertex   6.377513e+00 3.165665e+00 1.587500e+00
    endloop
  endfacet
  facet normal 0.000000e+00 -0.000000e+00 1.000000e+00
    outer loop
      vertex   5.706054e+00 2.554152e+00 1.587500e+00
      vertex   6.377513e+00 3.165665e+00 1.587500e+00
      vertex   5.628820e+00 2.716392e+00 1.587500e+00
    endloop
  endfacet
  facet normal 0.000000e+00 0.000000e+00 1.000000e+00
    outer loop
      vertex   5.628820e+00 2.716392e+00 1.587500e+00
      vertex   6.377513e+00 3.165665e+00 1.587500e+00
      vertex   6.253154e+00 3.390298e+00 1.587500e+00
    endloop
  endfacet
  facet normal 0.000000e+00 -0.000000e+00 1.000000e+00
    outer loop
      vertex   5.628820e+00 2.716392e+00 1.587500e+00
      vertex   6.253154e+00 3.390298e+00 1.587500e+00
      vertex   5.538127e+00 2.872949e+00 1.587500e+00
    endloop
  endfacet
  facet normal 0.000000e+00 0.000000e+00 1.000000e+00
    outer loop
      vertex   5.538127e+00 2.872949e+00 1.587500e+00
      vertex   6.253154e+00 3.390298e+00 1.587500e+00
      vertex   6.108700e+00 3.602567e+00 1.587500e+00
    endloop
  endfacet
  facet normal 0.000000e+00 -0.000000e+00 1.000000e+00
    outer loop
      vertex   5.538127e+00 2.872949e+00 1.587500e+00
      vertex   6.108700e+00 3.602567e+00 1.587500e+00
      vertex   5.434262e+00 3.023325e+00 1.587500e+00
    endloop
  endfacet
  facet normal 0.000000e+00 -0.000000e+00 1.000000e+00
    outer loop
      vertex   5.434262e+00 3.023325e+00 1.587500e+00
      vertex   6.108700e+00 3.602567e+00 1.587500e+00
      vertex   3.267494e+00 5.912349e+00 1.587500e+00
    endloop
  endfacet
  facet normal -0.000000e+00 0.000000e+00 1.000000e+00
    outer loop
      vertex   3.267494e+00 5.912349e+00 1.587500e+00
      vertex   6.108700e+00 3.602567e+00 1.587500e+00
      vertex   3.695700e+00 6.819900e+00 1.587500e+00
    endloop
  endfacet
  facet normal 0.000000e+00 -0.000000e+00 1.000000e+00
    outer loop
      vertex   3.267494e+00 5.912349e+00 1.587500e+00
      vertex   3.695700e+00 6.819900e+00 1.587500e+00
      vertex   3.183892e+00 6.017768e+00 1.587500e+00
    endloop
  endfacet
  facet normal 0.000000e+00 -0.000000e+00 1.000000e+00
    outer loop
      vertex   3.183892e+00 6.017768e+00 1.587500e+00
      vertex   3.695700e+00 6.819900e+00 1.587500e+00
      vertex   3.095704e+00 6.117206e+00 1.587500e+00
    endloop
  endfacet
  facet normal 0.000000e+00 0.000000e+00 1.000000e+00
    outer loop
      vertex   3.095704e+00 6.117206e+00 1.587500e+00
      vertex   3.695700e+00 6.819900e+00 1.587500e+00
      vertex   3.530868e+00 7.019670e+00 1.587500e+00
    endloop
  endfacet
  facet normal 0.000000e+00 -0.000000e+00 1.000000e+00
    outer loop
      vertex   3.095704e+00 6.117206e+00 1.587500e+00
      vertex   3.530868e+00 7.019670e+00 1.587500e+00
      vertex   3.003073e+00 6.210504e+00 1.587500e+00
    endloop
  endfacet
  facet normal 0.000000e+00 -0.000000e+00 1.000000e+00
    outer loop
      vertex   3.003073e+00 6.210504e+00 1.587500e+00
      vertex   3.530868e+00 7.019670e+00 1.587500e+00
      vertex   2.906150e+00 6.297509e+00 1.587500e+00
    endloop
  endfacet
  facet normal 0.000000e+00 0.000000e+00 1.000000e+00
    outer loop
      vertex   2.906150e+00 6.297509e+00 1.587500e+00
      vertex   3.530868e+00 7.019670e+00 1.587500e+00
      vertex   3.348246e+00 7.203318e+00 1.587500e+00
    endloop
  endfacet
  facet normal 0.000000e+00 -0.000000e+00 1.000000e+00
    outer loop
      vertex   2.906150e+00 6.297509e+00 1.587500e+00
      vertex   3.348246e+00 7.203318e+00 1.587500e+00
      vertex   2.805092e+00 6.378083e+00 1.587500e+00
    endloop
  endfacet
  facet normal 0.000000e+00 0.000000e+00 1.000000e+00
    outer loop
      vertex   2.805092e+00 6.378083e+00 1.587500e+00
      vertex   3.348246e+00 7.203318e+00 1.587500e+00
      vertex   3.149403e+00 7.369268e+00 1.587500e+00
    endloop
  endfacet
  facet normal 0.000000e+00 -0.000000e+00 1.000000e+00
    outer loop
      vertex   2.805092e+00 6.378083e+00 1.587500e+00
      vertex   3.149403e+00 7.369268e+00 1.587500e+00
      vertex   2.700060e+00 6.452093e+00 1.587500e+00
    endloop
  endfacet
  facet normal 0.000000e+00 0.000000e+00 1.000000e+00
    outer loop
      vertex   2.700060e+00 6.452093e+00 1.587500e+00
      vertex   3.149403e+00 7.369268e+00 1.587500e+00
      vertex   2.936048e+00 7.516092e+00 1.587500e+00
    endloop
  endfacet
  facet normal 0.000000e+00 -0.000000e+00 1.000000e+00
    outer loop
      vertex   2.700060e+00 6.452093e+00 1.587500e+00
      vertex   2.936048e+00 7.516092e+00 1.587500e+00
      vertex   2.591226e+00 6.519420e+00 1.587500e+00
    endloop
  endfacet
  facet normal 0.000000e+00 -0.000000e+00 1.000000e+00
    outer loop
      vertex   2.591226e+00 6.519420e+00 1.587500e+00
      vertex   2.936048e+00 7.516092e+00 1.587500e+00
      vertex   2.478766e+00 6.579956e+00 1.587500e+00
    endloop
  endfacet
  facet normal 0.000000e+00 0.000000e+00 1.000000e+00
    outer loop
      vertex   2.478766e+00 6.579956e+00 1.587500e+00
      vertex   2.936048e+00 7.516092e+00 1.587500e+00
      vertex   2.710015e+00 7.642530e+00 1.587500e+00
    endloop
  endfacet
  facet normal 0.000000e+00 -0.000000e+00 1.000000e+00
    outer loop
      vertex   2.478766e+00 6.579956e+00 1.587500e+00
      vertex   2.710015e+00 7.642530e+00 1.587500e+00
      vertex   2.362861e+00 6.633603e+00 1.587500e+00
    endloop
  endfacet
  facet normal 0.000000e+00 0.000000e+00 1.000000e+00
    outer loop
      vertex   2.362861e+00 6.633603e+00 1.587500e+00
      vertex   2.710015e+00 7.642530e+00 1.587500e+00
      vertex   2.473245e+00 7.747494e+00 1.587500e+00
    endloop
  endfacet
  facet normal 0.000000e+00 -0.000000e+00 1.000000e+00
    outer loop
      vertex   2.362861e+00 6.633603e+00 1.587500e+00
      vertex   2.473245e+00 7.747494e+00 1.587500e+00
      vertex   2.243698e+00 6.680274e+00 1.587500e+00
    endloop
  endfacet
  facet normal 0.000000e+00 -0.000000e+00 1.000000e+00
    outer loop
      vertex   2.243698e+00 6.680274e+00 1.587500e+00
      vertex   2.473245e+00 7.747494e+00 1.587500e+00
      vertex   2.121471e+00 6.719893e+00 1.587500e+00
    endloop
  endfacet
  facet normal 0.000000e+00 0.000000e+00 1.000000e+00
    outer loop
      vertex   2.121471e+00 6.719893e+00 1.587500e+00
      vertex   2.473245e+00 7.747494e+00 1.587500e+00
      vertex   2.227772e+00 7.830083e+00 1.587500e+00
    endloop
  endfacet
  facet normal 0.000000e+00 -0.000000e+00 1.000000e+00
    outer loop
      vertex   2.121471e+00 6.719893e+00 1.587500e+00
      vertex   2.227772e+00 7.830083e+00 1.587500e+00
      vertex   1.996377e+00 6.752396e+00 1.587500e+00
    endloop
  endfacet
  facet normal 0.000000e+00 -0.000000e+00 1.000000e+00
    outer loop
      vertex   1.996377e+00 6.752396e+00 1.587500e+00
      vertex   2.227772e+00 7.830083e+00 1.587500e+00
      vertex   1.975707e+00 7.889588e+00 1.587500e+00
    endloop
  endfacet
  facet normal 0.000000e+00 0.000000e+00 1.000000e+00
    outer loop
      vertex   1.996377e+00 6.752396e+00 1.587500e+00
      vertex   1.975707e+00 7.889588e+00 1.587500e+00
      vertex   1.868619e+00 6.777731e+00 1.587500e+00
    endloop
  endfacet
  facet normal 0.000000e+00 -0.000000e+00 1.000000e+00
    outer loop
      vertex   1.868619e+00 6.777731e+00 1.587500e+00
      vertex   1.975707e+00 7.889588e+00 1.587500e+00
      vertex   1.738403e+00 6.795857e+00 1.587500e+00
    endloop
  endfacet
  facet normal 0.000000e+00 -0.000000e+00 1.000000e+00
    outer loop
      vertex   1.738403e+00 6.795857e+00 1.587500e+00
      vertex   1.975707e+00 7.889588e+00 1.587500e+00
      vertex   1.719215e+00 7.925496e+00 1.587500e+00
    endloop
  endfacet
  facet normal 0.000000e+00 0.000000e+00 1.000000e+00
    outer loop
      vertex   1.738403e+00 6.795857e+00 1.587500e+00
      vertex   1.719215e+00 7.925496e+00 1.587500e+00
      vertex   1.605939e+00 6.806744e+00 1.587500e+00
    endloop
  endfacet
  facet normal 0.000000e+00 -0.000000e+00 1.000000e+00
    outer loop
      vertex   1.605939e+00 6.806744e+00 1.587500e+00
      vertex   1.719215e+00 7.925496e+00 1.587500e+00
      vertex   1.460500e+00 7.937500e+00 1.587500e+00
    endloop
  endfacet
  facet normal 0.000000e+00 0.000000e+00 1.000000e+00
    outer loop
      vertex   1.605939e+00 6.806744e+00 1.587500e+00
      vertex   1.460500e+00 7.937500e+00 1.587500e+00
      vertex   1.471443e+00 6.810375e+00 1.587500e+00
    endloop
  endfacet
  facet normal 0.000000e+00 0.000000e+00 1.000000e+00
    outer loop
      vertex   1.471443e+00 6.810375e+00 1.587500e+00
      vertex   1.460500e+00 7.937500e+00 1.587500e+00
      vertex   -1.460500e+00 7.937500e+00 1.587500e+00
    endloop
  endfacet
  facet normal 0.000000e+00 0.000000e+00 1.000000e+00
    outer loop
      vertex   1.471443e+00 6.810375e+00 1.587500e+00
      vertex   -1.460500e+00 7.937500e+00 1.587500e+00
      vertex   -1.471443e+00 6.810375e+00 1.587500e+00
    endloop
  endfacet
  facet normal 0.000000e+00 -0.000000e+00 1.000000e+00
    outer loop
      vertex   -1.471443e+00 6.810375e+00 1.587500e+00
      vertex   -1.460500e+00 7.937500e+00 1.587500e+00
      vertex   -1.605939e+00 6.806744e+00 1.587500e+00
    endloop
  endfacet
  facet normal 0.000000e+00 -0.000000e+00 1.000000e+00
    outer loop
      vertex   -1.605939e+00 6.806744e+00 1.587500e+00
      vertex   -1.460500e+00 7.937500e+00 1.587500e+00
      vertex   -1.719215e+00 7.925496e+00 1.587500e+00
    endloop
  endfacet
  facet normal 0.000000e+00 0.000000e+00 1.000000e+00
    outer loop
      vertex   -1.605939e+00 6.806744e+00 1.587500e+00
      vertex   -1.719215e+00 7.925496e+00 1.587500e+00
      vertex   -1.738403e+00 6.795857e+00 1.587500e+00
    endloop
  endfacet
  facet normal 0.000000e+00 -0.000000e+00 1.000000e+00
    outer loop
      vertex   -1.738403e+00 6.795857e+00 1.587500e+00
      vertex   -1.719215e+00 7.925496e+00 1.587500e+00
      vertex   -1.975707e+00 7.889588e+00 1.587500e+00
    endloop
  endfacet
  facet normal 0.000000e+00 0.000000e+00 1.000000e+00
    outer loop
      vertex   -1.738403e+00 6.795857e+00 1.587500e+00
      vertex   -1.975707e+00 7.889588e+00 1.587500e+00
      vertex   -1.868619e+00 6.777731e+00 1.587500e+00
    endloop
  endfacet
  facet normal 0.000000e+00 0.000000e+00 1.000000e+00
    outer loop
      vertex   -1.868619e+00 6.777731e+00 1.587500e+00
      vertex   -1.975707e+00 7.889588e+00 1.587500e+00
      vertex   -1.996377e+00 6.752396e+00 1.587500e+00
    endloop
  endfacet
  facet normal 0.000000e+00 -0.000000e+00 1.000000e+00
    outer loop
      vertex   -1.996377e+00 6.752396e+00 1.587500e+00
      vertex   -1.975707e+00 7.889588e+00 1.587500e+00
      vertex   -2.227772e+00 7.830083e+00 1.587500e+00
    endloop
  endfacet
  facet normal 0.000000e+00 0.000000e+00 1.000000e+00
    outer loop
      vertex   -1.996377e+00 6.752396e+00 1.587500e+00
      vertex   -2.227772e+00 7.830083e+00 1.587500e+00
      vertex   -2.121471e+00 6.719893e+00 1.587500e+00
    endloop
  endfacet
  facet normal 0.000000e+00 0.000000e+00 1.000000e+00
    outer loop
      vertex   -2.121471e+00 6.719893e+00 1.587500e+00
      vertex   -2.227772e+00 7.830083e+00 1.587500e+00
      vertex   -2.473245e+00 7.747494e+00 1.587500e+00
    endloop
  endfacet
  facet normal 0.000000e+00 0.000000e+00 1.000000e+00
    outer loop
      vertex   -2.121471e+00 6.719893e+00 1.587500e+00
      vertex   -2.473245e+00 7.747494e+00 1.587500e+00
      vertex   -2.243698e+00 6.680274e+00 1.587500e+00
    endloop
  endfacet
  facet normal 0.000000e+00 0.000000e+00 1.000000e+00
    outer loop
      vertex   -2.243698e+00 6.680274e+00 1.587500e+00
      vertex   -2.473245e+00 7.747494e+00 1.587500e+00
      vertex   -2.362861e+00 6.633603e+00 1.587500e+00
    endloop
  endfacet
  facet normal 0.000000e+00 0.000000e+00 1.000000e+00
    outer loop
      vertex   -2.362861e+00 6.633603e+00 1.587500e+00
      vertex   -2.473245e+00 7.747494e+00 1.587500e+00
      vertex   -2.710015e+00 7.642530e+00 1.587500e+00
    endloop
  endfacet
  facet normal 0.000000e+00 0.000000e+00 1.000000e+00
    outer loop
      vertex   -2.362861e+00 6.633603e+00 1.587500e+00
      vertex   -2.710015e+00 7.642530e+00 1.587500e+00
      vertex   -2.478766e+00 6.579956e+00 1.587500e+00
    endloop
  endfacet
  facet normal 0.000000e+00 0.000000e+00 1.000000e+00
    outer loop
      vertex   -2.478766e+00 6.579956e+00 1.587500e+00
      vertex   -2.710015e+00 7.642530e+00 1.587500e+00
      vertex   -2.936048e+00 7.516092e+00 1.587500e+00
    endloop
  endfacet
  facet normal 0.000000e+00 0.000000e+00 1.000000e+00
    outer loop
      vertex   -2.478766e+00 6.579956e+00 1.587500e+00
      vertex   -2.936048e+00 7.516092e+00 1.587500e+00
      vertex   -2.591226e+00 6.519420e+00 1.587500e+00
    endloop
  endfacet
  facet normal 0.000000e+00 0.000000e+00 1.000000e+00
    outer loop
      vertex   -2.591226e+00 6.519420e+00 1.587500e+00
      vertex   -2.936048e+00 7.516092e+00 1.587500e+00
      vertex   -2.700060e+00 6.452093e+00 1.587500e+00
    endloop
  endfacet
  facet normal 0.000000e+00 0.000000e+00 1.000000e+00
    outer loop
      vertex   -2.700060e+00 6.452093e+00 1.587500e+00
      vertex   -2.936048e+00 7.516092e+00 1.587500e+00
      vertex   -3.149403e+00 7.369268e+00 1.587500e+00
    endloop
  endfacet
  facet normal 0.000000e+00 0.000000e+00 1.000000e+00
    outer loop
      vertex   -2.700060e+00 6.452093e+00 1.587500e+00
      vertex   -3.149403e+00 7.369268e+00 1.587500e+00
      vertex   -2.805092e+00 6.378083e+00 1.587500e+00
    endloop
  endfacet
  facet normal 0.000000e+00 0.000000e+00 1.000000e+00
    outer loop
      vertex   -2.805092e+00 6.378083e+00 1.587500e+00
      vertex   -3.149403e+00 7.369268e+00 1.587500e+00
      vertex   -3.348246e+00 7.203318e+00 1.587500e+00
    endloop
  endfacet
  facet normal 0.000000e+00 0.000000e+00 1.000000e+00
    outer loop
      vertex   -2.805092e+00 6.378083e+00 1.587500e+00
      vertex   -3.348246e+00 7.203318e+00 1.587500e+00
      vertex   -2.906150e+00 6.297509e+00 1.587500e+00
    endloop
  endfacet
  facet normal 0.000000e+00 0.000000e+00 1.000000e+00
    outer loop
      vertex   -2.906150e+00 6.297509e+00 1.587500e+00
      vertex   -3.348246e+00 7.203318e+00 1.587500e+00
      vertex   -3.530868e+00 7.019670e+00 1.587500e+00
    endloop
  endfacet
  facet normal 0.000000e+00 0.000000e+00 1.000000e+00
    outer loop
      vertex   -2.906150e+00 6.297509e+00 1.587500e+00
      vertex   -3.530868e+00 7.019670e+00 1.587500e+00
      vertex   -3.003073e+00 6.210504e+00 1.587500e+00
    endloop
  endfacet
  facet normal 0.000000e+00 0.000000e+00 1.000000e+00
    outer loop
      vertex   -3.003073e+00 6.210504e+00 1.587500e+00
      vertex   -3.530868e+00 7.019670e+00 1.587500e+00
      vertex   -3.095704e+00 6.117206e+00 1.587500e+00
    endloop
  endfacet
  facet normal 0.000000e+00 0.000000e+00 1.000000e+00
    outer loop
      vertex   -3.095704e+00 6.117206e+00 1.587500e+00
      vertex   -3.530868e+00 7.019670e+00 1.587500e+00
      vertex   -3.695700e+00 6.819900e+00 1.587500e+00
    endloop
  endfacet
  facet normal 0.000000e+00 0.000000e+00 1.000000e+00
    outer loop
      vertex   -3.095704e+00 6.117206e+00 1.587500e+00
      vertex   -3.695700e+00 6.819900e+00 1.587500e+00
      vertex   -3.183892e+00 6.017768e+00 1.587500e+00
    endloop
  endfacet
  facet normal 0.000000e+00 0.000000e+00 1.000000e+00
    outer loop
      vertex   -3.183892e+00 6.017768e+00 1.587500e+00
      vertex   -3.695700e+00 6.819900e+00 1.587500e+00
      vertex   -3.267494e+00 5.912349e+00 1.587500e+00
    endloop
  endfacet
  facet normal 0.000000e+00 0.000000e+00 1.000000e+00
    outer loop
      vertex   -3.267494e+00 5.912349e+00 1.587500e+00
      vertex   -3.695700e+00 6.819900e+00 1.587500e+00
      vertex   -6.108700e+00 3.602567e+00 1.587500e+00
    endloop
  endfacet
  facet normal 0.000000e+00 0.000000e+00 1.000000e+00
    outer loop
      vertex   -3.267494e+00 5.912349e+00 1.587500e+00
      vertex   -6.108700e+00 3.602567e+00 1.587500e+00
      vertex   -5.434262e+00 3.023325e+00 1.587500e+00
    endloop
  endfacet
  facet normal 1.591975e-15 1.853611e-15 1.000000e+00
    outer loop
      vertex   -5.434262e+00 3.023325e+00 1.587500e+00
      vertex   -6.108700e+00 3.602567e+00 1.587500e+00
      vertex   -5.538127e+00 2.872949e+00 1.587500e+00
    endloop
  endfacet
  facet normal -4.161656e-16 2.832118e-16 1.000000e+00
    outer loop
      vertex   -5.538127e+00 2.872949e+00 1.587500e+00
      vertex   -6.108700e+00 3.602567e+00 1.587500e+00
      vertex   -6.253154e+00 3.390298e+00 1.587500e+00
    endloop
  endfacet
  facet normal -4.376440e-16 2.535266e-16 1.000000e+00
    outer loop
      vertex   -5.538127e+00 2.872949e+00 1.587500e+00
      vertex   -6.253154e+00 3.390298e+00 1.587500e+00
      vertex   -5.628820e+00 2.716392e+00 1.587500e+00
    endloop
  endfacet
  facet normal -4.452410e-16 2.464884e-16 1.000000e+00
    outer loop
      vertex   -5.628820e+00 2.716392e+00 1.587500e+00
      vertex   -6.253154e+00 3.390298e+00 1.587500e+00
      vertex   -6.377513e+00 3.165665e+00 1.587500e+00
    endloop
  endfacet
  facet normal -4.613593e-16 2.196279e-16 1.000000e+00
    outer loop
      vertex   -5.628820e+00 2.716392e+00 1.587500e+00
      vertex   -6.377513e+00 3.165665e+00 1.587500e+00
      vertex   -5.706054e+00 2.554152e+00 1.587500e+00
    endloop
  endfacet
  facet normal -4.724751e-16 2.074225e-16 1.000000e+00
    outer loop
      vertex   -5.706054e+00 2.554152e+00 1.587500e+00
      vertex   -6.377513e+00 3.165665e+00 1.587500e+00
      vertex   -6.480725e+00 2.930565e+00 1.587500e+00
    endloop
  endfacet
  facet normal -4.840137e-16 1.836757e-16 1.000000e+00
    outer loop
      vertex   -5.706054e+00 2.554152e+00 1.587500e+00
      vertex   -6.480725e+00 2.930565e+00 1.587500e+00
      vertex   -5.769582e+00 2.386744e+00 1.587500e+00
    endloop
  endfacet
  facet normal -4.976259e-16 1.658753e-16 1.000000e+00
    outer loop
      vertex   -5.769582e+00 2.386744e+00 1.587500e+00
      vertex   -6.480725e+00 2.930565e+00 1.587500e+00
      vertex   -6.561919e+00 2.686983e+00 1.587500e+00
    endloop
  endfacet
  facet normal -5.052596e-16 1.457299e-16 1.000000e+00
    outer loop
      vertex   -5.769582e+00 2.386744e+00 1.587500e+00
      vertex   -6.561919e+00 2.686983e+00 1.587500e+00
      vertex   -5.819204e+00 2.214701e+00 1.587500e+00
    endloop
  endfacet
  facet normal -5.204938e-16 1.217724e-16 1.000000e+00
    outer loop
      vertex   -5.819204e+00 2.214701e+00 1.587500e+00
      vertex   -6.561919e+00 2.686983e+00 1.587500e+00
      vertex   -6.620409e+00 2.436975e+00 1.587500e+00
    endloop
  endfacet
  facet normal -5.248802e-16 1.059615e-16 1.000000e+00
    outer loop
      vertex   -5.819204e+00 2.214701e+00 1.587500e+00
      vertex   -6.620409e+00 2.436975e+00 1.587500e+00
      vertex   -5.854761e+00 2.038568e+00 1.587500e+00
    endloop
  endfacet
  facet normal -5.409545e-16 7.507030e-17 1.000000e+00
    outer loop
      vertex   -5.854761e+00 2.038568e+00 1.587500e+00
      vertex   -6.620409e+00 2.436975e+00 1.587500e+00
      vertex   -6.655702e+00 2.182654e+00 1.587500e+00
    endloop
  endfacet
  facet normal -5.428385e-16 6.459738e-17 1.000000e+00
    outer loop
      vertex   -5.854761e+00 2.038568e+00 1.587500e+00
      vertex   -6.655702e+00 2.182654e+00 1.587500e+00
      vertex   -5.876141e+00 1.858907e+00 1.587500e+00
    endloop
  endfacet
  facet normal -5.589875e-16 2.571162e-17 1.000000e+00
    outer loop
      vertex   -5.876141e+00 1.858907e+00 1.587500e+00
      vertex   -6.655702e+00 2.182654e+00 1.587500e+00
      vertex   -6.667500e+00 1.926167e+00 1.587500e+00
    endloop
  endfacet
  facet normal -7.653144e-16 -2.401871e-15 1.000000e+00
    outer loop
      vertex   -5.876141e+00 1.858907e+00 1.587500e+00
      vertex   -6.667500e+00 1.926167e+00 1.587500e+00
      vertex   -5.883275e+00 1.676287e+00 1.587500e+00
    endloop
  endfacet
  facet normal 0.000000e+00 0.000000e+00 1.000000e+00
    outer loop
      vertex   -5.883275e+00 1.676287e+00 1.587500e+00
      vertex   -6.667500e+00 1.926167e+00 1.587500e+00
      vertex   -6.667500e+00 -1.926167e+00 1.587500e+00
    endloop
  endfacet
  facet normal 0.000000e+00 0.000000e+00 1.000000e+00
    outer loop
      vertex   -5.883275e+00 1.676287e+00 1.587500e+00
      vertex   -6.667500e+00 -1.926167e+00 1.587500e+00
      vertex   -5.883275e+00 -1.676287e+00 1.587500e+00
    endloop
  endfacet
  facet normal 0.000000e+00 0.000000e+00 1.000000e+00
    outer loop
      vertex   -5.883275e+00 -1.676287e+00 1.587500e+00
      vertex   -6.667500e+00 -1.926167e+00 1.587500e+00
      vertex   -5.876141e+00 -1.858907e+00 1.587500e+00
    endloop
  endfacet
  facet normal 0.000000e+00 0.000000e+00 1.000000e+00
    outer loop
      vertex   -5.876141e+00 -1.858907e+00 1.587500e+00
      vertex   -6.667500e+00 -1.926167e+00 1.587500e+00
      vertex   -6.655702e+00 -2.182654e+00 1.587500e+00
    endloop
  endfacet
  facet normal 0.000000e+00 0.000000e+00 1.000000e+00
    outer loop
      vertex   -5.876141e+00 -1.858907e+00 1.587500e+00
      vertex   -6.655702e+00 -2.182654e+00 1.587500e+00
      vertex   -5.854761e+00 -2.038568e+00 1.587500e+00
    endloop
  endfacet
  facet normal 0.000000e+00 0.000000e+00 1.000000e+00
    outer loop
      vertex   -5.854761e+00 -2.038568e+00 1.587500e+00
      vertex   -6.655702e+00 -2.182654e+00 1.587500e+00
      vertex   -6.620409e+00 -2.436975e+00 1.587500e+00
    endloop
  endfacet
  facet normal 0.000000e+00 0.000000e+00 1.000000e+00
    outer loop
      vertex   -5.854761e+00 -2.038568e+00 1.587500e+00
      vertex   -6.620409e+00 -2.436975e+00 1.587500e+00
      vertex   -5.819204e+00 -2.214701e+00 1.587500e+00
    endloop
  endfacet
  facet normal 0.000000e+00 0.000000e+00 1.000000e+00
    outer loop
      vertex   -5.819204e+00 -2.214701e+00 1.587500e+00
      vertex   -6.620409e+00 -2.436975e+00 1.587500e+00
      vertex   -6.561919e+00 -2.686983e+00 1.587500e+00
    endloop
  endfacet
  facet normal 0.000000e+00 0.000000e+00 1.000000e+00
    outer loop
      vertex   -5.819204e+00 -2.214701e+00 1.587500e+00
      vertex   -6.561919e+00 -2.686983e+00 1.587500e+00
      vertex   -5.769582e+00 -2.386744e+00 1.587500e+00
    endloop
  endfacet
  facet normal 0.000000e+00 0.000000e+00 1.000000e+00
    outer loop
      vertex   -5.769582e+00 -2.386744e+00 1.587500e+00
      vertex   -6.561919e+00 -2.686983e+00 1.587500e+00
      vertex   -6.480725e+00 -2.930565e+00 1.587500e+00
    endloop
  endfacet
  facet normal 0.000000e+00 0.000000e+00 1.000000e+00
    outer loop
      vertex   -5.769582e+00 -2.386744e+00 1.587500e+00
      vertex   -6.480725e+00 -2.930565e+00 1.587500e+00
      vertex   -5.706054e+00 -2.554152e+00 1.587500e+00
    endloop
  endfacet
  facet normal 0.000000e+00 0.000000e+00 1.000000e+00
    outer loop
      vertex   -5.706054e+00 -2.554152e+00 1.587500e+00
      vertex   -6.480725e+00 -2.930565e+00 1.587500e+00
      vertex   -6.377513e+00 -3.165665e+00 1.587500e+00
    endloop
  endfacet
  facet normal 0.000000e+00 0.000000e+00 1.000000e+00
    outer loop
      vertex   -5.706054e+00 -2.554152e+00 1.587500e+00
      vertex   -6.377513e+00 -3.165665e+00 1.587500e+00
      vertex   -5.628820e+00 -2.716392e+00 1.587500e+00
    endloop
  endfacet
  facet normal 0.000000e+00 0.000000e+00 1.000000e+00
    outer loop
      vertex   -5.628820e+00 -2.716392e+00 1.587500e+00
      vertex   -6.377513e+00 -3.165665e+00 1.587500e+00
      vertex   -6.253154e+00 -3.390298e+00 1.587500e+00
    endloop
  endfacet
  facet normal 0.000000e+00 0.000000e+00 1.000000e+00
    outer loop
      vertex   -5.628820e+00 -2.716392e+00 1.587500e+00
      vertex   -6.253154e+00 -3.390298e+00 1.587500e+00
      vertex   -5.538127e+00 -2.872949e+00 1.587500e+00
    endloop
  endfacet
  facet normal 0.000000e+00 0.000000e+00 1.000000e+00
    outer loop
      vertex   -5.538127e+00 -2.872949e+00 1.587500e+00
      vertex   -6.253154e+00 -3.390298e+00 1.587500e+00
      vertex   -6.108700e+00 -3.602567e+00 1.587500e+00
    endloop
  endfacet
  facet normal 0.000000e+00 0.000000e+00 1.000000e+00
    outer loop
      vertex   -5.538127e+00 -2.872949e+00 1.587500e+00
      vertex   -6.108700e+00 -3.602567e+00 1.587500e+00
      vertex   -5.434262e+00 -3.023325e+00 1.587500e+00
    endloop
  endfacet
  facet normal 0.000000e+00 0.000000e+00 1.000000e+00
    outer loop
      vertex   -5.434262e+00 -3.023325e+00 1.587500e+00
      vertex   -6.108700e+00 -3.602567e+00 1.587500e+00
      vertex   -3.355975e+00 -5.794375e+00 1.587500e+00
    endloop
  endfacet
  facet normal 0.000000e+00 0.000000e+00 1.000000e+00
    outer loop
      vertex   -3.355975e+00 -5.794375e+00 1.587500e+00
      vertex   -6.108700e+00 -3.602567e+00 1.587500e+00
      vertex   -3.695700e+00 -6.819900e+00 1.587500e+00
    endloop
  endfacet
  facet normal 0.000000e+00 0.000000e+00 1.000000e+00
    outer loop
      vertex   -3.355975e+00 -5.794375e+00 1.587500e+00
      vertex   -3.695700e+00 -6.819900e+00 1.587500e+00
      vertex   -3.537187e+00 -7.012673e+00 1.587500e+00
    endloop
  endfacet
  facet normal -0.000000e+00 0.000000e+00 1.000000e+00
    outer loop
      vertex   -3.537187e+00 -7.012673e+00 1.587500e+00
      vertex   -3.362104e+00 -7.190532e+00 1.587500e+00
      vertex   -3.355975e+00 -5.794375e+00 1.587500e+00
    endloop
  endfacet
  facet normal 0.000000e+00 0.000000e+00 1.000000e+00
    outer loop
      vertex   -3.355975e+00 -5.794375e+00 1.587500e+00
      vertex   -3.362104e+00 -7.190532e+00 1.587500e+00
      vertex   -3.171848e+00 -7.352057e+00 1.587500e+00
    endloop
  endfacet
  facet normal 0.000000e+00 0.000000e+00 1.000000e+00
    outer loop
      vertex   -3.355975e+00 -5.794375e+00 1.587500e+00
      vertex   -3.171848e+00 -7.352057e+00 1.587500e+00
      vertex   -2.967937e+00 -7.495960e+00 1.587500e+00
    endloop
  endfacet
  facet normal -0.000000e+00 -0.000000e+00 1.000000e+00
    outer loop
      vertex   -2.967937e+00 -7.495960e+00 1.587500e+00
      vertex   -2.751998e+00 -7.621093e+00 1.587500e+00
      vertex   -3.355975e+00 -5.794375e+00 1.587500e+00
    endloop
  endfacet
  facet normal 0.000000e+00 0.000000e+00 1.000000e+00
    outer loop
      vertex   -3.355975e+00 -5.794375e+00 1.587500e+00
      vertex   -2.751998e+00 -7.621093e+00 1.587500e+00
      vertex   -2.525754e+00 -7.726457e+00 1.587500e+00
    endloop
  endfacet
  facet normal 0.000000e+00 0.000000e+00 1.000000e+00
    outer loop
      vertex   -3.355975e+00 -5.794375e+00 1.587500e+00
      vertex   -2.525754e+00 -7.726457e+00 1.587500e+00
      vertex   -2.291011e+00 -7.811212e+00 1.587500e+00
    endloop
  endfacet
  facet normal -0.000000e+00 -0.000000e+00 1.000000e+00
    outer loop
      vertex   -2.291011e+00 -7.811212e+00 1.587500e+00
      vertex   -2.049641e+00 -7.874681e+00 1.587500e+00
      vertex   -3.355975e+00 -5.794375e+00 1.587500e+00
    endloop
  endfacet
  facet normal 0.000000e+00 0.000000e+00 1.000000e+00
    outer loop
      vertex   -3.355975e+00 -5.794375e+00 1.587500e+00
      vertex   -2.049641e+00 -7.874681e+00 1.587500e+00
      vertex   -1.905064e+00 -7.917497e+00 1.587500e+00
    endloop
  endfacet
  facet normal 0.000000e+00 0.000000e+00 1.000000e+00
    outer loop
      vertex   -3.355975e+00 -5.794375e+00 1.587500e+00
      vertex   -1.905064e+00 -7.917497e+00 1.587500e+00
      vertex   -1.260500e+00 -7.937500e+00 1.587500e+00
    endloop
  endfacet
  facet normal 0.000000e+00 0.000000e+00 1.000000e+00
    outer loop
      vertex   -1.260500e+00 -7.937500e+00 1.587500e+00
      vertex   -1.905064e+00 -7.917497e+00 1.587500e+00
      vertex   -1.768568e+00 -7.981564e+00 1.587500e+00
    endloop
  endfacet
  facet normal 0.000000e+00 0.000000e+00 1.000000e+00
    outer loop
      vertex   -1.260500e+00 -7.937500e+00 1.587500e+00
      vertex   -1.768568e+00 -7.981564e+00 1.587500e+00
      vertex   -1.643256e+00 -8.065425e+00 1.587500e+00
    endloop
  endfacet
  facet normal -0.000000e+00 0.000000e+00 1.000000e+00
    outer loop
      vertex   -1.643256e+00 -8.065425e+00 1.587500e+00
      vertex   -1.531978e+00 -8.167175e+00 1.587500e+00
      vertex   -1.260500e+00 -7.937500e+00 1.587500e+00
    endloop
  endfacet
  facet normal 0.000000e+00 0.000000e+00 1.000000e+00
    outer loop
      vertex   -1.260500e+00 -7.937500e+00 1.587500e+00
      vertex   -1.531978e+00 -8.167175e+00 1.587500e+00
      vertex   -1.437264e+00 -8.284499e+00 1.587500e+00
    endloop
  endfacet
  facet normal 0.000000e+00 0.000000e+00 1.000000e+00
    outer loop
      vertex   -1.260500e+00 -7.937500e+00 1.587500e+00
      vertex   -1.437264e+00 -8.284499e+00 1.587500e+00
      vertex   -1.361266e+00 -8.414730e+00 1.587500e+00
    endloop
  endfacet
  facet normal -0.000000e+00 0.000000e+00 1.000000e+00
    outer loop
      vertex   -1.361266e+00 -8.414730e+00 1.587500e+00
      vertex   -1.305713e+00 -8.554907e+00 1.587500e+00
      vertex   -1.260500e+00 -7.937500e+00 1.587500e+00
    endloop
  endfacet
  facet normal 0.000000e+00 0.000000e+00 1.000000e+00
    outer loop
      vertex   -1.260500e+00 -7.937500e+00 1.587500e+00
      vertex   -1.305713e+00 -8.554907e+00 1.587500e+00
      vertex   -1.271868e+00 -8.701843e+00 1.587500e+00
    endloop
  endfacet
  facet normal 0.000000e+00 0.000000e+00 1.000000e+00
    outer loop
      vertex   -1.260500e+00 -7.937500e+00 1.587500e+00
      vertex   -1.271868e+00 -8.701843e+00 1.587500e+00
      vertex   -1.260500e+00 -8.852197e+00 1.587500e+00
    endloop
  endfacet
  facet normal 0.000000e+00 -0.000000e+00 1.000000e+00
    outer loop
      vertex   -1.260500e+00 -7.937500e+00 1.587500e+00
      vertex   1.239500e+00 -7.937500e+00 1.587500e+00
      vertex   -3.355975e+00 -5.794375e+00 1.587500e+00
    endloop
  endfacet
  facet normal -0.000000e+00 0.000000e+00 1.000000e+00
    outer loop
      vertex   -3.355975e+00 -5.794375e+00 1.587500e+00
      vertex   1.239500e+00 -7.937500e+00 1.587500e+00
      vertex   3.355975e+00 -5.794375e+00 1.587500e+00
    endloop
  endfacet
  facet normal 0.000000e+00 0.000000e+00 1.000000e+00
    outer loop
      vertex   3.355975e+00 -5.794375e+00 1.587500e+00
      vertex   1.239500e+00 -7.937500e+00 1.587500e+00
      vertex   1.888770e+00 -7.920189e+00 1.587500e+00
    endloop
  endfacet
  facet normal 0.000000e+00 0.000000e+00 1.000000e+00
    outer loop
      vertex   1.239500e+00 -8.856665e+00 1.587500e+00
      vertex   1.250963e+00 -8.705689e+00 1.587500e+00
      vertex   1.239500e+00 -7.937500e+00 1.587500e+00
    endloop
  endfacet
  facet normal 0.000000e+00 0.000000e+00 1.000000e+00
    outer loop
      vertex   1.239500e+00 -7.937500e+00 1.587500e+00
      vertex   1.250963e+00 -8.705689e+00 1.587500e+00
      vertex   1.285088e+00 -8.558174e+00 1.587500e+00
    endloop
  endfacet
  facet normal 0.000000e+00 0.000000e+00 1.000000e+00
    outer loop
      vertex   1.239500e+00 -7.937500e+00 1.587500e+00
      vertex   1.285088e+00 -8.558174e+00 1.587500e+00
      vertex   1.341093e+00 -8.417502e+00 1.587500e+00
    endloop
  endfacet
  facet normal 0.000000e+00 -0.000000e+00 1.000000e+00
    outer loop
      vertex   1.341093e+00 -8.417502e+00 1.587500e+00
      vertex   1.417694e+00 -8.286898e+00 1.587500e+00
      vertex   1.239500e+00 -7.937500e+00 1.587500e+00
    endloop
  endfacet
  facet normal 0.000000e+00 0.000000e+00 1.000000e+00
    outer loop
      vertex   1.239500e+00 -7.937500e+00 1.587500e+00
      vertex   1.417694e+00 -8.286898e+00 1.587500e+00
      vertex   1.513135e+00 -8.169356e+00 1.587500e+00
    endloop
  endfacet
  facet normal 0.000000e+00 0.000000e+00 1.000000e+00
    outer loop
      vertex   1.239500e+00 -7.937500e+00 1.587500e+00
      vertex   1.513135e+00 -8.169356e+00 1.587500e+00
      vertex   1.625229e+00 -8.067570e+00 1.587500e+00
    endloop
  endfacet
  facet normal 0.000000e+00 -0.000000e+00 1.000000e+00
    outer loop
      vertex   1.625229e+00 -8.067570e+00 1.587500e+00
      vertex   1.751404e+00 -7.983875e+00 1.587500e+00
      vertex   1.239500e+00 -7.937500e+00 1.587500e+00
    endloop
  endfacet
  facet normal -0.000000e+00 0.000000e+00 1.000000e+00
    outer loop
      vertex   1.239500e+00 -7.937500e+00 1.587500e+00
      vertex   1.751404e+00 -7.983875e+00 1.587500e+00
      vertex   1.888770e+00 -7.920189e+00 1.587500e+00
    endloop
  endfacet
  facet normal -9.993870e-01 -3.500825e-02 3.473188e-15
    outer loop
      vertex   -6.667500e+00 -1.926167e+00 -1.361349e+00
      vertex   -6.660961e+00 -2.112829e+00 -1.414848e+00
      vertex   -6.667500e+00 -1.926167e+00 -8.502137e-01
    endloop
  endfacet
  facet normal -9.988937e-01 -4.686134e-02 3.924224e-03
    outer loop
      vertex   -6.667500e+00 -1.926167e+00 -8.502137e-01
      vertex   -6.660961e+00 -2.112829e+00 -1.414848e+00
      vertex   -6.655702e+00 -2.182654e+00 -9.100486e-01
    endloop
  endfacet
  facet normal -9.947452e-01 -1.023111e-01 -3.788901e-03
    outer loop
      vertex   -6.655702e+00 -2.182654e+00 -9.100486e-01
      vertex   -6.660961e+00 -2.112829e+00 -1.414848e+00
      vertex   -6.641142e+00 -2.303800e+00 -1.461612e+00
    endloop
  endfacet
  facet normal -9.903819e-01 -1.382958e-01 4.230002e-03
    outer loop
      vertex   -6.655702e+00 -2.182654e+00 -9.100486e-01
      vertex   -6.641142e+00 -2.303800e+00 -1.461612e+00
      vertex   -6.620409e+00 -2.436975e+00 -9.615595e-01
    endloop
  endfacet
  facet normal -9.855154e-01 -1.695317e-01 -4.290573e-03
    outer loop
      vertex   -6.620409e+00 -2.436975e+00 -9.615595e-01
      vertex   -6.641142e+00 -2.303800e+00 -1.461612e+00
      vertex   -6.607735e+00 -2.496990e+00 -1.501320e+00
    endloop
  endfacet
  facet normal -9.736085e-01 -2.282108e-01 2.513447e-03
    outer loop
      vertex   -6.620409e+00 -2.436975e+00 -9.615595e-01
      vertex   -6.607735e+00 -2.496990e+00 -1.501320e+00
      vertex   -6.561919e+00 -2.686983e+00 -1.004311e+00
    endloop
  endfacet
  facet normal -9.713974e-01 -2.374566e-01 -1.224782e-03
    outer loop
      vertex   -6.561919e+00 -2.686983e+00 -1.004311e+00
      vertex   -6.607735e+00 -2.496990e+00 -1.501320e+00
      vertex   -6.560438e+00 -2.690312e+00 -1.533651e+00
    endloop
  endfacet
  facet normal -9.520775e-01 -3.058561e-01 -7.405752e-04
    outer loop
      vertex   -6.561919e+00 -2.686983e+00 -1.004311e+00
      vertex   -6.560438e+00 -2.690312e+00 -1.533651e+00
      vertex   -6.498943e+00 -2.881675e+00 -1.558284e+00
    endloop
  endfacet
  facet normal -9.485343e-01 -3.166555e-01 3.457636e-03
    outer loop
      vertex   -6.561919e+00 -2.686983e+00 -1.004311e+00
      vertex   -6.498943e+00 -2.881675e+00 -1.558284e+00
      vertex   -6.480725e+00 -2.930565e+00 -1.037943e+00
    endloop
  endfacet
  facet normal -9.269319e-01 -3.752193e-01 -2.801234e-03
    outer loop
      vertex   -6.480725e+00 -2.930565e+00 -1.037943e+00
      vertex   -6.498943e+00 -2.881675e+00 -1.558284e+00
      vertex   -6.423047e+00 -3.069042e+00 -1.575004e+00
    endloop
  endfacet
  facet normal -9.154274e-01 -4.024462e-01 5.454528e-03
    outer loop
      vertex   -6.480725e+00 -2.930565e+00 -1.037943e+00
      vertex   -6.423047e+00 -3.069042e+00 -1.575004e+00
      vertex   -6.377513e+00 -3.165665e+00 -1.062171e+00
    endloop
  endfacet
  facet normal -8.971137e-01 -4.417852e-01 -3.583446e-03
    outer loop
      vertex   -6.377513e+00 -3.165665e+00 -1.062171e+00
      vertex   -6.423047e+00 -3.069042e+00 -1.575004e+00
      vertex   -6.333533e+00 -3.250736e+00 -1.584492e+00
    endloop
  endfacet
  facet normal -8.747225e-01 -4.845954e-01 5.274464e-03
    outer loop
      vertex   -6.377513e+00 -3.165665e+00 -1.062171e+00
      vertex   -6.333533e+00 -3.250736e+00 -1.584492e+00
      vertex   -6.253154e+00 -3.390298e+00 -1.076790e+00
    endloop
  endfacet
  facet normal -8.628691e-01 -5.054221e-01 -2.327179e-03
    outer loop
      vertex   -6.253154e+00 -3.390298e+00 -1.076790e+00
      vertex   -6.333533e+00 -3.250736e+00 -1.584492e+00
      vertex   -6.231441e+00 -3.425017e+00 -1.587500e+00
    endloop
  endfacet
  facet normal -8.369503e-01 -5.472765e-01 1.620118e-03
    outer loop
      vertex   -6.253154e+00 -3.390298e+00 -1.076790e+00
      vertex   -6.231441e+00 -3.425017e+00 -1.587500e+00
      vertex   -6.192056e+00 -3.485248e+00 -1.587500e+00
    endloop
  endfacet
  facet normal -8.266492e-01 -5.626885e-01 5.717821e-03
    outer loop
      vertex   -6.253154e+00 -3.390298e+00 -1.076790e+00
      vertex   -6.192056e+00 -3.485248e+00 -1.587500e+00
      vertex   -6.108700e+00 -3.602567e+00 -1.081676e+00
    endloop
  endfacet
  facet normal -8.225734e-01 -5.686472e-01 3.664117e-03
    outer loop
      vertex   -6.108700e+00 -3.602567e+00 -1.081676e+00
      vertex   -6.192056e+00 -3.485248e+00 -1.587500e+00
      vertex   -6.151134e+00 -3.544444e+00 -1.587500e+00
    endloop
  endfacet
  facet normal -8.076607e-01 -5.896476e-01 1.935858e-15
    outer loop
      vertex   -6.108700e+00 -3.602567e+00 -1.081676e+00
      vertex   -6.151134e+00 -3.544444e+00 -1.587500e+00
      vertex   -6.108700e+00 -3.602567e+00 -1.587500e+00
    endloop
  endfacet
  facet normal -1.000000e+00 0.000000e+00 0.000000e+00
    outer loop
      vertex   -6.667500e+00 1.926167e+00 -1.361349e+00
      vertex   -6.667500e+00 1.657347e+00 -1.270035e+00
      vertex   -6.667500e+00 1.926167e+00 -8.502137e-01
    endloop
  endfacet
  facet normal -1.000000e+00 0.000000e+00 0.000000e+00
    outer loop
      vertex   -6.667500e+00 1.926167e+00 -8.502137e-01
      vertex   -6.667500e+00 1.657347e+00 -1.270035e+00
      vertex   -6.667500e+00 1.394049e+00 -1.163847e+00
    endloop
  endfacet
  facet normal -1.000000e+00 0.000000e+00 0.000000e+00
    outer loop
      vertex   -6.667500e+00 1.926167e+00 -8.502137e-01
      vertex   -6.667500e+00 1.394049e+00 -1.163847e+00
      vertex   -6.667500e+00 1.137094e+00 -1.043115e+00
    endloop
  endfacet
  facet normal -1.000000e+00 0.000000e+00 0.000000e+00
    outer loop
      vertex   -6.667500e+00 1.137094e+00 -1.043115e+00
      vertex   -6.667500e+00 1.021054e+00 -9.901447e-01
      vertex   -6.667500e+00 1.926167e+00 -8.502137e-01
    endloop
  endfacet
  facet normal -1.000000e+00 -0.000000e+00 0.000000e+00
    outer loop
      vertex   -6.667500e+00 1.926167e+00 -8.502137e-01
      vertex   -6.667500e+00 1.021054e+00 -9.901447e-01
      vertex   -6.667500e+00 7.408333e-01 -5.556250e-01
    endloop
  endfacet
  facet normal -1.000000e+00 0.000000e+00 0.000000e+00
    outer loop
      vertex   -6.667500e+00 7.408333e-01 -5.556250e-01
      vertex   -6.667500e+00 1.021054e+00 -9.901447e-01
      vertex   -6.667500e+00 8.948519e-01 -9.431197e-01
    endloop
  endfacet
  facet normal -1.000000e+00 0.000000e+00 0.000000e+00
    outer loop
      vertex   -6.667500e+00 7.408333e-01 -5.556250e-01
      vertex   -6.667500e+00 8.948519e-01 -9.431197e-01
      vertex   -6.667500e+00 7.597431e-01 -9.025086e-01
    endloop
  endfacet
  facet normal -1.000000e+00 0.000000e+00 0.000000e+00
    outer loop
      vertex   -6.667500e+00 7.597431e-01 -9.025086e-01
      vertex   -6.667500e+00 6.170725e-01 -8.687153e-01
      vertex   -6.667500e+00 7.408333e-01 -5.556250e-01
    endloop
  endfacet
  facet normal -1.000000e+00 0.000000e+00 0.000000e+00
    outer loop
      vertex   -6.667500e+00 7.408333e-01 -5.556250e-01
      vertex   -6.667500e+00 6.170725e-01 -8.687153e-01
      vertex   -6.667500e+00 4.682600e-01 -8.420764e-01
    endloop
  endfacet
  facet normal -1.000000e+00 0.000000e+00 0.000000e+00
    outer loop
      vertex   -6.667500e+00 7.408333e-01 -5.556250e-01
      vertex   -6.667500e+00 4.682600e-01 -8.420764e-01
      vertex   -6.667500e+00 3.147869e-01 -8.228569e-01
    endloop
  endfacet
  facet normal -1.000000e+00 0.000000e+00 0.000000e+00
    outer loop
      vertex   -6.667500e+00 3.147869e-01 -8.228569e-01
      vertex   -6.667500e+00 1.581807e-01 -8.112482e-01
      vertex   -6.667500e+00 7.408333e-01 -5.556250e-01
    endloop
  endfacet
  facet normal -1.000000e+00 0.000000e+00 0.000000e+00
    outer loop
      vertex   -6.667500e+00 7.408333e-01 -5.556250e-01
      vertex   -6.667500e+00 1.581807e-01 -8.112482e-01
      vertex   -6.667500e+00 9.720634e-17 -8.073657e-01
    endloop
  endfacet
  facet normal -1.000000e+00 -0.000000e+00 0.000000e+00
    outer loop
      vertex   -6.667500e+00 7.408333e-01 -5.556250e-01
      vertex   -6.667500e+00 9.720634e-17 -8.073657e-01
      vertex   -6.667500e+00 -7.408333e-01 5.556250e-01
    endloop
  endfacet
  facet normal -1.000000e+00 0.000000e+00 0.000000e+00
    outer loop
      vertex   -6.667500e+00 -7.408333e-01 5.556250e-01
      vertex   -6.667500e+00 9.720634e-17 -8.073657e-01
      vertex   -6.667500e+00 -7.408333e-01 -5.556250e-01
    endloop
  endfacet
  facet normal -1.000000e+00 0.000000e+00 0.000000e+00
    outer loop
      vertex   -6.667500e+00 -7.408333e-01 -5.556250e-01
      vertex   -6.667500e+00 9.720634e-17 -8.073657e-01
      vertex   -6.667500e+00 -1.581807e-01 -8.112482e-01
    endloop
  endfacet
  facet normal -1.000000e+00 0.000000e+00 0.000000e+00
    outer loop
      vertex   -6.667500e+00 -7.408333e-01 -5.556250e-01
      vertex   -6.667500e+00 -1.581807e-01 -8.112482e-01
      vertex   -6.667500e+00 -3.147869e-01 -8.228569e-01
    endloop
  endfacet
  facet normal -1.000000e+00 -0.000000e+00 0.000000e+00
    outer loop
      vertex   -6.667500e+00 -3.147869e-01 -8.228569e-01
      vertex   -6.667500e+00 -4.682600e-01 -8.420764e-01
      vertex   -6.667500e+00 -7.408333e-01 -5.556250e-01
    endloop
  endfacet
  facet normal -1.000000e+00 0.000000e+00 0.000000e+00
    outer loop
      vertex   -6.667500e+00 -7.408333e-01 -5.556250e-01
      vertex   -6.667500e+00 -4.682600e-01 -8.420764e-01
      vertex   -6.667500e+00 -6.170725e-01 -8.687153e-01
    endloop
  endfacet
  facet normal -1.000000e+00 0.000000e+00 -0.000000e+00
    outer loop
      vertex   -6.667500e+00 -7.408333e-01 -5.556250e-01
      vertex   -6.667500e+00 -6.170725e-01 -8.687153e-01
      vertex   -6.667500e+00 -7.597431e-01 -9.025086e-01
    endloop
  endfacet
  facet normal -1.000000e+00 -0.000000e+00 0.000000e+00
    outer loop
      vertex   -6.667500e+00 -7.597431e-01 -9.025086e-01
      vertex   -6.667500e+00 -8.948519e-01 -9.431197e-01
      vertex   -6.667500e+00 -7.408333e-01 -5.556250e-01
    endloop
  endfacet
  facet normal -1.000000e+00 0.000000e+00 0.000000e+00
    outer loop
      vertex   -6.667500e+00 -7.408333e-01 -5.556250e-01
      vertex   -6.667500e+00 -8.948519e-01 -9.431197e-01
      vertex   -6.667500e+00 -1.021054e+00 -9.901447e-01
    endloop
  endfacet
  facet normal -1.000000e+00 -1.784649e-15 1.150916e-15
    outer loop
      vertex   -6.667500e+00 -7.408333e-01 -5.556250e-01
      vertex   -6.667500e+00 -1.021054e+00 -9.901447e-01
      vertex   -6.667500e+00 -1.926167e+00 -8.502137e-01
    endloop
  endfacet
  facet normal -1.000000e+00 -1.466064e-15 3.211614e-15
    outer loop
      vertex   -6.667500e+00 -1.926167e+00 -8.502137e-01
      vertex   -6.667500e+00 -1.021054e+00 -9.901447e-01
      vertex   -6.667500e+00 -1.137094e+00 -1.043115e+00
    endloop
  endfacet
  facet normal -1.000000e+00 -1.480756e-15 3.151515e-15
    outer loop
      vertex   -6.667500e+00 -1.926167e+00 -8.502137e-01
      vertex   -6.667500e+00 -1.137094e+00 -1.043115e+00
      vertex   -6.667500e+00 -1.394049e+00 -1.163847e+00
    endloop
  endfacet
  facet normal -1.000000e+00 -1.356220e-15 3.362805e-15
    outer loop
      vertex   -6.667500e+00 -1.394049e+00 -1.163847e+00
      vertex   -6.667500e+00 -1.657347e+00 -1.270035e+00
      vertex   -6.667500e+00 -1.926167e+00 -8.502137e-01
    endloop
  endfacet
  facet normal -1.000000e+00 -1.180506e-15 3.475318e-15
    outer loop
      vertex   -6.667500e+00 -1.926167e+00 -8.502137e-01
      vertex   -6.667500e+00 -1.657347e+00 -1.270035e+00
      vertex   -6.667500e+00 -1.926167e+00 -1.361349e+00
    endloop
  endfacet
  facet normal -1.000000e+00 -1.498614e-15 0.000000e+00
    outer loop
      vertex   -6.667500e+00 -1.926167e+00 8.502137e-01
      vertex   -6.667500e+00 -1.926167e+00 1.587500e+00
      vertex   -6.667500e+00 -7.408333e-01 5.556250e-01
    endloop
  endfacet
  facet normal -1.000000e+00 0.000000e+00 1.721485e-15
    outer loop
      vertex   -6.667500e+00 -7.408333e-01 5.556250e-01
      vertex   -6.667500e+00 -1.926167e+00 1.587500e+00
      vertex   -6.667500e+00 7.408333e-01 5.556250e-01
    endloop
  endfacet
  facet normal -1.000000e+00 0.000000e+00 0.000000e+00
    outer loop
      vertex   -6.667500e+00 -7.408333e-01 5.556250e-01
      vertex   -6.667500e+00 7.408333e-01 5.556250e-01
      vertex   -6.667500e+00 7.408333e-01 -5.556250e-01
    endloop
  endfacet
  facet normal -1.000000e+00 0.000000e+00 1.721485e-15
    outer loop
      vertex   -6.667500e+00 -1.926167e+00 1.587500e+00
      vertex   -6.667500e+00 1.926167e+00 1.587500e+00
      vertex   -6.667500e+00 7.408333e-01 5.556250e-01
    endloop
  endfacet
  facet normal -1.000000e+00 1.498614e-15 0.000000e+00
    outer loop
      vertex   -6.667500e+00 7.408333e-01 5.556250e-01
      vertex   -6.667500e+00 1.926167e+00 1.587500e+00
      vertex   -6.667500e+00 1.926167e+00 8.502137e-01
    endloop
  endfacet
  facet normal -3.061467e-01 -2.296101e-01 9.238795e-01
    outer loop
      vertex   -1.322265e+00 -7.937500e+00 -5.729443e-01
      vertex   -1.360069e+00 -7.848501e+00 -5.633525e-01
      vertex   -1.460500e+00 -7.937500e+00 -6.187511e-01
    endloop
  endfacet
  facet normal -3.061467e-01 -2.296101e-01 9.238795e-01
    outer loop
      vertex   -1.460500e+00 -7.937500e+00 -6.187511e-01
      vertex   -1.360069e+00 -7.848501e+00 -5.633525e-01
      vertex   -1.406291e+00 -7.763570e+00 -5.575614e-01
    endloop
  endfacet
  facet normal -3.061467e-01 -2.296101e-01 9.238795e-01
    outer loop
      vertex   -1.460500e+00 -7.937500e+00 -6.187511e-01
      vertex   -1.406291e+00 -7.763570e+00 -5.575614e-01
      vertex   -1.460500e+00 -7.683500e+00 -5.556250e-01
    endloop
  endfacet
  facet normal -3.061467e-01 -2.296101e-01 9.238795e-01
    outer loop
      vertex   -6.667500e+00 -7.408333e-01 -5.556250e-01
      vertex   -3.695700e+00 -6.819900e+00 -1.081676e+00
      vertex   -1.460500e+00 -7.683500e+00 -5.556250e-01
    endloop
  endfacet
  facet normal -3.061467e-01 -2.296101e-01 9.238795e-01
    outer loop
      vertex   -1.460500e+00 -7.683500e+00 -5.556250e-01
      vertex   -3.695700e+00 -6.819900e+00 -1.081676e+00
      vertex   -3.546610e+00 -7.002150e+00 -1.077566e+00
    endloop
  endfacet
  facet normal -3.061467e-01 -2.296101e-01 9.238795e-01
    outer loop
      vertex   -1.460500e+00 -7.683500e+00 -5.556250e-01
      vertex   -3.546610e+00 -7.002150e+00 -1.077566e+00
      vertex   -3.382704e+00 -7.171200e+00 -1.065266e+00
    endloop
  endfacet
  facet normal -3.061467e-01 -2.296101e-01 9.238795e-01
    outer loop
      vertex   -3.695700e+00 -6.819900e+00 -1.081676e+00
      vertex   -6.667500e+00 -7.408333e-01 -5.556250e-01
      vertex   -6.108700e+00 -3.602567e+00 -1.081676e+00
    endloop
  endfacet
  facet normal -3.061467e-01 -2.296101e-01 9.238795e-01
    outer loop
      vertex   -6.108700e+00 -3.602567e+00 -1.081676e+00
      vertex   -6.667500e+00 -7.408333e-01 -5.556250e-01
      vertex   -6.667500e+00 -1.926167e+00 -8.502137e-01
    endloop
  endfacet
  facet normal -3.061467e-01 -2.296101e-01 9.238795e-01
    outer loop
      vertex   -6.108700e+00 -3.602567e+00 -1.081676e+00
      vertex   -6.667500e+00 -1.926167e+00 -8.502137e-01
      vertex   -6.253154e+00 -3.390298e+00 -1.076790e+00
    endloop
  endfacet
  facet normal -3.061467e-01 -2.296101e-01 9.238795e-01
    outer loop
      vertex   -6.253154e+00 -3.390298e+00 -1.076790e+00
      vertex   -6.667500e+00 -1.926167e+00 -8.502137e-01
      vertex   -6.377513e+00 -3.165665e+00 -1.062171e+00
    endloop
  endfacet
  facet normal -3.061467e-01 -2.296101e-01 9.238795e-01
    outer loop
      vertex   -6.377513e+00 -3.165665e+00 -1.062171e+00
      vertex   -6.667500e+00 -1.926167e+00 -8.502137e-01
      vertex   -6.480725e+00 -2.930565e+00 -1.037943e+00
    endloop
  endfacet
  facet normal -3.061467e-01 -2.296101e-01 9.238795e-01
    outer loop
      vertex   -6.480725e+00 -2.930565e+00 -1.037943e+00
      vertex   -6.667500e+00 -1.926167e+00 -8.502137e-01
      vertex   -6.561919e+00 -2.686983e+00 -1.004311e+00
    endloop
  endfacet
  facet normal -3.061467e-01 -2.296101e-01 9.238795e-01
    outer loop
      vertex   -6.561919e+00 -2.686983e+00 -1.004311e+00
      vertex   -6.667500e+00 -1.926167e+00 -8.502137e-01
      vertex   -6.620409e+00 -2.436975e+00 -9.615595e-01
    endloop
  endfacet
  facet normal -3.061467e-01 -2.296101e-01 9.238795e-01
    outer loop
      vertex   -6.620409e+00 -2.436975e+00 -9.615595e-01
      vertex   -6.667500e+00 -1.926167e+00 -8.502137e-01
      vertex   -6.655702e+00 -2.182654e+00 -9.100486e-01
    endloop
  endfacet
  facet normal -3.061467e-01 -2.296101e-01 9.238795e-01
    outer loop
      vertex   -3.382704e+00 -7.171200e+00 -1.065266e+00
      vertex   -3.205146e+00 -7.325848e+00 -1.044864e+00
      vertex   -1.460500e+00 -7.683500e+00 -5.556250e-01
    endloop
  endfacet
  facet normal -3.061467e-01 -2.296101e-01 9.238795e-01
    outer loop
      vertex   -1.460500e+00 -7.683500e+00 -5.556250e-01
      vertex   -3.205146e+00 -7.325848e+00 -1.044864e+00
      vertex   -3.015198e+00 -7.464998e+00 -1.016503e+00
    endloop
  endfacet
  facet normal -3.061467e-01 -2.296101e-01 9.238795e-01
    outer loop
      vertex   -1.460500e+00 -7.683500e+00 -5.556250e-01
      vertex   -3.015198e+00 -7.464998e+00 -1.016503e+00
      vertex   -2.814207e+00 -7.587659e+00 -9.803849e-01
    endloop
  endfacet
  facet normal -3.061467e-01 -2.296101e-01 9.238795e-01
    outer loop
      vertex   -2.814207e+00 -7.587659e+00 -9.803849e-01
      vertex   -2.603603e+00 -7.692961e+00 -9.367673e-01
      vertex   -1.460500e+00 -7.683500e+00 -5.556250e-01
    endloop
  endfacet
  facet normal -3.061467e-01 -2.296101e-01 9.238795e-01
    outer loop
      vertex   -1.460500e+00 -7.683500e+00 -5.556250e-01
      vertex   -2.603603e+00 -7.692961e+00 -9.367673e-01
      vertex   -2.384879e+00 -7.780157e+00 -8.859593e-01
    endloop
  endfacet
  facet normal -3.061467e-01 -2.296101e-01 9.238795e-01
    outer loop
      vertex   -1.460500e+00 -7.683500e+00 -5.556250e-01
      vertex   -2.384879e+00 -7.780157e+00 -8.859593e-01
      vertex   -2.159591e+00 -7.848626e+00 -8.283219e-01
    endloop
  endfacet
  facet normal -3.061467e-01 -2.296101e-01 9.238795e-01
    outer loop
      vertex   -2.159591e+00 -7.848626e+00 -8.283219e-01
      vertex   -1.929337e+00 -7.897883e+00 -7.642643e-01
      vertex   -1.460500e+00 -7.683500e+00 -5.556250e-01
    endloop
  endfacet
  facet normal -3.061467e-01 -2.296101e-01 9.238795e-01
    outer loop
      vertex   -1.460500e+00 -7.683500e+00 -5.556250e-01
      vertex   -1.929337e+00 -7.897883e+00 -7.642643e-01
      vertex   -1.695754e+00 -7.927578e+00 -6.942417e-01
    endloop
  endfacet
  facet normal -3.061467e-01 -2.296101e-01 9.238795e-01
    outer loop
      vertex   -1.460500e+00 -7.683500e+00 -5.556250e-01
      vertex   -1.695754e+00 -7.927578e+00 -6.942417e-01
      vertex   -1.460500e+00 -7.937500e+00 -6.187511e-01
    endloop
  endfacet
  facet normal -8.369503e-01 5.472765e-01 1.620118e-03
    outer loop
      vertex   -6.192056e+00 3.485248e+00 -1.587500e+00
      vertex   -6.231441e+00 3.425017e+00 -1.587500e+00
      vertex   -6.253154e+00 3.390298e+00 -1.076790e+00
    endloop
  endfacet
  facet normal -8.628689e-01 5.054225e-01 -2.327148e-03
    outer loop
      vertex   -6.253154e+00 3.390298e+00 -1.076790e+00
      vertex   -6.231441e+00 3.425017e+00 -1.587500e+00
      vertex   -6.333574e+00 3.250666e+00 -1.584491e+00
    endloop
  endfacet
  facet normal -8.747224e-01 4.845956e-01 5.278414e-03
    outer loop
      vertex   -6.253154e+00 3.390298e+00 -1.076790e+00
      vertex   -6.333574e+00 3.250666e+00 -1.584491e+00
      vertex   -6.377513e+00 3.165665e+00 -1.062171e+00
    endloop
  endfacet
  facet normal -8.971264e-01 4.417595e-01 -3.577242e-03
    outer loop
      vertex   -6.377513e+00 3.165665e+00 -1.062171e+00
      vertex   -6.333574e+00 3.250666e+00 -1.584491e+00
      vertex   -6.423085e+00 3.068965e+00 -1.575000e+00
    endloop
  endfacet
  facet normal -9.154271e-01 4.024468e-01 5.461971e-03
    outer loop
      vertex   -6.377513e+00 3.165665e+00 -1.062171e+00
      vertex   -6.423085e+00 3.068965e+00 -1.575000e+00
      vertex   -6.480725e+00 2.930565e+00 -1.037943e+00
    endloop
  endfacet
  facet normal -9.269801e-01 3.750997e-01 -2.825297e-03
    outer loop
      vertex   -6.480725e+00 2.930565e+00 -1.037943e+00
      vertex   -6.423085e+00 3.068965e+00 -1.575000e+00
      vertex   -6.498942e+00 2.881625e+00 -1.558264e+00
    endloop
  endfacet
  facet normal -9.485357e-01 3.166517e-01 3.426899e-03
    outer loop
      vertex   -6.480725e+00 2.930565e+00 -1.037943e+00
      vertex   -6.498942e+00 2.881625e+00 -1.558264e+00
      vertex   -6.561919e+00 2.686983e+00 -1.004311e+00
    endloop
  endfacet
  facet normal -9.520963e-01 3.057972e-01 -7.918504e-04
    outer loop
      vertex   -6.561919e+00 2.686983e+00 -1.004311e+00
      vertex   -6.498942e+00 2.881625e+00 -1.558264e+00
      vertex   -6.560410e+00 2.690308e+00 -1.533626e+00
    endloop
  endfacet
  facet normal -9.713883e-01 2.374935e-01 -1.275940e-03
    outer loop
      vertex   -6.561919e+00 2.686983e+00 -1.004311e+00
      vertex   -6.560410e+00 2.690308e+00 -1.533626e+00
      vertex   -6.607705e+00 2.497039e+00 -1.501310e+00
    endloop
  endfacet
  facet normal -9.736099e-01 2.282052e-01 2.478557e-03
    outer loop
      vertex   -6.561919e+00 2.686983e+00 -1.004311e+00
      vertex   -6.607705e+00 2.497039e+00 -1.501310e+00
      vertex   -6.620409e+00 2.436975e+00 -9.615595e-01
    endloop
  endfacet
  facet normal -9.855027e-01 1.696047e-01 -4.322436e-03
    outer loop
      vertex   -6.620409e+00 2.436975e+00 -9.615595e-01
      vertex   -6.607705e+00 2.497039e+00 -1.501310e+00
      vertex   -6.641121e+00 2.303882e+00 -1.461622e+00
    endloop
  endfacet
  facet normal -9.903825e-01 1.382925e-01 4.213517e-03
    outer loop
      vertex   -6.620409e+00 2.436975e+00 -9.615595e-01
      vertex   -6.641121e+00 2.303882e+00 -1.461622e+00
      vertex   -6.655702e+00 2.182654e+00 -9.100486e-01
    endloop
  endfacet
  facet normal -9.947387e-01 1.023746e-01 -3.795903e-03
    outer loop
      vertex   -6.655702e+00 2.182654e+00 -9.100486e-01
      vertex   -6.641121e+00 2.303882e+00 -1.461622e+00
      vertex   -6.660955e+00 2.112903e+00 -1.414866e+00
    endloop
  endfacet
  facet normal -9.988938e-01 4.685986e-02 3.917839e-03
    outer loop
      vertex   -6.655702e+00 2.182654e+00 -9.100486e-01
      vertex   -6.660955e+00 2.112903e+00 -1.414866e+00
      vertex   -6.667500e+00 1.926167e+00 -8.502137e-01
    endloop
  endfacet
  facet normal -9.993862e-01 3.503038e-02 0.000000e+00
    outer loop
      vertex   -6.667500e+00 1.926167e+00 -8.502137e-01
      vertex   -6.660955e+00 2.112903e+00 -1.414866e+00
      vertex   -6.667500e+00 1.926167e+00 -1.361349e+00
    endloop
  endfacet
  facet normal -8.266492e-01 5.626885e-01 5.717821e-03
    outer loop
      vertex   -6.253154e+00 3.390298e+00 -1.076790e+00
      vertex   -6.108700e+00 3.602567e+00 -1.081676e+00
      vertex   -6.192056e+00 3.485248e+00 -1.587500e+00
    endloop
  endfacet
  facet normal -8.225734e-01 5.686472e-01 3.664117e-03
    outer loop
      vertex   -6.192056e+00 3.485248e+00 -1.587500e+00
      vertex   -6.108700e+00 3.602567e+00 -1.081676e+00
      vertex   -6.151134e+00 3.544444e+00 -1.587500e+00
    endloop
  endfacet
  facet normal -8.076607e-01 5.896476e-01 -1.417755e-15
    outer loop
      vertex   -6.151134e+00 3.544444e+00 -1.587500e+00
      vertex   -6.108700e+00 3.602567e+00 -1.081676e+00
      vertex   -6.108700e+00 3.602567e+00 -1.587500e+00
    endloop
  endfacet
  facet normal -8.000000e-01 6.000000e-01 -1.404724e-15
    outer loop
      vertex   -6.108700e+00 3.602567e+00 -1.587500e+00
      vertex   -6.108700e+00 3.602567e+00 -1.081676e+00
      vertex   -3.695700e+00 6.819900e+00 -1.587500e+00
    endloop
  endfacet
  facet normal -8.000000e-01 6.000000e-01 -7.023619e-16
    outer loop
      vertex   -3.695700e+00 6.819900e+00 -1.587500e+00
      vertex   -6.108700e+00 3.602567e+00 -1.081676e+00
      vertex   -3.695700e+00 6.819900e+00 -1.081676e+00
    endloop
  endfacet
  facet normal -3.061467e-01 2.296101e-01 9.238795e-01
    outer loop
      vertex   -6.253154e+00 3.390298e+00 -1.076790e+00
      vertex   -6.667500e+00 1.926167e+00 -8.502137e-01
      vertex   -6.108700e+00 3.602567e+00 -1.081676e+00
    endloop
  endfacet
  facet normal -3.061467e-01 2.296101e-01 9.238795e-01
    outer loop
      vertex   -6.108700e+00 3.602567e+00 -1.081676e+00
      vertex   -6.667500e+00 1.926167e+00 -8.502137e-01
      vertex   -6.667500e+00 7.408333e-01 -5.556250e-01
    endloop
  endfacet
  facet normal -3.061467e-01 2.296101e-01 9.238795e-01
    outer loop
      vertex   -6.108700e+00 3.602567e+00 -1.081676e+00
      vertex   -6.667500e+00 7.408333e-01 -5.556250e-01
      vertex   -3.695700e+00 6.819900e+00 -1.081676e+00
    endloop
  endfacet
  facet normal -3.061467e-01 2.296101e-01 9.238795e-01
    outer loop
      vertex   -3.695700e+00 6.819900e+00 -1.081676e+00
      vertex   -6.667500e+00 7.408333e-01 -5.556250e-01
      vertex   -1.270000e+00 7.937500e+00 -5.556250e-01
    endloop
  endfacet
  facet normal -3.061467e-01 2.296101e-01 9.238795e-01
    outer loop
      vertex   -3.695700e+00 6.819900e+00 -1.081676e+00
      vertex   -1.270000e+00 7.937500e+00 -5.556250e-01
      vertex   -1.460500e+00 7.937500e+00 -6.187511e-01
    endloop
  endfacet
  facet normal -3.061467e-01 2.296101e-01 9.238795e-01
    outer loop
      vertex   -6.253154e+00 3.390298e+00 -1.076790e+00
      vertex   -6.377513e+00 3.165665e+00 -1.062171e+00
      vertex   -6.667500e+00 1.926167e+00 -8.502137e-01
    endloop
  endfacet
  facet normal -3.061467e-01 2.296101e-01 9.238795e-01
    outer loop
      vertex   -6.667500e+00 1.926167e+00 -8.502137e-01
      vertex   -6.377513e+00 3.165665e+00 -1.062171e+00
      vertex   -6.480725e+00 2.930565e+00 -1.037943e+00
    endloop
  endfacet
  facet normal -3.061467e-01 2.296101e-01 9.238795e-01
    outer loop
      vertex   -6.667500e+00 1.926167e+00 -8.502137e-01
      vertex   -6.480725e+00 2.930565e+00 -1.037943e+00
      vertex   -6.561919e+00 2.686983e+00 -1.004311e+00
    endloop
  endfacet
  facet normal -3.061467e-01 2.296101e-01 9.238795e-01
    outer loop
      vertex   -6.620409e+00 2.436975e+00 -9.615595e-01
      vertex   -6.655702e+00 2.182654e+00 -9.100486e-01
      vertex   -6.561919e+00 2.686983e+00 -1.004311e+00
    endloop
  endfacet
  facet normal -3.061467e-01 2.296101e-01 9.238795e-01
    outer loop
      vertex   -6.561919e+00 2.686983e+00 -1.004311e+00
      vertex   -6.655702e+00 2.182654e+00 -9.100486e-01
      vertex   -6.667500e+00 1.926167e+00 -8.502137e-01
    endloop
  endfacet
  facet normal -3.061467e-01 2.296101e-01 9.238795e-01
    outer loop
      vertex   -1.460500e+00 7.937500e+00 -6.187511e-01
      vertex   -1.695754e+00 7.927578e+00 -6.942417e-01
      vertex   -3.695700e+00 6.819900e+00 -1.081676e+00
    endloop
  endfacet
  facet normal -3.061467e-01 2.296101e-01 9.238795e-01
    outer loop
      vertex   -3.695700e+00 6.819900e+00 -1.081676e+00
      vertex   -1.695754e+00 7.927578e+00 -6.942417e-01
      vertex   -1.929337e+00 7.897883e+00 -7.642643e-01
    endloop
  endfacet
  facet normal -3.061467e-01 2.296101e-01 9.238795e-01
    outer loop
      vertex   -3.695700e+00 6.819900e+00 -1.081676e+00
      vertex   -1.929337e+00 7.897883e+00 -7.642643e-01
      vertex   -2.159591e+00 7.848626e+00 -8.283219e-01
    endloop
  endfacet
  facet normal -3.061467e-01 2.296101e-01 9.238795e-01
    outer loop
      vertex   -2.159591e+00 7.848626e+00 -8.283219e-01
      vertex   -2.384879e+00 7.780157e+00 -8.859593e-01
      vertex   -3.695700e+00 6.819900e+00 -1.081676e+00
    endloop
  endfacet
  facet normal -3.061467e-01 2.296101e-01 9.238795e-01
    outer loop
      vertex   -3.695700e+00 6.819900e+00 -1.081676e+00
      vertex   -2.384879e+00 7.780157e+00 -8.859593e-01
      vertex   -2.603603e+00 7.692961e+00 -9.367673e-01
    endloop
  endfacet
  facet normal -3.061467e-01 2.296101e-01 9.238795e-01
    outer loop
      vertex   -3.695700e+00 6.819900e+00 -1.081676e+00
      vertex   -2.603603e+00 7.692961e+00 -9.367673e-01
      vertex   -2.814207e+00 7.587659e+00 -9.803849e-01
    endloop
  endfacet
  facet normal -3.061467e-01 2.296101e-01 9.238795e-01
    outer loop
      vertex   -2.814207e+00 7.587659e+00 -9.803849e-01
      vertex   -3.015198e+00 7.464998e+00 -1.016503e+00
      vertex   -3.695700e+00 6.819900e+00 -1.081676e+00
    endloop
  endfacet
  facet normal -3.061467e-01 2.296101e-01 9.238795e-01
    outer loop
      vertex   -3.695700e+00 6.819900e+00 -1.081676e+00
      vertex   -3.015198e+00 7.464998e+00 -1.016503e+00
      vertex   -3.205146e+00 7.325848e+00 -1.044864e+00
    endloop
  endfacet
  facet normal -3.061467e-01 2.296101e-01 9.238795e-01
    outer loop
      vertex   -3.695700e+00 6.819900e+00 -1.081676e+00
      vertex   -3.205146e+00 7.325848e+00 -1.044864e+00
      vertex   -3.382704e+00 7.171200e+00 -1.065266e+00
    endloop
  endfacet
  facet normal -3.061467e-01 2.296101e-01 9.238795e-01
    outer loop
      vertex   -3.382704e+00 7.171200e+00 -1.065266e+00
      vertex   -3.546610e+00 7.002150e+00 -1.077566e+00
      vertex   -3.695700e+00 6.819900e+00 -1.081676e+00
    endloop
  endfacet
  facet normal -9.989438e-01 4.594818e-02 0.000000e+00
    outer loop
      vertex   -6.667500e+00 1.926167e+00 8.502137e-01
      vertex   -6.667500e+00 1.926167e+00 1.587500e+00
      vertex   -6.655702e+00 2.182654e+00 9.100486e-01
    endloop
  endfacet
  facet normal -9.989438e-01 4.594818e-02 3.012038e-17
    outer loop
      vertex   -6.655702e+00 2.182654e+00 9.100486e-01
      vertex   -6.667500e+00 1.926167e+00 1.587500e+00
      vertex   -6.655702e+00 2.182654e+00 1.587500e+00
    endloop
  endfacet
  facet normal -9.905078e-01 1.374565e-01 9.010677e-17
    outer loop
      vertex   -6.655702e+00 2.182654e+00 9.100486e-01
      vertex   -6.655702e+00 2.182654e+00 1.587500e+00
      vertex   -6.620409e+00 2.436975e+00 9.615595e-01
    endloop
  endfacet
  facet normal -9.905078e-01 1.374565e-01 -1.210437e-15
    outer loop
      vertex   -6.620409e+00 2.436975e+00 9.615595e-01
      vertex   -6.655702e+00 2.182654e+00 1.587500e+00
      vertex   -6.620409e+00 2.436975e+00 1.587500e+00
    endloop
  endfacet
  facet normal -9.737070e-01 2.278040e-01 -1.058399e-15
    outer loop
      vertex   -6.620409e+00 2.436975e+00 9.615595e-01
      vertex   -6.620409e+00 2.436975e+00 1.587500e+00
      vertex   -6.561919e+00 2.686983e+00 1.004311e+00
    endloop
  endfacet
  facet normal -9.737070e-01 2.278040e-01 5.204078e-16
    outer loop
      vertex   -6.561919e+00 2.686983e+00 1.004311e+00
      vertex   -6.620409e+00 2.436975e+00 1.587500e+00
      vertex   -6.561919e+00 2.686983e+00 1.587500e+00
    endloop
  endfacet
  facet normal -9.486833e-01 3.162278e-01 7.224077e-16
    outer loop
      vertex   -6.561919e+00 2.686983e+00 1.004311e+00
      vertex   -6.561919e+00 2.686983e+00 1.587500e+00
      vertex   -6.480725e+00 2.930565e+00 1.037943e+00
    endloop
  endfacet
  facet normal -9.486833e-01 3.162278e-01 1.788774e-15
    outer loop
      vertex   -6.480725e+00 2.930565e+00 1.037943e+00
      vertex   -6.561919e+00 2.686983e+00 1.587500e+00
      vertex   -6.480725e+00 2.930565e+00 1.587500e+00
    endloop
  endfacet
  facet normal -9.156480e-01 4.019810e-01 1.804679e-15
    outer loop
      vertex   -6.480725e+00 2.930565e+00 1.037943e+00
      vertex   -6.480725e+00 2.930565e+00 1.587500e+00
      vertex   -6.377513e+00 3.165665e+00 1.062171e+00
    endloop
  endfacet
  facet normal -9.156480e-01 4.019810e-01 -1.548093e-15
    outer loop
      vertex   -6.377513e+00 3.165665e+00 1.062171e+00
      vertex   -6.480725e+00 2.930565e+00 1.587500e+00
      vertex   -6.377513e+00 3.165665e+00 1.587500e+00
    endloop
  endfacet
  facet normal -8.748802e-01 4.843395e-01 -1.479167e-15
    outer loop
      vertex   -6.377513e+00 3.165665e+00 1.062171e+00
      vertex   -6.377513e+00 3.165665e+00 1.587500e+00
      vertex   -6.253154e+00 3.390298e+00 1.076790e+00
    endloop
  endfacet
  facet normal -8.748802e-01 4.843395e-01 8.423165e-16
    outer loop
      vertex   -6.253154e+00 3.390298e+00 1.076790e+00
      vertex   -6.377513e+00 3.165665e+00 1.587500e+00
      vertex   -6.253154e+00 3.390298e+00 1.587500e+00
    endloop
  endfacet
  facet normal -8.267240e-01 5.626077e-01 9.784331e-16
    outer loop
      vertex   -6.253154e+00 3.390298e+00 1.076790e+00
      vertex   -6.253154e+00 3.390298e+00 1.587500e+00
      vertex   -6.108700e+00 3.602567e+00 1.081676e+00
    endloop
  endfacet
  facet normal -8.267240e-01 5.626077e-01 0.000000e+00
    outer loop
      vertex   -6.108700e+00 3.602567e+00 1.081676e+00
      vertex   -6.253154e+00 3.390298e+00 1.587500e+00
      vertex   -6.108700e+00 3.602567e+00 1.587500e+00
    endloop
  endfacet
  facet normal -8.000000e-01 6.000000e-01 0.000000e+00
    outer loop
      vertex   -6.108700e+00 3.602567e+00 1.081676e+00
      vertex   -6.108700e+00 3.602567e+00 1.587500e+00
      vertex   -3.695700e+00 6.819900e+00 1.081676e+00
    endloop
  endfacet
  facet normal -8.000000e-01 6.000000e-01 0.000000e+00
    outer loop
      vertex   -3.695700e+00 6.819900e+00 1.081676e+00
      vertex   -6.108700e+00 3.602567e+00 1.587500e+00
      vertex   -3.695700e+00 6.819900e+00 1.587500e+00
    endloop
  endfacet
  facet normal -8.267240e-01 -5.626077e-01 -1.451649e-15
    outer loop
      vertex   -6.108700e+00 -3.602567e+00 1.587500e+00
      vertex   -6.253154e+00 -3.390298e+00 1.587500e+00
      vertex   -6.108700e+00 -3.602567e+00 1.081676e+00
    endloop
  endfacet
  facet normal -8.267240e-01 -5.626077e-01 9.789544e-16
    outer loop
      vertex   -6.108700e+00 -3.602567e+00 1.081676e+00
      vertex   -6.253154e+00 -3.390298e+00 1.587500e+00
      vertex   -6.253154e+00 -3.390298e+00 1.076790e+00
    endloop
  endfacet
  facet normal -8.748802e-01 -4.843395e-01 8.423165e-16
    outer loop
      vertex   -6.253154e+00 -3.390298e+00 1.076790e+00
      vertex   -6.253154e+00 -3.390298e+00 1.587500e+00
      vertex   -6.377513e+00 -3.165665e+00 1.587500e+00
    endloop
  endfacet
  facet normal -8.748802e-01 -4.843395e-01 0.000000e+00
    outer loop
      vertex   -6.253154e+00 -3.390298e+00 1.076790e+00
      vertex   -6.377513e+00 -3.165665e+00 1.587500e+00
      vertex   -6.377513e+00 -3.165665e+00 1.062171e+00
    endloop
  endfacet
  facet normal -9.156480e-01 -4.019810e-01 0.000000e+00
    outer loop
      vertex   -6.377513e+00 -3.165665e+00 1.062171e+00
      vertex   -6.377513e+00 -3.165665e+00 1.587500e+00
      vertex   -6.480725e+00 -2.930565e+00 1.587500e+00
    endloop
  endfacet
  facet normal -9.156480e-01 -4.019810e-01 -2.630913e-15
    outer loop
      vertex   -6.377513e+00 -3.165665e+00 1.062171e+00
      vertex   -6.480725e+00 -2.930565e+00 1.587500e+00
      vertex   -6.480725e+00 -2.930565e+00 1.037943e+00
    endloop
  endfacet
  facet normal -9.486833e-01 -3.162278e-01 -2.810931e-15
    outer loop
      vertex   -6.480725e+00 -2.930565e+00 1.037943e+00
      vertex   -6.480725e+00 -2.930565e+00 1.587500e+00
      vertex   -6.561919e+00 -2.686983e+00 1.587500e+00
    endloop
  endfacet
  facet normal -9.486833e-01 -3.162278e-01 2.317002e-16
    outer loop
      vertex   -6.480725e+00 -2.930565e+00 1.037943e+00
      vertex   -6.561919e+00 -2.686983e+00 1.587500e+00
      vertex   -6.561919e+00 -2.686983e+00 1.004311e+00
    endloop
  endfacet
  facet normal -9.737070e-01 -2.278040e-01 1.734693e-16
    outer loop
      vertex   -6.561919e+00 -2.686983e+00 1.004311e+00
      vertex   -6.561919e+00 -2.686983e+00 1.587500e+00
      vertex   -6.620409e+00 -2.436975e+00 1.587500e+00
    endloop
  endfacet
  facet normal -9.737070e-01 -2.278040e-01 -1.219694e-15
    outer loop
      vertex   -6.561919e+00 -2.686983e+00 1.004311e+00
      vertex   -6.620409e+00 -2.436975e+00 1.587500e+00
      vertex   -6.620409e+00 -2.436975e+00 9.615595e-01
    endloop
  endfacet
  facet normal -9.905078e-01 -1.374565e-01 -1.307959e-15
    outer loop
      vertex   -6.620409e+00 -2.436975e+00 9.615595e-01
      vertex   -6.620409e+00 -2.436975e+00 1.587500e+00
      vertex   -6.655702e+00 -2.182654e+00 1.587500e+00
    endloop
  endfacet
  facet normal -9.905078e-01 -1.374565e-01 0.000000e+00
    outer loop
      vertex   -6.620409e+00 -2.436975e+00 9.615595e-01
      vertex   -6.655702e+00 -2.182654e+00 1.587500e+00
      vertex   -6.655702e+00 -2.182654e+00 9.100486e-01
    endloop
  endfacet
  facet normal -9.989438e-01 -4.594818e-02 0.000000e+00
    outer loop
      vertex   -6.655702e+00 -2.182654e+00 9.100486e-01
      vertex   -6.655702e+00 -2.182654e+00 1.587500e+00
      vertex   -6.667500e+00 -1.926167e+00 1.587500e+00
    endloop
  endfacet
  facet normal -9.989438e-01 -4.594818e-02 0.000000e+00
    outer loop
      vertex   -6.655702e+00 -2.182654e+00 9.100486e-01
      vertex   -6.667500e+00 -1.926167e+00 1.587500e+00
      vertex   -6.667500e+00 -1.926167e+00 8.502137e-01
    endloop
  endfacet
  facet normal -8.000000e-01 -6.000000e-01 -1.404724e-15
    outer loop
      vertex   -6.108700e+00 -3.602567e+00 1.587500e+00
      vertex   -6.108700e+00 -3.602567e+00 1.081676e+00
      vertex   -3.695700e+00 -6.819900e+00 1.587500e+00
    endloop
  endfacet
  facet normal -8.000000e-01 -6.000000e-01 -2.458267e-15
    outer loop
      vertex   -3.695700e+00 -6.819900e+00 1.587500e+00
      vertex   -6.108700e+00 -3.602567e+00 1.081676e+00
      vertex   -3.695700e+00 -6.819900e+00 1.081676e+00
    endloop
  endfacet
  facet normal -2.543074e-01 -9.671234e-01 2.862244e-16
    outer loop
      vertex   -2.049641e+00 -7.874681e+00 7.983629e-01
      vertex   -2.049641e+00 -7.874681e+00 1.587500e+00
      vertex   -2.291011e+00 -7.811212e+00 8.625721e-01
    endloop
  endfacet
  facet normal -2.543074e-01 -9.671234e-01 -1.184915e-15
    outer loop
      vertex   -2.291011e+00 -7.811212e+00 8.625721e-01
      vertex   -2.049641e+00 -7.874681e+00 1.587500e+00
      vertex   -2.291011e+00 -7.811212e+00 1.587500e+00
    endloop
  endfacet
  facet normal -3.395953e-01 -9.405716e-01 -1.152384e-15
    outer loop
      vertex   -2.291011e+00 -7.811212e+00 8.625721e-01
      vertex   -2.291011e+00 -7.811212e+00 1.587500e+00
      vertex   -2.525754e+00 -7.726457e+00 9.192954e-01
    endloop
  endfacet
  facet normal -3.395953e-01 -9.405716e-01 -1.024514e-15
    outer loop
      vertex   -2.525754e+00 -7.726457e+00 9.192954e-01
      vertex   -2.291011e+00 -7.811212e+00 1.587500e+00
      vertex   -2.525754e+00 -7.726457e+00 1.587500e+00
    endloop
  endfacet
  facet normal -4.221737e-01 -9.065150e-01 -9.243639e-16
    outer loop
      vertex   -2.525754e+00 -7.726457e+00 9.192954e-01
      vertex   -2.525754e+00 -7.726457e+00 1.587500e+00
      vertex   -2.751998e+00 -7.621093e+00 9.680800e-01
    endloop
  endfacet
  facet normal -4.221737e-01 -9.065150e-01 3.026747e-16
    outer loop
      vertex   -2.751998e+00 -7.621093e+00 9.680800e-01
      vertex   -2.525754e+00 -7.726457e+00 1.587500e+00
      vertex   -2.751998e+00 -7.621093e+00 1.587500e+00
    endloop
  endfacet
  facet normal -5.013834e-01 -8.652252e-01 3.594636e-16
    outer loop
      vertex   -2.751998e+00 -7.621093e+00 9.680800e-01
      vertex   -2.751998e+00 -7.621093e+00 1.587500e+00
      vertex   -2.967937e+00 -7.495960e+00 1.008537e+00
    endloop
  endfacet
  facet normal -5.013834e-01 -8.652252e-01 0.000000e+00
    outer loop
      vertex   -2.967937e+00 -7.495960e+00 1.008537e+00
      vertex   -2.751998e+00 -7.621093e+00 1.587500e+00
      vertex   -2.967937e+00 -7.495960e+00 1.587500e+00
    endloop
  endfacet
  facet normal -5.765927e-01 -8.170318e-01 0.000000e+00
    outer loop
      vertex   -2.967937e+00 -7.495960e+00 1.008537e+00
      vertex   -2.967937e+00 -7.495960e+00 1.587500e+00
      vertex   -3.171848e+00 -7.352057e+00 1.040343e+00
    endloop
  endfacet
  facet normal -5.765927e-01 -8.170318e-01 -3.902953e-16
    outer loop
      vertex   -3.171848e+00 -7.352057e+00 1.040343e+00
      vertex   -2.967937e+00 -7.495960e+00 1.587500e+00
      vertex   -3.171848e+00 -7.352057e+00 1.587500e+00
    endloop
  endfacet
  facet normal -6.472012e-01 -7.623192e-01 -1.868664e-16
    outer loop
      vertex   -3.171848e+00 -7.352057e+00 1.040343e+00
      vertex   -3.171848e+00 -7.352057e+00 1.587500e+00
      vertex   -3.362104e+00 -7.190532e+00 1.063245e+00
    endloop
  endfacet
  facet normal -6.472012e-01 -7.623192e-01 -1.291499e-15
    outer loop
      vertex   -3.362104e+00 -7.190532e+00 1.063245e+00
      vertex   -3.171848e+00 -7.352057e+00 1.587500e+00
      vertex   -3.362104e+00 -7.190532e+00 1.587500e+00
    endloop
  endfacet
  facet normal -7.126458e-01 -7.015241e-01 -1.188502e-15
    outer loop
      vertex   -3.362104e+00 -7.190532e+00 1.063245e+00
      vertex   -3.362104e+00 -7.190532e+00 1.587500e+00
      vertex   -3.537187e+00 -7.012673e+00 1.077059e+00
    endloop
  endfacet
  facet normal -7.126458e-01 -7.015241e-01 -1.220667e-15
    outer loop
      vertex   -3.537187e+00 -7.012673e+00 1.077059e+00
      vertex   -3.362104e+00 -7.190532e+00 1.587500e+00
      vertex   -3.537187e+00 -7.012673e+00 1.587500e+00
    endloop
  endfacet
  facet normal -7.724041e-01 -6.351315e-01 -1.105143e-15
    outer loop
      vertex   -3.537187e+00 -7.012673e+00 1.077059e+00
      vertex   -3.537187e+00 -7.012673e+00 1.587500e+00
      vertex   -3.695700e+00 -6.819900e+00 1.081676e+00
    endloop
  endfacet
  facet normal -7.724041e-01 -6.351315e-01 -2.471498e-15
    outer loop
      vertex   -3.695700e+00 -6.819900e+00 1.081676e+00
      vertex   -3.537187e+00 -7.012673e+00 1.587500e+00
      vertex   -3.695700e+00 -6.819900e+00 1.587500e+00
    endloop
  endfacet
  facet normal -7.740071e-01 -6.331769e-01 1.359083e-15
    outer loop
      vertex   -3.695700e+00 -6.819900e+00 -1.081676e+00
      vertex   -3.695700e+00 -6.819900e+00 -1.587500e+00
      vertex   -3.546610e+00 -7.002150e+00 -1.077566e+00
    endloop
  endfacet
  facet normal -7.713299e-01 -6.364325e-01 -1.946269e-03
    outer loop
      vertex   -3.546610e+00 -7.002150e+00 -1.077566e+00
      vertex   -3.695700e+00 -6.819900e+00 -1.587500e+00
      vertex   -3.530868e+00 -7.019670e+00 -1.587500e+00
    endloop
  endfacet
  facet normal -7.180076e-01 -6.960331e-01 1.747528e-03
    outer loop
      vertex   -3.546610e+00 -7.002150e+00 -1.077566e+00
      vertex   -3.530868e+00 -7.019670e+00 -1.587500e+00
      vertex   -3.382704e+00 -7.171200e+00 -1.065266e+00
    endloop
  endfacet
  facet normal -7.090817e-01 -7.051180e-01 -3.420920e-03
    outer loop
      vertex   -3.382704e+00 -7.171200e+00 -1.065266e+00
      vertex   -3.530868e+00 -7.019670e+00 -1.587500e+00
      vertex   -3.348246e+00 -7.203318e+00 -1.587500e+00
    endloop
  endfacet
  facet normal -6.569784e-01 -7.539034e-01 3.017405e-03
    outer loop
      vertex   -3.382704e+00 -7.171200e+00 -1.065266e+00
      vertex   -3.348246e+00 -7.203318e+00 -1.587500e+00
      vertex   -3.205146e+00 -7.325848e+00 -1.044864e+00
    endloop
  endfacet
  facet normal -6.407413e-01 -7.677443e-01 -4.389866e-03
    outer loop
      vertex   -3.205146e+00 -7.325848e+00 -1.044864e+00
      vertex   -3.348246e+00 -7.203318e+00 -1.587500e+00
      vertex   -3.149403e+00 -7.369268e+00 -1.587500e+00
    endloop
  endfacet
  facet normal -5.913219e-01 -8.064268e-01 3.782022e-03
    outer loop
      vertex   -3.205146e+00 -7.325848e+00 -1.044864e+00
      vertex   -3.149403e+00 -7.369268e+00 -1.587500e+00
      vertex   -3.015198e+00 -7.464998e+00 -1.016503e+00
    endloop
  endfacet
  facet normal -5.668966e-01 -8.237746e-01 -4.867233e-03
    outer loop
      vertex   -3.015198e+00 -7.464998e+00 -1.016503e+00
      vertex   -3.149403e+00 -7.369268e+00 -1.587500e+00
      vertex   -2.936048e+00 -7.516092e+00 -1.587500e+00
    endloop
  endfacet
  facet normal -5.214644e-01 -8.532633e-01 4.069141e-03
    outer loop
      vertex   -3.015198e+00 -7.464998e+00 -1.016503e+00
      vertex   -2.936048e+00 -7.516092e+00 -1.587500e+00
      vertex   -2.814207e+00 -7.587659e+00 -9.803849e-01
    endloop
  endfacet
  facet normal -4.881822e-01 -8.727280e-01 -4.904714e-03
    outer loop
      vertex   -2.814207e+00 -7.587659e+00 -9.803849e-01
      vertex   -2.936048e+00 -7.516092e+00 -1.587500e+00
      vertex   -2.710015e+00 -7.642530e+00 -1.587500e+00
    endloop
  endfacet
  facet normal -4.478637e-01 -8.940931e-01 3.945674e-03
    outer loop
      vertex   -2.814207e+00 -7.587659e+00 -9.803849e-01
      vertex   -2.710015e+00 -7.642530e+00 -1.587500e+00
      vertex   -2.603603e+00 -7.692961e+00 -9.367673e-01
    endloop
  endfacet
  facet normal -4.052737e-01 -9.141839e-01 -4.575965e-03
    outer loop
      vertex   -2.603603e+00 -7.692961e+00 -9.367673e-01
      vertex   -2.710015e+00 -7.642530e+00 -1.587500e+00
      vertex   -2.473245e+00 -7.747494e+00 -1.587500e+00
    endloop
  endfacet
  facet normal -3.710135e-01 -9.286209e-01 3.497051e-03
    outer loop
      vertex   -2.603603e+00 -7.692961e+00 -9.367673e-01
      vertex   -2.473245e+00 -7.747494e+00 -1.587500e+00
      vertex   -2.384879e+00 -7.780157e+00 -8.859593e-01
    endloop
  endfacet
  facet normal -3.188830e-01 -9.477858e-01 -3.961551e-03
    outer loop
      vertex   -2.384879e+00 -7.780157e+00 -8.859593e-01
      vertex   -2.473245e+00 -7.747494e+00 -1.587500e+00
      vertex   -2.227772e+00 -7.830083e+00 -1.587500e+00
    endloop
  endfacet
  facet normal -2.914431e-01 -9.565841e-01 2.809639e-03
    outer loop
      vertex   -2.384879e+00 -7.780157e+00 -8.859593e-01
      vertex   -2.227772e+00 -7.830083e+00 -1.587500e+00
      vertex   -2.159591e+00 -7.848626e+00 -8.283219e-01
    endloop
  endfacet
  facet normal -2.297518e-01 -9.732442e-01 -3.137752e-03
    outer loop
      vertex   -2.159591e+00 -7.848626e+00 -8.283219e-01
      vertex   -2.227772e+00 -7.830083e+00 -1.587500e+00
      vertex   -1.975707e+00 -7.889588e+00 -1.587500e+00
    endloop
  endfacet
  facet normal -2.097132e-01 -9.777610e-01 1.959586e-03
    outer loop
      vertex   -2.159591e+00 -7.848626e+00 -8.283219e-01
      vertex   -1.975707e+00 -7.889588e+00 -1.587500e+00
      vertex   -1.929337e+00 -7.897883e+00 -7.642643e-01
    endloop
  endfacet
  facet normal -1.386459e-01 -9.903396e-01 -2.170127e-03
    outer loop
      vertex   -1.929337e+00 -7.897883e+00 -7.642643e-01
      vertex   -1.975707e+00 -7.889588e+00 -1.587500e+00
      vertex   -1.719215e+00 -7.925496e+00 -1.587500e+00
    endloop
  endfacet
  facet normal -1.264099e-01 -9.919776e-01 1.007913e-03
    outer loop
      vertex   -1.929337e+00 -7.897883e+00 -7.642643e-01
      vertex   -1.719215e+00 -7.925496e+00 -1.587500e+00
      vertex   -1.695754e+00 -7.927578e+00 -6.942417e-01
    endloop
  endfacet
  facet normal -4.634812e-02 -9.989247e-01 -1.111066e-03
    outer loop
      vertex   -1.695754e+00 -7.927578e+00 -6.942417e-01
      vertex   -1.719215e+00 -7.925496e+00 -1.587500e+00
      vertex   -1.460500e+00 -7.937500e+00 -1.587500e+00
    endloop
  endfacet
  facet normal -4.213730e-02 -9.991118e-01 0.000000e+00
    outer loop
      vertex   -1.695754e+00 -7.927578e+00 -6.942417e-01
      vertex   -1.460500e+00 -7.937500e+00 -1.587500e+00
      vertex   -1.460500e+00 -7.937500e+00 -6.187511e-01
    endloop
  endfacet
  facet normal 4.213730e-02 -9.991118e-01 9.658190e-18
    outer loop
      vertex   1.460500e+00 -7.937500e+00 -6.187511e-01
      vertex   1.460500e+00 -7.937500e+00 -1.587500e+00
      vertex   1.695754e+00 -7.927578e+00 -6.942417e-01
    endloop
  endfacet
  facet normal 4.634812e-02 -9.989247e-01 -1.111066e-03
    outer loop
      vertex   1.695754e+00 -7.927578e+00 -6.942417e-01
      vertex   1.460500e+00 -7.937500e+00 -1.587500e+00
      vertex   1.719215e+00 -7.925496e+00 -1.587500e+00
    endloop
  endfacet
  facet normal 1.264099e-01 -9.919776e-01 1.007913e-03
    outer loop
      vertex   1.695754e+00 -7.927578e+00 -6.942417e-01
      vertex   1.719215e+00 -7.925496e+00 -1.587500e+00
      vertex   1.929337e+00 -7.897883e+00 -7.642643e-01
    endloop
  endfacet
  facet normal 1.386459e-01 -9.903396e-01 -2.170127e-03
    outer loop
      vertex   1.929337e+00 -7.897883e+00 -7.642643e-01
      vertex   1.719215e+00 -7.925496e+00 -1.587500e+00
      vertex   1.975707e+00 -7.889588e+00 -1.587500e+00
    endloop
  endfacet
  facet normal 2.097132e-01 -9.777610e-01 1.959586e-03
    outer loop
      vertex   1.929337e+00 -7.897883e+00 -7.642643e-01
      vertex   1.975707e+00 -7.889588e+00 -1.587500e+00
      vertex   2.159591e+00 -7.848626e+00 -8.283219e-01
    endloop
  endfacet
  facet normal 2.297518e-01 -9.732442e-01 -3.137752e-03
    outer loop
      vertex   2.159591e+00 -7.848626e+00 -8.283219e-01
      vertex   1.975707e+00 -7.889588e+00 -1.587500e+00
      vertex   2.227772e+00 -7.830083e+00 -1.587500e+00
    endloop
  endfacet
  facet normal 2.914431e-01 -9.565841e-01 2.809639e-03
    outer loop
      vertex   2.159591e+00 -7.848626e+00 -8.283219e-01
      vertex   2.227772e+00 -7.830083e+00 -1.587500e+00
      vertex   2.384879e+00 -7.780157e+00 -8.859593e-01
    endloop
  endfacet
  facet normal 3.188830e-01 -9.477858e-01 -3.961551e-03
    outer loop
      vertex   2.384879e+00 -7.780157e+00 -8.859593e-01
      vertex   2.227772e+00 -7.830083e+00 -1.587500e+00
      vertex   2.473245e+00 -7.747494e+00 -1.587500e+00
    endloop
  endfacet
  facet normal 3.710135e-01 -9.286209e-01 3.497051e-03
    outer loop
      vertex   2.384879e+00 -7.780157e+00 -8.859593e-01
      vertex   2.473245e+00 -7.747494e+00 -1.587500e+00
      vertex   2.603603e+00 -7.692961e+00 -9.367673e-01
    endloop
  endfacet
  facet normal 4.052737e-01 -9.141839e-01 -4.575965e-03
    outer loop
      vertex   2.603603e+00 -7.692961e+00 -9.367673e-01
      vertex   2.473245e+00 -7.747494e+00 -1.587500e+00
      vertex   2.710015e+00 -7.642530e+00 -1.587500e+00
    endloop
  endfacet
  facet normal 4.478637e-01 -8.940931e-01 3.945674e-03
    outer loop
      vertex   2.603603e+00 -7.692961e+00 -9.367673e-01
      vertex   2.710015e+00 -7.642530e+00 -1.587500e+00
      vertex   2.814207e+00 -7.587659e+00 -9.803849e-01
    endloop
  endfacet
  facet normal 4.881822e-01 -8.727280e-01 -4.904714e-03
    outer loop
      vertex   2.814207e+00 -7.587659e+00 -9.803849e-01
      vertex   2.710015e+00 -7.642530e+00 -1.587500e+00
      vertex   2.936048e+00 -7.516092e+00 -1.587500e+00
    endloop
  endfacet
  facet normal 5.214644e-01 -8.532633e-01 4.069141e-03
    outer loop
      vertex   2.814207e+00 -7.587659e+00 -9.803849e-01
      vertex   2.936048e+00 -7.516092e+00 -1.587500e+00
      vertex   3.015198e+00 -7.464998e+00 -1.016503e+00
    endloop
  endfacet
  facet normal 5.668966e-01 -8.237746e-01 -4.867233e-03
    outer loop
      vertex   3.015198e+00 -7.464998e+00 -1.016503e+00
      vertex   2.936048e+00 -7.516092e+00 -1.587500e+00
      vertex   3.149403e+00 -7.369268e+00 -1.587500e+00
    endloop
  endfacet
  facet normal 5.913219e-01 -8.064268e-01 3.782022e-03
    outer loop
      vertex   3.015198e+00 -7.464998e+00 -1.016503e+00
      vertex   3.149403e+00 -7.369268e+00 -1.587500e+00
      vertex   3.205146e+00 -7.325848e+00 -1.044864e+00
    endloop
  endfacet
  facet normal 6.407413e-01 -7.677443e-01 -4.389866e-03
    outer loop
      vertex   3.205146e+00 -7.325848e+00 -1.044864e+00
      vertex   3.149403e+00 -7.369268e+00 -1.587500e+00
      vertex   3.348246e+00 -7.203318e+00 -1.587500e+00
    endloop
  endfacet
  facet normal 6.569784e-01 -7.539034e-01 3.017405e-03
    outer loop
      vertex   3.205146e+00 -7.325848e+00 -1.044864e+00
      vertex   3.348246e+00 -7.203318e+00 -1.587500e+00
      vertex   3.382704e+00 -7.171200e+00 -1.065266e+00
    endloop
  endfacet
  facet normal 7.090817e-01 -7.051180e-01 -3.420920e-03
    outer loop
      vertex   3.382704e+00 -7.171200e+00 -1.065266e+00
      vertex   3.348246e+00 -7.203318e+00 -1.587500e+00
      vertex   3.530868e+00 -7.019670e+00 -1.587500e+00
    endloop
  endfacet
  facet normal 7.180076e-01 -6.960331e-01 1.747528e-03
    outer loop
      vertex   3.382704e+00 -7.171200e+00 -1.065266e+00
      vertex   3.530868e+00 -7.019670e+00 -1.587500e+00
      vertex   3.546610e+00 -7.002150e+00 -1.077566e+00
    endloop
  endfacet
  facet normal 7.713299e-01 -6.364325e-01 -1.946269e-03
    outer loop
      vertex   3.546610e+00 -7.002150e+00 -1.077566e+00
      vertex   3.530868e+00 -7.019670e+00 -1.587500e+00
      vertex   3.695700e+00 -6.819900e+00 -1.587500e+00
    endloop
  endfacet
  facet normal 7.740071e-01 -6.331769e-01 0.000000e+00
    outer loop
      vertex   3.546610e+00 -7.002150e+00 -1.077566e+00
      vertex   3.695700e+00 -6.819900e+00 -1.587500e+00
      vertex   3.695700e+00 -6.819900e+00 -1.081676e+00
    endloop
  endfacet
  facet normal 2.491730e-01 -9.684590e-01 2.789234e-16
    outer loop
      vertex   2.034176e+00 -7.877971e+00 7.940560e-01
      vertex   2.277791e+00 -7.815292e+00 8.592055e-01
      vertex   2.034176e+00 -7.877971e+00 1.587500e+00
    endloop
  endfacet
  facet normal 2.491730e-01 -9.684590e-01 0.000000e+00
    outer loop
      vertex   2.034176e+00 -7.877971e+00 1.587500e+00
      vertex   2.277791e+00 -7.815292e+00 8.592055e-01
      vertex   2.277791e+00 -7.815292e+00 1.587500e+00
    endloop
  endfacet
  facet normal 3.352671e-01 -9.421231e-01 0.000000e+00
    outer loop
      vertex   2.277791e+00 -7.815292e+00 1.587500e+00
      vertex   2.277791e+00 -7.815292e+00 8.592055e-01
      vertex   2.514782e+00 -7.730955e+00 9.167774e-01
    endloop
  endfacet
  facet normal 3.352671e-01 -9.421231e-01 2.261967e-16
    outer loop
      vertex   2.277791e+00 -7.815292e+00 1.587500e+00
      vertex   2.514782e+00 -7.730955e+00 9.167774e-01
      vertex   2.514782e+00 -7.730955e+00 1.587500e+00
    endloop
  endfacet
  facet normal 4.186437e-01 -9.081506e-01 2.771863e-16
    outer loop
      vertex   2.514782e+00 -7.730955e+00 1.587500e+00
      vertex   2.514782e+00 -7.730955e+00 9.167774e-01
      vertex   2.743227e+00 -7.625646e+00 9.663049e-01
    endloop
  endfacet
  facet normal 4.186437e-01 -9.081506e-01 -2.597732e-15
    outer loop
      vertex   2.514782e+00 -7.730955e+00 1.587500e+00
      vertex   2.743227e+00 -7.625646e+00 9.663049e-01
      vertex   2.743227e+00 -7.625646e+00 1.587500e+00
    endloop
  endfacet
  facet normal 4.986268e-01 -8.668168e-01 -2.478732e-15
    outer loop
      vertex   2.743227e+00 -7.625646e+00 1.587500e+00
      vertex   2.743227e+00 -7.625646e+00 9.663049e-01
      vertex   2.961275e+00 -7.500216e+00 1.007387e+00
    endloop
  endfacet
  facet normal 4.986268e-01 -8.668168e-01 1.307635e-15
    outer loop
      vertex   2.743227e+00 -7.625646e+00 1.587500e+00
      vertex   2.961275e+00 -7.500216e+00 1.007387e+00
      vertex   2.961275e+00 -7.500216e+00 1.587500e+00
    endloop
  endfacet
  facet normal 5.745681e-01 -8.184568e-01 1.253093e-15
    outer loop
      vertex   2.961275e+00 -7.500216e+00 1.587500e+00
      vertex   2.961275e+00 -7.500216e+00 1.007387e+00
      vertex   3.167157e+00 -7.355684e+00 1.039690e+00
    endloop
  endfacet
  facet normal 5.745681e-01 -8.184568e-01 0.000000e+00
    outer loop
      vertex   2.961275e+00 -7.500216e+00 1.587500e+00
      vertex   3.167157e+00 -7.355684e+00 1.039690e+00
      vertex   3.167157e+00 -7.355684e+00 1.587500e+00
    endloop
  endfacet
  facet normal 6.458521e-01 -7.634625e-01 0.000000e+00
    outer loop
      vertex   3.167157e+00 -7.355684e+00 1.587500e+00
      vertex   3.167157e+00 -7.355684e+00 1.039690e+00
      vertex   3.359206e+00 -7.193220e+00 1.062952e+00
    endloop
  endfacet
  facet normal 6.458521e-01 -7.634625e-01 -5.258738e-16
    outer loop
      vertex   3.167157e+00 -7.355684e+00 1.587500e+00
      vertex   3.359206e+00 -7.193220e+00 1.062952e+00
      vertex   3.359206e+00 -7.193220e+00 1.587500e+00
    endloop
  endfacet
  facet normal 7.119010e-01 -7.022798e-01 -6.027052e-16
    outer loop
      vertex   3.359206e+00 -7.193220e+00 1.587500e+00
      vertex   3.359206e+00 -7.193220e+00 1.062952e+00
      vertex   3.535864e+00 -7.014141e+00 1.076986e+00
    endloop
  endfacet
  facet normal 7.119010e-01 -7.022798e-01 0.000000e+00
    outer loop
      vertex   3.359206e+00 -7.193220e+00 1.587500e+00
      vertex   3.535864e+00 -7.014141e+00 1.076986e+00
      vertex   3.535864e+00 -7.014141e+00 1.587500e+00
    endloop
  endfacet
  facet normal 7.721794e-01 -6.354046e-01 0.000000e+00
    outer loop
      vertex   3.535864e+00 -7.014141e+00 1.587500e+00
      vertex   3.535864e+00 -7.014141e+00 1.076986e+00
      vertex   3.695700e+00 -6.819900e+00 1.081676e+00
    endloop
  endfacet
  facet normal 7.721794e-01 -6.354046e-01 0.000000e+00
    outer loop
      vertex   3.535864e+00 -7.014141e+00 1.587500e+00
      vertex   3.695700e+00 -6.819900e+00 1.081676e+00
      vertex   3.695700e+00 -6.819900e+00 1.587500e+00
    endloop
  endfacet
  facet normal 9.989438e-01 -4.594818e-02 0.000000e+00
    outer loop
      vertex   6.667500e+00 -1.926167e+00 8.502137e-01
      vertex   6.667500e+00 -1.926167e+00 1.587500e+00
      vertex   6.655702e+00 -2.182654e+00 9.100486e-01
    endloop
  endfacet
  facet normal 9.989438e-01 -4.594818e-02 1.339794e-15
    outer loop
      vertex   6.655702e+00 -2.182654e+00 9.100486e-01
      vertex   6.667500e+00 -1.926167e+00 1.587500e+00
      vertex   6.655702e+00 -2.182654e+00 1.587500e+00
    endloop
  endfacet
  facet normal 9.905078e-01 -1.374565e-01 1.388720e-15
    outer loop
      vertex   6.655702e+00 -2.182654e+00 9.100486e-01
      vertex   6.655702e+00 -2.182654e+00 1.587500e+00
      vertex   6.620409e+00 -2.436975e+00 9.615595e-01
    endloop
  endfacet
  facet normal 9.905078e-01 -1.374565e-01 0.000000e+00
    outer loop
      vertex   6.620409e+00 -2.436975e+00 9.615595e-01
      vertex   6.655702e+00 -2.182654e+00 1.587500e+00
      vertex   6.620409e+00 -2.436975e+00 1.587500e+00
    endloop
  endfacet
  facet normal 9.737070e-01 -2.278040e-01 0.000000e+00
    outer loop
      vertex   6.620409e+00 -2.436975e+00 9.615595e-01
      vertex   6.620409e+00 -2.436975e+00 1.587500e+00
      vertex   6.561919e+00 -2.686983e+00 1.004311e+00
    endloop
  endfacet
  facet normal 9.737070e-01 -2.278040e-01 3.469385e-16
    outer loop
      vertex   6.561919e+00 -2.686983e+00 1.004311e+00
      vertex   6.620409e+00 -2.436975e+00 1.587500e+00
      vertex   6.561919e+00 -2.686983e+00 1.587500e+00
    endloop
  endfacet
  facet normal 9.486833e-01 -3.162278e-01 4.816051e-16
    outer loop
      vertex   6.561919e+00 -2.686983e+00 1.004311e+00
      vertex   6.561919e+00 -2.686983e+00 1.587500e+00
      vertex   6.480725e+00 -2.930565e+00 1.037943e+00
    endloop
  endfacet
  facet normal 9.486833e-01 -3.162278e-01 0.000000e+00
    outer loop
      vertex   6.480725e+00 -2.930565e+00 1.037943e+00
      vertex   6.561919e+00 -2.686983e+00 1.587500e+00
      vertex   6.480725e+00 -2.930565e+00 1.587500e+00
    endloop
  endfacet
  facet normal 9.156480e-01 -4.019810e-01 0.000000e+00
    outer loop
      vertex   6.480725e+00 -2.930565e+00 1.037943e+00
      vertex   6.480725e+00 -2.930565e+00 1.587500e+00
      vertex   6.377513e+00 -3.165665e+00 1.062171e+00
    endloop
  endfacet
  facet normal 9.156480e-01 -4.019810e-01 0.000000e+00
    outer loop
      vertex   6.377513e+00 -3.165665e+00 1.062171e+00
      vertex   6.480725e+00 -2.930565e+00 1.587500e+00
      vertex   6.377513e+00 -3.165665e+00 1.587500e+00
    endloop
  endfacet
  facet normal 8.748802e-01 -4.843395e-01 0.000000e+00
    outer loop
      vertex   6.377513e+00 -3.165665e+00 1.062171e+00
      vertex   6.377513e+00 -3.165665e+00 1.587500e+00
      vertex   6.253154e+00 -3.390298e+00 1.076790e+00
    endloop
  endfacet
  facet normal 8.748802e-01 -4.843395e-01 6.791907e-16
    outer loop
      vertex   6.253154e+00 -3.390298e+00 1.076790e+00
      vertex   6.377513e+00 -3.165665e+00 1.587500e+00
      vertex   6.253154e+00 -3.390298e+00 1.587500e+00
    endloop
  endfacet
  facet normal 8.267240e-01 -5.626077e-01 4.593254e-16
    outer loop
      vertex   6.253154e+00 -3.390298e+00 1.076790e+00
      vertex   6.253154e+00 -3.390298e+00 1.587500e+00
      vertex   6.108700e+00 -3.602567e+00 1.081676e+00
    endloop
  endfacet
  facet normal 8.267240e-01 -5.626077e-01 -4.939428e-16
    outer loop
      vertex   6.108700e+00 -3.602567e+00 1.081676e+00
      vertex   6.253154e+00 -3.390298e+00 1.587500e+00
      vertex   6.108700e+00 -3.602567e+00 1.587500e+00
    endloop
  endfacet
  facet normal 8.369503e-01 -5.472765e-01 1.620118e-03
    outer loop
      vertex   6.192056e+00 -3.485248e+00 -1.587500e+00
      vertex   6.231441e+00 -3.425017e+00 -1.587500e+00
      vertex   6.253154e+00 -3.390298e+00 -1.076790e+00
    endloop
  endfacet
  facet normal 8.628691e-01 -5.054221e-01 -2.327179e-03
    outer loop
      vertex   6.253154e+00 -3.390298e+00 -1.076790e+00
      vertex   6.231441e+00 -3.425017e+00 -1.587500e+00
      vertex   6.333533e+00 -3.250736e+00 -1.584492e+00
    endloop
  endfacet
  facet normal 8.747225e-01 -4.845954e-01 5.274464e-03
    outer loop
      vertex   6.253154e+00 -3.390298e+00 -1.076790e+00
      vertex   6.333533e+00 -3.250736e+00 -1.584492e+00
      vertex   6.377513e+00 -3.165665e+00 -1.062171e+00
    endloop
  endfacet
  facet normal 8.971137e-01 -4.417852e-01 -3.583446e-03
    outer loop
      vertex   6.377513e+00 -3.165665e+00 -1.062171e+00
      vertex   6.333533e+00 -3.250736e+00 -1.584492e+00
      vertex   6.423047e+00 -3.069042e+00 -1.575004e+00
    endloop
  endfacet
  facet normal 9.154274e-01 -4.024462e-01 5.454528e-03
    outer loop
      vertex   6.377513e+00 -3.165665e+00 -1.062171e+00
      vertex   6.423047e+00 -3.069042e+00 -1.575004e+00
      vertex   6.480725e+00 -2.930565e+00 -1.037943e+00
    endloop
  endfacet
  facet normal 9.269319e-01 -3.752193e-01 -2.801234e-03
    outer loop
      vertex   6.480725e+00 -2.930565e+00 -1.037943e+00
      vertex   6.423047e+00 -3.069042e+00 -1.575004e+00
      vertex   6.498943e+00 -2.881675e+00 -1.558284e+00
    endloop
  endfacet
  facet normal 9.485343e-01 -3.166555e-01 3.457636e-03
    outer loop
      vertex   6.480725e+00 -2.930565e+00 -1.037943e+00
      vertex   6.498943e+00 -2.881675e+00 -1.558284e+00
      vertex   6.561919e+00 -2.686983e+00 -1.004311e+00
    endloop
  endfacet
  facet normal 9.520775e-01 -3.058561e-01 -7.405752e-04
    outer loop
      vertex   6.561919e+00 -2.686983e+00 -1.004311e+00
      vertex   6.498943e+00 -2.881675e+00 -1.558284e+00
      vertex   6.560438e+00 -2.690312e+00 -1.533651e+00
    endloop
  endfacet
  facet normal 9.713974e-01 -2.374566e-01 -1.224782e-03
    outer loop
      vertex   6.561919e+00 -2.686983e+00 -1.004311e+00
      vertex   6.560438e+00 -2.690312e+00 -1.533651e+00
      vertex   6.607735e+00 -2.496990e+00 -1.501320e+00
    endloop
  endfacet
  facet normal 9.736085e-01 -2.282108e-01 2.513447e-03
    outer loop
      vertex   6.561919e+00 -2.686983e+00 -1.004311e+00
      vertex   6.607735e+00 -2.496990e+00 -1.501320e+00
      vertex   6.620409e+00 -2.436975e+00 -9.615595e-01
    endloop
  endfacet
  facet normal 9.855154e-01 -1.695317e-01 -4.290573e-03
    outer loop
      vertex   6.620409e+00 -2.436975e+00 -9.615595e-01
      vertex   6.607735e+00 -2.496990e+00 -1.501320e+00
      vertex   6.641142e+00 -2.303800e+00 -1.461612e+00
    endloop
  endfacet
  facet normal 9.903819e-01 -1.382958e-01 4.230002e-03
    outer loop
      vertex   6.620409e+00 -2.436975e+00 -9.615595e-01
      vertex   6.641142e+00 -2.303800e+00 -1.461612e+00
      vertex   6.655702e+00 -2.182654e+00 -9.100486e-01
    endloop
  endfacet
  facet normal 9.947452e-01 -1.023111e-01 -3.788901e-03
    outer loop
      vertex   6.655702e+00 -2.182654e+00 -9.100486e-01
      vertex   6.641142e+00 -2.303800e+00 -1.461612e+00
      vertex   6.660961e+00 -2.112829e+00 -1.414848e+00
    endloop
  endfacet
  facet normal 9.988937e-01 -4.686134e-02 3.924224e-03
    outer loop
      vertex   6.655702e+00 -2.182654e+00 -9.100486e-01
      vertex   6.660961e+00 -2.112829e+00 -1.414848e+00
      vertex   6.667500e+00 -1.926167e+00 -8.502137e-01
    endloop
  endfacet
  facet normal 9.993870e-01 -3.500825e-02 0.000000e+00
    outer loop
      vertex   6.667500e+00 -1.926167e+00 -8.502137e-01
      vertex   6.660961e+00 -2.112829e+00 -1.414848e+00
      vertex   6.667500e+00 -1.926167e+00 -1.361349e+00
    endloop
  endfacet
  facet normal 8.266492e-01 -5.626885e-01 5.717821e-03
    outer loop
      vertex   6.253154e+00 -3.390298e+00 -1.076790e+00
      vertex   6.108700e+00 -3.602567e+00 -1.081676e+00
      vertex   6.192056e+00 -3.485248e+00 -1.587500e+00
    endloop
  endfacet
  facet normal 8.225734e-01 -5.686472e-01 3.664117e-03
    outer loop
      vertex   6.192056e+00 -3.485248e+00 -1.587500e+00
      vertex   6.108700e+00 -3.602567e+00 -1.081676e+00
      vertex   6.151134e+00 -3.544444e+00 -1.587500e+00
    endloop
  endfacet
  facet normal 8.076607e-01 -5.896476e-01 5.242118e-16
    outer loop
      vertex   6.151134e+00 -3.544444e+00 -1.587500e+00
      vertex   6.108700e+00 -3.602567e+00 -1.081676e+00
      vertex   6.108700e+00 -3.602567e+00 -1.587500e+00
    endloop
  endfacet
  facet normal 3.061467e-01 -2.296101e-01 9.238795e-01
    outer loop
      vertex   1.270000e+00 -7.937500e+00 -5.556250e-01
      vertex   1.460500e+00 -7.937500e+00 -6.187511e-01
      vertex   3.695700e+00 -6.819900e+00 -1.081676e+00
    endloop
  endfacet
  facet normal 3.061467e-01 -2.296101e-01 9.238795e-01
    outer loop
      vertex   3.695700e+00 -6.819900e+00 -1.081676e+00
      vertex   1.460500e+00 -7.937500e+00 -6.187511e-01
      vertex   1.695754e+00 -7.927578e+00 -6.942417e-01
    endloop
  endfacet
  facet normal 3.061467e-01 -2.296101e-01 9.238795e-01
    outer loop
      vertex   3.695700e+00 -6.819900e+00 -1.081676e+00
      vertex   1.695754e+00 -7.927578e+00 -6.942417e-01
      vertex   1.929337e+00 -7.897883e+00 -7.642643e-01
    endloop
  endfacet
  facet normal 3.061467e-01 -2.296101e-01 9.238795e-01
    outer loop
      vertex   1.929337e+00 -7.897883e+00 -7.642643e-01
      vertex   2.159591e+00 -7.848626e+00 -8.283219e-01
      vertex   3.695700e+00 -6.819900e+00 -1.081676e+00
    endloop
  endfacet
  facet normal 3.061467e-01 -2.296101e-01 9.238795e-01
    outer loop
      vertex   3.695700e+00 -6.819900e+00 -1.081676e+00
      vertex   2.159591e+00 -7.848626e+00 -8.283219e-01
      vertex   2.384879e+00 -7.780157e+00 -8.859593e-01
    endloop
  endfacet
  facet normal 3.061467e-01 -2.296101e-01 9.238795e-01
    outer loop
      vertex   3.695700e+00 -6.819900e+00 -1.081676e+00
      vertex   2.384879e+00 -7.780157e+00 -8.859593e-01
      vertex   2.603603e+00 -7.692961e+00 -9.367673e-01
    endloop
  endfacet
  facet normal 3.061467e-01 -2.296101e-01 9.238795e-01
    outer loop
      vertex   2.603603e+00 -7.692961e+00 -9.367673e-01
      vertex   2.814207e+00 -7.587659e+00 -9.803849e-01
      vertex   3.695700e+00 -6.819900e+00 -1.081676e+00
    endloop
  endfacet
  facet normal 3.061467e-01 -2.296101e-01 9.238795e-01
    outer loop
      vertex   3.695700e+00 -6.819900e+00 -1.081676e+00
      vertex   2.814207e+00 -7.587659e+00 -9.803849e-01
      vertex   3.015198e+00 -7.464998e+00 -1.016503e+00
    endloop
  endfacet
  facet normal 3.061467e-01 -2.296101e-01 9.238795e-01
    outer loop
      vertex   3.695700e+00 -6.819900e+00 -1.081676e+00
      vertex   3.015198e+00 -7.464998e+00 -1.016503e+00
      vertex   3.205146e+00 -7.325848e+00 -1.044864e+00
    endloop
  endfacet
  facet normal 3.061467e-01 -2.296101e-01 9.238795e-01
    outer loop
      vertex   3.205146e+00 -7.325848e+00 -1.044864e+00
      vertex   3.382704e+00 -7.171200e+00 -1.065266e+00
      vertex   3.695700e+00 -6.819900e+00 -1.081676e+00
    endloop
  endfacet
  facet normal 3.061467e-01 -2.296101e-01 9.238795e-01
    outer loop
      vertex   3.695700e+00 -6.819900e+00 -1.081676e+00
      vertex   3.382704e+00 -7.171200e+00 -1.065266e+00
      vertex   3.546610e+00 -7.002150e+00 -1.077566e+00
    endloop
  endfacet
  facet normal 3.061467e-01 -2.296101e-01 9.238795e-01
    outer loop
      vertex   1.270000e+00 -7.937500e+00 -5.556250e-01
      vertex   3.695700e+00 -6.819900e+00 -1.081676e+00
      vertex   6.667500e+00 -7.408333e-01 -5.556250e-01
    endloop
  endfacet
  facet normal 3.061467e-01 -2.296101e-01 9.238795e-01
    outer loop
      vertex   6.667500e+00 -7.408333e-01 -5.556250e-01
      vertex   3.695700e+00 -6.819900e+00 -1.081676e+00
      vertex   6.108700e+00 -3.602567e+00 -1.081676e+00
    endloop
  endfacet
  facet normal 3.061467e-01 -2.296101e-01 9.238795e-01
    outer loop
      vertex   6.667500e+00 -7.408333e-01 -5.556250e-01
      vertex   6.108700e+00 -3.602567e+00 -1.081676e+00
      vertex   6.667500e+00 -1.926167e+00 -8.502137e-01
    endloop
  endfacet
  facet normal 3.061467e-01 -2.296101e-01 9.238795e-01
    outer loop
      vertex   6.667500e+00 -1.926167e+00 -8.502137e-01
      vertex   6.108700e+00 -3.602567e+00 -1.081676e+00
      vertex   6.253154e+00 -3.390298e+00 -1.076790e+00
    endloop
  endfacet
  facet normal 3.061467e-01 -2.296101e-01 9.238795e-01
    outer loop
      vertex   6.667500e+00 -1.926167e+00 -8.502137e-01
      vertex   6.253154e+00 -3.390298e+00 -1.076790e+00
      vertex   6.377513e+00 -3.165665e+00 -1.062171e+00
    endloop
  endfacet
  facet normal 3.061467e-01 -2.296101e-01 9.238795e-01
    outer loop
      vertex   6.377513e+00 -3.165665e+00 -1.062171e+00
      vertex   6.480725e+00 -2.930565e+00 -1.037943e+00
      vertex   6.667500e+00 -1.926167e+00 -8.502137e-01
    endloop
  endfacet
  facet normal 3.061467e-01 -2.296101e-01 9.238795e-01
    outer loop
      vertex   6.667500e+00 -1.926167e+00 -8.502137e-01
      vertex   6.480725e+00 -2.930565e+00 -1.037943e+00
      vertex   6.561919e+00 -2.686983e+00 -1.004311e+00
    endloop
  endfacet
  facet normal 3.061467e-01 -2.296101e-01 9.238795e-01
    outer loop
      vertex   6.667500e+00 -1.926167e+00 -8.502137e-01
      vertex   6.561919e+00 -2.686983e+00 -1.004311e+00
      vertex   6.655702e+00 -2.182654e+00 -9.100486e-01
    endloop
  endfacet
  facet normal 3.061467e-01 -2.296101e-01 9.238795e-01
    outer loop
      vertex   6.655702e+00 -2.182654e+00 -9.100486e-01
      vertex   6.561919e+00 -2.686983e+00 -1.004311e+00
      vertex   6.620409e+00 -2.436975e+00 -9.615595e-01
    endloop
  endfacet
  facet normal 3.061467e-01 2.296101e-01 9.238795e-01
    outer loop
      vertex   6.655702e+00 2.182654e+00 -9.100486e-01
      vertex   6.561919e+00 2.686983e+00 -1.004311e+00
      vertex   6.667500e+00 1.926167e+00 -8.502137e-01
    endloop
  endfacet
  facet normal 3.061467e-01 2.296101e-01 9.238795e-01
    outer loop
      vertex   6.667500e+00 1.926167e+00 -8.502137e-01
      vertex   6.561919e+00 2.686983e+00 -1.004311e+00
      vertex   6.480725e+00 2.930565e+00 -1.037943e+00
    endloop
  endfacet
  facet normal 3.061467e-01 2.296101e-01 9.238795e-01
    outer loop
      vertex   6.667500e+00 1.926167e+00 -8.502137e-01
      vertex   6.480725e+00 2.930565e+00 -1.037943e+00
      vertex   6.377513e+00 3.165665e+00 -1.062171e+00
    endloop
  endfacet
  facet normal 3.061467e-01 2.296101e-01 9.238795e-01
    outer loop
      vertex   6.655702e+00 2.182654e+00 -9.100486e-01
      vertex   6.620409e+00 2.436975e+00 -9.615595e-01
      vertex   6.561919e+00 2.686983e+00 -1.004311e+00
    endloop
  endfacet
  facet normal 3.061467e-01 2.296101e-01 9.238795e-01
    outer loop
      vertex   6.377513e+00 3.165665e+00 -1.062171e+00
      vertex   6.253154e+00 3.390298e+00 -1.076790e+00
      vertex   6.667500e+00 1.926167e+00 -8.502137e-01
    endloop
  endfacet
  facet normal 3.061467e-01 2.296101e-01 9.238795e-01
    outer loop
      vertex   6.667500e+00 1.926167e+00 -8.502137e-01
      vertex   6.253154e+00 3.390298e+00 -1.076790e+00
      vertex   6.108700e+00 3.602567e+00 -1.081676e+00
    endloop
  endfacet
  facet normal 3.061467e-01 2.296101e-01 9.238795e-01
    outer loop
      vertex   6.667500e+00 1.926167e+00 -8.502137e-01
      vertex   6.108700e+00 3.602567e+00 -1.081676e+00
      vertex   6.667500e+00 7.408333e-01 -5.556250e-01
    endloop
  endfacet
  facet normal 3.061467e-01 2.296101e-01 9.238795e-01
    outer loop
      vertex   6.667500e+00 7.408333e-01 -5.556250e-01
      vertex   6.108700e+00 3.602567e+00 -1.081676e+00
      vertex   3.695700e+00 6.819900e+00 -1.081676e+00
    endloop
  endfacet
  facet normal 3.061467e-01 2.296101e-01 9.238795e-01
    outer loop
      vertex   6.667500e+00 7.408333e-01 -5.556250e-01
      vertex   3.695700e+00 6.819900e+00 -1.081676e+00
      vertex   1.270000e+00 7.937500e+00 -5.556250e-01
    endloop
  endfacet
  facet normal 3.061467e-01 2.296101e-01 9.238795e-01
    outer loop
      vertex   1.270000e+00 7.937500e+00 -5.556250e-01
      vertex   3.695700e+00 6.819900e+00 -1.081676e+00
      vertex   1.460500e+00 7.937500e+00 -6.187511e-01
    endloop
  endfacet
  facet normal 3.061467e-01 2.296101e-01 9.238795e-01
    outer loop
      vertex   1.460500e+00 7.937500e+00 -6.187511e-01
      vertex   3.695700e+00 6.819900e+00 -1.081676e+00
      vertex   1.695754e+00 7.927578e+00 -6.942417e-01
    endloop
  endfacet
  facet normal 3.061467e-01 2.296101e-01 9.238795e-01
    outer loop
      vertex   1.695754e+00 7.927578e+00 -6.942417e-01
      vertex   3.695700e+00 6.819900e+00 -1.081676e+00
      vertex   1.929337e+00 7.897883e+00 -7.642643e-01
    endloop
  endfacet
  facet normal 3.061467e-01 2.296101e-01 9.238795e-01
    outer loop
      vertex   1.929337e+00 7.897883e+00 -7.642643e-01
      vertex   3.695700e+00 6.819900e+00 -1.081676e+00
      vertex   2.159591e+00 7.848626e+00 -8.283219e-01
    endloop
  endfacet
  facet normal 3.061467e-01 2.296101e-01 9.238795e-01
    outer loop
      vertex   2.159591e+00 7.848626e+00 -8.283219e-01
      vertex   3.695700e+00 6.819900e+00 -1.081676e+00
      vertex   2.384879e+00 7.780157e+00 -8.859593e-01
    endloop
  endfacet
  facet normal 3.061467e-01 2.296101e-01 9.238795e-01
    outer loop
      vertex   2.384879e+00 7.780157e+00 -8.859593e-01
      vertex   3.695700e+00 6.819900e+00 -1.081676e+00
      vertex   2.603603e+00 7.692961e+00 -9.367673e-01
    endloop
  endfacet
  facet normal 3.061467e-01 2.296101e-01 9.238795e-01
    outer loop
      vertex   2.603603e+00 7.692961e+00 -9.367673e-01
      vertex   3.695700e+00 6.819900e+00 -1.081676e+00
      vertex   2.814207e+00 7.587659e+00 -9.803849e-01
    endloop
  endfacet
  facet normal 3.061467e-01 2.296101e-01 9.238795e-01
    outer loop
      vertex   2.814207e+00 7.587659e+00 -9.803849e-01
      vertex   3.695700e+00 6.819900e+00 -1.081676e+00
      vertex   3.015198e+00 7.464998e+00 -1.016503e+00
    endloop
  endfacet
  facet normal 3.061467e-01 2.296101e-01 9.238795e-01
    outer loop
      vertex   3.015198e+00 7.464998e+00 -1.016503e+00
      vertex   3.695700e+00 6.819900e+00 -1.081676e+00
      vertex   3.205146e+00 7.325848e+00 -1.044864e+00
    endloop
  endfacet
  facet normal 3.061467e-01 2.296101e-01 9.238795e-01
    outer loop
      vertex   3.205146e+00 7.325848e+00 -1.044864e+00
      vertex   3.695700e+00 6.819900e+00 -1.081676e+00
      vertex   3.382704e+00 7.171200e+00 -1.065266e+00
    endloop
  endfacet
  facet normal 3.061467e-01 2.296101e-01 9.238795e-01
    outer loop
      vertex   3.382704e+00 7.171200e+00 -1.065266e+00
      vertex   3.695700e+00 6.819900e+00 -1.081676e+00
      vertex   3.546610e+00 7.002150e+00 -1.077566e+00
    endloop
  endfacet
  facet normal 8.267240e-01 5.626077e-01 0.000000e+00
    outer loop
      vertex   6.108700e+00 3.602567e+00 1.587500e+00
      vertex   6.253154e+00 3.390298e+00 1.587500e+00
      vertex   6.108700e+00 3.602567e+00 1.081676e+00
    endloop
  endfacet
  facet normal 8.267240e-01 5.626077e-01 0.000000e+00
    outer loop
      vertex   6.108700e+00 3.602567e+00 1.081676e+00
      vertex   6.253154e+00 3.390298e+00 1.587500e+00
      vertex   6.253154e+00 3.390298e+00 1.076790e+00
    endloop
  endfacet
  facet normal 8.748802e-01 4.843395e-01 -0.000000e+00
    outer loop
      vertex   6.253154e+00 3.390298e+00 1.076790e+00
      vertex   6.253154e+00 3.390298e+00 1.587500e+00
      vertex   6.377513e+00 3.165665e+00 1.587500e+00
    endloop
  endfacet
  facet normal 8.748802e-01 4.843395e-01 -4.115511e-16
    outer loop
      vertex   6.253154e+00 3.390298e+00 1.076790e+00
      vertex   6.377513e+00 3.165665e+00 1.587500e+00
      vertex   6.377513e+00 3.165665e+00 1.062171e+00
    endloop
  endfacet
  facet normal 9.156480e-01 4.019810e-01 -3.398162e-16
    outer loop
      vertex   6.377513e+00 3.165665e+00 1.062171e+00
      vertex   6.377513e+00 3.165665e+00 1.587500e+00
      vertex   6.480725e+00 2.930565e+00 1.587500e+00
    endloop
  endfacet
  facet normal 9.156480e-01 4.019810e-01 1.475279e-15
    outer loop
      vertex   6.377513e+00 3.165665e+00 1.062171e+00
      vertex   6.480725e+00 2.930565e+00 1.587500e+00
      vertex   6.480725e+00 2.930565e+00 1.037943e+00
    endloop
  endfacet
  facet normal 9.486833e-01 3.162278e-01 1.533235e-15
    outer loop
      vertex   6.480725e+00 2.930565e+00 1.037943e+00
      vertex   6.480725e+00 2.930565e+00 1.587500e+00
      vertex   6.561919e+00 2.686983e+00 1.587500e+00
    endloop
  endfacet
  facet normal 9.486833e-01 3.162278e-01 9.731409e-16
    outer loop
      vertex   6.480725e+00 2.930565e+00 1.037943e+00
      vertex   6.561919e+00 2.686983e+00 1.587500e+00
      vertex   6.561919e+00 2.686983e+00 1.004311e+00
    endloop
  endfacet
  facet normal 9.737070e-01 2.278040e-01 1.135987e-15
    outer loop
      vertex   6.561919e+00 2.686983e+00 1.004311e+00
      vertex   6.561919e+00 2.686983e+00 1.587500e+00
      vertex   6.620409e+00 2.436975e+00 1.587500e+00
    endloop
  endfacet
  facet normal 9.737070e-01 2.278040e-01 2.925107e-15
    outer loop
      vertex   6.561919e+00 2.686983e+00 1.004311e+00
      vertex   6.620409e+00 2.436975e+00 1.587500e+00
      vertex   6.620409e+00 2.436975e+00 9.615595e-01
    endloop
  endfacet
  facet normal 9.905078e-01 1.374565e-01 2.908484e-15
    outer loop
      vertex   6.620409e+00 2.436975e+00 9.615595e-01
      vertex   6.620409e+00 2.436975e+00 1.587500e+00
      vertex   6.655702e+00 2.182654e+00 1.587500e+00
    endloop
  endfacet
  facet normal 9.905078e-01 1.374565e-01 -1.206737e-15
    outer loop
      vertex   6.620409e+00 2.436975e+00 9.615595e-01
      vertex   6.655702e+00 2.182654e+00 1.587500e+00
      vertex   6.655702e+00 2.182654e+00 9.100486e-01
    endloop
  endfacet
  facet normal 9.989438e-01 4.594818e-02 -1.279553e-15
    outer loop
      vertex   6.655702e+00 2.182654e+00 9.100486e-01
      vertex   6.655702e+00 2.182654e+00 1.587500e+00
      vertex   6.667500e+00 1.926167e+00 1.587500e+00
    endloop
  endfacet
  facet normal 9.989438e-01 4.594818e-02 0.000000e+00
    outer loop
      vertex   6.655702e+00 2.182654e+00 9.100486e-01
      vertex   6.667500e+00 1.926167e+00 1.587500e+00
      vertex   6.667500e+00 1.926167e+00 8.502137e-01
    endloop
  endfacet
  facet normal 8.000000e-01 6.000000e-01 0.000000e+00
    outer loop
      vertex   6.108700e+00 3.602567e+00 1.587500e+00
      vertex   6.108700e+00 3.602567e+00 1.081676e+00
      vertex   3.695700e+00 6.819900e+00 1.587500e+00
    endloop
  endfacet
  facet normal 8.000000e-01 6.000000e-01 1.053543e-15
    outer loop
      vertex   3.695700e+00 6.819900e+00 1.587500e+00
      vertex   6.108700e+00 3.602567e+00 1.081676e+00
      vertex   3.695700e+00 6.819900e+00 1.081676e+00
    endloop
  endfacet
  facet normal 3.061467e-01 2.296101e-01 -9.238795e-01
    outer loop
      vertex   6.253154e+00 3.390298e+00 1.076790e+00
      vertex   6.667500e+00 1.926167e+00 8.502137e-01
      vertex   6.108700e+00 3.602567e+00 1.081676e+00
    endloop
  endfacet
  facet normal 3.061467e-01 2.296101e-01 -9.238795e-01
    outer loop
      vertex   6.108700e+00 3.602567e+00 1.081676e+00
      vertex   6.667500e+00 1.926167e+00 8.502137e-01
      vertex   6.667500e+00 7.408333e-01 5.556250e-01
    endloop
  endfacet
  facet normal 3.061467e-01 2.296101e-01 -9.238795e-01
    outer loop
      vertex   6.108700e+00 3.602567e+00 1.081676e+00
      vertex   6.667500e+00 7.408333e-01 5.556250e-01
      vertex   3.695700e+00 6.819900e+00 1.081676e+00
    endloop
  endfacet
  facet normal 3.061467e-01 2.296101e-01 -9.238795e-01
    outer loop
      vertex   3.695700e+00 6.819900e+00 1.081676e+00
      vertex   6.667500e+00 7.408333e-01 5.556250e-01
      vertex   1.270000e+00 7.937500e+00 5.556250e-01
    endloop
  endfacet
  facet normal 3.061467e-01 2.296101e-01 -9.238795e-01
    outer loop
      vertex   3.695700e+00 6.819900e+00 1.081676e+00
      vertex   1.270000e+00 7.937500e+00 5.556250e-01
      vertex   1.460500e+00 7.937500e+00 6.187511e-01
    endloop
  endfacet
  facet normal 3.061467e-01 2.296101e-01 -9.238795e-01
    outer loop
      vertex   6.253154e+00 3.390298e+00 1.076790e+00
      vertex   6.377513e+00 3.165665e+00 1.062171e+00
      vertex   6.667500e+00 1.926167e+00 8.502137e-01
    endloop
  endfacet
  facet normal 3.061467e-01 2.296101e-01 -9.238795e-01
    outer loop
      vertex   6.667500e+00 1.926167e+00 8.502137e-01
      vertex   6.377513e+00 3.165665e+00 1.062171e+00
      vertex   6.480725e+00 2.930565e+00 1.037943e+00
    endloop
  endfacet
  facet normal 3.061467e-01 2.296101e-01 -9.238795e-01
    outer loop
      vertex   6.667500e+00 1.926167e+00 8.502137e-01
      vertex   6.480725e+00 2.930565e+00 1.037943e+00
      vertex   6.561919e+00 2.686983e+00 1.004311e+00
    endloop
  endfacet
  facet normal 3.061467e-01 2.296101e-01 -9.238795e-01
    outer loop
      vertex   6.620409e+00 2.436975e+00 9.615595e-01
      vertex   6.655702e+00 2.182654e+00 9.100486e-01
      vertex   6.561919e+00 2.686983e+00 1.004311e+00
    endloop
  endfacet
  facet normal 3.061467e-01 2.296101e-01 -9.238795e-01
    outer loop
      vertex   6.561919e+00 2.686983e+00 1.004311e+00
      vertex   6.655702e+00 2.182654e+00 9.100486e-01
      vertex   6.667500e+00 1.926167e+00 8.502137e-01
    endloop
  endfacet
  facet normal 3.061467e-01 2.296101e-01 -9.238795e-01
    outer loop
      vertex   1.460500e+00 7.937500e+00 6.187511e-01
      vertex   1.695754e+00 7.927578e+00 6.942417e-01
      vertex   3.695700e+00 6.819900e+00 1.081676e+00
    endloop
  endfacet
  facet normal 3.061467e-01 2.296101e-01 -9.238795e-01
    outer loop
      vertex   3.695700e+00 6.819900e+00 1.081676e+00
      vertex   1.695754e+00 7.927578e+00 6.942417e-01
      vertex   1.929337e+00 7.897883e+00 7.642643e-01
    endloop
  endfacet
  facet normal 3.061467e-01 2.296101e-01 -9.238795e-01
    outer loop
      vertex   3.695700e+00 6.819900e+00 1.081676e+00
      vertex   1.929337e+00 7.897883e+00 7.642643e-01
      vertex   2.159591e+00 7.848626e+00 8.283219e-01
    endloop
  endfacet
  facet normal 3.061467e-01 2.296101e-01 -9.238795e-01
    outer loop
      vertex   2.159591e+00 7.848626e+00 8.283219e-01
      vertex   2.384879e+00 7.780157e+00 8.859593e-01
      vertex   3.695700e+00 6.819900e+00 1.081676e+00
    endloop
  endfacet
  facet normal 3.061467e-01 2.296101e-01 -9.238795e-01
    outer loop
      vertex   3.695700e+00 6.819900e+00 1.081676e+00
      vertex   2.384879e+00 7.780157e+00 8.859593e-01
      vertex   2.603603e+00 7.692961e+00 9.367673e-01
    endloop
  endfacet
  facet normal 3.061467e-01 2.296101e-01 -9.238795e-01
    outer loop
      vertex   3.695700e+00 6.819900e+00 1.081676e+00
      vertex   2.603603e+00 7.692961e+00 9.367673e-01
      vertex   2.814207e+00 7.587659e+00 9.803849e-01
    endloop
  endfacet
  facet normal 3.061467e-01 2.296101e-01 -9.238795e-01
    outer loop
      vertex   2.814207e+00 7.587659e+00 9.803849e-01
      vertex   3.015198e+00 7.464998e+00 1.016503e+00
      vertex   3.695700e+00 6.819900e+00 1.081676e+00
    endloop
  endfacet
  facet normal 3.061467e-01 2.296101e-01 -9.238795e-01
    outer loop
      vertex   3.695700e+00 6.819900e+00 1.081676e+00
      vertex   3.015198e+00 7.464998e+00 1.016503e+00
      vertex   3.205146e+00 7.325848e+00 1.044864e+00
    endloop
  endfacet
  facet normal 3.061467e-01 2.296101e-01 -9.238795e-01
    outer loop
      vertex   3.695700e+00 6.819900e+00 1.081676e+00
      vertex   3.205146e+00 7.325848e+00 1.044864e+00
      vertex   3.382704e+00 7.171200e+00 1.065266e+00
    endloop
  endfacet
  facet normal 3.061467e-01 2.296101e-01 -9.238795e-01
    outer loop
      vertex   3.382704e+00 7.171200e+00 1.065266e+00
      vertex   3.546610e+00 7.002150e+00 1.077566e+00
      vertex   3.695700e+00 6.819900e+00 1.081676e+00
    endloop
  endfacet
  facet normal 4.213730e-02 9.991118e-01 -0.000000e+00
    outer loop
      vertex   1.460500e+00 7.937500e+00 6.187511e-01
      vertex   1.460500e+00 7.937500e+00 1.587500e+00
      vertex   1.695754e+00 7.927578e+00 6.942417e-01
    endloop
  endfacet
  facet normal 4.634812e-02 9.989247e-01 1.111066e-03
    outer loop
      vertex   1.695754e+00 7.927578e+00 6.942417e-01
      vertex   1.460500e+00 7.937500e+00 1.587500e+00
      vertex   1.719215e+00 7.925496e+00 1.587500e+00
    endloop
  endfacet
  facet normal 1.264099e-01 9.919776e-01 -1.007913e-03
    outer loop
      vertex   1.695754e+00 7.927578e+00 6.942417e-01
      vertex   1.719215e+00 7.925496e+00 1.587500e+00
      vertex   1.929337e+00 7.897883e+00 7.642643e-01
    endloop
  endfacet
  facet normal 1.386459e-01 9.903396e-01 2.170127e-03
    outer loop
      vertex   1.929337e+00 7.897883e+00 7.642643e-01
      vertex   1.719215e+00 7.925496e+00 1.587500e+00
      vertex   1.975707e+00 7.889588e+00 1.587500e+00
    endloop
  endfacet
  facet normal 2.097132e-01 9.777610e-01 -1.959586e-03
    outer loop
      vertex   1.929337e+00 7.897883e+00 7.642643e-01
      vertex   1.975707e+00 7.889588e+00 1.587500e+00
      vertex   2.159591e+00 7.848626e+00 8.283219e-01
    endloop
  endfacet
  facet normal 2.297518e-01 9.732442e-01 3.137752e-03
    outer loop
      vertex   2.159591e+00 7.848626e+00 8.283219e-01
      vertex   1.975707e+00 7.889588e+00 1.587500e+00
      vertex   2.227772e+00 7.830083e+00 1.587500e+00
    endloop
  endfacet
  facet normal 2.914431e-01 9.565841e-01 -2.809639e-03
    outer loop
      vertex   2.159591e+00 7.848626e+00 8.283219e-01
      vertex   2.227772e+00 7.830083e+00 1.587500e+00
      vertex   2.384879e+00 7.780157e+00 8.859593e-01
    endloop
  endfacet
  facet normal 3.188830e-01 9.477858e-01 3.961551e-03
    outer loop
      vertex   2.384879e+00 7.780157e+00 8.859593e-01
      vertex   2.227772e+00 7.830083e+00 1.587500e+00
      vertex   2.473245e+00 7.747494e+00 1.587500e+00
    endloop
  endfacet
  facet normal 3.710135e-01 9.286209e-01 -3.497051e-03
    outer loop
      vertex   2.384879e+00 7.780157e+00 8.859593e-01
      vertex   2.473245e+00 7.747494e+00 1.587500e+00
      vertex   2.603603e+00 7.692961e+00 9.367673e-01
    endloop
  endfacet
  facet normal 4.052737e-01 9.141839e-01 4.575965e-03
    outer loop
      vertex   2.603603e+00 7.692961e+00 9.367673e-01
      vertex   2.473245e+00 7.747494e+00 1.587500e+00
      vertex   2.710015e+00 7.642530e+00 1.587500e+00
    endloop
  endfacet
  facet normal 4.478637e-01 8.940931e-01 -3.945674e-03
    outer loop
      vertex   2.603603e+00 7.692961e+00 9.367673e-01
      vertex   2.710015e+00 7.642530e+00 1.587500e+00
      vertex   2.814207e+00 7.587659e+00 9.803849e-01
    endloop
  endfacet
  facet normal 4.881822e-01 8.727280e-01 4.904714e-03
    outer loop
      vertex   2.814207e+00 7.587659e+00 9.803849e-01
      vertex   2.710015e+00 7.642530e+00 1.587500e+00
      vertex   2.936048e+00 7.516092e+00 1.587500e+00
    endloop
  endfacet
  facet normal 5.214644e-01 8.532633e-01 -4.069141e-03
    outer loop
      vertex   2.814207e+00 7.587659e+00 9.803849e-01
      vertex   2.936048e+00 7.516092e+00 1.587500e+00
      vertex   3.015198e+00 7.464998e+00 1.016503e+00
    endloop
  endfacet
  facet normal 5.668966e-01 8.237746e-01 4.867233e-03
    outer loop
      vertex   3.015198e+00 7.464998e+00 1.016503e+00
      vertex   2.936048e+00 7.516092e+00 1.587500e+00
      vertex   3.149403e+00 7.369268e+00 1.587500e+00
    endloop
  endfacet
  facet normal 5.913219e-01 8.064268e-01 -3.782022e-03
    outer loop
      vertex   3.015198e+00 7.464998e+00 1.016503e+00
      vertex   3.149403e+00 7.369268e+00 1.587500e+00
      vertex   3.205146e+00 7.325848e+00 1.044864e+00
    endloop
  endfacet
  facet normal 6.407413e-01 7.677443e-01 4.389866e-03
    outer loop
      vertex   3.205146e+00 7.325848e+00 1.044864e+00
      vertex   3.149403e+00 7.369268e+00 1.587500e+00
      vertex   3.348246e+00 7.203318e+00 1.587500e+00
    endloop
  endfacet
  facet normal 6.569784e-01 7.539034e-01 -3.017405e-03
    outer loop
      vertex   3.205146e+00 7.325848e+00 1.044864e+00
      vertex   3.348246e+00 7.203318e+00 1.587500e+00
      vertex   3.382704e+00 7.171200e+00 1.065266e+00
    endloop
  endfacet
  facet normal 7.090817e-01 7.051180e-01 3.420920e-03
    outer loop
      vertex   3.382704e+00 7.171200e+00 1.065266e+00
      vertex   3.348246e+00 7.203318e+00 1.587500e+00
      vertex   3.530868e+00 7.019670e+00 1.587500e+00
    endloop
  endfacet
  facet normal 7.180076e-01 6.960331e-01 -1.747528e-03
    outer loop
      vertex   3.382704e+00 7.171200e+00 1.065266e+00
      vertex   3.530868e+00 7.019670e+00 1.587500e+00
      vertex   3.546610e+00 7.002150e+00 1.077566e+00
    endloop
  endfacet
  facet normal 7.713299e-01 6.364325e-01 1.946269e-03
    outer loop
      vertex   3.546610e+00 7.002150e+00 1.077566e+00
      vertex   3.530868e+00 7.019670e+00 1.587500e+00
      vertex   3.695700e+00 6.819900e+00 1.587500e+00
    endloop
  endfacet
  facet normal 7.740071e-01 6.331769e-01 1.106933e-15
    outer loop
      vertex   3.546610e+00 7.002150e+00 1.077566e+00
      vertex   3.695700e+00 6.819900e+00 1.587500e+00
      vertex   3.695700e+00 6.819900e+00 1.081676e+00
    endloop
  endfacet
  facet normal 0.000000e+00 1.000000e+00 -0.000000e+00
    outer loop
      vertex   1.460500e+00 7.937500e+00 6.187511e-01
      vertex   1.270000e+00 7.937500e+00 5.556250e-01
      vertex   1.460500e+00 7.937500e+00 1.587500e+00
    endloop
  endfacet
  facet normal 0.000000e+00 1.000000e+00 0.000000e+00
    outer loop
      vertex   1.460500e+00 7.937500e+00 1.587500e+00
      vertex   1.270000e+00 7.937500e+00 5.556250e-01
      vertex   -1.460500e+00 7.937500e+00 1.587500e+00
    endloop
  endfacet
  facet normal 0.000000e+00 1.000000e+00 0.000000e+00
    outer loop
      vertex   -1.460500e+00 7.937500e+00 1.587500e+00
      vertex   1.270000e+00 7.937500e+00 5.556250e-01
      vertex   -1.270000e+00 7.937500e+00 5.556250e-01
    endloop
  endfacet
  facet normal 0.000000e+00 1.000000e+00 0.000000e+00
    outer loop
      vertex   -1.460500e+00 7.937500e+00 1.587500e+00
      vertex   -1.270000e+00 7.937500e+00 5.556250e-01
      vertex   -1.460500e+00 7.937500e+00 6.187511e-01
    endloop
  endfacet
  facet normal 0.000000e+00 1.000000e+00 0.000000e+00
    outer loop
      vertex   1.270000e+00 7.937500e+00 5.556250e-01
      vertex   1.270000e+00 7.937500e+00 -5.556250e-01
      vertex   -1.270000e+00 7.937500e+00 5.556250e-01
    endloop
  endfacet
  facet normal 0.000000e+00 1.000000e+00 0.000000e+00
    outer loop
      vertex   -1.270000e+00 7.937500e+00 5.556250e-01
      vertex   1.270000e+00 7.937500e+00 -5.556250e-01
      vertex   -1.270000e+00 7.937500e+00 -5.556250e-01
    endloop
  endfacet
  facet normal -0.000000e+00 1.000000e+00 0.000000e+00
    outer loop
      vertex   -1.270000e+00 7.937500e+00 -5.556250e-01
      vertex   1.270000e+00 7.937500e+00 -5.556250e-01
      vertex   -1.460500e+00 7.937500e+00 -1.587500e+00
    endloop
  endfacet
  facet normal 0.000000e+00 1.000000e+00 0.000000e+00
    outer loop
      vertex   -1.270000e+00 7.937500e+00 -5.556250e-01
      vertex   -1.460500e+00 7.937500e+00 -1.587500e+00
      vertex   -1.460500e+00 7.937500e+00 -6.187511e-01
    endloop
  endfacet
  facet normal 0.000000e+00 1.000000e+00 0.000000e+00
    outer loop
      vertex   1.460500e+00 7.937500e+00 -6.187511e-01
      vertex   1.460500e+00 7.937500e+00 -1.587500e+00
      vertex   1.270000e+00 7.937500e+00 -5.556250e-01
    endloop
  endfacet
  facet normal 0.000000e+00 1.000000e+00 0.000000e+00
    outer loop
      vertex   1.270000e+00 7.937500e+00 -5.556250e-01
      vertex   1.460500e+00 7.937500e+00 -1.587500e+00
      vertex   -1.460500e+00 7.937500e+00 -1.587500e+00
    endloop
  endfacet
  facet normal 7.740071e-01 6.331769e-01 -1.111798e-15
    outer loop
      vertex   3.695700e+00 6.819900e+00 -1.081676e+00
      vertex   3.695700e+00 6.819900e+00 -1.587500e+00
      vertex   3.546610e+00 7.002150e+00 -1.077566e+00
    endloop
  endfacet
  facet normal 7.713299e-01 6.364325e-01 -1.946269e-03
    outer loop
      vertex   3.546610e+00 7.002150e+00 -1.077566e+00
      vertex   3.695700e+00 6.819900e+00 -1.587500e+00
      vertex   3.530868e+00 7.019670e+00 -1.587500e+00
    endloop
  endfacet
  facet normal 7.180076e-01 6.960331e-01 1.747528e-03
    outer loop
      vertex   3.546610e+00 7.002150e+00 -1.077566e+00
      vertex   3.530868e+00 7.019670e+00 -1.587500e+00
      vertex   3.382704e+00 7.171200e+00 -1.065266e+00
    endloop
  endfacet
  facet normal 7.090817e-01 7.051180e-01 -3.420920e-03
    outer loop
      vertex   3.382704e+00 7.171200e+00 -1.065266e+00
      vertex   3.530868e+00 7.019670e+00 -1.587500e+00
      vertex   3.348246e+00 7.203318e+00 -1.587500e+00
    endloop
  endfacet
  facet normal 6.569784e-01 7.539034e-01 3.017405e-03
    outer loop
      vertex   3.382704e+00 7.171200e+00 -1.065266e+00
      vertex   3.348246e+00 7.203318e+00 -1.587500e+00
      vertex   3.205146e+00 7.325848e+00 -1.044864e+00
    endloop
  endfacet
  facet normal 6.407413e-01 7.677443e-01 -4.389866e-03
    outer loop
      vertex   3.205146e+00 7.325848e+00 -1.044864e+00
      vertex   3.348246e+00 7.203318e+00 -1.587500e+00
      vertex   3.149403e+00 7.369268e+00 -1.587500e+00
    endloop
  endfacet
  facet normal 5.913219e-01 8.064268e-01 3.782022e-03
    outer loop
      vertex   3.205146e+00 7.325848e+00 -1.044864e+00
      vertex   3.149403e+00 7.369268e+00 -1.587500e+00
      vertex   3.015198e+00 7.464998e+00 -1.016503e+00
    endloop
  endfacet
  facet normal 5.668966e-01 8.237746e-01 -4.867233e-03
    outer loop
      vertex   3.015198e+00 7.464998e+00 -1.016503e+00
      vertex   3.149403e+00 7.369268e+00 -1.587500e+00
      vertex   2.936048e+00 7.516092e+00 -1.587500e+00
    endloop
  endfacet
  facet normal 5.214644e-01 8.532633e-01 4.069141e-03
    outer loop
      vertex   3.015198e+00 7.464998e+00 -1.016503e+00
      vertex   2.936048e+00 7.516092e+00 -1.587500e+00
      vertex   2.814207e+00 7.587659e+00 -9.803849e-01
    endloop
  endfacet
  facet normal 4.881822e-01 8.727280e-01 -4.904714e-03
    outer loop
      vertex   2.814207e+00 7.587659e+00 -9.803849e-01
      vertex   2.936048e+00 7.516092e+00 -1.587500e+00
      vertex   2.710015e+00 7.642530e+00 -1.587500e+00
    endloop
  endfacet
  facet normal 4.478637e-01 8.940931e-01 3.945674e-03
    outer loop
      vertex   2.814207e+00 7.587659e+00 -9.803849e-01
      vertex   2.710015e+00 7.642530e+00 -1.587500e+00
      vertex   2.603603e+00 7.692961e+00 -9.367673e-01
    endloop
  endfacet
  facet normal 4.052737e-01 9.141839e-01 -4.575965e-03
    outer loop
      vertex   2.603603e+00 7.692961e+00 -9.367673e-01
      vertex   2.710015e+00 7.642530e+00 -1.587500e+00
      vertex   2.473245e+00 7.747494e+00 -1.587500e+00
    endloop
  endfacet
  facet normal 3.710135e-01 9.286209e-01 3.497051e-03
    outer loop
      vertex   2.603603e+00 7.692961e+00 -9.367673e-01
      vertex   2.473245e+00 7.747494e+00 -1.587500e+00
      vertex   2.384879e+00 7.780157e+00 -8.859593e-01
    endloop
  endfacet
  facet normal 3.188830e-01 9.477858e-01 -3.961551e-03
    outer loop
      vertex   2.384879e+00 7.780157e+00 -8.859593e-01
      vertex   2.473245e+00 7.747494e+00 -1.587500e+00
      vertex   2.227772e+00 7.830083e+00 -1.587500e+00
    endloop
  endfacet
  facet normal 2.914431e-01 9.565841e-01 2.809639e-03
    outer loop
      vertex   2.384879e+00 7.780157e+00 -8.859593e-01
      vertex   2.227772e+00 7.830083e+00 -1.587500e+00
      vertex   2.159591e+00 7.848626e+00 -8.283219e-01
    endloop
  endfacet
  facet normal 2.297518e-01 9.732442e-01 -3.137752e-03
    outer loop
      vertex   2.159591e+00 7.848626e+00 -8.283219e-01
      vertex   2.227772e+00 7.830083e+00 -1.587500e+00
      vertex   1.975707e+00 7.889588e+00 -1.587500e+00
    endloop
  endfacet
  facet normal 2.097132e-01 9.777610e-01 1.959586e-03
    outer loop
      vertex   2.159591e+00 7.848626e+00 -8.283219e-01
      vertex   1.975707e+00 7.889588e+00 -1.587500e+00
      vertex   1.929337e+00 7.897883e+00 -7.642643e-01
    endloop
  endfacet
  facet normal 1.386459e-01 9.903396e-01 -2.170127e-03
    outer loop
      vertex   1.929337e+00 7.897883e+00 -7.642643e-01
      vertex   1.975707e+00 7.889588e+00 -1.587500e+00
      vertex   1.719215e+00 7.925496e+00 -1.587500e+00
    endloop
  endfacet
  facet normal 1.264099e-01 9.919776e-01 1.007913e-03
    outer loop
      vertex   1.929337e+00 7.897883e+00 -7.642643e-01
      vertex   1.719215e+00 7.925496e+00 -1.587500e+00
      vertex   1.695754e+00 7.927578e+00 -6.942417e-01
    endloop
  endfacet
  facet normal 4.634812e-02 9.989247e-01 -1.111066e-03
    outer loop
      vertex   1.695754e+00 7.927578e+00 -6.942417e-01
      vertex   1.719215e+00 7.925496e+00 -1.587500e+00
      vertex   1.460500e+00 7.937500e+00 -1.587500e+00
    endloop
  endfacet
  facet normal 4.213730e-02 9.991118e-01 0.000000e+00
    outer loop
      vertex   1.695754e+00 7.927578e+00 -6.942417e-01
      vertex   1.460500e+00 7.937500e+00 -1.587500e+00
      vertex   1.460500e+00 7.937500e+00 -6.187511e-01
    endloop
  endfacet
  facet normal -4.213730e-02 9.991118e-01 0.000000e+00
    outer loop
      vertex   -1.460500e+00 7.937500e+00 -6.187511e-01
      vertex   -1.460500e+00 7.937500e+00 -1.587500e+00
      vertex   -1.695754e+00 7.927578e+00 -6.942417e-01
    endloop
  endfacet
  facet normal -4.634812e-02 9.989247e-01 -1.111066e-03
    outer loop
      vertex   -1.695754e+00 7.927578e+00 -6.942417e-01
      vertex   -1.460500e+00 7.937500e+00 -1.587500e+00
      vertex   -1.719215e+00 7.925496e+00 -1.587500e+00
    endloop
  endfacet
  facet normal -1.264099e-01 9.919776e-01 1.007913e-03
    outer loop
      vertex   -1.695754e+00 7.927578e+00 -6.942417e-01
      vertex   -1.719215e+00 7.925496e+00 -1.587500e+00
      vertex   -1.929337e+00 7.897883e+00 -7.642643e-01
    endloop
  endfacet
  facet normal -1.386459e-01 9.903396e-01 -2.170127e-03
    outer loop
      vertex   -1.929337e+00 7.897883e+00 -7.642643e-01
      vertex   -1.719215e+00 7.925496e+00 -1.587500e+00
      vertex   -1.975707e+00 7.889588e+00 -1.587500e+00
    endloop
  endfacet
  facet normal -2.097132e-01 9.777610e-01 1.959586e-03
    outer loop
      vertex   -1.929337e+00 7.897883e+00 -7.642643e-01
      vertex   -1.975707e+00 7.889588e+00 -1.587500e+00
      vertex   -2.159591e+00 7.848626e+00 -8.283219e-01
    endloop
  endfacet
  facet normal -2.297518e-01 9.732442e-01 -3.137752e-03
    outer loop
      vertex   -2.159591e+00 7.848626e+00 -8.283219e-01
      vertex   -1.975707e+00 7.889588e+00 -1.587500e+00
      vertex   -2.227772e+00 7.830083e+00 -1.587500e+00
    endloop
  endfacet
  facet normal -2.914431e-01 9.565841e-01 2.809639e-03
    outer loop
      vertex   -2.159591e+00 7.848626e+00 -8.283219e-01
      vertex   -2.227772e+00 7.830083e+00 -1.587500e+00
      vertex   -2.384879e+00 7.780157e+00 -8.859593e-01
    endloop
  endfacet
  facet normal -3.188830e-01 9.477858e-01 -3.961551e-03
    outer loop
      vertex   -2.384879e+00 7.780157e+00 -8.859593e-01
      vertex   -2.227772e+00 7.830083e+00 -1.587500e+00
      vertex   -2.473245e+00 7.747494e+00 -1.587500e+00
    endloop
  endfacet
  facet normal -3.710135e-01 9.286209e-01 3.497051e-03
    outer loop
      vertex   -2.384879e+00 7.780157e+00 -8.859593e-01
      vertex   -2.473245e+00 7.747494e+00 -1.587500e+00
      vertex   -2.603603e+00 7.692961e+00 -9.367673e-01
    endloop
  endfacet
  facet normal -4.052737e-01 9.141839e-01 -4.575965e-03
    outer loop
      vertex   -2.603603e+00 7.692961e+00 -9.367673e-01
      vertex   -2.473245e+00 7.747494e+00 -1.587500e+00
      vertex   -2.710015e+00 7.642530e+00 -1.587500e+00
    endloop
  endfacet
  facet normal -4.478637e-01 8.940931e-01 3.945674e-03
    outer loop
      vertex   -2.603603e+00 7.692961e+00 -9.367673e-01
      vertex   -2.710015e+00 7.642530e+00 -1.587500e+00
      vertex   -2.814207e+00 7.587659e+00 -9.803849e-01
    endloop
  endfacet
  facet normal -4.881822e-01 8.727280e-01 -4.904714e-03
    outer loop
      vertex   -2.814207e+00 7.587659e+00 -9.803849e-01
      vertex   -2.710015e+00 7.642530e+00 -1.587500e+00
      vertex   -2.936048e+00 7.516092e+00 -1.587500e+00
    endloop
  endfacet
  facet normal -5.214644e-01 8.532633e-01 4.069141e-03
    outer loop
      vertex   -2.814207e+00 7.587659e+00 -9.803849e-01
      vertex   -2.936048e+00 7.516092e+00 -1.587500e+00
      vertex   -3.015198e+00 7.464998e+00 -1.016503e+00
    endloop
  endfacet
  facet normal -5.668966e-01 8.237746e-01 -4.867233e-03
    outer loop
      vertex   -3.015198e+00 7.464998e+00 -1.016503e+00
      vertex   -2.936048e+00 7.516092e+00 -1.587500e+00
      vertex   -3.149403e+00 7.369268e+00 -1.587500e+00
    endloop
  endfacet
  facet normal -5.913219e-01 8.064268e-01 3.782022e-03
    outer loop
      vertex   -3.015198e+00 7.464998e+00 -1.016503e+00
      vertex   -3.149403e+00 7.369268e+00 -1.587500e+00
      vertex   -3.205146e+00 7.325848e+00 -1.044864e+00
    endloop
  endfacet
  facet normal -6.407413e-01 7.677443e-01 -4.389866e-03
    outer loop
      vertex   -3.205146e+00 7.325848e+00 -1.044864e+00
      vertex   -3.149403e+00 7.369268e+00 -1.587500e+00
      vertex   -3.348246e+00 7.203318e+00 -1.587500e+00
    endloop
  endfacet
  facet normal -6.569784e-01 7.539034e-01 3.017405e-03
    outer loop
      vertex   -3.205146e+00 7.325848e+00 -1.044864e+00
      vertex   -3.348246e+00 7.203318e+00 -1.587500e+00
      vertex   -3.382704e+00 7.171200e+00 -1.065266e+00
    endloop
  endfacet
  facet normal -7.090817e-01 7.051180e-01 -3.420920e-03
    outer loop
      vertex   -3.382704e+00 7.171200e+00 -1.065266e+00
      vertex   -3.348246e+00 7.203318e+00 -1.587500e+00
      vertex   -3.530868e+00 7.019670e+00 -1.587500e+00
    endloop
  endfacet
  facet normal -7.180076e-01 6.960331e-01 1.747528e-03
    outer loop
      vertex   -3.382704e+00 7.171200e+00 -1.065266e+00
      vertex   -3.530868e+00 7.019670e+00 -1.587500e+00
      vertex   -3.546610e+00 7.002150e+00 -1.077566e+00
    endloop
  endfacet
  facet normal -7.713299e-01 6.364325e-01 -1.946269e-03
    outer loop
      vertex   -3.546610e+00 7.002150e+00 -1.077566e+00
      vertex   -3.530868e+00 7.019670e+00 -1.587500e+00
      vertex   -3.695700e+00 6.819900e+00 -1.587500e+00
    endloop
  endfacet
  facet normal -7.740071e-01 6.331769e-01 -6.699860e-16
    outer loop
      vertex   -3.546610e+00 7.002150e+00 -1.077566e+00
      vertex   -3.695700e+00 6.819900e+00 -1.587500e+00
      vertex   -3.695700e+00 6.819900e+00 -1.081676e+00
    endloop
  endfacet
  facet normal -7.740071e-01 6.331769e-01 0.000000e+00
    outer loop
      vertex   -3.695700e+00 6.819900e+00 1.081676e+00
      vertex   -3.695700e+00 6.819900e+00 1.587500e+00
      vertex   -3.546610e+00 7.002150e+00 1.077566e+00
    endloop
  endfacet
  facet normal -7.713299e-01 6.364325e-01 1.946269e-03
    outer loop
      vertex   -3.546610e+00 7.002150e+00 1.077566e+00
      vertex   -3.695700e+00 6.819900e+00 1.587500e+00
      vertex   -3.530868e+00 7.019670e+00 1.587500e+00
    endloop
  endfacet
  facet normal -7.180076e-01 6.960331e-01 -1.747528e-03
    outer loop
      vertex   -3.546610e+00 7.002150e+00 1.077566e+00
      vertex   -3.530868e+00 7.019670e+00 1.587500e+00
      vertex   -3.382704e+00 7.171200e+00 1.065266e+00
    endloop
  endfacet
  facet normal -7.090817e-01 7.051180e-01 3.420920e-03
    outer loop
      vertex   -3.382704e+00 7.171200e+00 1.065266e+00
      vertex   -3.530868e+00 7.019670e+00 1.587500e+00
      vertex   -3.348246e+00 7.203318e+00 1.587500e+00
    endloop
  endfacet
  facet normal -6.569784e-01 7.539034e-01 -3.017405e-03
    outer loop
      vertex   -3.382704e+00 7.171200e+00 1.065266e+00
      vertex   -3.348246e+00 7.203318e+00 1.587500e+00
      vertex   -3.205146e+00 7.325848e+00 1.044864e+00
    endloop
  endfacet
  facet normal -6.407413e-01 7.677443e-01 4.389866e-03
    outer loop
      vertex   -3.205146e+00 7.325848e+00 1.044864e+00
      vertex   -3.348246e+00 7.203318e+00 1.587500e+00
      vertex   -3.149403e+00 7.369268e+00 1.587500e+00
    endloop
  endfacet
  facet normal -5.913219e-01 8.064268e-01 -3.782022e-03
    outer loop
      vertex   -3.205146e+00 7.325848e+00 1.044864e+00
      vertex   -3.149403e+00 7.369268e+00 1.587500e+00
      vertex   -3.015198e+00 7.464998e+00 1.016503e+00
    endloop
  endfacet
  facet normal -5.668966e-01 8.237746e-01 4.867233e-03
    outer loop
      vertex   -3.015198e+00 7.464998e+00 1.016503e+00
      vertex   -3.149403e+00 7.369268e+00 1.587500e+00
      vertex   -2.936048e+00 7.516092e+00 1.587500e+00
    endloop
  endfacet
  facet normal -5.214644e-01 8.532633e-01 -4.069141e-03
    outer loop
      vertex   -3.015198e+00 7.464998e+00 1.016503e+00
      vertex   -2.936048e+00 7.516092e+00 1.587500e+00
      vertex   -2.814207e+00 7.587659e+00 9.803849e-01
    endloop
  endfacet
  facet normal -4.881822e-01 8.727280e-01 4.904714e-03
    outer loop
      vertex   -2.814207e+00 7.587659e+00 9.803849e-01
      vertex   -2.936048e+00 7.516092e+00 1.587500e+00
      vertex   -2.710015e+00 7.642530e+00 1.587500e+00
    endloop
  endfacet
  facet normal -4.478637e-01 8.940931e-01 -3.945674e-03
    outer loop
      vertex   -2.814207e+00 7.587659e+00 9.803849e-01
      vertex   -2.710015e+00 7.642530e+00 1.587500e+00
      vertex   -2.603603e+00 7.692961e+00 9.367673e-01
    endloop
  endfacet
  facet normal -4.052737e-01 9.141839e-01 4.575965e-03
    outer loop
      vertex   -2.603603e+00 7.692961e+00 9.367673e-01
      vertex   -2.710015e+00 7.642530e+00 1.587500e+00
      vertex   -2.473245e+00 7.747494e+00 1.587500e+00
    endloop
  endfacet
  facet normal -3.710135e-01 9.286209e-01 -3.497051e-03
    outer loop
      vertex   -2.603603e+00 7.692961e+00 9.367673e-01
      vertex   -2.473245e+00 7.747494e+00 1.587500e+00
      vertex   -2.384879e+00 7.780157e+00 8.859593e-01
    endloop
  endfacet
  facet normal -3.188830e-01 9.477858e-01 3.961551e-03
    outer loop
      vertex   -2.384879e+00 7.780157e+00 8.859593e-01
      vertex   -2.473245e+00 7.747494e+00 1.587500e+00
      vertex   -2.227772e+00 7.830083e+00 1.587500e+00
    endloop
  endfacet
  facet normal -2.914431e-01 9.565841e-01 -2.809639e-03
    outer loop
      vertex   -2.384879e+00 7.780157e+00 8.859593e-01
      vertex   -2.227772e+00 7.830083e+00 1.587500e+00
      vertex   -2.159591e+00 7.848626e+00 8.283219e-01
    endloop
  endfacet
  facet normal -2.297518e-01 9.732442e-01 3.137752e-03
    outer loop
      vertex   -2.159591e+00 7.848626e+00 8.283219e-01
      vertex   -2.227772e+00 7.830083e+00 1.587500e+00
      vertex   -1.975707e+00 7.889588e+00 1.587500e+00
    endloop
  endfacet
  facet normal -2.097132e-01 9.777610e-01 -1.959586e-03
    outer loop
      vertex   -2.159591e+00 7.848626e+00 8.283219e-01
      vertex   -1.975707e+00 7.889588e+00 1.587500e+00
      vertex   -1.929337e+00 7.897883e+00 7.642643e-01
    endloop
  endfacet
  facet normal -1.386459e-01 9.903396e-01 2.170127e-03
    outer loop
      vertex   -1.929337e+00 7.897883e+00 7.642643e-01
      vertex   -1.975707e+00 7.889588e+00 1.587500e+00
      vertex   -1.719215e+00 7.925496e+00 1.587500e+00
    endloop
  endfacet
  facet normal -1.264099e-01 9.919776e-01 -1.007913e-03
    outer loop
      vertex   -1.929337e+00 7.897883e+00 7.642643e-01
      vertex   -1.719215e+00 7.925496e+00 1.587500e+00
      vertex   -1.695754e+00 7.927578e+00 6.942417e-01
    endloop
  endfacet
  facet normal -4.634812e-02 9.989247e-01 1.111066e-03
    outer loop
      vertex   -1.695754e+00 7.927578e+00 6.942417e-01
      vertex   -1.719215e+00 7.925496e+00 1.587500e+00
      vertex   -1.460500e+00 7.937500e+00 1.587500e+00
    endloop
  endfacet
  facet normal -4.213730e-02 9.991118e-01 0.000000e+00
    outer loop
      vertex   -1.695754e+00 7.927578e+00 6.942417e-01
      vertex   -1.460500e+00 7.937500e+00 1.587500e+00
      vertex   -1.460500e+00 7.937500e+00 6.187511e-01
    endloop
  endfacet
  facet normal -3.061467e-01 2.296101e-01 -9.238795e-01
    outer loop
      vertex   -6.655702e+00 2.182654e+00 9.100486e-01
      vertex   -6.561919e+00 2.686983e+00 1.004311e+00
      vertex   -6.667500e+00 1.926167e+00 8.502137e-01
    endloop
  endfacet
  facet normal -3.061467e-01 2.296101e-01 -9.238795e-01
    outer loop
      vertex   -6.667500e+00 1.926167e+00 8.502137e-01
      vertex   -6.561919e+00 2.686983e+00 1.004311e+00
      vertex   -6.480725e+00 2.930565e+00 1.037943e+00
    endloop
  endfacet
  facet normal -3.061467e-01 2.296101e-01 -9.238795e-01
    outer loop
      vertex   -6.667500e+00 1.926167e+00 8.502137e-01
      vertex   -6.480725e+00 2.930565e+00 1.037943e+00
      vertex   -6.377513e+00 3.165665e+00 1.062171e+00
    endloop
  endfacet
  facet normal -3.061467e-01 2.296101e-01 -9.238795e-01
    outer loop
      vertex   -6.655702e+00 2.182654e+00 9.100486e-01
      vertex   -6.620409e+00 2.436975e+00 9.615595e-01
      vertex   -6.561919e+00 2.686983e+00 1.004311e+00
    endloop
  endfacet
  facet normal -3.061467e-01 2.296101e-01 -9.238795e-01
    outer loop
      vertex   -6.377513e+00 3.165665e+00 1.062171e+00
      vertex   -6.253154e+00 3.390298e+00 1.076790e+00
      vertex   -6.667500e+00 1.926167e+00 8.502137e-01
    endloop
  endfacet
  facet normal -3.061467e-01 2.296101e-01 -9.238795e-01
    outer loop
      vertex   -6.667500e+00 1.926167e+00 8.502137e-01
      vertex   -6.253154e+00 3.390298e+00 1.076790e+00
      vertex   -6.108700e+00 3.602567e+00 1.081676e+00
    endloop
  endfacet
  facet normal -3.061467e-01 2.296101e-01 -9.238795e-01
    outer loop
      vertex   -6.667500e+00 1.926167e+00 8.502137e-01
      vertex   -6.108700e+00 3.602567e+00 1.081676e+00
      vertex   -6.667500e+00 7.408333e-01 5.556250e-01
    endloop
  endfacet
  facet normal -3.061467e-01 2.296101e-01 -9.238795e-01
    outer loop
      vertex   -6.667500e+00 7.408333e-01 5.556250e-01
      vertex   -6.108700e+00 3.602567e+00 1.081676e+00
      vertex   -3.695700e+00 6.819900e+00 1.081676e+00
    endloop
  endfacet
  facet normal -3.061467e-01 2.296101e-01 -9.238795e-01
    outer loop
      vertex   -6.667500e+00 7.408333e-01 5.556250e-01
      vertex   -3.695700e+00 6.819900e+00 1.081676e+00
      vertex   -1.270000e+00 7.937500e+00 5.556250e-01
    endloop
  endfacet
  facet normal -3.061467e-01 2.296101e-01 -9.238795e-01
    outer loop
      vertex   -1.270000e+00 7.937500e+00 5.556250e-01
      vertex   -3.695700e+00 6.819900e+00 1.081676e+00
      vertex   -1.460500e+00 7.937500e+00 6.187511e-01
    endloop
  endfacet
  facet normal -3.061467e-01 2.296101e-01 -9.238795e-01
    outer loop
      vertex   -1.460500e+00 7.937500e+00 6.187511e-01
      vertex   -3.695700e+00 6.819900e+00 1.081676e+00
      vertex   -1.695754e+00 7.927578e+00 6.942417e-01
    endloop
  endfacet
  facet normal -3.061467e-01 2.296101e-01 -9.238795e-01
    outer loop
      vertex   -1.695754e+00 7.927578e+00 6.942417e-01
      vertex   -3.695700e+00 6.819900e+00 1.081676e+00
      vertex   -1.929337e+00 7.897883e+00 7.642643e-01
    endloop
  endfacet
  facet normal -3.061467e-01 2.296101e-01 -9.238795e-01
    outer loop
      vertex   -1.929337e+00 7.897883e+00 7.642643e-01
      vertex   -3.695700e+00 6.819900e+00 1.081676e+00
      vertex   -2.159591e+00 7.848626e+00 8.283219e-01
    endloop
  endfacet
  facet normal -3.061467e-01 2.296101e-01 -9.238795e-01
    outer loop
      vertex   -2.159591e+00 7.848626e+00 8.283219e-01
      vertex   -3.695700e+00 6.819900e+00 1.081676e+00
      vertex   -2.384879e+00 7.780157e+00 8.859593e-01
    endloop
  endfacet
  facet normal -3.061467e-01 2.296101e-01 -9.238795e-01
    outer loop
      vertex   -2.384879e+00 7.780157e+00 8.859593e-01
      vertex   -3.695700e+00 6.819900e+00 1.081676e+00
      vertex   -2.603603e+00 7.692961e+00 9.367673e-01
    endloop
  endfacet
  facet normal -3.061467e-01 2.296101e-01 -9.238795e-01
    outer loop
      vertex   -2.603603e+00 7.692961e+00 9.367673e-01
      vertex   -3.695700e+00 6.819900e+00 1.081676e+00
      vertex   -2.814207e+00 7.587659e+00 9.803849e-01
    endloop
  endfacet
  facet normal -3.061467e-01 2.296101e-01 -9.238795e-01
    outer loop
      vertex   -2.814207e+00 7.587659e+00 9.803849e-01
      vertex   -3.695700e+00 6.819900e+00 1.081676e+00
      vertex   -3.015198e+00 7.464998e+00 1.016503e+00
    endloop
  endfacet
  facet normal -3.061467e-01 2.296101e-01 -9.238795e-01
    outer loop
      vertex   -3.015198e+00 7.464998e+00 1.016503e+00
      vertex   -3.695700e+00 6.819900e+00 1.081676e+00
      vertex   -3.205146e+00 7.325848e+00 1.044864e+00
    endloop
  endfacet
  facet normal -3.061467e-01 2.296101e-01 -9.238795e-01
    outer loop
      vertex   -3.205146e+00 7.325848e+00 1.044864e+00
      vertex   -3.695700e+00 6.819900e+00 1.081676e+00
      vertex   -3.382704e+00 7.171200e+00 1.065266e+00
    endloop
  endfacet
  facet normal -3.061467e-01 2.296101e-01 -9.238795e-01
    outer loop
      vertex   -3.382704e+00 7.171200e+00 1.065266e+00
      vertex   -3.695700e+00 6.819900e+00 1.081676e+00
      vertex   -3.546610e+00 7.002150e+00 1.077566e+00
    endloop
  endfacet
  facet normal -8.000000e-01 6.000000e-01 0.000000e+00
    outer loop
      vertex   -6.667500e+00 7.408333e-01 -5.556250e-01
      vertex   -6.667500e+00 7.408333e-01 5.556250e-01
      vertex   -1.270000e+00 7.937500e+00 -5.556250e-01
    endloop
  endfacet
  facet normal -8.000000e-01 6.000000e-01 0.000000e+00
    outer loop
      vertex   -1.270000e+00 7.937500e+00 -5.556250e-01
      vertex   -6.667500e+00 7.408333e-01 5.556250e-01
      vertex   -1.270000e+00 7.937500e+00 5.556250e-01
    endloop
  endfacet
  facet normal -8.000000e-01 -6.000000e-01 1.931495e-15
    outer loop
      vertex   -6.108700e+00 -3.602567e+00 -1.081676e+00
      vertex   -6.108700e+00 -3.602567e+00 -1.587500e+00
      vertex   -3.695700e+00 -6.819900e+00 -1.081676e+00
    endloop
  endfacet
  facet normal -8.000000e-01 -6.000000e-01 1.404724e-15
    outer loop
      vertex   -3.695700e+00 -6.819900e+00 -1.081676e+00
      vertex   -6.108700e+00 -3.602567e+00 -1.587500e+00
      vertex   -3.695700e+00 -6.819900e+00 -1.587500e+00
    endloop
  endfacet
  facet normal 8.000000e-01 6.000000e-01 0.000000e+00
    outer loop
      vertex   6.667500e+00 7.408333e-01 5.556250e-01
      vertex   6.667500e+00 7.408333e-01 -5.556250e-01
      vertex   1.270000e+00 7.937500e+00 5.556250e-01
    endloop
  endfacet
  facet normal 8.000000e-01 6.000000e-01 0.000000e+00
    outer loop
      vertex   1.270000e+00 7.937500e+00 5.556250e-01
      vertex   6.667500e+00 7.408333e-01 -5.556250e-01
      vertex   1.270000e+00 7.937500e+00 -5.556250e-01
    endloop
  endfacet
  facet normal 8.000000e-01 -6.000000e-01 0.000000e+00
    outer loop
      vertex   6.667500e+00 -7.408333e-01 -5.556250e-01
      vertex   6.667500e+00 -7.408333e-01 5.556250e-01
      vertex   1.270000e+00 -7.937500e+00 -5.556250e-01
    endloop
  endfacet
  facet normal 8.000000e-01 -6.000000e-01 0.000000e+00
    outer loop
      vertex   1.270000e+00 -7.937500e+00 -5.556250e-01
      vertex   6.667500e+00 -7.408333e-01 5.556250e-01
      vertex   1.270000e+00 -7.937500e+00 5.556250e-01
    endloop
  endfacet
  facet normal 8.000000e-01 -6.000000e-01 0.000000e+00
    outer loop
      vertex   3.695700e+00 -6.819900e+00 -1.081676e+00
      vertex   3.695700e+00 -6.819900e+00 -1.587500e+00
      vertex   6.108700e+00 -3.602567e+00 -1.081676e+00
    endloop
  endfacet
  facet normal 8.000000e-01 -6.000000e-01 5.267715e-16
    outer loop
      vertex   6.108700e+00 -3.602567e+00 -1.081676e+00
      vertex   3.695700e+00 -6.819900e+00 -1.587500e+00
      vertex   6.108700e+00 -3.602567e+00 -1.587500e+00
    endloop
  endfacet
  facet normal 8.000000e-01 6.000000e-01 -5.267715e-16
    outer loop
      vertex   6.108700e+00 3.602567e+00 -1.081676e+00
      vertex   6.108700e+00 3.602567e+00 -1.587500e+00
      vertex   3.695700e+00 6.819900e+00 -1.081676e+00
    endloop
  endfacet
  facet normal 8.000000e-01 6.000000e-01 -1.053543e-15
    outer loop
      vertex   3.695700e+00 6.819900e+00 -1.081676e+00
      vertex   6.108700e+00 3.602567e+00 -1.587500e+00
      vertex   3.695700e+00 6.819900e+00 -1.587500e+00
    endloop
  endfacet
  facet normal 8.000000e-01 -6.000000e-01 0.000000e+00
    outer loop
      vertex   3.695700e+00 -6.819900e+00 1.587500e+00
      vertex   3.695700e+00 -6.819900e+00 1.081676e+00
      vertex   6.108700e+00 -3.602567e+00 1.587500e+00
    endloop
  endfacet
  facet normal 8.000000e-01 -6.000000e-01 -5.267715e-16
    outer loop
      vertex   6.108700e+00 -3.602567e+00 1.587500e+00
      vertex   3.695700e+00 -6.819900e+00 1.081676e+00
      vertex   6.108700e+00 -3.602567e+00 1.081676e+00
    endloop
  endfacet
endsolid
