solid ASCII
  facet normal -0.000000e+00 9.923704e-01 1.232924e-01
    outer loop
      vertex   7.494626e-01 1.079275e+01 1.112943e+01
      vertex   9.419712e-01 1.078250e+01 1.121197e+01
      vertex   1.229264e+00 1.079275e+01 1.112943e+01
    endloop
  endfacet
  facet normal 5.909147e-02 9.445444e-01 3.230232e-01
    outer loop
      vertex   1.229264e+00 1.079275e+01 1.112943e+01
      vertex   9.419712e-01 1.078250e+01 1.121197e+01
      vertex   1.086314e+00 1.077168e+01 1.121719e+01
    endloop
  endfacet
  facet normal 5.909147e-02 9.445444e-01 3.230232e-01
    outer loop
      vertex   1.229264e+00 1.079275e+01 1.112943e+01
      vertex   1.086314e+00 1.077168e+01 1.121719e+01
      vertex   1.232049e+00 1.072899e+01 1.131538e+01
    endloop
  endfacet
  facet normal 1.273005e-01 9.646978e-01 2.305488e-01
    outer loop
      vertex   1.232049e+00 1.072899e+01 1.131538e+01
      vertex   1.086314e+00 1.077168e+01 1.121719e+01
      vertex   1.087043e+00 1.075062e+01 1.130495e+01
    endloop
  endfacet
  facet normal 1.273005e-01 9.646978e-01 2.305488e-01
    outer loop
      vertex   1.232049e+00 1.072899e+01 1.131538e+01
      vertex   1.087043e+00 1.075062e+01 1.130495e+01
      vertex   1.087771e+00 1.072955e+01 1.139270e+01
    endloop
  endfacet
  facet normal 1.273005e-01 9.646978e-01 2.305488e-01
    outer loop
      vertex   1.087771e+00 1.072955e+01 1.139270e+01
      vertex   1.087043e+00 1.075062e+01 1.130495e+01
      vertex   9.420365e-01 1.077224e+01 1.129451e+01
    endloop
  endfacet
  facet normal 2.034414e-01 9.716367e-01 1.205556e-01
    outer loop
      vertex   1.087771e+00 1.072955e+01 1.139270e+01
      vertex   9.420365e-01 1.077224e+01 1.129451e+01
      vertex   9.421017e-01 1.076199e+01 1.137706e+01
    endloop
  endfacet
  facet normal 1.378256e-01 9.829130e-01 1.220085e-01
    outer loop
      vertex   9.421017e-01 1.076199e+01 1.137706e+01
      vertex   9.420365e-01 1.077224e+01 1.129451e+01
      vertex   9.057850e-01 1.077765e+01 1.129191e+01
    endloop
  endfacet
  facet normal 2.071813e-01 9.740794e-01 9.080298e-02
    outer loop
      vertex   9.421017e-01 1.076199e+01 1.137706e+01
      vertex   9.057850e-01 1.077765e+01 1.129191e+01
      vertex   9.056843e-01 1.077010e+01 1.137314e+01
    endloop
  endfacet
  facet normal 1.404321e-01 9.858242e-01 9.181205e-02
    outer loop
      vertex   9.056843e-01 1.077010e+01 1.137314e+01
      vertex   9.057850e-01 1.077765e+01 1.129191e+01
      vertex   8.695335e-01 1.078306e+01 1.128930e+01
    endloop
  endfacet
  facet normal 2.108597e-01 9.756807e-01 5.987872e-02
    outer loop
      vertex   9.056843e-01 1.077010e+01 1.137314e+01
      vertex   8.695335e-01 1.078306e+01 1.128930e+01
      vertex   8.692669e-01 1.077821e+01 1.136923e+01
    endloop
  endfacet
  facet normal 1.429988e-01 9.878786e-01 6.039227e-02
    outer loop
      vertex   8.692669e-01 1.077821e+01 1.136923e+01
      vertex   8.695335e-01 1.078306e+01 1.128930e+01
      vertex   7.970304e-01 1.079387e+01 1.128408e+01
    endloop
  endfacet
  facet normal 2.179283e-01 9.759500e-01 -5.368231e-03
    outer loop
      vertex   8.692669e-01 1.077821e+01 1.136923e+01
      vertex   7.970304e-01 1.079387e+01 1.128408e+01
      vertex   7.964321e-01 1.079443e+01 1.136141e+01
    endloop
  endfacet
  facet normal 1.479393e-01 9.889782e-01 -6.003947e-03
    outer loop
      vertex   7.964321e-01 1.079443e+01 1.136141e+01
      vertex   7.970304e-01 1.079387e+01 1.128408e+01
      vertex   7.245274e-01 1.080469e+01 1.127887e+01
    endloop
  endfacet
  facet normal 2.244202e-01 9.716186e-01 -7.478586e-02
    outer loop
      vertex   7.964321e-01 1.079443e+01 1.136141e+01
      vertex   7.245274e-01 1.080469e+01 1.127887e+01
      vertex   7.235973e-01 1.081065e+01 1.135358e+01
    endloop
  endfacet
  facet normal 1.524847e-01 9.853192e-01 -7.677527e-02
    outer loop
      vertex   7.235973e-01 1.081065e+01 1.135358e+01
      vertex   7.245274e-01 1.080469e+01 1.127887e+01
      vertex   6.520244e-01 1.081550e+01 1.127365e+01
    endloop
  endfacet
  facet normal 2.300858e-01 9.618998e-01 -1.476800e-01
    outer loop
      vertex   7.235973e-01 1.081065e+01 1.135358e+01
      vertex   6.520244e-01 1.081550e+01 1.127365e+01
      vertex   6.507625e-01 1.082687e+01 1.134576e+01
    endloop
  endfacet
  facet normal 1.564552e-01 9.760433e-01 -1.511992e-01
    outer loop
      vertex   6.507625e-01 1.082687e+01 1.134576e+01
      vertex   6.520244e-01 1.081550e+01 1.127365e+01
      vertex   5.795214e-01 1.082631e+01 1.126843e+01
    endloop
  endfacet
  facet normal 2.346713e-01 9.461398e-01 -2.230445e-01
    outer loop
      vertex   6.507625e-01 1.082687e+01 1.134576e+01
      vertex   5.795214e-01 1.082631e+01 1.126843e+01
      vertex   5.779277e-01 1.084309e+01 1.133794e+01
    endloop
  endfacet
  facet normal 1.596667e-01 9.604295e-01 -2.282143e-01
    outer loop
      vertex   5.779277e-01 1.084309e+01 1.133794e+01
      vertex   5.795214e-01 1.082631e+01 1.126843e+01
      vertex   5.070183e-01 1.083713e+01 1.126322e+01
    endloop
  endfacet
  facet normal 2.379450e-01 9.239207e-01 -2.995875e-01
    outer loop
      vertex   5.779277e-01 1.084309e+01 1.133794e+01
      vertex   5.070183e-01 1.083713e+01 1.126322e+01
      vertex   5.050929e-01 1.085931e+01 1.133011e+01
    endloop
  endfacet
  facet normal 1.619508e-01 9.380095e-01 -3.064477e-01
    outer loop
      vertex   5.050929e-01 1.085931e+01 1.133011e+01
      vertex   5.070183e-01 1.083713e+01 1.126322e+01
      vertex   4.345153e-01 1.084794e+01 1.125800e+01
    endloop
  endfacet
  facet normal 2.397257e-01 8.951525e-01 -3.758106e-01
    outer loop
      vertex   5.050929e-01 1.085931e+01 1.133011e+01
      vertex   4.345153e-01 1.084794e+01 1.125800e+01
      vertex   4.322581e-01 1.087553e+01 1.132229e+01
    endloop
  endfacet
  facet normal 1.631759e-01 9.086726e-01 -3.843017e-01
    outer loop
      vertex   4.322581e-01 1.087553e+01 1.132229e+01
      vertex   4.345153e-01 1.084794e+01 1.125800e+01
      vertex   3.620123e-01 1.085876e+01 1.125279e+01
    endloop
  endfacet
  facet normal 2.399093e-01 8.601284e-01 -4.501363e-01
    outer loop
      vertex   4.322581e-01 1.087553e+01 1.132229e+01
      vertex   3.620123e-01 1.085876e+01 1.125279e+01
      vertex   3.594233e-01 1.089176e+01 1.131447e+01
    endloop
  endfacet
  facet normal 1.632673e-01 8.727290e-01 -4.600954e-01
    outer loop
      vertex   3.594233e-01 1.089176e+01 1.131447e+01
      vertex   3.620123e-01 1.085876e+01 1.125279e+01
      vertex   2.895093e-01 1.086957e+01 1.124757e+01
    endloop
  endfacet
  facet normal 2.384850e-01 8.195238e-01 -5.210621e-01
    outer loop
      vertex   3.594233e-01 1.089176e+01 1.131447e+01
      vertex   2.895093e-01 1.086957e+01 1.124757e+01
      vertex   2.865884e-01 1.090798e+01 1.130664e+01
    endloop
  endfacet
  facet normal 1.622195e-01 8.309091e-01 -5.322358e-01
    outer loop
      vertex   2.865884e-01 1.090798e+01 1.130664e+01
      vertex   2.895093e-01 1.086957e+01 1.124757e+01
      vertex   2.170063e-01 1.088038e+01 1.124236e+01
    endloop
  endfacet
  facet normal 2.355366e-01 7.743328e-01 -5.873084e-01
    outer loop
      vertex   2.865884e-01 1.090798e+01 1.130664e+01
      vertex   2.170063e-01 1.088038e+01 1.124236e+01
      vertex   2.137536e-01 1.092420e+01 1.129882e+01
    endloop
  endfacet
  facet normal 3.064229e-01 7.604997e-01 -5.724904e-01
    outer loop
      vertex   2.137536e-01 1.092420e+01 1.129882e+01
      vertex   2.170063e-01 1.088038e+01 1.124236e+01
      vertex   6.416779e-02 1.101127e+01 1.133442e+01
    endloop
  endfacet
  facet normal 3.064229e-01 7.604997e-01 -5.724904e-01
    outer loop
      vertex   2.137536e-01 1.092420e+01 1.129882e+01
      vertex   6.416779e-02 1.101127e+01 1.133442e+01
      vertex   2.105010e-01 1.096801e+01 1.135528e+01
    endloop
  endfacet
  facet normal 3.064229e-01 7.604997e-01 -5.724904e-01
    outer loop
      vertex   2.105010e-01 1.096801e+01 1.135528e+01
      vertex   6.416779e-02 1.101127e+01 1.133442e+01
      vertex   2.072484e-01 1.101183e+01 1.141174e+01
    endloop
  endfacet
  facet normal 3.720721e-01 7.435728e-01 -5.555734e-01
    outer loop
      vertex   2.105010e-01 1.096801e+01 1.135528e+01
      vertex   2.072484e-01 1.101183e+01 1.141174e+01
      vertex   2.807468e-01 1.098479e+01 1.142478e+01
    endloop
  endfacet
  facet normal 3.760962e-01 7.852033e-01 -4.919425e-01
    outer loop
      vertex   2.807468e-01 1.098479e+01 1.142478e+01
      vertex   2.072484e-01 1.101183e+01 1.141174e+01
      vertex   2.778259e-01 1.102320e+01 1.148385e+01
    endloop
  endfacet
  facet normal 4.364283e-01 7.640210e-01 -4.751865e-01
    outer loop
      vertex   2.807468e-01 1.098479e+01 1.142478e+01
      vertex   2.778259e-01 1.102320e+01 1.148385e+01
      vertex   3.516561e-01 1.099076e+01 1.149950e+01
    endloop
  endfacet
  facet normal 4.383566e-01 8.000210e-01 -4.096461e-01
    outer loop
      vertex   3.516561e-01 1.099076e+01 1.149950e+01
      vertex   2.778259e-01 1.102320e+01 1.148385e+01
      vertex   3.464780e-01 1.105676e+01 1.162286e+01
    endloop
  endfacet
  facet normal 5.417754e-01 7.503599e-01 -3.787340e-01
    outer loop
      vertex   3.516561e-01 1.099076e+01 1.149950e+01
      vertex   3.464780e-01 1.105676e+01 1.162286e+01
      vertex   4.209718e-01 1.101350e+01 1.164372e+01
    endloop
  endfacet
  facet normal 5.410357e-01 7.795348e-01 -3.156040e-01
    outer loop
      vertex   4.209718e-01 1.101350e+01 1.164372e+01
      vertex   3.464780e-01 1.105676e+01 1.162286e+01
      vertex   4.164572e-01 1.106869e+01 1.177229e+01
    endloop
  endfacet
  facet normal 6.231630e-01 7.263772e-01 -2.899034e-01
    outer loop
      vertex   4.209718e-01 1.101350e+01 1.164372e+01
      vertex   4.164572e-01 1.106869e+01 1.177229e+01
      vertex   4.916146e-01 1.101462e+01 1.179837e+01
    endloop
  endfacet
  facet normal 6.197399e-01 7.500612e-01 -2.309341e-01
    outer loop
      vertex   4.916146e-01 1.101462e+01 1.179837e+01
      vertex   4.164572e-01 1.106869e+01 1.177229e+01
      vertex   4.877636e-01 1.105899e+01 1.193216e+01
    endloop
  endfacet
  facet normal 6.844158e-01 6.976807e-01 -2.116994e-01
    outer loop
      vertex   4.916146e-01 1.101462e+01 1.179837e+01
      vertex   4.877636e-01 1.105899e+01 1.193216e+01
      vertex   5.635845e-01 1.099411e+01 1.196346e+01
    endloop
  endfacet
  facet normal 6.842678e-01 6.983585e-01 -2.099356e-01
    outer loop
      vertex   5.635845e-01 1.099411e+01 1.196346e+01
      vertex   4.877636e-01 1.105899e+01 1.193216e+01
      vertex   4.825724e-01 1.114493e+01 1.220110e+01
    endloop
  endfacet
  facet normal 6.842678e-01 6.983585e-01 -2.099356e-01
    outer loop
      vertex   5.635845e-01 1.099411e+01 1.196346e+01
      vertex   4.825724e-01 1.114493e+01 1.220110e+01
      vertex   6.394055e-01 1.092923e+01 1.199475e+01
    endloop
  endfacet
  facet normal 7.640607e-01 6.391913e-01 -8.743960e-02
    outer loop
      vertex   6.394055e-01 1.092923e+01 1.199475e+01
      vertex   4.825724e-01 1.114493e+01 1.220110e+01
      vertex   7.388958e-01 1.085749e+01 1.233973e+01
    endloop
  endfacet
  facet normal 6.576947e-01 7.525530e-01 -3.319218e-02
    outer loop
      vertex   6.394055e-01 1.092923e+01 1.199475e+01
      vertex   7.388958e-01 1.085749e+01 1.233973e+01
      vertex   7.152264e-01 1.086434e+01 1.202604e+01
    endloop
  endfacet
  facet normal 6.576947e-01 7.525530e-01 -3.319218e-02
    outer loop
      vertex   7.152264e-01 1.086434e+01 1.202604e+01
      vertex   7.388958e-01 1.085749e+01 1.233973e+01
      vertex   7.910473e-01 1.079946e+01 1.205734e+01
    endloop
  endfacet
  facet normal 6.615033e-01 7.481716e-01 -5.150371e-02
    outer loop
      vertex   7.152264e-01 1.086434e+01 1.202604e+01
      vertex   7.910473e-01 1.079946e+01 1.205734e+01
      vertex   7.170866e-01 1.085241e+01 1.187661e+01
    endloop
  endfacet
  facet normal 5.843008e-01 8.115360e-01 -1.344967e-03
    outer loop
      vertex   7.170866e-01 1.085241e+01 1.187661e+01
      vertex   7.910473e-01 1.079946e+01 1.205734e+01
      vertex   7.922439e-01 1.079834e+01 1.190269e+01
    endloop
  endfacet
  facet normal 5.959139e-01 8.010553e-01 -5.654271e-02
    outer loop
      vertex   7.170866e-01 1.085241e+01 1.187661e+01
      vertex   7.922439e-01 1.079834e+01 1.190269e+01
      vertex   7.189468e-01 1.084048e+01 1.172717e+01
    endloop
  endfacet
  facet normal 5.026389e-01 8.644932e-01 -2.359622e-03
    outer loop
      vertex   7.189468e-01 1.084048e+01 1.172717e+01
      vertex   7.922439e-01 1.079834e+01 1.190269e+01
      vertex   7.934406e-01 1.079723e+01 1.174804e+01
    endloop
  endfacet
  facet normal 5.140929e-01 8.554974e-01 -6.190820e-02
    outer loop
      vertex   7.189468e-01 1.084048e+01 1.172717e+01
      vertex   7.934406e-01 1.079723e+01 1.174804e+01
      vertex   7.208070e-01 1.082855e+01 1.157774e+01
    endloop
  endfacet
  facet normal 4.029052e-01 9.152350e-01 -3.498094e-03
    outer loop
      vertex   7.208070e-01 1.082855e+01 1.157774e+01
      vertex   7.934406e-01 1.079723e+01 1.174804e+01
      vertex   7.946372e-01 1.079611e+01 1.159339e+01
    endloop
  endfacet
  facet normal 4.133043e-01 9.080979e-01 -6.736275e-02
    outer loop
      vertex   7.208070e-01 1.082855e+01 1.157774e+01
      vertex   7.946372e-01 1.079611e+01 1.159339e+01
      vertex   7.217371e-01 1.082258e+01 1.150302e+01
    endloop
  endfacet
  facet normal 3.458542e-01 9.382793e-01 -4.106101e-03
    outer loop
      vertex   7.217371e-01 1.082258e+01 1.150302e+01
      vertex   7.946372e-01 1.079611e+01 1.159339e+01
      vertex   7.952355e-01 1.079555e+01 1.151606e+01
    endloop
  endfacet
  facet normal 3.552846e-01 9.321332e-01 -7.000411e-02
    outer loop
      vertex   7.217371e-01 1.082258e+01 1.150302e+01
      vertex   7.952355e-01 1.079555e+01 1.151606e+01
      vertex   7.226672e-01 1.081662e+01 1.142830e+01
    endloop
  endfacet
  facet normal 2.840891e-01 9.587862e-01 -4.732242e-03
    outer loop
      vertex   7.226672e-01 1.081662e+01 1.142830e+01
      vertex   7.952355e-01 1.079555e+01 1.151606e+01
      vertex   7.958338e-01 1.079499e+01 1.143873e+01
    endloop
  endfacet
  facet normal 2.922182e-01 9.535994e-01 -7.250315e-02
    outer loop
      vertex   7.226672e-01 1.081662e+01 1.142830e+01
      vertex   7.958338e-01 1.079499e+01 1.143873e+01
      vertex   7.235973e-01 1.081065e+01 1.135358e+01
    endloop
  endfacet
  facet normal 2.179283e-01 9.759500e-01 -5.368231e-03
    outer loop
      vertex   7.235973e-01 1.081065e+01 1.135358e+01
      vertex   7.958338e-01 1.079499e+01 1.143873e+01
      vertex   7.964321e-01 1.079443e+01 1.136141e+01
    endloop
  endfacet
  facet normal 0.000000e+00 9.491560e-01 -3.148062e-01
    outer loop
      vertex   2.696615e-01 1.079275e+01 1.112943e+01
      vertex   5.089438e-01 1.081494e+01 1.119632e+01
      vertex   7.494626e-01 1.079275e+01 1.112943e+01
    endloop
  endfacet
  facet normal 7.656872e-02 9.955522e-01 -5.489074e-02
    outer loop
      vertex   7.494626e-01 1.079275e+01 1.112943e+01
      vertex   5.089438e-01 1.081494e+01 1.119632e+01
      vertex   5.811151e-01 1.080953e+01 1.119893e+01
    endloop
  endfacet
  facet normal 7.656872e-02 9.955522e-01 -5.489074e-02
    outer loop
      vertex   7.494626e-01 1.079275e+01 1.112943e+01
      vertex   5.811151e-01 1.080953e+01 1.119893e+01
      vertex   6.532863e-01 1.080413e+01 1.120154e+01
    endloop
  endfacet
  facet normal 7.934905e-02 9.848884e-01 -1.539435e-01
    outer loop
      vertex   6.532863e-01 1.080413e+01 1.120154e+01
      vertex   5.811151e-01 1.080953e+01 1.119893e+01
      vertex   6.520244e-01 1.081550e+01 1.127365e+01
    endloop
  endfacet
  facet normal 1.564552e-01 9.760433e-01 -1.511992e-01
    outer loop
      vertex   6.532863e-01 1.080413e+01 1.120154e+01
      vertex   6.520244e-01 1.081550e+01 1.127365e+01
      vertex   7.245274e-01 1.080469e+01 1.127887e+01
    endloop
  endfacet
  facet normal -6.797034e-10 7.900350e-01 -6.130617e-01
    outer loop
      vertex   7.983264e-02 1.079275e+01 1.112943e+01
      vertex   2.202589e-01 1.083657e+01 1.118589e+01
      vertex   2.696615e-01 1.079275e+01 1.112943e+01
    endloop
  endfacet
  facet normal 8.192098e-02 8.208240e-01 -5.652760e-01
    outer loop
      vertex   2.696615e-01 1.079275e+01 1.112943e+01
      vertex   2.202589e-01 1.083657e+01 1.118589e+01
      vertex   2.924301e-01 1.083116e+01 1.118850e+01
    endloop
  endfacet
  facet normal 8.192098e-02 8.208240e-01 -5.652760e-01
    outer loop
      vertex   2.696615e-01 1.079275e+01 1.112943e+01
      vertex   2.924301e-01 1.083116e+01 1.118850e+01
      vertex   3.646014e-01 1.082575e+01 1.119111e+01
    endloop
  endfacet
  facet normal 8.282928e-02 8.801380e-01 -4.674361e-01
    outer loop
      vertex   3.646014e-01 1.082575e+01 1.119111e+01
      vertex   2.924301e-01 1.083116e+01 1.118850e+01
      vertex   3.620123e-01 1.085876e+01 1.125279e+01
    endloop
  endfacet
  facet normal 1.632673e-01 8.727290e-01 -4.600954e-01
    outer loop
      vertex   3.646014e-01 1.082575e+01 1.119111e+01
      vertex   3.620123e-01 1.085876e+01 1.125279e+01
      vertex   4.345153e-01 1.084794e+01 1.125800e+01
    endloop
  endfacet
  facet normal 2.170830e-14 7.900350e-01 -6.130617e-01
    outer loop
      vertex   2.202589e-01 1.083657e+01 1.118589e+01
      vertex   7.983264e-02 1.079275e+01 1.112943e+01
      vertex   2.170063e-01 1.088038e+01 1.124236e+01
    endloop
  endfacet
  facet normal 1.531605e-01 6.819185e-01 -7.152126e-01
    outer loop
      vertex   2.170063e-01 1.088038e+01 1.124236e+01
      vertex   7.983264e-02 1.079275e+01 1.112943e+01
      vertex   6.416779e-02 1.101127e+01 1.133442e+01
    endloop
  endfacet
  facet normal 3.064229e-01 7.604997e-01 -5.724904e-01
    outer loop
      vertex   2.072484e-01 1.101183e+01 1.141174e+01
      vertex   6.416779e-02 1.101127e+01 1.133442e+01
      vertex   2.039957e-01 1.105564e+01 1.146821e+01
    endloop
  endfacet
  facet normal 4.173690e-01 6.374688e-01 -6.476393e-01
    outer loop
      vertex   2.039957e-01 1.105564e+01 1.146821e+01
      vertex   6.416779e-02 1.101127e+01 1.133442e+01
      vertex   4.850294e-02 1.122978e+01 1.153941e+01
    endloop
  endfacet
  facet normal 5.354932e-01 6.818789e-01 -4.982852e-01
    outer loop
      vertex   2.039957e-01 1.105564e+01 1.146821e+01
      vertex   4.850294e-02 1.122978e+01 1.153941e+01
      vertex   1.974905e-01 1.114327e+01 1.158113e+01
    endloop
  endfacet
  facet normal 5.354932e-01 6.818789e-01 -4.982852e-01
    outer loop
      vertex   1.974905e-01 1.114327e+01 1.158113e+01
      vertex   4.850294e-02 1.122978e+01 1.153941e+01
      vertex   1.909852e-01 1.123090e+01 1.169406e+01
    endloop
  endfacet
  facet normal 6.182358e-01 6.378133e-01 -4.593241e-01
    outer loop
      vertex   1.974905e-01 1.114327e+01 1.158113e+01
      vertex   1.909852e-01 1.123090e+01 1.169406e+01
      vertex   2.661425e-01 1.117683e+01 1.172014e+01
    endloop
  endfacet
  facet normal 6.223971e-01 6.698990e-01 -4.047928e-01
    outer loop
      vertex   2.661425e-01 1.117683e+01 1.172014e+01
      vertex   1.909852e-01 1.123090e+01 1.169406e+01
      vertex   2.603009e-01 1.125365e+01 1.183828e+01
    endloop
  endfacet
  facet normal 6.873812e-01 6.239673e-01 -3.717148e-01
    outer loop
      vertex   2.661425e-01 1.117683e+01 1.172014e+01
      vertex   2.603009e-01 1.125365e+01 1.183828e+01
      vertex   3.361218e-01 1.118876e+01 1.186957e+01
    endloop
  endfacet
  facet normal 6.865347e-01 6.157916e-01 -3.866145e-01
    outer loop
      vertex   3.361218e-01 1.118876e+01 1.186957e+01
      vertex   2.603009e-01 1.125365e+01 1.183828e+01
      vertex   2.262490e-01 1.143236e+01 1.206246e+01
    endloop
  endfacet
  facet normal 7.796396e-01 5.651884e-01 -2.696743e-01
    outer loop
      vertex   3.361218e-01 1.118876e+01 1.186957e+01
      vertex   2.262490e-01 1.143236e+01 1.206246e+01
      vertex   4.825724e-01 1.114493e+01 1.220110e+01
    endloop
  endfacet
  facet normal 6.030827e-01 5.683199e-01 -5.597354e-01
    outer loop
      vertex   4.850294e-02 1.122978e+01 1.153941e+01
      vertex   3.283809e-02 1.144830e+01 1.174439e+01
      vertex   1.909852e-01 1.123090e+01 1.169406e+01
    endloop
  endfacet
  facet normal 6.836409e-01 5.951325e-01 -4.224363e-01
    outer loop
      vertex   1.909852e-01 1.123090e+01 1.169406e+01
      vertex   3.283809e-02 1.144830e+01 1.174439e+01
      vertex   1.844799e-01 1.131853e+01 1.180698e+01
    endloop
  endfacet
  facet normal 6.836409e-01 5.951325e-01 -4.224363e-01
    outer loop
      vertex   1.909852e-01 1.123090e+01 1.169406e+01
      vertex   1.844799e-01 1.131853e+01 1.180698e+01
      vertex   2.603009e-01 1.125365e+01 1.183828e+01
    endloop
  endfacet
  facet normal 6.865347e-01 6.157916e-01 -3.866145e-01
    outer loop
      vertex   2.603009e-01 1.125365e+01 1.183828e+01
      vertex   1.844799e-01 1.131853e+01 1.180698e+01
      vertex   2.262490e-01 1.143236e+01 1.206246e+01
    endloop
  endfacet
  facet normal 6.696311e-01 5.331000e-01 -5.171059e-01
    outer loop
      vertex   3.283809e-02 1.144830e+01 1.174439e+01
      vertex   1.717324e-02 1.166681e+01 1.194938e+01
      vertex   1.844799e-01 1.131853e+01 1.180698e+01
    endloop
  endfacet
  facet normal 7.759601e-01 5.192086e-01 -3.582017e-01
    outer loop
      vertex   1.844799e-01 1.131853e+01 1.180698e+01
      vertex   1.717324e-02 1.166681e+01 1.194938e+01
      vertex   2.262490e-01 1.143236e+01 1.206246e+01
    endloop
  endfacet
  facet normal 6.576947e-01 7.525530e-01 -3.319218e-02
    outer loop
      vertex   7.910473e-01 1.079946e+01 1.205734e+01
      vertex   7.388958e-01 1.085749e+01 1.233973e+01
      vertex   8.668682e-01 1.073458e+01 1.208863e+01
    endloop
  endfacet
  facet normal 7.351257e-01 6.765348e-01 4.348340e-02
    outer loop
      vertex   8.668682e-01 1.073458e+01 1.208863e+01
      vertex   7.388958e-01 1.085749e+01 1.233973e+01
      vertex   9.952192e-01 1.057006e+01 1.247836e+01
    endloop
  endfacet
  facet normal 6.143111e-01 7.788633e-01 1.264672e-01
    outer loop
      vertex   8.668682e-01 1.073458e+01 1.208863e+01
      vertex   9.952192e-01 1.057006e+01 1.247836e+01
      vertex   9.047787e-01 1.070214e+01 1.210428e+01
    endloop
  endfacet
  facet normal 6.143111e-01 7.788633e-01 1.264672e-01
    outer loop
      vertex   9.047787e-01 1.070214e+01 1.210428e+01
      vertex   9.952192e-01 1.057006e+01 1.247836e+01
      vertex   9.426892e-01 1.066969e+01 1.211993e+01
    endloop
  endfacet
  facet normal 6.310033e-01 7.723777e-01 7.257861e-02
    outer loop
      vertex   9.047787e-01 1.070214e+01 1.210428e+01
      vertex   9.426892e-01 1.066969e+01 1.211993e+01
      vertex   9.049800e-01 1.071724e+01 1.194181e+01
    endloop
  endfacet
  facet normal 5.574044e-01 8.239605e-01 1.019284e-01
    outer loop
      vertex   9.049800e-01 1.071724e+01 1.194181e+01
      vertex   9.426892e-01 1.066969e+01 1.211993e+01
      vertex   9.425586e-01 1.069020e+01 1.195485e+01
    endloop
  endfacet
  facet normal 5.644903e-01 8.218317e-01 7.709326e-02
    outer loop
      vertex   9.049800e-01 1.071724e+01 1.194181e+01
      vertex   9.425586e-01 1.069020e+01 1.195485e+01
      vertex   9.051812e-01 1.073234e+01 1.177933e+01
    endloop
  endfacet
  facet normal 4.764078e-01 8.725623e-01 1.080307e-01
    outer loop
      vertex   9.051812e-01 1.073234e+01 1.177933e+01
      vertex   9.425586e-01 1.069020e+01 1.195485e+01
      vertex   9.424281e-01 1.071071e+01 1.178976e+01
    endloop
  endfacet
  facet normal 4.832763e-01 8.716545e-01 8.162398e-02
    outer loop
      vertex   9.051812e-01 1.073234e+01 1.177933e+01
      vertex   9.424281e-01 1.071071e+01 1.178976e+01
      vertex   9.053825e-01 1.074744e+01 1.161686e+01
    endloop
  endfacet
  facet normal 3.793634e-01 9.182251e-01 1.137806e-01
    outer loop
      vertex   9.053825e-01 1.074744e+01 1.161686e+01
      vertex   9.424281e-01 1.071071e+01 1.178976e+01
      vertex   9.422976e-01 1.073122e+01 1.162468e+01
    endloop
  endfacet
  facet normal 3.854892e-01 9.187074e-01 8.587670e-02
    outer loop
      vertex   9.053825e-01 1.074744e+01 1.161686e+01
      vertex   9.422976e-01 1.073122e+01 1.162468e+01
      vertex   9.054831e-01 1.075500e+01 1.153562e+01
    endloop
  endfacet
  facet normal 3.246214e-01 9.386590e-01 1.163626e-01
    outer loop
      vertex   9.054831e-01 1.075500e+01 1.153562e+01
      vertex   9.422976e-01 1.073122e+01 1.162468e+01
      vertex   9.422323e-01 1.074148e+01 1.154214e+01
    endloop
  endfacet
  facet normal 3.301300e-01 9.398458e-01 8.777306e-02
    outer loop
      vertex   9.054831e-01 1.075500e+01 1.153562e+01
      vertex   9.422323e-01 1.074148e+01 1.154214e+01
      vertex   9.055837e-01 1.076255e+01 1.145438e+01
    endloop
  endfacet
  facet normal 2.658754e-01 9.566781e-01 1.186478e-01
    outer loop
      vertex   9.055837e-01 1.076255e+01 1.145438e+01
      vertex   9.422323e-01 1.074148e+01 1.154214e+01
      vertex   9.421670e-01 1.075173e+01 1.145960e+01
    endloop
  endfacet
  facet normal 2.705881e-01 9.585318e-01 8.943629e-02
    outer loop
      vertex   9.055837e-01 1.076255e+01 1.145438e+01
      vertex   9.421670e-01 1.075173e+01 1.145960e+01
      vertex   9.056843e-01 1.077010e+01 1.137314e+01
    endloop
  endfacet
  facet normal 2.034414e-01 9.716367e-01 1.205556e-01
    outer loop
      vertex   9.056843e-01 1.077010e+01 1.137314e+01
      vertex   9.421670e-01 1.075173e+01 1.145960e+01
      vertex   9.421017e-01 1.076199e+01 1.137706e+01
    endloop
  endfacet
  facet normal 6.674535e-01 7.073958e-01 2.325877e-01
    outer loop
      vertex   1.251543e+00 1.028263e+01 1.261700e+01
      vertex   1.248758e+00 1.034639e+01 1.243105e+01
      vertex   9.952192e-01 1.057006e+01 1.247836e+01
    endloop
  endfacet
  facet normal 6.696585e-01 7.273097e-01 1.502603e-01
    outer loop
      vertex   9.952192e-01 1.057006e+01 1.247836e+01
      vertex   1.248758e+00 1.034639e+01 1.243105e+01
      vertex   1.094331e+00 1.053993e+01 1.218252e+01
    endloop
  endfacet
  facet normal 6.143111e-01 7.788633e-01 1.264672e-01
    outer loop
      vertex   9.952192e-01 1.057006e+01 1.247836e+01
      vertex   1.094331e+00 1.053993e+01 1.218252e+01
      vertex   9.426892e-01 1.066969e+01 1.211993e+01
    endloop
  endfacet
  facet normal 6.240526e-01 7.754809e-01 9.585255e-02
    outer loop
      vertex   9.426892e-01 1.066969e+01 1.211993e+01
      vertex   1.094331e+00 1.053993e+01 1.218252e+01
      vertex   9.425586e-01 1.069020e+01 1.195485e+01
    endloop
  endfacet
  facet normal 5.634445e-01 7.840334e-01 2.604264e-01
    outer loop
      vertex   1.248758e+00 1.034639e+01 1.243105e+01
      vertex   1.245973e+00 1.041016e+01 1.224511e+01
      vertex   1.094331e+00 1.053993e+01 1.218252e+01
    endloop
  endfacet
  facet normal 5.944914e-01 7.829909e-01 1.830442e-01
    outer loop
      vertex   1.094331e+00 1.053993e+01 1.218252e+01
      vertex   1.245973e+00 1.041016e+01 1.224511e+01
      vertex   1.092873e+00 1.058206e+01 1.200700e+01
    endloop
  endfacet
  facet normal 5.275919e-01 8.270100e-01 1.941680e-01
    outer loop
      vertex   1.094331e+00 1.053993e+01 1.218252e+01
      vertex   1.092873e+00 1.058206e+01 1.200700e+01
      vertex   9.425586e-01 1.069020e+01 1.195485e+01
    endloop
  endfacet
  facet normal 5.574044e-01 8.239605e-01 1.019284e-01
    outer loop
      vertex   9.425586e-01 1.069020e+01 1.195485e+01
      vertex   1.092873e+00 1.058206e+01 1.200700e+01
      vertex   9.424281e-01 1.071071e+01 1.178976e+01
    endloop
  endfacet
  facet normal 4.968368e-01 8.231725e-01 2.748458e-01
    outer loop
      vertex   1.245973e+00 1.041016e+01 1.224511e+01
      vertex   1.240403e+00 1.053769e+01 1.187322e+01
      vertex   1.092873e+00 1.058206e+01 1.200700e+01
    endloop
  endfacet
  facet normal 4.478449e-01 8.702435e-01 2.052099e-01
    outer loop
      vertex   1.092873e+00 1.058206e+01 1.200700e+01
      vertex   1.240403e+00 1.053769e+01 1.187322e+01
      vertex   1.091416e+00 1.062420e+01 1.183149e+01
    endloop
  endfacet
  facet normal 4.478449e-01 8.702435e-01 2.052099e-01
    outer loop
      vertex   1.092873e+00 1.058206e+01 1.200700e+01
      vertex   1.091416e+00 1.062420e+01 1.183149e+01
      vertex   9.424281e-01 1.071071e+01 1.178976e+01
    endloop
  endfacet
  facet normal 4.764078e-01 8.725623e-01 1.080307e-01
    outer loop
      vertex   9.424281e-01 1.071071e+01 1.178976e+01
      vertex   1.091416e+00 1.062420e+01 1.183149e+01
      vertex   9.422976e-01 1.073122e+01 1.162468e+01
    endloop
  endfacet
  facet normal 4.478449e-01 8.702435e-01 2.052099e-01
    outer loop
      vertex   1.091416e+00 1.062420e+01 1.183149e+01
      vertex   1.240403e+00 1.053769e+01 1.187322e+01
      vertex   1.089958e+00 1.066634e+01 1.165597e+01
    endloop
  endfacet
  facet normal 3.291649e-01 8.947138e-01 3.018902e-01
    outer loop
      vertex   1.089958e+00 1.066634e+01 1.165597e+01
      vertex   1.240403e+00 1.053769e+01 1.187322e+01
      vertex   1.234833e+00 1.066522e+01 1.150132e+01
    endloop
  endfacet
  facet normal 2.467040e-01 9.427773e-01 2.242945e-01
    outer loop
      vertex   1.089958e+00 1.066634e+01 1.165597e+01
      vertex   1.234833e+00 1.066522e+01 1.150132e+01
      vertex   1.089229e+00 1.068741e+01 1.156822e+01
    endloop
  endfacet
  facet normal 2.467040e-01 9.427773e-01 2.242945e-01
    outer loop
      vertex   1.089229e+00 1.068741e+01 1.156822e+01
      vertex   1.234833e+00 1.066522e+01 1.150132e+01
      vertex   1.088500e+00 1.070848e+01 1.148046e+01
    endloop
  endfacet
  facet normal 2.467040e-01 9.427773e-01 2.242945e-01
    outer loop
      vertex   1.089229e+00 1.068741e+01 1.156822e+01
      vertex   1.088500e+00 1.070848e+01 1.148046e+01
      vertex   9.421670e-01 1.075173e+01 1.145960e+01
    endloop
  endfacet
  facet normal 2.658754e-01 9.566781e-01 1.186478e-01
    outer loop
      vertex   9.421670e-01 1.075173e+01 1.145960e+01
      vertex   1.088500e+00 1.070848e+01 1.148046e+01
      vertex   9.421017e-01 1.076199e+01 1.137706e+01
    endloop
  endfacet
  facet normal 2.467040e-01 9.427773e-01 2.242945e-01
    outer loop
      vertex   1.088500e+00 1.070848e+01 1.148046e+01
      vertex   1.234833e+00 1.066522e+01 1.150132e+01
      vertex   1.087771e+00 1.072955e+01 1.139270e+01
    endloop
  endfacet
  facet normal 1.735791e-01 9.323617e-01 3.171308e-01
    outer loop
      vertex   1.087771e+00 1.072955e+01 1.139270e+01
      vertex   1.234833e+00 1.066522e+01 1.150132e+01
      vertex   1.232049e+00 1.072899e+01 1.131538e+01
    endloop
  endfacet
  facet normal 1.600966e-01 7.842903e-01 -5.993812e-01
    outer loop
      vertex   2.170063e-01 1.088038e+01 1.124236e+01
      vertex   2.895093e-01 1.086957e+01 1.124757e+01
      vertex   2.202589e-01 1.083657e+01 1.118589e+01
    endloop
  endfacet
  facet normal 8.226229e-02 8.373795e-01 -5.403966e-01
    outer loop
      vertex   2.202589e-01 1.083657e+01 1.118589e+01
      vertex   2.895093e-01 1.086957e+01 1.124757e+01
      vertex   2.924301e-01 1.083116e+01 1.118850e+01
    endloop
  endfacet
  facet normal 8.192098e-02 8.208240e-01 -5.652760e-01
    outer loop
      vertex   5.089438e-01 1.081494e+01 1.119632e+01
      vertex   2.696615e-01 1.079275e+01 1.112943e+01
      vertex   4.367726e-01 1.082035e+01 1.119372e+01
    endloop
  endfacet
  facet normal 8.192098e-02 8.208240e-01 -5.652760e-01
    outer loop
      vertex   4.367726e-01 1.082035e+01 1.119372e+01
      vertex   2.696615e-01 1.079275e+01 1.112943e+01
      vertex   3.646014e-01 1.082575e+01 1.119111e+01
    endloop
  endfacet
  facet normal 8.280175e-02 9.168201e-01 -3.906211e-01
    outer loop
      vertex   4.367726e-01 1.082035e+01 1.119372e+01
      vertex   3.646014e-01 1.082575e+01 1.119111e+01
      vertex   4.345153e-01 1.084794e+01 1.125800e+01
    endloop
  endfacet
  facet normal 1.622195e-01 8.309091e-01 -5.322358e-01
    outer loop
      vertex   2.895093e-01 1.086957e+01 1.124757e+01
      vertex   3.620123e-01 1.085876e+01 1.125279e+01
      vertex   2.924301e-01 1.083116e+01 1.118850e+01
    endloop
  endfacet
  facet normal 1.631759e-01 9.086726e-01 -3.843017e-01
    outer loop
      vertex   4.345153e-01 1.084794e+01 1.125800e+01
      vertex   5.070183e-01 1.083713e+01 1.126322e+01
      vertex   4.367726e-01 1.082035e+01 1.119372e+01
    endloop
  endfacet
  facet normal 8.218148e-02 9.466497e-01 -3.116095e-01
    outer loop
      vertex   4.367726e-01 1.082035e+01 1.119372e+01
      vertex   5.070183e-01 1.083713e+01 1.126322e+01
      vertex   5.089438e-01 1.081494e+01 1.119632e+01
    endloop
  endfacet
  facet normal 1.619508e-01 9.380095e-01 -3.064477e-01
    outer loop
      vertex   5.070183e-01 1.083713e+01 1.126322e+01
      vertex   5.795214e-01 1.082631e+01 1.126843e+01
      vertex   5.089438e-01 1.081494e+01 1.119632e+01
    endloop
  endfacet
  facet normal 8.100739e-02 9.692987e-01 -2.321593e-01
    outer loop
      vertex   5.089438e-01 1.081494e+01 1.119632e+01
      vertex   5.795214e-01 1.082631e+01 1.126843e+01
      vertex   5.811151e-01 1.080953e+01 1.119893e+01
    endloop
  endfacet
  facet normal 7.656872e-02 9.955522e-01 -5.489074e-02
    outer loop
      vertex   6.532863e-01 1.080413e+01 1.120154e+01
      vertex   7.254575e-01 1.079872e+01 1.120415e+01
      vertex   7.494626e-01 1.079275e+01 1.112943e+01
    endloop
  endfacet
  facet normal 7.656872e-02 9.955522e-01 -5.489074e-02
    outer loop
      vertex   7.494626e-01 1.079275e+01 1.112943e+01
      vertex   7.254575e-01 1.079872e+01 1.120415e+01
      vertex   7.976287e-01 1.079331e+01 1.120676e+01
    endloop
  endfacet
  facet normal 7.656872e-02 9.955522e-01 -5.489074e-02
    outer loop
      vertex   7.494626e-01 1.079275e+01 1.112943e+01
      vertex   7.976287e-01 1.079331e+01 1.120676e+01
      vertex   8.698000e-01 1.078791e+01 1.120936e+01
    endloop
  endfacet
  facet normal 7.239323e-02 9.955322e-01 6.062104e-02
    outer loop
      vertex   8.698000e-01 1.078791e+01 1.120936e+01
      vertex   7.976287e-01 1.079331e+01 1.120676e+01
      vertex   8.695335e-01 1.078306e+01 1.128930e+01
    endloop
  endfacet
  facet normal 1.429988e-01 9.878786e-01 6.039227e-02
    outer loop
      vertex   8.698000e-01 1.078791e+01 1.120936e+01
      vertex   8.695335e-01 1.078306e+01 1.128930e+01
      vertex   9.057850e-01 1.077765e+01 1.129191e+01
    endloop
  endfacet
  facet normal 1.596667e-01 9.604295e-01 -2.282143e-01
    outer loop
      vertex   5.795214e-01 1.082631e+01 1.126843e+01
      vertex   6.520244e-01 1.081550e+01 1.127365e+01
      vertex   5.811151e-01 1.080953e+01 1.119893e+01
    endloop
  endfacet
  facet normal 7.729595e-02 9.939211e-01 -7.839805e-02
    outer loop
      vertex   6.532863e-01 1.080413e+01 1.120154e+01
      vertex   7.245274e-01 1.080469e+01 1.127887e+01
      vertex   7.254575e-01 1.079872e+01 1.120415e+01
    endloop
  endfacet
  facet normal 1.524847e-01 9.853192e-01 -7.677527e-02
    outer loop
      vertex   7.254575e-01 1.079872e+01 1.120415e+01
      vertex   7.245274e-01 1.080469e+01 1.127887e+01
      vertex   7.970304e-01 1.079387e+01 1.128408e+01
    endloop
  endfacet
  facet normal 7.494563e-02 9.971656e-01 -6.627921e-03
    outer loop
      vertex   7.254575e-01 1.079872e+01 1.120415e+01
      vertex   7.970304e-01 1.079387e+01 1.128408e+01
      vertex   7.976287e-01 1.079331e+01 1.120676e+01
    endloop
  endfacet
  facet normal 1.479393e-01 9.889782e-01 -6.003947e-03
    outer loop
      vertex   7.976287e-01 1.079331e+01 1.120676e+01
      vertex   7.970304e-01 1.079387e+01 1.128408e+01
      vertex   8.695335e-01 1.078306e+01 1.128930e+01
    endloop
  endfacet
  facet normal 7.656872e-02 9.955522e-01 -5.489074e-02
    outer loop
      vertex   9.419712e-01 1.078250e+01 1.121197e+01
      vertex   7.494626e-01 1.079275e+01 1.112943e+01
      vertex   9.058856e-01 1.078520e+01 1.121067e+01
    endloop
  endfacet
  facet normal 7.656872e-02 9.955522e-01 -5.489074e-02
    outer loop
      vertex   9.058856e-01 1.078520e+01 1.121067e+01
      vertex   7.494626e-01 1.079275e+01 1.112943e+01
      vertex   8.698000e-01 1.078791e+01 1.120936e+01
    endloop
  endfacet
  facet normal 7.106844e-02 9.931816e-01 9.241004e-02
    outer loop
      vertex   9.058856e-01 1.078520e+01 1.121067e+01
      vertex   8.698000e-01 1.078791e+01 1.120936e+01
      vertex   9.057850e-01 1.077765e+01 1.129191e+01
    endloop
  endfacet
  facet normal 6.430685e-02 9.704778e-01 2.324597e-01
    outer loop
      vertex   1.087043e+00 1.075062e+01 1.130495e+01
      vertex   1.086314e+00 1.077168e+01 1.121719e+01
      vertex   9.419712e-01 1.078250e+01 1.121197e+01
    endloop
  endfacet
  facet normal 1.404321e-01 9.858242e-01 9.181205e-02
    outer loop
      vertex   9.057850e-01 1.077765e+01 1.129191e+01
      vertex   9.420365e-01 1.077224e+01 1.129451e+01
      vertex   9.058856e-01 1.078520e+01 1.121067e+01
    endloop
  endfacet
  facet normal 6.972411e-02 9.899620e-01 1.229381e-01
    outer loop
      vertex   9.058856e-01 1.078520e+01 1.121067e+01
      vertex   9.420365e-01 1.077224e+01 1.129451e+01
      vertex   9.419712e-01 1.078250e+01 1.121197e+01
    endloop
  endfacet
  facet normal 1.378256e-01 9.829130e-01 1.220085e-01
    outer loop
      vertex   9.420365e-01 1.077224e+01 1.129451e+01
      vertex   1.087043e+00 1.075062e+01 1.130495e+01
      vertex   9.419712e-01 1.078250e+01 1.121197e+01
    endloop
  endfacet
  facet normal 3.760962e-01 7.852033e-01 -4.919425e-01
    outer loop
      vertex   2.807468e-01 1.098479e+01 1.142478e+01
      vertex   3.542451e-01 1.095776e+01 1.143782e+01
      vertex   2.836676e-01 1.094638e+01 1.136571e+01
    endloop
  endfacet
  facet normal 3.116963e-01 8.431804e-01 -4.380550e-01
    outer loop
      vertex   2.836676e-01 1.094638e+01 1.136571e+01
      vertex   3.542451e-01 1.095776e+01 1.143782e+01
      vertex   3.568342e-01 1.092476e+01 1.137614e+01
    endloop
  endfacet
  facet normal 3.100049e-01 8.039972e-01 -5.074302e-01
    outer loop
      vertex   2.836676e-01 1.094638e+01 1.136571e+01
      vertex   3.568342e-01 1.092476e+01 1.137614e+01
      vertex   2.865884e-01 1.090798e+01 1.130664e+01
    endloop
  endfacet
  facet normal 2.399093e-01 8.601284e-01 -4.501363e-01
    outer loop
      vertex   2.865884e-01 1.090798e+01 1.130664e+01
      vertex   3.568342e-01 1.092476e+01 1.137614e+01
      vertex   3.594233e-01 1.089176e+01 1.131447e+01
    endloop
  endfacet
  facet normal 3.779511e-01 8.228303e-01 -4.243857e-01
    outer loop
      vertex   3.542451e-01 1.095776e+01 1.143782e+01
      vertex   4.277435e-01 1.093072e+01 1.145086e+01
      vertex   3.568342e-01 1.092476e+01 1.137614e+01
    endloop
  endfacet
  facet normal 3.114024e-01 8.771488e-01 -3.655661e-01
    outer loop
      vertex   3.568342e-01 1.092476e+01 1.137614e+01
      vertex   4.277435e-01 1.093072e+01 1.145086e+01
      vertex   4.300008e-01 1.090313e+01 1.138658e+01
    endloop
  endfacet
  facet normal 3.116963e-01 8.431804e-01 -4.380550e-01
    outer loop
      vertex   3.568342e-01 1.092476e+01 1.137614e+01
      vertex   4.300008e-01 1.090313e+01 1.138658e+01
      vertex   3.594233e-01 1.089176e+01 1.131447e+01
    endloop
  endfacet
  facet normal 2.397257e-01 8.951525e-01 -3.758106e-01
    outer loop
      vertex   3.594233e-01 1.089176e+01 1.131447e+01
      vertex   4.300008e-01 1.090313e+01 1.138658e+01
      vertex   4.322581e-01 1.087553e+01 1.132229e+01
    endloop
  endfacet
  facet normal 3.779511e-01 8.228303e-01 -4.243857e-01
    outer loop
      vertex   2.807468e-01 1.098479e+01 1.142478e+01
      vertex   3.516561e-01 1.099076e+01 1.149950e+01
      vertex   3.542451e-01 1.095776e+01 1.143782e+01
    endloop
  endfacet
  facet normal 4.383566e-01 8.000210e-01 -4.096461e-01
    outer loop
      vertex   3.542451e-01 1.095776e+01 1.143782e+01
      vertex   3.516561e-01 1.099076e+01 1.149950e+01
      vertex   4.254863e-01 1.095832e+01 1.151515e+01
    endloop
  endfacet
  facet normal 3.775388e-01 8.556501e-01 -3.540160e-01
    outer loop
      vertex   3.542451e-01 1.095776e+01 1.143782e+01
      vertex   4.254863e-01 1.095832e+01 1.151515e+01
      vertex   4.277435e-01 1.093072e+01 1.145086e+01
    endloop
  endfacet
  facet normal 4.378266e-01 8.316384e-01 -3.415925e-01
    outer loop
      vertex   4.277435e-01 1.093072e+01 1.145086e+01
      vertex   4.254863e-01 1.095832e+01 1.151515e+01
      vertex   4.993165e-01 1.092587e+01 1.153080e+01
    endloop
  endfacet
  facet normal 3.748813e-01 8.831072e-01 -2.821093e-01
    outer loop
      vertex   4.277435e-01 1.093072e+01 1.145086e+01
      vertex   4.993165e-01 1.092587e+01 1.153080e+01
      vertex   5.012419e-01 1.090369e+01 1.146390e+01
    endloop
  endfacet
  facet normal 4.348647e-01 8.583767e-01 -2.721804e-01
    outer loop
      vertex   5.012419e-01 1.090369e+01 1.146390e+01
      vertex   4.993165e-01 1.092587e+01 1.153080e+01
      vertex   5.731466e-01 1.089343e+01 1.154644e+01
    endloop
  endfacet
  facet normal 3.701175e-01 9.049400e-01 -2.099919e-01
    outer loop
      vertex   5.012419e-01 1.090369e+01 1.146390e+01
      vertex   5.731466e-01 1.089343e+01 1.154644e+01
      vertex   5.747403e-01 1.087665e+01 1.147694e+01
    endloop
  endfacet
  facet normal 4.296159e-01 8.799897e-01 -2.026039e-01
    outer loop
      vertex   5.747403e-01 1.087665e+01 1.147694e+01
      vertex   5.731466e-01 1.089343e+01 1.154644e+01
      vertex   6.469768e-01 1.086099e+01 1.156209e+01
    endloop
  endfacet
  facet normal 3.634842e-01 9.211837e-01 -1.389241e-01
    outer loop
      vertex   5.747403e-01 1.087665e+01 1.147694e+01
      vertex   6.469768e-01 1.086099e+01 1.156209e+01
      vertex   6.482387e-01 1.084962e+01 1.148998e+01
    endloop
  endfacet
  facet normal 4.223244e-01 8.964855e-01 -1.339991e-01
    outer loop
      vertex   6.482387e-01 1.084962e+01 1.148998e+01
      vertex   6.469768e-01 1.086099e+01 1.156209e+01
      vertex   7.208070e-01 1.082855e+01 1.157774e+01
    endloop
  endfacet
  facet normal 3.552846e-01 9.321332e-01 -7.000411e-02
    outer loop
      vertex   6.482387e-01 1.084962e+01 1.148998e+01
      vertex   7.208070e-01 1.082855e+01 1.157774e+01
      vertex   7.217371e-01 1.082258e+01 1.150302e+01
    endloop
  endfacet
  facet normal 3.775388e-01 8.556501e-01 -3.540160e-01
    outer loop
      vertex   4.277435e-01 1.093072e+01 1.145086e+01
      vertex   5.012419e-01 1.090369e+01 1.146390e+01
      vertex   4.300008e-01 1.090313e+01 1.138658e+01
    endloop
  endfacet
  facet normal 3.091397e-01 9.052863e-01 -2.913578e-01
    outer loop
      vertex   4.300008e-01 1.090313e+01 1.138658e+01
      vertex   5.012419e-01 1.090369e+01 1.146390e+01
      vertex   5.031674e-01 1.088150e+01 1.139701e+01
    endloop
  endfacet
  facet normal 3.114024e-01 8.771488e-01 -3.655661e-01
    outer loop
      vertex   4.300008e-01 1.090313e+01 1.138658e+01
      vertex   5.031674e-01 1.088150e+01 1.139701e+01
      vertex   4.322581e-01 1.087553e+01 1.132229e+01
    endloop
  endfacet
  facet normal 2.379450e-01 9.239207e-01 -2.995875e-01
    outer loop
      vertex   4.322581e-01 1.087553e+01 1.132229e+01
      vertex   5.031674e-01 1.088150e+01 1.139701e+01
      vertex   5.050929e-01 1.085931e+01 1.133011e+01
    endloop
  endfacet
  facet normal 3.748813e-01 8.831072e-01 -2.821093e-01
    outer loop
      vertex   5.012419e-01 1.090369e+01 1.146390e+01
      vertex   5.747403e-01 1.087665e+01 1.147694e+01
      vertex   5.031674e-01 1.088150e+01 1.139701e+01
    endloop
  endfacet
  facet normal 3.050339e-01 9.273158e-01 -2.168864e-01
    outer loop
      vertex   5.031674e-01 1.088150e+01 1.139701e+01
      vertex   5.747403e-01 1.087665e+01 1.147694e+01
      vertex   5.763340e-01 1.085987e+01 1.140744e+01
    endloop
  endfacet
  facet normal 3.091397e-01 9.052863e-01 -2.913578e-01
    outer loop
      vertex   5.031674e-01 1.088150e+01 1.139701e+01
      vertex   5.763340e-01 1.085987e+01 1.140744e+01
      vertex   5.050929e-01 1.085931e+01 1.133011e+01
    endloop
  endfacet
  facet normal 2.346713e-01 9.461398e-01 -2.230445e-01
    outer loop
      vertex   5.050929e-01 1.085931e+01 1.133011e+01
      vertex   5.763340e-01 1.085987e+01 1.140744e+01
      vertex   5.779277e-01 1.084309e+01 1.133794e+01
    endloop
  endfacet
  facet normal 3.701175e-01 9.049400e-01 -2.099919e-01
    outer loop
      vertex   5.747403e-01 1.087665e+01 1.147694e+01
      vertex   6.482387e-01 1.084962e+01 1.148998e+01
      vertex   5.763340e-01 1.085987e+01 1.140744e+01
    endloop
  endfacet
  facet normal 2.993012e-01 9.433008e-01 -1.435354e-01
    outer loop
      vertex   5.763340e-01 1.085987e+01 1.140744e+01
      vertex   6.482387e-01 1.084962e+01 1.148998e+01
      vertex   6.495006e-01 1.083825e+01 1.141787e+01
    endloop
  endfacet
  facet normal 3.050339e-01 9.273158e-01 -2.168864e-01
    outer loop
      vertex   5.763340e-01 1.085987e+01 1.140744e+01
      vertex   6.495006e-01 1.083825e+01 1.141787e+01
      vertex   5.779277e-01 1.084309e+01 1.133794e+01
    endloop
  endfacet
  facet normal 2.300858e-01 9.618998e-01 -1.476800e-01
    outer loop
      vertex   5.779277e-01 1.084309e+01 1.133794e+01
      vertex   6.495006e-01 1.083825e+01 1.141787e+01
      vertex   6.507625e-01 1.082687e+01 1.134576e+01
    endloop
  endfacet
  facet normal 3.634842e-01 9.211837e-01 -1.389241e-01
    outer loop
      vertex   6.482387e-01 1.084962e+01 1.148998e+01
      vertex   7.217371e-01 1.082258e+01 1.150302e+01
      vertex   6.495006e-01 1.083825e+01 1.141787e+01
    endloop
  endfacet
  facet normal 2.922182e-01 9.535994e-01 -7.250315e-02
    outer loop
      vertex   6.495006e-01 1.083825e+01 1.141787e+01
      vertex   7.217371e-01 1.082258e+01 1.150302e+01
      vertex   7.226672e-01 1.081662e+01 1.142830e+01
    endloop
  endfacet
  facet normal 2.993012e-01 9.433008e-01 -1.435354e-01
    outer loop
      vertex   6.495006e-01 1.083825e+01 1.141787e+01
      vertex   7.226672e-01 1.081662e+01 1.142830e+01
      vertex   6.507625e-01 1.082687e+01 1.134576e+01
    endloop
  endfacet
  facet normal 2.244202e-01 9.716186e-01 -7.478586e-02
    outer loop
      vertex   6.507625e-01 1.082687e+01 1.134576e+01
      vertex   7.226672e-01 1.081662e+01 1.142830e+01
      vertex   7.235973e-01 1.081065e+01 1.135358e+01
    endloop
  endfacet
  facet normal 3.458542e-01 9.382793e-01 -4.106101e-03
    outer loop
      vertex   7.952355e-01 1.079555e+01 1.151606e+01
      vertex   8.687339e-01 1.076851e+01 1.152910e+01
      vertex   7.958338e-01 1.079499e+01 1.143873e+01
    endloop
  endfacet
  facet normal 2.752158e-01 9.595632e-01 5.911577e-02
    outer loop
      vertex   7.958338e-01 1.079499e+01 1.143873e+01
      vertex   8.687339e-01 1.076851e+01 1.152910e+01
      vertex   8.690004e-01 1.077336e+01 1.144917e+01
    endloop
  endfacet
  facet normal 2.840891e-01 9.587862e-01 -4.732242e-03
    outer loop
      vertex   7.958338e-01 1.079499e+01 1.143873e+01
      vertex   8.690004e-01 1.077336e+01 1.144917e+01
      vertex   7.964321e-01 1.079443e+01 1.136141e+01
    endloop
  endfacet
  facet normal 2.108597e-01 9.756807e-01 5.987872e-02
    outer loop
      vertex   7.964321e-01 1.079443e+01 1.136141e+01
      vertex   8.690004e-01 1.077336e+01 1.144917e+01
      vertex   8.692669e-01 1.077821e+01 1.136923e+01
    endloop
  endfacet
  facet normal 3.355291e-01 9.402337e-01 5.814453e-02
    outer loop
      vertex   8.687339e-01 1.076851e+01 1.152910e+01
      vertex   9.054831e-01 1.075500e+01 1.153562e+01
      vertex   8.690004e-01 1.077336e+01 1.144917e+01
    endloop
  endfacet
  facet normal 2.705881e-01 9.585318e-01 8.943629e-02
    outer loop
      vertex   8.690004e-01 1.077336e+01 1.144917e+01
      vertex   9.054831e-01 1.075500e+01 1.153562e+01
      vertex   9.055837e-01 1.076255e+01 1.145438e+01
    endloop
  endfacet
  facet normal 2.752158e-01 9.595632e-01 5.911577e-02
    outer loop
      vertex   8.690004e-01 1.077336e+01 1.144917e+01
      vertex   9.055837e-01 1.076255e+01 1.145438e+01
      vertex   8.692669e-01 1.077821e+01 1.136923e+01
    endloop
  endfacet
  facet normal 2.071813e-01 9.740794e-01 9.080298e-02
    outer loop
      vertex   8.692669e-01 1.077821e+01 1.136923e+01
      vertex   9.055837e-01 1.076255e+01 1.145438e+01
      vertex   9.056843e-01 1.077010e+01 1.137314e+01
    endloop
  endfacet
  facet normal 3.355291e-01 9.402337e-01 5.814453e-02
    outer loop
      vertex   8.687339e-01 1.076851e+01 1.152910e+01
      vertex   7.952355e-01 1.079555e+01 1.151606e+01
      vertex   8.684674e-01 1.076367e+01 1.160903e+01
    endloop
  endfacet
  facet normal 4.029052e-01 9.152350e-01 -3.498094e-03
    outer loop
      vertex   8.684674e-01 1.076367e+01 1.160903e+01
      vertex   7.952355e-01 1.079555e+01 1.151606e+01
      vertex   7.946372e-01 1.079611e+01 1.159339e+01
    endloop
  endfacet
  facet normal 3.914807e-01 9.184187e-01 5.700799e-02
    outer loop
      vertex   8.684674e-01 1.076367e+01 1.160903e+01
      vertex   7.946372e-01 1.079611e+01 1.159339e+01
      vertex   8.679343e-01 1.075397e+01 1.176890e+01
    endloop
  endfacet
  facet normal 5.026389e-01 8.644932e-01 -2.359622e-03
    outer loop
      vertex   8.679343e-01 1.075397e+01 1.176890e+01
      vertex   7.946372e-01 1.079611e+01 1.159339e+01
      vertex   7.934406e-01 1.079723e+01 1.174804e+01
    endloop
  endfacet
  facet normal 4.899645e-01 8.700432e-01 5.440236e-02
    outer loop
      vertex   8.679343e-01 1.075397e+01 1.176890e+01
      vertex   7.934406e-01 1.079723e+01 1.174804e+01
      vertex   8.674013e-01 1.074427e+01 1.192877e+01
    endloop
  endfacet
  facet normal 5.843008e-01 8.115360e-01 -1.344967e-03
    outer loop
      vertex   8.674013e-01 1.074427e+01 1.192877e+01
      vertex   7.934406e-01 1.079723e+01 1.174804e+01
      vertex   7.922439e-01 1.079834e+01 1.190269e+01
    endloop
  endfacet
  facet normal 5.713603e-01 8.190767e-01 5.158261e-02
    outer loop
      vertex   8.674013e-01 1.074427e+01 1.192877e+01
      vertex   7.922439e-01 1.079834e+01 1.190269e+01
      vertex   8.668682e-01 1.073458e+01 1.208863e+01
    endloop
  endfacet
  facet normal 6.502891e-01 7.596867e-01 -4.595958e-04
    outer loop
      vertex   8.668682e-01 1.073458e+01 1.208863e+01
      vertex   7.922439e-01 1.079834e+01 1.190269e+01
      vertex   7.910473e-01 1.079946e+01 1.205734e+01
    endloop
  endfacet
  facet normal 3.301300e-01 9.398458e-01 8.777306e-02
    outer loop
      vertex   9.054831e-01 1.075500e+01 1.153562e+01
      vertex   8.687339e-01 1.076851e+01 1.152910e+01
      vertex   9.053825e-01 1.074744e+01 1.161686e+01
    endloop
  endfacet
  facet normal 3.914807e-01 9.184187e-01 5.700799e-02
    outer loop
      vertex   9.053825e-01 1.074744e+01 1.161686e+01
      vertex   8.687339e-01 1.076851e+01 1.152910e+01
      vertex   8.684674e-01 1.076367e+01 1.160903e+01
    endloop
  endfacet
  facet normal 3.854892e-01 9.187074e-01 8.587670e-02
    outer loop
      vertex   9.053825e-01 1.074744e+01 1.161686e+01
      vertex   8.684674e-01 1.076367e+01 1.160903e+01
      vertex   9.051812e-01 1.073234e+01 1.177933e+01
    endloop
  endfacet
  facet normal 4.899645e-01 8.700432e-01 5.440236e-02
    outer loop
      vertex   9.051812e-01 1.073234e+01 1.177933e+01
      vertex   8.684674e-01 1.076367e+01 1.160903e+01
      vertex   8.679343e-01 1.075397e+01 1.176890e+01
    endloop
  endfacet
  facet normal 4.832763e-01 8.716545e-01 8.162398e-02
    outer loop
      vertex   9.051812e-01 1.073234e+01 1.177933e+01
      vertex   8.679343e-01 1.075397e+01 1.176890e+01
      vertex   9.049800e-01 1.071724e+01 1.194181e+01
    endloop
  endfacet
  facet normal 5.713603e-01 8.190767e-01 5.158261e-02
    outer loop
      vertex   9.049800e-01 1.071724e+01 1.194181e+01
      vertex   8.679343e-01 1.075397e+01 1.176890e+01
      vertex   8.674013e-01 1.074427e+01 1.192877e+01
    endloop
  endfacet
  facet normal 5.644903e-01 8.218317e-01 7.709326e-02
    outer loop
      vertex   9.049800e-01 1.071724e+01 1.194181e+01
      vertex   8.674013e-01 1.074427e+01 1.192877e+01
      vertex   9.047787e-01 1.070214e+01 1.210428e+01
    endloop
  endfacet
  facet normal 6.377152e-01 7.687280e-01 4.875018e-02
    outer loop
      vertex   9.047787e-01 1.070214e+01 1.210428e+01
      vertex   8.674013e-01 1.074427e+01 1.192877e+01
      vertex   8.668682e-01 1.073458e+01 1.208863e+01
    endloop
  endfacet
  facet normal 3.021016e-01 9.275026e-01 2.201672e-01
    outer loop
      vertex   1.089958e+00 1.066634e+01 1.165597e+01
      vertex   1.089229e+00 1.068741e+01 1.156822e+01
      vertex   9.422323e-01 1.074148e+01 1.154214e+01
    endloop
  endfacet
  facet normal 3.246214e-01 9.386590e-01 1.163626e-01
    outer loop
      vertex   9.422323e-01 1.074148e+01 1.154214e+01
      vertex   1.089229e+00 1.068741e+01 1.156822e+01
      vertex   9.421670e-01 1.075173e+01 1.145960e+01
    endloop
  endfacet
  facet normal 3.793634e-01 9.182251e-01 1.137806e-01
    outer loop
      vertex   1.089958e+00 1.066634e+01 1.165597e+01
      vertex   9.422323e-01 1.074148e+01 1.154214e+01
      vertex   9.422976e-01 1.073122e+01 1.162468e+01
    endloop
  endfacet
  facet normal 1.882908e-01 9.553307e-01 2.277934e-01
    outer loop
      vertex   9.421017e-01 1.076199e+01 1.137706e+01
      vertex   1.088500e+00 1.070848e+01 1.148046e+01
      vertex   1.087771e+00 1.072955e+01 1.139270e+01
    endloop
  endfacet
  facet normal 3.064229e-01 7.604997e-01 -5.724904e-01
    outer loop
      vertex   2.137536e-01 1.092420e+01 1.129882e+01
      vertex   2.105010e-01 1.096801e+01 1.135528e+01
      vertex   2.836676e-01 1.094638e+01 1.136571e+01
    endloop
  endfacet
  facet normal 3.100049e-01 8.039972e-01 -5.074302e-01
    outer loop
      vertex   2.836676e-01 1.094638e+01 1.136571e+01
      vertex   2.105010e-01 1.096801e+01 1.135528e+01
      vertex   2.807468e-01 1.098479e+01 1.142478e+01
    endloop
  endfacet
  facet normal 2.384850e-01 8.195238e-01 -5.210621e-01
    outer loop
      vertex   2.137536e-01 1.092420e+01 1.129882e+01
      vertex   2.836676e-01 1.094638e+01 1.136571e+01
      vertex   2.865884e-01 1.090798e+01 1.130664e+01
    endloop
  endfacet
  facet normal 6.223971e-01 6.698990e-01 -4.047928e-01
    outer loop
      vertex   2.661425e-01 1.117683e+01 1.172014e+01
      vertex   3.412999e-01 1.112276e+01 1.174621e+01
      vertex   2.719842e-01 1.110001e+01 1.160199e+01
    endloop
  endfacet
  facet normal 5.417754e-01 7.503599e-01 -3.787340e-01
    outer loop
      vertex   2.719842e-01 1.110001e+01 1.160199e+01
      vertex   3.412999e-01 1.112276e+01 1.174621e+01
      vertex   3.464780e-01 1.105676e+01 1.162286e+01
    endloop
  endfacet
  facet normal 5.399012e-01 7.176280e-01 -4.399054e-01
    outer loop
      vertex   2.719842e-01 1.110001e+01 1.160199e+01
      vertex   3.464780e-01 1.105676e+01 1.162286e+01
      vertex   2.778259e-01 1.102320e+01 1.148385e+01
    endloop
  endfacet
  facet normal 6.240596e-01 6.995554e-01 -3.480973e-01
    outer loop
      vertex   3.464780e-01 1.105676e+01 1.162286e+01
      vertex   3.412999e-01 1.112276e+01 1.174621e+01
      vertex   4.164572e-01 1.106869e+01 1.177229e+01
    endloop
  endfacet
  facet normal 6.231630e-01 7.263772e-01 -2.899034e-01
    outer loop
      vertex   4.164572e-01 1.106869e+01 1.177229e+01
      vertex   3.412999e-01 1.112276e+01 1.174621e+01
      vertex   4.119427e-01 1.112388e+01 1.190087e+01
    endloop
  endfacet
  facet normal 6.877747e-01 6.755113e-01 -2.658014e-01
    outer loop
      vertex   4.164572e-01 1.106869e+01 1.177229e+01
      vertex   4.119427e-01 1.112388e+01 1.190087e+01
      vertex   4.877636e-01 1.105899e+01 1.193216e+01
    endloop
  endfacet
  facet normal 6.842678e-01 6.983585e-01 -2.099356e-01
    outer loop
      vertex   4.877636e-01 1.105899e+01 1.193216e+01
      vertex   4.119427e-01 1.112388e+01 1.190087e+01
      vertex   4.825724e-01 1.114493e+01 1.220110e+01
    endloop
  endfacet
  facet normal 6.887735e-01 6.508617e-01 -3.193276e-01
    outer loop
      vertex   4.119427e-01 1.112388e+01 1.190087e+01
      vertex   3.412999e-01 1.112276e+01 1.174621e+01
      vertex   3.361218e-01 1.118876e+01 1.186957e+01
    endloop
  endfacet
  facet normal 6.240596e-01 6.995554e-01 -3.480973e-01
    outer loop
      vertex   3.361218e-01 1.118876e+01 1.186957e+01
      vertex   3.412999e-01 1.112276e+01 1.174621e+01
      vertex   2.661425e-01 1.117683e+01 1.172014e+01
    endloop
  endfacet
  facet normal 6.197399e-01 7.500612e-01 -2.309341e-01
    outer loop
      vertex   4.916146e-01 1.101462e+01 1.179837e+01
      vertex   5.667719e-01 1.096055e+01 1.182445e+01
      vertex   4.954655e-01 1.097025e+01 1.166458e+01
    endloop
  endfacet
  facet normal 5.319498e-01 8.258284e-01 -1.871813e-01
    outer loop
      vertex   4.954655e-01 1.097025e+01 1.166458e+01
      vertex   5.667719e-01 1.096055e+01 1.182445e+01
      vertex   5.699593e-01 1.092699e+01 1.168545e+01
    endloop
  endfacet
  facet normal 5.377138e-01 8.047626e-01 -2.514379e-01
    outer loop
      vertex   4.954655e-01 1.097025e+01 1.166458e+01
      vertex   5.699593e-01 1.092699e+01 1.168545e+01
      vertex   4.993165e-01 1.092587e+01 1.153080e+01
    endloop
  endfacet
  facet normal 4.296159e-01 8.799897e-01 -2.026039e-01
    outer loop
      vertex   4.993165e-01 1.092587e+01 1.153080e+01
      vertex   5.699593e-01 1.092699e+01 1.168545e+01
      vertex   5.731466e-01 1.089343e+01 1.154644e+01
    endloop
  endfacet
  facet normal 6.139133e-01 7.704233e-01 -1.719255e-01
    outer loop
      vertex   5.667719e-01 1.096055e+01 1.182445e+01
      vertex   6.419293e-01 1.090648e+01 1.185053e+01
      vertex   5.699593e-01 1.092699e+01 1.168545e+01
    endloop
  endfacet
  facet normal 5.239762e-01 8.426969e-01 -1.237369e-01
    outer loop
      vertex   5.699593e-01 1.092699e+01 1.168545e+01
      vertex   6.419293e-01 1.090648e+01 1.185053e+01
      vertex   6.444530e-01 1.088374e+01 1.170631e+01
    endloop
  endfacet
  facet normal 5.319498e-01 8.258284e-01 -1.871813e-01
    outer loop
      vertex   5.699593e-01 1.092699e+01 1.168545e+01
      vertex   6.444530e-01 1.088374e+01 1.170631e+01
      vertex   5.731466e-01 1.089343e+01 1.154644e+01
    endloop
  endfacet
  facet normal 4.223244e-01 8.964855e-01 -1.339991e-01
    outer loop
      vertex   5.731466e-01 1.089343e+01 1.154644e+01
      vertex   6.444530e-01 1.088374e+01 1.170631e+01
      vertex   6.469768e-01 1.086099e+01 1.156209e+01
    endloop
  endfacet
  facet normal 6.139133e-01 7.704233e-01 -1.719255e-01
    outer loop
      vertex   4.916146e-01 1.101462e+01 1.179837e+01
      vertex   5.635845e-01 1.099411e+01 1.196346e+01
      vertex   5.667719e-01 1.096055e+01 1.182445e+01
    endloop
  endfacet
  facet normal 6.787991e-01 7.172146e-01 -1.575915e-01
    outer loop
      vertex   5.667719e-01 1.096055e+01 1.182445e+01
      vertex   5.635845e-01 1.099411e+01 1.196346e+01
      vertex   6.394055e-01 1.092923e+01 1.199475e+01
    endloop
  endfacet
  facet normal 6.058843e-01 7.874028e-01 -1.135828e-01
    outer loop
      vertex   5.667719e-01 1.096055e+01 1.182445e+01
      vertex   6.394055e-01 1.092923e+01 1.199475e+01
      vertex   6.419293e-01 1.090648e+01 1.185053e+01
    endloop
  endfacet
  facet normal 6.710898e-01 7.340416e-01 -1.040259e-01
    outer loop
      vertex   6.419293e-01 1.090648e+01 1.185053e+01
      vertex   6.394055e-01 1.092923e+01 1.199475e+01
      vertex   7.152264e-01 1.086434e+01 1.202604e+01
    endloop
  endfacet
  facet normal 5.959139e-01 8.010553e-01 -5.654271e-02
    outer loop
      vertex   6.419293e-01 1.090648e+01 1.185053e+01
      vertex   7.152264e-01 1.086434e+01 1.202604e+01
      vertex   7.170866e-01 1.085241e+01 1.187661e+01
    endloop
  endfacet
  facet normal 6.058843e-01 7.874028e-01 -1.135828e-01
    outer loop
      vertex   6.419293e-01 1.090648e+01 1.185053e+01
      vertex   7.170866e-01 1.085241e+01 1.187661e+01
      vertex   6.444530e-01 1.088374e+01 1.170631e+01
    endloop
  endfacet
  facet normal 5.140929e-01 8.554974e-01 -6.190820e-02
    outer loop
      vertex   6.444530e-01 1.088374e+01 1.170631e+01
      vertex   7.170866e-01 1.085241e+01 1.187661e+01
      vertex   7.189468e-01 1.084048e+01 1.172717e+01
    endloop
  endfacet
  facet normal 5.239762e-01 8.426969e-01 -1.237369e-01
    outer loop
      vertex   6.444530e-01 1.088374e+01 1.170631e+01
      vertex   7.189468e-01 1.084048e+01 1.172717e+01
      vertex   6.469768e-01 1.086099e+01 1.156209e+01
    endloop
  endfacet
  facet normal 4.133043e-01 9.080979e-01 -6.736275e-02
    outer loop
      vertex   6.469768e-01 1.086099e+01 1.156209e+01
      vertex   7.189468e-01 1.084048e+01 1.172717e+01
      vertex   7.208070e-01 1.082855e+01 1.157774e+01
    endloop
  endfacet
  facet normal 3.541841e-01 9.099997e-01 2.155325e-01
    outer loop
      vertex   9.422976e-01 1.073122e+01 1.162468e+01
      vertex   1.091416e+00 1.062420e+01 1.183149e+01
      vertex   1.089958e+00 1.066634e+01 1.165597e+01
    endloop
  endfacet
  facet normal 5.377138e-01 8.047626e-01 -2.514379e-01
    outer loop
      vertex   4.916146e-01 1.101462e+01 1.179837e+01
      vertex   4.954655e-01 1.097025e+01 1.166458e+01
      vertex   4.209718e-01 1.101350e+01 1.164372e+01
    endloop
  endfacet
  facet normal 5.410357e-01 7.795348e-01 -3.156040e-01
    outer loop
      vertex   4.209718e-01 1.101350e+01 1.164372e+01
      vertex   4.954655e-01 1.097025e+01 1.166458e+01
      vertex   4.254863e-01 1.095832e+01 1.151515e+01
    endloop
  endfacet
  facet normal 4.378266e-01 8.316384e-01 -3.415925e-01
    outer loop
      vertex   4.209718e-01 1.101350e+01 1.164372e+01
      vertex   4.254863e-01 1.095832e+01 1.151515e+01
      vertex   3.516561e-01 1.099076e+01 1.149950e+01
    endloop
  endfacet
  facet normal 4.348647e-01 8.583767e-01 -2.721804e-01
    outer loop
      vertex   4.254863e-01 1.095832e+01 1.151515e+01
      vertex   4.954655e-01 1.097025e+01 1.166458e+01
      vertex   4.993165e-01 1.092587e+01 1.153080e+01
    endloop
  endfacet
  facet normal 5.354932e-01 6.818789e-01 -4.982852e-01
    outer loop
      vertex   2.039957e-01 1.105564e+01 1.146821e+01
      vertex   1.974905e-01 1.114327e+01 1.158113e+01
      vertex   2.719842e-01 1.110001e+01 1.160199e+01
    endloop
  endfacet
  facet normal 5.399012e-01 7.176280e-01 -4.399054e-01
    outer loop
      vertex   2.719842e-01 1.110001e+01 1.160199e+01
      vertex   1.974905e-01 1.114327e+01 1.158113e+01
      vertex   2.661425e-01 1.117683e+01 1.172014e+01
    endloop
  endfacet
  facet normal 4.364283e-01 7.640210e-01 -4.751865e-01
    outer loop
      vertex   2.039957e-01 1.105564e+01 1.146821e+01
      vertex   2.719842e-01 1.110001e+01 1.160199e+01
      vertex   2.778259e-01 1.102320e+01 1.148385e+01
    endloop
  endfacet
  facet normal 6.842678e-01 6.983585e-01 -2.099356e-01
    outer loop
      vertex   3.361218e-01 1.118876e+01 1.186957e+01
      vertex   4.825724e-01 1.114493e+01 1.220110e+01
      vertex   4.119427e-01 1.112388e+01 1.190087e+01
    endloop
  endfacet
  facet normal 4.321372e-01 7.243476e-01 -5.371946e-01
    outer loop
      vertex   2.072484e-01 1.101183e+01 1.141174e+01
      vertex   2.039957e-01 1.105564e+01 1.146821e+01
      vertex   2.778259e-01 1.102320e+01 1.148385e+01
    endloop
  endfacet
  facet normal -1.520451e-01 6.703987e-01 -7.262560e-01
    outer loop
      vertex   6.416779e-02 1.101127e+01 1.133442e+01
      vertex   7.983264e-02 1.079275e+01 1.112943e+01
      vertex   -5.901780e-04 1.089120e+01 1.123714e+01
    endloop
  endfacet
  facet normal 9.170504e-10 7.381423e-01 -6.746451e-01
    outer loop
      vertex   -5.901780e-04 1.089120e+01 1.123714e+01
      vertex   7.983264e-02 1.079275e+01 1.112943e+01
      vertex   -1.101946e-01 1.079275e+01 1.112943e+01
    endloop
  endfacet
  facet normal -1.609235e-01 8.045852e-01 -5.716172e-01
    outer loop
      vertex   -5.901780e-04 1.089120e+01 1.123714e+01
      vertex   -1.101946e-01 1.079275e+01 1.112943e+01
      vertex   -7.318057e-02 1.088038e+01 1.124236e+01
    endloop
  endfacet
  facet normal -1.609235e-01 8.045852e-01 -5.716172e-01
    outer loop
      vertex   -7.318057e-02 1.088038e+01 1.124236e+01
      vertex   -1.101946e-01 1.079275e+01 1.112943e+01
      vertex   -1.457710e-01 1.086957e+01 1.124757e+01
    endloop
  endfacet
  facet normal -1.593053e-01 7.736176e-01 -6.133006e-01
    outer loop
      vertex   -7.318057e-02 1.088038e+01 1.124236e+01
      vertex   -1.457710e-01 1.086957e+01 1.124757e+01
      vertex   -7.777662e-02 1.092420e+01 1.129882e+01
    endloop
  endfacet
  facet normal -2.373733e-01 8.052137e-01 -5.434012e-01
    outer loop
      vertex   -7.777662e-02 1.092420e+01 1.129882e+01
      vertex   -1.457710e-01 1.086957e+01 1.124757e+01
      vertex   -1.507069e-01 1.090798e+01 1.130664e+01
    endloop
  endfacet
  facet normal -2.339631e-01 7.587865e-01 -6.078687e-01
    outer loop
      vertex   -7.777662e-02 1.092420e+01 1.129882e+01
      vertex   -1.507069e-01 1.090798e+01 1.130664e+01
      vertex   -8.237267e-02 1.096801e+01 1.135528e+01
    endloop
  endfacet
  facet normal -3.082516e-01 7.855584e-01 -5.365436e-01
    outer loop
      vertex   -8.237267e-02 1.096801e+01 1.135528e+01
      vertex   -1.507069e-01 1.090798e+01 1.130664e+01
      vertex   -1.556429e-01 1.094639e+01 1.136571e+01
    endloop
  endfacet
  facet normal -3.039056e-01 7.405227e-01 -5.993892e-01
    outer loop
      vertex   -8.237267e-02 1.096801e+01 1.135528e+01
      vertex   -1.556429e-01 1.094639e+01 1.136571e+01
      vertex   -8.696872e-02 1.101183e+01 1.141174e+01
    endloop
  endfacet
  facet normal -3.736487e-01 7.630587e-01 -5.273785e-01
    outer loop
      vertex   -8.696872e-02 1.101183e+01 1.141174e+01
      vertex   -1.556429e-01 1.094639e+01 1.136571e+01
      vertex   -1.605789e-01 1.098480e+01 1.142478e+01
    endloop
  endfacet
  facet normal -3.685282e-01 7.196563e-01 -5.884571e-01
    outer loop
      vertex   -8.696872e-02 1.101183e+01 1.141174e+01
      vertex   -1.605789e-01 1.098480e+01 1.142478e+01
      vertex   -9.156477e-02 1.105564e+01 1.146820e+01
    endloop
  endfacet
  facet normal -4.332801e-01 7.386045e-01 -5.164608e-01
    outer loop
      vertex   -9.156477e-02 1.105564e+01 1.146820e+01
      vertex   -1.605789e-01 1.098480e+01 1.142478e+01
      vertex   -1.655148e-01 1.102320e+01 1.148385e+01
    endloop
  endfacet
  facet normal -4.275539e-01 6.969916e-01 -5.756738e-01
    outer loop
      vertex   -9.156477e-02 1.105564e+01 1.146820e+01
      vertex   -1.655148e-01 1.102320e+01 1.148385e+01
      vertex   -9.616082e-02 1.109946e+01 1.152467e+01
    endloop
  endfacet
  facet normal -4.871473e-01 7.129935e-01 -5.043092e-01
    outer loop
      vertex   -9.616082e-02 1.109946e+01 1.152467e+01
      vertex   -1.655148e-01 1.102320e+01 1.148385e+01
      vertex   -1.704508e-01 1.106161e+01 1.154292e+01
    endloop
  endfacet
  facet normal -4.809776e-01 6.732508e-01 -5.615994e-01
    outer loop
      vertex   -9.616082e-02 1.109946e+01 1.152467e+01
      vertex   -1.704508e-01 1.106161e+01 1.154292e+01
      vertex   -1.007569e-01 1.114328e+01 1.158113e+01
    endloop
  endfacet
  facet normal -5.354639e-01 6.868963e-01 -4.913776e-01
    outer loop
      vertex   -1.007569e-01 1.114328e+01 1.158113e+01
      vertex   -1.704508e-01 1.106161e+01 1.154292e+01
      vertex   -1.753868e-01 1.110002e+01 1.160199e+01
    endloop
  endfacet
  facet normal -5.289964e-01 6.490431e-01 -5.467228e-01
    outer loop
      vertex   -1.007569e-01 1.114328e+01 1.158113e+01
      vertex   -1.753868e-01 1.110002e+01 1.160199e+01
      vertex   -1.099490e-01 1.123091e+01 1.169405e+01
    endloop
  endfacet
  facet normal -6.169347e-01 6.352458e-01 -4.646013e-01
    outer loop
      vertex   -1.099490e-01 1.123091e+01 1.169405e+01
      vertex   -1.753868e-01 1.110002e+01 1.160199e+01
      vertex   -1.852587e-01 1.117684e+01 1.172013e+01
    endloop
  endfacet
  facet normal -6.102226e-01 6.010584e-01 -5.160981e-01
    outer loop
      vertex   -1.099490e-01 1.123091e+01 1.169405e+01
      vertex   -1.852587e-01 1.117684e+01 1.172013e+01
      vertex   -1.191411e-01 1.131854e+01 1.180698e+01
    endloop
  endfacet
  facet normal -6.811857e-01 5.864536e-01 -4.382445e-01
    outer loop
      vertex   -1.191411e-01 1.131854e+01 1.180698e+01
      vertex   -1.852587e-01 1.117684e+01 1.172013e+01
      vertex   -1.951307e-01 1.125366e+01 1.183827e+01
    endloop
  endfacet
  facet normal -6.745538e-01 5.556176e-01 -4.860723e-01
    outer loop
      vertex   -1.191411e-01 1.131854e+01 1.180698e+01
      vertex   -1.951307e-01 1.125366e+01 1.183827e+01
      vertex   -1.283332e-01 1.140617e+01 1.191990e+01
    endloop
  endfacet
  facet normal -7.317838e-01 5.418088e-01 -4.134436e-01
    outer loop
      vertex   -1.283332e-01 1.140617e+01 1.191990e+01
      vertex   -1.951307e-01 1.125366e+01 1.183827e+01
      vertex   -2.050026e-01 1.133047e+01 1.195641e+01
    endloop
  endfacet
  facet normal -7.270493e-01 5.204249e-01 -4.478362e-01
    outer loop
      vertex   -1.283332e-01 1.140617e+01 1.191990e+01
      vertex   -2.050026e-01 1.133047e+01 1.195641e+01
      vertex   -1.553006e-01 1.147392e+01 1.204242e+01
    endloop
  endfacet
  facet normal -7.270493e-01 5.204249e-01 -4.478362e-01
    outer loop
      vertex   -1.553006e-01 1.147392e+01 1.204242e+01
      vertex   -2.050026e-01 1.133047e+01 1.195641e+01
      vertex   -2.433373e-01 1.129263e+01 1.197467e+01
    endloop
  endfacet
  facet normal -7.741475e-01 5.140038e-01 -3.694533e-01
    outer loop
      vertex   -1.553006e-01 1.147392e+01 1.204242e+01
      vertex   -2.433373e-01 1.129263e+01 1.197467e+01
      vertex   -3.277744e-01 1.128102e+01 1.213545e+01
    endloop
  endfacet
  facet normal -7.374653e-01 5.803825e-01 -3.453998e-01
    outer loop
      vertex   -3.277744e-01 1.128102e+01 1.213545e+01
      vertex   -2.433373e-01 1.129263e+01 1.197467e+01
      vertex   -2.816720e-01 1.125478e+01 1.199292e+01
    endloop
  endfacet
  facet normal -7.374653e-01 5.803825e-01 -3.453998e-01
    outer loop
      vertex   -3.277744e-01 1.128102e+01 1.213545e+01
      vertex   -2.816720e-01 1.125478e+01 1.199292e+01
      vertex   -4.350109e-01 1.110339e+01 1.206594e+01
    endloop
  endfacet
  facet normal -7.385282e-01 6.175404e-01 -2.705921e-01
    outer loop
      vertex   -4.350109e-01 1.110339e+01 1.206594e+01
      vertex   -2.816720e-01 1.125478e+01 1.199292e+01
      vertex   -4.230994e-01 1.105902e+01 1.193215e+01
    endloop
  endfacet
  facet normal -6.875211e-01 6.687358e-01 -2.830323e-01
    outer loop
      vertex   -4.350109e-01 1.110339e+01 1.206594e+01
      vertex   -4.230994e-01 1.105902e+01 1.193215e+01
      vertex   -4.990890e-01 1.099414e+01 1.196344e+01
    endloop
  endfacet
  facet normal -6.848992e-01 6.916971e-01 -2.290594e-01
    outer loop
      vertex   -4.990890e-01 1.099414e+01 1.196344e+01
      vertex   -4.230994e-01 1.105902e+01 1.193215e+01
      vertex   -4.864977e-01 1.096057e+01 1.182444e+01
    endloop
  endfacet
  facet normal -6.193845e-01 7.485106e-01 -2.368432e-01
    outer loop
      vertex   -4.990890e-01 1.099414e+01 1.196344e+01
      vertex   -4.864977e-01 1.096057e+01 1.182444e+01
      vertex   -5.618074e-01 1.090651e+01 1.185052e+01
    endloop
  endfacet
  facet normal -6.137886e-01 7.691834e-01 -1.778212e-01
    outer loop
      vertex   -5.618074e-01 1.090651e+01 1.185052e+01
      vertex   -4.864977e-01 1.096057e+01 1.182444e+01
      vertex   -5.485363e-01 1.088376e+01 1.170630e+01
    endloop
  endfacet
  facet normal -5.303765e-01 8.285392e-01 -1.795090e-01
    outer loop
      vertex   -5.618074e-01 1.090651e+01 1.185052e+01
      vertex   -5.485363e-01 1.088376e+01 1.170630e+01
      vertex   -6.231662e-01 1.084050e+01 1.172716e+01
    endloop
  endfacet
  facet normal -5.221647e-01 8.448859e-01 -1.162409e-01
    outer loop
      vertex   -6.231662e-01 1.084050e+01 1.172716e+01
      vertex   -5.485363e-01 1.088376e+01 1.170630e+01
      vertex   -6.161907e-01 1.083453e+01 1.165245e+01
    endloop
  endfacet
  facet normal -4.730646e-01 8.736273e-01 -1.139529e-01
    outer loop
      vertex   -6.231662e-01 1.084050e+01 1.172716e+01
      vertex   -6.161907e-01 1.083453e+01 1.165245e+01
      vertex   -6.904807e-01 1.079669e+01 1.167070e+01
    endloop
  endfacet
  facet normal -4.631346e-01 8.848625e-01 -5.024596e-02
    outer loop
      vertex   -6.904807e-01 1.079669e+01 1.167070e+01
      vertex   -6.161907e-01 1.083453e+01 1.165245e+01
      vertex   -6.831653e-01 1.079613e+01 1.159338e+01
    endloop
  endfacet
  facet normal -4.093386e-01 9.112549e-01 -4.534829e-02
    outer loop
      vertex   -6.904807e-01 1.079669e+01 1.167070e+01
      vertex   -6.831653e-01 1.079613e+01 1.159338e+01
      vertex   -7.571154e-01 1.076369e+01 1.160902e+01
    endloop
  endfacet
  facet normal -3.985693e-01 9.169730e-01 1.740635e-02
    outer loop
      vertex   -7.571154e-01 1.076369e+01 1.160902e+01
      vertex   -6.831653e-01 1.079613e+01 1.159338e+01
      vertex   -7.494601e-01 1.076853e+01 1.152909e+01
    endloop
  endfacet
  facet normal -3.408364e-01 9.398080e-01 2.431964e-02
    outer loop
      vertex   -7.571154e-01 1.076369e+01 1.160902e+01
      vertex   -7.494601e-01 1.076853e+01 1.152909e+01
      vertex   -8.230702e-01 1.074150e+01 1.154213e+01
    endloop
  endfacet
  facet normal -3.302307e-01 9.400860e-01 8.477039e-02
    outer loop
      vertex   -8.230702e-01 1.074150e+01 1.154213e+01
      vertex   -7.494601e-01 1.076853e+01 1.152909e+01
      vertex   -8.150750e-01 1.075175e+01 1.145959e+01
    endloop
  endfacet
  facet normal -2.696731e-01 9.584585e-01 9.291817e-02
    outer loop
      vertex   -8.230702e-01 1.074150e+01 1.154213e+01
      vertex   -8.150750e-01 1.075175e+01 1.145959e+01
      vertex   -8.883452e-01 1.073012e+01 1.147002e+01
    endloop
  endfacet
  facet normal -2.601940e-01 9.538441e-01 1.499350e-01
    outer loop
      vertex   -8.883452e-01 1.073012e+01 1.147002e+01
      vertex   -8.150750e-01 1.075175e+01 1.145959e+01
      vertex   -8.800101e-01 1.074578e+01 1.138487e+01
    endloop
  endfacet
  facet normal -1.981264e-01 9.672795e-01 1.584815e-01
    outer loop
      vertex   -8.883452e-01 1.073012e+01 1.147002e+01
      vertex   -8.800101e-01 1.074578e+01 1.138487e+01
      vertex   -9.529404e-01 1.072956e+01 1.139270e+01
    endloop
  endfacet
  facet normal -1.905480e-01 9.586716e-01 2.112823e-01
    outer loop
      vertex   -9.529404e-01 1.072956e+01 1.139270e+01
      vertex   -8.800101e-01 1.074578e+01 1.138487e+01
      vertex   -9.442653e-01 1.075062e+01 1.130494e+01
    endloop
  endfacet
  facet normal -1.283010e-01 9.671462e-01 2.194700e-01
    outer loop
      vertex   -9.529404e-01 1.072956e+01 1.139270e+01
      vertex   -9.442653e-01 1.075062e+01 1.130494e+01
      vertex   -1.016856e+00 1.073981e+01 1.131016e+01
    endloop
  endfacet
  facet normal -1.180833e-01 9.429058e-01 3.114241e-01
    outer loop
      vertex   -1.016856e+00 1.073981e+01 1.131016e+01
      vertex   -9.442653e-01 1.075062e+01 1.130494e+01
      vertex   -1.070736e+00 1.079275e+01 1.112943e+01
    endloop
  endfacet
  facet normal -1.180833e-01 9.429058e-01 3.114241e-01
    outer loop
      vertex   -1.016856e+00 1.073981e+01 1.131016e+01
      vertex   -1.070736e+00 1.079275e+01 1.112943e+01
      vertex   -1.089446e+00 1.072900e+01 1.131537e+01
    endloop
  endfacet
  facet normal 0.000000e+00 9.491472e-01 -3.148328e-01
    outer loop
      vertex   -5.904655e-01 1.079275e+01 1.112943e+01
      vertex   -3.635422e-01 1.083713e+01 1.126322e+01
      vertex   -1.101946e-01 1.079275e+01 1.112943e+01
    endloop
  endfacet
  facet normal -1.609235e-01 8.045852e-01 -5.716172e-01
    outer loop
      vertex   -1.101946e-01 1.079275e+01 1.112943e+01
      vertex   -3.635422e-01 1.083713e+01 1.126322e+01
      vertex   -2.183614e-01 1.085876e+01 1.125279e+01
    endloop
  endfacet
  facet normal -1.609235e-01 8.045852e-01 -5.716172e-01
    outer loop
      vertex   -1.101946e-01 1.079275e+01 1.112943e+01
      vertex   -2.183614e-01 1.085876e+01 1.125279e+01
      vertex   -1.820662e-01 1.086416e+01 1.125018e+01
    endloop
  endfacet
  facet normal -1.624274e-01 8.432310e-01 -5.124244e-01
    outer loop
      vertex   -1.820662e-01 1.086416e+01 1.125018e+01
      vertex   -2.183614e-01 1.085876e+01 1.125279e+01
      vertex   -1.871721e-01 1.089987e+01 1.131055e+01
    endloop
  endfacet
  facet normal -2.385343e-01 8.269224e-01 -5.092159e-01
    outer loop
      vertex   -1.820662e-01 1.086416e+01 1.125018e+01
      vertex   -1.871721e-01 1.089987e+01 1.131055e+01
      vertex   -1.507069e-01 1.090798e+01 1.130664e+01
    endloop
  endfacet
  facet normal -2.373733e-01 8.052137e-01 -5.434012e-01
    outer loop
      vertex   -1.507069e-01 1.090798e+01 1.130664e+01
      vertex   -1.871721e-01 1.089987e+01 1.131055e+01
      vertex   -1.556429e-01 1.094639e+01 1.136571e+01
    endloop
  endfacet
  facet normal -0.000000e+00 9.923753e-01 1.232526e-01
    outer loop
      vertex   -1.070736e+00 1.079275e+01 1.112943e+01
      vertex   -7.990845e-01 1.077225e+01 1.129451e+01
      vertex   -5.904655e-01 1.079275e+01 1.112943e+01
    endloop
  endfacet
  facet normal -1.518624e-01 9.859580e-01 -6.946031e-02
    outer loop
      vertex   -5.904655e-01 1.079275e+01 1.112943e+01
      vertex   -7.990845e-01 1.077225e+01 1.129451e+01
      vertex   -7.264941e-01 1.078306e+01 1.128929e+01
    endloop
  endfacet
  facet normal -1.518624e-01 9.859580e-01 -6.946031e-02
    outer loop
      vertex   -5.904655e-01 1.079275e+01 1.112943e+01
      vertex   -7.264941e-01 1.078306e+01 1.128929e+01
      vertex   -6.539037e-01 1.079388e+01 1.128408e+01
    endloop
  endfacet
  facet normal -1.487988e-01 9.886389e-01 -2.126182e-02
    outer loop
      vertex   -6.539037e-01 1.079388e+01 1.128408e+01
      vertex   -7.264941e-01 1.078306e+01 1.128929e+01
      vertex   -6.612191e-01 1.079444e+01 1.136140e+01
    endloop
  endfacet
  facet normal -2.198645e-01 9.751317e-01 -2.788696e-02
    outer loop
      vertex   -6.539037e-01 1.079388e+01 1.128408e+01
      vertex   -6.612191e-01 1.079444e+01 1.136140e+01
      vertex   -5.882888e-01 1.081066e+01 1.135358e+01
    endloop
  endfacet
  facet normal -2.261021e-01 9.691083e-01 -9.852393e-02
    outer loop
      vertex   -5.882888e-01 1.081066e+01 1.135358e+01
      vertex   -6.612191e-01 1.079444e+01 1.136140e+01
      vertex   -5.952643e-01 1.081663e+01 1.142830e+01
    endloop
  endfacet
  facet normal -2.950863e-01 9.498563e-01 -1.034263e-01
    outer loop
      vertex   -5.882888e-01 1.081066e+01 1.135358e+01
      vertex   -5.952643e-01 1.081663e+01 1.142830e+01
      vertex   -5.219941e-01 1.083825e+01 1.141787e+01
    endloop
  endfacet
  facet normal -3.016018e-01 9.371263e-01 -1.755865e-01
    outer loop
      vertex   -5.219941e-01 1.083825e+01 1.141787e+01
      vertex   -5.952643e-01 1.081663e+01 1.142830e+01
      vertex   -5.286296e-01 1.084963e+01 1.148997e+01
    endloop
  endfacet
  facet normal -3.668428e-01 9.131329e-01 -1.778051e-01
    outer loop
      vertex   -5.219941e-01 1.083825e+01 1.141787e+01
      vertex   -5.286296e-01 1.084963e+01 1.148997e+01
      vertex   -4.550195e-01 1.087666e+01 1.147694e+01
    endloop
  endfacet
  facet normal -3.724751e-01 8.938545e-01 -2.495724e-01
    outer loop
      vertex   -4.550195e-01 1.087666e+01 1.147694e+01
      vertex   -5.286296e-01 1.084963e+01 1.148997e+01
      vertex   -4.613151e-01 1.089345e+01 1.154644e+01
    endloop
  endfacet
  facet normal -4.327283e-01 8.666127e-01 -2.484525e-01
    outer loop
      vertex   -4.550195e-01 1.087666e+01 1.147694e+01
      vertex   -4.613151e-01 1.089345e+01 1.154644e+01
      vertex   -3.873651e-01 1.092589e+01 1.153079e+01
    endloop
  endfacet
  facet normal -4.364887e-01 8.416262e-01 -3.180300e-01
    outer loop
      vertex   -3.873651e-01 1.092589e+01 1.153079e+01
      vertex   -4.613151e-01 1.089345e+01 1.154644e+01
      vertex   -3.933208e-01 1.094807e+01 1.159768e+01
    endloop
  endfacet
  facet normal -4.910748e-01 8.128148e-01 -3.133332e-01
    outer loop
      vertex   -3.873651e-01 1.092589e+01 1.153079e+01
      vertex   -3.933208e-01 1.094807e+01 1.159768e+01
      vertex   -2.447408e-01 1.102377e+01 1.156118e+01
    endloop
  endfacet
  facet normal -4.909833e-01 7.499597e-01 -4.432785e-01
    outer loop
      vertex   -2.447408e-01 1.102377e+01 1.156118e+01
      vertex   -3.933208e-01 1.094807e+01 1.159768e+01
      vertex   -2.500167e-01 1.105677e+01 1.162285e+01
    endloop
  endfacet
  facet normal -5.395573e-01 7.222941e-01 -4.326305e-01
    outer loop
      vertex   -2.447408e-01 1.102377e+01 1.156118e+01
      vertex   -2.500167e-01 1.105677e+01 1.162285e+01
      vertex   -2.127017e-01 1.107840e+01 1.161242e+01
    endloop
  endfacet
  facet normal -5.378203e-01 7.049439e-01 -4.623888e-01
    outer loop
      vertex   -2.127017e-01 1.107840e+01 1.161242e+01
      vertex   -2.500167e-01 1.105677e+01 1.162285e+01
      vertex   -2.229136e-01 1.114981e+01 1.173317e+01
    endloop
  endfacet
  facet normal -6.194293e-01 6.516581e-01 -4.377774e-01
    outer loop
      vertex   -2.127017e-01 1.107840e+01 1.161242e+01
      vertex   -2.229136e-01 1.114981e+01 1.173317e+01
      vertex   -1.852587e-01 1.117684e+01 1.172013e+01
    endloop
  endfacet
  facet normal -6.169347e-01 6.352458e-01 -4.646013e-01
    outer loop
      vertex   -1.852587e-01 1.117684e+01 1.172013e+01
      vertex   -2.229136e-01 1.114981e+01 1.173317e+01
      vertex   -1.951307e-01 1.125366e+01 1.183827e+01
    endloop
  endfacet
  facet normal -1.231209e-01 9.556148e-01 2.676595e-01
    outer loop
      vertex   -1.016856e+00 1.073981e+01 1.131016e+01
      vertex   -1.089446e+00 1.072900e+01 1.131537e+01
      vertex   -1.025871e+00 1.071334e+01 1.140052e+01
    endloop
  endfacet
  facet normal -1.757342e-01 9.365084e-01 3.034296e-01
    outer loop
      vertex   -1.025871e+00 1.071334e+01 1.140052e+01
      vertex   -1.089446e+00 1.072900e+01 1.131537e+01
      vertex   -1.108156e+00 1.066524e+01 1.150131e+01
    endloop
  endfacet
  facet normal -2.410644e-01 9.375931e-01 2.506135e-01
    outer loop
      vertex   -1.025871e+00 1.071334e+01 1.140052e+01
      vertex   -1.108156e+00 1.066524e+01 1.150131e+01
      vertex   -1.034886e+00 1.068687e+01 1.149088e+01
    endloop
  endfacet
  facet normal -2.410644e-01 9.375931e-01 2.506135e-01
    outer loop
      vertex   -1.034886e+00 1.068687e+01 1.149088e+01
      vertex   -1.108156e+00 1.066524e+01 1.150131e+01
      vertex   -1.043901e+00 1.066040e+01 1.158125e+01
    endloop
  endfacet
  facet normal -2.966505e-01 9.240503e-01 2.411008e-01
    outer loop
      vertex   -1.034886e+00 1.068687e+01 1.149088e+01
      vertex   -1.043901e+00 1.066040e+01 1.158125e+01
      vertex   -9.702905e-01 1.068743e+01 1.156821e+01
    endloop
  endfacet
  facet normal -3.079099e-01 9.315967e-01 1.931814e-01
    outer loop
      vertex   -9.702905e-01 1.068743e+01 1.156821e+01
      vertex   -1.043901e+00 1.066040e+01 1.158125e+01
      vertex   -9.789656e-01 1.066637e+01 1.165596e+01
    endloop
  endfacet
  facet normal -3.620612e-01 9.138983e-01 1.835800e-01
    outer loop
      vertex   -9.702905e-01 1.068743e+01 1.156821e+01
      vertex   -9.789656e-01 1.066637e+01 1.165596e+01
      vertex   -9.050155e-01 1.069881e+01 1.164032e+01
    endloop
  endfacet
  facet normal -3.746308e-01 9.177169e-01 1.320892e-01
    outer loop
      vertex   -9.050155e-01 1.069881e+01 1.164032e+01
      vertex   -9.789656e-01 1.066637e+01 1.165596e+01
      vertex   -9.133507e-01 1.068315e+01 1.172546e+01
    endloop
  endfacet
  facet normal -4.263079e-01 8.961674e-01 1.230676e-01
    outer loop
      vertex   -9.050155e-01 1.069881e+01 1.164032e+01
      vertex   -9.133507e-01 1.068315e+01 1.172546e+01
      vertex   -8.390607e-01 1.072099e+01 1.170721e+01
    endloop
  endfacet
  facet normal -4.394123e-01 8.956564e-01 6.867634e-02
    outer loop
      vertex   -8.390607e-01 1.072099e+01 1.170721e+01
      vertex   -9.133507e-01 1.068315e+01 1.172546e+01
      vertex   -8.470559e-01 1.071074e+01 1.178975e+01
    endloop
  endfacet
  facet normal -4.877062e-01 8.708796e-01 6.092108e-02
    outer loop
      vertex   -8.390607e-01 1.072099e+01 1.170721e+01
      vertex   -8.470559e-01 1.071074e+01 1.178975e+01
      vertex   -7.724260e-01 1.075400e+01 1.176889e+01
    endloop
  endfacet
  facet normal -5.004845e-01 8.657336e-01 4.539982e-03
    outer loop
      vertex   -7.724260e-01 1.075400e+01 1.176889e+01
      vertex   -8.470559e-01 1.071074e+01 1.178975e+01
      vertex   -7.877367e-01 1.074431e+01 1.192875e+01
    endloop
  endfacet
  facet normal -5.847402e-01 8.111918e-01 -6.835249e-03
    outer loop
      vertex   -7.724260e-01 1.075400e+01 1.176889e+01
      vertex   -7.877367e-01 1.074431e+01 1.192875e+01
      vertex   -7.124269e-01 1.079837e+01 1.190267e+01
    endloop
  endfacet
  facet normal -5.961908e-01 8.004281e-01 -6.222039e-02
    outer loop
      vertex   -7.124269e-01 1.079837e+01 1.190267e+01
      vertex   -7.877367e-01 1.074431e+01 1.192875e+01
      vertex   -7.270577e-01 1.079950e+01 1.205732e+01
    endloop
  endfacet
  facet normal -6.639125e-01 7.446919e-01 -6.822228e-02
    outer loop
      vertex   -7.124269e-01 1.079837e+01 1.190267e+01
      vertex   -7.270577e-01 1.079950e+01 1.205732e+01
      vertex   -6.510681e-01 1.086438e+01 1.202603e+01
    endloop
  endfacet
  facet normal -6.729213e-01 7.297313e-01 -1.211165e-01
    outer loop
      vertex   -6.510681e-01 1.086438e+01 1.202603e+01
      vertex   -7.270577e-01 1.079950e+01 1.205732e+01
      vertex   -6.650191e-01 1.087631e+01 1.217546e+01
    endloop
  endfacet
  facet normal -7.261056e-01 6.767011e-01 -1.218455e-01
    outer loop
      vertex   -6.510681e-01 1.086438e+01 1.202603e+01
      vertex   -6.650191e-01 1.087631e+01 1.217546e+01
      vertex   -5.883497e-01 1.095201e+01 1.213895e+01
    endloop
  endfacet
  facet normal -7.352594e-01 6.463741e-01 -2.039462e-01
    outer loop
      vertex   -5.883497e-01 1.095201e+01 1.213895e+01
      vertex   -6.650191e-01 1.087631e+01 1.217546e+01
      vertex   -5.509345e-01 1.103144e+01 1.225583e+01
    endloop
  endfacet
  facet normal -7.352594e-01 6.463741e-01 -2.039462e-01
    outer loop
      vertex   -5.883497e-01 1.095201e+01 1.213895e+01
      vertex   -5.509345e-01 1.103144e+01 1.225583e+01
      vertex   -5.116803e-01 1.102770e+01 1.210245e+01
    endloop
  endfacet
  facet normal -7.352594e-01 6.463741e-01 -2.039462e-01
    outer loop
      vertex   -5.116803e-01 1.102770e+01 1.210245e+01
      vertex   -5.509345e-01 1.103144e+01 1.225583e+01
      vertex   -4.350109e-01 1.110339e+01 1.206594e+01
    endloop
  endfacet
  facet normal -7.364648e-01 6.393285e-01 -2.210853e-01
    outer loop
      vertex   -5.116803e-01 1.102770e+01 1.210245e+01
      vertex   -4.350109e-01 1.110339e+01 1.206594e+01
      vertex   -4.990890e-01 1.099414e+01 1.196344e+01
    endloop
  endfacet
  facet normal -2.410644e-01 9.375931e-01 2.506135e-01
    outer loop
      vertex   -1.043901e+00 1.066040e+01 1.158125e+01
      vertex   -1.108156e+00 1.066524e+01 1.150131e+01
      vertex   -1.052916e+00 1.063393e+01 1.167161e+01
    endloop
  endfacet
  facet normal -3.368797e-01 9.005298e-01 2.748784e-01
    outer loop
      vertex   -1.052916e+00 1.063393e+01 1.167161e+01
      vertex   -1.108156e+00 1.066524e+01 1.150131e+01
      vertex   -1.145576e+00 1.053773e+01 1.187320e+01
    endloop
  endfacet
  facet normal -4.455009e-01 8.701897e-01 2.104726e-01
    outer loop
      vertex   -1.052916e+00 1.063393e+01 1.167161e+01
      vertex   -1.145576e+00 1.053773e+01 1.187320e+01
      vertex   -1.061931e+00 1.060745e+01 1.176197e+01
    endloop
  endfacet
  facet normal -4.455009e-01 8.701897e-01 2.104726e-01
    outer loop
      vertex   -1.061931e+00 1.060745e+01 1.176197e+01
      vertex   -1.145576e+00 1.053773e+01 1.187320e+01
      vertex   -1.070946e+00 1.058098e+01 1.185233e+01
    endloop
  endfacet
  facet normal -4.455009e-01 8.701897e-01 2.104726e-01
    outer loop
      vertex   -1.061931e+00 1.060745e+01 1.176197e+01
      vertex   -1.070946e+00 1.058098e+01 1.185233e+01
      vertex   -9.963158e-01 1.062424e+01 1.183147e+01
    endloop
  endfacet
  facet normal -4.599304e-01 8.726767e-01 1.640103e-01
    outer loop
      vertex   -9.963158e-01 1.062424e+01 1.183147e+01
      vertex   -1.070946e+00 1.058098e+01 1.185233e+01
      vertex   -1.013666e+00 1.058211e+01 1.200698e+01
    endloop
  endfacet
  facet normal -5.434877e-01 8.268428e-01 1.447482e-01
    outer loop
      vertex   -9.963158e-01 1.062424e+01 1.183147e+01
      vertex   -1.013666e+00 1.058211e+01 1.200698e+01
      vertex   -9.383562e-01 1.063617e+01 1.198091e+01
    endloop
  endfacet
  facet normal -5.580848e-01 8.241047e-01 9.691606e-02
    outer loop
      vertex   -9.383562e-01 1.063617e+01 1.198091e+01
      vertex   -1.013666e+00 1.058211e+01 1.200698e+01
      vertex   -9.550265e-01 1.060486e+01 1.215120e+01
    endloop
  endfacet
  facet normal -6.277101e-01 7.742290e-01 8.092856e-02
    outer loop
      vertex   -9.383562e-01 1.063617e+01 1.198091e+01
      vertex   -9.550265e-01 1.060486e+01 1.215120e+01
      vertex   -8.790369e-01 1.066974e+01 1.211991e+01
    endloop
  endfacet
  facet normal -6.410396e-01 7.667919e-01 3.314076e-02
    outer loop
      vertex   -8.790369e-01 1.066974e+01 1.211991e+01
      vertex   -9.550265e-01 1.060486e+01 1.215120e+01
      vertex   -8.950274e-01 1.064923e+01 1.228499e+01
    endloop
  endfacet
  facet normal -6.972068e-01 7.165488e-01 2.145994e-02
    outer loop
      vertex   -8.790369e-01 1.066974e+01 1.211991e+01
      vertex   -8.950274e-01 1.064923e+01 1.228499e+01
      vertex   -8.183580e-01 1.072493e+01 1.224848e+01
    endloop
  endfacet
  facet normal -7.159788e-01 6.953760e-01 -6.186000e-02
    outer loop
      vertex   -8.183580e-01 1.072493e+01 1.224848e+01
      vertex   -8.950274e-01 1.064923e+01 1.228499e+01
      vertex   -7.740946e-01 1.078186e+01 1.237621e+01
    endloop
  endfacet
  facet normal -7.159788e-01 6.953760e-01 -6.186000e-02
    outer loop
      vertex   -8.183580e-01 1.072493e+01 1.224848e+01
      vertex   -7.740946e-01 1.078186e+01 1.237621e+01
      vertex   -7.416885e-01 1.080062e+01 1.221197e+01
    endloop
  endfacet
  facet normal -7.159788e-01 6.953760e-01 -6.186000e-02
    outer loop
      vertex   -7.416885e-01 1.080062e+01 1.221197e+01
      vertex   -7.740946e-01 1.078186e+01 1.237621e+01
      vertex   -6.650191e-01 1.087631e+01 1.217546e+01
    endloop
  endfacet
  facet normal -7.180686e-01 6.921371e-01 -7.296390e-02
    outer loop
      vertex   -7.416885e-01 1.080062e+01 1.221197e+01
      vertex   -6.650191e-01 1.087631e+01 1.217546e+01
      vertex   -7.270577e-01 1.079950e+01 1.205732e+01
    endloop
  endfacet
  facet normal -4.455009e-01 8.701897e-01 2.104726e-01
    outer loop
      vertex   -1.070946e+00 1.058098e+01 1.185233e+01
      vertex   -1.145576e+00 1.053773e+01 1.187320e+01
      vertex   -1.088976e+00 1.052804e+01 1.203306e+01
    endloop
  endfacet
  facet normal -5.130859e-01 8.264590e-01 2.317506e-01
    outer loop
      vertex   -1.088976e+00 1.052804e+01 1.203306e+01
      vertex   -1.145576e+00 1.053773e+01 1.187320e+01
      vertex   -1.182995e+00 1.041022e+01 1.224508e+01
    endloop
  endfacet
  facet normal -5.985825e-01 7.828954e-01 1.696281e-01
    outer loop
      vertex   -1.088976e+00 1.052804e+01 1.203306e+01
      vertex   -1.182995e+00 1.041022e+01 1.224508e+01
      vertex   -1.107006e+00 1.047510e+01 1.221379e+01
    endloop
  endfacet
  facet normal -5.985825e-01 7.828954e-01 1.696281e-01
    outer loop
      vertex   -1.107006e+00 1.047510e+01 1.221379e+01
      vertex   -1.182995e+00 1.041022e+01 1.224508e+01
      vertex   -1.125036e+00 1.042215e+01 1.239451e+01
    endloop
  endfacet
  facet normal -6.572526e-01 7.384395e-01 1.507518e-01
    outer loop
      vertex   -1.107006e+00 1.047510e+01 1.221379e+01
      vertex   -1.125036e+00 1.042215e+01 1.239451e+01
      vertex   -1.048366e+00 1.049785e+01 1.235800e+01
    endloop
  endfacet
  facet normal -6.833265e-01 7.266071e-01 7.146333e-02
    outer loop
      vertex   -1.048366e+00 1.049785e+01 1.235800e+01
      vertex   -1.125036e+00 1.042215e+01 1.239451e+01
      vertex   -9.972547e-01 1.053228e+01 1.249659e+01
    endloop
  endfacet
  facet normal -6.833265e-01 7.266071e-01 7.146333e-02
    outer loop
      vertex   -1.048366e+00 1.049785e+01 1.235800e+01
      vertex   -9.972547e-01 1.053228e+01 1.249659e+01
      vertex   -9.716968e-01 1.057354e+01 1.232150e+01
    endloop
  endfacet
  facet normal -6.833265e-01 7.266071e-01 7.146333e-02
    outer loop
      vertex   -9.716968e-01 1.057354e+01 1.232150e+01
      vertex   -9.972547e-01 1.053228e+01 1.249659e+01
      vertex   -8.950274e-01 1.064923e+01 1.228499e+01
    endloop
  endfacet
  facet normal -6.848184e-01 7.256813e-01 6.641059e-02
    outer loop
      vertex   -9.716968e-01 1.057354e+01 1.232150e+01
      vertex   -8.950274e-01 1.064923e+01 1.228499e+01
      vertex   -9.550265e-01 1.060486e+01 1.215120e+01
    endloop
  endfacet
  facet normal -6.425023e-01 7.423807e-01 1.898994e-01
    outer loop
      vertex   -1.182995e+00 1.041022e+01 1.224508e+01
      vertex   -1.220415e+00 1.028270e+01 1.261696e+01
      vertex   -1.125036e+00 1.042215e+01 1.239451e+01
    endloop
  endfacet
  facet normal -7.059874e-01 6.955611e-01 1.333288e-01
    outer loop
      vertex   -1.125036e+00 1.042215e+01 1.239451e+01
      vertex   -1.220415e+00 1.028270e+01 1.261696e+01
      vertex   -9.972547e-01 1.053228e+01 1.249659e+01
    endloop
  endfacet
  facet normal -7.427221e-01 6.695059e-01 1.120838e-02
    outer loop
      vertex   -9.972547e-01 1.053228e+01 1.249659e+01
      vertex   -7.740946e-01 1.078186e+01 1.237621e+01
      vertex   -8.950274e-01 1.064923e+01 1.228499e+01
    endloop
  endfacet
  facet normal -7.683977e-01 6.282513e-01 -1.219236e-01
    outer loop
      vertex   -7.740946e-01 1.078186e+01 1.237621e+01
      vertex   -5.509345e-01 1.103144e+01 1.225583e+01
      vertex   -6.650191e-01 1.087631e+01 1.217546e+01
    endloop
  endfacet
  facet normal -7.787398e-01 5.714411e-01 -2.588811e-01
    outer loop
      vertex   -5.509345e-01 1.103144e+01 1.225583e+01
      vertex   -3.277744e-01 1.128102e+01 1.213545e+01
      vertex   -4.350109e-01 1.110339e+01 1.206594e+01
    endloop
  endfacet
  facet normal -7.270493e-01 5.204249e-01 -4.478362e-01
    outer loop
      vertex   -1.283332e-01 1.140617e+01 1.191990e+01
      vertex   -1.553006e-01 1.147392e+01 1.204242e+01
      vertex   -5.166375e-02 1.148186e+01 1.188340e+01
    endloop
  endfacet
  facet normal -7.581168e-01 4.504120e-01 -4.715803e-01
    outer loop
      vertex   -5.166375e-02 1.148186e+01 1.188340e+01
      vertex   -1.553006e-01 1.147392e+01 1.204242e+01
      vertex   1.717324e-02 1.166681e+01 1.194938e+01
    endloop
  endfacet
  facet normal -7.073615e-01 4.559738e-01 -5.401181e-01
    outer loop
      vertex   -5.166375e-02 1.148186e+01 1.188340e+01
      vertex   1.717324e-02 1.166681e+01 1.194938e+01
      vertex   3.283809e-02 1.144830e+01 1.174439e+01
    endloop
  endfacet
  facet normal -5.907711e-01 5.290858e-01 -6.091450e-01
    outer loop
      vertex   4.850294e-02 1.122978e+01 1.153941e+01
      vertex   -3.463923e-02 1.128497e+01 1.166798e+01
      vertex   3.283809e-02 1.144830e+01 1.174439e+01
    endloop
  endfacet
  facet normal -6.659301e-01 5.237093e-01 -5.312868e-01
    outer loop
      vertex   3.283809e-02 1.144830e+01 1.174439e+01
      vertex   -3.463923e-02 1.128497e+01 1.166798e+01
      vertex   -4.315149e-02 1.138342e+01 1.177569e+01
    endloop
  endfacet
  facet normal -6.659301e-01 5.237093e-01 -5.312868e-01
    outer loop
      vertex   3.283809e-02 1.144830e+01 1.174439e+01
      vertex   -4.315149e-02 1.138342e+01 1.177569e+01
      vertex   -5.166375e-02 1.148186e+01 1.188340e+01
    endloop
  endfacet
  facet normal -6.659301e-01 5.237093e-01 -5.312868e-01
    outer loop
      vertex   -5.166375e-02 1.148186e+01 1.188340e+01
      vertex   -4.315149e-02 1.138342e+01 1.177569e+01
      vertex   -1.191411e-01 1.131854e+01 1.180698e+01
    endloop
  endfacet
  facet normal -7.254173e-01 5.139343e-01 -4.578661e-01
    outer loop
      vertex   -5.166375e-02 1.148186e+01 1.188340e+01
      vertex   -1.191411e-01 1.131854e+01 1.180698e+01
      vertex   -1.283332e-01 1.140617e+01 1.191990e+01
    endloop
  endfacet
  facet normal -4.105089e-01 6.080413e-01 -6.795353e-01
    outer loop
      vertex   6.416779e-02 1.101127e+01 1.133442e+01
      vertex   -1.761470e-02 1.108808e+01 1.145256e+01
      vertex   4.850294e-02 1.122978e+01 1.153941e+01
    endloop
  endfacet
  facet normal -5.204107e-01 6.094320e-01 -5.981349e-01
    outer loop
      vertex   4.850294e-02 1.122978e+01 1.153941e+01
      vertex   -1.761470e-02 1.108808e+01 1.145256e+01
      vertex   -2.187083e-02 1.113731e+01 1.150641e+01
    endloop
  endfacet
  facet normal -5.204107e-01 6.094320e-01 -5.981349e-01
    outer loop
      vertex   4.850294e-02 1.122978e+01 1.153941e+01
      vertex   -2.187083e-02 1.113731e+01 1.150641e+01
      vertex   -2.612696e-02 1.118653e+01 1.156027e+01
    endloop
  endfacet
  facet normal -4.727375e-01 6.315299e-01 -6.145643e-01
    outer loop
      vertex   -2.612696e-02 1.118653e+01 1.156027e+01
      vertex   -2.187083e-02 1.113731e+01 1.150641e+01
      vertex   -9.616082e-02 1.109946e+01 1.152467e+01
    endloop
  endfacet
  facet normal -5.289964e-01 6.490431e-01 -5.467228e-01
    outer loop
      vertex   -2.612696e-02 1.118653e+01 1.156027e+01
      vertex   -9.616082e-02 1.109946e+01 1.152467e+01
      vertex   -1.007569e-01 1.114328e+01 1.158113e+01
    endloop
  endfacet
  facet normal -2.979724e-01 6.927680e-01 -6.567229e-01
    outer loop
      vertex   6.416779e-02 1.101127e+01 1.133442e+01
      vertex   -9.102440e-03 1.098964e+01 1.134485e+01
      vertex   -1.335857e-02 1.103886e+01 1.139870e+01
    endloop
  endfacet
  facet normal -2.979724e-01 6.927680e-01 -6.567229e-01
    outer loop
      vertex   -1.335857e-02 1.103886e+01 1.139870e+01
      vertex   -9.102440e-03 1.098964e+01 1.134485e+01
      vertex   -8.237267e-02 1.096801e+01 1.135528e+01
    endloop
  endfacet
  facet normal -3.685282e-01 7.196563e-01 -5.884571e-01
    outer loop
      vertex   -1.335857e-02 1.103886e+01 1.139870e+01
      vertex   -8.237267e-02 1.096801e+01 1.135528e+01
      vertex   -8.696872e-02 1.101183e+01 1.141174e+01
    endloop
  endfacet
  facet normal -2.979724e-01 6.927680e-01 -6.567229e-01
    outer loop
      vertex   6.416779e-02 1.101127e+01 1.133442e+01
      vertex   -1.335857e-02 1.103886e+01 1.139870e+01
      vertex   -1.761470e-02 1.108808e+01 1.145256e+01
    endloop
  endfacet
  facet normal -3.615938e-01 6.737895e-01 -6.444049e-01
    outer loop
      vertex   -1.761470e-02 1.108808e+01 1.145256e+01
      vertex   -1.335857e-02 1.103886e+01 1.139870e+01
      vertex   -8.696872e-02 1.101183e+01 1.141174e+01
    endloop
  endfacet
  facet normal -4.275539e-01 6.969916e-01 -5.756738e-01
    outer loop
      vertex   -1.761470e-02 1.108808e+01 1.145256e+01
      vertex   -8.696872e-02 1.101183e+01 1.141174e+01
      vertex   -9.156477e-02 1.105564e+01 1.146820e+01
    endloop
  endfacet
  facet normal -5.204107e-01 6.094320e-01 -5.981349e-01
    outer loop
      vertex   4.850294e-02 1.122978e+01 1.153941e+01
      vertex   -2.612696e-02 1.118653e+01 1.156027e+01
      vertex   -3.463923e-02 1.128497e+01 1.166798e+01
    endloop
  endfacet
  facet normal -5.204107e-01 6.094320e-01 -5.981349e-01
    outer loop
      vertex   -3.463923e-02 1.128497e+01 1.166798e+01
      vertex   -2.612696e-02 1.118653e+01 1.156027e+01
      vertex   -1.007569e-01 1.114328e+01 1.158113e+01
    endloop
  endfacet
  facet normal -6.102226e-01 6.010584e-01 -5.160981e-01
    outer loop
      vertex   -3.463923e-02 1.128497e+01 1.166798e+01
      vertex   -1.007569e-01 1.114328e+01 1.158113e+01
      vertex   -1.099490e-01 1.123091e+01 1.169405e+01
    endloop
  endfacet
  facet normal -1.830519e-01 9.482313e-01 2.595175e-01
    outer loop
      vertex   -9.529404e-01 1.072956e+01 1.139270e+01
      vertex   -1.016856e+00 1.073981e+01 1.131016e+01
      vertex   -1.025871e+00 1.071334e+01 1.140052e+01
    endloop
  endfacet
  facet normal -1.180833e-01 9.429058e-01 3.114241e-01
    outer loop
      vertex   -7.990845e-01 1.077225e+01 1.129451e+01
      vertex   -1.070736e+00 1.079275e+01 1.112943e+01
      vertex   -8.716749e-01 1.076144e+01 1.129973e+01
    endloop
  endfacet
  facet normal -1.180833e-01 9.429058e-01 3.114241e-01
    outer loop
      vertex   -8.716749e-01 1.076144e+01 1.129973e+01
      vertex   -1.070736e+00 1.079275e+01 1.112943e+01
      vertex   -9.442653e-01 1.075062e+01 1.130494e+01
    endloop
  endfacet
  facet normal -1.335602e-01 9.769408e-01 1.665786e-01
    outer loop
      vertex   -8.716749e-01 1.076144e+01 1.129973e+01
      vertex   -9.442653e-01 1.075062e+01 1.130494e+01
      vertex   -8.800101e-01 1.074578e+01 1.138487e+01
    endloop
  endfacet
  facet normal -1.388107e-01 9.843235e-01 1.088066e-01
    outer loop
      vertex   -7.990845e-01 1.077225e+01 1.129451e+01
      vertex   -8.716749e-01 1.076144e+01 1.129973e+01
      vertex   -8.070798e-01 1.076200e+01 1.137705e+01
    endloop
  endfacet
  facet normal -1.981264e-01 9.672795e-01 1.584815e-01
    outer loop
      vertex   -8.070798e-01 1.076200e+01 1.137705e+01
      vertex   -8.716749e-01 1.076144e+01 1.129973e+01
      vertex   -8.800101e-01 1.074578e+01 1.138487e+01
    endloop
  endfacet
  facet normal -2.056565e-01 9.734010e-01 1.009750e-01
    outer loop
      vertex   -8.070798e-01 1.076200e+01 1.137705e+01
      vertex   -8.800101e-01 1.074578e+01 1.138487e+01
      vertex   -8.150750e-01 1.075175e+01 1.145959e+01
    endloop
  endfacet
  facet normal -1.439378e-01 9.885110e-01 4.612911e-02
    outer loop
      vertex   -7.264941e-01 1.078306e+01 1.128929e+01
      vertex   -7.990845e-01 1.077225e+01 1.129451e+01
      vertex   -7.341495e-01 1.077822e+01 1.136923e+01
    endloop
  endfacet
  facet normal -2.056565e-01 9.734010e-01 1.009750e-01
    outer loop
      vertex   -7.341495e-01 1.077822e+01 1.136923e+01
      vertex   -7.990845e-01 1.077225e+01 1.129451e+01
      vertex   -8.070798e-01 1.076200e+01 1.137705e+01
    endloop
  endfacet
  facet normal -2.129708e-01 9.762888e-01 3.877682e-02
    outer loop
      vertex   -7.341495e-01 1.077822e+01 1.136923e+01
      vertex   -8.070798e-01 1.076200e+01 1.137705e+01
      vertex   -7.418048e-01 1.077337e+01 1.144916e+01
    endloop
  endfacet
  facet normal -2.696731e-01 9.584585e-01 9.291817e-02
    outer loop
      vertex   -7.418048e-01 1.077337e+01 1.144916e+01
      vertex   -8.070798e-01 1.076200e+01 1.137705e+01
      vertex   -8.150750e-01 1.075175e+01 1.145959e+01
    endloop
  endfacet
  facet normal -2.788245e-01 9.598262e-01 3.147202e-02
    outer loop
      vertex   -7.418048e-01 1.077337e+01 1.144916e+01
      vertex   -8.150750e-01 1.075175e+01 1.145959e+01
      vertex   -7.494601e-01 1.076853e+01 1.152909e+01
    endloop
  endfacet
  facet normal -1.518624e-01 9.859580e-01 -6.946031e-02
    outer loop
      vertex   -6.539037e-01 1.079388e+01 1.128408e+01
      vertex   -5.813133e-01 1.080469e+01 1.127886e+01
      vertex   -5.904655e-01 1.079275e+01 1.112943e+01
    endloop
  endfacet
  facet normal -1.518624e-01 9.859580e-01 -6.946031e-02
    outer loop
      vertex   -5.904655e-01 1.079275e+01 1.112943e+01
      vertex   -5.813133e-01 1.080469e+01 1.127886e+01
      vertex   -5.087229e-01 1.081550e+01 1.127365e+01
    endloop
  endfacet
  facet normal -1.518624e-01 9.859580e-01 -6.946031e-02
    outer loop
      vertex   -5.904655e-01 1.079275e+01 1.112943e+01
      vertex   -5.087229e-01 1.081550e+01 1.127365e+01
      vertex   -4.361326e-01 1.082632e+01 1.126843e+01
    endloop
  endfacet
  facet normal -1.600571e-01 9.561259e-01 -2.453671e-01
    outer loop
      vertex   -4.361326e-01 1.082632e+01 1.126843e+01
      vertex   -5.087229e-01 1.081550e+01 1.127365e+01
      vertex   -4.424282e-01 1.084310e+01 1.133793e+01
    endloop
  endfacet
  facet normal -2.356010e-01 9.396155e-01 -2.482234e-01
    outer loop
      vertex   -4.361326e-01 1.082632e+01 1.126843e+01
      vertex   -4.424282e-01 1.084310e+01 1.133793e+01
      vertex   -3.694979e-01 1.085932e+01 1.133011e+01
    endloop
  endfacet
  facet normal -2.383955e-01 9.152406e-01 -3.248111e-01
    outer loop
      vertex   -3.694979e-01 1.085932e+01 1.133011e+01
      vertex   -4.424282e-01 1.084310e+01 1.133793e+01
      vertex   -3.754536e-01 1.088151e+01 1.139700e+01
    endloop
  endfacet
  facet normal -3.099567e-01 8.938133e-01 -3.240749e-01
    outer loop
      vertex   -3.694979e-01 1.085932e+01 1.133011e+01
      vertex   -3.754536e-01 1.088151e+01 1.139700e+01
      vertex   -2.289131e-01 1.092476e+01 1.137614e+01
    endloop
  endfacet
  facet normal -3.107841e-01 8.267413e-01 -4.689478e-01
    outer loop
      vertex   -2.289131e-01 1.092476e+01 1.137614e+01
      vertex   -3.754536e-01 1.088151e+01 1.139700e+01
      vertex   -2.341890e-01 1.095776e+01 1.143782e+01
    endloop
  endfacet
  facet normal -3.767045e-01 8.029755e-01 -4.618702e-01
    outer loop
      vertex   -2.289131e-01 1.092476e+01 1.137614e+01
      vertex   -2.341890e-01 1.095776e+01 1.143782e+01
      vertex   -1.973840e-01 1.097128e+01 1.143130e+01
    endloop
  endfacet
  facet normal -3.754471e-01 7.835133e-01 -4.951226e-01
    outer loop
      vertex   -1.973840e-01 1.097128e+01 1.143130e+01
      vertex   -2.341890e-01 1.095776e+01 1.143782e+01
      vertex   -2.024899e-01 1.100698e+01 1.149167e+01
    endloop
  endfacet
  facet normal -4.353182e-01 7.582940e-01 -4.852714e-01
    outer loop
      vertex   -1.973840e-01 1.097128e+01 1.143130e+01
      vertex   -2.024899e-01 1.100698e+01 1.149167e+01
      vertex   -1.655148e-01 1.102320e+01 1.148385e+01
    endloop
  endfacet
  facet normal -4.332801e-01 7.386045e-01 -5.164608e-01
    outer loop
      vertex   -1.655148e-01 1.102320e+01 1.148385e+01
      vertex   -2.024899e-01 1.100698e+01 1.149167e+01
      vertex   -1.704508e-01 1.106161e+01 1.154292e+01
    endloop
  endfacet
  facet normal -1.532269e-01 9.838150e-01 -9.289518e-02
    outer loop
      vertex   -6.539037e-01 1.079388e+01 1.128408e+01
      vertex   -5.882888e-01 1.081066e+01 1.135358e+01
      vertex   -5.813133e-01 1.080469e+01 1.127886e+01
    endloop
  endfacet
  facet normal -2.261021e-01 9.691083e-01 -9.852393e-02
    outer loop
      vertex   -5.813133e-01 1.080469e+01 1.127886e+01
      vertex   -5.882888e-01 1.081066e+01 1.135358e+01
      vertex   -5.153585e-01 1.082688e+01 1.134576e+01
    endloop
  endfacet
  facet normal -1.570403e-01 9.732023e-01 -1.679748e-01
    outer loop
      vertex   -5.813133e-01 1.080469e+01 1.127886e+01
      vertex   -5.153585e-01 1.082688e+01 1.134576e+01
      vertex   -5.087229e-01 1.081550e+01 1.127365e+01
    endloop
  endfacet
  facet normal -2.314306e-01 9.574652e-01 -1.723377e-01
    outer loop
      vertex   -5.087229e-01 1.081550e+01 1.127365e+01
      vertex   -5.153585e-01 1.082688e+01 1.134576e+01
      vertex   -4.424282e-01 1.084310e+01 1.133793e+01
    endloop
  endfacet
  facet normal -1.518624e-01 9.859580e-01 -6.946031e-02
    outer loop
      vertex   -3.635422e-01 1.083713e+01 1.126322e+01
      vertex   -5.904655e-01 1.079275e+01 1.112943e+01
      vertex   -4.361326e-01 1.082632e+01 1.126843e+01
    endloop
  endfacet
  facet normal -1.621151e-01 9.321883e-01 -3.236411e-01
    outer loop
      vertex   -4.361326e-01 1.082632e+01 1.126843e+01
      vertex   -3.694979e-01 1.085932e+01 1.133011e+01
      vertex   -3.635422e-01 1.083713e+01 1.126322e+01
    endloop
  endfacet
  facet normal -2.383955e-01 9.152406e-01 -3.248111e-01
    outer loop
      vertex   -3.635422e-01 1.083713e+01 1.126322e+01
      vertex   -3.694979e-01 1.085932e+01 1.133011e+01
      vertex   -2.236373e-01 1.089176e+01 1.131446e+01
    endloop
  endfacet
  facet normal -1.629342e-01 8.640693e-01 -4.762738e-01
    outer loop
      vertex   -3.635422e-01 1.083713e+01 1.126322e+01
      vertex   -2.236373e-01 1.089176e+01 1.131446e+01
      vertex   -2.183614e-01 1.085876e+01 1.125279e+01
    endloop
  endfacet
  facet normal -2.393085e-01 8.474342e-01 -4.739059e-01
    outer loop
      vertex   -2.183614e-01 1.085876e+01 1.125279e+01
      vertex   -2.236373e-01 1.089176e+01 1.131446e+01
      vertex   -1.871721e-01 1.089987e+01 1.131055e+01
    endloop
  endfacet
  facet normal -1.609235e-01 8.045852e-01 -5.716172e-01
    outer loop
      vertex   -1.457710e-01 1.086957e+01 1.124757e+01
      vertex   -1.101946e-01 1.079275e+01 1.112943e+01
      vertex   -1.820662e-01 1.086416e+01 1.125018e+01
    endloop
  endfacet
  facet normal -1.616452e-01 8.211067e-01 -5.474072e-01
    outer loop
      vertex   -1.507069e-01 1.090798e+01 1.130664e+01
      vertex   -1.457710e-01 1.086957e+01 1.124757e+01
      vertex   -1.820662e-01 1.086416e+01 1.125018e+01
    endloop
  endfacet
  facet normal -2.979724e-01 6.927680e-01 -6.567229e-01
    outer loop
      vertex   6.416779e-02 1.101127e+01 1.133442e+01
      vertex   -5.901780e-04 1.089120e+01 1.123714e+01
      vertex   -4.846309e-03 1.094042e+01 1.129099e+01
    endloop
  endfacet
  facet normal -1.560487e-01 7.229272e-01 -6.730714e-01
    outer loop
      vertex   -4.846309e-03 1.094042e+01 1.129099e+01
      vertex   -5.901780e-04 1.089120e+01 1.123714e+01
      vertex   -7.318057e-02 1.088038e+01 1.124236e+01
    endloop
  endfacet
  facet normal -2.339631e-01 7.587865e-01 -6.078687e-01
    outer loop
      vertex   -4.846309e-03 1.094042e+01 1.129099e+01
      vertex   -7.318057e-02 1.088038e+01 1.124236e+01
      vertex   -7.777662e-02 1.092420e+01 1.129882e+01
    endloop
  endfacet
  facet normal -1.905480e-01 9.586716e-01 2.112823e-01
    outer loop
      vertex   -9.529404e-01 1.072956e+01 1.139270e+01
      vertex   -1.025871e+00 1.071334e+01 1.140052e+01
      vertex   -9.616155e-01 1.070849e+01 1.148045e+01
    endloop
  endfacet
  facet normal -2.410644e-01 9.375931e-01 2.506135e-01
    outer loop
      vertex   -9.616155e-01 1.070849e+01 1.148045e+01
      vertex   -1.025871e+00 1.071334e+01 1.140052e+01
      vertex   -1.034886e+00 1.068687e+01 1.149088e+01
    endloop
  endfacet
  facet normal -2.506012e-01 9.466815e-01 2.024676e-01
    outer loop
      vertex   -9.616155e-01 1.070849e+01 1.148045e+01
      vertex   -1.034886e+00 1.068687e+01 1.149088e+01
      vertex   -9.702905e-01 1.068743e+01 1.156821e+01
    endloop
  endfacet
  facet normal -2.129708e-01 9.762888e-01 3.877682e-02
    outer loop
      vertex   -7.264941e-01 1.078306e+01 1.128929e+01
      vertex   -7.341495e-01 1.077822e+01 1.136923e+01
      vertex   -6.612191e-01 1.079444e+01 1.136140e+01
    endloop
  endfacet
  facet normal -2.198645e-01 9.751317e-01 -2.788696e-02
    outer loop
      vertex   -6.612191e-01 1.079444e+01 1.136140e+01
      vertex   -7.341495e-01 1.077822e+01 1.136923e+01
      vertex   -6.685345e-01 1.079500e+01 1.143873e+01
    endloop
  endfacet
  facet normal -2.873920e-01 9.572042e-01 -3.414524e-02
    outer loop
      vertex   -6.612191e-01 1.079444e+01 1.136140e+01
      vertex   -6.685345e-01 1.079500e+01 1.143873e+01
      vertex   -5.952643e-01 1.081663e+01 1.142830e+01
    endloop
  endfacet
  facet normal -2.950863e-01 9.498563e-01 -1.034263e-01
    outer loop
      vertex   -5.952643e-01 1.081663e+01 1.142830e+01
      vertex   -6.685345e-01 1.079500e+01 1.143873e+01
      vertex   -6.022398e-01 1.082260e+01 1.150301e+01
    endloop
  endfacet
  facet normal -3.594751e-01 9.269296e-01 -1.076062e-01
    outer loop
      vertex   -5.952643e-01 1.081663e+01 1.142830e+01
      vertex   -6.022398e-01 1.082260e+01 1.150301e+01
      vertex   -5.286296e-01 1.084963e+01 1.148997e+01
    endloop
  endfacet
  facet normal -3.668428e-01 9.131329e-01 -1.778051e-01
    outer loop
      vertex   -5.286296e-01 1.084963e+01 1.148997e+01
      vertex   -6.022398e-01 1.082260e+01 1.150301e+01
      vertex   -5.352652e-01 1.086101e+01 1.156208e+01
    endloop
  endfacet
  facet normal -4.267594e-01 8.864514e-01 -1.791097e-01
    outer loop
      vertex   -5.286296e-01 1.084963e+01 1.148997e+01
      vertex   -5.352652e-01 1.086101e+01 1.156208e+01
      vertex   -4.613151e-01 1.089345e+01 1.154644e+01
    endloop
  endfacet
  facet normal -4.327283e-01 8.666127e-01 -2.484525e-01
    outer loop
      vertex   -4.613151e-01 1.089345e+01 1.154644e+01
      vertex   -5.352652e-01 1.086101e+01 1.156208e+01
      vertex   -4.676108e-01 1.091023e+01 1.161594e+01
    endloop
  endfacet
  facet normal -4.873262e-01 8.377282e-01 -2.464236e-01
    outer loop
      vertex   -4.613151e-01 1.089345e+01 1.154644e+01
      vertex   -4.676108e-01 1.091023e+01 1.161594e+01
      vertex   -3.933208e-01 1.094807e+01 1.159768e+01
    endloop
  endfacet
  facet normal -4.910748e-01 8.128148e-01 -3.133332e-01
    outer loop
      vertex   -3.933208e-01 1.094807e+01 1.159768e+01
      vertex   -4.676108e-01 1.091023e+01 1.161594e+01
      vertex   -3.992765e-01 1.097026e+01 1.166458e+01
    endloop
  endfacet
  facet normal -5.400442e-01 7.832939e-01 -3.079010e-01
    outer loop
      vertex   -3.933208e-01 1.094807e+01 1.159768e+01
      vertex   -3.992765e-01 1.097026e+01 1.166458e+01
      vertex   -2.500167e-01 1.105677e+01 1.162285e+01
    endloop
  endfacet
  facet normal -5.395573e-01 7.222941e-01 -4.326305e-01
    outer loop
      vertex   -2.500167e-01 1.105677e+01 1.162285e+01
      vertex   -3.992765e-01 1.097026e+01 1.166458e+01
      vertex   -2.605685e-01 1.112277e+01 1.174621e+01
    endloop
  endfacet
  facet normal -6.213185e-01 6.675317e-01 -4.103226e-01
    outer loop
      vertex   -2.500167e-01 1.105677e+01 1.162285e+01
      vertex   -2.605685e-01 1.112277e+01 1.174621e+01
      vertex   -2.229136e-01 1.114981e+01 1.173317e+01
    endloop
  endfacet
  facet normal -6.194293e-01 6.516581e-01 -4.377774e-01
    outer loop
      vertex   -2.229136e-01 1.114981e+01 1.173317e+01
      vertex   -2.605685e-01 1.112277e+01 1.174621e+01
      vertex   -2.331254e-01 1.122122e+01 1.185392e+01
    endloop
  endfacet
  facet normal -6.836932e-01 6.013456e-01 -4.134575e-01
    outer loop
      vertex   -2.229136e-01 1.114981e+01 1.173317e+01
      vertex   -2.331254e-01 1.122122e+01 1.185392e+01
      vertex   -1.951307e-01 1.125366e+01 1.183827e+01
    endloop
  endfacet
  facet normal -6.811857e-01 5.864536e-01 -4.382445e-01
    outer loop
      vertex   -1.951307e-01 1.125366e+01 1.183827e+01
      vertex   -2.331254e-01 1.122122e+01 1.185392e+01
      vertex   -2.050026e-01 1.133047e+01 1.195641e+01
    endloop
  endfacet
  facet normal -2.788245e-01 9.598262e-01 3.147202e-02
    outer loop
      vertex   -6.685345e-01 1.079500e+01 1.143873e+01
      vertex   -7.341495e-01 1.077822e+01 1.136923e+01
      vertex   -7.418048e-01 1.077337e+01 1.144916e+01
    endloop
  endfacet
  facet normal -2.314306e-01 9.574652e-01 -1.723377e-01
    outer loop
      vertex   -5.882888e-01 1.081066e+01 1.135358e+01
      vertex   -5.219941e-01 1.083825e+01 1.141787e+01
      vertex   -5.153585e-01 1.082688e+01 1.134576e+01
    endloop
  endfacet
  facet normal -3.016018e-01 9.371263e-01 -1.755865e-01
    outer loop
      vertex   -5.153585e-01 1.082688e+01 1.134576e+01
      vertex   -5.219941e-01 1.083825e+01 1.141787e+01
      vertex   -4.487238e-01 1.085988e+01 1.140743e+01
    endloop
  endfacet
  facet normal -2.356010e-01 9.396155e-01 -2.482234e-01
    outer loop
      vertex   -5.153585e-01 1.082688e+01 1.134576e+01
      vertex   -4.487238e-01 1.085988e+01 1.140743e+01
      vertex   -4.424282e-01 1.084310e+01 1.133793e+01
    endloop
  endfacet
  facet normal -3.066431e-01 9.185243e-01 -2.495659e-01
    outer loop
      vertex   -4.424282e-01 1.084310e+01 1.133793e+01
      vertex   -4.487238e-01 1.085988e+01 1.140743e+01
      vertex   -3.754536e-01 1.088151e+01 1.139700e+01
    endloop
  endfacet
  facet normal -2.393085e-01 8.474342e-01 -4.739059e-01
    outer loop
      vertex   -3.694979e-01 1.085932e+01 1.133011e+01
      vertex   -2.289131e-01 1.092476e+01 1.137614e+01
      vertex   -2.236373e-01 1.089176e+01 1.131446e+01
    endloop
  endfacet
  facet normal -3.107841e-01 8.267413e-01 -4.689478e-01
    outer loop
      vertex   -2.236373e-01 1.089176e+01 1.131446e+01
      vertex   -2.289131e-01 1.092476e+01 1.137614e+01
      vertex   -1.922780e-01 1.093557e+01 1.137093e+01
    endloop
  endfacet
  facet normal -2.385343e-01 8.269224e-01 -5.092159e-01
    outer loop
      vertex   -2.236373e-01 1.089176e+01 1.131446e+01
      vertex   -1.922780e-01 1.093557e+01 1.137093e+01
      vertex   -1.871721e-01 1.089987e+01 1.131055e+01
    endloop
  endfacet
  facet normal -3.097556e-01 8.066983e-01 -5.032786e-01
    outer loop
      vertex   -1.871721e-01 1.089987e+01 1.131055e+01
      vertex   -1.922780e-01 1.093557e+01 1.137093e+01
      vertex   -1.556429e-01 1.094639e+01 1.136571e+01
    endloop
  endfacet
  facet normal -3.039056e-01 7.405227e-01 -5.993892e-01
    outer loop
      vertex   -8.237267e-02 1.096801e+01 1.135528e+01
      vertex   -9.102440e-03 1.098964e+01 1.134485e+01
      vertex   -7.777662e-02 1.092420e+01 1.129882e+01
    endloop
  endfacet
  facet normal -2.292650e-01 7.093904e-01 -6.664854e-01
    outer loop
      vertex   -7.777662e-02 1.092420e+01 1.129882e+01
      vertex   -9.102440e-03 1.098964e+01 1.134485e+01
      vertex   -4.846309e-03 1.094042e+01 1.129099e+01
    endloop
  endfacet
  facet normal -2.979724e-01 6.927680e-01 -6.567229e-01
    outer loop
      vertex   -9.102440e-03 1.098964e+01 1.134485e+01
      vertex   6.416779e-02 1.101127e+01 1.133442e+01
      vertex   -4.846309e-03 1.094042e+01 1.129099e+01
    endloop
  endfacet
  facet normal -3.079099e-01 9.315967e-01 1.931814e-01
    outer loop
      vertex   -9.702905e-01 1.068743e+01 1.156821e+01
      vertex   -8.966804e-01 1.071446e+01 1.155517e+01
      vertex   -9.616155e-01 1.070849e+01 1.148045e+01
    endloop
  endfacet
  facet normal -2.601940e-01 9.538441e-01 1.499350e-01
    outer loop
      vertex   -9.616155e-01 1.070849e+01 1.148045e+01
      vertex   -8.966804e-01 1.071446e+01 1.155517e+01
      vertex   -8.883452e-01 1.073012e+01 1.147002e+01
    endloop
  endfacet
  facet normal -2.506012e-01 9.466815e-01 2.024676e-01
    outer loop
      vertex   -9.616155e-01 1.070849e+01 1.148045e+01
      vertex   -8.883452e-01 1.073012e+01 1.147002e+01
      vertex   -9.529404e-01 1.072956e+01 1.139270e+01
    endloop
  endfacet
  facet normal -3.191714e-01 9.371358e-01 1.410891e-01
    outer loop
      vertex   -8.883452e-01 1.073012e+01 1.147002e+01
      vertex   -8.966804e-01 1.071446e+01 1.155517e+01
      vertex   -8.230702e-01 1.074150e+01 1.154213e+01
    endloop
  endfacet
  facet normal -3.302307e-01 9.400860e-01 8.477039e-02
    outer loop
      vertex   -8.230702e-01 1.074150e+01 1.154213e+01
      vertex   -8.966804e-01 1.071446e+01 1.155517e+01
      vertex   -8.310655e-01 1.073125e+01 1.162467e+01
    endloop
  endfacet
  facet normal -3.868932e-01 9.189329e-01 7.665456e-02
    outer loop
      vertex   -8.230702e-01 1.074150e+01 1.154213e+01
      vertex   -8.310655e-01 1.073125e+01 1.162467e+01
      vertex   -7.571154e-01 1.076369e+01 1.160902e+01
    endloop
  endfacet
  facet normal -3.985693e-01 9.169730e-01 1.740635e-02
    outer loop
      vertex   -7.571154e-01 1.076369e+01 1.160902e+01
      vertex   -8.310655e-01 1.073125e+01 1.162467e+01
      vertex   -7.647707e-01 1.075884e+01 1.168895e+01
    endloop
  endfacet
  facet normal -4.517990e-01 8.920544e-01 1.079806e-02
    outer loop
      vertex   -7.571154e-01 1.076369e+01 1.160902e+01
      vertex   -7.647707e-01 1.075884e+01 1.168895e+01
      vertex   -6.904807e-01 1.079669e+01 1.167070e+01
    endloop
  endfacet
  facet normal -4.631346e-01 8.848625e-01 -5.024596e-02
    outer loop
      vertex   -6.904807e-01 1.079669e+01 1.167070e+01
      vertex   -7.647707e-01 1.075884e+01 1.168895e+01
      vertex   -6.977961e-01 1.079725e+01 1.174803e+01
    endloop
  endfacet
  facet normal -5.120870e-01 8.571916e-01 -5.467610e-02
    outer loop
      vertex   -6.904807e-01 1.079669e+01 1.167070e+01
      vertex   -6.977961e-01 1.079725e+01 1.174803e+01
      vertex   -6.231662e-01 1.084050e+01 1.172716e+01
    endloop
  endfacet
  facet normal -5.221647e-01 8.448859e-01 -1.162409e-01
    outer loop
      vertex   -6.231662e-01 1.084050e+01 1.172716e+01
      vertex   -6.977961e-01 1.079725e+01 1.174803e+01
      vertex   -6.371172e-01 1.085244e+01 1.187660e+01
    endloop
  endfacet
  facet normal -6.059722e-01 7.864742e-01 -1.193990e-01
    outer loop
      vertex   -6.231662e-01 1.084050e+01 1.172716e+01
      vertex   -6.371172e-01 1.085244e+01 1.187660e+01
      vertex   -5.618074e-01 1.090651e+01 1.185052e+01
    endloop
  endfacet
  facet normal -6.137886e-01 7.691834e-01 -1.778212e-01
    outer loop
      vertex   -5.618074e-01 1.090651e+01 1.185052e+01
      vertex   -6.371172e-01 1.085244e+01 1.187660e+01
      vertex   -5.750786e-01 1.092926e+01 1.199474e+01
    endloop
  endfacet
  facet normal -6.799837e-01 7.120615e-01 -1.749016e-01
    outer loop
      vertex   -5.618074e-01 1.090651e+01 1.185052e+01
      vertex   -5.750786e-01 1.092926e+01 1.199474e+01
      vertex   -4.990890e-01 1.099414e+01 1.196344e+01
    endloop
  endfacet
  facet normal -6.848992e-01 6.916971e-01 -2.290594e-01
    outer loop
      vertex   -4.990890e-01 1.099414e+01 1.196344e+01
      vertex   -5.750786e-01 1.092926e+01 1.199474e+01
      vertex   -5.116803e-01 1.102770e+01 1.210245e+01
    endloop
  endfacet
  facet normal -3.746308e-01 9.177169e-01 1.320892e-01
    outer loop
      vertex   -8.310655e-01 1.073125e+01 1.162467e+01
      vertex   -8.966804e-01 1.071446e+01 1.155517e+01
      vertex   -9.050155e-01 1.069881e+01 1.164032e+01
    endloop
  endfacet
  facet normal -3.191714e-01 9.371358e-01 1.410891e-01
    outer loop
      vertex   -9.050155e-01 1.069881e+01 1.164032e+01
      vertex   -8.966804e-01 1.071446e+01 1.155517e+01
      vertex   -9.702905e-01 1.068743e+01 1.156821e+01
    endloop
  endfacet
  facet normal -2.873920e-01 9.572042e-01 -3.414524e-02
    outer loop
      vertex   -6.685345e-01 1.079500e+01 1.143873e+01
      vertex   -7.418048e-01 1.077337e+01 1.144916e+01
      vertex   -6.758499e-01 1.079556e+01 1.151605e+01
    endloop
  endfacet
  facet normal -3.408364e-01 9.398080e-01 2.431964e-02
    outer loop
      vertex   -6.758499e-01 1.079556e+01 1.151605e+01
      vertex   -7.418048e-01 1.077337e+01 1.144916e+01
      vertex   -7.494601e-01 1.076853e+01 1.152909e+01
    endloop
  endfacet
  facet normal -3.506935e-01 9.356366e-01 -3.997725e-02
    outer loop
      vertex   -6.758499e-01 1.079556e+01 1.151605e+01
      vertex   -7.494601e-01 1.076853e+01 1.152909e+01
      vertex   -6.831653e-01 1.079613e+01 1.159338e+01
    endloop
  endfacet
  facet normal -3.506935e-01 9.356366e-01 -3.997725e-02
    outer loop
      vertex   -6.685345e-01 1.079500e+01 1.143873e+01
      vertex   -6.758499e-01 1.079556e+01 1.151605e+01
      vertex   -6.022398e-01 1.082260e+01 1.150301e+01
    endloop
  endfacet
  facet normal -3.594751e-01 9.269296e-01 -1.076062e-01
    outer loop
      vertex   -6.022398e-01 1.082260e+01 1.150301e+01
      vertex   -6.758499e-01 1.079556e+01 1.151605e+01
      vertex   -6.092153e-01 1.082857e+01 1.157773e+01
    endloop
  endfacet
  facet normal -4.188531e-01 9.012323e-01 -1.110969e-01
    outer loop
      vertex   -6.022398e-01 1.082260e+01 1.150301e+01
      vertex   -6.092153e-01 1.082857e+01 1.157773e+01
      vertex   -5.352652e-01 1.086101e+01 1.156208e+01
    endloop
  endfacet
  facet normal -4.267594e-01 8.864514e-01 -1.791097e-01
    outer loop
      vertex   -5.352652e-01 1.086101e+01 1.156208e+01
      vertex   -6.092153e-01 1.082857e+01 1.157773e+01
      vertex   -5.419008e-01 1.087238e+01 1.163419e+01
    endloop
  endfacet
  facet normal -4.812360e-01 8.579884e-01 -1.796326e-01
    outer loop
      vertex   -5.352652e-01 1.086101e+01 1.156208e+01
      vertex   -5.419008e-01 1.087238e+01 1.163419e+01
      vertex   -4.676108e-01 1.091023e+01 1.161594e+01
    endloop
  endfacet
  facet normal -4.873262e-01 8.377282e-01 -2.464236e-01
    outer loop
      vertex   -4.676108e-01 1.091023e+01 1.161594e+01
      vertex   -5.419008e-01 1.087238e+01 1.163419e+01
      vertex   -4.739064e-01 1.092701e+01 1.168544e+01
    endloop
  endfacet
  facet normal -5.364169e-01 8.080040e-01 -2.436931e-01
    outer loop
      vertex   -4.676108e-01 1.091023e+01 1.161594e+01
      vertex   -4.739064e-01 1.092701e+01 1.168544e+01
      vertex   -3.992765e-01 1.097026e+01 1.166458e+01
    endloop
  endfacet
  facet normal -5.400442e-01 7.832939e-01 -3.079010e-01
    outer loop
      vertex   -3.992765e-01 1.097026e+01 1.166458e+01
      vertex   -4.739064e-01 1.092701e+01 1.168544e+01
      vertex   -4.111880e-01 1.101464e+01 1.179836e+01
    endloop
  endfacet
  facet normal -6.225661e-01 7.245276e-01 -2.957553e-01
    outer loop
      vertex   -3.992765e-01 1.097026e+01 1.166458e+01
      vertex   -4.111880e-01 1.101464e+01 1.179836e+01
      vertex   -2.605685e-01 1.112277e+01 1.174621e+01
    endloop
  endfacet
  facet normal -6.213185e-01 6.675317e-01 -4.103226e-01
    outer loop
      vertex   -2.605685e-01 1.112277e+01 1.174621e+01
      vertex   -4.111880e-01 1.101464e+01 1.179836e+01
      vertex   -2.711202e-01 1.118878e+01 1.186956e+01
    endloop
  endfacet
  facet normal -6.856353e-01 6.158234e-01 -3.881568e-01
    outer loop
      vertex   -2.605685e-01 1.112277e+01 1.174621e+01
      vertex   -2.711202e-01 1.118878e+01 1.186956e+01
      vertex   -2.331254e-01 1.122122e+01 1.185392e+01
    endloop
  endfacet
  facet normal -6.836932e-01 6.013456e-01 -4.134575e-01
    outer loop
      vertex   -2.331254e-01 1.122122e+01 1.185392e+01
      vertex   -2.711202e-01 1.118878e+01 1.186956e+01
      vertex   -2.433373e-01 1.129263e+01 1.197467e+01
    endloop
  endfacet
  facet normal -7.342276e-01 5.553392e-01 -3.905230e-01
    outer loop
      vertex   -2.331254e-01 1.122122e+01 1.185392e+01
      vertex   -2.433373e-01 1.129263e+01 1.197467e+01
      vertex   -2.050026e-01 1.133047e+01 1.195641e+01
    endloop
  endfacet
  facet normal -4.093386e-01 9.112549e-01 -4.534829e-02
    outer loop
      vertex   -6.092153e-01 1.082857e+01 1.157773e+01
      vertex   -6.758499e-01 1.079556e+01 1.151605e+01
      vertex   -6.831653e-01 1.079613e+01 1.159338e+01
    endloop
  endfacet
  facet normal -3.066431e-01 9.185243e-01 -2.495659e-01
    outer loop
      vertex   -4.487238e-01 1.085988e+01 1.140743e+01
      vertex   -5.219941e-01 1.083825e+01 1.141787e+01
      vertex   -4.550195e-01 1.087666e+01 1.147694e+01
    endloop
  endfacet
  facet normal -3.099567e-01 8.938133e-01 -3.240749e-01
    outer loop
      vertex   -3.754536e-01 1.088151e+01 1.139700e+01
      vertex   -4.487238e-01 1.085988e+01 1.140743e+01
      vertex   -3.814093e-01 1.090370e+01 1.146390e+01
    endloop
  endfacet
  facet normal -3.724751e-01 8.938545e-01 -2.495724e-01
    outer loop
      vertex   -3.814093e-01 1.090370e+01 1.146390e+01
      vertex   -4.487238e-01 1.085988e+01 1.140743e+01
      vertex   -4.550195e-01 1.087666e+01 1.147694e+01
    endloop
  endfacet
  facet normal -3.761018e-01 8.689354e-01 -3.217120e-01
    outer loop
      vertex   -3.814093e-01 1.090370e+01 1.146390e+01
      vertex   -4.550195e-01 1.087666e+01 1.147694e+01
      vertex   -3.873651e-01 1.092589e+01 1.153079e+01
    endloop
  endfacet
  facet normal -3.761018e-01 8.689354e-01 -3.217120e-01
    outer loop
      vertex   -3.754536e-01 1.088151e+01 1.139700e+01
      vertex   -3.814093e-01 1.090370e+01 1.146390e+01
      vertex   -2.341890e-01 1.095776e+01 1.143782e+01
    endloop
  endfacet
  facet normal -3.767045e-01 8.029755e-01 -4.618702e-01
    outer loop
      vertex   -2.341890e-01 1.095776e+01 1.143782e+01
      vertex   -3.814093e-01 1.090370e+01 1.146390e+01
      vertex   -2.394649e-01 1.099076e+01 1.149950e+01
    endloop
  endfacet
  facet normal -4.367715e-01 7.770948e-01 -4.531604e-01
    outer loop
      vertex   -2.341890e-01 1.095776e+01 1.143782e+01
      vertex   -2.394649e-01 1.099076e+01 1.149950e+01
      vertex   -2.024899e-01 1.100698e+01 1.149167e+01
    endloop
  endfacet
  facet normal -4.353182e-01 7.582940e-01 -4.852714e-01
    outer loop
      vertex   -2.024899e-01 1.100698e+01 1.149167e+01
      vertex   -2.394649e-01 1.099076e+01 1.149950e+01
      vertex   -2.075958e-01 1.104269e+01 1.155205e+01
    endloop
  endfacet
  facet normal -4.893702e-01 7.318714e-01 -4.742163e-01
    outer loop
      vertex   -2.024899e-01 1.100698e+01 1.149167e+01
      vertex   -2.075958e-01 1.104269e+01 1.155205e+01
      vertex   -1.704508e-01 1.106161e+01 1.154292e+01
    endloop
  endfacet
  facet normal -4.871473e-01 7.129935e-01 -5.043092e-01
    outer loop
      vertex   -1.704508e-01 1.106161e+01 1.154292e+01
      vertex   -2.075958e-01 1.104269e+01 1.155205e+01
      vertex   -1.753868e-01 1.110002e+01 1.160199e+01
    endloop
  endfacet
  facet normal -4.364887e-01 8.416262e-01 -3.180300e-01
    outer loop
      vertex   -2.394649e-01 1.099076e+01 1.149950e+01
      vertex   -3.814093e-01 1.090370e+01 1.146390e+01
      vertex   -3.873651e-01 1.092589e+01 1.153079e+01
    endloop
  endfacet
  facet normal -3.097556e-01 8.066983e-01 -5.032786e-01
    outer loop
      vertex   -1.922780e-01 1.093557e+01 1.137093e+01
      vertex   -2.289131e-01 1.092476e+01 1.137614e+01
      vertex   -1.973840e-01 1.097128e+01 1.143130e+01
    endloop
  endfacet
  facet normal -3.082516e-01 7.855584e-01 -5.365436e-01
    outer loop
      vertex   -1.556429e-01 1.094639e+01 1.136571e+01
      vertex   -1.922780e-01 1.093557e+01 1.137093e+01
      vertex   -1.605789e-01 1.098480e+01 1.142478e+01
    endloop
  endfacet
  facet normal -3.754471e-01 7.835133e-01 -4.951226e-01
    outer loop
      vertex   -1.605789e-01 1.098480e+01 1.142478e+01
      vertex   -1.922780e-01 1.093557e+01 1.137093e+01
      vertex   -1.973840e-01 1.097128e+01 1.143130e+01
    endloop
  endfacet
  facet normal -3.736487e-01 7.630587e-01 -5.273785e-01
    outer loop
      vertex   -1.605789e-01 1.098480e+01 1.142478e+01
      vertex   -1.973840e-01 1.097128e+01 1.143130e+01
      vertex   -1.655148e-01 1.102320e+01 1.148385e+01
    endloop
  endfacet
  facet normal -5.284103e-01 8.275237e-01 1.897025e-01
    outer loop
      vertex   -1.070946e+00 1.058098e+01 1.185233e+01
      vertex   -1.088976e+00 1.052804e+01 1.203306e+01
      vertex   -1.013666e+00 1.058211e+01 1.200698e+01
    endloop
  endfacet
  facet normal -5.434877e-01 8.268428e-01 1.447482e-01
    outer loop
      vertex   -1.013666e+00 1.058211e+01 1.200698e+01
      vertex   -1.088976e+00 1.052804e+01 1.203306e+01
      vertex   -1.031016e+00 1.053998e+01 1.218249e+01
    endloop
  endfacet
  facet normal -6.134745e-01 7.795217e-01 1.264708e-01
    outer loop
      vertex   -1.013666e+00 1.058211e+01 1.200698e+01
      vertex   -1.031016e+00 1.053998e+01 1.218249e+01
      vertex   -9.550265e-01 1.060486e+01 1.215120e+01
    endloop
  endfacet
  facet normal -6.277101e-01 7.742290e-01 8.092856e-02
    outer loop
      vertex   -9.550265e-01 1.060486e+01 1.215120e+01
      vertex   -1.031016e+00 1.053998e+01 1.218249e+01
      vertex   -9.716968e-01 1.057354e+01 1.232150e+01
    endloop
  endfacet
  facet normal -5.580848e-01 8.241047e-01 9.691606e-02
    outer loop
      vertex   -9.383562e-01 1.063617e+01 1.198091e+01
      vertex   -8.630464e-01 1.069024e+01 1.195483e+01
      vertex   -9.216859e-01 1.066749e+01 1.181061e+01
    endloop
  endfacet
  facet normal -4.877062e-01 8.708796e-01 6.092108e-02
    outer loop
      vertex   -9.216859e-01 1.066749e+01 1.181061e+01
      vertex   -8.630464e-01 1.069024e+01 1.195483e+01
      vertex   -8.470559e-01 1.071074e+01 1.178975e+01
    endloop
  endfacet
  facet normal -4.740868e-01 8.730486e-01 1.141391e-01
    outer loop
      vertex   -9.216859e-01 1.066749e+01 1.181061e+01
      vertex   -8.470559e-01 1.071074e+01 1.178975e+01
      vertex   -9.133507e-01 1.068315e+01 1.172546e+01
    endloop
  endfacet
  facet normal -5.719341e-01 8.189909e-01 4.631777e-02
    outer loop
      vertex   -8.470559e-01 1.071074e+01 1.178975e+01
      vertex   -8.630464e-01 1.069024e+01 1.195483e+01
      vertex   -7.877367e-01 1.074431e+01 1.192875e+01
    endloop
  endfacet
  facet normal -5.847402e-01 8.111918e-01 -6.835249e-03
    outer loop
      vertex   -7.877367e-01 1.074431e+01 1.192875e+01
      vertex   -8.630464e-01 1.069024e+01 1.195483e+01
      vertex   -8.030473e-01 1.073462e+01 1.208862e+01
    endloop
  endfacet
  facet normal -6.531975e-01 7.570040e-01 -1.667596e-02
    outer loop
      vertex   -7.877367e-01 1.074431e+01 1.192875e+01
      vertex   -8.030473e-01 1.073462e+01 1.208862e+01
      vertex   -7.270577e-01 1.079950e+01 1.205732e+01
    endloop
  endfacet
  facet normal -6.639125e-01 7.446919e-01 -6.822228e-02
    outer loop
      vertex   -7.270577e-01 1.079950e+01 1.205732e+01
      vertex   -8.030473e-01 1.073462e+01 1.208862e+01
      vertex   -7.416885e-01 1.080062e+01 1.221197e+01
    endloop
  endfacet
  facet normal -6.410396e-01 7.667919e-01 3.314076e-02
    outer loop
      vertex   -8.030473e-01 1.073462e+01 1.208862e+01
      vertex   -8.630464e-01 1.069024e+01 1.195483e+01
      vertex   -8.790369e-01 1.066974e+01 1.211991e+01
    endloop
  endfacet
  facet normal -5.719341e-01 8.189909e-01 4.631777e-02
    outer loop
      vertex   -8.790369e-01 1.066974e+01 1.211991e+01
      vertex   -8.630464e-01 1.069024e+01 1.195483e+01
      vertex   -9.383562e-01 1.063617e+01 1.198091e+01
    endloop
  endfacet
  facet normal -5.120870e-01 8.571916e-01 -5.467610e-02
    outer loop
      vertex   -7.724260e-01 1.075400e+01 1.176889e+01
      vertex   -7.124269e-01 1.079837e+01 1.190267e+01
      vertex   -6.977961e-01 1.079725e+01 1.174803e+01
    endloop
  endfacet
  facet normal -5.961908e-01 8.004281e-01 -6.222039e-02
    outer loop
      vertex   -6.977961e-01 1.079725e+01 1.174803e+01
      vertex   -7.124269e-01 1.079837e+01 1.190267e+01
      vertex   -6.371172e-01 1.085244e+01 1.187660e+01
    endloop
  endfacet
  facet normal -6.729213e-01 7.297313e-01 -1.211165e-01
    outer loop
      vertex   -5.750786e-01 1.092926e+01 1.199474e+01
      vertex   -6.371172e-01 1.085244e+01 1.187660e+01
      vertex   -6.510681e-01 1.086438e+01 1.202603e+01
    endloop
  endfacet
  facet normal -6.059722e-01 7.864742e-01 -1.193990e-01
    outer loop
      vertex   -6.510681e-01 1.086438e+01 1.202603e+01
      vertex   -6.371172e-01 1.085244e+01 1.187660e+01
      vertex   -7.124269e-01 1.079837e+01 1.190267e+01
    endloop
  endfacet
  facet normal -5.364169e-01 8.080040e-01 -2.436931e-01
    outer loop
      vertex   -5.485363e-01 1.088376e+01 1.170630e+01
      vertex   -4.864977e-01 1.096057e+01 1.182444e+01
      vertex   -4.739064e-01 1.092701e+01 1.168544e+01
    endloop
  endfacet
  facet normal -6.193845e-01 7.485106e-01 -2.368432e-01
    outer loop
      vertex   -4.739064e-01 1.092701e+01 1.168544e+01
      vertex   -4.864977e-01 1.096057e+01 1.182444e+01
      vertex   -4.111880e-01 1.101464e+01 1.179836e+01
    endloop
  endfacet
  facet normal -6.875211e-01 6.687358e-01 -2.830323e-01
    outer loop
      vertex   -2.711202e-01 1.118878e+01 1.186956e+01
      vertex   -4.111880e-01 1.101464e+01 1.179836e+01
      vertex   -4.230994e-01 1.105902e+01 1.193215e+01
    endloop
  endfacet
  facet normal -6.225661e-01 7.245276e-01 -2.957553e-01
    outer loop
      vertex   -4.230994e-01 1.105902e+01 1.193215e+01
      vertex   -4.111880e-01 1.101464e+01 1.179836e+01
      vertex   -4.864977e-01 1.096057e+01 1.182444e+01
    endloop
  endfacet
  facet normal -5.354639e-01 6.868963e-01 -4.913776e-01
    outer loop
      vertex   -2.127017e-01 1.107840e+01 1.161242e+01
      vertex   -1.852587e-01 1.117684e+01 1.172013e+01
      vertex   -1.753868e-01 1.110002e+01 1.160199e+01
    endloop
  endfacet
  facet normal -6.014087e-01 5.654948e-01 -5.643786e-01
    outer loop
      vertex   -4.315149e-02 1.138342e+01 1.177569e+01
      vertex   -3.463923e-02 1.128497e+01 1.166798e+01
      vertex   -1.099490e-01 1.123091e+01 1.169405e+01
    endloop
  endfacet
  facet normal -6.745538e-01 5.556176e-01 -4.860723e-01
    outer loop
      vertex   -4.315149e-02 1.138342e+01 1.177569e+01
      vertex   -1.099490e-01 1.123091e+01 1.169405e+01
      vertex   -1.191411e-01 1.131854e+01 1.180698e+01
    endloop
  endfacet
  facet normal -4.893702e-01 7.318714e-01 -4.742163e-01
    outer loop
      vertex   -2.447408e-01 1.102377e+01 1.156118e+01
      vertex   -2.127017e-01 1.107840e+01 1.161242e+01
      vertex   -2.075958e-01 1.104269e+01 1.155205e+01
    endloop
  endfacet
  facet normal -5.378203e-01 7.049439e-01 -4.623888e-01
    outer loop
      vertex   -2.075958e-01 1.104269e+01 1.155205e+01
      vertex   -2.127017e-01 1.107840e+01 1.161242e+01
      vertex   -1.753868e-01 1.110002e+01 1.160199e+01
    endloop
  endfacet
  facet normal -4.812360e-01 8.579884e-01 -1.796326e-01
    outer loop
      vertex   -6.161907e-01 1.083453e+01 1.165245e+01
      vertex   -5.485363e-01 1.088376e+01 1.170630e+01
      vertex   -5.419008e-01 1.087238e+01 1.163419e+01
    endloop
  endfacet
  facet normal -5.303765e-01 8.285392e-01 -1.795090e-01
    outer loop
      vertex   -5.419008e-01 1.087238e+01 1.163419e+01
      vertex   -5.485363e-01 1.088376e+01 1.170630e+01
      vertex   -4.739064e-01 1.092701e+01 1.168544e+01
    endloop
  endfacet
  facet normal -4.517990e-01 8.920544e-01 1.079806e-02
    outer loop
      vertex   -8.390607e-01 1.072099e+01 1.170721e+01
      vertex   -7.724260e-01 1.075400e+01 1.176889e+01
      vertex   -7.647707e-01 1.075884e+01 1.168895e+01
    endloop
  endfacet
  facet normal -5.004845e-01 8.657336e-01 4.539982e-03
    outer loop
      vertex   -7.647707e-01 1.075884e+01 1.168895e+01
      vertex   -7.724260e-01 1.075400e+01 1.176889e+01
      vertex   -6.977961e-01 1.079725e+01 1.174803e+01
    endloop
  endfacet
  facet normal -4.740868e-01 8.730486e-01 1.141391e-01
    outer loop
      vertex   -9.383562e-01 1.063617e+01 1.198091e+01
      vertex   -9.216859e-01 1.066749e+01 1.181061e+01
      vertex   -9.963158e-01 1.062424e+01 1.183147e+01
    endloop
  endfacet
  facet normal -4.599304e-01 8.726767e-01 1.640103e-01
    outer loop
      vertex   -9.963158e-01 1.062424e+01 1.183147e+01
      vertex   -9.216859e-01 1.066749e+01 1.181061e+01
      vertex   -9.876407e-01 1.064530e+01 1.174372e+01
    endloop
  endfacet
  facet normal -4.127820e-01 8.940920e-01 1.738117e-01
    outer loop
      vertex   -9.963158e-01 1.062424e+01 1.183147e+01
      vertex   -9.876407e-01 1.064530e+01 1.174372e+01
      vertex   -1.061931e+00 1.060745e+01 1.176197e+01
    endloop
  endfacet
  facet normal -3.990865e-01 8.899111e-01 2.208804e-01
    outer loop
      vertex   -1.061931e+00 1.060745e+01 1.176197e+01
      vertex   -9.876407e-01 1.064530e+01 1.174372e+01
      vertex   -1.052916e+00 1.063393e+01 1.167161e+01
    endloop
  endfacet
  facet normal -4.263079e-01 8.961674e-01 1.230676e-01
    outer loop
      vertex   -9.876407e-01 1.064530e+01 1.174372e+01
      vertex   -9.216859e-01 1.066749e+01 1.181061e+01
      vertex   -9.133507e-01 1.068315e+01 1.172546e+01
    endloop
  endfacet
  facet normal -6.134745e-01 7.795217e-01 1.264708e-01
    outer loop
      vertex   -1.107006e+00 1.047510e+01 1.221379e+01
      vertex   -1.048366e+00 1.049785e+01 1.235800e+01
      vertex   -1.031016e+00 1.053998e+01 1.218249e+01
    endloop
  endfacet
  facet normal -6.714269e-01 7.329277e-01 1.095575e-01
    outer loop
      vertex   -1.031016e+00 1.053998e+01 1.218249e+01
      vertex   -1.048366e+00 1.049785e+01 1.235800e+01
      vertex   -9.716968e-01 1.057354e+01 1.232150e+01
    endloop
  endfacet
  facet normal -6.531975e-01 7.570040e-01 -1.667596e-02
    outer loop
      vertex   -8.030473e-01 1.073462e+01 1.208862e+01
      vertex   -8.790369e-01 1.066974e+01 1.211991e+01
      vertex   -8.183580e-01 1.072493e+01 1.224848e+01
    endloop
  endfacet
  facet normal -7.083650e-01 7.054003e-01 -2.508726e-02
    outer loop
      vertex   -8.183580e-01 1.072493e+01 1.224848e+01
      vertex   -7.416885e-01 1.080062e+01 1.221197e+01
      vertex   -8.030473e-01 1.073462e+01 1.208862e+01
    endloop
  endfacet
  facet normal -6.799837e-01 7.120615e-01 -1.749016e-01
    outer loop
      vertex   -5.750786e-01 1.092926e+01 1.199474e+01
      vertex   -6.510681e-01 1.086438e+01 1.202603e+01
      vertex   -5.883497e-01 1.095201e+01 1.213895e+01
    endloop
  endfacet
  facet normal -7.322883e-01 6.590830e-01 -1.713573e-01
    outer loop
      vertex   -5.883497e-01 1.095201e+01 1.213895e+01
      vertex   -5.116803e-01 1.102770e+01 1.210245e+01
      vertex   -5.750786e-01 1.092926e+01 1.199474e+01
    endloop
  endfacet
  facet normal -6.856353e-01 6.158234e-01 -3.881568e-01
    outer loop
      vertex   -2.711202e-01 1.118878e+01 1.186956e+01
      vertex   -4.230994e-01 1.105902e+01 1.193215e+01
      vertex   -2.816720e-01 1.125478e+01 1.199292e+01
    endloop
  endfacet
  facet normal -7.361567e-01 5.685501e-01 -3.671839e-01
    outer loop
      vertex   -2.816720e-01 1.125478e+01 1.199292e+01
      vertex   -2.433373e-01 1.129263e+01 1.197467e+01
      vertex   -2.711202e-01 1.118878e+01 1.186956e+01
    endloop
  endfacet
  facet normal -5.985825e-01 7.828954e-01 1.696281e-01
    outer loop
      vertex   -1.088976e+00 1.052804e+01 1.203306e+01
      vertex   -1.107006e+00 1.047510e+01 1.221379e+01
      vertex   -1.031016e+00 1.053998e+01 1.218249e+01
    endloop
  endfacet
  facet normal -4.809776e-01 6.732508e-01 -5.615994e-01
    outer loop
      vertex   -9.156477e-02 1.105564e+01 1.146820e+01
      vertex   -9.616082e-02 1.109946e+01 1.152467e+01
      vertex   -2.187083e-02 1.113731e+01 1.150641e+01
    endloop
  endfacet
  facet normal -4.198555e-01 6.531636e-01 -6.301577e-01
    outer loop
      vertex   -1.761470e-02 1.108808e+01 1.145256e+01
      vertex   -9.156477e-02 1.105564e+01 1.146820e+01
      vertex   -2.187083e-02 1.113731e+01 1.150641e+01
    endloop
  endfacet
  facet normal -4.367715e-01 7.770948e-01 -4.531604e-01
    outer loop
      vertex   -3.873651e-01 1.092589e+01 1.153079e+01
      vertex   -2.447408e-01 1.102377e+01 1.156118e+01
      vertex   -2.394649e-01 1.099076e+01 1.149950e+01
    endloop
  endfacet
  facet normal -4.909833e-01 7.499597e-01 -4.432785e-01
    outer loop
      vertex   -2.394649e-01 1.099076e+01 1.149950e+01
      vertex   -2.447408e-01 1.102377e+01 1.156118e+01
      vertex   -2.075958e-01 1.104269e+01 1.155205e+01
    endloop
  endfacet
  facet normal -4.188531e-01 9.012323e-01 -1.110969e-01
    outer loop
      vertex   -6.831653e-01 1.079613e+01 1.159338e+01
      vertex   -6.161907e-01 1.083453e+01 1.165245e+01
      vertex   -6.092153e-01 1.082857e+01 1.157773e+01
    endloop
  endfacet
  facet normal -4.730646e-01 8.736273e-01 -1.139529e-01
    outer loop
      vertex   -6.092153e-01 1.082857e+01 1.157773e+01
      vertex   -6.161907e-01 1.083453e+01 1.165245e+01
      vertex   -5.419008e-01 1.087238e+01 1.163419e+01
    endloop
  endfacet
  facet normal -3.868932e-01 9.189329e-01 7.665456e-02
    outer loop
      vertex   -9.050155e-01 1.069881e+01 1.164032e+01
      vertex   -8.390607e-01 1.072099e+01 1.170721e+01
      vertex   -8.310655e-01 1.073125e+01 1.162467e+01
    endloop
  endfacet
  facet normal -4.394123e-01 8.956564e-01 6.867634e-02
    outer loop
      vertex   -8.310655e-01 1.073125e+01 1.162467e+01
      vertex   -8.390607e-01 1.072099e+01 1.170721e+01
      vertex   -7.647707e-01 1.075884e+01 1.168895e+01
    endloop
  endfacet
  facet normal -3.620612e-01 9.138983e-01 1.835800e-01
    outer loop
      vertex   -1.052916e+00 1.063393e+01 1.167161e+01
      vertex   -9.876407e-01 1.064530e+01 1.174372e+01
      vertex   -9.789656e-01 1.066637e+01 1.165596e+01
    endloop
  endfacet
  facet normal -4.127820e-01 8.940920e-01 1.738117e-01
    outer loop
      vertex   -9.789656e-01 1.066637e+01 1.165596e+01
      vertex   -9.876407e-01 1.064530e+01 1.174372e+01
      vertex   -9.133507e-01 1.068315e+01 1.172546e+01
    endloop
  endfacet
  facet normal -3.494161e-01 9.080108e-01 2.311379e-01
    outer loop
      vertex   -1.052916e+00 1.063393e+01 1.167161e+01
      vertex   -9.789656e-01 1.066637e+01 1.165596e+01
      vertex   -1.043901e+00 1.066040e+01 1.158125e+01
    endloop
  endfacet
  facet normal -9.856073e-01 -1.026020e-01 -1.343543e-01
    outer loop
      vertex   -1.089446e+00 1.072900e+01 1.131537e+01
      vertex   -1.070736e+00 1.079275e+01 1.112943e+01
      vertex   -1.084612e+00 1.060943e+01 1.137121e+01
    endloop
  endfacet
  facet normal -9.952370e-01 -4.119899e-02 -8.835153e-02
    outer loop
      vertex   -1.084612e+00 1.060943e+01 1.137121e+01
      vertex   -1.070736e+00 1.079275e+01 1.112943e+01
      vertex   -1.070736e+00 1.050099e+01 1.126548e+01
    endloop
  endfacet
  facet normal -9.958196e-01 -6.849056e-02 -6.043476e-02
    outer loop
      vertex   -1.084612e+00 1.060943e+01 1.137121e+01
      vertex   -1.070736e+00 1.050099e+01 1.126548e+01
      vertex   -1.079777e+00 1.048987e+01 1.142706e+01
    endloop
  endfacet
  facet normal -9.958196e-01 -6.849056e-02 -6.043476e-02
    outer loop
      vertex   -1.079777e+00 1.048987e+01 1.142706e+01
      vertex   -1.070736e+00 1.050099e+01 1.126548e+01
      vertex   -1.074943e+00 1.037031e+01 1.148290e+01
    endloop
  endfacet
  facet normal -9.950409e-01 -7.219125e-02 -6.842568e-02
    outer loop
      vertex   -1.079777e+00 1.048987e+01 1.142706e+01
      vertex   -1.074943e+00 1.037031e+01 1.148290e+01
      vertex   -1.088819e+00 1.044755e+01 1.160318e+01
    endloop
  endfacet
  facet normal -9.930388e-01 -1.090475e-01 -4.452565e-02
    outer loop
      vertex   -1.088819e+00 1.044755e+01 1.160318e+01
      vertex   -1.074943e+00 1.037031e+01 1.148290e+01
      vertex   -1.079150e+00 1.033871e+01 1.165411e+01
    endloop
  endfacet
  facet normal -9.887566e-01 -1.257185e-01 -8.096449e-02
    outer loop
      vertex   -1.088819e+00 1.044755e+01 1.160318e+01
      vertex   -1.079150e+00 1.033871e+01 1.165411e+01
      vertex   -1.097860e+00 1.040523e+01 1.177930e+01
    endloop
  endfacet
  facet normal -9.835900e-01 -1.715619e-01 -5.583129e-02
    outer loop
      vertex   -1.097860e+00 1.040523e+01 1.177930e+01
      vertex   -1.079150e+00 1.033871e+01 1.165411e+01
      vertex   -1.083357e+00 1.030711e+01 1.182533e+01
    endloop
  endfacet
  facet normal -9.772490e-01 -1.893016e-01 -9.565136e-02
    outer loop
      vertex   -1.097860e+00 1.040523e+01 1.177930e+01
      vertex   -1.083357e+00 1.030711e+01 1.182533e+01
      vertex   -1.106901e+00 1.036292e+01 1.195543e+01
    endloop
  endfacet
  facet normal -9.666844e-01 -2.464303e-01 -6.923380e-02
    outer loop
      vertex   -1.106901e+00 1.036292e+01 1.195543e+01
      vertex   -1.083357e+00 1.030711e+01 1.182533e+01
      vertex   -1.087564e+00 1.027551e+01 1.199654e+01
    endloop
  endfacet
  facet normal -9.576448e-01 -2.649315e-01 -1.128172e-01
    outer loop
      vertex   -1.106901e+00 1.036292e+01 1.195543e+01
      vertex   -1.087564e+00 1.027551e+01 1.199654e+01
      vertex   -1.115942e+00 1.032060e+01 1.213155e+01
    endloop
  endfacet
  facet normal -9.380795e-01 -3.358226e-01 -8.502942e-02
    outer loop
      vertex   -1.115942e+00 1.032060e+01 1.213155e+01
      vertex   -1.087564e+00 1.027551e+01 1.199654e+01
      vertex   -1.091770e+00 1.024391e+01 1.216776e+01
    endloop
  endfacet
  facet normal -9.256374e-01 -3.543928e-01 -1.326696e-01
    outer loop
      vertex   -1.115942e+00 1.032060e+01 1.213155e+01
      vertex   -1.091770e+00 1.024391e+01 1.216776e+01
      vertex   -1.124983e+00 1.027828e+01 1.230767e+01
    endloop
  endfacet
  facet normal -8.915385e-01 -4.410084e-01 -1.032992e-01
    outer loop
      vertex   -1.124983e+00 1.027828e+01 1.230767e+01
      vertex   -1.091770e+00 1.024391e+01 1.216776e+01
      vertex   -1.095977e+00 1.021231e+01 1.233897e+01
    endloop
  endfacet
  facet normal -8.751401e-01 -4.583527e-01 -1.550566e-01
    outer loop
      vertex   -1.124983e+00 1.027828e+01 1.230767e+01
      vertex   -1.095977e+00 1.021231e+01 1.233897e+01
      vertex   -1.134024e+00 1.023596e+01 1.248380e+01
    endloop
  endfacet
  facet normal -8.188438e-01 -5.605564e-01 -1.235771e-01
    outer loop
      vertex   -1.134024e+00 1.023596e+01 1.248380e+01
      vertex   -1.095977e+00 1.021231e+01 1.233897e+01
      vertex   -1.100184e+00 1.018071e+01 1.251018e+01
    endloop
  endfacet
  facet normal -7.533636e-01 -5.950861e-01 -2.798496e-01
    outer loop
      vertex   -1.134024e+00 1.023596e+01 1.248380e+01
      vertex   -1.100184e+00 1.018071e+01 1.251018e+01
      vertex   -1.220415e+00 1.028270e+01 1.261696e+01
    endloop
  endfacet
  facet normal -7.115643e-01 -6.876241e-01 -1.443931e-01
    outer loop
      vertex   -1.220415e+00 1.028270e+01 1.261696e+01
      vertex   -1.100184e+00 1.018071e+01 1.251018e+01
      vertex   -1.030797e+00 1.006437e+01 1.272227e+01
    endloop
  endfacet
  facet normal -8.505450e-01 -5.258041e-01 -1.015806e-02
    outer loop
      vertex   -1.030797e+00 1.006437e+01 1.272227e+01
      vertex   -1.100184e+00 1.018071e+01 1.251018e+01
      vertex   -1.066344e+00 1.012546e+01 1.253657e+01
    endloop
  endfacet
  facet normal -8.505450e-01 -5.258041e-01 -1.015806e-02
    outer loop
      vertex   -1.030797e+00 1.006437e+01 1.272227e+01
      vertex   -1.066344e+00 1.012546e+01 1.253657e+01
      vertex   -1.032504e+00 1.007021e+01 1.256296e+01
    endloop
  endfacet
  facet normal -8.518661e-01 -5.237432e-01 -4.148707e-03
    outer loop
      vertex   -1.032504e+00 1.007021e+01 1.256296e+01
      vertex   -1.066344e+00 1.012546e+01 1.253657e+01
      vertex   -1.037965e+00 1.008037e+01 1.240156e+01
    endloop
  endfacet
  facet normal -9.164173e-01 -4.001818e-01 5.815665e-03
    outer loop
      vertex   -1.032504e+00 1.007021e+01 1.256296e+01
      vertex   -1.037965e+00 1.008037e+01 1.240156e+01
      vertex   -1.008959e+00 1.001440e+01 1.243286e+01
    endloop
  endfacet
  facet normal -9.241790e-01 -3.768698e-01 6.214770e-02
    outer loop
      vertex   -1.008959e+00 1.001440e+01 1.243286e+01
      vertex   -1.037965e+00 1.008037e+01 1.240156e+01
      vertex   -1.019256e+00 1.001385e+01 1.227637e+01
    endloop
  endfacet
  facet normal -9.600646e-01 -2.723279e-01 6.413690e-02
    outer loop
      vertex   -1.008959e+00 1.001440e+01 1.243286e+01
      vertex   -1.019256e+00 1.001385e+01 1.227637e+01
      vertex   -9.950839e-01 9.937159e+00 1.231258e+01
    endloop
  endfacet
  facet normal -9.616948e-01 -2.490536e-01 1.145229e-01
    outer loop
      vertex   -9.950839e-01 9.937159e+00 1.231258e+01
      vertex   -1.019256e+00 1.001385e+01 1.227637e+01
      vertex   -1.010214e+00 9.925884e+00 1.216100e+01
    endloop
  endfacet
  facet normal -9.801208e-01 -1.650407e-01 1.101126e-01
    outer loop
      vertex   -9.950839e-01 9.937159e+00 1.231258e+01
      vertex   -1.010214e+00 9.925884e+00 1.216100e+01
      vertex   -9.908771e-01 9.838477e+00 1.220212e+01
    endloop
  endfacet
  facet normal -9.774966e-01 -1.435414e-01 1.545841e-01
    outer loop
      vertex   -9.908771e-01 9.838477e+00 1.220212e+01
      vertex   -1.010214e+00 9.925884e+00 1.216100e+01
      vertex   -1.010842e+00 9.816483e+00 1.205545e+01
    endloop
  endfacet
  facet normal -9.862766e-01 -7.736152e-02 1.458550e-01
    outer loop
      vertex   -9.908771e-01 9.838477e+00 1.220212e+01
      vertex   -1.010842e+00 9.816483e+00 1.205545e+01
      vertex   -9.963389e-01 9.718357e+00 1.210147e+01
    endloop
  endfacet
  facet normal -9.810050e-01 -5.820055e-02 1.850459e-01
    outer loop
      vertex   -9.963389e-01 9.718357e+00 1.210147e+01
      vertex   -1.010842e+00 9.816483e+00 1.205545e+01
      vertex   -1.021138e+00 9.685644e+00 1.195971e+01
    endloop
  endfacet
  facet normal -9.847783e-01 -6.193833e-03 1.737047e-01
    outer loop
      vertex   -9.963389e-01 9.718357e+00 1.210147e+01
      vertex   -1.021138e+00 9.685644e+00 1.195971e+01
      vertex   -1.011469e+00 9.576800e+00 1.201065e+01
    endloop
  endfacet
  facet normal -9.779869e-01 1.064262e-02 2.083950e-01
    outer loop
      vertex   -1.011469e+00 9.576800e+00 1.201065e+01
      vertex   -1.021138e+00 9.685644e+00 1.195971e+01
      vertex   -1.041103e+00 9.533368e+00 1.187379e+01
    endloop
  endfacet
  facet normal -9.793106e-01 5.177207e-02 1.956284e-01
    outer loop
      vertex   -1.011469e+00 9.576800e+00 1.201065e+01
      vertex   -1.041103e+00 9.533368e+00 1.187379e+01
      vertex   -1.036268e+00 9.413805e+00 1.192964e+01
    endloop
  endfacet
  facet normal -9.775923e-01 5.533328e-02 2.031045e-01
    outer loop
      vertex   -1.036268e+00 9.413805e+00 1.192964e+01
      vertex   -1.041103e+00 9.533368e+00 1.187379e+01
      vertex   -1.070736e+00 9.458732e+00 1.175150e+01
    endloop
  endfacet
  facet normal -9.775923e-01 5.533328e-02 2.031045e-01
    outer loop
      vertex   -1.036268e+00 9.413805e+00 1.192964e+01
      vertex   -1.070736e+00 9.458732e+00 1.175150e+01
      vertex   -1.031434e+00 9.294242e+00 1.198548e+01
    endloop
  endfacet
  facet normal -9.640285e-01 1.123315e-01 2.408957e-01
    outer loop
      vertex   -1.031434e+00 9.294242e+00 1.198548e+01
      vertex   -1.070736e+00 9.458732e+00 1.175150e+01
      vertex   -1.070736e+00 9.083489e+00 1.192647e+01
    endloop
  endfacet
  facet normal -9.523548e-01 9.660601e-02 2.892880e-01
    outer loop
      vertex   -1.031434e+00 9.294242e+00 1.198548e+01
      vertex   -1.070736e+00 9.083489e+00 1.192647e+01
      vertex   -1.026600e+00 9.174679e+00 1.204132e+01
    endloop
  endfacet
  facet normal -9.523548e-01 9.660601e-02 2.892880e-01
    outer loop
      vertex   -1.026600e+00 9.174679e+00 1.204132e+01
      vertex   -1.070736e+00 9.083489e+00 1.192647e+01
      vertex   -1.021766e+00 9.055116e+00 1.209716e+01
    endloop
  endfacet
  facet normal -9.535573e-01 9.495332e-02 2.858536e-01
    outer loop
      vertex   -1.026600e+00 9.174679e+00 1.204132e+01
      vertex   -1.021766e+00 9.055116e+00 1.209716e+01
      vertex   -9.824634e-01 9.250268e+00 1.216344e+01
    endloop
  endfacet
  facet normal -9.384633e-01 7.445453e-02 3.372583e-01
    outer loop
      vertex   -9.824634e-01 9.250268e+00 1.216344e+01
      vertex   -1.021766e+00 9.055116e+00 1.209716e+01
      vertex   -9.727947e-01 9.141423e+00 1.221438e+01
    endloop
  endfacet
  facet normal -9.499609e-01 5.914248e-02 3.067190e-01
    outer loop
      vertex   -9.824634e-01 9.250268e+00 1.216344e+01
      vertex   -9.727947e-01 9.141423e+00 1.221438e+01
      vertex   -9.383269e-01 9.325856e+00 1.228557e+01
    endloop
  endfacet
  facet normal -9.306850e-01 3.331358e-02 3.643016e-01
    outer loop
      vertex   -9.383269e-01 9.325856e+00 1.228557e+01
      vertex   -9.727947e-01 9.141423e+00 1.221438e+01
      vertex   -9.238240e-01 9.227731e+00 1.233159e+01
    endloop
  endfacet
  facet normal -9.434464e-01 1.587576e-02 3.311447e-01
    outer loop
      vertex   -9.383269e-01 9.325856e+00 1.228557e+01
      vertex   -9.238240e-01 9.227731e+00 1.233159e+01
      vertex   -8.941905e-01 9.401444e+00 1.240769e+01
    endloop
  endfacet
  facet normal -9.181035e-01 -1.685097e-02 3.959824e-01
    outer loop
      vertex   -8.941905e-01 9.401444e+00 1.240769e+01
      vertex   -9.238240e-01 9.227731e+00 1.233159e+01
      vertex   -8.748532e-01 9.314038e+00 1.244881e+01
    endloop
  endfacet
  facet normal -9.322831e-01 -3.699223e-02 3.598330e-01
    outer loop
      vertex   -8.941905e-01 9.401444e+00 1.240769e+01
      vertex   -8.748532e-01 9.314038e+00 1.244881e+01
      vertex   -8.500540e-01 9.477033e+00 1.252981e+01
    endloop
  endfacet
  facet normal -8.979500e-01 -7.859133e-02 4.330233e-01
    outer loop
      vertex   -8.500540e-01 9.477033e+00 1.252981e+01
      vertex   -8.748532e-01 9.314038e+00 1.244881e+01
      vertex   -8.258824e-01 9.400345e+00 1.256602e+01
    endloop
  endfacet
  facet normal -9.136402e-01 -1.022135e-01 3.934641e-01
    outer loop
      vertex   -8.500540e-01 9.477033e+00 1.252981e+01
      vertex   -8.258824e-01 9.400345e+00 1.256602e+01
      vertex   -8.059176e-01 9.552621e+00 1.265194e+01
    endloop
  endfacet
  facet normal -8.657911e-01 -1.549489e-01 4.758115e-01
    outer loop
      vertex   -8.059176e-01 9.552621e+00 1.265194e+01
      vertex   -8.258824e-01 9.400345e+00 1.256602e+01
      vertex   -7.769116e-01 9.486652e+00 1.268323e+01
    endloop
  endfacet
  facet normal -8.829023e-01 -1.830676e-01 4.324000e-01
    outer loop
      vertex   -8.059176e-01 9.552621e+00 1.265194e+01
      vertex   -7.769116e-01 9.486652e+00 1.268323e+01
      vertex   -7.617811e-01 9.628209e+00 1.277406e+01
    endloop
  endfacet
  facet normal -8.147427e-01 -2.489166e-01 5.236744e-01
    outer loop
      vertex   -7.617811e-01 9.628209e+00 1.277406e+01
      vertex   -7.769116e-01 9.486652e+00 1.268323e+01
      vertex   -7.279408e-01 9.572959e+00 1.280045e+01
    endloop
  endfacet
  facet normal -8.343951e-01 -2.860506e-01 4.711262e-01
    outer loop
      vertex   -7.617811e-01 9.628209e+00 1.277406e+01
      vertex   -7.279408e-01 9.572959e+00 1.280045e+01
      vertex   -7.214002e-01 9.708122e+00 1.289410e+01
    endloop
  endfacet
  facet normal -7.350280e-01 -3.617649e-01 5.734632e-01
    outer loop
      vertex   -7.214002e-01 9.708122e+00 1.289410e+01
      vertex   -7.279408e-01 9.572959e+00 1.280045e+01
      vertex   -6.016208e-01 9.570204e+00 1.296062e+01
    endloop
  endfacet
  facet normal -7.733398e-01 -1.838863e-01 6.067383e-01
    outer loop
      vertex   -6.016208e-01 9.570204e+00 1.296062e+01
      vertex   -7.279408e-01 9.572959e+00 1.280045e+01
      vertex   -6.941005e-01 9.517709e+00 1.282683e+01
    endloop
  endfacet
  facet normal -7.733398e-01 -1.838863e-01 6.067383e-01
    outer loop
      vertex   -6.016208e-01 9.570204e+00 1.296062e+01
      vertex   -6.941005e-01 9.517709e+00 1.282683e+01
      vertex   -6.602602e-01 9.462459e+00 1.285322e+01
    endloop
  endfacet
  facet normal -7.733398e-01 -1.838863e-01 6.067383e-01
    outer loop
      vertex   -6.602602e-01 9.462459e+00 1.285322e+01
      vertex   -6.941005e-01 9.517709e+00 1.282683e+01
      vertex   -7.188997e-01 9.354714e+00 1.274583e+01
    endloop
  endfacet
  facet normal -8.470051e-01 -1.276027e-01 5.160425e-01
    outer loop
      vertex   -7.188997e-01 9.354714e+00 1.274583e+01
      vertex   -6.941005e-01 9.517709e+00 1.282683e+01
      vertex   -7.479057e-01 9.420683e+00 1.271453e+01
    endloop
  endfacet
  facet normal -8.470051e-01 -1.276027e-01 5.160425e-01
    outer loop
      vertex   -7.188997e-01 9.354714e+00 1.274583e+01
      vertex   -7.479057e-01 9.420683e+00 1.271453e+01
      vertex   -8.017108e-01 9.323657e+00 1.260222e+01
    endloop
  endfacet
  facet normal -8.470051e-01 -1.276027e-01 5.160425e-01
    outer loop
      vertex   -8.017108e-01 9.323657e+00 1.260222e+01
      vertex   -7.479057e-01 9.420683e+00 1.271453e+01
      vertex   -7.769116e-01 9.486652e+00 1.268323e+01
    endloop
  endfacet
  facet normal -8.979500e-01 -7.859133e-02 4.330233e-01
    outer loop
      vertex   -8.017108e-01 9.323657e+00 1.260222e+01
      vertex   -7.769116e-01 9.486652e+00 1.268323e+01
      vertex   -8.258824e-01 9.400345e+00 1.256602e+01
    endloop
  endfacet
  facet normal -9.995603e-01 -1.253087e-02 -2.687255e-02
    outer loop
      vertex   -1.070736e+00 1.050099e+01 1.126548e+01
      vertex   -1.070736e+00 1.020922e+01 1.140154e+01
      vertex   -1.074943e+00 1.037031e+01 1.148290e+01
    endloop
  endfacet
  facet normal -9.993293e-01 -3.353150e-02 1.471934e-02
    outer loop
      vertex   -1.074943e+00 1.037031e+01 1.148290e+01
      vertex   -1.070736e+00 1.020922e+01 1.140154e+01
      vertex   -1.070109e+00 1.025075e+01 1.153874e+01
    endloop
  endfacet
  facet normal -9.977795e-01 -5.667967e-02 -3.497700e-02
    outer loop
      vertex   -1.074943e+00 1.037031e+01 1.148290e+01
      vertex   -1.070109e+00 1.025075e+01 1.153874e+01
      vertex   -1.079150e+00 1.033871e+01 1.165411e+01
    endloop
  endfacet
  facet normal -9.957188e-01 -9.210340e-02 -7.807319e-03
    outer loop
      vertex   -1.079150e+00 1.033871e+01 1.165411e+01
      vertex   -1.070109e+00 1.025075e+01 1.153874e+01
      vertex   -1.069481e+00 1.022986e+01 1.170505e+01
    endloop
  endfacet
  facet normal -9.930388e-01 -1.090475e-01 -4.452565e-02
    outer loop
      vertex   -1.079150e+00 1.033871e+01 1.165411e+01
      vertex   -1.069481e+00 1.022986e+01 1.170505e+01
      vertex   -1.083357e+00 1.030711e+01 1.182533e+01
    endloop
  endfacet
  facet normal -9.880554e-01 -1.533155e-01 -1.552189e-02
    outer loop
      vertex   -1.083357e+00 1.030711e+01 1.182533e+01
      vertex   -1.069481e+00 1.022986e+01 1.170505e+01
      vertex   -1.068854e+00 1.020898e+01 1.187135e+01
    endloop
  endfacet
  facet normal -9.835900e-01 -1.715619e-01 -5.583129e-02
    outer loop
      vertex   -1.083357e+00 1.030711e+01 1.182533e+01
      vertex   -1.068854e+00 1.020898e+01 1.187135e+01
      vertex   -1.087564e+00 1.027551e+01 1.199654e+01
    endloop
  endfacet
  facet normal -9.735621e-01 -2.270681e-01 -2.483679e-02
    outer loop
      vertex   -1.087564e+00 1.027551e+01 1.199654e+01
      vertex   -1.068854e+00 1.020898e+01 1.187135e+01
      vertex   -1.068226e+00 1.018810e+01 1.203766e+01
    endloop
  endfacet
  facet normal -9.666844e-01 -2.464303e-01 -6.923380e-02
    outer loop
      vertex   -1.087564e+00 1.027551e+01 1.199654e+01
      vertex   -1.068226e+00 1.018810e+01 1.203766e+01
      vertex   -1.091770e+00 1.024391e+01 1.216776e+01
    endloop
  endfacet
  facet normal -9.481137e-01 -3.158771e-01 -3.608346e-02
    outer loop
      vertex   -1.091770e+00 1.024391e+01 1.216776e+01
      vertex   -1.068226e+00 1.018810e+01 1.203766e+01
      vertex   -1.067599e+00 1.016722e+01 1.220396e+01
    endloop
  endfacet
  facet normal -9.380795e-01 -3.358226e-01 -8.502942e-02
    outer loop
      vertex   -1.091770e+00 1.024391e+01 1.216776e+01
      vertex   -1.067599e+00 1.016722e+01 1.220396e+01
      vertex   -1.095977e+00 1.021231e+01 1.233897e+01
    endloop
  endfacet
  facet normal -9.054281e-01 -4.216015e-01 -4.951904e-02
    outer loop
      vertex   -1.095977e+00 1.021231e+01 1.233897e+01
      vertex   -1.067599e+00 1.016722e+01 1.220396e+01
      vertex   -1.066971e+00 1.014634e+01 1.237027e+01
    endloop
  endfacet
  facet normal -8.915385e-01 -4.410084e-01 -1.032992e-01
    outer loop
      vertex   -1.095977e+00 1.021231e+01 1.233897e+01
      vertex   -1.066971e+00 1.014634e+01 1.237027e+01
      vertex   -1.100184e+00 1.018071e+01 1.251018e+01
    endloop
  endfacet
  facet normal -8.367998e-01 -5.436251e-01 -6.509900e-02
    outer loop
      vertex   -1.100184e+00 1.018071e+01 1.251018e+01
      vertex   -1.066971e+00 1.014634e+01 1.237027e+01
      vertex   -1.066344e+00 1.012546e+01 1.253657e+01
    endloop
  endfacet
  facet normal -9.973838e-01 3.055006e-02 6.551483e-02
    outer loop
      vertex   -1.070736e+00 9.833975e+00 1.157652e+01
      vertex   -1.060440e+00 1.001162e+01 1.165043e+01
      vertex   -1.070736e+00 1.020922e+01 1.140154e+01
    endloop
  endfacet
  facet normal -9.993293e-01 -3.353150e-02 1.471934e-02
    outer loop
      vertex   -1.070736e+00 1.020922e+01 1.140154e+01
      vertex   -1.060440e+00 1.001162e+01 1.165043e+01
      vertex   -1.065274e+00 1.013118e+01 1.159458e+01
    endloop
  endfacet
  facet normal -9.993293e-01 -3.353150e-02 1.471934e-02
    outer loop
      vertex   -1.070736e+00 1.020922e+01 1.140154e+01
      vertex   -1.065274e+00 1.013118e+01 1.159458e+01
      vertex   -1.070109e+00 1.025075e+01 1.153874e+01
    endloop
  endfacet
  facet normal -9.991563e-01 -4.104545e-02 -1.383627e-03
    outer loop
      vertex   -1.070109e+00 1.025075e+01 1.153874e+01
      vertex   -1.065274e+00 1.013118e+01 1.159458e+01
      vertex   -1.069481e+00 1.022986e+01 1.170505e+01
    endloop
  endfacet
  facet normal -9.851523e-01 7.255622e-02 1.555973e-01
    outer loop
      vertex   -1.070736e+00 9.458732e+00 1.175150e+01
      vertex   -1.045937e+00 9.652931e+00 1.181795e+01
      vertex   -1.070736e+00 9.833975e+00 1.157652e+01
    endloop
  endfacet
  facet normal -9.937843e-01 1.153205e-02 1.107241e-01
    outer loop
      vertex   -1.070736e+00 9.833975e+00 1.157652e+01
      vertex   -1.045937e+00 9.652931e+00 1.181795e+01
      vertex   -1.050771e+00 9.772494e+00 1.176211e+01
    endloop
  endfacet
  facet normal -9.937843e-01 1.153205e-02 1.107241e-01
    outer loop
      vertex   -1.070736e+00 9.833975e+00 1.157652e+01
      vertex   -1.050771e+00 9.772494e+00 1.176211e+01
      vertex   -1.055606e+00 9.892057e+00 1.170627e+01
    endloop
  endfacet
  facet normal -9.950809e-01 5.950713e-03 9.888629e-02
    outer loop
      vertex   -1.055606e+00 9.892057e+00 1.170627e+01
      vertex   -1.050771e+00 9.772494e+00 1.176211e+01
      vertex   -1.040475e+00 9.903332e+00 1.185785e+01
    endloop
  endfacet
  facet normal -9.939384e-01 -4.045641e-02 1.022244e-01
    outer loop
      vertex   -1.055606e+00 9.892057e+00 1.170627e+01
      vertex   -1.040475e+00 9.903332e+00 1.185785e+01
      vertex   -1.050144e+00 1.001218e+01 1.180691e+01
    endloop
  endfacet
  facet normal -9.961652e-01 -5.772285e-02 6.574869e-02
    outer loop
      vertex   -1.050144e+00 1.001218e+01 1.180691e+01
      vertex   -1.040475e+00 9.903332e+00 1.185785e+01
      vertex   -1.039848e+00 1.001273e+01 1.196340e+01
    endloop
  endfacet
  facet normal -9.911132e-01 -1.157080e-01 6.562257e-02
    outer loop
      vertex   -1.050144e+00 1.001218e+01 1.180691e+01
      vertex   -1.039848e+00 1.001273e+01 1.196340e+01
      vertex   -1.054351e+00 1.011086e+01 1.191738e+01
    endloop
  endfacet
  facet normal -9.905751e-01 -1.346614e-01 2.504340e-02
    outer loop
      vertex   -1.054351e+00 1.011086e+01 1.191738e+01
      vertex   -1.039848e+00 1.001273e+01 1.196340e+01
      vertex   -1.048889e+00 1.010070e+01 1.207877e+01
    endloop
  endfacet
  facet normal -9.781440e-01 -2.069579e-01 2.007066e-02
    outer loop
      vertex   -1.054351e+00 1.011086e+01 1.191738e+01
      vertex   -1.048889e+00 1.010070e+01 1.207877e+01
      vertex   -1.068226e+00 1.018810e+01 1.203766e+01
    endloop
  endfacet
  facet normal -9.735621e-01 -2.270681e-01 -2.483679e-02
    outer loop
      vertex   -1.068226e+00 1.018810e+01 1.203766e+01
      vertex   -1.048889e+00 1.010070e+01 1.207877e+01
      vertex   -1.067599e+00 1.016722e+01 1.220396e+01
    endloop
  endfacet
  facet normal -9.523548e-01 9.660601e-02 2.892880e-01
    outer loop
      vertex   -1.021766e+00 9.055116e+00 1.209716e+01
      vertex   -1.070736e+00 9.083489e+00 1.192647e+01
      vertex   -1.016931e+00 8.935553e+00 1.215301e+01
    endloop
  endfacet
  facet normal -9.357683e-01 1.490218e-01 3.195783e-01
    outer loop
      vertex   -1.016931e+00 8.935553e+00 1.215301e+01
      vertex   -1.070736e+00 9.083489e+00 1.192647e+01
      vertex   -1.070736e+00 8.708246e+00 1.210145e+01
    endloop
  endfacet
  facet normal -9.202286e-01 1.344615e-01 3.675587e-01
    outer loop
      vertex   -1.016931e+00 8.935553e+00 1.215301e+01
      vertex   -1.070736e+00 8.708246e+00 1.210145e+01
      vertex   -9.534574e-01 8.923735e+00 1.231624e+01
    endloop
  endfacet
  facet normal -9.022822e-01 6.644765e-02 4.259948e-01
    outer loop
      vertex   -8.361786e-01 9.139225e+00 1.253103e+01
      vertex   -9.093210e-01 9.129605e+00 1.237762e+01
      vertex   -9.534574e-01 8.923735e+00 1.231624e+01
    endloop
  endfacet
  facet normal -9.260983e-01 8.926882e-02 3.665692e-01
    outer loop
      vertex   -9.534574e-01 8.923735e+00 1.231624e+01
      vertex   -9.093210e-01 9.129605e+00 1.237762e+01
      vertex   -9.631261e-01 9.032579e+00 1.226531e+01
    endloop
  endfacet
  facet normal -9.260983e-01 8.926882e-02 3.665692e-01
    outer loop
      vertex   -9.534574e-01 8.923735e+00 1.231624e+01
      vertex   -9.631261e-01 9.032579e+00 1.226531e+01
      vertex   -1.016931e+00 8.935553e+00 1.215301e+01
    endloop
  endfacet
  facet normal -9.260983e-01 8.926882e-02 3.665692e-01
    outer loop
      vertex   -1.016931e+00 8.935553e+00 1.215301e+01
      vertex   -9.631261e-01 9.032579e+00 1.226531e+01
      vertex   -9.727947e-01 9.141423e+00 1.221438e+01
    endloop
  endfacet
  facet normal -9.431609e-01 1.085675e-01 3.141027e-01
    outer loop
      vertex   -1.016931e+00 8.935553e+00 1.215301e+01
      vertex   -9.727947e-01 9.141423e+00 1.221438e+01
      vertex   -1.021766e+00 9.055116e+00 1.209716e+01
    endloop
  endfacet
  facet normal -8.626272e-01 -3.360710e-02 5.047226e-01
    outer loop
      vertex   -7.188997e-01 9.354714e+00 1.274583e+01
      vertex   -8.017108e-01 9.323657e+00 1.260222e+01
      vertex   -8.361786e-01 9.139225e+00 1.253103e+01
    endloop
  endfacet
  facet normal -9.027265e-01 2.649578e-03 4.302067e-01
    outer loop
      vertex   -8.361786e-01 9.139225e+00 1.253103e+01
      vertex   -8.017108e-01 9.323657e+00 1.260222e+01
      vertex   -8.555159e-01 9.226631e+00 1.248992e+01
    endloop
  endfacet
  facet normal -9.027265e-01 2.649578e-03 4.302067e-01
    outer loop
      vertex   -8.361786e-01 9.139225e+00 1.253103e+01
      vertex   -8.555159e-01 9.226631e+00 1.248992e+01
      vertex   -9.093210e-01 9.129605e+00 1.237762e+01
    endloop
  endfacet
  facet normal -9.027265e-01 2.649578e-03 4.302067e-01
    outer loop
      vertex   -9.093210e-01 9.129605e+00 1.237762e+01
      vertex   -8.555159e-01 9.226631e+00 1.248992e+01
      vertex   -8.748532e-01 9.314038e+00 1.244881e+01
    endloop
  endfacet
  facet normal -9.306850e-01 3.331358e-02 3.643016e-01
    outer loop
      vertex   -9.093210e-01 9.129605e+00 1.237762e+01
      vertex   -8.748532e-01 9.314038e+00 1.244881e+01
      vertex   -9.238240e-01 9.227731e+00 1.233159e+01
    endloop
  endfacet
  facet normal -7.785001e-01 -4.825086e-01 4.014014e-01
    outer loop
      vertex   -8.411796e-01 9.846040e+00 1.282758e+01
      vertex   -8.294617e-01 9.738710e+00 1.272128e+01
      vertex   -7.214002e-01 9.708122e+00 1.289410e+01
    endloop
  endfacet
  facet normal -8.343951e-01 -2.860506e-01 4.711262e-01
    outer loop
      vertex   -7.214002e-01 9.708122e+00 1.289410e+01
      vertex   -8.294617e-01 9.738710e+00 1.272128e+01
      vertex   -7.956214e-01 9.683459e+00 1.274767e+01
    endloop
  endfacet
  facet normal -8.343951e-01 -2.860506e-01 4.711262e-01
    outer loop
      vertex   -7.214002e-01 9.708122e+00 1.289410e+01
      vertex   -7.956214e-01 9.683459e+00 1.274767e+01
      vertex   -7.617811e-01 9.628209e+00 1.277406e+01
    endloop
  endfacet
  facet normal -8.327704e-01 -2.827400e-01 4.759744e-01
    outer loop
      vertex   -7.617811e-01 9.628209e+00 1.277406e+01
      vertex   -7.956214e-01 9.683459e+00 1.274767e+01
      vertex   -8.059176e-01 9.552621e+00 1.265194e+01
    endloop
  endfacet
  facet normal -7.876422e-01 -5.557389e-01 2.660338e-01
    outer loop
      vertex   -9.359885e-01 9.955206e+00 1.277492e+01
      vertex   -8.971423e-01 9.849210e+00 1.266851e+01
      vertex   -8.411796e-01 9.846040e+00 1.282758e+01
    endloop
  endfacet
  facet normal -8.707421e-01 -3.907316e-01 2.985581e-01
    outer loop
      vertex   -8.411796e-01 9.846040e+00 1.282758e+01
      vertex   -8.971423e-01 9.849210e+00 1.266851e+01
      vertex   -8.633020e-01 9.793960e+00 1.269490e+01
    endloop
  endfacet
  facet normal -8.707421e-01 -3.907316e-01 2.985581e-01
    outer loop
      vertex   -8.411796e-01 9.846040e+00 1.282758e+01
      vertex   -8.633020e-01 9.793960e+00 1.269490e+01
      vertex   -8.294617e-01 9.738710e+00 1.272128e+01
    endloop
  endfacet
  facet normal -8.606651e-01 -3.509729e-01 3.688816e-01
    outer loop
      vertex   -8.294617e-01 9.738710e+00 1.272128e+01
      vertex   -8.633020e-01 9.793960e+00 1.269490e+01
      vertex   -8.639295e-01 9.684559e+00 1.258934e+01
    endloop
  endfacet
  facet normal -9.103948e-01 -2.406143e-01 3.365799e-01
    outer loop
      vertex   -8.294617e-01 9.738710e+00 1.272128e+01
      vertex   -8.639295e-01 9.684559e+00 1.258934e+01
      vertex   -8.349236e-01 9.618590e+00 1.262064e+01
    endloop
  endfacet
  facet normal -8.979104e-01 -2.117186e-01 3.859174e-01
    outer loop
      vertex   -8.349236e-01 9.618590e+00 1.262064e+01
      vertex   -8.639295e-01 9.684559e+00 1.258934e+01
      vertex   -8.742257e-01 9.553720e+00 1.249361e+01
    endloop
  endfacet
  facet normal -9.276001e-01 -1.264075e-01 3.515384e-01
    outer loop
      vertex   -8.349236e-01 9.618590e+00 1.262064e+01
      vertex   -8.742257e-01 9.553720e+00 1.249361e+01
      vertex   -8.500540e-01 9.477033e+00 1.252981e+01
    endloop
  endfacet
  facet normal -9.136402e-01 -1.022135e-01 3.934641e-01
    outer loop
      vertex   -8.500540e-01 9.477033e+00 1.252981e+01
      vertex   -8.742257e-01 9.553720e+00 1.249361e+01
      vertex   -8.941905e-01 9.401444e+00 1.240769e+01
    endloop
  endfacet
  facet normal -7.664067e-01 -6.401898e-01 5.270376e-02
    outer loop
      vertex   -1.030797e+00 1.006437e+01 1.272227e+01
      vertex   -9.986632e-01 1.001496e+01 1.258935e+01
      vertex   -9.359885e-01 9.955206e+00 1.277492e+01
    endloop
  endfacet
  facet normal -8.730841e-01 -4.655173e-01 1.449752e-01
    outer loop
      vertex   -9.359885e-01 9.955206e+00 1.277492e+01
      vertex   -9.986632e-01 1.001496e+01 1.258935e+01
      vertex   -9.648229e-01 9.959710e+00 1.261573e+01
    endloop
  endfacet
  facet normal -8.730841e-01 -4.655173e-01 1.449752e-01
    outer loop
      vertex   -9.359885e-01 9.955206e+00 1.277492e+01
      vertex   -9.648229e-01 9.959710e+00 1.261573e+01
      vertex   -9.309826e-01 9.904460e+00 1.264212e+01
    endloop
  endfacet
  facet normal -8.749522e-01 -4.470047e-01 1.861327e-01
    outer loop
      vertex   -9.309826e-01 9.904460e+00 1.264212e+01
      vertex   -9.648229e-01 9.959710e+00 1.261573e+01
      vertex   -9.509475e-01 9.882466e+00 1.249545e+01
    endloop
  endfacet
  facet normal -9.291885e-01 -3.254008e-01 1.752799e-01
    outer loop
      vertex   -9.309826e-01 9.904460e+00 1.264212e+01
      vertex   -9.509475e-01 9.882466e+00 1.249545e+01
      vertex   -9.219415e-01 9.816497e+00 1.252675e+01
    endloop
  endfacet
  facet normal -9.263119e-01 -2.978100e-01 2.307715e-01
    outer loop
      vertex   -9.219415e-01 9.816497e+00 1.252675e+01
      vertex   -9.509475e-01 9.882466e+00 1.249545e+01
      vertex   -9.467406e-01 9.783784e+00 1.238499e+01
    endloop
  endfacet
  facet normal -9.561273e-01 -2.005494e-01 2.135430e-01
    outer loop
      vertex   -9.219415e-01 9.816497e+00 1.252675e+01
      vertex   -9.467406e-01 9.783784e+00 1.238499e+01
      vertex   -9.225690e-01 9.707096e+00 1.242120e+01
    endloop
  endfacet
  facet normal -9.491134e-01 -1.757872e-01 2.613096e-01
    outer loop
      vertex   -9.225690e-01 9.707096e+00 1.242120e+01
      vertex   -9.467406e-01 9.783784e+00 1.238499e+01
      vertex   -9.522024e-01 9.663664e+00 1.228435e+01
    endloop
  endfacet
  facet normal -9.653654e-01 -1.002731e-01 2.408630e-01
    outer loop
      vertex   -9.225690e-01 9.707096e+00 1.242120e+01
      vertex   -9.522024e-01 9.663664e+00 1.228435e+01
      vertex   -9.328651e-01 9.576257e+00 1.232546e+01
    endloop
  endfacet
  facet normal -9.561339e-01 -7.882112e-02 2.821261e-01
    outer loop
      vertex   -9.328651e-01 9.576257e+00 1.232546e+01
      vertex   -9.522024e-01 9.663664e+00 1.228435e+01
      vertex   -9.673329e-01 9.522107e+00 1.219352e+01
    endloop
  endfacet
  facet normal -9.652431e-01 -2.045616e-02 2.605519e-01
    outer loop
      vertex   -9.328651e-01 9.576257e+00 1.232546e+01
      vertex   -9.673329e-01 9.522107e+00 1.219352e+01
      vertex   -9.528299e-01 9.423981e+00 1.223954e+01
    endloop
  endfacet
  facet normal -9.550215e-01 -2.070853e-03 2.965292e-01
    outer loop
      vertex   -9.528299e-01 9.423981e+00 1.223954e+01
      vertex   -9.673329e-01 9.522107e+00 1.219352e+01
      vertex   -9.921320e-01 9.359112e+00 1.211251e+01
    endloop
  endfacet
  facet normal -9.604632e-01 4.337050e-02 2.750079e-01
    outer loop
      vertex   -9.528299e-01 9.423981e+00 1.223954e+01
      vertex   -9.921320e-01 9.359112e+00 1.211251e+01
      vertex   -9.824634e-01 9.250268e+00 1.216344e+01
    endloop
  endfacet
  facet normal -9.499609e-01 5.914248e-02 3.067190e-01
    outer loop
      vertex   -9.824634e-01 9.250268e+00 1.216344e+01
      vertex   -9.921320e-01 9.359112e+00 1.211251e+01
      vertex   -1.026600e+00 9.174679e+00 1.204132e+01
    endloop
  endfacet
  facet normal -7.533636e-01 -5.950861e-01 -2.798496e-01
    outer loop
      vertex   -1.134024e+00 1.023596e+01 1.248380e+01
      vertex   -1.220415e+00 1.028270e+01 1.261696e+01
      vertex   -1.167865e+00 1.029121e+01 1.245741e+01
    endloop
  endfacet
  facet normal -7.533636e-01 -5.950861e-01 -2.798496e-01
    outer loop
      vertex   -1.167865e+00 1.029121e+01 1.245741e+01
      vertex   -1.220415e+00 1.028270e+01 1.261696e+01
      vertex   -1.182995e+00 1.041022e+01 1.224508e+01
    endloop
  endfacet
  facet normal -8.566605e-01 -4.736487e-01 -2.044255e-01
    outer loop
      vertex   -1.167865e+00 1.029121e+01 1.245741e+01
      vertex   -1.182995e+00 1.041022e+01 1.224508e+01
      vertex   -1.153989e+00 1.034425e+01 1.227638e+01
    endloop
  endfacet
  facet normal -8.566605e-01 -4.736487e-01 -2.044255e-01
    outer loop
      vertex   -1.153989e+00 1.034425e+01 1.227638e+01
      vertex   -1.182995e+00 1.041022e+01 1.224508e+01
      vertex   -1.140114e+00 1.039729e+01 1.209534e+01
    endloop
  endfacet
  facet normal -9.110693e-01 -3.715211e-01 -1.786753e-01
    outer loop
      vertex   -1.153989e+00 1.034425e+01 1.227638e+01
      vertex   -1.140114e+00 1.039729e+01 1.209534e+01
      vertex   -1.115942e+00 1.032060e+01 1.213155e+01
    endloop
  endfacet
  facet normal -9.256374e-01 -3.543928e-01 -1.326696e-01
    outer loop
      vertex   -1.115942e+00 1.032060e+01 1.213155e+01
      vertex   -1.140114e+00 1.039729e+01 1.209534e+01
      vertex   -1.106901e+00 1.036292e+01 1.195543e+01
    endloop
  endfacet
  facet normal -8.946840e-01 -3.871804e-01 -2.227823e-01
    outer loop
      vertex   -1.182995e+00 1.041022e+01 1.224508e+01
      vertex   -1.145576e+00 1.053773e+01 1.187320e+01
      vertex   -1.140114e+00 1.039729e+01 1.209534e+01
    endloop
  endfacet
  facet normal -9.466160e-01 -2.824813e-01 -1.553137e-01
    outer loop
      vertex   -1.140114e+00 1.039729e+01 1.209534e+01
      vertex   -1.145576e+00 1.053773e+01 1.187320e+01
      vertex   -1.126238e+00 1.045032e+01 1.191431e+01
    endloop
  endfacet
  facet normal -9.466160e-01 -2.824813e-01 -1.553137e-01
    outer loop
      vertex   -1.140114e+00 1.039729e+01 1.209534e+01
      vertex   -1.126238e+00 1.045032e+01 1.191431e+01
      vertex   -1.106901e+00 1.036292e+01 1.195543e+01
    endloop
  endfacet
  facet normal -9.576448e-01 -2.649315e-01 -1.128172e-01
    outer loop
      vertex   -1.106901e+00 1.036292e+01 1.195543e+01
      vertex   -1.126238e+00 1.045032e+01 1.191431e+01
      vertex   -1.097860e+00 1.040523e+01 1.177930e+01
    endloop
  endfacet
  facet normal -9.466160e-01 -2.824813e-01 -1.553137e-01
    outer loop
      vertex   -1.126238e+00 1.045032e+01 1.191431e+01
      vertex   -1.145576e+00 1.053773e+01 1.187320e+01
      vertex   -1.112363e+00 1.050336e+01 1.173328e+01
    endloop
  endfacet
  facet normal -9.593676e-01 -2.229239e-01 -1.729703e-01
    outer loop
      vertex   -1.112363e+00 1.050336e+01 1.173328e+01
      vertex   -1.145576e+00 1.053773e+01 1.187320e+01
      vertex   -1.108156e+00 1.066524e+01 1.150131e+01
    endloop
  endfacet
  facet normal -9.829276e-01 -1.420408e-01 -1.169518e-01
    outer loop
      vertex   -1.112363e+00 1.050336e+01 1.173328e+01
      vertex   -1.108156e+00 1.066524e+01 1.150131e+01
      vertex   -1.098487e+00 1.055640e+01 1.155225e+01
    endloop
  endfacet
  facet normal -9.829276e-01 -1.420408e-01 -1.169518e-01
    outer loop
      vertex   -1.098487e+00 1.055640e+01 1.155225e+01
      vertex   -1.108156e+00 1.066524e+01 1.150131e+01
      vertex   -1.084612e+00 1.060943e+01 1.137121e+01
    endloop
  endfacet
  facet normal -9.909688e-01 -8.751825e-02 -1.015946e-01
    outer loop
      vertex   -1.098487e+00 1.055640e+01 1.155225e+01
      vertex   -1.084612e+00 1.060943e+01 1.137121e+01
      vertex   -1.079777e+00 1.048987e+01 1.142706e+01
    endloop
  endfacet
  facet normal -9.856073e-01 -1.026020e-01 -1.343543e-01
    outer loop
      vertex   -1.108156e+00 1.066524e+01 1.150131e+01
      vertex   -1.089446e+00 1.072900e+01 1.131537e+01
      vertex   -1.084612e+00 1.060943e+01 1.137121e+01
    endloop
  endfacet
  facet normal -9.631107e-01 8.092682e-02 2.566487e-01
    outer loop
      vertex   -1.026600e+00 9.174679e+00 1.204132e+01
      vertex   -9.921320e-01 9.359112e+00 1.211251e+01
      vertex   -1.031434e+00 9.294242e+00 1.198548e+01
    endloop
  endfacet
  facet normal -9.604632e-01 4.337050e-02 2.750079e-01
    outer loop
      vertex   -1.031434e+00 9.294242e+00 1.198548e+01
      vertex   -9.921320e-01 9.359112e+00 1.211251e+01
      vertex   -1.001801e+00 9.467956e+00 1.206158e+01
    endloop
  endfacet
  facet normal -9.717256e-01 6.652025e-02 2.265488e-01
    outer loop
      vertex   -1.031434e+00 9.294242e+00 1.198548e+01
      vertex   -1.001801e+00 9.467956e+00 1.206158e+01
      vertex   -1.036268e+00 9.413805e+00 1.192964e+01
    endloop
  endfacet
  facet normal -9.698451e-01 2.718536e-02 2.422012e-01
    outer loop
      vertex   -1.036268e+00 9.413805e+00 1.192964e+01
      vertex   -1.001801e+00 9.467956e+00 1.206158e+01
      vertex   -1.011469e+00 9.576800e+00 1.201065e+01
    endloop
  endfacet
  facet normal -9.775923e-01 5.533328e-02 2.031045e-01
    outer loop
      vertex   -1.045937e+00 9.652931e+00 1.181795e+01
      vertex   -1.070736e+00 9.458732e+00 1.175150e+01
      vertex   -1.041103e+00 9.533368e+00 1.187379e+01
    endloop
  endfacet
  facet normal -9.857805e-01 3.672683e-02 1.639754e-01
    outer loop
      vertex   -1.041103e+00 9.533368e+00 1.187379e+01
      vertex   -1.021138e+00 9.685644e+00 1.195971e+01
      vertex   -1.045937e+00 9.652931e+00 1.181795e+01
    endloop
  endfacet
  facet normal -9.847783e-01 -6.193833e-03 1.737047e-01
    outer loop
      vertex   -1.045937e+00 9.652931e+00 1.181795e+01
      vertex   -1.021138e+00 9.685644e+00 1.195971e+01
      vertex   -1.030807e+00 9.794488e+00 1.190878e+01
    endloop
  endfacet
  facet normal -9.910591e-01 2.143467e-02 1.316906e-01
    outer loop
      vertex   -1.045937e+00 9.652931e+00 1.181795e+01
      vertex   -1.030807e+00 9.794488e+00 1.190878e+01
      vertex   -1.050771e+00 9.772494e+00 1.176211e+01
    endloop
  endfacet
  facet normal -9.901224e-01 -2.325268e-02 1.382643e-01
    outer loop
      vertex   -1.050771e+00 9.772494e+00 1.176211e+01
      vertex   -1.030807e+00 9.794488e+00 1.190878e+01
      vertex   -1.040475e+00 9.903332e+00 1.185785e+01
    endloop
  endfacet
  facet normal -9.937843e-01 1.153205e-02 1.107241e-01
    outer loop
      vertex   -1.060440e+00 1.001162e+01 1.165043e+01
      vertex   -1.070736e+00 9.833975e+00 1.157652e+01
      vertex   -1.055606e+00 9.892057e+00 1.170627e+01
    endloop
  endfacet
  facet normal -9.977936e-01 -9.665802e-03 6.568486e-02
    outer loop
      vertex   -1.055606e+00 9.892057e+00 1.170627e+01
      vertex   -1.050144e+00 1.001218e+01 1.180691e+01
      vertex   -1.060440e+00 1.001162e+01 1.165043e+01
    endloop
  endfacet
  facet normal -9.961652e-01 -5.772285e-02 6.574869e-02
    outer loop
      vertex   -1.060440e+00 1.001162e+01 1.165043e+01
      vertex   -1.050144e+00 1.001218e+01 1.180691e+01
      vertex   -1.059813e+00 1.012102e+01 1.175598e+01
    endloop
  endfacet
  facet normal -9.991593e-01 -2.535258e-02 3.221639e-02
    outer loop
      vertex   -1.060440e+00 1.001162e+01 1.165043e+01
      vertex   -1.059813e+00 1.012102e+01 1.175598e+01
      vertex   -1.065274e+00 1.013118e+01 1.159458e+01
    endloop
  endfacet
  facet normal -9.967639e-01 -7.496707e-02 2.901141e-02
    outer loop
      vertex   -1.065274e+00 1.013118e+01 1.159458e+01
      vertex   -1.059813e+00 1.012102e+01 1.175598e+01
      vertex   -1.069481e+00 1.022986e+01 1.170505e+01
    endloop
  endfacet
  facet normal -9.887566e-01 -1.257185e-01 -8.096449e-02
    outer loop
      vertex   -1.098487e+00 1.055640e+01 1.155225e+01
      vertex   -1.079777e+00 1.048987e+01 1.142706e+01
      vertex   -1.088819e+00 1.044755e+01 1.160318e+01
    endloop
  endfacet
  facet normal -9.384633e-01 7.445453e-02 3.372583e-01
    outer loop
      vertex   -9.727947e-01 9.141423e+00 1.221438e+01
      vertex   -9.631261e-01 9.032579e+00 1.226531e+01
      vertex   -9.238240e-01 9.227731e+00 1.233159e+01
    endloop
  endfacet
  facet normal -9.169075e-01 5.018558e-02 3.959319e-01
    outer loop
      vertex   -9.238240e-01 9.227731e+00 1.233159e+01
      vertex   -9.631261e-01 9.032579e+00 1.226531e+01
      vertex   -9.093210e-01 9.129605e+00 1.237762e+01
    endloop
  endfacet
  facet normal -9.434464e-01 1.587576e-02 3.311447e-01
    outer loop
      vertex   -9.824634e-01 9.250268e+00 1.216344e+01
      vertex   -9.383269e-01 9.325856e+00 1.228557e+01
      vertex   -9.528299e-01 9.423981e+00 1.223954e+01
    endloop
  endfacet
  facet normal -9.550215e-01 -2.070853e-03 2.965292e-01
    outer loop
      vertex   -9.528299e-01 9.423981e+00 1.223954e+01
      vertex   -9.383269e-01 9.325856e+00 1.228557e+01
      vertex   -9.135278e-01 9.488851e+00 1.236658e+01
    endloop
  endfacet
  facet normal -9.450354e-01 -5.768517e-02 3.218393e-01
    outer loop
      vertex   -9.528299e-01 9.423981e+00 1.223954e+01
      vertex   -9.135278e-01 9.488851e+00 1.236658e+01
      vertex   -9.328651e-01 9.576257e+00 1.232546e+01
    endloop
  endfacet
  facet normal -9.561339e-01 -7.882112e-02 2.821261e-01
    outer loop
      vertex   -9.328651e-01 9.576257e+00 1.232546e+01
      vertex   -9.135278e-01 9.488851e+00 1.236658e+01
      vertex   -8.983973e-01 9.630408e+00 1.245740e+01
    endloop
  endfacet
  facet normal -9.395206e-01 -1.509991e-01 3.074091e-01
    outer loop
      vertex   -9.328651e-01 9.576257e+00 1.232546e+01
      vertex   -8.983973e-01 9.630408e+00 1.245740e+01
      vertex   -9.225690e-01 9.707096e+00 1.242120e+01
    endloop
  endfacet
  facet normal -9.491134e-01 -1.757872e-01 2.613096e-01
    outer loop
      vertex   -9.225690e-01 9.707096e+00 1.242120e+01
      vertex   -8.983973e-01 9.630408e+00 1.245740e+01
      vertex   -8.929355e-01 9.750528e+00 1.255805e+01
    endloop
  endfacet
  facet normal -9.199697e-01 -2.694285e-01 2.847176e-01
    outer loop
      vertex   -9.225690e-01 9.707096e+00 1.242120e+01
      vertex   -8.929355e-01 9.750528e+00 1.255805e+01
      vertex   -9.219415e-01 9.816497e+00 1.252675e+01
    endloop
  endfacet
  facet normal -9.263119e-01 -2.978100e-01 2.307715e-01
    outer loop
      vertex   -9.219415e-01 9.816497e+00 1.252675e+01
      vertex   -8.929355e-01 9.750528e+00 1.255805e+01
      vertex   -8.971423e-01 9.849210e+00 1.266851e+01
    endloop
  endfacet
  facet normal -8.743230e-01 -4.165560e-01 2.490791e-01
    outer loop
      vertex   -9.219415e-01 9.816497e+00 1.252675e+01
      vertex   -8.971423e-01 9.849210e+00 1.266851e+01
      vertex   -9.309826e-01 9.904460e+00 1.264212e+01
    endloop
  endfacet
  facet normal -8.730841e-01 -4.655173e-01 1.449752e-01
    outer loop
      vertex   -9.309826e-01 9.904460e+00 1.264212e+01
      vertex   -8.971423e-01 9.849210e+00 1.266851e+01
      vertex   -9.359885e-01 9.955206e+00 1.277492e+01
    endloop
  endfacet
  facet normal -9.322831e-01 -3.699223e-02 3.598330e-01
    outer loop
      vertex   -9.135278e-01 9.488851e+00 1.236658e+01
      vertex   -9.383269e-01 9.325856e+00 1.228557e+01
      vertex   -8.941905e-01 9.401444e+00 1.240769e+01
    endloop
  endfacet
  facet normal -9.698451e-01 2.718536e-02 2.422012e-01
    outer loop
      vertex   -1.001801e+00 9.467956e+00 1.206158e+01
      vertex   -9.921320e-01 9.359112e+00 1.211251e+01
      vertex   -9.673329e-01 9.522107e+00 1.219352e+01
    endloop
  endfacet
  facet normal -9.779869e-01 1.064262e-02 2.083950e-01
    outer loop
      vertex   -1.011469e+00 9.576800e+00 1.201065e+01
      vertex   -1.001801e+00 9.467956e+00 1.206158e+01
      vertex   -9.818359e-01 9.620232e+00 1.214750e+01
    endloop
  endfacet
  facet normal -9.652431e-01 -2.045616e-02 2.605519e-01
    outer loop
      vertex   -9.818359e-01 9.620232e+00 1.214750e+01
      vertex   -1.001801e+00 9.467956e+00 1.206158e+01
      vertex   -9.673329e-01 9.522107e+00 1.219352e+01
    endloop
  endfacet
  facet normal -9.739524e-01 -3.919745e-02 2.233390e-01
    outer loop
      vertex   -9.818359e-01 9.620232e+00 1.214750e+01
      vertex   -9.673329e-01 9.522107e+00 1.219352e+01
      vertex   -9.522024e-01 9.663664e+00 1.228435e+01
    endloop
  endfacet
  facet normal -9.739524e-01 -3.919745e-02 2.233390e-01
    outer loop
      vertex   -1.011469e+00 9.576800e+00 1.201065e+01
      vertex   -9.818359e-01 9.620232e+00 1.214750e+01
      vertex   -9.963389e-01 9.718357e+00 1.210147e+01
    endloop
  endfacet
  facet normal -9.810050e-01 -5.820055e-02 1.850459e-01
    outer loop
      vertex   -9.963389e-01 9.718357e+00 1.210147e+01
      vertex   -9.818359e-01 9.620232e+00 1.214750e+01
      vertex   -9.715398e-01 9.751070e+00 1.224323e+01
    endloop
  endfacet
  facet normal -9.725391e-01 -1.218981e-01 1.982641e-01
    outer loop
      vertex   -9.963389e-01 9.718357e+00 1.210147e+01
      vertex   -9.715398e-01 9.751070e+00 1.224323e+01
      vertex   -9.908771e-01 9.838477e+00 1.220212e+01
    endloop
  endfacet
  facet normal -9.774966e-01 -1.435414e-01 1.545841e-01
    outer loop
      vertex   -9.908771e-01 9.838477e+00 1.220212e+01
      vertex   -9.715398e-01 9.751070e+00 1.224323e+01
      vertex   -9.709123e-01 9.860471e+00 1.234878e+01
    endloop
  endfacet
  facet normal -9.603645e-01 -2.250509e-01 1.644752e-01
    outer loop
      vertex   -9.908771e-01 9.838477e+00 1.220212e+01
      vertex   -9.709123e-01 9.860471e+00 1.234878e+01
      vertex   -9.950839e-01 9.937159e+00 1.231258e+01
    endloop
  endfacet
  facet normal -9.616948e-01 -2.490536e-01 1.145229e-01
    outer loop
      vertex   -9.950839e-01 9.937159e+00 1.231258e+01
      vertex   -9.709123e-01 9.860471e+00 1.234878e+01
      vertex   -9.799534e-01 9.948435e+00 1.246416e+01
    endloop
  endfacet
  facet normal -9.284773e-01 -3.518572e-01 1.188544e-01
    outer loop
      vertex   -9.950839e-01 9.937159e+00 1.231258e+01
      vertex   -9.799534e-01 9.948435e+00 1.246416e+01
      vertex   -1.008959e+00 1.001440e+01 1.243286e+01
    endloop
  endfacet
  facet normal -9.241790e-01 -3.768698e-01 6.214770e-02
    outer loop
      vertex   -1.008959e+00 1.001440e+01 1.243286e+01
      vertex   -9.799534e-01 9.948435e+00 1.246416e+01
      vertex   -9.986632e-01 1.001496e+01 1.258935e+01
    endloop
  endfacet
  facet normal -8.635137e-01 -5.009096e-01 5.859747e-02
    outer loop
      vertex   -1.008959e+00 1.001440e+01 1.243286e+01
      vertex   -9.986632e-01 1.001496e+01 1.258935e+01
      vertex   -1.032504e+00 1.007021e+01 1.256296e+01
    endloop
  endfacet
  facet normal -8.505450e-01 -5.258041e-01 -1.015806e-02
    outer loop
      vertex   -1.032504e+00 1.007021e+01 1.256296e+01
      vertex   -9.986632e-01 1.001496e+01 1.258935e+01
      vertex   -1.030797e+00 1.006437e+01 1.272227e+01
    endloop
  endfacet
  facet normal -9.653654e-01 -1.002731e-01 2.408630e-01
    outer loop
      vertex   -9.715398e-01 9.751070e+00 1.224323e+01
      vertex   -9.818359e-01 9.620232e+00 1.214750e+01
      vertex   -9.522024e-01 9.663664e+00 1.228435e+01
    endloop
  endfacet
  facet normal -9.901224e-01 -2.325268e-02 1.382643e-01
    outer loop
      vertex   -1.030807e+00 9.794488e+00 1.190878e+01
      vertex   -1.021138e+00 9.685644e+00 1.195971e+01
      vertex   -1.010842e+00 9.816483e+00 1.205545e+01
    endloop
  endfacet
  facet normal -9.939384e-01 -4.045641e-02 1.022244e-01
    outer loop
      vertex   -1.040475e+00 9.903332e+00 1.185785e+01
      vertex   -1.030807e+00 9.794488e+00 1.190878e+01
      vertex   -1.025345e+00 9.914608e+00 1.200942e+01
    endloop
  endfacet
  facet normal -9.862766e-01 -7.736152e-02 1.458550e-01
    outer loop
      vertex   -1.025345e+00 9.914608e+00 1.200942e+01
      vertex   -1.030807e+00 9.794488e+00 1.190878e+01
      vertex   -1.010842e+00 9.816483e+00 1.205545e+01
    endloop
  endfacet
  facet normal -9.896688e-01 -9.656919e-02 1.059723e-01
    outer loop
      vertex   -1.025345e+00 9.914608e+00 1.200942e+01
      vertex   -1.010842e+00 9.816483e+00 1.205545e+01
      vertex   -1.010214e+00 9.925884e+00 1.216100e+01
    endloop
  endfacet
  facet normal -9.896688e-01 -9.656919e-02 1.059723e-01
    outer loop
      vertex   -1.040475e+00 9.903332e+00 1.185785e+01
      vertex   -1.025345e+00 9.914608e+00 1.200942e+01
      vertex   -1.039848e+00 1.001273e+01 1.196340e+01
    endloop
  endfacet
  facet normal -9.911132e-01 -1.157080e-01 6.562257e-02
    outer loop
      vertex   -1.039848e+00 1.001273e+01 1.196340e+01
      vertex   -1.025345e+00 9.914608e+00 1.200942e+01
      vertex   -1.029552e+00 1.001329e+01 1.211989e+01
    endloop
  endfacet
  facet normal -9.803423e-01 -1.862326e-01 6.516479e-02
    outer loop
      vertex   -1.039848e+00 1.001273e+01 1.196340e+01
      vertex   -1.029552e+00 1.001329e+01 1.211989e+01
      vertex   -1.048889e+00 1.010070e+01 1.207877e+01
    endloop
  endfacet
  facet normal -9.781440e-01 -2.069579e-01 2.007066e-02
    outer loop
      vertex   -1.048889e+00 1.010070e+01 1.207877e+01
      vertex   -1.029552e+00 1.001329e+01 1.211989e+01
      vertex   -1.043427e+00 1.009053e+01 1.224017e+01
    endloop
  endfacet
  facet normal -9.555018e-01 -2.946632e-01 1.378217e-02
    outer loop
      vertex   -1.048889e+00 1.010070e+01 1.207877e+01
      vertex   -1.043427e+00 1.009053e+01 1.224017e+01
      vertex   -1.067599e+00 1.016722e+01 1.220396e+01
    endloop
  endfacet
  facet normal -9.481137e-01 -3.158771e-01 -3.608346e-02
    outer loop
      vertex   -1.067599e+00 1.016722e+01 1.220396e+01
      vertex   -1.043427e+00 1.009053e+01 1.224017e+01
      vertex   -1.066971e+00 1.014634e+01 1.237027e+01
    endloop
  endfacet
  facet normal -9.801208e-01 -1.650407e-01 1.101126e-01
    outer loop
      vertex   -1.029552e+00 1.001329e+01 1.211989e+01
      vertex   -1.025345e+00 9.914608e+00 1.200942e+01
      vertex   -1.010214e+00 9.925884e+00 1.216100e+01
    endloop
  endfacet
  facet normal -9.967639e-01 -7.496707e-02 2.901141e-02
    outer loop
      vertex   -1.059813e+00 1.012102e+01 1.175598e+01
      vertex   -1.050144e+00 1.001218e+01 1.180691e+01
      vertex   -1.054351e+00 1.011086e+01 1.191738e+01
    endloop
  endfacet
  facet normal -9.957188e-01 -9.210340e-02 -7.807319e-03
    outer loop
      vertex   -1.069481e+00 1.022986e+01 1.170505e+01
      vertex   -1.059813e+00 1.012102e+01 1.175598e+01
      vertex   -1.068854e+00 1.020898e+01 1.187135e+01
    endloop
  endfacet
  facet normal -9.905751e-01 -1.346614e-01 2.504340e-02
    outer loop
      vertex   -1.068854e+00 1.020898e+01 1.187135e+01
      vertex   -1.059813e+00 1.012102e+01 1.175598e+01
      vertex   -1.054351e+00 1.011086e+01 1.191738e+01
    endloop
  endfacet
  facet normal -9.880554e-01 -1.533155e-01 -1.552189e-02
    outer loop
      vertex   -1.068854e+00 1.020898e+01 1.187135e+01
      vertex   -1.054351e+00 1.011086e+01 1.191738e+01
      vertex   -1.068226e+00 1.018810e+01 1.203766e+01
    endloop
  endfacet
  facet normal -9.829276e-01 -1.420408e-01 -1.169518e-01
    outer loop
      vertex   -1.098487e+00 1.055640e+01 1.155225e+01
      vertex   -1.088819e+00 1.044755e+01 1.160318e+01
      vertex   -1.112363e+00 1.050336e+01 1.173328e+01
    endloop
  endfacet
  facet normal -9.772490e-01 -1.893016e-01 -9.565136e-02
    outer loop
      vertex   -1.112363e+00 1.050336e+01 1.173328e+01
      vertex   -1.088819e+00 1.044755e+01 1.160318e+01
      vertex   -1.097860e+00 1.040523e+01 1.177930e+01
    endloop
  endfacet
  facet normal -9.691328e-01 -2.064470e-01 -1.347637e-01
    outer loop
      vertex   -1.112363e+00 1.050336e+01 1.173328e+01
      vertex   -1.097860e+00 1.040523e+01 1.177930e+01
      vertex   -1.126238e+00 1.045032e+01 1.191431e+01
    endloop
  endfacet
  facet normal -9.181035e-01 -1.685097e-02 3.959824e-01
    outer loop
      vertex   -8.748532e-01 9.314038e+00 1.244881e+01
      vertex   -8.555159e-01 9.226631e+00 1.248992e+01
      vertex   -8.258824e-01 9.400345e+00 1.256602e+01
    endloop
  endfacet
  facet normal -8.808436e-01 -5.568497e-02 4.701209e-01
    outer loop
      vertex   -8.258824e-01 9.400345e+00 1.256602e+01
      vertex   -8.555159e-01 9.226631e+00 1.248992e+01
      vertex   -8.017108e-01 9.323657e+00 1.260222e+01
    endloop
  endfacet
  facet normal -9.450354e-01 -5.768517e-02 3.218393e-01
    outer loop
      vertex   -9.135278e-01 9.488851e+00 1.236658e+01
      vertex   -8.941905e-01 9.401444e+00 1.240769e+01
      vertex   -8.742257e-01 9.553720e+00 1.249361e+01
    endloop
  endfacet
  facet normal -8.829023e-01 -1.830676e-01 4.324000e-01
    outer loop
      vertex   -8.349236e-01 9.618590e+00 1.262064e+01
      vertex   -8.500540e-01 9.477033e+00 1.252981e+01
      vertex   -8.059176e-01 9.552621e+00 1.265194e+01
    endloop
  endfacet
  facet normal -9.276001e-01 -1.264075e-01 3.515384e-01
    outer loop
      vertex   -9.135278e-01 9.488851e+00 1.236658e+01
      vertex   -8.742257e-01 9.553720e+00 1.249361e+01
      vertex   -8.983973e-01 9.630408e+00 1.245740e+01
    endloop
  endfacet
  facet normal -9.395206e-01 -1.509991e-01 3.074091e-01
    outer loop
      vertex   -8.983973e-01 9.630408e+00 1.245740e+01
      vertex   -8.742257e-01 9.553720e+00 1.249361e+01
      vertex   -8.639295e-01 9.684559e+00 1.258934e+01
    endloop
  endfacet
  facet normal -9.103948e-01 -2.406143e-01 3.365799e-01
    outer loop
      vertex   -8.983973e-01 9.630408e+00 1.245740e+01
      vertex   -8.639295e-01 9.684559e+00 1.258934e+01
      vertex   -8.929355e-01 9.750528e+00 1.255805e+01
    endloop
  endfacet
  facet normal -9.199697e-01 -2.694285e-01 2.847176e-01
    outer loop
      vertex   -8.929355e-01 9.750528e+00 1.255805e+01
      vertex   -8.639295e-01 9.684559e+00 1.258934e+01
      vertex   -8.633020e-01 9.793960e+00 1.269490e+01
    endloop
  endfacet
  facet normal -8.694811e-01 -3.843688e-01 3.102632e-01
    outer loop
      vertex   -8.929355e-01 9.750528e+00 1.255805e+01
      vertex   -8.633020e-01 9.793960e+00 1.269490e+01
      vertex   -8.971423e-01 9.849210e+00 1.266851e+01
    endloop
  endfacet
  facet normal -9.725391e-01 -1.218981e-01 1.982641e-01
    outer loop
      vertex   -9.715398e-01 9.751070e+00 1.224323e+01
      vertex   -9.522024e-01 9.663664e+00 1.228435e+01
      vertex   -9.467406e-01 9.783784e+00 1.238499e+01
    endloop
  endfacet
  facet normal -9.561273e-01 -2.005494e-01 2.135430e-01
    outer loop
      vertex   -9.715398e-01 9.751070e+00 1.224323e+01
      vertex   -9.467406e-01 9.783784e+00 1.238499e+01
      vertex   -9.709123e-01 9.860471e+00 1.234878e+01
    endloop
  endfacet
  facet normal -9.603645e-01 -2.250509e-01 1.644752e-01
    outer loop
      vertex   -9.709123e-01 9.860471e+00 1.234878e+01
      vertex   -9.467406e-01 9.783784e+00 1.238499e+01
      vertex   -9.509475e-01 9.882466e+00 1.249545e+01
    endloop
  endfacet
  facet normal -9.291885e-01 -3.254008e-01 1.752799e-01
    outer loop
      vertex   -9.709123e-01 9.860471e+00 1.234878e+01
      vertex   -9.509475e-01 9.882466e+00 1.249545e+01
      vertex   -9.799534e-01 9.948435e+00 1.246416e+01
    endloop
  endfacet
  facet normal -9.284773e-01 -3.518572e-01 1.188544e-01
    outer loop
      vertex   -9.799534e-01 9.948435e+00 1.246416e+01
      vertex   -9.509475e-01 9.882466e+00 1.249545e+01
      vertex   -9.648229e-01 9.959710e+00 1.261573e+01
    endloop
  endfacet
  facet normal -8.713077e-01 -4.752464e-01 1.223264e-01
    outer loop
      vertex   -9.799534e-01 9.948435e+00 1.246416e+01
      vertex   -9.648229e-01 9.959710e+00 1.261573e+01
      vertex   -9.986632e-01 1.001496e+01 1.258935e+01
    endloop
  endfacet
  facet normal -9.803423e-01 -1.862326e-01 6.516479e-02
    outer loop
      vertex   -1.029552e+00 1.001329e+01 1.211989e+01
      vertex   -1.010214e+00 9.925884e+00 1.216100e+01
      vertex   -1.019256e+00 1.001385e+01 1.227637e+01
    endloop
  endfacet
  facet normal -9.600646e-01 -2.723279e-01 6.413690e-02
    outer loop
      vertex   -1.029552e+00 1.001329e+01 1.211989e+01
      vertex   -1.019256e+00 1.001385e+01 1.227637e+01
      vertex   -1.043427e+00 1.009053e+01 1.224017e+01
    endloop
  endfacet
  facet normal -9.555018e-01 -2.946632e-01 1.378217e-02
    outer loop
      vertex   -1.043427e+00 1.009053e+01 1.224017e+01
      vertex   -1.019256e+00 1.001385e+01 1.227637e+01
      vertex   -1.037965e+00 1.008037e+01 1.240156e+01
    endloop
  endfacet
  facet normal -9.164173e-01 -4.001818e-01 5.815665e-03
    outer loop
      vertex   -1.043427e+00 1.009053e+01 1.224017e+01
      vertex   -1.037965e+00 1.008037e+01 1.240156e+01
      vertex   -1.066971e+00 1.014634e+01 1.237027e+01
    endloop
  endfacet
  facet normal -9.054281e-01 -4.216015e-01 -4.951904e-02
    outer loop
      vertex   -1.066971e+00 1.014634e+01 1.237027e+01
      vertex   -1.037965e+00 1.008037e+01 1.240156e+01
      vertex   -1.066344e+00 1.012546e+01 1.253657e+01
    endloop
  endfacet
  facet normal -8.751401e-01 -4.583527e-01 -1.550566e-01
    outer loop
      vertex   -1.153989e+00 1.034425e+01 1.227638e+01
      vertex   -1.115942e+00 1.032060e+01 1.213155e+01
      vertex   -1.124983e+00 1.027828e+01 1.230767e+01
    endloop
  endfacet
  facet normal -8.657911e-01 -1.549489e-01 4.758115e-01
    outer loop
      vertex   -7.769116e-01 9.486652e+00 1.268323e+01
      vertex   -7.479057e-01 9.420683e+00 1.271453e+01
      vertex   -7.279408e-01 9.572959e+00 1.280045e+01
    endloop
  endfacet
  facet normal -7.947500e-01 -2.158572e-01 5.672548e-01
    outer loop
      vertex   -7.279408e-01 9.572959e+00 1.280045e+01
      vertex   -7.479057e-01 9.420683e+00 1.271453e+01
      vertex   -6.941005e-01 9.517709e+00 1.282683e+01
    endloop
  endfacet
  facet normal -8.979104e-01 -2.117186e-01 3.859174e-01
    outer loop
      vertex   -8.349236e-01 9.618590e+00 1.262064e+01
      vertex   -8.059176e-01 9.552621e+00 1.265194e+01
      vertex   -7.956214e-01 9.683459e+00 1.274767e+01
    endloop
  endfacet
  facet normal -8.482630e-01 -3.169192e-01 4.242783e-01
    outer loop
      vertex   -7.956214e-01 9.683459e+00 1.274767e+01
      vertex   -8.294617e-01 9.738710e+00 1.272128e+01
      vertex   -8.349236e-01 9.618590e+00 1.262064e+01
    endloop
  endfacet
  facet normal -8.566605e-01 -4.736487e-01 -2.044255e-01
    outer loop
      vertex   -1.153989e+00 1.034425e+01 1.227638e+01
      vertex   -1.124983e+00 1.027828e+01 1.230767e+01
      vertex   -1.167865e+00 1.029121e+01 1.245741e+01
    endloop
  endfacet
  facet normal -7.985734e-01 -5.746435e-01 -1.790682e-01
    outer loop
      vertex   -1.167865e+00 1.029121e+01 1.245741e+01
      vertex   -1.124983e+00 1.027828e+01 1.230767e+01
      vertex   -1.134024e+00 1.023596e+01 1.248380e+01
    endloop
  endfacet
  facet normal -4.432561e-02 -6.930600e-01 7.195159e-01
    outer loop
      vertex   -9.534574e-01 8.923735e+00 1.231624e+01
      vertex   -1.070736e+00 8.708246e+00 1.210145e+01
      vertex   -8.814813e-01 8.810424e+00 1.221153e+01
    endloop
  endfacet
  facet normal 7.510034e-15 -7.329234e-01 6.803112e-01
    outer loop
      vertex   -8.814813e-01 8.810424e+00 1.221153e+01
      vertex   -1.070736e+00 8.708246e+00 1.210145e+01
      vertex   -7.493084e-01 8.708246e+00 1.210145e+01
    endloop
  endfacet
  facet normal -4.569482e-02 -7.589212e-01 6.495772e-01
    outer loop
      vertex   -8.814813e-01 8.810424e+00 1.221153e+01
      vertex   -7.493084e-01 8.708246e+00 1.210145e+01
      vertex   -7.508657e-01 8.804858e+00 1.221422e+01
    endloop
  endfacet
  facet normal -4.569482e-02 -7.589212e-01 6.495772e-01
    outer loop
      vertex   -7.508657e-01 8.804858e+00 1.221422e+01
      vertex   -7.493084e-01 8.708246e+00 1.210145e+01
      vertex   -6.202501e-01 8.799291e+00 1.221690e+01
    endloop
  endfacet
  facet normal -4.556665e-02 -7.521136e-01 6.574563e-01
    outer loop
      vertex   -7.508657e-01 8.804858e+00 1.221422e+01
      vertex   -6.202501e-01 8.799291e+00 1.221690e+01
      vertex   -7.184951e-01 8.901470e+00 1.232698e+01
    endloop
  endfacet
  facet normal -1.018640e-01 -7.728038e-01 6.264168e-01
    outer loop
      vertex   -7.184951e-01 8.901470e+00 1.232698e+01
      vertex   -6.202501e-01 8.799291e+00 1.221690e+01
      vertex   -6.010139e-01 8.890337e+00 1.233235e+01
    endloop
  endfacet
  facet normal -1.005694e-01 -7.411051e-01 6.638140e-01
    outer loop
      vertex   -7.184951e-01 8.901470e+00 1.232698e+01
      vertex   -6.010139e-01 8.890337e+00 1.233235e+01
      vertex   -6.861245e-01 8.998081e+00 1.243975e+01
    endloop
  endfacet
  facet normal -1.700339e-01 -7.598043e-01 6.275236e-01
    outer loop
      vertex   -6.861245e-01 8.998081e+00 1.243975e+01
      vertex   -6.010139e-01 8.890337e+00 1.233235e+01
      vertex   -5.817778e-01 8.981382e+00 1.244780e+01
    endloop
  endfacet
  facet normal -1.675463e-01 -7.243905e-01 6.687202e-01
    outer loop
      vertex   -6.861245e-01 8.998081e+00 1.243975e+01
      vertex   -5.817778e-01 8.981382e+00 1.244780e+01
      vertex   -6.537539e-01 9.094693e+00 1.255251e+01
    endloop
  endfacet
  facet normal -2.538183e-01 -7.384860e-01 6.246717e-01
    outer loop
      vertex   -6.537539e-01 9.094693e+00 1.255251e+01
      vertex   -5.817778e-01 8.981382e+00 1.244780e+01
      vertex   -5.625416e-01 9.072428e+00 1.256325e+01
    endloop
  endfacet
  facet normal -2.495171e-01 -6.988325e-01 6.703539e-01
    outer loop
      vertex   -6.537539e-01 9.094693e+00 1.255251e+01
      vertex   -5.625416e-01 9.072428e+00 1.256325e+01
      vertex   -6.213833e-01 9.191305e+00 1.266528e+01
    endloop
  endfacet
  facet normal -3.565261e-01 -7.038123e-01 6.144407e-01
    outer loop
      vertex   -6.213833e-01 9.191305e+00 1.266528e+01
      vertex   -5.625416e-01 9.072428e+00 1.256325e+01
      vertex   -5.433054e-01 9.163473e+00 1.267870e+01
    endloop
  endfacet
  facet normal -3.495233e-01 -6.595750e-01 6.654279e-01
    outer loop
      vertex   -6.213833e-01 9.191305e+00 1.266528e+01
      vertex   -5.433054e-01 9.163473e+00 1.267870e+01
      vertex   -5.890127e-01 9.287917e+00 1.277804e+01
    endloop
  endfacet
  facet normal -4.799796e-01 -6.481971e-01 5.911515e-01
    outer loop
      vertex   -5.890127e-01 9.287917e+00 1.277804e+01
      vertex   -5.433054e-01 9.163473e+00 1.267870e+01
      vertex   -5.240693e-01 9.254519e+00 1.279415e+01
    endloop
  endfacet
  facet normal -4.691695e-01 -5.995784e-01 6.483716e-01
    outer loop
      vertex   -5.890127e-01 9.287917e+00 1.277804e+01
      vertex   -5.240693e-01 9.254519e+00 1.279415e+01
      vertex   -5.566421e-01 9.384529e+00 1.289081e+01
    endloop
  endfacet
  facet normal -6.208820e-01 -5.619158e-01 5.465858e-01
    outer loop
      vertex   -5.566421e-01 9.384529e+00 1.289081e+01
      vertex   -5.240693e-01 9.254519e+00 1.279415e+01
      vertex   -5.048331e-01 9.345564e+00 1.290960e+01
    endloop
  endfacet
  facet normal -6.122897e-01 -5.320431e-01 5.848345e-01
    outer loop
      vertex   -5.566421e-01 9.384529e+00 1.289081e+01
      vertex   -5.048331e-01 9.345564e+00 1.290960e+01
      vertex   -5.080530e-01 9.462466e+00 1.301258e+01
    endloop
  endfacet
  facet normal -6.122897e-01 -5.320431e-01 5.848345e-01
    outer loop
      vertex   -5.080530e-01 9.462466e+00 1.301258e+01
      vertex   -5.048331e-01 9.345564e+00 1.290960e+01
      vertex   -4.530240e-01 9.306599e+00 1.292840e+01
    endloop
  endfacet
  facet normal -7.796383e-01 -4.875327e-01 3.930343e-01
    outer loop
      vertex   -5.080530e-01 9.462466e+00 1.301258e+01
      vertex   -4.530240e-01 9.306599e+00 1.292840e+01
      vertex   -4.144852e-01 9.354729e+00 1.306454e+01
    endloop
  endfacet
  facet normal -6.384920e-01 -6.508207e-01 4.108046e-01
    outer loop
      vertex   -4.144852e-01 9.354729e+00 1.306454e+01
      vertex   -4.530240e-01 9.306599e+00 1.292840e+01
      vertex   -4.012150e-01 9.267634e+00 1.294719e+01
    endloop
  endfacet
  facet normal -6.384920e-01 -6.508207e-01 4.108046e-01
    outer loop
      vertex   -4.144852e-01 9.354729e+00 1.306454e+01
      vertex   -4.012150e-01 9.267634e+00 1.294719e+01
      vertex   -3.494059e-01 9.228669e+00 1.296598e+01
    endloop
  endfacet
  facet normal -6.408237e-01 -6.994499e-01 3.164093e-01
    outer loop
      vertex   -3.494059e-01 9.228669e+00 1.296598e+01
      vertex   -4.012150e-01 9.267634e+00 1.294719e+01
      vertex   -3.292389e-01 9.154323e+00 1.284248e+01
    endloop
  endfacet
  facet normal -4.958052e-01 -7.774233e-01 3.870273e-01
    outer loop
      vertex   -3.494059e-01 9.228669e+00 1.296598e+01
      vertex   -3.292389e-01 9.154323e+00 1.284248e+01
      vertex   -2.642954e-01 9.120925e+00 1.285859e+01
    endloop
  endfacet
  facet normal -4.945579e-01 -8.113285e-01 3.117028e-01
    outer loop
      vertex   -2.642954e-01 9.120925e+00 1.285859e+01
      vertex   -3.292389e-01 9.154323e+00 1.284248e+01
      vertex   -2.309939e-01 9.052145e+00 1.273240e+01
    endloop
  endfacet
  facet normal -3.677092e-01 -8.538712e-01 3.683664e-01
    outer loop
      vertex   -2.642954e-01 9.120925e+00 1.285859e+01
      vertex   -2.309939e-01 9.052145e+00 1.273240e+01
      vertex   -1.529160e-01 9.024313e+00 1.274582e+01
    endloop
  endfacet
  facet normal -3.656686e-01 -8.809508e-01 3.003535e-01
    outer loop
      vertex   -1.529160e-01 9.024313e+00 1.274582e+01
      vertex   -2.309939e-01 9.052145e+00 1.273240e+01
      vertex   -1.064800e-01 8.961099e+00 1.261695e+01
    endloop
  endfacet
  facet normal -2.607852e-01 -9.005802e-01 3.477735e-01
    outer loop
      vertex   -1.529160e-01 9.024313e+00 1.274582e+01
      vertex   -1.064800e-01 8.961099e+00 1.261695e+01
      vertex   -1.526772e-02 8.938834e+00 1.262769e+01
    endloop
  endfacet
  facet normal -2.589214e-01 -9.223060e-01 2.868994e-01
    outer loop
      vertex   -1.526772e-02 8.938834e+00 1.262769e+01
      vertex   -1.064800e-01 8.961099e+00 1.261695e+01
      vertex   4.430264e-02 8.881187e+00 1.249613e+01
    endloop
  endfacet
  facet normal -1.739184e-01 -9.284946e-01 3.281009e-01
    outer loop
      vertex   -1.526772e-02 8.938834e+00 1.262769e+01
      vertex   4.430264e-02 8.881187e+00 1.249613e+01
      vertex   1.486494e-01 8.864487e+00 1.250418e+01
    endloop
  endfacet
  facet normal -1.725526e-01 -9.462271e-01 2.736419e-01
    outer loop
      vertex   1.486494e-01 8.864487e+00 1.250418e+01
      vertex   4.430264e-02 8.881187e+00 1.249613e+01
      vertex   2.213542e-01 8.812407e+00 1.236994e+01
    endloop
  endfacet
  facet normal -1.037314e-01 -9.449262e-01 3.104100e-01
    outer loop
      vertex   1.486494e-01 8.864487e+00 1.250418e+01
      vertex   2.213542e-01 8.812407e+00 1.236994e+01
      vertex   3.388353e-01 8.801274e+00 1.237531e+01
    endloop
  endfacet
  facet normal -1.028963e-01 -9.597022e-01 2.615033e-01
    outer loop
      vertex   3.388353e-01 8.801274e+00 1.237531e+01
      vertex   2.213542e-01 8.812407e+00 1.236994e+01
      vertex   4.246745e-01 8.754760e+00 1.223838e+01
    endloop
  endfacet
  facet normal -4.673449e-02 -9.543834e-01 2.949039e-01
    outer loop
      vertex   3.388353e-01 8.801274e+00 1.237531e+01
      vertex   4.246745e-01 8.754760e+00 1.223838e+01
      vertex   5.552901e-01 8.749193e+00 1.224107e+01
    endloop
  endfacet
  facet normal -4.695514e-02 -9.432823e-01 3.286545e-01
    outer loop
      vertex   5.552901e-01 8.749193e+00 1.224107e+01
      vertex   4.246745e-01 8.754760e+00 1.223838e+01
      vertex   4.006916e-01 8.708246e+00 1.210145e+01
    endloop
  endfacet
  facet normal 0.000000e+00 -9.595791e-01 2.814392e-01
    outer loop
      vertex   5.552901e-01 8.749193e+00 1.224107e+01
      vertex   4.006916e-01 8.708246e+00 1.210145e+01
      vertex   8.149776e-01 8.708246e+00 1.210145e+01
    endloop
  endfacet
  facet normal 4.339433e-15 -7.852108e-01 6.192286e-01
    outer loop
      vertex   -7.493084e-01 8.708246e+00 1.210145e+01
      vertex   -4.278806e-01 8.708246e+00 1.210145e+01
      vertex   -6.202501e-01 8.799291e+00 1.221690e+01
    endloop
  endfacet
  facet normal -4.668069e-02 -8.207069e-01 5.694392e-01
    outer loop
      vertex   -6.202501e-01 8.799291e+00 1.221690e+01
      vertex   -4.278806e-01 8.708246e+00 1.210145e+01
      vertex   -4.896345e-01 8.793725e+00 1.221959e+01
    endloop
  endfacet
  facet normal -4.607968e-02 -7.806293e-01 6.232933e-01
    outer loop
      vertex   -6.202501e-01 8.799291e+00 1.221690e+01
      vertex   -4.896345e-01 8.793725e+00 1.221959e+01
      vertex   -6.010139e-01 8.890337e+00 1.233235e+01
    endloop
  endfacet
  facet normal -1.029353e-01 -8.033235e-01 5.865797e-01
    outer loop
      vertex   -6.010139e-01 8.890337e+00 1.233235e+01
      vertex   -4.896345e-01 8.793725e+00 1.221959e+01
      vertex   -4.835328e-01 8.879204e+00 1.233772e+01
    endloop
  endfacet
  facet normal -1.018640e-01 -7.728038e-01 6.264168e-01
    outer loop
      vertex   -6.010139e-01 8.890337e+00 1.233235e+01
      vertex   -4.835328e-01 8.879204e+00 1.233772e+01
      vertex   -5.817778e-01 8.981382e+00 1.244780e+01
    endloop
  endfacet
  facet normal -1.720652e-01 -7.938344e-01 5.832843e-01
    outer loop
      vertex   -5.817778e-01 8.981382e+00 1.244780e+01
      vertex   -4.835328e-01 8.879204e+00 1.233772e+01
      vertex   -4.774310e-01 8.964683e+00 1.245586e+01
    endloop
  endfacet
  facet normal -1.700339e-01 -7.598043e-01 6.275236e-01
    outer loop
      vertex   -5.817778e-01 8.981382e+00 1.244780e+01
      vertex   -4.774310e-01 8.964683e+00 1.245586e+01
      vertex   -5.625416e-01 9.072428e+00 1.256325e+01
    endloop
  endfacet
  facet normal -2.572757e-01 -7.765284e-01 5.751633e-01
    outer loop
      vertex   -5.625416e-01 9.072428e+00 1.256325e+01
      vertex   -4.774310e-01 8.964683e+00 1.245586e+01
      vertex   -4.713293e-01 9.050162e+00 1.257399e+01
    endloop
  endfacet
  facet normal -2.538183e-01 -7.384860e-01 6.246717e-01
    outer loop
      vertex   -5.625416e-01 9.072428e+00 1.256325e+01
      vertex   -4.713293e-01 9.050162e+00 1.257399e+01
      vertex   -5.433054e-01 9.163473e+00 1.267870e+01
    endloop
  endfacet
  facet normal -3.620484e-01 -7.462169e-01 5.586423e-01
    outer loop
      vertex   -5.433054e-01 9.163473e+00 1.267870e+01
      vertex   -4.713293e-01 9.050162e+00 1.257399e+01
      vertex   -4.652275e-01 9.135641e+00 1.269213e+01
    endloop
  endfacet
  facet normal -3.565261e-01 -7.038123e-01 6.144407e-01
    outer loop
      vertex   -5.433054e-01 9.163473e+00 1.267870e+01
      vertex   -4.652275e-01 9.135641e+00 1.269213e+01
      vertex   -5.240693e-01 9.254519e+00 1.279415e+01
    endloop
  endfacet
  facet normal -4.882969e-01 -6.948363e-01 5.279855e-01
    outer loop
      vertex   -5.240693e-01 9.254519e+00 1.279415e+01
      vertex   -4.652275e-01 9.135641e+00 1.269213e+01
      vertex   -4.591258e-01 9.221120e+00 1.281026e+01
    endloop
  endfacet
  facet normal -4.799796e-01 -6.481971e-01 5.911515e-01
    outer loop
      vertex   -5.240693e-01 9.254519e+00 1.279415e+01
      vertex   -4.591258e-01 9.221120e+00 1.281026e+01
      vertex   -5.048331e-01 9.345564e+00 1.290960e+01
    endloop
  endfacet
  facet normal -6.324359e-01 -6.116798e-01 4.752606e-01
    outer loop
      vertex   -5.048331e-01 9.345564e+00 1.290960e+01
      vertex   -4.591258e-01 9.221120e+00 1.281026e+01
      vertex   -4.530240e-01 9.306599e+00 1.292840e+01
    endloop
  endfacet
  facet normal 0.000000e+00 -8.567464e-01 5.157380e-01
    outer loop
      vertex   -1.359452e-02 8.708246e+00 1.210145e+01
      vertex   -2.284034e-01 8.782592e+00 1.222496e+01
      vertex   -4.278806e-01 8.708246e+00 1.210145e+01
    endloop
  endfacet
  facet normal -4.668069e-02 -8.207069e-01 5.694392e-01
    outer loop
      vertex   -4.278806e-01 8.708246e+00 1.210145e+01
      vertex   -2.284034e-01 8.782592e+00 1.222496e+01
      vertex   -3.590190e-01 8.788158e+00 1.222227e+01
    endloop
  endfacet
  facet normal -4.668069e-02 -8.207069e-01 5.694392e-01
    outer loop
      vertex   -4.278806e-01 8.708246e+00 1.210145e+01
      vertex   -3.590190e-01 8.788158e+00 1.222227e+01
      vertex   -4.896345e-01 8.793725e+00 1.221959e+01
    endloop
  endfacet
  facet normal -4.650921e-02 -8.081405e-01 5.871507e-01
    outer loop
      vertex   -4.896345e-01 8.793725e+00 1.221959e+01
      vertex   -3.590190e-01 8.788158e+00 1.222227e+01
      vertex   -4.835328e-01 8.879204e+00 1.233772e+01
    endloop
  endfacet
  facet normal 3.927270e-15 -9.159270e-01 4.013450e-01
    outer loop
      vertex   4.006916e-01 8.708246e+00 1.210145e+01
      vertex   1.634434e-01 8.765893e+00 1.223301e+01
      vertex   -1.359452e-02 8.708246e+00 1.210145e+01
    endloop
  endfacet
  facet normal -4.725067e-02 -8.899735e-01 4.535576e-01
    outer loop
      vertex   -1.359452e-02 8.708246e+00 1.210145e+01
      vertex   1.634434e-01 8.765893e+00 1.223301e+01
      vertex   3.282778e-02 8.771459e+00 1.223033e+01
    endloop
  endfacet
  facet normal -4.725067e-02 -8.899735e-01 4.535576e-01
    outer loop
      vertex   -1.359452e-02 8.708246e+00 1.210145e+01
      vertex   3.282778e-02 8.771459e+00 1.223033e+01
      vertex   -9.778780e-02 8.777026e+00 1.222764e+01
    endloop
  endfacet
  facet normal -4.722673e-02 -8.822484e-01 4.684094e-01
    outer loop
      vertex   -9.778780e-02 8.777026e+00 1.222764e+01
      vertex   3.282778e-02 8.771459e+00 1.223033e+01
      vertex   -1.310893e-01 8.845805e+00 1.235383e+01
    endloop
  endfacet
  facet normal -1.045989e-01 -8.845672e-01 4.545327e-01
    outer loop
      vertex   -9.778780e-02 8.777026e+00 1.222764e+01
      vertex   -1.310893e-01 8.845805e+00 1.235383e+01
      vertex   -2.485705e-01 8.856938e+00 1.234846e+01
    endloop
  endfacet
  facet normal -1.043189e-01 -8.595068e-01 5.003654e-01
    outer loop
      vertex   -2.485705e-01 8.856938e+00 1.234846e+01
      vertex   -1.310893e-01 8.845805e+00 1.235383e+01
      vertex   -2.687376e-01 8.931284e+00 1.247197e+01
    endloop
  endfacet
  facet normal -1.745505e-01 -8.559283e-01 4.867431e-01
    outer loop
      vertex   -2.485705e-01 8.856938e+00 1.234846e+01
      vertex   -2.687376e-01 8.931284e+00 1.247197e+01
      vertex   -3.730843e-01 8.947984e+00 1.246391e+01
    endloop
  endfacet
  facet normal -1.735852e-01 -8.260209e-01 5.362441e-01
    outer loop
      vertex   -3.730843e-01 8.947984e+00 1.246391e+01
      vertex   -2.687376e-01 8.931284e+00 1.247197e+01
      vertex   -3.801170e-01 9.027896e+00 1.258473e+01
    endloop
  endfacet
  facet normal -2.597725e-01 -8.123191e-01 5.221646e-01
    outer loop
      vertex   -3.730843e-01 8.947984e+00 1.246391e+01
      vertex   -3.801170e-01 9.027896e+00 1.258473e+01
      vertex   -4.713293e-01 9.050162e+00 1.257399e+01
    endloop
  endfacet
  facet normal -2.572757e-01 -7.765284e-01 5.751633e-01
    outer loop
      vertex   -4.713293e-01 9.050162e+00 1.257399e+01
      vertex   -3.801170e-01 9.027896e+00 1.258473e+01
      vertex   -4.652275e-01 9.135641e+00 1.269213e+01
    endloop
  endfacet
  facet normal 0.000000e+00 -9.867842e-01 1.620399e-01
    outer loop
      vertex   1.229264e+00 8.708246e+00 1.210145e+01
      vertex   9.471368e-01 8.732494e+00 1.224912e+01
      vertex   8.149776e-01 8.708246e+00 1.210145e+01
    endloop
  endfacet
  facet normal -4.584093e-02 -9.783769e-01 2.016860e-01
    outer loop
      vertex   8.149776e-01 8.708246e+00 1.210145e+01
      vertex   9.471368e-01 8.732494e+00 1.224912e+01
      vertex   8.165212e-01 8.738061e+00 1.224644e+01
    endloop
  endfacet
  facet normal -4.584093e-02 -9.783769e-01 2.016860e-01
    outer loop
      vertex   8.149776e-01 8.708246e+00 1.210145e+01
      vertex   8.165212e-01 8.738061e+00 1.224644e+01
      vertex   6.859057e-01 8.743627e+00 1.224375e+01
    endloop
  endfacet
  facet normal -4.590081e-02 -9.772984e-01 2.068355e-01
    outer loop
      vertex   6.859057e-01 8.743627e+00 1.224375e+01
      vertex   8.165212e-01 8.738061e+00 1.224644e+01
      vertex   5.737976e-01 8.779008e+00 1.238605e+01
    endloop
  endfacet
  facet normal -1.005122e-01 -9.811957e-01 1.647795e-01
    outer loop
      vertex   6.859057e-01 8.743627e+00 1.224375e+01
      vertex   5.737976e-01 8.779008e+00 1.238605e+01
      vertex   4.563165e-01 8.790141e+00 1.238068e+01
    endloop
  endfacet
  facet normal -1.018153e-01 -9.717687e-01 2.128361e-01
    outer loop
      vertex   4.563165e-01 8.790141e+00 1.238068e+01
      vertex   5.737976e-01 8.779008e+00 1.238605e+01
      vertex   3.573428e-01 8.831089e+00 1.252029e+01
    endloop
  endfacet
  facet normal -1.682982e-01 -9.717114e-01 1.656886e-01
    outer loop
      vertex   4.563165e-01 8.790141e+00 1.238068e+01
      vertex   3.573428e-01 8.831089e+00 1.252029e+01
      vertex   2.529961e-01 8.847788e+00 1.251224e+01
    endloop
  endfacet
  facet normal -1.706619e-01 -9.606087e-01 2.193295e-01
    outer loop
      vertex   2.529961e-01 8.847788e+00 1.251224e+01
      vertex   3.573428e-01 8.831089e+00 1.252029e+01
      vertex   1.671569e-01 8.894302e+00 1.264917e+01
    endloop
  endfacet
  facet normal -2.522376e-01 -9.533675e-01 1.657306e-01
    outer loop
      vertex   2.529961e-01 8.847788e+00 1.251224e+01
      vertex   1.671569e-01 8.894302e+00 1.264917e+01
      vertex   7.594459e-02 8.916568e+00 1.263843e+01
    endloop
  endfacet
  facet normal -2.560384e-01 -9.398848e-01 2.259664e-01
    outer loop
      vertex   7.594459e-02 8.916568e+00 1.263843e+01
      vertex   1.671569e-01 8.894302e+00 1.264917e+01
      vertex   3.239813e-03 8.968649e+00 1.277267e+01
    endloop
  endfacet
  facet normal -3.561239e-01 -9.199311e-01 1.640201e-01
    outer loop
      vertex   7.594459e-02 8.916568e+00 1.263843e+01
      vertex   3.239813e-03 8.968649e+00 1.277267e+01
      vertex   -7.483808e-02 8.996481e+00 1.275925e+01
    endloop
  endfacet
  facet normal -3.617474e-01 -9.029809e-01 2.318714e-01
    outer loop
      vertex   -7.483808e-02 8.996481e+00 1.275925e+01
      vertex   3.239813e-03 8.968649e+00 1.277267e+01
      vertex   -1.344084e-01 9.054128e+00 1.289080e+01
    endloop
  endfacet
  facet normal -4.824244e-01 -8.613856e-01 1.590020e-01
    outer loop
      vertex   -7.483808e-02 8.996481e+00 1.275925e+01
      vertex   -1.344084e-01 9.054128e+00 1.289080e+01
      vertex   -1.993519e-01 9.087526e+00 1.287470e+01
    endloop
  endfacet
  facet normal -4.900088e-01 -8.393968e-01 2.351687e-01
    outer loop
      vertex   -1.993519e-01 9.087526e+00 1.287470e+01
      vertex   -1.344084e-01 9.054128e+00 1.289080e+01
      vertex   -2.457878e-01 9.150740e+00 1.300357e+01
    endloop
  endfacet
  facet normal -6.282159e-01 -7.637789e-01 1.482788e-01
    outer loop
      vertex   -1.993519e-01 9.087526e+00 1.287470e+01
      vertex   -2.457878e-01 9.150740e+00 1.300357e+01
      vertex   -2.975969e-01 9.189704e+00 1.298478e+01
    endloop
  endfacet
  facet normal -6.384920e-01 -6.508207e-01 4.108046e-01
    outer loop
      vertex   -2.975969e-01 9.189704e+00 1.298478e+01
      vertex   -2.457878e-01 9.150740e+00 1.300357e+01
      vertex   -4.144852e-01 9.354729e+00 1.306454e+01
    endloop
  endfacet
  facet normal -6.384920e-01 -6.508207e-01 4.108046e-01
    outer loop
      vertex   -2.975969e-01 9.189704e+00 1.298478e+01
      vertex   -4.144852e-01 9.354729e+00 1.306454e+01
      vertex   -3.494059e-01 9.228669e+00 1.296598e+01
    endloop
  endfacet
  facet normal -4.407158e-02 -9.958736e-01 7.933130e-02
    outer loop
      vertex   1.229264e+00 8.708246e+00 1.210145e+01
      vertex   9.262411e-01 8.745610e+00 1.240216e+01
      vertex   9.471368e-01 8.732494e+00 1.224912e+01
    endloop
  endfacet
  facet normal -9.734784e-02 -9.926585e-01 7.178140e-02
    outer loop
      vertex   9.471368e-01 8.732494e+00 1.224912e+01
      vertex   9.262411e-01 8.745610e+00 1.240216e+01
      vertex   8.087599e-01 8.756743e+00 1.239679e+01
    endloop
  endfacet
  facet normal -9.734784e-02 -9.926585e-01 7.178140e-02
    outer loop
      vertex   9.471368e-01 8.732494e+00 1.224912e+01
      vertex   8.087599e-01 8.756743e+00 1.239679e+01
      vertex   6.912788e-01 8.767876e+00 1.239142e+01
    endloop
  endfacet
  facet normal -9.901353e-02 -9.881048e-01 1.176661e-01
    outer loop
      vertex   6.912788e-01 8.767876e+00 1.239142e+01
      vertex   8.087599e-01 8.756743e+00 1.239679e+01
      vertex   5.660363e-01 8.797690e+00 1.253640e+01
    endloop
  endfacet
  facet normal -1.624002e-01 -9.847612e-01 6.222231e-02
    outer loop
      vertex   6.912788e-01 8.767876e+00 1.239142e+01
      vertex   5.660363e-01 8.797690e+00 1.253640e+01
      vertex   4.616896e-01 8.814390e+00 1.252835e+01
    endloop
  endfacet
  facet normal -1.655225e-01 -9.796892e-01 1.131872e-01
    outer loop
      vertex   4.616896e-01 8.814390e+00 1.252835e+01
      vertex   5.660363e-01 8.797690e+00 1.253640e+01
      vertex   3.495815e-01 8.849771e+00 1.267064e+01
    endloop
  endfacet
  facet normal -2.423941e-01 -9.688917e-01 4.993986e-02
    outer loop
      vertex   4.616896e-01 8.814390e+00 1.252835e+01
      vertex   3.495815e-01 8.849771e+00 1.267064e+01
      vertex   2.583692e-01 8.872037e+00 1.265991e+01
    endloop
  endfacet
  facet normal -2.476436e-01 -9.629393e-01 1.068668e-01
    outer loop
      vertex   2.583692e-01 8.872037e+00 1.265991e+01
      vertex   3.495815e-01 8.849771e+00 1.267064e+01
      vertex   1.593956e-01 8.912984e+00 1.279952e+01
    endloop
  endfacet
  facet normal -3.407570e-01 -9.395366e-01 3.399357e-02
    outer loop
      vertex   2.583692e-01 8.872037e+00 1.265991e+01
      vertex   1.593956e-01 8.912984e+00 1.279952e+01
      vertex   8.131771e-02 8.940817e+00 1.278609e+01
    endloop
  endfacet
  facet normal -3.490362e-01 -9.319932e-01 9.778760e-02
    outer loop
      vertex   8.131771e-02 8.940817e+00 1.278609e+01
      vertex   1.593956e-01 8.912984e+00 1.279952e+01
      vertex   -4.521495e-03 8.987331e+00 1.292302e+01
    endloop
  endfacet
  facet normal -4.599032e-01 -8.878695e-01 1.329731e-02
    outer loop
      vertex   8.131771e-02 8.940817e+00 1.278609e+01
      vertex   -4.521495e-03 8.987331e+00 1.292302e+01
      vertex   -6.946497e-02 9.020729e+00 1.290691e+01
    endloop
  endfacet
  facet normal -4.722202e-01 -8.774070e-01 8.464611e-02
    outer loop
      vertex   -6.946497e-02 9.020729e+00 1.290691e+01
      vertex   -4.521495e-03 8.987331e+00 1.292302e+01
      vertex   -1.421697e-01 9.072810e+00 1.304116e+01
    endloop
  endfacet
  facet normal -5.980068e-01 -8.013861e-01 -1.297124e-02
    outer loop
      vertex   -6.946497e-02 9.020729e+00 1.290691e+01
      vertex   -1.421697e-01 9.072810e+00 1.304116e+01
      vertex   -1.939788e-01 9.111775e+00 1.302236e+01
    endloop
  endfacet
  facet normal -5.900627e-01 -8.061198e-01 -4.468538e-02
    outer loop
      vertex   -1.939788e-01 9.111775e+00 1.302236e+01
      vertex   -1.421697e-01 9.072810e+00 1.304116e+01
      vertex   -1.986560e-01 9.106216e+00 1.318441e+01
    endloop
  endfacet
  facet normal -5.900627e-01 -8.061198e-01 -4.468538e-02
    outer loop
      vertex   -1.939788e-01 9.111775e+00 1.302236e+01
      vertex   -1.986560e-01 9.106216e+00 1.318441e+01
      vertex   -2.457878e-01 9.150740e+00 1.300357e+01
    endloop
  endfacet
  facet normal -7.639951e-01 -6.439450e-01 4.057556e-02
    outer loop
      vertex   -2.457878e-01 9.150740e+00 1.300357e+01
      vertex   -1.986560e-01 9.106216e+00 1.318441e+01
      vertex   -4.144852e-01 9.354729e+00 1.306454e+01
    endloop
  endfacet
  facet normal -9.734784e-02 -9.926585e-01 7.178140e-02
    outer loop
      vertex   8.087599e-01 8.756743e+00 1.239679e+01
      vertex   9.262411e-01 8.745610e+00 1.240216e+01
      vertex   6.703831e-01 8.780991e+00 1.254446e+01
    endloop
  endfacet
  facet normal -1.553821e-01 -9.872724e-01 -3.390601e-02
    outer loop
      vertex   6.703831e-01 8.780991e+00 1.254446e+01
      vertex   9.262411e-01 8.745610e+00 1.240216e+01
      vertex   6.232185e-01 8.782974e+00 1.270286e+01
    endloop
  endfacet
  facet normal -2.304871e-01 -9.714357e-01 -5.646627e-02
    outer loop
      vertex   6.703831e-01 8.780991e+00 1.254446e+01
      vertex   6.232185e-01 8.782974e+00 1.270286e+01
      vertex   5.320062e-01 8.805240e+00 1.269212e+01
    endloop
  endfacet
  facet normal -2.304871e-01 -9.714357e-01 -5.646627e-02
    outer loop
      vertex   5.320062e-01 8.805240e+00 1.269212e+01
      vertex   6.232185e-01 8.782974e+00 1.270286e+01
      vertex   3.936293e-01 8.829488e+00 1.283979e+01
    endloop
  endfacet
  facet normal -3.115176e-01 -9.402364e-01 -1.375220e-01
    outer loop
      vertex   5.320062e-01 8.805240e+00 1.269212e+01
      vertex   3.936293e-01 8.829488e+00 1.283979e+01
      vertex   3.155514e-01 8.857320e+00 1.282637e+01
    endloop
  endfacet
  facet normal -3.217403e-01 -9.430953e-01 -8.399109e-02
    outer loop
      vertex   3.155514e-01 8.857320e+00 1.282637e+01
      vertex   3.936293e-01 8.829488e+00 1.283979e+01
      vertex   1.903089e-01 8.887135e+00 1.297135e+01
    endloop
  endfacet
  facet normal -4.154974e-01 -8.925262e-01 -1.753819e-01
    outer loop
      vertex   3.155514e-01 8.857320e+00 1.282637e+01
      vertex   1.903089e-01 8.887135e+00 1.297135e+01
      vertex   1.253654e-01 8.920534e+00 1.295524e+01
    endloop
  endfacet
  facet normal -4.310551e-01 -8.946891e-01 -1.171448e-01
    outer loop
      vertex   1.253654e-01 8.920534e+00 1.295524e+01
      vertex   1.903089e-01 8.887135e+00 1.297135e+01
      vertex   1.325740e-02 8.955915e+00 1.309754e+01
    endloop
  endfacet
  facet normal -5.347478e-01 -8.163207e-01 -2.183238e-01
    outer loop
      vertex   1.253654e-01 8.920534e+00 1.295524e+01
      vertex   1.325740e-02 8.955915e+00 1.309754e+01
      vertex   -3.855165e-02 8.994880e+00 1.307874e+01
    endloop
  endfacet
  facet normal -5.900627e-01 -8.061198e-01 -4.468538e-02
    outer loop
      vertex   -3.855165e-02 8.994880e+00 1.307874e+01
      vertex   1.325740e-02 8.955915e+00 1.309754e+01
      vertex   -1.986560e-01 9.106216e+00 1.318441e+01
    endloop
  endfacet
  facet normal -5.900627e-01 -8.061198e-01 -4.468538e-02
    outer loop
      vertex   -3.855165e-02 8.994880e+00 1.307874e+01
      vertex   -1.986560e-01 9.106216e+00 1.318441e+01
      vertex   -9.036070e-02 9.033845e+00 1.305995e+01
    endloop
  endfacet
  facet normal -5.900627e-01 -8.061198e-01 -4.468538e-02
    outer loop
      vertex   -9.036070e-02 9.033845e+00 1.305995e+01
      vertex   -1.986560e-01 9.106216e+00 1.318441e+01
      vertex   -1.421697e-01 9.072810e+00 1.304116e+01
    endloop
  endfacet
  facet normal -5.784151e-01 -8.110812e-01 -8.708154e-02
    outer loop
      vertex   -9.036070e-02 9.033845e+00 1.305995e+01
      vertex   -1.421697e-01 9.072810e+00 1.304116e+01
      vertex   -4.521495e-03 8.987331e+00 1.292302e+01
    endloop
  endfacet
  facet normal -3.011100e-01 -9.350243e-01 -1.872494e-01
    outer loop
      vertex   6.232185e-01 8.782974e+00 1.270286e+01
      vertex   3.201959e-01 8.820338e+00 1.300357e+01
      vertex   3.936293e-01 8.829488e+00 1.283979e+01
    endloop
  endfacet
  facet normal -3.997200e-01 -8.876190e-01 -2.288153e-01
    outer loop
      vertex   3.936293e-01 8.829488e+00 1.283979e+01
      vertex   3.201959e-01 8.820338e+00 1.300357e+01
      vertex   2.552524e-01 8.853737e+00 1.298746e+01
    endloop
  endfacet
  facet normal -3.997200e-01 -8.876190e-01 -2.288153e-01
    outer loop
      vertex   3.936293e-01 8.829488e+00 1.283979e+01
      vertex   2.552524e-01 8.853737e+00 1.298746e+01
      vertex   1.903089e-01 8.887135e+00 1.297135e+01
    endloop
  endfacet
  facet normal -4.154974e-01 -8.925262e-01 -1.753819e-01
    outer loop
      vertex   1.903089e-01 8.887135e+00 1.297135e+01
      vertex   2.552524e-01 8.853737e+00 1.298746e+01
      vertex   6.506645e-02 8.916950e+00 1.311633e+01
    endloop
  endfacet
  facet normal -5.121476e-01 -8.136515e-01 -2.750927e-01
    outer loop
      vertex   1.903089e-01 8.887135e+00 1.297135e+01
      vertex   6.506645e-02 8.916950e+00 1.311633e+01
      vertex   1.325740e-02 8.955915e+00 1.309754e+01
    endloop
  endfacet
  facet normal -4.679748e-01 -8.016454e-01 -3.719735e-01
    outer loop
      vertex   1.325740e-02 8.955915e+00 1.309754e+01
      vertex   6.506645e-02 8.916950e+00 1.311633e+01
      vertex   1.717324e-02 8.857702e+00 1.330427e+01
    endloop
  endfacet
  facet normal -6.320119e-01 -7.045556e-01 -3.227419e-01
    outer loop
      vertex   1.325740e-02 8.955915e+00 1.309754e+01
      vertex   1.717324e-02 8.857702e+00 1.330427e+01
      vertex   -1.986560e-01 9.106216e+00 1.318441e+01
    endloop
  endfacet
  facet normal -3.997200e-01 -8.876190e-01 -2.288153e-01
    outer loop
      vertex   2.552524e-01 8.853737e+00 1.298746e+01
      vertex   3.201959e-01 8.820338e+00 1.300357e+01
      vertex   1.168755e-01 8.877985e+00 1.313513e+01
    endloop
  endfacet
  facet normal -4.679748e-01 -8.016454e-01 -3.719735e-01
    outer loop
      vertex   1.168755e-01 8.877985e+00 1.313513e+01
      vertex   3.201959e-01 8.820338e+00 1.300357e+01
      vertex   1.686846e-01 8.839020e+00 1.315392e+01
    endloop
  endfacet
  facet normal -4.679748e-01 -8.016454e-01 -3.719735e-01
    outer loop
      vertex   1.168755e-01 8.877985e+00 1.313513e+01
      vertex   1.686846e-01 8.839020e+00 1.315392e+01
      vertex   1.717324e-02 8.857702e+00 1.330427e+01
    endloop
  endfacet
  facet normal -6.122897e-01 -5.320431e-01 5.848345e-01
    outer loop
      vertex   -5.566421e-01 9.384529e+00 1.289081e+01
      vertex   -5.080530e-01 9.462466e+00 1.301258e+01
      vertex   -6.084512e-01 9.423494e+00 1.287202e+01
    endloop
  endfacet
  facet normal -7.210827e-01 -3.332713e-01 6.074290e-01
    outer loop
      vertex   -6.084512e-01 9.423494e+00 1.287202e+01
      vertex   -5.080530e-01 9.462466e+00 1.301258e+01
      vertex   -6.016208e-01 9.570204e+00 1.296062e+01
    endloop
  endfacet
  facet normal -5.660085e-01 -4.067173e-01 7.170882e-01
    outer loop
      vertex   -6.084512e-01 9.423494e+00 1.287202e+01
      vertex   -6.016208e-01 9.570204e+00 1.296062e+01
      vertex   -6.602602e-01 9.462459e+00 1.285322e+01
    endloop
  endfacet
  facet normal -5.867440e-01 -4.580848e-01 6.677498e-01
    outer loop
      vertex   -6.084512e-01 9.423494e+00 1.287202e+01
      vertex   -6.602602e-01 9.462459e+00 1.285322e+01
      vertex   -6.539562e-01 9.321316e+00 1.276193e+01
    endloop
  endfacet
  facet normal -4.421667e-01 -5.009459e-01 7.440039e-01
    outer loop
      vertex   -6.539562e-01 9.321316e+00 1.276193e+01
      vertex   -6.602602e-01 9.462459e+00 1.285322e+01
      vertex   -7.188997e-01 9.354714e+00 1.274583e+01
    endloop
  endfacet
  facet normal -4.563868e-01 -5.501495e-01 6.993187e-01
    outer loop
      vertex   -6.539562e-01 9.321316e+00 1.276193e+01
      vertex   -7.188997e-01 9.354714e+00 1.274583e+01
      vertex   -6.994612e-01 9.219137e+00 1.265185e+01
    endloop
  endfacet
  facet normal -3.321718e-01 -5.690247e-01 7.522452e-01
    outer loop
      vertex   -6.994612e-01 9.219137e+00 1.265185e+01
      vertex   -7.188997e-01 9.354714e+00 1.274583e+01
      vertex   -8.361786e-01 9.139225e+00 1.253103e+01
    endloop
  endfacet
  facet normal -2.445059e-01 -6.582035e-01 7.120288e-01
    outer loop
      vertex   -6.994612e-01 9.219137e+00 1.265185e+01
      vertex   -8.361786e-01 9.139225e+00 1.253103e+01
      vertex   -7.449662e-01 9.116959e+00 1.254177e+01
    endloop
  endfacet
  facet normal -2.445059e-01 -6.582035e-01 7.120288e-01
    outer loop
      vertex   -7.449662e-01 9.116959e+00 1.254177e+01
      vertex   -8.361786e-01 9.139225e+00 1.253103e+01
      vertex   -7.904712e-01 9.014781e+00 1.243169e+01
    endloop
  endfacet
  facet normal -1.646650e-01 -6.880529e-01 7.067309e-01
    outer loop
      vertex   -7.449662e-01 9.116959e+00 1.254177e+01
      vertex   -7.904712e-01 9.014781e+00 1.243169e+01
      vertex   -6.861245e-01 8.998081e+00 1.243975e+01
    endloop
  endfacet
  facet normal -1.675463e-01 -7.243905e-01 6.687202e-01
    outer loop
      vertex   -6.861245e-01 8.998081e+00 1.243975e+01
      vertex   -7.904712e-01 9.014781e+00 1.243169e+01
      vertex   -7.184951e-01 8.901470e+00 1.232698e+01
    endloop
  endfacet
  facet normal -1.614563e-01 -6.512307e-01 7.415055e-01
    outer loop
      vertex   -8.361786e-01 9.139225e+00 1.253103e+01
      vertex   -9.534574e-01 8.923735e+00 1.231624e+01
      vertex   -7.904712e-01 9.014781e+00 1.243169e+01
    endloop
  endfacet
  facet normal -9.907821e-02 -7.085634e-01 6.986568e-01
    outer loop
      vertex   -7.904712e-01 9.014781e+00 1.243169e+01
      vertex   -9.534574e-01 8.923735e+00 1.231624e+01
      vertex   -8.359763e-01 8.912602e+00 1.232161e+01
    endloop
  endfacet
  facet normal -9.907821e-02 -7.085634e-01 6.986568e-01
    outer loop
      vertex   -7.904712e-01 9.014781e+00 1.243169e+01
      vertex   -8.359763e-01 8.912602e+00 1.232161e+01
      vertex   -7.184951e-01 8.901470e+00 1.232698e+01
    endloop
  endfacet
  facet normal -1.005694e-01 -7.411051e-01 6.638140e-01
    outer loop
      vertex   -7.184951e-01 8.901470e+00 1.232698e+01
      vertex   -8.359763e-01 8.912602e+00 1.232161e+01
      vertex   -7.508657e-01 8.804858e+00 1.221422e+01
    endloop
  endfacet
  facet normal -9.907821e-02 -7.085634e-01 6.986568e-01
    outer loop
      vertex   -8.359763e-01 8.912602e+00 1.232161e+01
      vertex   -9.534574e-01 8.923735e+00 1.231624e+01
      vertex   -8.814813e-01 8.810424e+00 1.221153e+01
    endloop
  endfacet
  facet normal -4.584093e-02 -9.783769e-01 2.016860e-01
    outer loop
      vertex   5.552901e-01 8.749193e+00 1.224107e+01
      vertex   8.149776e-01 8.708246e+00 1.210145e+01
      vertex   6.859057e-01 8.743627e+00 1.224375e+01
    endloop
  endfacet
  facet normal -9.901353e-02 -9.881048e-01 1.176661e-01
    outer loop
      vertex   5.737976e-01 8.779008e+00 1.238605e+01
      vertex   8.165212e-01 8.738061e+00 1.224644e+01
      vertex   6.912788e-01 8.767876e+00 1.239142e+01
    endloop
  endfacet
  facet normal -4.535931e-02 -9.855033e-01 1.634801e-01
    outer loop
      vertex   6.912788e-01 8.767876e+00 1.239142e+01
      vertex   8.165212e-01 8.738061e+00 1.224644e+01
      vertex   9.471368e-01 8.732494e+00 1.224912e+01
    endloop
  endfacet
  facet normal -1.018153e-01 -9.717687e-01 2.128361e-01
    outer loop
      vertex   3.388353e-01 8.801274e+00 1.237531e+01
      vertex   5.552901e-01 8.749193e+00 1.224107e+01
      vertex   4.563165e-01 8.790141e+00 1.238068e+01
    endloop
  endfacet
  facet normal -4.636192e-02 -9.669454e-01 2.507331e-01
    outer loop
      vertex   4.563165e-01 8.790141e+00 1.238068e+01
      vertex   5.552901e-01 8.749193e+00 1.224107e+01
      vertex   6.859057e-01 8.743627e+00 1.224375e+01
    endloop
  endfacet
  facet normal -4.695514e-02 -9.432823e-01 3.286545e-01
    outer loop
      vertex   1.634434e-01 8.765893e+00 1.223301e+01
      vertex   4.006916e-01 8.708246e+00 1.210145e+01
      vertex   2.940589e-01 8.760326e+00 1.223570e+01
    endloop
  endfacet
  facet normal -4.695514e-02 -9.432823e-01 3.286545e-01
    outer loop
      vertex   2.940589e-01 8.760326e+00 1.223570e+01
      vertex   4.006916e-01 8.708246e+00 1.210145e+01
      vertex   4.246745e-01 8.754760e+00 1.223838e+01
    endloop
  endfacet
  facet normal -4.701164e-02 -9.395899e-01 3.390586e-01
    outer loop
      vertex   2.940589e-01 8.760326e+00 1.223570e+01
      vertex   4.246745e-01 8.754760e+00 1.223838e+01
      vertex   2.213542e-01 8.812407e+00 1.236994e+01
    endloop
  endfacet
  facet normal -4.718804e-02 -9.225856e-01 3.828957e-01
    outer loop
      vertex   1.634434e-01 8.765893e+00 1.223301e+01
      vertex   2.940589e-01 8.760326e+00 1.223570e+01
      vertex   1.038730e-01 8.823540e+00 1.236457e+01
    endloop
  endfacet
  facet normal -1.037314e-01 -9.449262e-01 3.104100e-01
    outer loop
      vertex   1.038730e-01 8.823540e+00 1.236457e+01
      vertex   2.940589e-01 8.760326e+00 1.223570e+01
      vertex   2.213542e-01 8.812407e+00 1.236994e+01
    endloop
  endfacet
  facet normal -1.043015e-01 -9.274304e-01 3.591575e-01
    outer loop
      vertex   1.038730e-01 8.823540e+00 1.236457e+01
      vertex   2.213542e-01 8.812407e+00 1.236994e+01
      vertex   4.430264e-02 8.881187e+00 1.249613e+01
    endloop
  endfacet
  facet normal -4.725067e-02 -8.899735e-01 4.535576e-01
    outer loop
      vertex   -2.284034e-01 8.782592e+00 1.222496e+01
      vertex   -1.359452e-02 8.708246e+00 1.210145e+01
      vertex   -9.778780e-02 8.777026e+00 1.222764e+01
    endloop
  endfacet
  facet normal -4.726022e-02 -9.034354e-01 4.261115e-01
    outer loop
      vertex   3.282778e-02 8.771459e+00 1.223033e+01
      vertex   1.634434e-01 8.765893e+00 1.223301e+01
      vertex   -1.360816e-02 8.834673e+00 1.235920e+01
    endloop
  endfacet
  facet normal -1.043015e-01 -9.274304e-01 3.591575e-01
    outer loop
      vertex   -1.360816e-02 8.834673e+00 1.235920e+01
      vertex   1.634434e-01 8.765893e+00 1.223301e+01
      vertex   1.038730e-01 8.823540e+00 1.236457e+01
    endloop
  endfacet
  facet normal -1.045930e-01 -9.072701e-01 4.073343e-01
    outer loop
      vertex   -1.360816e-02 8.834673e+00 1.235920e+01
      vertex   1.038730e-01 8.823540e+00 1.236457e+01
      vertex   -6.004410e-02 8.897886e+00 1.248807e+01
    endloop
  endfacet
  facet normal -1.739184e-01 -9.284946e-01 3.281009e-01
    outer loop
      vertex   -6.004410e-02 8.897886e+00 1.248807e+01
      vertex   1.038730e-01 8.823540e+00 1.236457e+01
      vertex   4.430264e-02 8.881187e+00 1.249613e+01
    endloop
  endfacet
  facet normal -1.747197e-01 -9.074343e-01 3.821467e-01
    outer loop
      vertex   -6.004410e-02 8.897886e+00 1.248807e+01
      vertex   4.430264e-02 8.881187e+00 1.249613e+01
      vertex   -1.064800e-01 8.961099e+00 1.261695e+01
    endloop
  endfacet
  facet normal -4.708824e-02 -8.591749e-01 5.095108e-01
    outer loop
      vertex   -9.778780e-02 8.777026e+00 1.222764e+01
      vertex   -2.485705e-01 8.856938e+00 1.234846e+01
      vertex   -2.284034e-01 8.782592e+00 1.222496e+01
    endloop
  endfacet
  facet normal -1.043189e-01 -8.595068e-01 5.003654e-01
    outer loop
      vertex   -2.284034e-01 8.782592e+00 1.222496e+01
      vertex   -2.485705e-01 8.856938e+00 1.234846e+01
      vertex   -3.660516e-01 8.868071e+00 1.234309e+01
    endloop
  endfacet
  facet normal -4.684751e-02 -8.344006e-01 5.491638e-01
    outer loop
      vertex   -2.284034e-01 8.782592e+00 1.222496e+01
      vertex   -3.660516e-01 8.868071e+00 1.234309e+01
      vertex   -3.590190e-01 8.788158e+00 1.222227e+01
    endloop
  endfacet
  facet normal -1.037600e-01 -8.323302e-01 5.444816e-01
    outer loop
      vertex   -3.590190e-01 8.788158e+00 1.222227e+01
      vertex   -3.660516e-01 8.868071e+00 1.234309e+01
      vertex   -4.835328e-01 8.879204e+00 1.233772e+01
    endloop
  endfacet
  facet normal -4.497884e-02 -7.228426e-01 6.895473e-01
    outer loop
      vertex   -8.359763e-01 8.912602e+00 1.232161e+01
      vertex   -8.814813e-01 8.810424e+00 1.221153e+01
      vertex   -7.508657e-01 8.804858e+00 1.221422e+01
    endloop
  endfacet
  facet normal -1.589984e-01 -9.871918e-01 1.311190e-02
    outer loop
      vertex   8.087599e-01 8.756743e+00 1.239679e+01
      vertex   6.703831e-01 8.780991e+00 1.254446e+01
      vertex   5.660363e-01 8.797690e+00 1.253640e+01
    endloop
  endfacet
  facet normal -1.624002e-01 -9.847612e-01 6.222231e-02
    outer loop
      vertex   5.660363e-01 8.797690e+00 1.253640e+01
      vertex   6.703831e-01 8.780991e+00 1.254446e+01
      vertex   4.407939e-01 8.827505e+00 1.268138e+01
    endloop
  endfacet
  facet normal -2.366300e-01 -9.715889e-01 -4.609459e-03
    outer loop
      vertex   5.660363e-01 8.797690e+00 1.253640e+01
      vertex   4.407939e-01 8.827505e+00 1.268138e+01
      vertex   3.495815e-01 8.849771e+00 1.267064e+01
    endloop
  endfacet
  facet normal -2.423941e-01 -9.688917e-01 4.993986e-02
    outer loop
      vertex   3.495815e-01 8.849771e+00 1.267064e+01
      vertex   4.407939e-01 8.827505e+00 1.268138e+01
      vertex   2.374735e-01 8.885152e+00 1.281294e+01
    endloop
  endfacet
  facet normal -3.315682e-01 -9.430522e-01 -2.673989e-02
    outer loop
      vertex   3.495815e-01 8.849771e+00 1.267064e+01
      vertex   2.374735e-01 8.885152e+00 1.281294e+01
      vertex   1.593956e-01 8.912984e+00 1.279952e+01
    endloop
  endfacet
  facet normal -3.407570e-01 -9.395366e-01 3.399357e-02
    outer loop
      vertex   1.593956e-01 8.912984e+00 1.279952e+01
      vertex   2.374735e-01 8.885152e+00 1.281294e+01
      vertex   6.042198e-02 8.953932e+00 1.293913e+01
    endloop
  endfacet
  facet normal -4.460098e-01 -8.933881e-01 -5.415665e-02
    outer loop
      vertex   1.593956e-01 8.912984e+00 1.279952e+01
      vertex   6.042198e-02 8.953932e+00 1.293913e+01
      vertex   -4.521495e-03 8.987331e+00 1.292302e+01
    endloop
  endfacet
  facet normal -4.599032e-01 -8.878695e-01 1.329731e-02
    outer loop
      vertex   -4.521495e-03 8.987331e+00 1.292302e+01
      vertex   6.042198e-02 8.953932e+00 1.293913e+01
      vertex   -9.036070e-02 9.033845e+00 1.305995e+01
    endloop
  endfacet
  facet normal -1.005122e-01 -9.811957e-01 1.647795e-01
    outer loop
      vertex   5.737976e-01 8.779008e+00 1.238605e+01
      vertex   6.912788e-01 8.767876e+00 1.239142e+01
      vertex   4.616896e-01 8.814390e+00 1.252835e+01
    endloop
  endfacet
  facet normal -1.655225e-01 -9.796892e-01 1.131872e-01
    outer loop
      vertex   5.737976e-01 8.779008e+00 1.238605e+01
      vertex   4.616896e-01 8.814390e+00 1.252835e+01
      vertex   3.573428e-01 8.831089e+00 1.252029e+01
    endloop
  endfacet
  facet normal -1.682982e-01 -9.717114e-01 1.656886e-01
    outer loop
      vertex   3.573428e-01 8.831089e+00 1.252029e+01
      vertex   4.616896e-01 8.814390e+00 1.252835e+01
      vertex   2.583692e-01 8.872037e+00 1.265991e+01
    endloop
  endfacet
  facet normal -2.476436e-01 -9.629393e-01 1.068668e-01
    outer loop
      vertex   3.573428e-01 8.831089e+00 1.252029e+01
      vertex   2.583692e-01 8.872037e+00 1.265991e+01
      vertex   1.671569e-01 8.894302e+00 1.264917e+01
    endloop
  endfacet
  facet normal -2.522376e-01 -9.533675e-01 1.657306e-01
    outer loop
      vertex   1.671569e-01 8.894302e+00 1.264917e+01
      vertex   2.583692e-01 8.872037e+00 1.265991e+01
      vertex   8.131771e-02 8.940817e+00 1.278609e+01
    endloop
  endfacet
  facet normal -3.490362e-01 -9.319932e-01 9.778760e-02
    outer loop
      vertex   1.671569e-01 8.894302e+00 1.264917e+01
      vertex   8.131771e-02 8.940817e+00 1.278609e+01
      vertex   3.239813e-03 8.968649e+00 1.277267e+01
    endloop
  endfacet
  facet normal -3.561239e-01 -9.199311e-01 1.640201e-01
    outer loop
      vertex   3.239813e-03 8.968649e+00 1.277267e+01
      vertex   8.131771e-02 8.940817e+00 1.278609e+01
      vertex   -6.946497e-02 9.020729e+00 1.290691e+01
    endloop
  endfacet
  facet normal -4.722202e-01 -8.774070e-01 8.464611e-02
    outer loop
      vertex   3.239813e-03 8.968649e+00 1.277267e+01
      vertex   -6.946497e-02 9.020729e+00 1.290691e+01
      vertex   -1.344084e-01 9.054128e+00 1.289080e+01
    endloop
  endfacet
  facet normal -4.824244e-01 -8.613856e-01 1.590020e-01
    outer loop
      vertex   -1.344084e-01 9.054128e+00 1.289080e+01
      vertex   -6.946497e-02 9.020729e+00 1.290691e+01
      vertex   -1.939788e-01 9.111775e+00 1.302236e+01
    endloop
  endfacet
  facet normal -6.149192e-01 -7.858317e-01 6.590115e-02
    outer loop
      vertex   -1.344084e-01 9.054128e+00 1.289080e+01
      vertex   -1.939788e-01 9.111775e+00 1.302236e+01
      vertex   -2.457878e-01 9.150740e+00 1.300357e+01
    endloop
  endfacet
  facet normal -1.028963e-01 -9.597022e-01 2.615033e-01
    outer loop
      vertex   3.388353e-01 8.801274e+00 1.237531e+01
      vertex   4.563165e-01 8.790141e+00 1.238068e+01
      vertex   2.529961e-01 8.847788e+00 1.251224e+01
    endloop
  endfacet
  facet normal -1.706619e-01 -9.606087e-01 2.193295e-01
    outer loop
      vertex   3.388353e-01 8.801274e+00 1.237531e+01
      vertex   2.529961e-01 8.847788e+00 1.251224e+01
      vertex   1.486494e-01 8.864487e+00 1.250418e+01
    endloop
  endfacet
  facet normal -1.725526e-01 -9.462271e-01 2.736419e-01
    outer loop
      vertex   1.486494e-01 8.864487e+00 1.250418e+01
      vertex   2.529961e-01 8.847788e+00 1.251224e+01
      vertex   7.594459e-02 8.916568e+00 1.263843e+01
    endloop
  endfacet
  facet normal -2.560384e-01 -9.398848e-01 2.259664e-01
    outer loop
      vertex   1.486494e-01 8.864487e+00 1.250418e+01
      vertex   7.594459e-02 8.916568e+00 1.263843e+01
      vertex   -1.526772e-02 8.938834e+00 1.262769e+01
    endloop
  endfacet
  facet normal -2.589214e-01 -9.223060e-01 2.868994e-01
    outer loop
      vertex   -1.526772e-02 8.938834e+00 1.262769e+01
      vertex   7.594459e-02 8.916568e+00 1.263843e+01
      vertex   -7.483808e-02 8.996481e+00 1.275925e+01
    endloop
  endfacet
  facet normal -3.617474e-01 -9.029809e-01 2.318714e-01
    outer loop
      vertex   -1.526772e-02 8.938834e+00 1.262769e+01
      vertex   -7.483808e-02 8.996481e+00 1.275925e+01
      vertex   -1.529160e-01 9.024313e+00 1.274582e+01
    endloop
  endfacet
  facet normal -3.656686e-01 -8.809508e-01 3.003535e-01
    outer loop
      vertex   -1.529160e-01 9.024313e+00 1.274582e+01
      vertex   -7.483808e-02 8.996481e+00 1.275925e+01
      vertex   -1.993519e-01 9.087526e+00 1.287470e+01
    endloop
  endfacet
  facet normal -4.900088e-01 -8.393968e-01 2.351687e-01
    outer loop
      vertex   -1.529160e-01 9.024313e+00 1.274582e+01
      vertex   -1.993519e-01 9.087526e+00 1.287470e+01
      vertex   -2.642954e-01 9.120925e+00 1.285859e+01
    endloop
  endfacet
  facet normal -4.945579e-01 -8.113285e-01 3.117028e-01
    outer loop
      vertex   -2.642954e-01 9.120925e+00 1.285859e+01
      vertex   -1.993519e-01 9.087526e+00 1.287470e+01
      vertex   -2.975969e-01 9.189704e+00 1.298478e+01
    endloop
  endfacet
  facet normal -6.370554e-01 -7.349314e-01 2.324570e-01
    outer loop
      vertex   -2.642954e-01 9.120925e+00 1.285859e+01
      vertex   -2.975969e-01 9.189704e+00 1.298478e+01
      vertex   -3.494059e-01 9.228669e+00 1.296598e+01
    endloop
  endfacet
  facet normal -1.747197e-01 -9.074343e-01 3.821467e-01
    outer loop
      vertex   -6.004410e-02 8.897886e+00 1.248807e+01
      vertex   -1.643908e-01 8.914585e+00 1.248002e+01
      vertex   -1.360816e-02 8.834673e+00 1.235920e+01
    endloop
  endfacet
  facet normal -1.045989e-01 -8.845672e-01 4.545327e-01
    outer loop
      vertex   -1.360816e-02 8.834673e+00 1.235920e+01
      vertex   -1.643908e-01 8.914585e+00 1.248002e+01
      vertex   -1.310893e-01 8.845805e+00 1.235383e+01
    endloop
  endfacet
  facet normal -1.045930e-01 -9.072701e-01 4.073343e-01
    outer loop
      vertex   -1.360816e-02 8.834673e+00 1.235920e+01
      vertex   -1.310893e-01 8.845805e+00 1.235383e+01
      vertex   3.282778e-02 8.771459e+00 1.223033e+01
    endloop
  endfacet
  facet normal -1.749326e-01 -8.831707e-01 4.352103e-01
    outer loop
      vertex   -1.310893e-01 8.845805e+00 1.235383e+01
      vertex   -1.643908e-01 8.914585e+00 1.248002e+01
      vertex   -2.687376e-01 8.931284e+00 1.247197e+01
    endloop
  endfacet
  facet normal -1.745505e-01 -8.559283e-01 4.867431e-01
    outer loop
      vertex   -2.687376e-01 8.931284e+00 1.247197e+01
      vertex   -1.643908e-01 8.914585e+00 1.248002e+01
      vertex   -2.889047e-01 9.005631e+00 1.259547e+01
    endloop
  endfacet
  facet normal -2.612189e-01 -8.452541e-01 4.661654e-01
    outer loop
      vertex   -2.687376e-01 8.931284e+00 1.247197e+01
      vertex   -2.889047e-01 9.005631e+00 1.259547e+01
      vertex   -3.801170e-01 9.027896e+00 1.258473e+01
    endloop
  endfacet
  facet normal -2.597725e-01 -8.123191e-01 5.221646e-01
    outer loop
      vertex   -3.801170e-01 9.027896e+00 1.258473e+01
      vertex   -2.889047e-01 9.005631e+00 1.259547e+01
      vertex   -3.871497e-01 9.107809e+00 1.270555e+01
    endloop
  endfacet
  facet normal -3.658551e-01 -7.858971e-01 4.985137e-01
    outer loop
      vertex   -3.801170e-01 9.027896e+00 1.258473e+01
      vertex   -3.871497e-01 9.107809e+00 1.270555e+01
      vertex   -4.652275e-01 9.135641e+00 1.269213e+01
    endloop
  endfacet
  facet normal -3.620484e-01 -7.462169e-01 5.586423e-01
    outer loop
      vertex   -4.652275e-01 9.135641e+00 1.269213e+01
      vertex   -3.871497e-01 9.107809e+00 1.270555e+01
      vertex   -4.591258e-01 9.221120e+00 1.281026e+01
    endloop
  endfacet
  facet normal -1.749326e-01 -8.831707e-01 4.352103e-01
    outer loop
      vertex   -1.643908e-01 8.914585e+00 1.248002e+01
      vertex   -6.004410e-02 8.897886e+00 1.248807e+01
      vertex   -1.976923e-01 8.983365e+00 1.260621e+01
    endloop
  endfacet
  facet normal -2.607852e-01 -9.005802e-01 3.477735e-01
    outer loop
      vertex   -1.976923e-01 8.983365e+00 1.260621e+01
      vertex   -6.004410e-02 8.897886e+00 1.248807e+01
      vertex   -1.064800e-01 8.961099e+00 1.261695e+01
    endloop
  endfacet
  facet normal -2.615608e-01 -8.748096e-01 4.077917e-01
    outer loop
      vertex   -1.976923e-01 8.983365e+00 1.260621e+01
      vertex   -1.064800e-01 8.961099e+00 1.261695e+01
      vertex   -2.309939e-01 9.052145e+00 1.273240e+01
    endloop
  endfacet
  facet normal -1.037600e-01 -8.323302e-01 5.444816e-01
    outer loop
      vertex   -3.660516e-01 8.868071e+00 1.234309e+01
      vertex   -2.485705e-01 8.856938e+00 1.234846e+01
      vertex   -3.730843e-01 8.947984e+00 1.246391e+01
    endloop
  endfacet
  facet normal -1.029353e-01 -8.033235e-01 5.865797e-01
    outer loop
      vertex   -4.835328e-01 8.879204e+00 1.233772e+01
      vertex   -3.660516e-01 8.868071e+00 1.234309e+01
      vertex   -4.774310e-01 8.964683e+00 1.245586e+01
    endloop
  endfacet
  facet normal -1.735852e-01 -8.260209e-01 5.362441e-01
    outer loop
      vertex   -4.774310e-01 8.964683e+00 1.245586e+01
      vertex   -3.660516e-01 8.868071e+00 1.234309e+01
      vertex   -3.730843e-01 8.947984e+00 1.246391e+01
    endloop
  endfacet
  facet normal -1.720652e-01 -7.938344e-01 5.832843e-01
    outer loop
      vertex   -4.774310e-01 8.964683e+00 1.245586e+01
      vertex   -3.730843e-01 8.947984e+00 1.246391e+01
      vertex   -4.713293e-01 9.050162e+00 1.257399e+01
    endloop
  endfacet
  facet normal -2.495171e-01 -6.988325e-01 6.703539e-01
    outer loop
      vertex   -7.449662e-01 9.116959e+00 1.254177e+01
      vertex   -6.861245e-01 8.998081e+00 1.243975e+01
      vertex   -6.537539e-01 9.094693e+00 1.255251e+01
    endloop
  endfacet
  facet normal -2.366300e-01 -9.715889e-01 -4.609459e-03
    outer loop
      vertex   5.320062e-01 8.805240e+00 1.269212e+01
      vertex   3.155514e-01 8.857320e+00 1.282637e+01
      vertex   4.407939e-01 8.827505e+00 1.268138e+01
    endloop
  endfacet
  facet normal -3.217403e-01 -9.430953e-01 -8.399109e-02
    outer loop
      vertex   4.407939e-01 8.827505e+00 1.268138e+01
      vertex   3.155514e-01 8.857320e+00 1.282637e+01
      vertex   2.374735e-01 8.885152e+00 1.281294e+01
    endloop
  endfacet
  facet normal -4.310551e-01 -8.946891e-01 -1.171448e-01
    outer loop
      vertex   6.042198e-02 8.953932e+00 1.293913e+01
      vertex   2.374735e-01 8.885152e+00 1.281294e+01
      vertex   1.253654e-01 8.920534e+00 1.295524e+01
    endloop
  endfacet
  facet normal -3.315682e-01 -9.430522e-01 -2.673989e-02
    outer loop
      vertex   1.253654e-01 8.920534e+00 1.295524e+01
      vertex   2.374735e-01 8.885152e+00 1.281294e+01
      vertex   3.155514e-01 8.857320e+00 1.282637e+01
    endloop
  endfacet
  facet normal -3.677092e-01 -8.538712e-01 3.683664e-01
    outer loop
      vertex   -2.309939e-01 9.052145e+00 1.273240e+01
      vertex   -3.090718e-01 9.079977e+00 1.271897e+01
      vertex   -1.976923e-01 8.983365e+00 1.260621e+01
    endloop
  endfacet
  facet normal -2.612189e-01 -8.452541e-01 4.661654e-01
    outer loop
      vertex   -1.976923e-01 8.983365e+00 1.260621e+01
      vertex   -3.090718e-01 9.079977e+00 1.271897e+01
      vertex   -2.889047e-01 9.005631e+00 1.259547e+01
    endloop
  endfacet
  facet normal -2.615608e-01 -8.748096e-01 4.077917e-01
    outer loop
      vertex   -1.976923e-01 8.983365e+00 1.260621e+01
      vertex   -2.889047e-01 9.005631e+00 1.259547e+01
      vertex   -1.643908e-01 8.914585e+00 1.248002e+01
    endloop
  endfacet
  facet normal -3.677724e-01 -8.220168e-01 4.347780e-01
    outer loop
      vertex   -2.889047e-01 9.005631e+00 1.259547e+01
      vertex   -3.090718e-01 9.079977e+00 1.271897e+01
      vertex   -3.871497e-01 9.107809e+00 1.270555e+01
    endloop
  endfacet
  facet normal -3.658551e-01 -7.858971e-01 4.985137e-01
    outer loop
      vertex   -3.871497e-01 9.107809e+00 1.270555e+01
      vertex   -3.090718e-01 9.079977e+00 1.271897e+01
      vertex   -3.941823e-01 9.187722e+00 1.282637e+01
    endloop
  endfacet
  facet normal -4.936756e-01 -7.382870e-01 4.595832e-01
    outer loop
      vertex   -3.871497e-01 9.107809e+00 1.270555e+01
      vertex   -3.941823e-01 9.187722e+00 1.282637e+01
      vertex   -4.591258e-01 9.221120e+00 1.281026e+01
    endloop
  endfacet
  facet normal -4.882969e-01 -6.948363e-01 5.279855e-01
    outer loop
      vertex   -4.591258e-01 9.221120e+00 1.281026e+01
      vertex   -3.941823e-01 9.187722e+00 1.282637e+01
      vertex   -4.530240e-01 9.306599e+00 1.292840e+01
    endloop
  endfacet
  facet normal -4.958052e-01 -7.774233e-01 3.870273e-01
    outer loop
      vertex   -3.941823e-01 9.187722e+00 1.282637e+01
      vertex   -3.090718e-01 9.079977e+00 1.271897e+01
      vertex   -3.292389e-01 9.154323e+00 1.284248e+01
    endloop
  endfacet
  facet normal -3.677724e-01 -8.220168e-01 4.347780e-01
    outer loop
      vertex   -3.292389e-01 9.154323e+00 1.284248e+01
      vertex   -3.090718e-01 9.079977e+00 1.271897e+01
      vertex   -2.309939e-01 9.052145e+00 1.273240e+01
    endloop
  endfacet
  facet normal -2.445059e-01 -6.582035e-01 7.120288e-01
    outer loop
      vertex   -7.449662e-01 9.116959e+00 1.254177e+01
      vertex   -6.537539e-01 9.094693e+00 1.255251e+01
      vertex   -6.994612e-01 9.219137e+00 1.265185e+01
    endloop
  endfacet
  facet normal -3.495233e-01 -6.595750e-01 6.654279e-01
    outer loop
      vertex   -6.994612e-01 9.219137e+00 1.265185e+01
      vertex   -6.537539e-01 9.094693e+00 1.255251e+01
      vertex   -6.213833e-01 9.191305e+00 1.266528e+01
    endloop
  endfacet
  facet normal -3.413112e-01 -6.143795e-01 7.113681e-01
    outer loop
      vertex   -6.994612e-01 9.219137e+00 1.265185e+01
      vertex   -6.213833e-01 9.191305e+00 1.266528e+01
      vertex   -6.539562e-01 9.321316e+00 1.276193e+01
    endloop
  endfacet
  facet normal -4.691695e-01 -5.995784e-01 6.483716e-01
    outer loop
      vertex   -6.539562e-01 9.321316e+00 1.276193e+01
      vertex   -6.213833e-01 9.191305e+00 1.266528e+01
      vertex   -5.890127e-01 9.287917e+00 1.277804e+01
    endloop
  endfacet
  facet normal -4.563868e-01 -5.501495e-01 6.993187e-01
    outer loop
      vertex   -6.539562e-01 9.321316e+00 1.276193e+01
      vertex   -5.890127e-01 9.287917e+00 1.277804e+01
      vertex   -6.084512e-01 9.423494e+00 1.287202e+01
    endloop
  endfacet
  facet normal -6.053471e-01 -5.102324e-01 6.109155e-01
    outer loop
      vertex   -6.084512e-01 9.423494e+00 1.287202e+01
      vertex   -5.890127e-01 9.287917e+00 1.277804e+01
      vertex   -5.566421e-01 9.384529e+00 1.289081e+01
    endloop
  endfacet
  facet normal -2.304871e-01 -9.714357e-01 -5.646627e-02
    outer loop
      vertex   6.703831e-01 8.780991e+00 1.254446e+01
      vertex   5.320062e-01 8.805240e+00 1.269212e+01
      vertex   4.407939e-01 8.827505e+00 1.268138e+01
    endloop
  endfacet
  facet normal -4.679748e-01 -8.016454e-01 -3.719735e-01
    outer loop
      vertex   1.717324e-02 8.857702e+00 1.330427e+01
      vertex   6.506645e-02 8.916950e+00 1.311633e+01
      vertex   1.168755e-01 8.877985e+00 1.313513e+01
    endloop
  endfacet
  facet normal -4.897678e-01 -8.085368e-01 -3.261838e-01
    outer loop
      vertex   1.168755e-01 8.877985e+00 1.313513e+01
      vertex   6.506645e-02 8.916950e+00 1.311633e+01
      vertex   2.552524e-01 8.853737e+00 1.298746e+01
    endloop
  endfacet
  facet normal -4.460098e-01 -8.933881e-01 -5.415665e-02
    outer loop
      vertex   6.042198e-02 8.953932e+00 1.293913e+01
      vertex   1.253654e-01 8.920534e+00 1.295524e+01
      vertex   -3.855165e-02 8.994880e+00 1.307874e+01
    endloop
  endfacet
  facet normal -5.570586e-01 -8.157567e-01 -1.556495e-01
    outer loop
      vertex   -3.855165e-02 8.994880e+00 1.307874e+01
      vertex   -9.036070e-02 9.033845e+00 1.305995e+01
      vertex   6.042198e-02 8.953932e+00 1.293913e+01
    endloop
  endfacet
  facet normal -4.936756e-01 -7.382870e-01 4.595832e-01
    outer loop
      vertex   -3.941823e-01 9.187722e+00 1.282637e+01
      vertex   -3.292389e-01 9.154323e+00 1.284248e+01
      vertex   -4.012150e-01 9.267634e+00 1.294719e+01
    endloop
  endfacet
  facet normal -6.392450e-01 -6.579961e-01 3.980037e-01
    outer loop
      vertex   -4.012150e-01 9.267634e+00 1.294719e+01
      vertex   -4.530240e-01 9.306599e+00 1.292840e+01
      vertex   -3.941823e-01 9.187722e+00 1.282637e+01
    endloop
  endfacet
  facet normal 6.962011e-01 2.594139e-01 6.693343e-01
    outer loop
      vertex   9.262411e-01 8.745610e+00 1.240216e+01
      vertex   1.229264e+00 8.708246e+00 1.210145e+01
      vertex   1.087396e+00 8.852057e+00 1.219328e+01
    endloop
  endfacet
  facet normal 7.123593e-01 2.965998e-01 6.360603e-01
    outer loop
      vertex   1.087396e+00 8.852057e+00 1.219328e+01
      vertex   1.229264e+00 8.708246e+00 1.210145e+01
      vertex   1.229264e+00 8.968809e+00 1.197995e+01
    endloop
  endfacet
  facet normal 7.454179e-01 2.344245e-01 6.240170e-01
    outer loop
      vertex   1.087396e+00 8.852057e+00 1.219328e+01
      vertex   1.229264e+00 8.968809e+00 1.197995e+01
      vertex   1.097039e+00 8.977185e+00 1.213475e+01
    endloop
  endfacet
  facet normal 7.454179e-01 2.344245e-01 6.240170e-01
    outer loop
      vertex   1.097039e+00 8.977185e+00 1.213475e+01
      vertex   1.229264e+00 8.968809e+00 1.197995e+01
      vertex   1.106683e+00 9.102314e+00 1.207622e+01
    endloop
  endfacet
  facet normal 7.454179e-01 2.344245e-01 6.240170e-01
    outer loop
      vertex   1.097039e+00 8.977185e+00 1.213475e+01
      vertex   1.106683e+00 9.102314e+00 1.207622e+01
      vertex   9.648151e-01 8.985561e+00 1.228955e+01
    endloop
  endfacet
  facet normal 7.798351e-01 1.587892e-01 6.055107e-01
    outer loop
      vertex   9.648151e-01 8.985561e+00 1.228955e+01
      vertex   1.106683e+00 9.102314e+00 1.207622e+01
      vertex   9.841022e-01 9.105537e+00 1.223325e+01
    endloop
  endfacet
  facet normal 7.531548e-01 1.763390e-01 6.337684e-01
    outer loop
      vertex   9.648151e-01 8.985561e+00 1.228955e+01
      vertex   9.841022e-01 9.105537e+00 1.223325e+01
      vertex   8.325908e-01 8.993938e+00 1.244435e+01
    endloop
  endfacet
  facet normal 7.859504e-01 9.006056e-02 6.116952e-01
    outer loop
      vertex   8.325908e-01 8.993938e+00 1.244435e+01
      vertex   9.841022e-01 9.105537e+00 1.223325e+01
      vertex   8.615214e-01 9.108760e+00 1.239028e+01
    endloop
  endfacet
  facet normal 7.586261e-01 1.112017e-01 6.419662e-01
    outer loop
      vertex   8.325908e-01 8.993938e+00 1.244435e+01
      vertex   8.615214e-01 9.108760e+00 1.239028e+01
      vertex   7.003666e-01 9.002314e+00 1.259916e+01
    endloop
  endfacet
  facet normal 7.883204e-01 1.355739e-02 6.151156e-01
    outer loop
      vertex   7.003666e-01 9.002314e+00 1.259916e+01
      vertex   8.615214e-01 9.108760e+00 1.239028e+01
      vertex   7.389406e-01 9.111983e+00 1.254730e+01
    endloop
  endfacet
  facet normal 7.608422e-01 3.866812e-02 6.477839e-01
    outer loop
      vertex   7.003666e-01 9.002314e+00 1.259916e+01
      vertex   7.389406e-01 9.111983e+00 1.254730e+01
      vertex   5.681423e-01 9.010690e+00 1.275396e+01
    endloop
  endfacet
  facet normal 7.855917e-01 -7.053613e-02 6.147116e-01
    outer loop
      vertex   5.681423e-01 9.010690e+00 1.275396e+01
      vertex   7.389406e-01 9.111983e+00 1.254730e+01
      vertex   6.163598e-01 9.115207e+00 1.270433e+01
    endloop
  endfacet
  facet normal 7.586287e-01 -4.123795e-02 6.502168e-01
    outer loop
      vertex   5.681423e-01 9.010690e+00 1.275396e+01
      vertex   6.163598e-01 9.115207e+00 1.270433e+01
      vertex   4.359180e-01 9.019066e+00 1.290876e+01
    endloop
  endfacet
  facet normal 7.763184e-01 -1.613644e-01 6.093368e-01
    outer loop
      vertex   4.359180e-01 9.019066e+00 1.290876e+01
      vertex   6.163598e-01 9.115207e+00 1.270433e+01
      vertex   4.937790e-01 9.118430e+00 1.286136e+01
    endloop
  endfacet
  facet normal 7.507007e-01 -1.279368e-01 6.481363e-01
    outer loop
      vertex   4.359180e-01 9.019066e+00 1.290876e+01
      vertex   4.937790e-01 9.118430e+00 1.286136e+01
      vertex   3.036937e-01 9.027442e+00 1.306356e+01
    endloop
  endfacet
  facet normal 7.591649e-01 -2.572305e-01 5.979139e-01
    outer loop
      vertex   3.036937e-01 9.027442e+00 1.306356e+01
      vertex   4.937790e-01 9.118430e+00 1.286136e+01
      vertex   3.711983e-01 9.121653e+00 1.301838e+01
    endloop
  endfacet
  facet normal 7.317804e-01 -2.140417e-01 6.470577e-01
    outer loop
      vertex   3.036937e-01 9.027442e+00 1.306356e+01
      vertex   3.711983e-01 9.121653e+00 1.301838e+01
      vertex   1.585017e-01 9.020849e+00 1.322558e+01
    endloop
  endfacet
  facet normal 7.331934e-01 -3.555617e-01 5.796579e-01
    outer loop
      vertex   1.585017e-01 9.020849e+00 1.322558e+01
      vertex   3.711983e-01 9.121653e+00 1.301838e+01
      vertex   2.998301e-01 9.183995e+00 1.314689e+01
    endloop
  endfacet
  facet normal 7.738249e-01 -2.826340e-01 5.668447e-01
    outer loop
      vertex   2.998301e-01 9.183995e+00 1.314689e+01
      vertex   3.711983e-01 9.121653e+00 1.301838e+01
      vertex   4.049506e-01 9.168758e+00 1.299579e+01
    endloop
  endfacet
  facet normal 7.738249e-01 -2.826340e-01 5.668447e-01
    outer loop
      vertex   2.998301e-01 9.183995e+00 1.314689e+01
      vertex   4.049506e-01 9.168758e+00 1.299579e+01
      vertex   4.387028e-01 9.215864e+00 1.297320e+01
    endloop
  endfacet
  facet normal 7.809130e-01 -2.956834e-01 5.502238e-01
    outer loop
      vertex   4.387028e-01 9.215864e+00 1.297320e+01
      vertex   4.049506e-01 9.168758e+00 1.299579e+01
      vertex   5.516401e-01 9.217794e+00 1.281395e+01
    endloop
  endfacet
  facet normal 8.009107e-01 -1.965471e-01 5.656071e-01
    outer loop
      vertex   4.387028e-01 9.215864e+00 1.297320e+01
      vertex   5.516401e-01 9.217794e+00 1.281395e+01
      vertex   5.805706e-01 9.267476e+00 1.279025e+01
    endloop
  endfacet
  facet normal 8.126080e-01 -2.147066e-01 5.418204e-01
    outer loop
      vertex   5.805706e-01 9.267476e+00 1.279025e+01
      vertex   5.516401e-01 9.217794e+00 1.281395e+01
      vertex   6.886862e-01 9.271982e+00 1.262989e+01
    endloop
  endfacet
  facet normal 8.248953e-01 -1.180565e-01 5.528204e-01
    outer loop
      vertex   5.805706e-01 9.267476e+00 1.279025e+01
      vertex   6.886862e-01 9.271982e+00 1.262989e+01
      vertex   7.127949e-01 9.324240e+00 1.260507e+01
    endloop
  endfacet
  facet normal 8.373786e-01 -1.347706e-01 5.297490e-01
    outer loop
      vertex   7.127949e-01 9.324240e+00 1.260507e+01
      vertex   6.886862e-01 9.271982e+00 1.262989e+01
      vertex   8.160887e-01 9.331323e+00 1.244360e+01
    endloop
  endfacet
  facet normal 8.424767e-01 -4.239536e-02 5.370621e-01
    outer loop
      vertex   7.127949e-01 9.324240e+00 1.260507e+01
      vertex   8.160887e-01 9.331323e+00 1.244360e+01
      vertex   8.546627e-01 9.440993e+00 1.239174e+01
    endloop
  endfacet
  facet normal 8.680207e-01 -7.310311e-02 4.911172e-01
    outer loop
      vertex   8.546627e-01 9.440993e+00 1.239174e+01
      vertex   8.160887e-01 9.331323e+00 1.244360e+01
      vertex   9.483130e-01 9.453229e+00 1.222804e+01
    endloop
  endfacet
  facet normal 8.673840e-01 1.570955e-02 4.973913e-01
    outer loop
      vertex   8.546627e-01 9.440993e+00 1.239174e+01
      vertex   9.483130e-01 9.453229e+00 1.222804e+01
      vertex   9.772435e-01 9.568052e+00 1.217397e+01
    endloop
  endfacet
  facet normal 8.926329e-01 -1.268648e-02 4.506057e-01
    outer loop
      vertex   9.772435e-01 9.568052e+00 1.217397e+01
      vertex   9.483130e-01 9.453229e+00 1.222804e+01
      vertex   1.061250e+00 9.585440e+00 1.200804e+01
    endloop
  endfacet
  facet normal 8.868288e-01 7.166485e-02 4.565071e-01
    outer loop
      vertex   9.772435e-01 9.568052e+00 1.217397e+01
      vertex   1.061250e+00 9.585440e+00 1.200804e+01
      vertex   1.080537e+00 9.705416e+00 1.195174e+01
    endloop
  endfacet
  facet normal 9.113393e-01 4.549359e-02 4.091345e-01
    outer loop
      vertex   1.080537e+00 9.705416e+00 1.195174e+01
      vertex   1.061250e+00 9.585440e+00 1.200804e+01
      vertex   1.154900e+00 9.727958e+00 1.178359e+01
    endloop
  endfacet
  facet normal 9.011142e-01 1.247737e-01 4.152406e-01
    outer loop
      vertex   1.080537e+00 9.705416e+00 1.195174e+01
      vertex   1.154900e+00 9.727958e+00 1.178359e+01
      vertex   1.164544e+00 9.853087e+00 1.172506e+01
    endloop
  endfacet
  facet normal 9.011142e-01 1.247737e-01 4.152406e-01
    outer loop
      vertex   1.164544e+00 9.853087e+00 1.172506e+01
      vertex   1.154900e+00 9.727958e+00 1.178359e+01
      vertex   1.229264e+00 9.750500e+00 1.161544e+01
    endloop
  endfacet
  facet normal 9.107196e-01 1.745520e-01 3.743280e-01
    outer loop
      vertex   1.164544e+00 9.853087e+00 1.172506e+01
      vertex   1.229264e+00 9.750500e+00 1.161544e+01
      vertex   1.229264e+00 1.001106e+01 1.149394e+01
    endloop
  endfacet
  facet normal 7.607465e-01 2.743000e-01 5.882383e-01
    outer loop
      vertex   1.229264e+00 8.968809e+00 1.197995e+01
      vertex   1.229264e+00 9.229373e+00 1.185845e+01
      vertex   1.106683e+00 9.102314e+00 1.207622e+01
    endloop
  endfacet
  facet normal 7.973439e-01 2.041908e-01 5.679339e-01
    outer loop
      vertex   1.106683e+00 9.102314e+00 1.207622e+01
      vertex   1.229264e+00 9.229373e+00 1.185845e+01
      vertex   1.111505e+00 9.164878e+00 1.204696e+01
    endloop
  endfacet
  facet normal 7.711274e-01 2.200198e-01 5.974562e-01
    outer loop
      vertex   1.106683e+00 9.102314e+00 1.207622e+01
      vertex   1.111505e+00 9.164878e+00 1.204696e+01
      vertex   9.841022e-01 9.105537e+00 1.223325e+01
    endloop
  endfacet
  facet normal 7.933414e-01 1.494127e-01 5.901569e-01
    outer loop
      vertex   9.841022e-01 9.105537e+00 1.223325e+01
      vertex   1.111505e+00 9.164878e+00 1.204696e+01
      vertex   9.937457e-01 9.165525e+00 1.220510e+01
    endloop
  endfacet
  facet normal 7.798351e-01 1.587892e-01 6.055107e-01
    outer loop
      vertex   9.841022e-01 9.105537e+00 1.223325e+01
      vertex   9.937457e-01 9.165525e+00 1.220510e+01
      vertex   8.615214e-01 9.108760e+00 1.239028e+01
    endloop
  endfacet
  facet normal 7.997111e-01 7.881949e-02 5.951888e-01
    outer loop
      vertex   8.615214e-01 9.108760e+00 1.239028e+01
      vertex   9.937457e-01 9.165525e+00 1.220510e+01
      vertex   8.759866e-01 9.166172e+00 1.236324e+01
    endloop
  endfacet
  facet normal 7.859504e-01 9.006056e-02 6.116952e-01
    outer loop
      vertex   8.615214e-01 9.108760e+00 1.239028e+01
      vertex   8.759866e-01 9.166172e+00 1.236324e+01
      vertex   7.389406e-01 9.111983e+00 1.254730e+01
    endloop
  endfacet
  facet normal 8.020525e-01 2.820289e-04 5.972535e-01
    outer loop
      vertex   7.389406e-01 9.111983e+00 1.254730e+01
      vertex   8.759866e-01 9.166172e+00 1.236324e+01
      vertex   7.582276e-01 9.166818e+00 1.252138e+01
    endloop
  endfacet
  facet normal 7.883204e-01 1.355739e-02 6.151156e-01
    outer loop
      vertex   7.389406e-01 9.111983e+00 1.254730e+01
      vertex   7.582276e-01 9.166818e+00 1.252138e+01
      vertex   6.163598e-01 9.115207e+00 1.270433e+01
    endloop
  endfacet
  facet normal 7.989181e-01 -8.591477e-02 5.952719e-01
    outer loop
      vertex   6.163598e-01 9.115207e+00 1.270433e+01
      vertex   7.582276e-01 9.166818e+00 1.252138e+01
      vertex   6.404686e-01 9.167465e+00 1.267952e+01
    endloop
  endfacet
  facet normal 7.855917e-01 -7.053613e-02 6.147116e-01
    outer loop
      vertex   6.163598e-01 9.115207e+00 1.270433e+01
      vertex   6.404686e-01 9.167465e+00 1.267952e+01
      vertex   4.937790e-01 9.118430e+00 1.286136e+01
    endloop
  endfacet
  facet normal 7.887839e-01 -1.787524e-01 5.881050e-01
    outer loop
      vertex   4.937790e-01 9.118430e+00 1.286136e+01
      vertex   6.404686e-01 9.167465e+00 1.267952e+01
      vertex   5.227096e-01 9.168112e+00 1.283765e+01
    endloop
  endfacet
  facet normal 7.763184e-01 -1.613644e-01 6.093368e-01
    outer loop
      vertex   4.937790e-01 9.118430e+00 1.286136e+01
      vertex   5.227096e-01 9.168112e+00 1.283765e+01
      vertex   3.711983e-01 9.121653e+00 1.301838e+01
    endloop
  endfacet
  facet normal 7.702839e-01 -2.763165e-01 5.747277e-01
    outer loop
      vertex   3.711983e-01 9.121653e+00 1.301838e+01
      vertex   5.227096e-01 9.168112e+00 1.283765e+01
      vertex   4.049506e-01 9.168758e+00 1.299579e+01
    endloop
  endfacet
  facet normal 8.113208e-01 2.470632e-01 5.298287e-01
    outer loop
      vertex   1.229264e+00 9.489936e+00 1.173694e+01
      vertex   1.125970e+00 9.352572e+00 1.195917e+01
      vertex   1.229264e+00 9.229373e+00 1.185845e+01
    endloop
  endfacet
  facet normal 7.973439e-01 2.041908e-01 5.679339e-01
    outer loop
      vertex   1.229264e+00 9.229373e+00 1.185845e+01
      vertex   1.125970e+00 9.352572e+00 1.195917e+01
      vertex   1.121148e+00 9.290007e+00 1.198843e+01
    endloop
  endfacet
  facet normal 7.973439e-01 2.041908e-01 5.679339e-01
    outer loop
      vertex   1.229264e+00 9.229373e+00 1.185845e+01
      vertex   1.121148e+00 9.290007e+00 1.198843e+01
      vertex   1.116326e+00 9.227443e+00 1.201770e+01
    endloop
  endfacet
  facet normal 7.973439e-01 2.041908e-01 5.679339e-01
    outer loop
      vertex   1.116326e+00 9.227443e+00 1.201770e+01
      vertex   1.121148e+00 9.290007e+00 1.198843e+01
      vertex   1.003389e+00 9.225513e+00 1.217695e+01
    endloop
  endfacet
  facet normal 8.069103e-01 1.396191e-01 5.739357e-01
    outer loop
      vertex   1.116326e+00 9.227443e+00 1.201770e+01
      vertex   1.003389e+00 9.225513e+00 1.217695e+01
      vertex   9.937457e-01 9.165525e+00 1.220510e+01
    endloop
  endfacet
  facet normal 7.933414e-01 1.494127e-01 5.901569e-01
    outer loop
      vertex   9.937457e-01 9.165525e+00 1.220510e+01
      vertex   1.003389e+00 9.225513e+00 1.217695e+01
      vertex   8.759866e-01 9.166172e+00 1.236324e+01
    endloop
  endfacet
  facet normal 8.622726e-01 2.140327e-01 4.589945e-01
    outer loop
      vertex   1.229264e+00 9.750500e+00 1.161544e+01
      vertex   1.145257e+00 9.602829e+00 1.184212e+01
      vertex   1.229264e+00 9.489936e+00 1.173694e+01
    endloop
  endfacet
  facet normal 8.502237e-01 1.678474e-01 4.989458e-01
    outer loop
      vertex   1.229264e+00 9.489936e+00 1.173694e+01
      vertex   1.145257e+00 9.602829e+00 1.184212e+01
      vertex   1.135613e+00 9.477700e+00 1.190064e+01
    endloop
  endfacet
  facet normal 8.502237e-01 1.678474e-01 4.989458e-01
    outer loop
      vertex   1.229264e+00 9.489936e+00 1.173694e+01
      vertex   1.135613e+00 9.477700e+00 1.190064e+01
      vertex   1.125970e+00 9.352572e+00 1.195917e+01
    endloop
  endfacet
  facet normal 8.238178e-01 1.868308e-01 5.351808e-01
    outer loop
      vertex   1.125970e+00 9.352572e+00 1.195917e+01
      vertex   1.135613e+00 9.477700e+00 1.190064e+01
      vertex   1.022676e+00 9.345489e+00 1.212065e+01
    endloop
  endfacet
  facet normal 8.340589e-01 1.187407e-01 5.387453e-01
    outer loop
      vertex   1.125970e+00 9.352572e+00 1.195917e+01
      vertex   1.022676e+00 9.345489e+00 1.212065e+01
      vertex   1.013033e+00 9.285501e+00 1.214880e+01
    endloop
  endfacet
  facet normal 8.204990e-01 1.293980e-01 5.568102e-01
    outer loop
      vertex   1.013033e+00 9.285501e+00 1.214880e+01
      vertex   1.022676e+00 9.345489e+00 1.212065e+01
      vertex   9.049172e-01 9.280995e+00 1.230916e+01
    endloop
  endfacet
  facet normal 8.271894e-01 5.496031e-02 5.592290e-01
    outer loop
      vertex   1.013033e+00 9.285501e+00 1.214880e+01
      vertex   9.049172e-01 9.280995e+00 1.230916e+01
      vertex   8.904519e-01 9.223583e+00 1.233620e+01
    endloop
  endfacet
  facet normal 8.134755e-01 6.712097e-02 5.777130e-01
    outer loop
      vertex   8.904519e-01 9.223583e+00 1.233620e+01
      vertex   9.049172e-01 9.280995e+00 1.230916e+01
      vertex   7.775146e-01 9.221653e+00 1.249545e+01
    endloop
  endfacet
  facet normal 8.157020e-01 -1.347302e-02 5.783154e-01
    outer loop
      vertex   8.904519e-01 9.223583e+00 1.233620e+01
      vertex   7.775146e-01 9.221653e+00 1.249545e+01
      vertex   7.582276e-01 9.166818e+00 1.252138e+01
    endloop
  endfacet
  facet normal 8.020525e-01 2.820289e-04 5.972535e-01
    outer loop
      vertex   7.582276e-01 9.166818e+00 1.252138e+01
      vertex   7.775146e-01 9.221653e+00 1.249545e+01
      vertex   6.404686e-01 9.167465e+00 1.267952e+01
    endloop
  endfacet
  facet normal 9.526765e-01 1.284701e-01 2.755050e-01
    outer loop
      vertex   1.229264e+00 1.027163e+01 1.137244e+01
      vertex   1.183831e+00 1.010334e+01 1.160801e+01
      vertex   1.229264e+00 1.001106e+01 1.149394e+01
    endloop
  endfacet
  facet normal 9.457749e-01 7.494154e-02 3.160594e-01
    outer loop
      vertex   1.229264e+00 1.001106e+01 1.149394e+01
      vertex   1.183831e+00 1.010334e+01 1.160801e+01
      vertex   1.174188e+00 9.978215e+00 1.166654e+01
    endloop
  endfacet
  facet normal 9.457749e-01 7.494154e-02 3.160594e-01
    outer loop
      vertex   1.229264e+00 1.001106e+01 1.149394e+01
      vertex   1.174188e+00 9.978215e+00 1.166654e+01
      vertex   1.164544e+00 9.853087e+00 1.172506e+01
    endloop
  endfacet
  facet normal 9.245330e-01 1.006697e-01 3.675655e-01
    outer loop
      vertex   1.164544e+00 9.853087e+00 1.172506e+01
      vertex   1.174188e+00 9.978215e+00 1.166654e+01
      vertex   1.099824e+00 9.825392e+00 1.189544e+01
    endloop
  endfacet
  facet normal 9.337196e-01 1.769656e-02 3.575676e-01
    outer loop
      vertex   1.164544e+00 9.853087e+00 1.172506e+01
      vertex   1.099824e+00 9.825392e+00 1.189544e+01
      vertex   1.080537e+00 9.705416e+00 1.195174e+01
    endloop
  endfacet
  facet normal 9.113393e-01 4.549359e-02 4.091345e-01
    outer loop
      vertex   1.080537e+00 9.705416e+00 1.195174e+01
      vertex   1.099824e+00 9.825392e+00 1.189544e+01
      vertex   1.006174e+00 9.682874e+00 1.211989e+01
    endloop
  endfacet
  facet normal 9.158271e-01 -4.269519e-02 3.992967e-01
    outer loop
      vertex   1.080537e+00 9.705416e+00 1.195174e+01
      vertex   1.006174e+00 9.682874e+00 1.211989e+01
      vertex   9.772435e-01 9.568052e+00 1.217397e+01
    endloop
  endfacet
  facet normal 8.926329e-01 -1.268648e-02 4.506057e-01
    outer loop
      vertex   9.772435e-01 9.568052e+00 1.217397e+01
      vertex   1.006174e+00 9.682874e+00 1.211989e+01
      vertex   8.932368e-01 9.550663e+00 1.233989e+01
    endloop
  endfacet
  facet normal 8.916083e-01 -1.053926e-01 4.403714e-01
    outer loop
      vertex   9.772435e-01 9.568052e+00 1.217397e+01
      vertex   8.932368e-01 9.550663e+00 1.233989e+01
      vertex   8.546627e-01 9.440993e+00 1.239174e+01
    endloop
  endfacet
  facet normal 8.680207e-01 -7.310311e-02 4.911172e-01
    outer loop
      vertex   8.546627e-01 9.440993e+00 1.239174e+01
      vertex   8.932368e-01 9.550663e+00 1.233989e+01
      vertex   7.610125e-01 9.428757e+00 1.255544e+01
    endloop
  endfacet
  facet normal 8.608680e-01 -1.693084e-01 4.798343e-01
    outer loop
      vertex   8.546627e-01 9.440993e+00 1.239174e+01
      vertex   7.610125e-01 9.428757e+00 1.255544e+01
      vertex   7.127949e-01 9.324240e+00 1.260507e+01
    endloop
  endfacet
  facet normal 8.373786e-01 -1.347706e-01 5.297490e-01
    outer loop
      vertex   7.127949e-01 9.324240e+00 1.260507e+01
      vertex   7.610125e-01 9.428757e+00 1.255544e+01
      vertex   6.095012e-01 9.317157e+00 1.276655e+01
    endloop
  endfacet
  facet normal 8.237799e-01 -2.331804e-01 5.167336e-01
    outer loop
      vertex   7.127949e-01 9.324240e+00 1.260507e+01
      vertex   6.095012e-01 9.317157e+00 1.276655e+01
      vertex   5.805706e-01 9.267476e+00 1.279025e+01
    endloop
  endfacet
  facet normal 8.126080e-01 -2.147066e-01 5.418204e-01
    outer loop
      vertex   5.805706e-01 9.267476e+00 1.279025e+01
      vertex   6.095012e-01 9.317157e+00 1.276655e+01
      vertex   4.724551e-01 9.262969e+00 1.295061e+01
    endloop
  endfacet
  facet normal 7.909577e-01 -3.152655e-01 5.243982e-01
    outer loop
      vertex   5.805706e-01 9.267476e+00 1.279025e+01
      vertex   4.724551e-01 9.262969e+00 1.295061e+01
      vertex   4.387028e-01 9.215864e+00 1.297320e+01
    endloop
  endfacet
  facet normal 7.738249e-01 -2.826340e-01 5.668447e-01
    outer loop
      vertex   4.387028e-01 9.215864e+00 1.297320e+01
      vertex   4.724551e-01 9.262969e+00 1.295061e+01
      vertex   2.998301e-01 9.183995e+00 1.314689e+01
    endloop
  endfacet
  facet normal 9.834820e-01 7.649640e-02 1.640471e-01
    outer loop
      vertex   1.229264e+00 1.053219e+01 1.125093e+01
      vertex   1.203118e+00 1.035360e+01 1.149096e+01
      vertex   1.229264e+00 1.027163e+01 1.137244e+01
    endloop
  endfacet
  facet normal 9.790667e-01 1.931706e-02 2.026212e-01
    outer loop
      vertex   1.229264e+00 1.027163e+01 1.137244e+01
      vertex   1.203118e+00 1.035360e+01 1.149096e+01
      vertex   1.193475e+00 1.022847e+01 1.154948e+01
    endloop
  endfacet
  facet normal 9.790667e-01 1.931706e-02 2.026212e-01
    outer loop
      vertex   1.229264e+00 1.027163e+01 1.137244e+01
      vertex   1.193475e+00 1.022847e+01 1.154948e+01
      vertex   1.183831e+00 1.010334e+01 1.160801e+01
    endloop
  endfacet
  facet normal 9.641721e-01 4.774515e-02 2.609455e-01
    outer loop
      vertex   1.183831e+00 1.010334e+01 1.160801e+01
      vertex   1.193475e+00 1.022847e+01 1.154948e+01
      vertex   1.138398e+00 1.006534e+01 1.178283e+01
    endloop
  endfacet
  facet normal 9.691805e-01 -4.187812e-02 2.427660e-01
    outer loop
      vertex   1.183831e+00 1.010334e+01 1.160801e+01
      vertex   1.138398e+00 1.006534e+01 1.178283e+01
      vertex   1.119111e+00 9.945368e+00 1.183914e+01
    endloop
  endfacet
  facet normal 9.532425e-01 -1.152495e-02 3.019866e-01
    outer loop
      vertex   1.119111e+00 9.945368e+00 1.183914e+01
      vertex   1.138398e+00 1.006534e+01 1.178283e+01
      vertex   1.064035e+00 9.912520e+00 1.201173e+01
    endloop
  endfacet
  facet normal 9.529494e-01 -1.064285e-01 2.838317e-01
    outer loop
      vertex   1.119111e+00 9.945368e+00 1.183914e+01
      vertex   1.064035e+00 9.912520e+00 1.201173e+01
      vertex   1.035105e+00 9.797697e+00 1.206581e+01
    endloop
  endfacet
  facet normal 9.361941e-01 -7.406178e-02 3.435921e-01
    outer loop
      vertex   1.035105e+00 9.797697e+00 1.206581e+01
      vertex   1.064035e+00 9.912520e+00 1.201173e+01
      vertex   9.703848e-01 9.770002e+00 1.223619e+01
    endloop
  endfacet
  facet normal 9.296968e-01 -1.733452e-01 3.249851e-01
    outer loop
      vertex   1.035105e+00 9.797697e+00 1.206581e+01
      vertex   9.703848e-01 9.770002e+00 1.223619e+01
      vertex   9.318108e-01 9.660333e+00 1.228804e+01
    endloop
  endfacet
  facet normal 9.124409e-01 -1.389496e-01 3.848955e-01
    outer loop
      vertex   9.318108e-01 9.660333e+00 1.228804e+01
      vertex   9.703848e-01 9.770002e+00 1.223619e+01
      vertex   8.574476e-01 9.637791e+00 1.245619e+01
    endloop
  endfacet
  facet normal 8.990776e-01 -2.413402e-01 3.652594e-01
    outer loop
      vertex   9.318108e-01 9.660333e+00 1.228804e+01
      vertex   8.574476e-01 9.637791e+00 1.245619e+01
      vertex   8.092300e-01 9.533274e+00 1.250582e+01
    endloop
  endfacet
  facet normal 8.817122e-01 -2.049988e-01 4.249224e-01
    outer loop
      vertex   8.092300e-01 9.533274e+00 1.250582e+01
      vertex   8.574476e-01 9.637791e+00 1.245619e+01
      vertex   7.252233e-01 9.515885e+00 1.267174e+01
    endloop
  endfacet
  facet normal 8.611879e-01 -3.089171e-01 4.036405e-01
    outer loop
      vertex   8.092300e-01 9.533274e+00 1.250582e+01
      vertex   7.252233e-01 9.515885e+00 1.267174e+01
      vertex   6.673622e-01 9.416521e+00 1.271914e+01
    endloop
  endfacet
  facet normal 8.441449e-01 -2.708270e-01 4.626793e-01
    outer loop
      vertex   6.673622e-01 9.416521e+00 1.271914e+01
      vertex   7.252233e-01 9.515885e+00 1.267174e+01
      vertex   5.737120e-01 9.404285e+00 1.288284e+01
    endloop
  endfacet
  facet normal 8.166145e-01 -3.745162e-01 4.391793e-01
    outer loop
      vertex   6.673622e-01 9.416521e+00 1.271914e+01
      vertex   5.737120e-01 9.404285e+00 1.288284e+01
      vertex   5.062074e-01 9.310075e+00 1.292802e+01
    endloop
  endfacet
  facet normal 7.738249e-01 -2.826340e-01 5.668447e-01
    outer loop
      vertex   5.062074e-01 9.310075e+00 1.292802e+01
      vertex   5.737120e-01 9.404285e+00 1.288284e+01
      vertex   2.998301e-01 9.183995e+00 1.314689e+01
    endloop
  endfacet
  facet normal 7.738249e-01 -2.826340e-01 5.668447e-01
    outer loop
      vertex   5.062074e-01 9.310075e+00 1.292802e+01
      vertex   2.998301e-01 9.183995e+00 1.314689e+01
      vertex   4.724551e-01 9.262969e+00 1.295061e+01
    endloop
  endfacet
  facet normal 9.988313e-01 2.042654e-02 4.380485e-02
    outer loop
      vertex   1.229264e+00 1.079275e+01 1.112943e+01
      vertex   1.222405e+00 1.060386e+01 1.137390e+01
      vertex   1.229264e+00 1.053219e+01 1.125093e+01
    endloop
  endfacet
  facet normal 9.960904e-01 -3.990377e-02 7.881351e-02
    outer loop
      vertex   1.229264e+00 1.053219e+01 1.125093e+01
      vertex   1.222405e+00 1.060386e+01 1.137390e+01
      vertex   1.212762e+00 1.047873e+01 1.143243e+01
    endloop
  endfacet
  facet normal 9.960904e-01 -3.990377e-02 7.881351e-02
    outer loop
      vertex   1.229264e+00 1.053219e+01 1.125093e+01
      vertex   1.212762e+00 1.047873e+01 1.143243e+01
      vertex   1.203118e+00 1.035360e+01 1.149096e+01
    endloop
  endfacet
  facet normal 9.898641e-01 -1.002706e-02 1.416632e-01
    outer loop
      vertex   1.203118e+00 1.035360e+01 1.149096e+01
      vertex   1.212762e+00 1.047873e+01 1.143243e+01
      vertex   1.176972e+00 1.030530e+01 1.167023e+01
    endloop
  endfacet
  facet normal 9.877570e-01 -1.043859e-01 1.159300e-01
    outer loop
      vertex   1.203118e+00 1.035360e+01 1.149096e+01
      vertex   1.176972e+00 1.030530e+01 1.167023e+01
      vertex   1.157685e+00 1.018532e+01 1.172653e+01
    endloop
  endfacet
  facet normal 9.808658e-01 -7.298252e-02 1.804877e-01
    outer loop
      vertex   1.157685e+00 1.018532e+01 1.172653e+01
      vertex   1.176972e+00 1.030530e+01 1.167023e+01
      vertex   1.121896e+00 1.014217e+01 1.190358e+01
    endloop
  endfacet
  facet normal 9.728318e-01 -1.722721e-01 1.546628e-01
    outer loop
      vertex   1.157685e+00 1.018532e+01 1.172653e+01
      vertex   1.121896e+00 1.014217e+01 1.190358e+01
      vertex   1.092966e+00 1.002734e+01 1.195766e+01
    endloop
  endfacet
  facet normal 9.653625e-01 -1.393414e-01 2.205884e-01
    outer loop
      vertex   1.092966e+00 1.002734e+01 1.195766e+01
      vertex   1.121896e+00 1.014217e+01 1.190358e+01
      vertex   1.047533e+00 9.989342e+00 1.213248e+01
    endloop
  endfacet
  facet normal 9.505058e-01 -2.424459e-01 1.943160e-01
    outer loop
      vertex   1.092966e+00 1.002734e+01 1.195766e+01
      vertex   1.047533e+00 9.989342e+00 1.213248e+01
      vertex   1.008959e+00 9.879672e+00 1.218433e+01
    endloop
  endfacet
  facet normal 9.426008e-01 -2.080468e-01 2.611901e-01
    outer loop
      vertex   1.008959e+00 9.879672e+00 1.218433e+01
      vertex   1.047533e+00 9.989342e+00 1.213248e+01
      vertex   9.538827e-01 9.846824e+00 1.235693e+01
    endloop
  endfacet
  facet normal 9.203156e-01 -3.134561e-01 2.340181e-01
    outer loop
      vertex   1.008959e+00 9.879672e+00 1.218433e+01
      vertex   9.538827e-01 9.846824e+00 1.235693e+01
      vertex   9.056651e-01 9.742308e+00 1.240656e+01
    endloop
  endfacet
  facet normal 9.121693e-01 -2.777215e-01 3.013603e-01
    outer loop
      vertex   9.056651e-01 9.742308e+00 1.240656e+01
      vertex   9.538827e-01 9.846824e+00 1.235693e+01
      vertex   8.409454e-01 9.714613e+00 1.257693e+01
    endloop
  endfacet
  facet normal 8.822798e-01 -3.836236e-01 2.727915e-01
    outer loop
      vertex   9.056651e-01 9.742308e+00 1.240656e+01
      vertex   8.409454e-01 9.714613e+00 1.257693e+01
      vertex   7.830844e-01 9.615249e+00 1.262434e+01
    endloop
  endfacet
  facet normal 8.741230e-01 -3.467676e-01 3.400899e-01
    outer loop
      vertex   7.830844e-01 9.615249e+00 1.262434e+01
      vertex   8.409454e-01 9.714613e+00 1.257693e+01
      vertex   7.087211e-01 9.592707e+00 1.279249e+01
    endloop
  endfacet
  facet normal 8.369698e-01 -4.512140e-01 3.096572e-01
    outer loop
      vertex   7.830844e-01 9.615249e+00 1.262434e+01
      vertex   7.087211e-01 9.592707e+00 1.279249e+01
      vertex   6.412166e-01 9.498496e+00 1.283767e+01
    endloop
  endfacet
  facet normal 8.321646e-01 -4.260610e-01 3.549284e-01
    outer loop
      vertex   6.412166e-01 9.498496e+00 1.283767e+01
      vertex   7.087211e-01 9.592707e+00 1.279249e+01
      vertex   5.824871e-01 9.510287e+00 1.298952e+01
    endloop
  endfacet
  facet normal 8.321646e-01 -4.260610e-01 3.549284e-01
    outer loop
      vertex   6.412166e-01 9.498496e+00 1.283767e+01
      vertex   5.824871e-01 9.510287e+00 1.298952e+01
      vertex   5.737120e-01 9.404285e+00 1.288284e+01
    endloop
  endfacet
  facet normal 7.780138e-01 -4.764705e-01 4.094758e-01
    outer loop
      vertex   5.737120e-01 9.404285e+00 1.288284e+01
      vertex   5.824871e-01 9.510287e+00 1.298952e+01
      vertex   2.998301e-01 9.183995e+00 1.314689e+01
    endloop
  endfacet
  facet normal 9.938281e-01 -9.951715e-02 -4.901119e-02
    outer loop
      vertex   1.229264e+00 1.079275e+01 1.112943e+01
      vertex   1.232049e+00 1.072899e+01 1.131538e+01
      vertex   1.222405e+00 1.060386e+01 1.137390e+01
    endloop
  endfacet
  facet normal 9.974433e-01 -6.988298e-02 1.494160e-02
    outer loop
      vertex   1.222405e+00 1.060386e+01 1.137390e+01
      vertex   1.232049e+00 1.072899e+01 1.131538e+01
      vertex   1.215546e+00 1.054525e+01 1.155763e+01
    endloop
  endfacet
  facet normal 9.859767e-01 -1.660969e-01 -1.618161e-02
    outer loop
      vertex   1.222405e+00 1.060386e+01 1.137390e+01
      vertex   1.215546e+00 1.054525e+01 1.155763e+01
      vertex   1.196259e+00 1.042527e+01 1.161393e+01
    endloop
  endfacet
  facet normal 9.895008e-01 -1.355920e-01 5.002953e-02
    outer loop
      vertex   1.196259e+00 1.042527e+01 1.161393e+01
      vertex   1.215546e+00 1.054525e+01 1.155763e+01
      vertex   1.179757e+00 1.037181e+01 1.179542e+01
    endloop
  endfacet
  facet normal 9.715890e-01 -2.359226e-01 1.884868e-02
    outer loop
      vertex   1.196259e+00 1.042527e+01 1.161393e+01
      vertex   1.179757e+00 1.037181e+01 1.179542e+01
      vertex   1.150827e+00 1.025699e+01 1.184950e+01
    endloop
  endfacet
  facet normal 9.749566e-01 -2.046529e-01 8.704521e-02
    outer loop
      vertex   1.150827e+00 1.025699e+01 1.184950e+01
      vertex   1.179757e+00 1.037181e+01 1.179542e+01
      vertex   1.124681e+00 1.020868e+01 1.202877e+01
    endloop
  endfacet
  facet normal 9.498261e-01 -3.077996e-01 5.558620e-02
    outer loop
      vertex   1.150827e+00 1.025699e+01 1.184950e+01
      vertex   1.124681e+00 1.020868e+01 1.202877e+01
      vertex   1.086107e+00 1.009901e+01 1.208063e+01
    endloop
  endfacet
  facet normal 9.529718e-01 -2.759025e-01 1.253892e-01
    outer loop
      vertex   1.086107e+00 1.009901e+01 1.208063e+01
      vertex   1.124681e+00 1.020868e+01 1.202877e+01
      vertex   1.050318e+00 1.005586e+01 1.225767e+01
    endloop
  endfacet
  facet normal 9.201847e-01 -3.801940e-01 9.334141e-02
    outer loop
      vertex   1.086107e+00 1.009901e+01 1.208063e+01
      vertex   1.050318e+00 1.005586e+01 1.225767e+01
      vertex   1.002100e+00 9.951341e+00 1.230730e+01
    endloop
  endfacet
  facet normal 9.230518e-01 -3.478359e-01 1.642730e-01
    outer loop
      vertex   1.002100e+00 9.951341e+00 1.230730e+01
      vertex   1.050318e+00 1.005586e+01 1.225767e+01
      vertex   9.566675e-01 9.913341e+00 1.248213e+01
    endloop
  endfacet
  facet normal 8.826394e-01 -4.513487e-01 1.312705e-01
    outer loop
      vertex   1.002100e+00 9.951341e+00 1.230730e+01
      vertex   9.566675e-01 9.913341e+00 1.248213e+01
      vertex   8.988065e-01 9.813977e+00 1.252953e+01
    endloop
  endfacet
  facet normal 8.851871e-01 -4.187192e-01 2.027757e-01
    outer loop
      vertex   8.988065e-01 9.813977e+00 1.252953e+01
      vertex   9.566675e-01 9.913341e+00 1.248213e+01
      vertex   8.437303e-01 9.781129e+00 1.270213e+01
    endloop
  endfacet
  facet normal 8.377216e-01 -5.194661e-01 1.684560e-01
    outer loop
      vertex   8.988065e-01 9.813977e+00 1.252953e+01
      vertex   8.437303e-01 9.781129e+00 1.270213e+01
      vertex   7.762257e-01 9.686918e+00 1.274731e+01
    endloop
  endfacet
  facet normal 8.394844e-01 -5.033765e-01 2.046411e-01
    outer loop
      vertex   7.762257e-01 9.686918e+00 1.274731e+01
      vertex   8.437303e-01 9.781129e+00 1.270213e+01
      vertex   7.497509e-01 9.703372e+00 1.289639e+01
    endloop
  endfacet
  facet normal 8.394844e-01 -5.033765e-01 2.046411e-01
    outer loop
      vertex   7.762257e-01 9.686918e+00 1.274731e+01
      vertex   7.497509e-01 9.703372e+00 1.289639e+01
      vertex   7.087211e-01 9.592707e+00 1.279249e+01
    endloop
  endfacet
  facet normal 7.883769e-01 -5.503687e-01 2.748747e-01
    outer loop
      vertex   7.087211e-01 9.592707e+00 1.279249e+01
      vertex   7.497509e-01 9.703372e+00 1.289639e+01
      vertex   5.824871e-01 9.510287e+00 1.298952e+01
    endloop
  endfacet
  facet normal 9.773126e-01 -1.954292e-01 -8.165453e-02
    outer loop
      vertex   1.232049e+00 1.072899e+01 1.131538e+01
      vertex   1.234833e+00 1.066522e+01 1.150132e+01
      vertex   1.215546e+00 1.054525e+01 1.155763e+01
    endloop
  endfacet
  facet normal 9.859767e-01 -1.660969e-01 -1.618161e-02
    outer loop
      vertex   1.215546e+00 1.054525e+01 1.155763e+01
      vertex   1.234833e+00 1.066522e+01 1.150132e+01
      vertex   1.208688e+00 1.048663e+01 1.174135e+01
    endloop
  endfacet
  facet normal 9.628558e-01 -2.655733e-01 -4.878068e-02
    outer loop
      vertex   1.215546e+00 1.054525e+01 1.155763e+01
      vertex   1.208688e+00 1.048663e+01 1.174135e+01
      vertex   1.179757e+00 1.037181e+01 1.179542e+01
    endloop
  endfacet
  facet normal 9.715890e-01 -2.359226e-01 1.884868e-02
    outer loop
      vertex   1.179757e+00 1.037181e+01 1.179542e+01
      vertex   1.208688e+00 1.048663e+01 1.174135e+01
      vertex   1.163255e+00 1.031835e+01 1.197692e+01
    endloop
  endfacet
  facet normal 9.411883e-01 -3.375980e-01 -1.386380e-02
    outer loop
      vertex   1.179757e+00 1.037181e+01 1.179542e+01
      vertex   1.163255e+00 1.031835e+01 1.197692e+01
      vertex   1.124681e+00 1.020868e+01 1.202877e+01
    endloop
  endfacet
  facet normal 9.498261e-01 -3.077996e-01 5.558620e-02
    outer loop
      vertex   1.124681e+00 1.020868e+01 1.202877e+01
      vertex   1.163255e+00 1.031835e+01 1.197692e+01
      vertex   1.098535e+00 1.016037e+01 1.220805e+01
    endloop
  endfacet
  facet normal 9.118221e-01 -4.099677e-01 2.251335e-02
    outer loop
      vertex   1.124681e+00 1.020868e+01 1.202877e+01
      vertex   1.098535e+00 1.016037e+01 1.220805e+01
      vertex   1.050318e+00 1.005586e+01 1.225767e+01
    endloop
  endfacet
  facet normal 9.201847e-01 -3.801940e-01 9.334141e-02
    outer loop
      vertex   1.050318e+00 1.005586e+01 1.225767e+01
      vertex   1.098535e+00 1.016037e+01 1.220805e+01
      vertex   1.014529e+00 1.001270e+01 1.243472e+01
    endloop
  endfacet
  facet normal 8.747284e-01 -4.809349e-01 5.959802e-02
    outer loop
      vertex   1.050318e+00 1.005586e+01 1.225767e+01
      vertex   1.014529e+00 1.001270e+01 1.243472e+01
      vertex   9.566675e-01 9.913341e+00 1.248213e+01
    endloop
  endfacet
  facet normal 8.826394e-01 -4.513487e-01 1.312705e-01
    outer loop
      vertex   9.566675e-01 9.913341e+00 1.248213e+01
      vertex   1.014529e+00 1.001270e+01 1.243472e+01
      vertex   9.112348e-01 9.875340e+00 1.265695e+01
    endloop
  endfacet
  facet normal 8.304137e-01 -5.487208e-01 9.653272e-02
    outer loop
      vertex   9.566675e-01 9.913341e+00 1.248213e+01
      vertex   9.112348e-01 9.875340e+00 1.265695e+01
      vertex   8.437303e-01 9.781129e+00 1.270213e+01
    endloop
  endfacet
  facet normal 8.394844e-01 -5.033765e-01 2.046411e-01
    outer loop
      vertex   8.437303e-01 9.781129e+00 1.270213e+01
      vertex   9.112348e-01 9.875340e+00 1.265695e+01
      vertex   7.497509e-01 9.703372e+00 1.289639e+01
    endloop
  endfacet
  facet normal 9.491417e-01 -2.931907e-01 -1.147575e-01
    outer loop
      vertex   1.234833e+00 1.066522e+01 1.150132e+01
      vertex   1.240403e+00 1.053769e+01 1.187322e+01
      vertex   1.208688e+00 1.048663e+01 1.174135e+01
    endloop
  endfacet
  facet normal 9.274551e-01 -3.648812e-01 -8.178445e-02
    outer loop
      vertex   1.208688e+00 1.048663e+01 1.174135e+01
      vertex   1.240403e+00 1.053769e+01 1.187322e+01
      vertex   1.201829e+00 1.042802e+01 1.192507e+01
    endloop
  endfacet
  facet normal 9.274551e-01 -3.648812e-01 -8.178445e-02
    outer loop
      vertex   1.208688e+00 1.048663e+01 1.174135e+01
      vertex   1.201829e+00 1.042802e+01 1.192507e+01
      vertex   1.163255e+00 1.031835e+01 1.197692e+01
    endloop
  endfacet
  facet normal 9.411883e-01 -3.375980e-01 -1.386380e-02
    outer loop
      vertex   1.163255e+00 1.031835e+01 1.197692e+01
      vertex   1.201829e+00 1.042802e+01 1.192507e+01
      vertex   1.146753e+00 1.026489e+01 1.215842e+01
    endloop
  endfacet
  facet normal 8.983584e-01 -4.367457e-01 -4.696182e-02
    outer loop
      vertex   1.163255e+00 1.031835e+01 1.197692e+01
      vertex   1.146753e+00 1.026489e+01 1.215842e+01
      vertex   1.098535e+00 1.016037e+01 1.220805e+01
    endloop
  endfacet
  facet normal 9.118221e-01 -4.099677e-01 2.251335e-02
    outer loop
      vertex   1.098535e+00 1.016037e+01 1.220805e+01
      vertex   1.146753e+00 1.026489e+01 1.215842e+01
      vertex   1.072390e+00 1.011207e+01 1.238732e+01
    endloop
  endfacet
  facet normal 8.618305e-01 -5.070784e-01 -1.094502e-02
    outer loop
      vertex   1.098535e+00 1.016037e+01 1.220805e+01
      vertex   1.072390e+00 1.011207e+01 1.238732e+01
      vertex   1.014529e+00 1.001270e+01 1.243472e+01
    endloop
  endfacet
  facet normal 8.747284e-01 -4.809349e-01 5.959802e-02
    outer loop
      vertex   1.014529e+00 1.001270e+01 1.243472e+01
      vertex   1.072390e+00 1.011207e+01 1.238732e+01
      vertex   9.787394e-01 9.969551e+00 1.261177e+01
    endloop
  endfacet
  facet normal 8.183525e-01 -5.741515e-01 2.548128e-02
    outer loop
      vertex   1.014529e+00 1.001270e+01 1.243472e+01
      vertex   9.787394e-01 9.969551e+00 1.261177e+01
      vertex   9.112348e-01 9.875340e+00 1.265695e+01
    endloop
  endfacet
  facet normal 8.229063e-01 -5.660436e-01 4.919252e-02
    outer loop
      vertex   9.112348e-01 9.875340e+00 1.265695e+01
      vertex   9.787394e-01 9.969551e+00 1.261177e+01
      vertex   9.170148e-01 9.896458e+00 1.280326e+01
    endloop
  endfacet
  facet normal 7.688935e-01 -6.364138e-01 6.148340e-02
    outer loop
      vertex   9.112348e-01 9.875340e+00 1.265695e+01
      vertex   9.170148e-01 9.896458e+00 1.280326e+01
      vertex   7.497509e-01 9.703372e+00 1.289639e+01
    endloop
  endfacet
  facet normal 9.274551e-01 -3.648812e-01 -8.178445e-02
    outer loop
      vertex   1.201829e+00 1.042802e+01 1.192507e+01
      vertex   1.240403e+00 1.053769e+01 1.187322e+01
      vertex   1.194970e+00 1.036941e+01 1.210879e+01
    endloop
  endfacet
  facet normal 8.587864e-01 -4.805467e-01 -1.776534e-01
    outer loop
      vertex   1.194970e+00 1.036941e+01 1.210879e+01
      vertex   1.240403e+00 1.053769e+01 1.187322e+01
      vertex   1.245973e+00 1.041016e+01 1.224511e+01
    endloop
  endfacet
  facet normal 8.236634e-01 -5.484339e-01 -1.442180e-01
    outer loop
      vertex   1.194970e+00 1.036941e+01 1.210879e+01
      vertex   1.245973e+00 1.041016e+01 1.224511e+01
      vertex   1.188112e+00 1.031080e+01 1.229251e+01
    endloop
  endfacet
  facet normal 8.236634e-01 -5.484339e-01 -1.442180e-01
    outer loop
      vertex   1.188112e+00 1.031080e+01 1.229251e+01
      vertex   1.245973e+00 1.041016e+01 1.224511e+01
      vertex   1.181253e+00 1.025218e+01 1.247623e+01
    endloop
  endfacet
  facet normal 7.599990e-01 -6.268573e-01 -1.716141e-01
    outer loop
      vertex   1.188112e+00 1.031080e+01 1.229251e+01
      vertex   1.181253e+00 1.025218e+01 1.247623e+01
      vertex   1.113749e+00 1.015797e+01 1.252141e+01
    endloop
  endfacet
  facet normal 7.859162e-01 -6.104191e-01 -9.861162e-02
    outer loop
      vertex   1.113749e+00 1.015797e+01 1.252141e+01
      vertex   1.181253e+00 1.025218e+01 1.247623e+01
      vertex   1.084279e+00 1.008954e+01 1.271013e+01
    endloop
  endfacet
  facet normal 7.859162e-01 -6.104191e-01 -9.861162e-02
    outer loop
      vertex   1.113749e+00 1.015797e+01 1.252141e+01
      vertex   1.084279e+00 1.008954e+01 1.271013e+01
      vertex   1.046244e+00 1.006376e+01 1.256659e+01
    endloop
  endfacet
  facet normal 7.358052e-01 -6.731304e-01 -7.406933e-02
    outer loop
      vertex   1.046244e+00 1.006376e+01 1.256659e+01
      vertex   1.084279e+00 1.008954e+01 1.271013e+01
      vertex   9.170148e-01 9.896458e+00 1.280326e+01
    endloop
  endfacet
  facet normal 8.229063e-01 -5.660436e-01 4.919252e-02
    outer loop
      vertex   1.046244e+00 1.006376e+01 1.256659e+01
      vertex   9.170148e-01 9.896458e+00 1.280326e+01
      vertex   9.787394e-01 9.969551e+00 1.261177e+01
    endloop
  endfacet
  facet normal 7.357010e-01 -6.372252e-01 -2.295390e-01
    outer loop
      vertex   1.245973e+00 1.041016e+01 1.224511e+01
      vertex   1.248758e+00 1.034639e+01 1.243105e+01
      vertex   1.181253e+00 1.025218e+01 1.247623e+01
    endloop
  endfacet
  facet normal 7.357010e-01 -6.372252e-01 -2.295390e-01
    outer loop
      vertex   1.181253e+00 1.025218e+01 1.247623e+01
      vertex   1.248758e+00 1.034639e+01 1.243105e+01
      vertex   1.251543e+00 1.028263e+01 1.261700e+01
    endloop
  endfacet
  facet normal 6.925653e-01 -6.943151e-01 -1.956526e-01
    outer loop
      vertex   1.181253e+00 1.025218e+01 1.247623e+01
      vertex   1.251543e+00 1.028263e+01 1.261700e+01
      vertex   1.084279e+00 1.008954e+01 1.271013e+01
    endloop
  endfacet
  facet normal 7.317804e-01 -2.140417e-01 6.470577e-01
    outer loop
      vertex   3.036937e-01 9.027442e+00 1.306356e+01
      vertex   1.585017e-01 9.020849e+00 1.322558e+01
      vertex   2.361891e-01 8.933231e+00 1.310874e+01
    endloop
  endfacet
  facet normal 6.913156e-01 -2.769866e-01 6.673539e-01
    outer loop
      vertex   2.361891e-01 8.933231e+00 1.310874e+01
      vertex   1.585017e-01 9.020849e+00 1.322558e+01
      vertex   1.717324e-02 8.857702e+00 1.330427e+01
    endloop
  endfacet
  facet normal 6.868306e-01 -1.512115e-01 7.109140e-01
    outer loop
      vertex   2.361891e-01 8.933231e+00 1.310874e+01
      vertex   1.717324e-02 8.857702e+00 1.330427e+01
      vertex   1.686846e-01 8.839020e+00 1.315392e+01
    endloop
  endfacet
  facet normal 7.115187e-01 -1.847061e-01 6.779564e-01
    outer loop
      vertex   2.361891e-01 8.933231e+00 1.310874e+01
      vertex   1.686846e-01 8.839020e+00 1.315392e+01
      vertex   3.780569e-01 8.919702e+00 1.295616e+01
    endloop
  endfacet
  facet normal 6.986308e-01 -6.698604e-02 7.123397e-01
    outer loop
      vertex   3.780569e-01 8.919702e+00 1.295616e+01
      vertex   1.686846e-01 8.839020e+00 1.315392e+01
      vertex   3.201959e-01 8.820338e+00 1.300357e+01
    endloop
  endfacet
  facet normal 7.246470e-01 -9.644887e-02 6.823374e-01
    outer loop
      vertex   3.780569e-01 8.919702e+00 1.295616e+01
      vertex   3.201959e-01 8.820338e+00 1.300357e+01
      vertex   5.199247e-01 8.906173e+00 1.280359e+01
    endloop
  endfacet
  facet normal 7.050500e-01 1.142340e-02 7.090656e-01
    outer loop
      vertex   5.199247e-01 8.906173e+00 1.280359e+01
      vertex   3.201959e-01 8.820338e+00 1.300357e+01
      vertex   6.232185e-01 8.782974e+00 1.270286e+01
    endloop
  endfacet
  facet normal 7.336672e-01 6.189083e-02 6.766845e-01
    outer loop
      vertex   5.199247e-01 8.906173e+00 1.280359e+01
      vertex   6.232185e-01 8.782974e+00 1.270286e+01
      vertex   6.617925e-01 8.892644e+00 1.265101e+01
    endloop
  endfacet
  facet normal 7.336672e-01 6.189083e-02 6.766845e-01
    outer loop
      vertex   6.617925e-01 8.892644e+00 1.265101e+01
      vertex   6.232185e-01 8.782974e+00 1.270286e+01
      vertex   8.036603e-01 8.879115e+00 1.249843e+01
    endloop
  endfacet
  facet normal 7.318150e-01 1.306265e-01 6.688674e-01
    outer loop
      vertex   6.617925e-01 8.892644e+00 1.265101e+01
      vertex   8.036603e-01 8.879115e+00 1.249843e+01
      vertex   8.325908e-01 8.993938e+00 1.244435e+01
    endloop
  endfacet
  facet normal 7.586261e-01 1.112017e-01 6.419662e-01
    outer loop
      vertex   8.325908e-01 8.993938e+00 1.244435e+01
      vertex   8.036603e-01 8.879115e+00 1.249843e+01
      vertex   9.648151e-01 8.985561e+00 1.228955e+01
    endloop
  endfacet
  facet normal 7.057449e-01 1.484387e-01 6.927410e-01
    outer loop
      vertex   6.232185e-01 8.782974e+00 1.270286e+01
      vertex   9.262411e-01 8.745610e+00 1.240216e+01
      vertex   8.036603e-01 8.879115e+00 1.249843e+01
    endloop
  endfacet
  facet normal 7.271097e-01 1.923746e-01 6.590171e-01
    outer loop
      vertex   8.036603e-01 8.879115e+00 1.249843e+01
      vertex   9.262411e-01 8.745610e+00 1.240216e+01
      vertex   9.455281e-01 8.865586e+00 1.234586e+01
    endloop
  endfacet
  facet normal 7.271097e-01 1.923746e-01 6.590171e-01
    outer loop
      vertex   8.036603e-01 8.879115e+00 1.249843e+01
      vertex   9.455281e-01 8.865586e+00 1.234586e+01
      vertex   9.648151e-01 8.985561e+00 1.228955e+01
    endloop
  endfacet
  facet normal 7.531548e-01 1.763390e-01 6.337684e-01
    outer loop
      vertex   9.648151e-01 8.985561e+00 1.228955e+01
      vertex   9.455281e-01 8.865586e+00 1.234586e+01
      vertex   1.097039e+00 8.977185e+00 1.213475e+01
    endloop
  endfacet
  facet normal 7.271097e-01 1.923746e-01 6.590171e-01
    outer loop
      vertex   9.455281e-01 8.865586e+00 1.234586e+01
      vertex   9.262411e-01 8.745610e+00 1.240216e+01
      vertex   1.087396e+00 8.852057e+00 1.219328e+01
    endloop
  endfacet
  facet normal 9.895008e-01 -1.355920e-01 5.002953e-02
    outer loop
      vertex   1.176972e+00 1.030530e+01 1.167023e+01
      vertex   1.212762e+00 1.047873e+01 1.143243e+01
      vertex   1.196259e+00 1.042527e+01 1.161393e+01
    endloop
  endfacet
  facet normal 9.960904e-01 -3.990377e-02 7.881351e-02
    outer loop
      vertex   1.196259e+00 1.042527e+01 1.161393e+01
      vertex   1.212762e+00 1.047873e+01 1.143243e+01
      vertex   1.222405e+00 1.060386e+01 1.137390e+01
    endloop
  endfacet
  facet normal 9.808658e-01 -7.298252e-02 1.804877e-01
    outer loop
      vertex   1.138398e+00 1.006534e+01 1.178283e+01
      vertex   1.193475e+00 1.022847e+01 1.154948e+01
      vertex   1.157685e+00 1.018532e+01 1.172653e+01
    endloop
  endfacet
  facet normal 9.790667e-01 1.931706e-02 2.026212e-01
    outer loop
      vertex   1.157685e+00 1.018532e+01 1.172653e+01
      vertex   1.193475e+00 1.022847e+01 1.154948e+01
      vertex   1.203118e+00 1.035360e+01 1.149096e+01
    endloop
  endfacet
  facet normal 9.532425e-01 -1.152495e-02 3.019866e-01
    outer loop
      vertex   1.099824e+00 9.825392e+00 1.189544e+01
      vertex   1.174188e+00 9.978215e+00 1.166654e+01
      vertex   1.119111e+00 9.945368e+00 1.183914e+01
    endloop
  endfacet
  facet normal 9.457749e-01 7.494154e-02 3.160594e-01
    outer loop
      vertex   1.119111e+00 9.945368e+00 1.183914e+01
      vertex   1.174188e+00 9.978215e+00 1.166654e+01
      vertex   1.183831e+00 1.010334e+01 1.160801e+01
    endloop
  endfacet
  facet normal 9.011142e-01 1.247737e-01 4.152406e-01
    outer loop
      vertex   1.145257e+00 9.602829e+00 1.184212e+01
      vertex   1.229264e+00 9.750500e+00 1.161544e+01
      vertex   1.154900e+00 9.727958e+00 1.178359e+01
    endloop
  endfacet
  facet normal 8.761536e-01 1.471723e-01 4.590155e-01
    outer loop
      vertex   1.154900e+00 9.727958e+00 1.178359e+01
      vertex   1.061250e+00 9.585440e+00 1.200804e+01
      vertex   1.145257e+00 9.602829e+00 1.184212e+01
    endloop
  endfacet
  facet normal 8.868288e-01 7.166485e-02 4.565071e-01
    outer loop
      vertex   1.145257e+00 9.602829e+00 1.184212e+01
      vertex   1.061250e+00 9.585440e+00 1.200804e+01
      vertex   1.041963e+00 9.465465e+00 1.206434e+01
    endloop
  endfacet
  facet normal 8.502237e-01 1.678474e-01 4.989458e-01
    outer loop
      vertex   1.145257e+00 9.602829e+00 1.184212e+01
      vertex   1.041963e+00 9.465465e+00 1.206434e+01
      vertex   1.135613e+00 9.477700e+00 1.190064e+01
    endloop
  endfacet
  facet normal 8.608680e-01 9.609463e-02 4.996720e-01
    outer loop
      vertex   1.135613e+00 9.477700e+00 1.190064e+01
      vertex   1.041963e+00 9.465465e+00 1.206434e+01
      vertex   1.022676e+00 9.345489e+00 1.212065e+01
    endloop
  endfacet
  facet normal 7.973439e-01 2.041908e-01 5.679339e-01
    outer loop
      vertex   1.111505e+00 9.164878e+00 1.204696e+01
      vertex   1.229264e+00 9.229373e+00 1.185845e+01
      vertex   1.116326e+00 9.227443e+00 1.201770e+01
    endloop
  endfacet
  facet normal 8.204990e-01 1.293980e-01 5.568102e-01
    outer loop
      vertex   1.003389e+00 9.225513e+00 1.217695e+01
      vertex   1.121148e+00 9.290007e+00 1.198843e+01
      vertex   1.013033e+00 9.285501e+00 1.214880e+01
    endloop
  endfacet
  facet normal 8.105671e-01 1.957084e-01 5.519775e-01
    outer loop
      vertex   1.013033e+00 9.285501e+00 1.214880e+01
      vertex   1.121148e+00 9.290007e+00 1.198843e+01
      vertex   1.125970e+00 9.352572e+00 1.195917e+01
    endloop
  endfacet
  facet normal 7.841862e-01 2.122902e-01 5.830823e-01
    outer loop
      vertex   9.937457e-01 9.165525e+00 1.220510e+01
      vertex   1.111505e+00 9.164878e+00 1.204696e+01
      vertex   1.116326e+00 9.227443e+00 1.201770e+01
    endloop
  endfacet
  facet normal 7.203995e-01 2.475180e-01 6.478883e-01
    outer loop
      vertex   9.455281e-01 8.865586e+00 1.234586e+01
      vertex   1.087396e+00 8.852057e+00 1.219328e+01
      vertex   1.097039e+00 8.977185e+00 1.213475e+01
    endloop
  endfacet
  facet normal 9.749566e-01 -2.046529e-01 8.704521e-02
    outer loop
      vertex   1.121896e+00 1.014217e+01 1.190358e+01
      vertex   1.176972e+00 1.030530e+01 1.167023e+01
      vertex   1.150827e+00 1.025699e+01 1.184950e+01
    endloop
  endfacet
  facet normal 9.877570e-01 -1.043859e-01 1.159300e-01
    outer loop
      vertex   1.150827e+00 1.025699e+01 1.184950e+01
      vertex   1.176972e+00 1.030530e+01 1.167023e+01
      vertex   1.196259e+00 1.042527e+01 1.161393e+01
    endloop
  endfacet
  facet normal 9.653625e-01 -1.393414e-01 2.205884e-01
    outer loop
      vertex   1.064035e+00 9.912520e+00 1.201173e+01
      vertex   1.138398e+00 1.006534e+01 1.178283e+01
      vertex   1.092966e+00 1.002734e+01 1.195766e+01
    endloop
  endfacet
  facet normal 9.691805e-01 -4.187812e-02 2.427660e-01
    outer loop
      vertex   1.092966e+00 1.002734e+01 1.195766e+01
      vertex   1.138398e+00 1.006534e+01 1.178283e+01
      vertex   1.157685e+00 1.018532e+01 1.172653e+01
    endloop
  endfacet
  facet normal 9.361941e-01 -7.406178e-02 3.435921e-01
    outer loop
      vertex   1.006174e+00 9.682874e+00 1.211989e+01
      vertex   1.099824e+00 9.825392e+00 1.189544e+01
      vertex   1.035105e+00 9.797697e+00 1.206581e+01
    endloop
  endfacet
  facet normal 9.337196e-01 1.769656e-02 3.575676e-01
    outer loop
      vertex   1.035105e+00 9.797697e+00 1.206581e+01
      vertex   1.099824e+00 9.825392e+00 1.189544e+01
      vertex   1.119111e+00 9.945368e+00 1.183914e+01
    endloop
  endfacet
  facet normal 8.608680e-01 9.609463e-02 4.996720e-01
    outer loop
      vertex   1.061250e+00 9.585440e+00 1.200804e+01
      vertex   9.483130e-01 9.453229e+00 1.222804e+01
      vertex   1.041963e+00 9.465465e+00 1.206434e+01
    endloop
  endfacet
  facet normal 8.673840e-01 1.570955e-02 4.973913e-01
    outer loop
      vertex   1.041963e+00 9.465465e+00 1.206434e+01
      vertex   9.483130e-01 9.453229e+00 1.222804e+01
      vertex   9.193824e-01 9.338406e+00 1.228212e+01
    endloop
  endfacet
  facet normal 8.340589e-01 1.187407e-01 5.387453e-01
    outer loop
      vertex   1.041963e+00 9.465465e+00 1.206434e+01
      vertex   9.193824e-01 9.338406e+00 1.228212e+01
      vertex   1.022676e+00 9.345489e+00 1.212065e+01
    endloop
  endfacet
  facet normal 8.407917e-01 4.233602e-02 5.397008e-01
    outer loop
      vertex   1.022676e+00 9.345489e+00 1.212065e+01
      vertex   9.193824e-01 9.338406e+00 1.228212e+01
      vertex   9.049172e-01 9.280995e+00 1.230916e+01
    endloop
  endfacet
  facet normal 8.134755e-01 6.712097e-02 5.777130e-01
    outer loop
      vertex   8.759866e-01 9.166172e+00 1.236324e+01
      vertex   1.003389e+00 9.225513e+00 1.217695e+01
      vertex   8.904519e-01 9.223583e+00 1.233620e+01
    endloop
  endfacet
  facet normal 8.069103e-01 1.396191e-01 5.739357e-01
    outer loop
      vertex   8.904519e-01 9.223583e+00 1.233620e+01
      vertex   1.003389e+00 9.225513e+00 1.217695e+01
      vertex   1.013033e+00 9.285501e+00 1.214880e+01
    endloop
  endfacet
  facet normal 9.529718e-01 -2.759025e-01 1.253892e-01
    outer loop
      vertex   1.047533e+00 9.989342e+00 1.213248e+01
      vertex   1.121896e+00 1.014217e+01 1.190358e+01
      vertex   1.086107e+00 1.009901e+01 1.208063e+01
    endloop
  endfacet
  facet normal 9.728318e-01 -1.722721e-01 1.546628e-01
    outer loop
      vertex   1.086107e+00 1.009901e+01 1.208063e+01
      vertex   1.121896e+00 1.014217e+01 1.190358e+01
      vertex   1.150827e+00 1.025699e+01 1.184950e+01
    endloop
  endfacet
  facet normal 9.426008e-01 -2.080468e-01 2.611901e-01
    outer loop
      vertex   9.703848e-01 9.770002e+00 1.223619e+01
      vertex   1.064035e+00 9.912520e+00 1.201173e+01
      vertex   1.008959e+00 9.879672e+00 1.218433e+01
    endloop
  endfacet
  facet normal 9.529494e-01 -1.064285e-01 2.838317e-01
    outer loop
      vertex   1.008959e+00 9.879672e+00 1.218433e+01
      vertex   1.064035e+00 9.912520e+00 1.201173e+01
      vertex   1.092966e+00 1.002734e+01 1.195766e+01
    endloop
  endfacet
  facet normal 9.124409e-01 -1.389496e-01 3.848955e-01
    outer loop
      vertex   8.932368e-01 9.550663e+00 1.233989e+01
      vertex   1.006174e+00 9.682874e+00 1.211989e+01
      vertex   9.318108e-01 9.660333e+00 1.228804e+01
    endloop
  endfacet
  facet normal 9.158271e-01 -4.269519e-02 3.992967e-01
    outer loop
      vertex   9.318108e-01 9.660333e+00 1.228804e+01
      vertex   1.006174e+00 9.682874e+00 1.211989e+01
      vertex   1.035105e+00 9.797697e+00 1.206581e+01
    endloop
  endfacet
  facet normal 8.407917e-01 4.233602e-02 5.397008e-01
    outer loop
      vertex   9.483130e-01 9.453229e+00 1.222804e+01
      vertex   8.160887e-01 9.331323e+00 1.244360e+01
      vertex   9.193824e-01 9.338406e+00 1.228212e+01
    endloop
  endfacet
  facet normal 8.424767e-01 -4.239536e-02 5.370621e-01
    outer loop
      vertex   9.193824e-01 9.338406e+00 1.228212e+01
      vertex   8.160887e-01 9.331323e+00 1.244360e+01
      vertex   7.968017e-01 9.276488e+00 1.246952e+01
    endloop
  endfacet
  facet normal 8.271894e-01 5.496031e-02 5.592290e-01
    outer loop
      vertex   9.193824e-01 9.338406e+00 1.228212e+01
      vertex   7.968017e-01 9.276488e+00 1.246952e+01
      vertex   9.049172e-01 9.280995e+00 1.230916e+01
    endloop
  endfacet
  facet normal 8.292016e-01 -2.770228e-02 5.582627e-01
    outer loop
      vertex   9.049172e-01 9.280995e+00 1.230916e+01
      vertex   7.968017e-01 9.276488e+00 1.246952e+01
      vertex   7.775146e-01 9.221653e+00 1.249545e+01
    endloop
  endfacet
  facet normal 7.997111e-01 7.881949e-02 5.951888e-01
    outer loop
      vertex   7.582276e-01 9.166818e+00 1.252138e+01
      vertex   8.759866e-01 9.166172e+00 1.236324e+01
      vertex   8.904519e-01 9.223583e+00 1.233620e+01
    endloop
  endfacet
  facet normal 7.608422e-01 3.866812e-02 6.477839e-01
    outer loop
      vertex   6.617925e-01 8.892644e+00 1.265101e+01
      vertex   8.325908e-01 8.993938e+00 1.244435e+01
      vertex   7.003666e-01 9.002314e+00 1.259916e+01
    endloop
  endfacet
  facet normal 8.804201e-01 -4.602924e-01 -1.139794e-01
    outer loop
      vertex   1.201829e+00 1.042802e+01 1.192507e+01
      vertex   1.194970e+00 1.036941e+01 1.210879e+01
      vertex   1.146753e+00 1.026489e+01 1.215842e+01
    endloop
  endfacet
  facet normal 8.983584e-01 -4.367457e-01 -4.696182e-02
    outer loop
      vertex   1.146753e+00 1.026489e+01 1.215842e+01
      vertex   1.194970e+00 1.036941e+01 1.210879e+01
      vertex   1.130251e+00 1.021143e+01 1.233991e+01
    endloop
  endfacet
  facet normal 8.445547e-01 -5.295800e-01 -7.919802e-02
    outer loop
      vertex   1.146753e+00 1.026489e+01 1.215842e+01
      vertex   1.130251e+00 1.021143e+01 1.233991e+01
      vertex   1.072390e+00 1.011207e+01 1.238732e+01
    endloop
  endfacet
  facet normal 8.618305e-01 -5.070784e-01 -1.094502e-02
    outer loop
      vertex   1.072390e+00 1.011207e+01 1.238732e+01
      vertex   1.130251e+00 1.021143e+01 1.233991e+01
      vertex   1.046244e+00 1.006376e+01 1.256659e+01
    endloop
  endfacet
  facet normal 8.021064e-01 -5.955942e-01 -4.350685e-02
    outer loop
      vertex   1.072390e+00 1.011207e+01 1.238732e+01
      vertex   1.046244e+00 1.006376e+01 1.256659e+01
      vertex   9.787394e-01 9.969551e+00 1.261177e+01
    endloop
  endfacet
  facet normal 9.505058e-01 -2.424459e-01 1.943160e-01
    outer loop
      vertex   1.047533e+00 9.989342e+00 1.213248e+01
      vertex   1.086107e+00 1.009901e+01 1.208063e+01
      vertex   1.002100e+00 9.951341e+00 1.230730e+01
    endloop
  endfacet
  facet normal 9.230518e-01 -3.478359e-01 1.642730e-01
    outer loop
      vertex   1.047533e+00 9.989342e+00 1.213248e+01
      vertex   1.002100e+00 9.951341e+00 1.230730e+01
      vertex   9.538827e-01 9.846824e+00 1.235693e+01
    endloop
  endfacet
  facet normal 9.203156e-01 -3.134561e-01 2.340181e-01
    outer loop
      vertex   9.538827e-01 9.846824e+00 1.235693e+01
      vertex   1.002100e+00 9.951341e+00 1.230730e+01
      vertex   8.988065e-01 9.813977e+00 1.252953e+01
    endloop
  endfacet
  facet normal 8.851871e-01 -4.187192e-01 2.027757e-01
    outer loop
      vertex   9.538827e-01 9.846824e+00 1.235693e+01
      vertex   8.988065e-01 9.813977e+00 1.252953e+01
      vertex   8.409454e-01 9.714613e+00 1.257693e+01
    endloop
  endfacet
  facet normal 8.822798e-01 -3.836236e-01 2.727915e-01
    outer loop
      vertex   8.409454e-01 9.714613e+00 1.257693e+01
      vertex   8.988065e-01 9.813977e+00 1.252953e+01
      vertex   7.762257e-01 9.686918e+00 1.274731e+01
    endloop
  endfacet
  facet normal 8.399314e-01 -4.867701e-01 2.399379e-01
    outer loop
      vertex   8.409454e-01 9.714613e+00 1.257693e+01
      vertex   7.762257e-01 9.686918e+00 1.274731e+01
      vertex   7.087211e-01 9.592707e+00 1.279249e+01
    endloop
  endfacet
  facet normal 9.296968e-01 -1.733452e-01 3.249851e-01
    outer loop
      vertex   9.703848e-01 9.770002e+00 1.223619e+01
      vertex   1.008959e+00 9.879672e+00 1.218433e+01
      vertex   9.056651e-01 9.742308e+00 1.240656e+01
    endloop
  endfacet
  facet normal 9.121693e-01 -2.777215e-01 3.013603e-01
    outer loop
      vertex   9.703848e-01 9.770002e+00 1.223619e+01
      vertex   9.056651e-01 9.742308e+00 1.240656e+01
      vertex   8.574476e-01 9.637791e+00 1.245619e+01
    endloop
  endfacet
  facet normal 8.990776e-01 -2.413402e-01 3.652594e-01
    outer loop
      vertex   8.574476e-01 9.637791e+00 1.245619e+01
      vertex   9.056651e-01 9.742308e+00 1.240656e+01
      vertex   7.830844e-01 9.615249e+00 1.262434e+01
    endloop
  endfacet
  facet normal 8.741230e-01 -3.467676e-01 3.400899e-01
    outer loop
      vertex   8.574476e-01 9.637791e+00 1.245619e+01
      vertex   7.830844e-01 9.615249e+00 1.262434e+01
      vertex   7.252233e-01 9.515885e+00 1.267174e+01
    endloop
  endfacet
  facet normal 8.611879e-01 -3.089171e-01 4.036405e-01
    outer loop
      vertex   7.252233e-01 9.515885e+00 1.267174e+01
      vertex   7.830844e-01 9.615249e+00 1.262434e+01
      vertex   6.412166e-01 9.498496e+00 1.283767e+01
    endloop
  endfacet
  facet normal 8.290450e-01 -4.135272e-01 3.764036e-01
    outer loop
      vertex   7.252233e-01 9.515885e+00 1.267174e+01
      vertex   6.412166e-01 9.498496e+00 1.283767e+01
      vertex   5.737120e-01 9.404285e+00 1.288284e+01
    endloop
  endfacet
  facet normal 8.916083e-01 -1.053926e-01 4.403714e-01
    outer loop
      vertex   8.932368e-01 9.550663e+00 1.233989e+01
      vertex   9.318108e-01 9.660333e+00 1.228804e+01
      vertex   8.092300e-01 9.533274e+00 1.250582e+01
    endloop
  endfacet
  facet normal 8.817122e-01 -2.049988e-01 4.249224e-01
    outer loop
      vertex   8.932368e-01 9.550663e+00 1.233989e+01
      vertex   8.092300e-01 9.533274e+00 1.250582e+01
      vertex   7.610125e-01 9.428757e+00 1.255544e+01
    endloop
  endfacet
  facet normal 8.608680e-01 -1.693084e-01 4.798343e-01
    outer loop
      vertex   7.610125e-01 9.428757e+00 1.255544e+01
      vertex   8.092300e-01 9.533274e+00 1.250582e+01
      vertex   6.673622e-01 9.416521e+00 1.271914e+01
    endloop
  endfacet
  facet normal 8.441449e-01 -2.708270e-01 4.626793e-01
    outer loop
      vertex   7.610125e-01 9.428757e+00 1.255544e+01
      vertex   6.673622e-01 9.416521e+00 1.271914e+01
      vertex   6.095012e-01 9.317157e+00 1.276655e+01
    endloop
  endfacet
  facet normal 8.237799e-01 -2.331804e-01 5.167336e-01
    outer loop
      vertex   6.095012e-01 9.317157e+00 1.276655e+01
      vertex   6.673622e-01 9.416521e+00 1.271914e+01
      vertex   5.062074e-01 9.310075e+00 1.292802e+01
    endloop
  endfacet
  facet normal 8.003211e-01 -3.349880e-01 4.972617e-01
    outer loop
      vertex   6.095012e-01 9.317157e+00 1.276655e+01
      vertex   5.062074e-01 9.310075e+00 1.292802e+01
      vertex   4.724551e-01 9.262969e+00 1.295061e+01
    endloop
  endfacet
  facet normal 8.292016e-01 -2.770228e-02 5.582627e-01
    outer loop
      vertex   7.968017e-01 9.276488e+00 1.246952e+01
      vertex   8.160887e-01 9.331323e+00 1.244360e+01
      vertex   6.886862e-01 9.271982e+00 1.262989e+01
    endloop
  endfacet
  facet normal 8.157020e-01 -1.347302e-02 5.783154e-01
    outer loop
      vertex   7.775146e-01 9.221653e+00 1.249545e+01
      vertex   7.968017e-01 9.276488e+00 1.246952e+01
      vertex   6.645774e-01 9.219723e+00 1.265470e+01
    endloop
  endfacet
  facet normal 8.248953e-01 -1.180565e-01 5.528204e-01
    outer loop
      vertex   6.645774e-01 9.219723e+00 1.265470e+01
      vertex   7.968017e-01 9.276488e+00 1.246952e+01
      vertex   6.886862e-01 9.271982e+00 1.262989e+01
    endloop
  endfacet
  facet normal 8.120460e-01 -1.017619e-01 5.746527e-01
    outer loop
      vertex   6.645774e-01 9.219723e+00 1.265470e+01
      vertex   6.886862e-01 9.271982e+00 1.262989e+01
      vertex   5.516401e-01 9.217794e+00 1.281395e+01
    endloop
  endfacet
  facet normal 7.989181e-01 -8.591477e-02 5.952719e-01
    outer loop
      vertex   5.227096e-01 9.168112e+00 1.283765e+01
      vertex   6.404686e-01 9.167465e+00 1.267952e+01
      vertex   6.645774e-01 9.219723e+00 1.265470e+01
    endloop
  endfacet
  facet normal 8.120460e-01 -1.017619e-01 5.746527e-01
    outer loop
      vertex   6.645774e-01 9.219723e+00 1.265470e+01
      vertex   6.404686e-01 9.167465e+00 1.267952e+01
      vertex   7.775146e-01 9.221653e+00 1.249545e+01
    endloop
  endfacet
  facet normal 8.009107e-01 -1.965471e-01 5.656071e-01
    outer loop
      vertex   5.227096e-01 9.168112e+00 1.283765e+01
      vertex   6.645774e-01 9.219723e+00 1.265470e+01
      vertex   5.516401e-01 9.217794e+00 1.281395e+01
    endloop
  endfacet
  facet normal 7.336672e-01 6.189083e-02 6.766845e-01
    outer loop
      vertex   6.617925e-01 8.892644e+00 1.265101e+01
      vertex   7.003666e-01 9.002314e+00 1.259916e+01
      vertex   5.199247e-01 8.906173e+00 1.280359e+01
    endloop
  endfacet
  facet normal 7.586287e-01 -4.123795e-02 6.502168e-01
    outer loop
      vertex   5.199247e-01 8.906173e+00 1.280359e+01
      vertex   7.003666e-01 9.002314e+00 1.259916e+01
      vertex   5.681423e-01 9.010690e+00 1.275396e+01
    endloop
  endfacet
  facet normal 7.316535e-01 -1.392252e-02 6.815345e-01
    outer loop
      vertex   5.199247e-01 8.906173e+00 1.280359e+01
      vertex   5.681423e-01 9.010690e+00 1.275396e+01
      vertex   3.780569e-01 8.919702e+00 1.295616e+01
    endloop
  endfacet
  facet normal 7.507007e-01 -1.279368e-01 6.481363e-01
    outer loop
      vertex   3.780569e-01 8.919702e+00 1.295616e+01
      vertex   5.681423e-01 9.010690e+00 1.275396e+01
      vertex   4.359180e-01 9.019066e+00 1.290876e+01
    endloop
  endfacet
  facet normal 7.246470e-01 -9.644887e-02 6.823374e-01
    outer loop
      vertex   3.780569e-01 8.919702e+00 1.295616e+01
      vertex   4.359180e-01 9.019066e+00 1.290876e+01
      vertex   2.361891e-01 8.933231e+00 1.310874e+01
    endloop
  endfacet
  facet normal 7.358146e-01 -2.201206e-01 6.404091e-01
    outer loop
      vertex   2.361891e-01 8.933231e+00 1.310874e+01
      vertex   4.359180e-01 9.019066e+00 1.290876e+01
      vertex   3.036937e-01 9.027442e+00 1.306356e+01
    endloop
  endfacet
  facet normal 8.445547e-01 -5.295800e-01 -7.919802e-02
    outer loop
      vertex   1.188112e+00 1.031080e+01 1.229251e+01
      vertex   1.113749e+00 1.015797e+01 1.252141e+01
      vertex   1.130251e+00 1.021143e+01 1.233991e+01
    endloop
  endfacet
  facet normal 7.823935e-01 -6.130917e-01 -1.094481e-01
    outer loop
      vertex   1.130251e+00 1.021143e+01 1.233991e+01
      vertex   1.113749e+00 1.015797e+01 1.252141e+01
      vertex   1.046244e+00 1.006376e+01 1.256659e+01
    endloop
  endfacet
  facet normal 7.887839e-01 -1.787524e-01 5.881050e-01
    outer loop
      vertex   5.227096e-01 9.168112e+00 1.283765e+01
      vertex   5.516401e-01 9.217794e+00 1.281395e+01
      vertex   4.049506e-01 9.168758e+00 1.299579e+01
    endloop
  endfacet
  facet normal 8.236634e-01 -5.484339e-01 -1.442180e-01
    outer loop
      vertex   1.194970e+00 1.036941e+01 1.210879e+01
      vertex   1.188112e+00 1.031080e+01 1.229251e+01
      vertex   1.130251e+00 1.021143e+01 1.233991e+01
    endloop
  endfacet
  facet normal 1.955950e-15 4.344292e-01 9.007060e-01
    outer loop
      vertex   -1.220415e+00 1.235253e+01 1.600780e+01
      vertex   1.717324e-02 1.092753e+01 1.669511e+01
      vertex   1.717324e-02 1.373664e+01 1.534022e+01
    endloop
  endfacet
  facet normal 6.344574e-16 4.344292e-01 9.007060e-01
    outer loop
      vertex   1.717324e-02 1.373664e+01 1.534022e+01
      vertex   1.717324e-02 1.092753e+01 1.669511e+01
      vertex   1.251543e+00 1.235245e+01 1.600784e+01
    endloop
  endfacet
  facet normal 7.869485e-01 -5.266535e-01 3.214781e-01
    outer loop
      vertex   1.717324e-02 8.857702e+00 1.330427e+01
      vertex   1.585017e-01 9.020849e+00 1.322558e+01
      vertex   1.717324e-02 1.092753e+01 1.669511e+01
    endloop
  endfacet
  facet normal 7.869485e-01 -5.266535e-01 3.214781e-01
    outer loop
      vertex   1.717324e-02 1.092753e+01 1.669511e+01
      vertex   1.585017e-01 9.020849e+00 1.322558e+01
      vertex   2.998301e-01 9.183995e+00 1.314689e+01
    endloop
  endfacet
  facet normal 7.869485e-01 -5.266535e-01 3.214781e-01
    outer loop
      vertex   1.717324e-02 1.092753e+01 1.669511e+01
      vertex   2.998301e-01 9.183995e+00 1.314689e+01
      vertex   5.824871e-01 9.510287e+00 1.298952e+01
    endloop
  endfacet
  facet normal 7.869485e-01 -5.266535e-01 3.214781e-01
    outer loop
      vertex   5.824871e-01 9.510287e+00 1.298952e+01
      vertex   7.497509e-01 9.703372e+00 1.289639e+01
      vertex   1.717324e-02 1.092753e+01 1.669511e+01
    endloop
  endfacet
  facet normal 7.869485e-01 -5.266535e-01 3.214781e-01
    outer loop
      vertex   1.717324e-02 1.092753e+01 1.669511e+01
      vertex   7.497509e-01 9.703372e+00 1.289639e+01
      vertex   1.251543e+00 1.235245e+01 1.600784e+01
    endloop
  endfacet
  facet normal 7.869485e-01 -5.266535e-01 3.214781e-01
    outer loop
      vertex   1.251543e+00 1.235245e+01 1.600784e+01
      vertex   7.497509e-01 9.703372e+00 1.289639e+01
      vertex   9.170148e-01 9.896458e+00 1.280326e+01
    endloop
  endfacet
  facet normal 7.869485e-01 -5.266535e-01 3.214781e-01
    outer loop
      vertex   1.251543e+00 1.235245e+01 1.600784e+01
      vertex   9.170148e-01 9.896458e+00 1.280326e+01
      vertex   1.084279e+00 1.008954e+01 1.271013e+01
    endloop
  endfacet
  facet normal 7.869485e-01 -5.266535e-01 3.214781e-01
    outer loop
      vertex   1.084279e+00 1.008954e+01 1.271013e+01
      vertex   1.251543e+00 1.028263e+01 1.261700e+01
      vertex   1.251543e+00 1.235245e+01 1.600784e+01
    endloop
  endfacet
  facet normal 7.781495e-01 5.360941e-01 -3.272408e-01
    outer loop
      vertex   1.251543e+00 1.028263e+01 1.261700e+01
      vertex   9.952192e-01 1.057006e+01 1.247836e+01
      vertex   1.251543e+00 1.235245e+01 1.600784e+01
    endloop
  endfacet
  facet normal 7.781495e-01 5.360941e-01 -3.272408e-01
    outer loop
      vertex   1.251543e+00 1.235245e+01 1.600784e+01
      vertex   9.952192e-01 1.057006e+01 1.247836e+01
      vertex   7.388958e-01 1.085749e+01 1.233973e+01
    endloop
  endfacet
  facet normal 7.781495e-01 5.360941e-01 -3.272408e-01
    outer loop
      vertex   1.251543e+00 1.235245e+01 1.600784e+01
      vertex   7.388958e-01 1.085749e+01 1.233973e+01
      vertex   4.825724e-01 1.114493e+01 1.220110e+01
    endloop
  endfacet
  facet normal 7.781495e-01 5.360941e-01 -3.272408e-01
    outer loop
      vertex   1.251543e+00 1.235245e+01 1.600784e+01
      vertex   4.825724e-01 1.114493e+01 1.220110e+01
      vertex   1.717324e-02 1.373664e+01 1.534022e+01
    endloop
  endfacet
  facet normal 7.781495e-01 5.360941e-01 -3.272408e-01
    outer loop
      vertex   1.717324e-02 1.373664e+01 1.534022e+01
      vertex   4.825724e-01 1.114493e+01 1.220110e+01
      vertex   2.262490e-01 1.143236e+01 1.206246e+01
    endloop
  endfacet
  facet normal 7.781495e-01 5.360941e-01 -3.272408e-01
    outer loop
      vertex   1.717324e-02 1.373664e+01 1.534022e+01
      vertex   2.262490e-01 1.143236e+01 1.206246e+01
      vertex   1.717324e-02 1.166681e+01 1.194938e+01
    endloop
  endfacet
  facet normal -7.773322e-01 5.369572e-01 -3.277676e-01
    outer loop
      vertex   1.717324e-02 1.166681e+01 1.194938e+01
      vertex   -1.553006e-01 1.147392e+01 1.204242e+01
      vertex   1.717324e-02 1.373664e+01 1.534022e+01
    endloop
  endfacet
  facet normal -7.773322e-01 5.369572e-01 -3.277676e-01
    outer loop
      vertex   1.717324e-02 1.373664e+01 1.534022e+01
      vertex   -1.553006e-01 1.147392e+01 1.204242e+01
      vertex   -3.277744e-01 1.128102e+01 1.213545e+01
    endloop
  endfacet
  facet normal -7.773322e-01 5.369572e-01 -3.277676e-01
    outer loop
      vertex   1.717324e-02 1.373664e+01 1.534022e+01
      vertex   -3.277744e-01 1.128102e+01 1.213545e+01
      vertex   -1.220415e+00 1.235253e+01 1.600780e+01
    endloop
  endfacet
  facet normal -7.773322e-01 5.369572e-01 -3.277676e-01
    outer loop
      vertex   -1.220415e+00 1.235253e+01 1.600780e+01
      vertex   -3.277744e-01 1.128102e+01 1.213545e+01
      vertex   -5.509345e-01 1.103144e+01 1.225583e+01
    endloop
  endfacet
  facet normal -7.773322e-01 5.369572e-01 -3.277676e-01
    outer loop
      vertex   -1.220415e+00 1.235253e+01 1.600780e+01
      vertex   -5.509345e-01 1.103144e+01 1.225583e+01
      vertex   -7.740946e-01 1.078186e+01 1.237621e+01
    endloop
  endfacet
  facet normal -7.773322e-01 5.369572e-01 -3.277676e-01
    outer loop
      vertex   -7.740946e-01 1.078186e+01 1.237621e+01
      vertex   -9.972547e-01 1.053228e+01 1.249659e+01
      vertex   -1.220415e+00 1.235253e+01 1.600780e+01
    endloop
  endfacet
  facet normal -7.773322e-01 5.369572e-01 -3.277676e-01
    outer loop
      vertex   -1.220415e+00 1.235253e+01 1.600780e+01
      vertex   -9.972547e-01 1.053228e+01 1.249659e+01
      vertex   -1.220415e+00 1.028270e+01 1.261696e+01
    endloop
  endfacet
  facet normal -7.861835e-01 -5.274853e-01 3.219858e-01
    outer loop
      vertex   -1.220415e+00 1.028270e+01 1.261696e+01
      vertex   -1.030797e+00 1.006437e+01 1.272227e+01
      vertex   -1.220415e+00 1.235253e+01 1.600780e+01
    endloop
  endfacet
  facet normal -7.861835e-01 -5.274853e-01 3.219858e-01
    outer loop
      vertex   -1.220415e+00 1.235253e+01 1.600780e+01
      vertex   -1.030797e+00 1.006437e+01 1.272227e+01
      vertex   -9.359885e-01 9.955206e+00 1.277492e+01
    endloop
  endfacet
  facet normal -7.861835e-01 -5.274853e-01 3.219858e-01
    outer loop
      vertex   -1.220415e+00 1.235253e+01 1.600780e+01
      vertex   -9.359885e-01 9.955206e+00 1.277492e+01
      vertex   -8.411796e-01 9.846040e+00 1.282758e+01
    endloop
  endfacet
  facet normal -7.861835e-01 -5.274853e-01 3.219858e-01
    outer loop
      vertex   -1.220415e+00 1.235253e+01 1.600780e+01
      vertex   -8.411796e-01 9.846040e+00 1.282758e+01
      vertex   1.717324e-02 1.092753e+01 1.669511e+01
    endloop
  endfacet
  facet normal -7.861835e-01 -5.274853e-01 3.219858e-01
    outer loop
      vertex   1.717324e-02 1.092753e+01 1.669511e+01
      vertex   -8.411796e-01 9.846040e+00 1.282758e+01
      vertex   -7.214002e-01 9.708122e+00 1.289410e+01
    endloop
  endfacet
  facet normal -7.861835e-01 -5.274853e-01 3.219858e-01
    outer loop
      vertex   1.717324e-02 1.092753e+01 1.669511e+01
      vertex   -7.214002e-01 9.708122e+00 1.289410e+01
      vertex   -6.016208e-01 9.570204e+00 1.296062e+01
    endloop
  endfacet
  facet normal -7.861835e-01 -5.274853e-01 3.219858e-01
    outer loop
      vertex   -6.016208e-01 9.570204e+00 1.296062e+01
      vertex   -5.080530e-01 9.462466e+00 1.301258e+01
      vertex   1.717324e-02 1.092753e+01 1.669511e+01
    endloop
  endfacet
  facet normal -7.861835e-01 -5.274853e-01 3.219858e-01
    outer loop
      vertex   1.717324e-02 1.092753e+01 1.669511e+01
      vertex   -5.080530e-01 9.462466e+00 1.301258e+01
      vertex   -4.144852e-01 9.354729e+00 1.306454e+01
    endloop
  endfacet
  facet normal -7.861835e-01 -5.274853e-01 3.219858e-01
    outer loop
      vertex   1.717324e-02 1.092753e+01 1.669511e+01
      vertex   -4.144852e-01 9.354729e+00 1.306454e+01
      vertex   -1.986560e-01 9.106216e+00 1.318441e+01
    endloop
  endfacet
  facet normal -7.861835e-01 -5.274853e-01 3.219858e-01
    outer loop
      vertex   -1.986560e-01 9.106216e+00 1.318441e+01
      vertex   1.717324e-02 8.857702e+00 1.330427e+01
      vertex   1.717324e-02 1.092753e+01 1.669511e+01
    endloop
  endfacet
  facet normal 9.997851e-01 -8.761649e-03 -1.878942e-02
    outer loop
      vertex   1.229264e+00 1.079275e+01 1.112943e+01
      vertex   1.229264e+00 1.053219e+01 1.125093e+01
      vertex   1.038490e+00 5.470991e+00 3.459933e+00
    endloop
  endfacet
  facet normal 9.997851e-01 -8.761649e-03 -1.878942e-02
    outer loop
      vertex   1.038490e+00 5.470991e+00 3.459933e+00
      vertex   1.229264e+00 1.053219e+01 1.125093e+01
      vertex   1.229264e+00 1.027163e+01 1.137244e+01
    endloop
  endfacet
  facet normal 9.997851e-01 -8.761649e-03 -1.878942e-02
    outer loop
      vertex   1.038490e+00 5.470991e+00 3.459933e+00
      vertex   1.229264e+00 1.027163e+01 1.137244e+01
      vertex   1.229264e+00 1.001106e+01 1.149394e+01
    endloop
  endfacet
  facet normal 9.997851e-01 -8.761649e-03 -1.878942e-02
    outer loop
      vertex   1.229264e+00 1.001106e+01 1.149394e+01
      vertex   1.229264e+00 9.750500e+00 1.161544e+01
      vertex   1.038490e+00 5.470991e+00 3.459933e+00
    endloop
  endfacet
  facet normal 9.997851e-01 -8.761649e-03 -1.878942e-02
    outer loop
      vertex   1.038490e+00 5.470991e+00 3.459933e+00
      vertex   1.229264e+00 9.750500e+00 1.161544e+01
      vertex   1.229264e+00 9.489936e+00 1.173694e+01
    endloop
  endfacet
  facet normal 9.997851e-01 -8.761649e-03 -1.878942e-02
    outer loop
      vertex   1.038490e+00 5.470991e+00 3.459933e+00
      vertex   1.229264e+00 9.489936e+00 1.173694e+01
      vertex   1.229264e+00 9.229373e+00 1.185845e+01
    endloop
  endfacet
  facet normal 9.997851e-01 -8.761649e-03 -1.878942e-02
    outer loop
      vertex   1.229264e+00 9.229373e+00 1.185845e+01
      vertex   1.229264e+00 8.968809e+00 1.197995e+01
      vertex   1.038490e+00 5.470991e+00 3.459933e+00
    endloop
  endfacet
  facet normal 9.997851e-01 -8.761649e-03 -1.878942e-02
    outer loop
      vertex   1.038490e+00 5.470991e+00 3.459933e+00
      vertex   1.229264e+00 8.968809e+00 1.197995e+01
      vertex   1.229264e+00 8.708246e+00 1.210145e+01
    endloop
  endfacet
  facet normal 9.997851e-01 -8.761649e-03 -1.878942e-02
    outer loop
      vertex   1.038490e+00 5.470991e+00 3.459933e+00
      vertex   1.229264e+00 8.708246e+00 1.210145e+01
      vertex   1.038490e+00 3.386483e+00 4.431955e+00
    endloop
  endfacet
  facet normal -5.194415e-10 8.215846e-01 -5.700866e-01
    outer loop
      vertex   7.983264e-02 1.079275e+01 1.112943e+01
      vertex   2.696615e-01 1.079275e+01 1.112943e+01
      vertex   1.038490e+00 5.470991e+00 3.459933e+00
    endloop
  endfacet
  facet normal 0.000000e+00 8.215846e-01 -5.700866e-01
    outer loop
      vertex   1.038490e+00 5.470991e+00 3.459933e+00
      vertex   2.696615e-01 1.079275e+01 1.112943e+01
      vertex   7.494626e-01 1.079275e+01 1.112943e+01
    endloop
  endfacet
  facet normal 0.000000e+00 8.215846e-01 -5.700866e-01
    outer loop
      vertex   1.038490e+00 5.470991e+00 3.459933e+00
      vertex   7.494626e-01 1.079275e+01 1.112943e+01
      vertex   1.229264e+00 1.079275e+01 1.112943e+01
    endloop
  endfacet
  facet normal 5.188915e-10 8.215846e-01 -5.700866e-01
    outer loop
      vertex   7.983264e-02 1.079275e+01 1.112943e+01
      vertex   1.038490e+00 5.470991e+00 3.459933e+00
      vertex   -1.101946e-01 1.079275e+01 1.112943e+01
    endloop
  endfacet
  facet normal -1.654694e-15 8.215846e-01 -5.700866e-01
    outer loop
      vertex   -1.101946e-01 1.079275e+01 1.112943e+01
      vertex   1.038490e+00 5.470991e+00 3.459933e+00
      vertex   -1.261510e+00 5.470991e+00 3.459933e+00
    endloop
  endfacet
  facet normal 0.000000e+00 8.215846e-01 -5.700866e-01
    outer loop
      vertex   -1.101946e-01 1.079275e+01 1.112943e+01
      vertex   -1.261510e+00 5.470991e+00 3.459933e+00
      vertex   -5.904655e-01 1.079275e+01 1.112943e+01
    endloop
  endfacet
  facet normal 0.000000e+00 8.215846e-01 -5.700866e-01
    outer loop
      vertex   -5.904655e-01 1.079275e+01 1.112943e+01
      vertex   -1.261510e+00 5.470991e+00 3.459933e+00
      vertex   -1.070736e+00 1.079275e+01 1.112943e+01
    endloop
  endfacet
  facet normal 1.000000e+00 0.000000e+00 9.463727e-14
    outer loop
      vertex   2.500000e+00 4.195950e+00 3.274438e+00
      vertex   2.500000e+00 3.666033e+00 3.274438e+00
      vertex   2.500000e+00 4.195950e+00 2.655023e+00
    endloop
  endfacet
  facet normal 1.000000e+00 -1.516393e-13 -3.509198e-14
    outer loop
      vertex   2.500000e+00 4.195950e+00 2.655023e+00
      vertex   2.500000e+00 3.666033e+00 3.274438e+00
      vertex   2.500000e+00 3.855889e+00 2.454036e+00
    endloop
  endfacet
  facet normal 1.000000e+00 0.000000e+00 0.000000e+00
    outer loop
      vertex   2.500000e+00 3.855889e+00 2.454036e+00
      vertex   2.500000e+00 3.666033e+00 3.274438e+00
      vertex   2.500000e+00 3.524974e+00 2.238320e+00
    endloop
  endfacet
  facet normal 1.000000e+00 -4.596977e-15 6.258422e-16
    outer loop
      vertex   2.500000e+00 3.524974e+00 2.238320e+00
      vertex   2.500000e+00 3.666033e+00 3.274438e+00
      vertex   2.500000e+00 3.203843e+00 2.008291e+00
    endloop
  endfacet
  facet normal 1.000000e+00 6.703126e-15 -3.499107e-15
    outer loop
      vertex   2.500000e+00 3.203843e+00 2.008291e+00
      vertex   2.500000e+00 3.666033e+00 3.274438e+00
      vertex   2.500000e+00 2.990722e+00 1.853851e+00
    endloop
  endfacet
  facet normal 1.000000e+00 3.111402e-16 -4.605178e-16
    outer loop
      vertex   2.500000e+00 2.990722e+00 1.853851e+00
      vertex   2.500000e+00 3.666033e+00 3.274438e+00
      vertex   2.500000e+00 2.772635e+00 1.706504e+00
    endloop
  endfacet
  facet normal 1.000000e+00 -2.828204e-15 1.328260e-15
    outer loop
      vertex   2.500000e+00 2.772635e+00 1.706504e+00
      vertex   2.500000e+00 3.666033e+00 3.274438e+00
      vertex   2.500000e+00 2.549819e+00 1.566412e+00
    endloop
  endfacet
  facet normal 1.000000e+00 -1.233526e-15 2.861199e-16
    outer loop
      vertex   2.500000e+00 2.549819e+00 1.566412e+00
      vertex   2.500000e+00 3.666033e+00 3.274438e+00
      vertex   2.500000e+00 2.125876e+00 1.290810e+00
    endloop
  endfacet
  facet normal 1.000000e+00 1.183217e-15 -1.590322e-15
    outer loop
      vertex   2.500000e+00 2.125876e+00 1.290810e+00
      vertex   2.500000e+00 3.666033e+00 3.274438e+00
      vertex   2.500000e+00 1.720191e+00 9.889759e-01
    endloop
  endfacet
  facet normal 1.000000e+00 1.772149e-15 -2.091739e-15
    outer loop
      vertex   2.500000e+00 1.720191e+00 9.889759e-01
      vertex   2.500000e+00 3.666033e+00 3.274438e+00
      vertex   2.500000e+00 1.334385e+00 6.621157e-01
    endloop
  endfacet
  facet normal 1.000000e+00 2.935649e-14 -2.671235e-14
    outer loop
      vertex   2.500000e+00 1.334385e+00 6.621157e-01
      vertex   2.500000e+00 3.666033e+00 3.274438e+00
      vertex   2.500000e+00 9.699987e-01 3.115351e-01
    endloop
  endfacet
  facet normal 3.947157e-16 7.396311e-01 -6.730125e-01
    outer loop
      vertex   5.513427e+00 3.666033e+00 3.274438e+00
      vertex   3.782046e+00 9.699987e-01 3.115351e-01
      vertex   2.500000e+00 3.666033e+00 3.274438e+00
    endloop
  endfacet
  facet normal 5.188185e-16 7.396311e-01 -6.730125e-01
    outer loop
      vertex   2.500000e+00 3.666033e+00 3.274438e+00
      vertex   3.782046e+00 9.699987e-01 3.115351e-01
      vertex   2.500000e+00 9.699987e-01 3.115351e-01
    endloop
  endfacet
  facet normal -2.888379e-16 5.867863e-01 -8.097418e-01
    outer loop
      vertex   2.500000e+00 3.203843e+00 2.008291e+00
      vertex   2.500000e+00 2.990722e+00 1.853851e+00
      vertex   -1.234941e+00 3.203843e+00 2.008291e+00
    endloop
  endfacet
  facet normal -3.637821e-04 5.825984e-01 -8.127601e-01
    outer loop
      vertex   -1.234941e+00 3.203843e+00 2.008291e+00
      vertex   2.500000e+00 2.990722e+00 1.853851e+00
      vertex   -2.500000e+00 2.906188e+00 1.795494e+00
    endloop
  endfacet
  facet normal -1.044257e-03 5.845086e-01 -8.113868e-01
    outer loop
      vertex   -1.234941e+00 3.203843e+00 2.008291e+00
      vertex   -2.500000e+00 2.906188e+00 1.795494e+00
      vertex   -2.500000e+00 3.249930e+00 2.043120e+00
    endloop
  endfacet
  facet normal 2.060640e-04 5.598321e-01 -8.286060e-01
    outer loop
      vertex   2.500000e+00 2.990722e+00 1.853851e+00
      vertex   2.500000e+00 2.772635e+00 1.706504e+00
      vertex   -2.500000e+00 2.906188e+00 1.795494e+00
    endloop
  endfacet
  facet normal -5.279910e-04 5.407366e-01 -8.411918e-01
    outer loop
      vertex   -2.500000e+00 2.906188e+00 1.795494e+00
      vertex   2.500000e+00 2.772635e+00 1.706504e+00
      vertex   -2.500000e+00 2.549819e+00 1.566412e+00
    endloop
  endfacet
  facet normal 9.455050e-17 5.322720e-01 -8.465734e-01
    outer loop
      vertex   -2.500000e+00 2.549819e+00 1.566412e+00
      vertex   2.500000e+00 2.772635e+00 1.706504e+00
      vertex   2.500000e+00 2.549819e+00 1.566412e+00
    endloop
  endfacet
  facet normal 1.151384e-03 6.228358e-01 -7.823517e-01
    outer loop
      vertex   -1.234941e+00 3.203843e+00 2.008291e+00
      vertex   -2.500000e+00 3.249930e+00 2.043120e+00
      vertex   -1.236964e+00 3.564587e+00 2.295479e+00
    endloop
  endfacet
  facet normal -4.051811e-04 6.266420e-01 -7.793071e-01
    outer loop
      vertex   -1.236964e+00 3.564587e+00 2.295479e+00
      vertex   -2.500000e+00 3.249930e+00 2.043120e+00
      vertex   -2.500000e+00 3.580082e+00 2.308595e+00
    endloop
  endfacet
  facet normal 4.429456e-04 6.668772e-01 -7.451675e-01
    outer loop
      vertex   -1.236964e+00 3.564587e+00 2.295479e+00
      vertex   -2.500000e+00 3.580082e+00 2.308595e+00
      vertex   -1.239900e+00 3.908223e+00 2.603010e+00
    endloop
  endfacet
  facet normal 3.768939e-04 6.670179e-01 -7.450416e-01
    outer loop
      vertex   -1.239900e+00 3.908223e+00 2.603010e+00
      vertex   -2.500000e+00 3.580082e+00 2.308595e+00
      vertex   -2.500000e+00 3.895717e+00 2.591175e+00
    endloop
  endfacet
  facet normal -3.466985e-04 7.055232e-01 -7.086868e-01
    outer loop
      vertex   -1.239900e+00 3.908223e+00 2.603010e+00
      vertex   -2.500000e+00 3.895717e+00 2.591175e+00
      vertex   -2.500000e+00 4.195950e+00 2.890069e+00
    endloop
  endfacet
  facet normal 1.102302e-03 7.086994e-01 -7.055097e-01
    outer loop
      vertex   -1.239900e+00 3.908223e+00 2.603010e+00
      vertex   -2.500000e+00 4.195950e+00 2.890069e+00
      vertex   -1.244056e+00 4.233394e+00 2.929644e+00
    endloop
  endfacet
  facet normal -1.660261e-04 7.290240e-01 -6.844881e-01
    outer loop
      vertex   -1.244056e+00 4.233394e+00 2.929644e+00
      vertex   -2.500000e+00 4.195950e+00 2.890069e+00
      vertex   -2.338883e+00 4.269703e+00 2.968581e+00
    endloop
  endfacet
  facet normal 4.771885e-04 7.380138e-01 -6.747854e-01
    outer loop
      vertex   -1.244056e+00 4.233394e+00 2.929644e+00
      vertex   -2.338883e+00 4.269703e+00 2.968581e+00
      vertex   -2.192674e+00 4.352410e+00 3.059141e+00
    endloop
  endfacet
  facet normal 2.996705e-03 7.471123e-01 -6.646911e-01
    outer loop
      vertex   -2.192674e+00 4.352410e+00 3.059141e+00
      vertex   -2.062541e+00 4.440691e+00 3.158955e+00
      vertex   -1.244056e+00 4.233394e+00 2.929644e+00
    endloop
  endfacet
  facet normal 3.598144e-03 7.481684e-01 -6.634992e-01
    outer loop
      vertex   -1.244056e+00 4.233394e+00 2.929644e+00
      vertex   -2.062541e+00 4.440691e+00 3.158955e+00
      vertex   -1.250000e+00 4.539197e+00 3.274438e+00
    endloop
  endfacet
  facet normal -1.040908e-10 7.608144e-01 -6.489695e-01
    outer loop
      vertex   -1.250000e+00 4.539197e+00 3.274438e+00
      vertex   -2.062541e+00 4.440691e+00 3.158955e+00
      vertex   -1.939475e+00 4.539197e+00 3.274438e+00
    endloop
  endfacet
  facet normal 3.867960e-11 7.692057e-01 -6.390012e-01
    outer loop
      vertex   -1.250000e+00 4.539197e+00 3.274438e+00
      vertex   -1.939475e+00 4.539197e+00 3.274438e+00
      vertex   -1.899009e+00 4.575272e+00 3.317864e+00
    endloop
  endfacet
  facet normal 4.420157e-04 7.724428e-01 -6.350842e-01
    outer loop
      vertex   -1.899009e+00 4.575272e+00 3.317864e+00
      vertex   -1.803731e+00 4.601413e+00 3.349725e+00
      vertex   -1.250000e+00 4.539197e+00 3.274438e+00
    endloop
  endfacet
  facet normal 1.237554e-03 7.752989e-01 -6.315933e-01
    outer loop
      vertex   -1.250000e+00 4.539197e+00 3.274438e+00
      vertex   -1.803731e+00 4.601413e+00 3.349725e+00
      vertex   -1.712687e+00 4.633019e+00 3.388701e+00
    endloop
  endfacet
  facet normal 2.825361e-03 7.784253e-01 -6.277309e-01
    outer loop
      vertex   -1.250000e+00 4.539197e+00 3.274438e+00
      vertex   -1.712687e+00 4.633019e+00 3.388701e+00
      vertex   -1.254957e+00 4.720335e+00 3.499038e+00
    endloop
  endfacet
  facet normal 5.875279e-04 7.829775e-01 -6.220497e-01
    outer loop
      vertex   -1.254957e+00 4.720335e+00 3.499038e+00
      vertex   -1.712687e+00 4.633019e+00 3.388701e+00
      vertex   -1.544063e+00 4.709136e+00 3.484669e+00
    endloop
  endfacet
  facet normal -5.480186e-04 7.940595e-01 -6.078398e-01
    outer loop
      vertex   -1.254957e+00 4.720335e+00 3.499038e+00
      vertex   -1.544063e+00 4.709136e+00 3.484669e+00
      vertex   -1.394050e+00 4.797230e+00 3.599617e+00
    endloop
  endfacet
  facet normal 9.355794e-03 8.005915e-01 -5.991374e-01
    outer loop
      vertex   -1.394050e+00 4.797230e+00 3.599617e+00
      vertex   -1.261510e+00 4.892887e+00 3.729507e+00
      vertex   -1.254957e+00 4.720335e+00 3.499038e+00
    endloop
  endfacet
  facet normal -6.290766e-01 7.751942e-01 -5.776326e-02
    outer loop
      vertex   -1.899009e+00 4.575272e+00 3.317864e+00
      vertex   -1.939475e+00 4.539197e+00 3.274438e+00
      vertex   -2.056556e+00 4.445097e+00 3.286669e+00
    endloop
  endfacet
  facet normal -6.263059e-01 7.795735e-01 2.456573e-03
    outer loop
      vertex   -2.056556e+00 4.445097e+00 3.286669e+00
      vertex   -1.939475e+00 4.539197e+00 3.274438e+00
      vertex   -2.062541e+00 4.440691e+00 3.158955e+00
    endloop
  endfacet
  facet normal -5.601727e-01 8.283726e-01 -2.326017e-03
    outer loop
      vertex   -2.056556e+00 4.445097e+00 3.286669e+00
      vertex   -2.062541e+00 4.440691e+00 3.158955e+00
      vertex   -2.192674e+00 4.352410e+00 3.059141e+00
    endloop
  endfacet
  facet normal -5.541589e-01 8.323766e-01 -7.554890e-03
    outer loop
      vertex   -2.056556e+00 4.445097e+00 3.286669e+00
      vertex   -2.192674e+00 4.352410e+00 3.059141e+00
      vertex   -2.228103e+00 4.330778e+00 3.274438e+00
    endloop
  endfacet
  facet normal -4.950843e-01 8.688254e-01 5.828619e-03
    outer loop
      vertex   -2.228103e+00 4.330778e+00 3.274438e+00
      vertex   -2.192674e+00 4.352410e+00 3.059141e+00
      vertex   -2.338883e+00 4.269703e+00 2.968581e+00
    endloop
  endfacet
  facet normal -4.890239e-01 8.722654e-01 2.946646e-03
    outer loop
      vertex   -2.228103e+00 4.330778e+00 3.274438e+00
      vertex   -2.338883e+00 4.269703e+00 2.968581e+00
      vertex   -2.316420e+00 4.281264e+00 3.274438e+00
    endloop
  endfacet
  facet normal -4.442546e-01 8.958998e-01 -1.234733e-03
    outer loop
      vertex   -2.316420e+00 4.281264e+00 3.274438e+00
      vertex   -2.338883e+00 4.269703e+00 2.968581e+00
      vertex   -2.407130e+00 4.236283e+00 3.274438e+00
    endloop
  endfacet
  facet normal -4.185668e-01 9.081672e-01 5.837444e-03
    outer loop
      vertex   -2.407130e+00 4.236283e+00 3.274438e+00
      vertex   -2.338883e+00 4.269703e+00 2.968581e+00
      vertex   -2.500000e+00 4.195950e+00 2.890069e+00
    endloop
  endfacet
  facet normal -3.983452e-01 9.172356e-01 0.000000e+00
    outer loop
      vertex   -2.407130e+00 4.236283e+00 3.274438e+00
      vertex   -2.500000e+00 4.195950e+00 2.890069e+00
      vertex   -2.500000e+00 4.195950e+00 3.274438e+00
    endloop
  endfacet
  facet normal 9.681903e-17 5.450427e-01 -8.384083e-01
    outer loop
      vertex   -2.500000e+00 2.549819e+00 1.566412e+00
      vertex   2.500000e+00 2.549819e+00 1.566412e+00
      vertex   -2.500000e+00 2.125876e+00 1.290810e+00
    endloop
  endfacet
  facet normal 2.345736e-16 5.450427e-01 -8.384083e-01
    outer loop
      vertex   -2.500000e+00 2.125876e+00 1.290810e+00
      vertex   2.500000e+00 2.549819e+00 1.566412e+00
      vertex   2.500000e+00 2.125876e+00 1.290810e+00
    endloop
  endfacet
  facet normal 2.311637e-16 5.969203e-01 -8.023005e-01
    outer loop
      vertex   -2.500000e+00 2.125876e+00 1.290810e+00
      vertex   2.500000e+00 2.125876e+00 1.290810e+00
      vertex   -2.500000e+00 1.720191e+00 9.889759e-01
    endloop
  endfacet
  facet normal 1.781465e-16 5.969203e-01 -8.023005e-01
    outer loop
      vertex   -2.500000e+00 1.720191e+00 9.889759e-01
      vertex   2.500000e+00 2.125876e+00 1.290810e+00
      vertex   2.500000e+00 1.720191e+00 9.889759e-01
    endloop
  endfacet
  facet normal 1.694173e-16 6.464133e-01 -7.629875e-01
    outer loop
      vertex   -2.500000e+00 1.720191e+00 9.889759e-01
      vertex   2.500000e+00 1.720191e+00 9.889759e-01
      vertex   -2.500000e+00 1.334385e+00 6.621157e-01
    endloop
  endfacet
  facet normal 1.915359e-16 6.464133e-01 -7.629875e-01
    outer loop
      vertex   -2.500000e+00 1.334385e+00 6.621157e-01
      vertex   2.500000e+00 1.720191e+00 9.889759e-01
      vertex   2.500000e+00 1.334385e+00 6.621157e-01
    endloop
  endfacet
  facet normal 1.772248e-16 6.933237e-01 -7.206263e-01
    outer loop
      vertex   -2.500000e+00 1.334385e+00 6.621157e-01
      vertex   2.500000e+00 1.334385e+00 6.621157e-01
      vertex   -2.500000e+00 9.699987e-01 3.115351e-01
    endloop
  endfacet
  facet normal 5.176024e-17 6.933237e-01 -7.206263e-01
    outer loop
      vertex   -2.500000e+00 9.699987e-01 3.115351e-01
      vertex   2.500000e+00 1.334385e+00 6.621157e-01
      vertex   2.500000e+00 9.699987e-01 3.115351e-01
    endloop
  endfacet
  facet normal 1.208292e-16 7.396311e-01 -6.730125e-01
    outer loop
      vertex   -5.513427e+00 3.666033e+00 3.274438e+00
      vertex   -2.500000e+00 3.666033e+00 3.274438e+00
      vertex   -3.782046e+00 9.699987e-01 3.115351e-01
    endloop
  endfacet
  facet normal -5.828135e-17 7.396311e-01 -6.730125e-01
    outer loop
      vertex   -3.782046e+00 9.699987e-01 3.115351e-01
      vertex   -2.500000e+00 3.666033e+00 3.274438e+00
      vertex   -2.500000e+00 9.699987e-01 3.115351e-01
    endloop
  endfacet
  facet normal -1.000000e+00 -0.000000e+00 -0.000000e+00
    outer loop
      vertex   -2.500000e+00 4.195950e+00 3.274438e+00
      vertex   -2.500000e+00 4.195950e+00 2.890069e+00
      vertex   -2.500000e+00 3.666033e+00 3.274438e+00
    endloop
  endfacet
  facet normal -1.000000e+00 -6.234518e-16 -8.595314e-16
    outer loop
      vertex   -2.500000e+00 3.666033e+00 3.274438e+00
      vertex   -2.500000e+00 4.195950e+00 2.890069e+00
      vertex   -2.500000e+00 3.895717e+00 2.591175e+00
    endloop
  endfacet
  facet normal -1.000000e+00 4.472780e-16 -4.995980e-16
    outer loop
      vertex   -2.500000e+00 3.666033e+00 3.274438e+00
      vertex   -2.500000e+00 3.895717e+00 2.591175e+00
      vertex   -2.500000e+00 3.580082e+00 2.308595e+00
    endloop
  endfacet
  facet normal -1.000000e+00 3.982167e-16 -4.952319e-16
    outer loop
      vertex   -2.500000e+00 3.580082e+00 2.308595e+00
      vertex   -2.500000e+00 3.249930e+00 2.043120e+00
      vertex   -2.500000e+00 3.666033e+00 3.274438e+00
    endloop
  endfacet
  facet normal -1.000000e+00 3.434154e-16 -4.767128e-16
    outer loop
      vertex   -2.500000e+00 3.666033e+00 3.274438e+00
      vertex   -2.500000e+00 3.249930e+00 2.043120e+00
      vertex   -2.500000e+00 2.906188e+00 1.795494e+00
    endloop
  endfacet
  facet normal -1.000000e+00 4.009538e-15 -2.360276e-15
    outer loop
      vertex   -2.500000e+00 3.666033e+00 3.274438e+00
      vertex   -2.500000e+00 2.906188e+00 1.795494e+00
      vertex   -2.500000e+00 2.549819e+00 1.566412e+00
    endloop
  endfacet
  facet normal -1.000000e+00 1.527401e-15 -7.381724e-16
    outer loop
      vertex   -2.500000e+00 2.549819e+00 1.566412e+00
      vertex   -2.500000e+00 2.125876e+00 1.290810e+00
      vertex   -2.500000e+00 3.666033e+00 3.274438e+00
    endloop
  endfacet
  facet normal -1.000000e+00 -7.888112e-16 1.060215e-15
    outer loop
      vertex   -2.500000e+00 3.666033e+00 3.274438e+00
      vertex   -2.500000e+00 2.125876e+00 1.290810e+00
      vertex   -2.500000e+00 1.720191e+00 9.889759e-01
    endloop
  endfacet
  facet normal -1.000000e+00 -1.181433e-15 1.394492e-15
    outer loop
      vertex   -2.500000e+00 3.666033e+00 3.274438e+00
      vertex   -2.500000e+00 1.720191e+00 9.889759e-01
      vertex   -2.500000e+00 1.334385e+00 6.621157e-01
    endloop
  endfacet
  facet normal -1.000000e+00 -1.957099e-14 1.780823e-14
    outer loop
      vertex   -2.500000e+00 1.334385e+00 6.621157e-01
      vertex   -2.500000e+00 9.699987e-01 3.115351e-01
      vertex   -2.500000e+00 3.666033e+00 3.274438e+00
    endloop
  endfacet
  facet normal 1.849121e-01 -9.827551e-01 0.000000e+00
    outer loop
      vertex   -3.083829e+00 0.000000e+00 -1.170689e+01
      vertex   -2.833172e+00 4.716286e-02 -1.217436e+01
      vertex   -3.083829e+00 0.000000e+00 -1.069773e+01
    endloop
  endfacet
  facet normal 1.716471e-01 -9.851557e-01 -2.328404e-03
    outer loop
      vertex   -3.083829e+00 0.000000e+00 -1.069773e+01
      vertex   -2.833172e+00 4.716286e-02 -1.217436e+01
      vertex   -2.534686e+00 9.795452e-02 -1.166048e+01
    endloop
  endfacet
  facet normal 1.578415e-01 -9.874467e-01 5.916963e-03
    outer loop
      vertex   -2.534686e+00 9.795452e-02 -1.166048e+01
      vertex   -2.833172e+00 4.716286e-02 -1.217436e+01
      vertex   -2.208188e+00 1.468894e-01 -1.220371e+01
    endloop
  endfacet
  facet normal 1.387506e-01 -9.903103e-01 -5.815176e-03
    outer loop
      vertex   -2.534686e+00 9.795452e-02 -1.166048e+01
      vertex   -2.208188e+00 1.468894e-01 -1.220371e+01
      vertex   -1.904531e+00 1.862445e-01 -1.166048e+01
    endloop
  endfacet
  facet normal 1.185896e-01 -9.929273e-01 5.644073e-03
    outer loop
      vertex   -1.904531e+00 1.862445e-01 -1.166048e+01
      vertex   -2.208188e+00 1.468894e-01 -1.220371e+01
      vertex   -1.579750e+00 2.218212e-01 -1.222576e+01
    endloop
  endfacet
  facet normal 9.926475e-02 -9.950453e-01 -5.592196e-03
    outer loop
      vertex   -1.904531e+00 1.862445e-01 -1.166048e+01
      vertex   -1.579750e+00 2.218212e-01 -1.222576e+01
      vertex   -1.271363e+00 2.494086e-01 -1.166048e+01
    endloop
  endfacet
  facet normal 7.915940e-02 -9.968470e-01 5.464035e-03
    outer loop
      vertex   -1.271363e+00 2.494086e-01 -1.166048e+01
      vertex   -1.579750e+00 2.218212e-01 -1.222576e+01
      vertex   -9.488397e-01 2.718409e-01 -1.224049e+01
    endloop
  endfacet
  facet normal 5.962176e-02 -9.982061e-01 -5.452783e-03
    outer loop
      vertex   -1.271363e+00 2.494086e-01 -1.166048e+01
      vertex   -9.488397e-01 2.718409e-01 -1.224049e+01
      vertex   -6.361846e-01 2.873472e-01 -1.166048e+01
    endloop
  endfacet
  facet normal 3.960967e-02 -9.992008e-01 5.361408e-03
    outer loop
      vertex   -6.361846e-01 2.873472e-01 -1.166048e+01
      vertex   -9.488397e-01 2.718409e-01 -1.224049e+01
      vertex   -3.164449e-01 2.968704e-01 -1.224785e+01
    endloop
  endfacet
  facet normal 1.988441e-02 -9.997878e-01 -5.385644e-03
    outer loop
      vertex   -6.361846e-01 2.873472e-01 -1.166048e+01
      vertex   -3.164449e-01 2.968704e-01 -1.224785e+01
      vertex   -2.902637e-15 3.000000e-01 -1.166048e+01
    endloop
  endfacet
  facet normal 0.000000e+00 -9.999858e-01 5.328048e-03
    outer loop
      vertex   -2.902637e-15 3.000000e-01 -1.166048e+01
      vertex   -3.164449e-01 2.968704e-01 -1.224785e+01
      vertex   3.164449e-01 2.968704e-01 -1.224785e+01
    endloop
  endfacet
  facet normal -1.988441e-02 -9.997878e-01 -5.385644e-03
    outer loop
      vertex   -2.902637e-15 3.000000e-01 -1.166048e+01
      vertex   3.164449e-01 2.968704e-01 -1.224785e+01
      vertex   6.361846e-01 2.873472e-01 -1.166048e+01
    endloop
  endfacet
  facet normal -3.960967e-02 -9.992008e-01 5.361408e-03
    outer loop
      vertex   6.361846e-01 2.873472e-01 -1.166048e+01
      vertex   3.164449e-01 2.968704e-01 -1.224785e+01
      vertex   9.488397e-01 2.718409e-01 -1.224049e+01
    endloop
  endfacet
  facet normal -5.962176e-02 -9.982061e-01 -5.452783e-03
    outer loop
      vertex   6.361846e-01 2.873472e-01 -1.166048e+01
      vertex   9.488397e-01 2.718409e-01 -1.224049e+01
      vertex   1.271363e+00 2.494086e-01 -1.166048e+01
    endloop
  endfacet
  facet normal -7.915940e-02 -9.968470e-01 5.464035e-03
    outer loop
      vertex   1.271363e+00 2.494086e-01 -1.166048e+01
      vertex   9.488397e-01 2.718409e-01 -1.224049e+01
      vertex   1.579750e+00 2.218212e-01 -1.222576e+01
    endloop
  endfacet
  facet normal -9.926475e-02 -9.950453e-01 -5.592196e-03
    outer loop
      vertex   1.271363e+00 2.494086e-01 -1.166048e+01
      vertex   1.579750e+00 2.218212e-01 -1.222576e+01
      vertex   1.904531e+00 1.862445e-01 -1.166048e+01
    endloop
  endfacet
  facet normal -1.185896e-01 -9.929273e-01 5.644073e-03
    outer loop
      vertex   1.904531e+00 1.862445e-01 -1.166048e+01
      vertex   1.579750e+00 2.218212e-01 -1.222576e+01
      vertex   2.208188e+00 1.468894e-01 -1.220371e+01
    endloop
  endfacet
  facet normal -1.387506e-01 -9.903103e-01 -5.815176e-03
    outer loop
      vertex   1.904531e+00 1.862445e-01 -1.166048e+01
      vertex   2.208188e+00 1.468894e-01 -1.220371e+01
      vertex   2.534686e+00 9.795452e-02 -1.166048e+01
    endloop
  endfacet
  facet normal -1.578415e-01 -9.874467e-01 5.916963e-03
    outer loop
      vertex   2.534686e+00 9.795452e-02 -1.166048e+01
      vertex   2.208188e+00 1.468894e-01 -1.220371e+01
      vertex   2.833172e+00 4.716286e-02 -1.217436e+01
    endloop
  endfacet
  facet normal -1.716471e-01 -9.851557e-01 -2.328404e-03
    outer loop
      vertex   2.534686e+00 9.795452e-02 -1.166048e+01
      vertex   2.833172e+00 4.716286e-02 -1.217436e+01
      vertex   3.083829e+00 0.000000e+00 -1.069773e+01
    endloop
  endfacet
  facet normal -1.849121e-01 -9.827551e-01 -0.000000e+00
    outer loop
      vertex   3.083829e+00 0.000000e+00 -1.069773e+01
      vertex   2.833172e+00 4.716286e-02 -1.217436e+01
      vertex   3.083829e+00 0.000000e+00 -1.170689e+01
    endloop
  endfacet
  facet normal 1.715499e-01 -9.851754e-01 0.000000e+00
    outer loop
      vertex   -3.083829e+00 0.000000e+00 0.000000e+00
      vertex   -2.404494e+00 1.182935e-01 0.000000e+00
      vertex   -3.083829e+00 0.000000e+00 5.000000e-01
    endloop
  endfacet
  facet normal 1.715499e-01 -9.851754e-01 -1.128930e-16
    outer loop
      vertex   -3.083829e+00 0.000000e+00 5.000000e-01
      vertex   -2.404494e+00 1.182935e-01 0.000000e+00
      vertex   -2.404494e+00 1.182935e-01 5.348157e-01
    endloop
  endfacet
  facet normal 1.289420e-01 -9.916521e-01 -1.070682e-16
    outer loop
      vertex   -2.404494e+00 1.182935e-01 5.348157e-01
      vertex   -2.404494e+00 1.182935e-01 0.000000e+00
      vertex   -1.720693e+00 2.072064e-01 0.000000e+00
    endloop
  endfacet
  facet normal 1.289420e-01 -9.916521e-01 6.098853e-16
    outer loop
      vertex   -2.404494e+00 1.182935e-01 5.348157e-01
      vertex   -1.720693e+00 2.072064e-01 0.000000e+00
      vertex   -1.720693e+00 2.072064e-01 5.609842e-01
    endloop
  endfacet
  facet normal 8.609463e-02 -9.962870e-01 4.089281e-16
    outer loop
      vertex   -1.720693e+00 2.072064e-01 5.609842e-01
      vertex   -1.720693e+00 2.072064e-01 0.000000e+00
      vertex   -1.033696e+00 2.665736e-01 0.000000e+00
    endloop
  endfacet
  facet normal 8.609463e-02 -9.962870e-01 4.870874e-16
    outer loop
      vertex   -1.720693e+00 2.072064e-01 5.609842e-01
      vertex   -1.033696e+00 2.665736e-01 0.000000e+00
      vertex   -1.033696e+00 2.665736e-01 5.784569e-01
    endloop
  endfacet
  facet normal 4.308733e-02 -9.990713e-01 2.480905e-16
    outer loop
      vertex   -1.033696e+00 2.665736e-01 5.784569e-01
      vertex   -1.033696e+00 2.665736e-01 0.000000e+00
      vertex   -3.447787e-01 2.962848e-01 0.000000e+00
    endloop
  endfacet
  facet normal 4.308733e-02 -9.990713e-01 2.056430e-16
    outer loop
      vertex   -1.033696e+00 2.665736e-01 5.784569e-01
      vertex   -3.447787e-01 2.962848e-01 0.000000e+00
      vertex   -3.447787e-01 2.962848e-01 5.872014e-01
    endloop
  endfacet
  facet normal 0.000000e+00 -1.000000e+00 0.000000e+00
    outer loop
      vertex   -3.447787e-01 2.962848e-01 5.872014e-01
      vertex   -3.447787e-01 2.962848e-01 0.000000e+00
      vertex   3.447787e-01 2.962848e-01 5.872014e-01
    endloop
  endfacet
  facet normal 0.000000e+00 -1.000000e+00 0.000000e+00
    outer loop
      vertex   3.447787e-01 2.962848e-01 5.872014e-01
      vertex   -3.447787e-01 2.962848e-01 0.000000e+00
      vertex   3.447787e-01 2.962848e-01 0.000000e+00
    endloop
  endfacet
  facet normal -4.308733e-02 -9.990713e-01 4.480592e-17
    outer loop
      vertex   3.447787e-01 2.962848e-01 5.872014e-01
      vertex   3.447787e-01 2.962848e-01 0.000000e+00
      vertex   1.033696e+00 2.665736e-01 5.784569e-01
    endloop
  endfacet
  facet normal -4.308733e-02 -9.990713e-01 4.961809e-17
    outer loop
      vertex   1.033696e+00 2.665736e-01 5.784569e-01
      vertex   3.447787e-01 2.962848e-01 0.000000e+00
      vertex   1.033696e+00 2.665736e-01 0.000000e+00
    endloop
  endfacet
  facet normal -8.609463e-02 -9.962870e-01 9.914403e-17
    outer loop
      vertex   1.033696e+00 2.665736e-01 5.784569e-01
      vertex   1.033696e+00 2.665736e-01 0.000000e+00
      vertex   1.720693e+00 2.072064e-01 5.609842e-01
    endloop
  endfacet
  facet normal -8.609463e-02 -9.962870e-01 1.022320e-16
    outer loop
      vertex   1.720693e+00 2.072064e-01 5.609842e-01
      vertex   1.033696e+00 2.665736e-01 0.000000e+00
      vertex   1.720693e+00 2.072064e-01 0.000000e+00
    endloop
  endfacet
  facet normal -1.289420e-01 -9.916521e-01 1.531106e-16
    outer loop
      vertex   1.720693e+00 2.072064e-01 5.609842e-01
      vertex   1.720693e+00 2.072064e-01 0.000000e+00
      vertex   2.404494e+00 1.182935e-01 5.348157e-01
    endloop
  endfacet
  facet normal -1.289420e-01 -9.916521e-01 -6.424093e-16
    outer loop
      vertex   2.404494e+00 1.182935e-01 5.348157e-01
      vertex   1.720693e+00 2.072064e-01 0.000000e+00
      vertex   2.404494e+00 1.182935e-01 0.000000e+00
    endloop
  endfacet
  facet normal -1.715499e-01 -9.851754e-01 -8.546885e-16
    outer loop
      vertex   2.404494e+00 1.182935e-01 5.348157e-01
      vertex   2.404494e+00 1.182935e-01 0.000000e+00
      vertex   3.083829e+00 0.000000e+00 5.000000e-01
    endloop
  endfacet
  facet normal -1.715499e-01 -9.851754e-01 -0.000000e+00
    outer loop
      vertex   3.083829e+00 0.000000e+00 5.000000e-01
      vertex   2.404494e+00 1.182935e-01 0.000000e+00
      vertex   3.083829e+00 0.000000e+00 0.000000e+00
    endloop
  endfacet
  facet normal -5.270270e-16 -2.823415e-01 9.593140e-01
    outer loop
      vertex   -3.083829e+00 0.000000e+00 5.000000e-01
      vertex   -2.404494e+00 1.182935e-01 5.348157e-01
      vertex   -3.892176e+00 0.000000e+00 5.000000e-01
    endloop
  endfacet
  facet normal -5.301504e-16 -2.823415e-01 9.593140e-01
    outer loop
      vertex   -3.892176e+00 0.000000e+00 5.000000e-01
      vertex   -2.404494e+00 1.182935e-01 5.348157e-01
      vertex   -3.968070e+00 4.412844e-01 6.298771e-01
    endloop
  endfacet
  facet normal 4.439153e-16 -2.823415e-01 9.593140e-01
    outer loop
      vertex   -3.968070e+00 4.412844e-01 6.298771e-01
      vertex   -2.404494e+00 1.182935e-01 5.348157e-01
      vertex   -1.720693e+00 2.072064e-01 5.609842e-01
    endloop
  endfacet
  facet normal -2.941070e-16 -2.823415e-01 9.593140e-01
    outer loop
      vertex   -3.968070e+00 4.412844e-01 6.298771e-01
      vertex   -1.720693e+00 2.072064e-01 5.609842e-01
      vertex   -1.033696e+00 2.665736e-01 5.784569e-01
    endloop
  endfacet
  facet normal 8.619602e-17 -2.823415e-01 9.593140e-01
    outer loop
      vertex   -1.033696e+00 2.665736e-01 5.784569e-01
      vertex   -3.447787e-01 2.962848e-01 5.872014e-01
      vertex   -3.968070e+00 4.412844e-01 6.298771e-01
    endloop
  endfacet
  facet normal 0.000000e+00 -2.823415e-01 9.593140e-01
    outer loop
      vertex   -3.968070e+00 4.412844e-01 6.298771e-01
      vertex   -3.447787e-01 2.962848e-01 5.872014e-01
      vertex   3.447787e-01 2.962848e-01 5.872014e-01
    endloop
  endfacet
  facet normal -1.610434e-16 -2.823415e-01 9.593140e-01
    outer loop
      vertex   -3.968070e+00 4.412844e-01 6.298771e-01
      vertex   3.447787e-01 2.962848e-01 5.872014e-01
      vertex   3.968070e+00 4.412844e-01 6.298771e-01
    endloop
  endfacet
  facet normal -2.686109e-16 -2.823415e-01 9.593140e-01
    outer loop
      vertex   3.968070e+00 4.412844e-01 6.298771e-01
      vertex   3.447787e-01 2.962848e-01 5.872014e-01
      vertex   1.033696e+00 2.665736e-01 5.784569e-01
    endloop
  endfacet
  facet normal 3.393542e-17 -2.823415e-01 9.593140e-01
    outer loop
      vertex   3.968070e+00 4.412844e-01 6.298771e-01
      vertex   1.033696e+00 2.665736e-01 5.784569e-01
      vertex   1.720693e+00 2.072064e-01 5.609842e-01
    endloop
  endfacet
  facet normal -7.652914e-16 -2.823415e-01 9.593140e-01
    outer loop
      vertex   1.720693e+00 2.072064e-01 5.609842e-01
      vertex   2.404494e+00 1.182935e-01 5.348157e-01
      vertex   3.968070e+00 4.412844e-01 6.298771e-01
    endloop
  endfacet
  facet normal -4.801362e-16 -2.823415e-01 9.593140e-01
    outer loop
      vertex   3.968070e+00 4.412844e-01 6.298771e-01
      vertex   2.404494e+00 1.182935e-01 5.348157e-01
      vertex   3.892176e+00 0.000000e+00 5.000000e-01
    endloop
  endfacet
  facet normal -1.449324e-15 -2.823415e-01 9.593140e-01
    outer loop
      vertex   3.892176e+00 0.000000e+00 5.000000e-01
      vertex   2.404494e+00 1.182935e-01 5.348157e-01
      vertex   3.083829e+00 0.000000e+00 5.000000e-01
    endloop
  endfacet
  facet normal 8.332904e-01 -2.823415e-01 -4.753004e-01
    outer loop
      vertex   5.003493e+00 0.000000e+00 -8.341365e+00
      vertex   3.083829e+00 0.000000e+00 -1.170689e+01
      vertex   5.129986e+00 4.412844e-01 -8.381734e+00
    endloop
  endfacet
  facet normal 8.332904e-01 -2.823415e-01 -4.753004e-01
    outer loop
      vertex   5.129986e+00 4.412844e-01 -8.381734e+00
      vertex   3.083829e+00 0.000000e+00 -1.170689e+01
      vertex   2.833172e+00 4.716286e-02 -1.217436e+01
    endloop
  endfacet
  facet normal 8.332904e-01 -2.823415e-01 -4.753004e-01
    outer loop
      vertex   5.129986e+00 4.412844e-01 -8.381734e+00
      vertex   2.833172e+00 4.716286e-02 -1.217436e+01
      vertex   2.900548e+00 4.412844e-01 -1.229036e+01
    endloop
  endfacet
  facet normal -3.222555e-16 -2.823415e-01 -9.593140e-01
    outer loop
      vertex   2.833172e+00 4.716286e-02 -1.217436e+01
      vertex   2.208188e+00 1.468894e-01 -1.220371e+01
      vertex   2.900548e+00 4.412844e-01 -1.229036e+01
    endloop
  endfacet
  facet normal 6.463001e-16 -2.823415e-01 -9.593140e-01
    outer loop
      vertex   2.900548e+00 4.412844e-01 -1.229036e+01
      vertex   2.208188e+00 1.468894e-01 -1.220371e+01
      vertex   1.579750e+00 2.218212e-01 -1.222576e+01
    endloop
  endfacet
  facet normal -1.505258e-15 -2.823415e-01 -9.593140e-01
    outer loop
      vertex   2.900548e+00 4.412844e-01 -1.229036e+01
      vertex   1.579750e+00 2.218212e-01 -1.222576e+01
      vertex   9.488397e-01 2.718409e-01 -1.224049e+01
    endloop
  endfacet
  facet normal 6.787023e-16 -2.823415e-01 -9.593140e-01
    outer loop
      vertex   9.488397e-01 2.718409e-01 -1.224049e+01
      vertex   3.164449e-01 2.968704e-01 -1.224785e+01
      vertex   2.900548e+00 4.412844e-01 -1.229036e+01
    endloop
  endfacet
  facet normal 0.000000e+00 -2.823415e-01 -9.593140e-01
    outer loop
      vertex   2.900548e+00 4.412844e-01 -1.229036e+01
      vertex   3.164449e-01 2.968704e-01 -1.224785e+01
      vertex   -3.164449e-01 2.968704e-01 -1.224785e+01
    endloop
  endfacet
  facet normal -0.000000e+00 -2.823415e-01 -9.593140e-01
    outer loop
      vertex   2.900548e+00 4.412844e-01 -1.229036e+01
      vertex   -3.164449e-01 2.968704e-01 -1.224785e+01
      vertex   -2.900548e+00 4.412844e-01 -1.229036e+01
    endloop
  endfacet
  facet normal -6.773689e-16 -2.823415e-01 -9.593140e-01
    outer loop
      vertex   -2.900548e+00 4.412844e-01 -1.229036e+01
      vertex   -3.164449e-01 2.968704e-01 -1.224785e+01
      vertex   -9.488397e-01 2.718409e-01 -1.224049e+01
    endloop
  endfacet
  facet normal 1.505258e-15 -2.823415e-01 -9.593140e-01
    outer loop
      vertex   -2.900548e+00 4.412844e-01 -1.229036e+01
      vertex   -9.488397e-01 2.718409e-01 -1.224049e+01
      vertex   -1.579750e+00 2.218212e-01 -1.222576e+01
    endloop
  endfacet
  facet normal -1.239913e-15 -2.823415e-01 -9.593140e-01
    outer loop
      vertex   -1.579750e+00 2.218212e-01 -1.222576e+01
      vertex   -2.208188e+00 1.468894e-01 -1.220371e+01
      vertex   -2.900548e+00 4.412844e-01 -1.229036e+01
    endloop
  endfacet
  facet normal 7.260613e-15 -2.823415e-01 -9.593140e-01
    outer loop
      vertex   -2.900548e+00 4.412844e-01 -1.229036e+01
      vertex   -2.208188e+00 1.468894e-01 -1.220371e+01
      vertex   -2.833172e+00 4.716286e-02 -1.217436e+01
    endloop
  endfacet
  facet normal -8.332904e-01 -2.823415e-01 -4.753004e-01
    outer loop
      vertex   -2.900548e+00 4.412844e-01 -1.229036e+01
      vertex   -2.833172e+00 4.716286e-02 -1.217436e+01
      vertex   -5.129986e+00 4.412844e-01 -8.381734e+00
    endloop
  endfacet
  facet normal -8.332904e-01 -2.823415e-01 -4.753004e-01
    outer loop
      vertex   -5.129986e+00 4.412844e-01 -8.381734e+00
      vertex   -2.833172e+00 4.716286e-02 -1.217436e+01
      vertex   -3.083829e+00 0.000000e+00 -1.170689e+01
    endloop
  endfacet
  facet normal -8.332904e-01 -2.823415e-01 -4.753004e-01
    outer loop
      vertex   -5.129986e+00 4.412844e-01 -8.381734e+00
      vertex   -3.083829e+00 0.000000e+00 -1.170689e+01
      vertex   -5.003493e+00 0.000000e+00 -8.341365e+00
    endloop
  endfacet
  facet normal 0.000000e+00 -1.000000e+00 0.000000e+00
    outer loop
      vertex   3.083829e+00 0.000000e+00 0.000000e+00
      vertex   3.600000e+00 0.000000e+00 0.000000e+00
      vertex   3.083829e+00 0.000000e+00 5.000000e-01
    endloop
  endfacet
  facet normal 0.000000e+00 -1.000000e+00 0.000000e+00
    outer loop
      vertex   3.083829e+00 0.000000e+00 5.000000e-01
      vertex   3.600000e+00 0.000000e+00 0.000000e+00
      vertex   3.892176e+00 0.000000e+00 5.000000e-01
    endloop
  endfacet
  facet normal 0.000000e+00 -1.000000e+00 -0.000000e+00
    outer loop
      vertex   3.892176e+00 0.000000e+00 5.000000e-01
      vertex   3.600000e+00 0.000000e+00 0.000000e+00
      vertex   5.072711e+00 0.000000e+00 -2.613641e+00
    endloop
  endfacet
  facet normal 0.000000e+00 -1.000000e+00 0.000000e+00
    outer loop
      vertex   3.892176e+00 0.000000e+00 5.000000e-01
      vertex   5.072711e+00 0.000000e+00 -2.613641e+00
      vertex   5.585944e+00 0.000000e+00 -2.505954e+00
    endloop
  endfacet
  facet normal 0.000000e+00 -1.000000e+00 0.000000e+00
    outer loop
      vertex   5.585944e+00 0.000000e+00 -2.505954e+00
      vertex   5.072711e+00 0.000000e+00 -2.613641e+00
      vertex   5.003493e+00 0.000000e+00 -8.341365e+00
    endloop
  endfacet
  facet normal 0.000000e+00 -1.000000e+00 0.000000e+00
    outer loop
      vertex   5.003493e+00 0.000000e+00 -8.341365e+00
      vertex   5.072711e+00 0.000000e+00 -2.613641e+00
      vertex   4.516521e+00 0.000000e+00 -8.185953e+00
    endloop
  endfacet
  facet normal -0.000000e+00 -1.000000e+00 0.000000e+00
    outer loop
      vertex   5.003493e+00 0.000000e+00 -8.341365e+00
      vertex   4.516521e+00 0.000000e+00 -8.185953e+00
      vertex   3.083829e+00 0.000000e+00 -1.170689e+01
    endloop
  endfacet
  facet normal 0.000000e+00 -1.000000e+00 0.000000e+00
    outer loop
      vertex   3.083829e+00 0.000000e+00 -1.170689e+01
      vertex   4.516521e+00 0.000000e+00 -8.185953e+00
      vertex   3.083829e+00 0.000000e+00 -1.069773e+01
    endloop
  endfacet
  facet normal 8.971253e-04 -1.935311e-01 9.810937e-01
    outer loop
      vertex   6.139424e+00 2.881598e+00 3.263485e+00
      vertex   4.121577e+00 2.846635e+00 3.258433e+00
      vertex   6.157836e+00 2.716033e+00 3.230809e+00
    endloop
  endfacet
  facet normal -1.781252e-03 -2.334450e-01 9.723684e-01
    outer loop
      vertex   6.157836e+00 2.716033e+00 3.230809e+00
      vertex   4.121577e+00 2.846635e+00 3.258433e+00
      vertex   4.121577e+00 2.648278e+00 3.210812e+00
    endloop
  endfacet
  facet normal 8.546887e-04 -3.066038e-01 9.518369e-01
    outer loop
      vertex   6.157836e+00 2.716033e+00 3.230809e+00
      vertex   4.121577e+00 2.648278e+00 3.210812e+00
      vertex   6.553676e+00 2.582036e+00 3.187290e+00
    endloop
  endfacet
  facet normal -1.487834e-03 -3.826830e-01 9.238785e-01
    outer loop
      vertex   6.553676e+00 2.582036e+00 3.187290e+00
      vertex   4.121577e+00 2.648278e+00 3.210812e+00
      vertex   4.121577e+00 2.459812e+00 3.132747e+00
    endloop
  endfacet
  facet normal 1.296399e-04 -4.096718e-01 9.122330e-01
    outer loop
      vertex   6.553676e+00 2.582036e+00 3.187290e+00
      vertex   4.121577e+00 2.459812e+00 3.132747e+00
      vertex   6.942311e+00 2.453535e+00 3.129527e+00
    endloop
  endfacet
  facet normal -1.432559e-04 -5.066223e-01 8.621681e-01
    outer loop
      vertex   6.942311e+00 2.453535e+00 3.129527e+00
      vertex   4.121577e+00 2.459812e+00 3.132747e+00
      vertex   7.319179e+00 2.332040e+00 3.058197e+00
    endloop
  endfacet
  facet normal -9.997896e-04 -5.224983e-01 8.526397e-01
    outer loop
      vertex   7.319179e+00 2.332040e+00 3.058197e+00
      vertex   4.121577e+00 2.459812e+00 3.132747e+00
      vertex   4.121577e+00 2.285879e+00 3.026160e+00
    endloop
  endfacet
  facet normal 5.481233e-04 -5.955126e-01 8.033458e-01
    outer loop
      vertex   7.319179e+00 2.332040e+00 3.058197e+00
      vertex   4.121577e+00 2.285879e+00 3.026160e+00
      vertex   7.679851e+00 2.218977e+00 2.974139e+00
    endloop
  endfacet
  facet normal -1.093742e-03 -6.494477e-01 7.604055e-01
    outer loop
      vertex   7.679851e+00 2.218977e+00 2.974139e+00
      vertex   4.121577e+00 2.285879e+00 3.026160e+00
      vertex   4.121577e+00 2.130761e+00 2.893677e+00
    endloop
  endfacet
  facet normal 2.945452e-04 -6.803480e-01 7.328891e-01
    outer loop
      vertex   7.679851e+00 2.218977e+00 2.974139e+00
      vertex   4.121577e+00 2.130761e+00 2.893677e+00
      vertex   7.734480e+00 2.114562e+00 2.877187e+00
    endloop
  endfacet
  facet normal -4.085358e-04 -7.566564e-01 6.538126e-01
    outer loop
      vertex   7.734480e+00 2.114562e+00 2.877187e+00
      vertex   4.121577e+00 2.130761e+00 2.893677e+00
      vertex   7.795221e+00 2.021384e+00 2.769390e+00
    endloop
  endfacet
  facet normal -6.678353e-04 -7.604058e-01 6.494479e-01
    outer loop
      vertex   7.795221e+00 2.021384e+00 2.769390e+00
      vertex   4.121577e+00 2.130761e+00 2.893677e+00
      vertex   4.121577e+00 1.998278e+00 2.738559e+00
    endloop
  endfacet
  facet normal 4.174796e-04 -8.234559e-01 5.673801e-01
    outer loop
      vertex   7.795221e+00 2.021384e+00 2.769390e+00
      vertex   4.121577e+00 1.998278e+00 2.738559e+00
      vertex   7.861342e+00 1.940563e+00 2.652044e+00
    endloop
  endfacet
  facet normal -1.071200e-03 -8.526397e-01 5.224983e-01
    outer loop
      vertex   7.861342e+00 1.940563e+00 2.652044e+00
      vertex   4.121577e+00 1.998278e+00 2.738559e+00
      vertex   4.121577e+00 1.891692e+00 2.564626e+00
    endloop
  endfacet
  facet normal 4.307855e-04 -8.805943e-01 4.738708e-01
    outer loop
      vertex   7.861342e+00 1.940563e+00 2.652044e+00
      vertex   4.121577e+00 1.891692e+00 2.564626e+00
      vertex   7.932050e+00 1.873070e+00 2.526557e+00
    endloop
  endfacet
  facet normal -6.917685e-04 -9.238793e-01 3.826833e-01
    outer loop
      vertex   7.932050e+00 1.873070e+00 2.526557e+00
      vertex   4.121577e+00 1.891692e+00 2.564626e+00
      vertex   4.121577e+00 1.813627e+00 2.376160e+00
    endloop
  endfacet
  facet normal -3.076398e-04 -9.273055e-01 3.743052e-01
    outer loop
      vertex   7.932050e+00 1.873070e+00 2.526557e+00
      vertex   4.121577e+00 1.813627e+00 2.376160e+00
      vertex   8.006496e+00 1.819715e+00 2.394438e+00
    endloop
  endfacet
  facet normal 2.344310e-04 -9.626216e-01 2.708499e-01
    outer loop
      vertex   8.006496e+00 1.819715e+00 2.394438e+00
      vertex   4.121577e+00 1.813627e+00 2.376160e+00
      vertex   8.083784e+00 1.781140e+00 2.257273e+00
    endloop
  endfacet
  facet normal -9.678338e-04 -9.723695e-01 2.334453e-01
    outer loop
      vertex   8.083784e+00 1.781140e+00 2.257273e+00
      vertex   4.121577e+00 1.813627e+00 2.376160e+00
      vertex   4.121577e+00 1.766005e+00 2.177803e+00
    endloop
  endfacet
  facet normal 4.786226e-04 -9.864584e-01 1.640109e-01
    outer loop
      vertex   8.083784e+00 1.781140e+00 2.257273e+00
      vertex   4.121577e+00 1.766005e+00 2.177803e+00
      vertex   8.162987e+00 1.757809e+00 2.116710e+00
    endloop
  endfacet
  facet normal -2.911185e-04 -9.934769e-01 1.140328e-01
    outer loop
      vertex   8.162987e+00 1.757809e+00 2.116710e+00
      vertex   4.121577e+00 1.766005e+00 2.177803e+00
      vertex   4.810885e+00 1.753680e+00 2.072181e+00
    endloop
  endfacet
  facet normal 4.981507e-04 -9.984817e-01 5.508210e-02
    outer loop
      vertex   8.162987e+00 1.757809e+00 2.116710e+00
      vertex   4.810885e+00 1.753680e+00 2.072181e+00
      vertex   8.243153e+00 1.750000e+00 1.974438e+00
    endloop
  endfacet
  facet normal -6.561154e-17 -9.992921e-01 3.761980e-02
    outer loop
      vertex   8.243153e+00 1.750000e+00 1.974438e+00
      vertex   4.810885e+00 1.753680e+00 2.072181e+00
      vertex   4.861318e+00 1.750000e+00 1.974438e+00
    endloop
  endfacet
  facet normal -2.021754e-11 -6.490699e-02 9.978913e-01
    outer loop
      vertex   6.133252e+00 3.050000e+00 3.274438e+00
      vertex   2.500000e+00 3.050000e+00 3.274438e+00
      vertex   6.139424e+00 2.881598e+00 3.263485e+00
    endloop
  endfacet
  facet normal -9.977102e-04 -8.636309e-02 9.962632e-01
    outer loop
      vertex   6.139424e+00 2.881598e+00 3.263485e+00
      vertex   2.500000e+00 3.050000e+00 3.274438e+00
      vertex   4.121577e+00 2.846635e+00 3.258433e+00
    endloop
  endfacet
  facet normal 0.000000e+00 -7.845909e-02 9.969173e-01
    outer loop
      vertex   4.121577e+00 2.846635e+00 3.258433e+00
      vertex   2.500000e+00 3.050000e+00 3.274438e+00
      vertex   3.420756e-16 2.846635e+00 3.258433e+00
    endloop
  endfacet
  facet normal 1.171860e-10 -7.845910e-02 9.969173e-01
    outer loop
      vertex   3.420756e-16 2.846635e+00 3.258433e+00
      vertex   2.500000e+00 3.050000e+00 3.274438e+00
      vertex   -2.259062e+00 3.050000e+00 3.274438e+00
    endloop
  endfacet
  facet normal 0.000000e+00 -7.845910e-02 9.969173e-01
    outer loop
      vertex   3.420756e-16 2.846635e+00 3.258433e+00
      vertex   -2.259062e+00 3.050000e+00 3.274438e+00
      vertex   -4.121577e+00 2.846635e+00 3.258433e+00
    endloop
  endfacet
  facet normal 9.799473e-04 -8.737551e-02 9.961750e-01
    outer loop
      vertex   -4.121577e+00 2.846635e+00 3.258433e+00
      vertex   -2.259062e+00 3.050000e+00 3.274438e+00
      vertex   -6.139424e+00 2.881598e+00 3.263485e+00
    endloop
  endfacet
  facet normal -8.971253e-04 -1.935311e-01 9.810937e-01
    outer loop
      vertex   -4.121577e+00 2.846635e+00 3.258433e+00
      vertex   -6.139424e+00 2.881598e+00 3.263485e+00
      vertex   -6.157836e+00 2.716033e+00 3.230809e+00
    endloop
  endfacet
  facet normal -1.001268e-10 -6.490699e-02 9.978913e-01
    outer loop
      vertex   -2.259062e+00 3.050000e+00 3.274438e+00
      vertex   -6.133252e+00 3.050000e+00 3.274438e+00
      vertex   -6.139424e+00 2.881598e+00 3.263485e+00
    endloop
  endfacet
  facet normal 1.781252e-03 -2.334450e-01 9.723684e-01
    outer loop
      vertex   -4.121577e+00 2.846635e+00 3.258433e+00
      vertex   -6.157836e+00 2.716033e+00 3.230809e+00
      vertex   -4.121577e+00 2.648278e+00 3.210812e+00
    endloop
  endfacet
  facet normal -8.546887e-04 -3.066038e-01 9.518369e-01
    outer loop
      vertex   -4.121577e+00 2.648278e+00 3.210812e+00
      vertex   -6.157836e+00 2.716033e+00 3.230809e+00
      vertex   -6.553676e+00 2.582036e+00 3.187290e+00
    endloop
  endfacet
  facet normal 1.487834e-03 -3.826830e-01 9.238785e-01
    outer loop
      vertex   -4.121577e+00 2.648278e+00 3.210812e+00
      vertex   -6.553676e+00 2.582036e+00 3.187290e+00
      vertex   -4.121577e+00 2.459812e+00 3.132747e+00
    endloop
  endfacet
  facet normal -1.296399e-04 -4.096718e-01 9.122330e-01
    outer loop
      vertex   -4.121577e+00 2.459812e+00 3.132747e+00
      vertex   -6.553676e+00 2.582036e+00 3.187290e+00
      vertex   -6.942311e+00 2.453535e+00 3.129527e+00
    endloop
  endfacet
  facet normal 1.432559e-04 -5.066223e-01 8.621681e-01
    outer loop
      vertex   -4.121577e+00 2.459812e+00 3.132747e+00
      vertex   -6.942311e+00 2.453535e+00 3.129527e+00
      vertex   -7.319179e+00 2.332040e+00 3.058197e+00
    endloop
  endfacet
  facet normal 9.997896e-04 -5.224983e-01 8.526397e-01
    outer loop
      vertex   -4.121577e+00 2.459812e+00 3.132747e+00
      vertex   -7.319179e+00 2.332040e+00 3.058197e+00
      vertex   -4.121577e+00 2.285879e+00 3.026160e+00
    endloop
  endfacet
  facet normal -5.481233e-04 -5.955126e-01 8.033458e-01
    outer loop
      vertex   -4.121577e+00 2.285879e+00 3.026160e+00
      vertex   -7.319179e+00 2.332040e+00 3.058197e+00
      vertex   -7.679851e+00 2.218977e+00 2.974139e+00
    endloop
  endfacet
  facet normal 1.093742e-03 -6.494477e-01 7.604055e-01
    outer loop
      vertex   -4.121577e+00 2.285879e+00 3.026160e+00
      vertex   -7.679851e+00 2.218977e+00 2.974139e+00
      vertex   -4.121577e+00 2.130761e+00 2.893677e+00
    endloop
  endfacet
  facet normal -2.945452e-04 -6.803480e-01 7.328891e-01
    outer loop
      vertex   -4.121577e+00 2.130761e+00 2.893677e+00
      vertex   -7.679851e+00 2.218977e+00 2.974139e+00
      vertex   -7.734480e+00 2.114562e+00 2.877187e+00
    endloop
  endfacet
  facet normal 4.085358e-04 -7.566564e-01 6.538126e-01
    outer loop
      vertex   -4.121577e+00 2.130761e+00 2.893677e+00
      vertex   -7.734480e+00 2.114562e+00 2.877187e+00
      vertex   -7.795221e+00 2.021384e+00 2.769390e+00
    endloop
  endfacet
  facet normal 6.678353e-04 -7.604058e-01 6.494479e-01
    outer loop
      vertex   -4.121577e+00 2.130761e+00 2.893677e+00
      vertex   -7.795221e+00 2.021384e+00 2.769390e+00
      vertex   -4.121577e+00 1.998278e+00 2.738559e+00
    endloop
  endfacet
  facet normal -4.174796e-04 -8.234559e-01 5.673801e-01
    outer loop
      vertex   -4.121577e+00 1.998278e+00 2.738559e+00
      vertex   -7.795221e+00 2.021384e+00 2.769390e+00
      vertex   -7.861342e+00 1.940563e+00 2.652044e+00
    endloop
  endfacet
  facet normal 1.071200e-03 -8.526397e-01 5.224983e-01
    outer loop
      vertex   -4.121577e+00 1.998278e+00 2.738559e+00
      vertex   -7.861342e+00 1.940563e+00 2.652044e+00
      vertex   -4.121577e+00 1.891692e+00 2.564626e+00
    endloop
  endfacet
  facet normal -4.307855e-04 -8.805943e-01 4.738708e-01
    outer loop
      vertex   -4.121577e+00 1.891692e+00 2.564626e+00
      vertex   -7.861342e+00 1.940563e+00 2.652044e+00
      vertex   -7.932050e+00 1.873070e+00 2.526557e+00
    endloop
  endfacet
  facet normal 6.917685e-04 -9.238793e-01 3.826833e-01
    outer loop
      vertex   -4.121577e+00 1.891692e+00 2.564626e+00
      vertex   -7.932050e+00 1.873070e+00 2.526557e+00
      vertex   -4.121577e+00 1.813627e+00 2.376160e+00
    endloop
  endfacet
  facet normal 3.076398e-04 -9.273055e-01 3.743052e-01
    outer loop
      vertex   -4.121577e+00 1.813627e+00 2.376160e+00
      vertex   -7.932050e+00 1.873070e+00 2.526557e+00
      vertex   -8.006496e+00 1.819715e+00 2.394438e+00
    endloop
  endfacet
  facet normal -2.344310e-04 -9.626216e-01 2.708499e-01
    outer loop
      vertex   -4.121577e+00 1.813627e+00 2.376160e+00
      vertex   -8.006496e+00 1.819715e+00 2.394438e+00
      vertex   -8.083784e+00 1.781140e+00 2.257273e+00
    endloop
  endfacet
  facet normal 9.678338e-04 -9.723695e-01 2.334453e-01
    outer loop
      vertex   -4.121577e+00 1.813627e+00 2.376160e+00
      vertex   -8.083784e+00 1.781140e+00 2.257273e+00
      vertex   -4.121577e+00 1.766005e+00 2.177803e+00
    endloop
  endfacet
  facet normal -4.786226e-04 -9.864584e-01 1.640109e-01
    outer loop
      vertex   -4.121577e+00 1.766005e+00 2.177803e+00
      vertex   -8.083784e+00 1.781140e+00 2.257273e+00
      vertex   -8.162987e+00 1.757809e+00 2.116710e+00
    endloop
  endfacet
  facet normal 1.150066e-04 -9.920939e-01 1.254974e-01
    outer loop
      vertex   -4.121577e+00 1.766005e+00 2.177803e+00
      vertex   -8.162987e+00 1.757809e+00 2.116710e+00
      vertex   4.810885e+00 1.753680e+00 2.072181e+00
    endloop
  endfacet
  facet normal 0.000000e+00 -9.957288e-01 9.232674e-02
    outer loop
      vertex   4.810885e+00 1.753680e+00 2.072181e+00
      vertex   -8.162987e+00 1.757809e+00 2.116710e+00
      vertex   -4.810885e+00 1.753680e+00 2.072181e+00
    endloop
  endfacet
  facet normal -4.981507e-04 -9.984817e-01 5.508210e-02
    outer loop
      vertex   -4.810885e+00 1.753680e+00 2.072181e+00
      vertex   -8.162987e+00 1.757809e+00 2.116710e+00
      vertex   -8.243153e+00 1.750000e+00 1.974438e+00
    endloop
  endfacet
  facet normal 6.571770e-17 -9.992921e-01 3.761980e-02
    outer loop
      vertex   -4.810885e+00 1.753680e+00 2.072181e+00
      vertex   -8.243153e+00 1.750000e+00 1.974438e+00
      vertex   -4.861318e+00 1.750000e+00 1.974438e+00
    endloop
  endfacet
  facet normal 0.000000e+00 -2.334454e-01 9.723699e-01
    outer loop
      vertex   3.420756e-16 2.846635e+00 3.258433e+00
      vertex   -4.121577e+00 2.846635e+00 3.258433e+00
      vertex   3.452152e-16 2.648278e+00 3.210812e+00
    endloop
  endfacet
  facet normal 0.000000e+00 -2.334454e-01 9.723699e-01
    outer loop
      vertex   3.452152e-16 2.648278e+00 3.210812e+00
      vertex   -4.121577e+00 2.846635e+00 3.258433e+00
      vertex   -4.121577e+00 2.648278e+00 3.210812e+00
    endloop
  endfacet
  facet normal 0.000000e+00 -3.826834e-01 9.238795e-01
    outer loop
      vertex   3.452152e-16 2.648278e+00 3.210812e+00
      vertex   -4.121577e+00 2.648278e+00 3.210812e+00
      vertex   3.503619e-16 2.459812e+00 3.132747e+00
    endloop
  endfacet
  facet normal 0.000000e+00 -3.826834e-01 9.238795e-01
    outer loop
      vertex   3.503619e-16 2.459812e+00 3.132747e+00
      vertex   -4.121577e+00 2.648278e+00 3.210812e+00
      vertex   -4.121577e+00 2.459812e+00 3.132747e+00
    endloop
  endfacet
  facet normal 0.000000e+00 -5.224986e-01 8.526402e-01
    outer loop
      vertex   3.503619e-16 2.459812e+00 3.132747e+00
      vertex   -4.121577e+00 2.459812e+00 3.132747e+00
      vertex   3.573889e-16 2.285879e+00 3.026160e+00
    endloop
  endfacet
  facet normal 0.000000e+00 -5.224986e-01 8.526402e-01
    outer loop
      vertex   3.573889e-16 2.285879e+00 3.026160e+00
      vertex   -4.121577e+00 2.459812e+00 3.132747e+00
      vertex   -4.121577e+00 2.285879e+00 3.026160e+00
    endloop
  endfacet
  facet normal 0.000000e+00 -6.494480e-01 7.604060e-01
    outer loop
      vertex   3.573889e-16 2.285879e+00 3.026160e+00
      vertex   -4.121577e+00 2.285879e+00 3.026160e+00
      vertex   3.661233e-16 2.130761e+00 2.893677e+00
    endloop
  endfacet
  facet normal 0.000000e+00 -6.494480e-01 7.604060e-01
    outer loop
      vertex   3.661233e-16 2.130761e+00 2.893677e+00
      vertex   -4.121577e+00 2.285879e+00 3.026160e+00
      vertex   -4.121577e+00 2.130761e+00 2.893677e+00
    endloop
  endfacet
  facet normal 0.000000e+00 -7.604060e-01 6.494480e-01
    outer loop
      vertex   3.661233e-16 2.130761e+00 2.893677e+00
      vertex   -4.121577e+00 2.130761e+00 2.893677e+00
      vertex   -2.009660e-16 1.998278e+00 2.738559e+00
    endloop
  endfacet
  facet normal 0.000000e+00 -7.604060e-01 6.494480e-01
    outer loop
      vertex   -2.009660e-16 1.998278e+00 2.738559e+00
      vertex   -4.121577e+00 2.130761e+00 2.893677e+00
      vertex   -4.121577e+00 1.998278e+00 2.738559e+00
    endloop
  endfacet
  facet normal 0.000000e+00 -8.526402e-01 5.224986e-01
    outer loop
      vertex   -2.009660e-16 1.998278e+00 2.738559e+00
      vertex   -4.121577e+00 1.998278e+00 2.738559e+00
      vertex   3.878171e-16 1.891692e+00 2.564626e+00
    endloop
  endfacet
  facet normal 0.000000e+00 -8.526402e-01 5.224986e-01
    outer loop
      vertex   3.878171e-16 1.891692e+00 2.564626e+00
      vertex   -4.121577e+00 1.998278e+00 2.738559e+00
      vertex   -4.121577e+00 1.891692e+00 2.564626e+00
    endloop
  endfacet
  facet normal 0.000000e+00 -9.238795e-01 3.826834e-01
    outer loop
      vertex   3.878171e-16 1.891692e+00 2.564626e+00
      vertex   -4.121577e+00 1.891692e+00 2.564626e+00
      vertex   4.002422e-16 1.813627e+00 2.376160e+00
    endloop
  endfacet
  facet normal 0.000000e+00 -9.238795e-01 3.826834e-01
    outer loop
      vertex   4.002422e-16 1.813627e+00 2.376160e+00
      vertex   -4.121577e+00 1.891692e+00 2.564626e+00
      vertex   -4.121577e+00 1.813627e+00 2.376160e+00
    endloop
  endfacet
  facet normal 0.000000e+00 -9.723699e-01 2.334454e-01
    outer loop
      vertex   4.002422e-16 1.813627e+00 2.376160e+00
      vertex   -4.121577e+00 1.813627e+00 2.376160e+00
      vertex   4.133196e-16 1.766005e+00 2.177803e+00
    endloop
  endfacet
  facet normal 0.000000e+00 -9.723699e-01 2.334454e-01
    outer loop
      vertex   4.133196e-16 1.766005e+00 2.177803e+00
      vertex   -4.121577e+00 1.813627e+00 2.376160e+00
      vertex   -4.121577e+00 1.766005e+00 2.177803e+00
    endloop
  endfacet
  facet normal 0.000000e+00 -9.932600e-01 1.159074e-01
    outer loop
      vertex   4.133196e-16 1.766005e+00 2.177803e+00
      vertex   -4.121577e+00 1.766005e+00 2.177803e+00
      vertex   4.810885e+00 1.753680e+00 2.072181e+00
    endloop
  endfacet
  facet normal 0.000000e+00 -2.334454e-01 9.723699e-01
    outer loop
      vertex   4.121577e+00 2.846635e+00 3.258433e+00
      vertex   3.420756e-16 2.846635e+00 3.258433e+00
      vertex   4.121577e+00 2.648278e+00 3.210812e+00
    endloop
  endfacet
  facet normal 0.000000e+00 -2.334454e-01 9.723699e-01
    outer loop
      vertex   4.121577e+00 2.648278e+00 3.210812e+00
      vertex   3.420756e-16 2.846635e+00 3.258433e+00
      vertex   3.452152e-16 2.648278e+00 3.210812e+00
    endloop
  endfacet
  facet normal 0.000000e+00 -3.826834e-01 9.238795e-01
    outer loop
      vertex   4.121577e+00 2.648278e+00 3.210812e+00
      vertex   3.452152e-16 2.648278e+00 3.210812e+00
      vertex   4.121577e+00 2.459812e+00 3.132747e+00
    endloop
  endfacet
  facet normal 0.000000e+00 -3.826834e-01 9.238795e-01
    outer loop
      vertex   4.121577e+00 2.459812e+00 3.132747e+00
      vertex   3.452152e-16 2.648278e+00 3.210812e+00
      vertex   3.503619e-16 2.459812e+00 3.132747e+00
    endloop
  endfacet
  facet normal 0.000000e+00 -5.224986e-01 8.526402e-01
    outer loop
      vertex   4.121577e+00 2.459812e+00 3.132747e+00
      vertex   3.503619e-16 2.459812e+00 3.132747e+00
      vertex   4.121577e+00 2.285879e+00 3.026160e+00
    endloop
  endfacet
  facet normal 0.000000e+00 -5.224986e-01 8.526402e-01
    outer loop
      vertex   4.121577e+00 2.285879e+00 3.026160e+00
      vertex   3.503619e-16 2.459812e+00 3.132747e+00
      vertex   3.573889e-16 2.285879e+00 3.026160e+00
    endloop
  endfacet
  facet normal 0.000000e+00 -6.494480e-01 7.604060e-01
    outer loop
      vertex   4.121577e+00 2.285879e+00 3.026160e+00
      vertex   3.573889e-16 2.285879e+00 3.026160e+00
      vertex   4.121577e+00 2.130761e+00 2.893677e+00
    endloop
  endfacet
  facet normal 0.000000e+00 -6.494480e-01 7.604060e-01
    outer loop
      vertex   4.121577e+00 2.130761e+00 2.893677e+00
      vertex   3.573889e-16 2.285879e+00 3.026160e+00
      vertex   3.661233e-16 2.130761e+00 2.893677e+00
    endloop
  endfacet
  facet normal 0.000000e+00 -7.604060e-01 6.494480e-01
    outer loop
      vertex   4.121577e+00 2.130761e+00 2.893677e+00
      vertex   3.661233e-16 2.130761e+00 2.893677e+00
      vertex   4.121577e+00 1.998278e+00 2.738559e+00
    endloop
  endfacet
  facet normal 0.000000e+00 -7.604060e-01 6.494480e-01
    outer loop
      vertex   4.121577e+00 1.998278e+00 2.738559e+00
      vertex   3.661233e-16 2.130761e+00 2.893677e+00
      vertex   -2.009660e-16 1.998278e+00 2.738559e+00
    endloop
  endfacet
  facet normal 0.000000e+00 -8.526402e-01 5.224986e-01
    outer loop
      vertex   4.121577e+00 1.998278e+00 2.738559e+00
      vertex   -2.009660e-16 1.998278e+00 2.738559e+00
      vertex   4.121577e+00 1.891692e+00 2.564626e+00
    endloop
  endfacet
  facet normal 0.000000e+00 -8.526402e-01 5.224986e-01
    outer loop
      vertex   4.121577e+00 1.891692e+00 2.564626e+00
      vertex   -2.009660e-16 1.998278e+00 2.738559e+00
      vertex   3.878171e-16 1.891692e+00 2.564626e+00
    endloop
  endfacet
  facet normal 0.000000e+00 -9.238795e-01 3.826834e-01
    outer loop
      vertex   4.121577e+00 1.891692e+00 2.564626e+00
      vertex   3.878171e-16 1.891692e+00 2.564626e+00
      vertex   4.121577e+00 1.813627e+00 2.376160e+00
    endloop
  endfacet
  facet normal -4.123315e-17 -9.238795e-01 3.826834e-01
    outer loop
      vertex   4.121577e+00 1.813627e+00 2.376160e+00
      vertex   3.878171e-16 1.891692e+00 2.564626e+00
      vertex   4.002422e-16 1.813627e+00 2.376160e+00
    endloop
  endfacet
  facet normal -2.515313e-17 -9.723699e-01 2.334454e-01
    outer loop
      vertex   4.121577e+00 1.813627e+00 2.376160e+00
      vertex   4.002422e-16 1.813627e+00 2.376160e+00
      vertex   4.121577e+00 1.766005e+00 2.177803e+00
    endloop
  endfacet
  facet normal -2.515313e-17 -9.723699e-01 2.334454e-01
    outer loop
      vertex   4.121577e+00 1.766005e+00 2.177803e+00
      vertex   4.002422e-16 1.813627e+00 2.376160e+00
      vertex   4.133196e-16 1.766005e+00 2.177803e+00
    endloop
  endfacet
  facet normal -1.248872e-17 -9.932600e-01 1.159074e-01
    outer loop
      vertex   4.121577e+00 1.766005e+00 2.177803e+00
      vertex   4.133196e-16 1.766005e+00 2.177803e+00
      vertex   4.810885e+00 1.753680e+00 2.072181e+00
    endloop
  endfacet
  facet normal 6.565802e-17 -1.000000e+00 -3.699639e-17
    outer loop
      vertex   -4.861318e+00 1.750000e+00 1.974438e+00
      vertex   -8.243153e+00 1.750000e+00 1.974438e+00
      vertex   -7.195584e+00 1.750000e+00 -2.168216e+00
    endloop
  endfacet
  facet normal 6.565802e-17 -1.000000e+00 -3.699639e-17
    outer loop
      vertex   -7.195584e+00 1.750000e+00 -2.168216e+00
      vertex   -8.243153e+00 1.750000e+00 1.974438e+00
      vertex   -1.021986e+01 1.750000e+00 -1.533657e+00
    endloop
  endfacet
  facet normal 7.499121e-17 -1.000000e+00 7.485118e-18
    outer loop
      vertex   -7.195584e+00 1.750000e+00 -2.168216e+00
      vertex   -1.021986e+01 1.750000e+00 -1.533657e+00
      vertex   -9.400305e+00 1.750000e+00 -9.744567e+00
    endloop
  endfacet
  facet normal 7.499121e-17 -1.000000e+00 7.485118e-18
    outer loop
      vertex   -7.195584e+00 1.750000e+00 -2.168216e+00
      vertex   -9.400305e+00 1.750000e+00 -9.744567e+00
      vertex   -6.530771e+00 1.750000e+00 -8.828782e+00
    endloop
  endfacet
  facet normal 6.546341e-17 -1.000000e+00 3.733967e-17
    outer loop
      vertex   -6.530771e+00 1.750000e+00 -8.828782e+00
      vertex   -9.400305e+00 1.750000e+00 -9.744567e+00
      vertex   -7.181289e+00 1.750000e+00 -1.363492e+01
    endloop
  endfacet
  facet normal 6.546341e-17 -1.000000e+00 3.733967e-17
    outer loop
      vertex   -6.530771e+00 1.750000e+00 -8.828782e+00
      vertex   -7.181289e+00 1.750000e+00 -1.363492e+01
      vertex   -3.789400e+00 1.750000e+00 -1.363492e+01
    endloop
  endfacet
  facet normal -8.712138e-01 7.754268e-14 4.909038e-01
    outer loop
      vertex   -8.162987e+00 1.757809e+00 2.116710e+00
      vertex   -8.083784e+00 1.781140e+00 2.257273e+00
      vertex   -8.243153e+00 1.750000e+00 1.974438e+00
    endloop
  endfacet
  facet normal -8.712138e-01 -6.009816e-14 4.909038e-01
    outer loop
      vertex   -8.243153e+00 1.750000e+00 1.974438e+00
      vertex   -8.083784e+00 1.781140e+00 2.257273e+00
      vertex   -8.006496e+00 1.819715e+00 2.394438e+00
    endloop
  endfacet
  facet normal -8.712138e-01 -1.305118e-14 4.909038e-01
    outer loop
      vertex   -8.243153e+00 1.750000e+00 1.974438e+00
      vertex   -8.006496e+00 1.819715e+00 2.394438e+00
      vertex   -1.021986e+01 1.750000e+00 -1.533657e+00
    endloop
  endfacet
  facet normal -8.712138e-01 1.544725e-14 4.909038e-01
    outer loop
      vertex   -1.021986e+01 1.750000e+00 -1.533657e+00
      vertex   -8.006496e+00 1.819715e+00 2.394438e+00
      vertex   -7.932050e+00 1.873070e+00 2.526557e+00
    endloop
  endfacet
  facet normal -8.712138e-01 0.000000e+00 4.909038e-01
    outer loop
      vertex   -1.021986e+01 1.750000e+00 -1.533657e+00
      vertex   -7.932050e+00 1.873070e+00 2.526557e+00
      vertex   -7.861342e+00 1.940563e+00 2.652044e+00
    endloop
  endfacet
  facet normal -8.712138e-01 2.324262e-16 4.909038e-01
    outer loop
      vertex   -1.021986e+01 1.750000e+00 -1.533657e+00
      vertex   -7.861342e+00 1.940563e+00 2.652044e+00
      vertex   -1.021986e+01 2.218977e+00 -1.533657e+00
    endloop
  endfacet
  facet normal -8.712138e-01 4.171807e-15 4.909038e-01
    outer loop
      vertex   -1.021986e+01 2.218977e+00 -1.533657e+00
      vertex   -7.861342e+00 1.940563e+00 2.652044e+00
      vertex   -7.795221e+00 2.021384e+00 2.769390e+00
    endloop
  endfacet
  facet normal -8.712138e-01 0.000000e+00 4.909038e-01
    outer loop
      vertex   -1.021986e+01 2.218977e+00 -1.533657e+00
      vertex   -7.795221e+00 2.021384e+00 2.769390e+00
      vertex   -7.734480e+00 2.114562e+00 2.877187e+00
    endloop
  endfacet
  facet normal -8.712138e-01 -8.887759e-15 4.909038e-01
    outer loop
      vertex   -7.734480e+00 2.114562e+00 2.877187e+00
      vertex   -7.679851e+00 2.218977e+00 2.974139e+00
      vertex   -1.021986e+01 2.218977e+00 -1.533657e+00
    endloop
  endfacet
  facet normal -3.333991e-01 9.238795e-01 1.878607e-01
    outer loop
      vertex   -7.679851e+00 2.218977e+00 2.974139e+00
      vertex   -7.319179e+00 2.332040e+00 3.058197e+00
      vertex   -1.021986e+01 2.218977e+00 -1.533657e+00
    endloop
  endfacet
  facet normal -3.333991e-01 9.238795e-01 1.878607e-01
    outer loop
      vertex   -1.021986e+01 2.218977e+00 -1.533657e+00
      vertex   -7.319179e+00 2.332040e+00 3.058197e+00
      vertex   -6.942311e+00 2.453535e+00 3.129527e+00
    endloop
  endfacet
  facet normal -3.333991e-01 9.238795e-01 1.878607e-01
    outer loop
      vertex   -1.021986e+01 2.218977e+00 -1.533657e+00
      vertex   -6.942311e+00 2.453535e+00 3.129527e+00
      vertex   -1.001259e+01 2.716033e+00 -3.610275e+00
    endloop
  endfacet
  facet normal -3.333991e-01 9.238795e-01 1.878607e-01
    outer loop
      vertex   -1.001259e+01 2.716033e+00 -3.610275e+00
      vertex   -6.942311e+00 2.453535e+00 3.129527e+00
      vertex   -6.553676e+00 2.582036e+00 3.187290e+00
    endloop
  endfacet
  facet normal -3.333991e-01 9.238795e-01 1.878607e-01
    outer loop
      vertex   -1.001259e+01 2.716033e+00 -3.610275e+00
      vertex   -6.553676e+00 2.582036e+00 3.187290e+00
      vertex   -6.157836e+00 2.716033e+00 3.230809e+00
    endloop
  endfacet
  facet normal -8.712138e-01 5.444063e-15 4.909038e-01
    outer loop
      vertex   -6.157836e+00 2.716033e+00 3.230809e+00
      vertex   -6.139424e+00 2.881598e+00 3.263485e+00
      vertex   -1.001259e+01 2.716033e+00 -3.610275e+00
    endloop
  endfacet
  facet normal -8.712138e-01 -2.678079e-15 4.909038e-01
    outer loop
      vertex   -1.001259e+01 2.716033e+00 -3.610275e+00
      vertex   -6.139424e+00 2.881598e+00 3.263485e+00
      vertex   -6.133252e+00 3.050000e+00 3.274438e+00
    endloop
  endfacet
  facet normal -8.712138e-01 0.000000e+00 4.909038e-01
    outer loop
      vertex   -1.001259e+01 2.716033e+00 -3.610275e+00
      vertex   -6.133252e+00 3.050000e+00 3.274438e+00
      vertex   -1.001259e+01 3.716033e+00 -3.610275e+00
    endloop
  endfacet
  facet normal -8.712138e-01 -1.349998e-15 4.909038e-01
    outer loop
      vertex   -1.001259e+01 3.716033e+00 -3.610275e+00
      vertex   -6.133252e+00 3.050000e+00 3.274438e+00
      vertex   -6.133252e+00 3.716033e+00 3.274438e+00
    endloop
  endfacet
  facet normal -1.129810e-16 -7.396311e-01 6.730125e-01
    outer loop
      vertex   -3.968070e+00 4.412844e-01 6.298771e-01
      vertex   3.968070e+00 4.412844e-01 6.298771e-01
      vertex   -4.810885e+00 1.753680e+00 2.072181e+00
    endloop
  endfacet
  facet normal 0.000000e+00 -7.396311e-01 6.730125e-01
    outer loop
      vertex   -4.810885e+00 1.753680e+00 2.072181e+00
      vertex   3.968070e+00 4.412844e-01 6.298771e-01
      vertex   4.810885e+00 1.753680e+00 2.072181e+00
    endloop
  endfacet
  facet normal 0.000000e+00 0.000000e+00 -1.000000e+00
    outer loop
      vertex   3.083829e+00 0.000000e+00 0.000000e+00
      vertex   2.404494e+00 1.182935e-01 0.000000e+00
      vertex   3.600000e+00 0.000000e+00 0.000000e+00
    endloop
  endfacet
  facet normal 0.000000e+00 0.000000e+00 -1.000000e+00
    outer loop
      vertex   3.600000e+00 0.000000e+00 0.000000e+00
      vertex   2.404494e+00 1.182935e-01 0.000000e+00
      vertex   3.600000e+00 5.000000e-01 0.000000e+00
    endloop
  endfacet
  facet normal 0.000000e+00 0.000000e+00 -1.000000e+00
    outer loop
      vertex   3.600000e+00 5.000000e-01 0.000000e+00
      vertex   2.404494e+00 1.182935e-01 0.000000e+00
      vertex   1.720693e+00 2.072064e-01 0.000000e+00
    endloop
  endfacet
  facet normal 0.000000e+00 0.000000e+00 -1.000000e+00
    outer loop
      vertex   3.600000e+00 5.000000e-01 0.000000e+00
      vertex   1.720693e+00 2.072064e-01 0.000000e+00
      vertex   1.033696e+00 2.665736e-01 0.000000e+00
    endloop
  endfacet
  facet normal 0.000000e+00 0.000000e+00 -1.000000e+00
    outer loop
      vertex   1.033696e+00 2.665736e-01 0.000000e+00
      vertex   3.447787e-01 2.962848e-01 0.000000e+00
      vertex   3.600000e+00 5.000000e-01 0.000000e+00
    endloop
  endfacet
  facet normal -0.000000e+00 0.000000e+00 -1.000000e+00
    outer loop
      vertex   3.600000e+00 5.000000e-01 0.000000e+00
      vertex   3.447787e-01 2.962848e-01 0.000000e+00
      vertex   -3.600000e+00 5.000000e-01 0.000000e+00
    endloop
  endfacet
  facet normal 0.000000e+00 0.000000e+00 -1.000000e+00
    outer loop
      vertex   -3.600000e+00 5.000000e-01 0.000000e+00
      vertex   3.447787e-01 2.962848e-01 0.000000e+00
      vertex   -3.447787e-01 2.962848e-01 0.000000e+00
    endloop
  endfacet
  facet normal 0.000000e+00 0.000000e+00 -1.000000e+00
    outer loop
      vertex   -3.600000e+00 5.000000e-01 0.000000e+00
      vertex   -3.447787e-01 2.962848e-01 0.000000e+00
      vertex   -1.033696e+00 2.665736e-01 0.000000e+00
    endloop
  endfacet
  facet normal -0.000000e+00 0.000000e+00 -1.000000e+00
    outer loop
      vertex   -1.033696e+00 2.665736e-01 0.000000e+00
      vertex   -1.720693e+00 2.072064e-01 0.000000e+00
      vertex   -3.600000e+00 5.000000e-01 0.000000e+00
    endloop
  endfacet
  facet normal 0.000000e+00 0.000000e+00 -1.000000e+00
    outer loop
      vertex   -3.600000e+00 5.000000e-01 0.000000e+00
      vertex   -1.720693e+00 2.072064e-01 0.000000e+00
      vertex   -2.404494e+00 1.182935e-01 0.000000e+00
    endloop
  endfacet
  facet normal 0.000000e+00 0.000000e+00 -1.000000e+00
    outer loop
      vertex   -3.600000e+00 5.000000e-01 0.000000e+00
      vertex   -2.404494e+00 1.182935e-01 0.000000e+00
      vertex   -3.600000e+00 0.000000e+00 0.000000e+00
    endloop
  endfacet
  facet normal 0.000000e+00 0.000000e+00 -1.000000e+00
    outer loop
      vertex   -3.600000e+00 0.000000e+00 0.000000e+00
      vertex   -2.404494e+00 1.182935e-01 0.000000e+00
      vertex   -3.083829e+00 0.000000e+00 0.000000e+00
    endloop
  endfacet
  facet normal -7.218081e-17 5.524915e-01 -8.335186e-01
    outer loop
      vertex   -3.782046e+00 9.699987e-01 3.115351e-01
      vertex   -2.500000e+00 9.699987e-01 3.115351e-01
      vertex   -3.600000e+00 5.000000e-01 0.000000e+00
    endloop
  endfacet
  facet normal 1.968923e-17 5.524915e-01 -8.335186e-01
    outer loop
      vertex   -3.600000e+00 5.000000e-01 0.000000e+00
      vertex   -2.500000e+00 9.699987e-01 3.115351e-01
      vertex   2.500000e+00 9.699987e-01 3.115351e-01
    endloop
  endfacet
  facet normal 0.000000e+00 5.524915e-01 -8.335186e-01
    outer loop
      vertex   -3.600000e+00 5.000000e-01 0.000000e+00
      vertex   2.500000e+00 9.699987e-01 3.115351e-01
      vertex   3.600000e+00 5.000000e-01 0.000000e+00
    endloop
  endfacet
  facet normal 8.446714e-16 5.524915e-01 -8.335186e-01
    outer loop
      vertex   3.600000e+00 5.000000e-01 0.000000e+00
      vertex   2.500000e+00 9.699987e-01 3.115351e-01
      vertex   3.782046e+00 9.699987e-01 3.115351e-01
    endloop
  endfacet
  facet normal -6.565802e-17 -1.000000e+00 -3.699639e-17
    outer loop
      vertex   4.861318e+00 1.750000e+00 1.974438e+00
      vertex   7.195584e+00 1.750000e+00 -2.168216e+00
      vertex   8.243153e+00 1.750000e+00 1.974438e+00
    endloop
  endfacet
  facet normal -6.565802e-17 -1.000000e+00 -3.699639e-17
    outer loop
      vertex   8.243153e+00 1.750000e+00 1.974438e+00
      vertex   7.195584e+00 1.750000e+00 -2.168216e+00
      vertex   1.021986e+01 1.750000e+00 -1.533657e+00
    endloop
  endfacet
  facet normal -7.499121e-17 -1.000000e+00 7.485118e-18
    outer loop
      vertex   1.021986e+01 1.750000e+00 -1.533657e+00
      vertex   7.195584e+00 1.750000e+00 -2.168216e+00
      vertex   9.400305e+00 1.750000e+00 -9.744567e+00
    endloop
  endfacet
  facet normal -7.499121e-17 -1.000000e+00 7.485118e-18
    outer loop
      vertex   9.400305e+00 1.750000e+00 -9.744567e+00
      vertex   7.195584e+00 1.750000e+00 -2.168216e+00
      vertex   6.530771e+00 1.750000e+00 -8.828782e+00
    endloop
  endfacet
  facet normal -6.546341e-17 -1.000000e+00 3.733967e-17
    outer loop
      vertex   9.400305e+00 1.750000e+00 -9.744567e+00
      vertex   6.530771e+00 1.750000e+00 -8.828782e+00
      vertex   7.181289e+00 1.750000e+00 -1.363492e+01
    endloop
  endfacet
  facet normal -6.546341e-17 -1.000000e+00 3.733967e-17
    outer loop
      vertex   7.181289e+00 1.750000e+00 -1.363492e+01
      vertex   6.530771e+00 1.750000e+00 -8.828782e+00
      vertex   3.789400e+00 1.750000e+00 -1.363492e+01
    endloop
  endfacet
  facet normal 0.000000e+00 -1.000000e+00 0.000000e+00
    outer loop
      vertex   -3.083829e+00 0.000000e+00 0.000000e+00
      vertex   -3.083829e+00 0.000000e+00 5.000000e-01
      vertex   -3.600000e+00 0.000000e+00 0.000000e+00
    endloop
  endfacet
  facet normal 0.000000e+00 -1.000000e+00 0.000000e+00
    outer loop
      vertex   -3.600000e+00 0.000000e+00 0.000000e+00
      vertex   -3.083829e+00 0.000000e+00 5.000000e-01
      vertex   -3.892176e+00 0.000000e+00 5.000000e-01
    endloop
  endfacet
  facet normal -0.000000e+00 -1.000000e+00 0.000000e+00
    outer loop
      vertex   -3.600000e+00 0.000000e+00 0.000000e+00
      vertex   -3.892176e+00 0.000000e+00 5.000000e-01
      vertex   -5.072711e+00 0.000000e+00 -2.613641e+00
    endloop
  endfacet
  facet normal 0.000000e+00 -1.000000e+00 0.000000e+00
    outer loop
      vertex   -5.072711e+00 0.000000e+00 -2.613641e+00
      vertex   -3.892176e+00 0.000000e+00 5.000000e-01
      vertex   -5.585944e+00 0.000000e+00 -2.505954e+00
    endloop
  endfacet
  facet normal -0.000000e+00 -1.000000e+00 -0.000000e+00
    outer loop
      vertex   -5.072711e+00 0.000000e+00 -2.613641e+00
      vertex   -5.585944e+00 0.000000e+00 -2.505954e+00
      vertex   -5.003493e+00 0.000000e+00 -8.341365e+00
    endloop
  endfacet
  facet normal 0.000000e+00 -1.000000e+00 0.000000e+00
    outer loop
      vertex   -5.072711e+00 0.000000e+00 -2.613641e+00
      vertex   -5.003493e+00 0.000000e+00 -8.341365e+00
      vertex   -4.516521e+00 0.000000e+00 -8.185953e+00
    endloop
  endfacet
  facet normal 0.000000e+00 -1.000000e+00 -0.000000e+00
    outer loop
      vertex   -4.516521e+00 0.000000e+00 -8.185953e+00
      vertex   -5.003493e+00 0.000000e+00 -8.341365e+00
      vertex   -3.083829e+00 0.000000e+00 -1.170689e+01
    endloop
  endfacet
  facet normal 0.000000e+00 -1.000000e+00 0.000000e+00
    outer loop
      vertex   -4.516521e+00 0.000000e+00 -8.185953e+00
      vertex   -3.083829e+00 0.000000e+00 -1.170689e+01
      vertex   -3.083829e+00 0.000000e+00 -1.069773e+01
    endloop
  endfacet
  facet normal 5.863378e-01 -7.396311e-01 3.303844e-01
    outer loop
      vertex   5.719259e+00 4.412844e-01 -2.477982e+00
      vertex   7.195584e+00 1.750000e+00 -2.168216e+00
      vertex   3.968070e+00 4.412844e-01 6.298771e-01
    endloop
  endfacet
  facet normal 5.863378e-01 -7.396311e-01 3.303844e-01
    outer loop
      vertex   3.968070e+00 4.412844e-01 6.298771e-01
      vertex   7.195584e+00 1.750000e+00 -2.168216e+00
      vertex   4.861318e+00 1.750000e+00 1.974438e+00
    endloop
  endfacet
  facet normal 5.863378e-01 -7.396311e-01 3.303844e-01
    outer loop
      vertex   3.968070e+00 4.412844e-01 6.298771e-01
      vertex   4.861318e+00 1.750000e+00 1.974438e+00
      vertex   4.810885e+00 1.753680e+00 2.072181e+00
    endloop
  endfacet
  facet normal 8.357676e-01 -2.823415e-01 4.709308e-01
    outer loop
      vertex   5.585944e+00 0.000000e+00 -2.505954e+00
      vertex   5.719259e+00 4.412844e-01 -2.477982e+00
      vertex   3.892176e+00 0.000000e+00 5.000000e-01
    endloop
  endfacet
  facet normal 8.357676e-01 -2.823415e-01 4.709308e-01
    outer loop
      vertex   3.892176e+00 0.000000e+00 5.000000e-01
      vertex   5.719259e+00 4.412844e-01 -2.477982e+00
      vertex   3.968070e+00 4.412844e-01 6.298771e-01
    endloop
  endfacet
  facet normal -8.712138e-01 0.000000e+00 -4.909038e-01
    outer loop
      vertex   3.600000e+00 0.000000e+00 0.000000e+00
      vertex   3.600000e+00 5.000000e-01 0.000000e+00
      vertex   5.072711e+00 0.000000e+00 -2.613641e+00
    endloop
  endfacet
  facet normal -8.712138e-01 0.000000e+00 -4.909038e-01
    outer loop
      vertex   5.072711e+00 0.000000e+00 -2.613641e+00
      vertex   3.600000e+00 5.000000e-01 0.000000e+00
      vertex   5.072711e+00 5.000000e-01 -2.613641e+00
    endloop
  endfacet
  facet normal -7.261729e-01 5.524915e-01 -4.091774e-01
    outer loop
      vertex   3.782046e+00 9.699987e-01 3.115351e-01
      vertex   5.392492e+00 9.699987e-01 -2.546545e+00
      vertex   3.600000e+00 5.000000e-01 0.000000e+00
    endloop
  endfacet
  facet normal -7.261729e-01 5.524915e-01 -4.091774e-01
    outer loop
      vertex   3.600000e+00 5.000000e-01 0.000000e+00
      vertex   5.392492e+00 9.699987e-01 -2.546545e+00
      vertex   5.072711e+00 5.000000e-01 -2.613641e+00
    endloop
  endfacet
  facet normal -5.863378e-01 7.396311e-01 -3.303844e-01
    outer loop
      vertex   5.513427e+00 3.666033e+00 3.274438e+00
      vertex   8.433812e+00 3.666033e+00 -1.908409e+00
      vertex   3.782046e+00 9.699987e-01 3.115351e-01
    endloop
  endfacet
  facet normal -5.863378e-01 7.396311e-01 -3.303844e-01
    outer loop
      vertex   3.782046e+00 9.699987e-01 3.115351e-01
      vertex   8.433812e+00 3.666033e+00 -1.908409e+00
      vertex   5.392492e+00 9.699987e-01 -2.546545e+00
    endloop
  endfacet
  facet normal 6.696849e-01 -7.396311e-01 -6.684343e-02
    outer loop
      vertex   5.129986e+00 4.412844e-01 -8.381734e+00
      vertex   6.530771e+00 1.750000e+00 -8.828782e+00
      vertex   5.719259e+00 4.412844e-01 -2.477982e+00
    endloop
  endfacet
  facet normal 6.696849e-01 -7.396311e-01 -6.684343e-02
    outer loop
      vertex   5.719259e+00 4.412844e-01 -2.477982e+00
      vertex   6.530771e+00 1.750000e+00 -8.828782e+00
      vertex   7.195584e+00 1.750000e+00 -2.168216e+00
    endloop
  endfacet
  facet normal 9.545707e-01 -2.823415e-01 -9.527882e-02
    outer loop
      vertex   5.003493e+00 0.000000e+00 -8.341365e+00
      vertex   5.129986e+00 4.412844e-01 -8.381734e+00
      vertex   5.585944e+00 0.000000e+00 -2.505954e+00
    endloop
  endfacet
  facet normal 9.545707e-01 -2.823415e-01 -9.527882e-02
    outer loop
      vertex   5.585944e+00 0.000000e+00 -2.505954e+00
      vertex   5.129986e+00 4.412844e-01 -8.381734e+00
      vertex   5.719259e+00 4.412844e-01 -2.477982e+00
    endloop
  endfacet
  facet normal -9.950556e-01 0.000000e+00 9.931975e-02
    outer loop
      vertex   5.072711e+00 0.000000e+00 -2.613641e+00
      vertex   5.072711e+00 5.000000e-01 -2.613641e+00
      vertex   4.516521e+00 0.000000e+00 -8.185953e+00
    endloop
  endfacet
  facet normal -9.950556e-01 0.000000e+00 9.931975e-02
    outer loop
      vertex   4.516521e+00 0.000000e+00 -8.185953e+00
      vertex   5.072711e+00 5.000000e-01 -2.613641e+00
      vertex   4.516521e+00 5.000000e-01 -8.185953e+00
    endloop
  endfacet
  facet normal -8.293973e-01 5.524915e-01 8.278485e-02
    outer loop
      vertex   5.392492e+00 9.699987e-01 -2.546545e+00
      vertex   4.819939e+00 9.699987e-01 -8.282786e+00
      vertex   5.072711e+00 5.000000e-01 -2.613641e+00
    endloop
  endfacet
  facet normal -8.293973e-01 5.524915e-01 8.278485e-02
    outer loop
      vertex   5.072711e+00 5.000000e-01 -2.613641e+00
      vertex   4.819939e+00 9.699987e-01 -8.282786e+00
      vertex   4.516521e+00 5.000000e-01 -8.185953e+00
    endloop
  endfacet
  facet normal -6.696849e-01 7.396311e-01 6.684343e-02
    outer loop
      vertex   8.433812e+00 3.666033e+00 -1.908409e+00
      vertex   7.705642e+00 3.666033e+00 -9.203731e+00
      vertex   5.392492e+00 9.699987e-01 -2.546545e+00
    endloop
  endfacet
  facet normal -6.696849e-01 7.396311e-01 6.684343e-02
    outer loop
      vertex   5.392492e+00 9.699987e-01 -2.546545e+00
      vertex   7.705642e+00 3.666033e+00 -9.203731e+00
      vertex   4.819939e+00 9.699987e-01 -8.282786e+00
    endloop
  endfacet
  facet normal 5.845999e-01 -7.396311e-01 -3.334499e-01
    outer loop
      vertex   5.129986e+00 4.412844e-01 -8.381734e+00
      vertex   2.900548e+00 4.412844e-01 -1.229036e+01
      vertex   6.530771e+00 1.750000e+00 -8.828782e+00
    endloop
  endfacet
  facet normal 5.845999e-01 -7.396311e-01 -3.334499e-01
    outer loop
      vertex   6.530771e+00 1.750000e+00 -8.828782e+00
      vertex   2.900548e+00 4.412844e-01 -1.229036e+01
      vertex   3.789400e+00 1.750000e+00 -1.363492e+01
    endloop
  endfacet
  facet normal 5.845999e-01 -7.396311e-01 -3.334499e-01
    outer loop
      vertex   3.789400e+00 1.750000e+00 -1.363492e+01
      vertex   2.900548e+00 4.412844e-01 -1.229036e+01
      vertex   3.738304e+00 1.753680e+00 -1.373266e+01
    endloop
  endfacet
  facet normal -8.686315e-01 0.000000e+00 4.954587e-01
    outer loop
      vertex   2.534686e+00 5.000000e-01 -1.166048e+01
      vertex   2.534686e+00 9.795452e-02 -1.166048e+01
      vertex   4.516521e+00 5.000000e-01 -8.185953e+00
    endloop
  endfacet
  facet normal -8.686315e-01 5.303025e-15 4.954587e-01
    outer loop
      vertex   4.516521e+00 5.000000e-01 -8.185953e+00
      vertex   2.534686e+00 9.795452e-02 -1.166048e+01
      vertex   3.083829e+00 0.000000e+00 -1.069773e+01
    endloop
  endfacet
  facet normal -8.686315e-01 0.000000e+00 4.954587e-01
    outer loop
      vertex   4.516521e+00 5.000000e-01 -8.185953e+00
      vertex   3.083829e+00 0.000000e+00 -1.069773e+01
      vertex   4.516521e+00 0.000000e+00 -8.185953e+00
    endloop
  endfacet
  facet normal -7.240205e-01 5.524915e-01 4.129740e-01
    outer loop
      vertex   2.715640e+00 9.699987e-01 -1.197201e+01
      vertex   2.534686e+00 5.000000e-01 -1.166048e+01
      vertex   4.819939e+00 9.699987e-01 -8.282786e+00
    endloop
  endfacet
  facet normal -7.240205e-01 5.524915e-01 4.129740e-01
    outer loop
      vertex   4.819939e+00 9.699987e-01 -8.282786e+00
      vertex   2.534686e+00 5.000000e-01 -1.166048e+01
      vertex   4.516521e+00 5.000000e-01 -8.185953e+00
    endloop
  endfacet
  facet normal -5.845999e-01 7.396311e-01 3.334499e-01
    outer loop
      vertex   4.436631e+00 3.666033e+00 -1.493492e+01
      vertex   2.715640e+00 9.699987e-01 -1.197201e+01
      vertex   7.705642e+00 3.666033e+00 -9.203731e+00
    endloop
  endfacet
  facet normal -5.845999e-01 7.396311e-01 3.334499e-01
    outer loop
      vertex   7.705642e+00 3.666033e+00 -9.203731e+00
      vertex   2.715640e+00 9.699987e-01 -1.197201e+01
      vertex   4.819939e+00 9.699987e-01 -8.282786e+00
    endloop
  endfacet
  facet normal -0.000000e+00 -7.396311e-01 -6.730125e-01
    outer loop
      vertex   2.900548e+00 4.412844e-01 -1.229036e+01
      vertex   -2.900548e+00 4.412844e-01 -1.229036e+01
      vertex   3.738304e+00 1.753680e+00 -1.373266e+01
    endloop
  endfacet
  facet normal -0.000000e+00 -7.396311e-01 -6.730125e-01
    outer loop
      vertex   3.738304e+00 1.753680e+00 -1.373266e+01
      vertex   -2.900548e+00 4.412844e-01 -1.229036e+01
      vertex   -3.738304e+00 1.753680e+00 -1.373266e+01
    endloop
  endfacet
  facet normal 5.637837e-15 -0.000000e+00 1.000000e+00
    outer loop
      vertex   -2.534686e+00 9.795452e-02 -1.166048e+01
      vertex   -1.904531e+00 1.862445e-01 -1.166048e+01
      vertex   -2.534686e+00 5.000000e-01 -1.166048e+01
    endloop
  endfacet
  facet normal 9.410440e-16 -9.433171e-15 1.000000e+00
    outer loop
      vertex   -2.534686e+00 5.000000e-01 -1.166048e+01
      vertex   -1.904531e+00 1.862445e-01 -1.166048e+01
      vertex   -1.271363e+00 2.494086e-01 -1.166048e+01
    endloop
  endfacet
  facet normal 6.508230e-16 -1.089628e-14 1.000000e+00
    outer loop
      vertex   -2.534686e+00 5.000000e-01 -1.166048e+01
      vertex   -1.271363e+00 2.494086e-01 -1.166048e+01
      vertex   -6.361846e-01 2.873472e-01 -1.166048e+01
    endloop
  endfacet
  facet normal 2.821701e-16 -1.418751e-14 1.000000e+00
    outer loop
      vertex   -6.361846e-01 2.873472e-01 -1.166048e+01
      vertex   -2.902637e-15 3.000000e-01 -1.166048e+01
      vertex   -2.534686e+00 5.000000e-01 -1.166048e+01
    endloop
  endfacet
  facet normal 1.051229e-15 -4.440892e-15 1.000000e+00
    outer loop
      vertex   -2.534686e+00 5.000000e-01 -1.166048e+01
      vertex   -2.902637e-15 3.000000e-01 -1.166048e+01
      vertex   2.534686e+00 5.000000e-01 -1.166048e+01
    endloop
  endfacet
  facet normal 1.410850e-16 7.093753e-15 1.000000e+00
    outer loop
      vertex   2.534686e+00 5.000000e-01 -1.166048e+01
      vertex   -2.902637e-15 3.000000e-01 -1.166048e+01
      vertex   6.361846e-01 2.873472e-01 -1.166048e+01
    endloop
  endfacet
  facet normal 3.254115e-16 5.448141e-15 1.000000e+00
    outer loop
      vertex   2.534686e+00 5.000000e-01 -1.166048e+01
      vertex   6.361846e-01 2.873472e-01 -1.166048e+01
      vertex   1.271363e+00 2.494086e-01 -1.166048e+01
    endloop
  endfacet
  facet normal 4.705220e-16 4.716586e-15 1.000000e+00
    outer loop
      vertex   1.271363e+00 2.494086e-01 -1.166048e+01
      vertex   1.904531e+00 1.862445e-01 -1.166048e+01
      vertex   2.534686e+00 5.000000e-01 -1.166048e+01
    endloop
  endfacet
  facet normal 2.818919e-15 0.000000e+00 1.000000e+00
    outer loop
      vertex   2.534686e+00 5.000000e-01 -1.166048e+01
      vertex   1.904531e+00 1.862445e-01 -1.166048e+01
      vertex   2.534686e+00 9.795452e-02 -1.166048e+01
    endloop
  endfacet
  facet normal -2.726109e-16 5.524915e-01 8.335186e-01
    outer loop
      vertex   -2.715640e+00 9.699987e-01 -1.197201e+01
      vertex   -2.534686e+00 5.000000e-01 -1.166048e+01
      vertex   2.715640e+00 9.699987e-01 -1.197201e+01
    endloop
  endfacet
  facet normal 8.836007e-16 5.524915e-01 8.335186e-01
    outer loop
      vertex   2.715640e+00 9.699987e-01 -1.197201e+01
      vertex   -2.534686e+00 5.000000e-01 -1.166048e+01
      vertex   2.534686e+00 5.000000e-01 -1.166048e+01
    endloop
  endfacet
  facet normal -0.000000e+00 7.396311e-01 6.730125e-01
    outer loop
      vertex   -4.436631e+00 3.666033e+00 -1.493492e+01
      vertex   -2.715640e+00 9.699987e-01 -1.197201e+01
      vertex   4.436631e+00 3.666033e+00 -1.493492e+01
    endloop
  endfacet
  facet normal -2.041107e-16 7.396311e-01 6.730125e-01
    outer loop
      vertex   4.436631e+00 3.666033e+00 -1.493492e+01
      vertex   -2.715640e+00 9.699987e-01 -1.197201e+01
      vertex   2.715640e+00 9.699987e-01 -1.197201e+01
    endloop
  endfacet
  facet normal -8.686315e-01 -0.000000e+00 -4.954587e-01
    outer loop
      vertex   -6.439782e+00 4.666033e+00 -1.493492e+01
      vertex   -6.439782e+00 4.213090e+00 -1.493492e+01
      vertex   -9.400305e+00 4.666033e+00 -9.744567e+00
    endloop
  endfacet
  facet normal -8.686315e-01 1.463511e-15 -4.954587e-01
    outer loop
      vertex   -9.400305e+00 4.666033e+00 -9.744567e+00
      vertex   -6.439782e+00 4.213090e+00 -1.493492e+01
      vertex   -9.400305e+00 4.213090e+00 -9.744567e+00
    endloop
  endfacet
  facet normal -5.845999e-01 -7.396311e-01 -3.334499e-01
    outer loop
      vertex   -5.129986e+00 4.412844e-01 -8.381734e+00
      vertex   -6.530771e+00 1.750000e+00 -8.828782e+00
      vertex   -2.900548e+00 4.412844e-01 -1.229036e+01
    endloop
  endfacet
  facet normal -5.845999e-01 -7.396311e-01 -3.334499e-01
    outer loop
      vertex   -2.900548e+00 4.412844e-01 -1.229036e+01
      vertex   -6.530771e+00 1.750000e+00 -8.828782e+00
      vertex   -3.789400e+00 1.750000e+00 -1.363492e+01
    endloop
  endfacet
  facet normal -5.845999e-01 -7.396311e-01 -3.334499e-01
    outer loop
      vertex   -2.900548e+00 4.412844e-01 -1.229036e+01
      vertex   -3.789400e+00 1.750000e+00 -1.363492e+01
      vertex   -3.738304e+00 1.753680e+00 -1.373266e+01
    endloop
  endfacet
  facet normal 8.686315e-01 -0.000000e+00 4.954587e-01
    outer loop
      vertex   -4.516521e+00 0.000000e+00 -8.185953e+00
      vertex   -3.083829e+00 0.000000e+00 -1.069773e+01
      vertex   -4.516521e+00 5.000000e-01 -8.185953e+00
    endloop
  endfacet
  facet normal 8.686315e-01 1.696968e-14 4.954587e-01
    outer loop
      vertex   -4.516521e+00 5.000000e-01 -8.185953e+00
      vertex   -3.083829e+00 0.000000e+00 -1.069773e+01
      vertex   -2.534686e+00 9.795452e-02 -1.166048e+01
    endloop
  endfacet
  facet normal 8.686315e-01 0.000000e+00 4.954587e-01
    outer loop
      vertex   -4.516521e+00 5.000000e-01 -8.185953e+00
      vertex   -2.534686e+00 9.795452e-02 -1.166048e+01
      vertex   -2.534686e+00 5.000000e-01 -1.166048e+01
    endloop
  endfacet
  facet normal 7.240205e-01 5.524915e-01 4.129740e-01
    outer loop
      vertex   -2.715640e+00 9.699987e-01 -1.197201e+01
      vertex   -4.819939e+00 9.699987e-01 -8.282786e+00
      vertex   -2.534686e+00 5.000000e-01 -1.166048e+01
    endloop
  endfacet
  facet normal 7.240205e-01 5.524915e-01 4.129740e-01
    outer loop
      vertex   -2.534686e+00 5.000000e-01 -1.166048e+01
      vertex   -4.819939e+00 9.699987e-01 -8.282786e+00
      vertex   -4.516521e+00 5.000000e-01 -8.185953e+00
    endloop
  endfacet
  facet normal 5.845999e-01 7.396311e-01 3.334499e-01
    outer loop
      vertex   -4.436631e+00 3.666033e+00 -1.493492e+01
      vertex   -7.705642e+00 3.666033e+00 -9.203731e+00
      vertex   -2.715640e+00 9.699987e-01 -1.197201e+01
    endloop
  endfacet
  facet normal 5.845999e-01 7.396311e-01 3.334499e-01
    outer loop
      vertex   -2.715640e+00 9.699987e-01 -1.197201e+01
      vertex   -7.705642e+00 3.666033e+00 -9.203731e+00
      vertex   -4.819939e+00 9.699987e-01 -8.282786e+00
    endloop
  endfacet
  facet normal -6.696849e-01 -7.396311e-01 -6.684343e-02
    outer loop
      vertex   -5.129986e+00 4.412844e-01 -8.381734e+00
      vertex   -5.719259e+00 4.412844e-01 -2.477982e+00
      vertex   -6.530771e+00 1.750000e+00 -8.828782e+00
    endloop
  endfacet
  facet normal -6.696849e-01 -7.396311e-01 -6.684343e-02
    outer loop
      vertex   -6.530771e+00 1.750000e+00 -8.828782e+00
      vertex   -5.719259e+00 4.412844e-01 -2.477982e+00
      vertex   -7.195584e+00 1.750000e+00 -2.168216e+00
    endloop
  endfacet
  facet normal -9.545707e-01 -2.823415e-01 -9.527882e-02
    outer loop
      vertex   -5.003493e+00 0.000000e+00 -8.341365e+00
      vertex   -5.585944e+00 0.000000e+00 -2.505954e+00
      vertex   -5.129986e+00 4.412844e-01 -8.381734e+00
    endloop
  endfacet
  facet normal -9.545707e-01 -2.823415e-01 -9.527882e-02
    outer loop
      vertex   -5.129986e+00 4.412844e-01 -8.381734e+00
      vertex   -5.585944e+00 0.000000e+00 -2.505954e+00
      vertex   -5.719259e+00 4.412844e-01 -2.477982e+00
    endloop
  endfacet
  facet normal 9.950556e-01 -0.000000e+00 9.931975e-02
    outer loop
      vertex   -4.516521e+00 0.000000e+00 -8.185953e+00
      vertex   -4.516521e+00 5.000000e-01 -8.185953e+00
      vertex   -5.072711e+00 0.000000e+00 -2.613641e+00
    endloop
  endfacet
  facet normal 9.950556e-01 -0.000000e+00 9.931975e-02
    outer loop
      vertex   -5.072711e+00 0.000000e+00 -2.613641e+00
      vertex   -4.516521e+00 5.000000e-01 -8.185953e+00
      vertex   -5.072711e+00 5.000000e-01 -2.613641e+00
    endloop
  endfacet
  facet normal 8.293973e-01 5.524915e-01 8.278485e-02
    outer loop
      vertex   -5.392492e+00 9.699987e-01 -2.546545e+00
      vertex   -5.072711e+00 5.000000e-01 -2.613641e+00
      vertex   -4.819939e+00 9.699987e-01 -8.282786e+00
    endloop
  endfacet
  facet normal 8.293973e-01 5.524915e-01 8.278485e-02
    outer loop
      vertex   -4.819939e+00 9.699987e-01 -8.282786e+00
      vertex   -5.072711e+00 5.000000e-01 -2.613641e+00
      vertex   -4.516521e+00 5.000000e-01 -8.185953e+00
    endloop
  endfacet
  facet normal 6.696849e-01 7.396311e-01 6.684343e-02
    outer loop
      vertex   -8.433812e+00 3.666033e+00 -1.908409e+00
      vertex   -5.392492e+00 9.699987e-01 -2.546545e+00
      vertex   -7.705642e+00 3.666033e+00 -9.203731e+00
    endloop
  endfacet
  facet normal 6.696849e-01 7.396311e-01 6.684343e-02
    outer loop
      vertex   -7.705642e+00 3.666033e+00 -9.203731e+00
      vertex   -5.392492e+00 9.699987e-01 -2.546545e+00
      vertex   -4.819939e+00 9.699987e-01 -8.282786e+00
    endloop
  endfacet
  facet normal -5.863378e-01 -7.396311e-01 3.303844e-01
    outer loop
      vertex   -5.719259e+00 4.412844e-01 -2.477982e+00
      vertex   -3.968070e+00 4.412844e-01 6.298771e-01
      vertex   -7.195584e+00 1.750000e+00 -2.168216e+00
    endloop
  endfacet
  facet normal -5.863378e-01 -7.396311e-01 3.303844e-01
    outer loop
      vertex   -7.195584e+00 1.750000e+00 -2.168216e+00
      vertex   -3.968070e+00 4.412844e-01 6.298771e-01
      vertex   -4.861318e+00 1.750000e+00 1.974438e+00
    endloop
  endfacet
  facet normal -5.863378e-01 -7.396311e-01 3.303844e-01
    outer loop
      vertex   -4.861318e+00 1.750000e+00 1.974438e+00
      vertex   -3.968070e+00 4.412844e-01 6.298771e-01
      vertex   -4.810885e+00 1.753680e+00 2.072181e+00
    endloop
  endfacet
  facet normal -8.357676e-01 -2.823415e-01 4.709308e-01
    outer loop
      vertex   -5.585944e+00 0.000000e+00 -2.505954e+00
      vertex   -3.892176e+00 0.000000e+00 5.000000e-01
      vertex   -5.719259e+00 4.412844e-01 -2.477982e+00
    endloop
  endfacet
  facet normal -8.357676e-01 -2.823415e-01 4.709308e-01
    outer loop
      vertex   -5.719259e+00 4.412844e-01 -2.477982e+00
      vertex   -3.892176e+00 0.000000e+00 5.000000e-01
      vertex   -3.968070e+00 4.412844e-01 6.298771e-01
    endloop
  endfacet
  facet normal 8.712138e-01 0.000000e+00 -4.909038e-01
    outer loop
      vertex   -5.072711e+00 0.000000e+00 -2.613641e+00
      vertex   -5.072711e+00 5.000000e-01 -2.613641e+00
      vertex   -3.600000e+00 0.000000e+00 0.000000e+00
    endloop
  endfacet
  facet normal 8.712138e-01 0.000000e+00 -4.909038e-01
    outer loop
      vertex   -3.600000e+00 0.000000e+00 0.000000e+00
      vertex   -5.072711e+00 5.000000e-01 -2.613641e+00
      vertex   -3.600000e+00 5.000000e-01 0.000000e+00
    endloop
  endfacet
  facet normal 7.261729e-01 5.524915e-01 -4.091774e-01
    outer loop
      vertex   -3.782046e+00 9.699987e-01 3.115351e-01
      vertex   -3.600000e+00 5.000000e-01 0.000000e+00
      vertex   -5.392492e+00 9.699987e-01 -2.546545e+00
    endloop
  endfacet
  facet normal 7.261729e-01 5.524915e-01 -4.091774e-01
    outer loop
      vertex   -5.392492e+00 9.699987e-01 -2.546545e+00
      vertex   -3.600000e+00 5.000000e-01 0.000000e+00
      vertex   -5.072711e+00 5.000000e-01 -2.613641e+00
    endloop
  endfacet
  facet normal 5.863378e-01 7.396311e-01 -3.303844e-01
    outer loop
      vertex   -5.513427e+00 3.666033e+00 3.274438e+00
      vertex   -3.782046e+00 9.699987e-01 3.115351e-01
      vertex   -8.433812e+00 3.666033e+00 -1.908409e+00
    endloop
  endfacet
  facet normal 5.863378e-01 7.396311e-01 -3.303844e-01
    outer loop
      vertex   -8.433812e+00 3.666033e+00 -1.908409e+00
      vertex   -3.782046e+00 9.699987e-01 3.115351e-01
      vertex   -5.392492e+00 9.699987e-01 -2.546545e+00
    endloop
  endfacet
  facet normal 6.160412e-01 7.071068e-01 -3.471214e-01
    outer loop
      vertex   -9.460278e+00 4.666033e+00 -1.693034e+00
      vertex   -6.661251e+00 4.666033e+00 3.274438e+00
      vertex   -8.433812e+00 3.666033e+00 -1.908409e+00
    endloop
  endfacet
  facet normal 6.160412e-01 7.071068e-01 -3.471214e-01
    outer loop
      vertex   -8.433812e+00 3.666033e+00 -1.908409e+00
      vertex   -6.661251e+00 4.666033e+00 3.274438e+00
      vertex   -5.513427e+00 3.666033e+00 3.274438e+00
    endloop
  endfacet
  facet normal 7.036105e-01 7.071068e-01 7.022967e-02
    outer loop
      vertex   -9.460278e+00 4.666033e+00 -1.693034e+00
      vertex   -8.433812e+00 3.666033e+00 -1.908409e+00
      vertex   -8.679586e+00 4.666033e+00 -9.514556e+00
    endloop
  endfacet
  facet normal 7.036105e-01 7.071068e-01 7.022967e-02
    outer loop
      vertex   -8.679586e+00 4.666033e+00 -9.514556e+00
      vertex   -8.433812e+00 3.666033e+00 -1.908409e+00
      vertex   -7.705642e+00 3.666033e+00 -9.203731e+00
    endloop
  endfacet
  facet normal 6.142152e-01 7.071068e-01 3.503422e-01
    outer loop
      vertex   -4.436631e+00 3.666033e+00 -1.493492e+01
      vertex   -5.587867e+00 4.666033e+00 -1.493492e+01
      vertex   -7.705642e+00 3.666033e+00 -9.203731e+00
    endloop
  endfacet
  facet normal 6.142152e-01 7.071068e-01 3.503422e-01
    outer loop
      vertex   -7.705642e+00 3.666033e+00 -9.203731e+00
      vertex   -5.587867e+00 4.666033e+00 -1.493492e+01
      vertex   -8.679586e+00 4.666033e+00 -9.514556e+00
    endloop
  endfacet
  facet normal -6.142152e-01 7.071068e-01 3.503422e-01
    outer loop
      vertex   8.679586e+00 4.666033e+00 -9.514556e+00
      vertex   5.587867e+00 4.666033e+00 -1.493492e+01
      vertex   7.705642e+00 3.666033e+00 -9.203731e+00
    endloop
  endfacet
  facet normal -6.142152e-01 7.071068e-01 3.503422e-01
    outer loop
      vertex   7.705642e+00 3.666033e+00 -9.203731e+00
      vertex   5.587867e+00 4.666033e+00 -1.493492e+01
      vertex   4.436631e+00 3.666033e+00 -1.493492e+01
    endloop
  endfacet
  facet normal -7.036105e-01 7.071068e-01 7.022967e-02
    outer loop
      vertex   9.460278e+00 4.666033e+00 -1.693034e+00
      vertex   8.679586e+00 4.666033e+00 -9.514556e+00
      vertex   8.433812e+00 3.666033e+00 -1.908409e+00
    endloop
  endfacet
  facet normal -7.036105e-01 7.071068e-01 7.022967e-02
    outer loop
      vertex   8.433812e+00 3.666033e+00 -1.908409e+00
      vertex   8.679586e+00 4.666033e+00 -9.514556e+00
      vertex   7.705642e+00 3.666033e+00 -9.203731e+00
    endloop
  endfacet
  facet normal -6.160412e-01 7.071068e-01 -3.471214e-01
    outer loop
      vertex   5.513427e+00 3.666033e+00 3.274438e+00
      vertex   6.661251e+00 4.666033e+00 3.274438e+00
      vertex   8.433812e+00 3.666033e+00 -1.908409e+00
    endloop
  endfacet
  facet normal -6.160412e-01 7.071068e-01 -3.471214e-01
    outer loop
      vertex   8.433812e+00 3.666033e+00 -1.908409e+00
      vertex   6.661251e+00 4.666033e+00 3.274438e+00
      vertex   9.460278e+00 4.666033e+00 -1.693034e+00
    endloop
  endfacet
  facet normal 8.712138e-01 -1.459031e-14 4.909038e-01
    outer loop
      vertex   7.679851e+00 2.218977e+00 2.974139e+00
      vertex   7.734480e+00 2.114562e+00 2.877187e+00
      vertex   1.021986e+01 2.218977e+00 -1.533657e+00
    endloop
  endfacet
  facet normal 8.712138e-01 -3.665108e-15 4.909038e-01
    outer loop
      vertex   1.021986e+01 2.218977e+00 -1.533657e+00
      vertex   7.734480e+00 2.114562e+00 2.877187e+00
      vertex   7.795221e+00 2.021384e+00 2.769390e+00
    endloop
  endfacet
  facet normal 8.712138e-01 4.171807e-15 4.909038e-01
    outer loop
      vertex   1.021986e+01 2.218977e+00 -1.533657e+00
      vertex   7.795221e+00 2.021384e+00 2.769390e+00
      vertex   7.861342e+00 1.940563e+00 2.652044e+00
    endloop
  endfacet
  facet normal 8.712138e-01 0.000000e+00 4.909038e-01
    outer loop
      vertex   1.021986e+01 2.218977e+00 -1.533657e+00
      vertex   7.861342e+00 1.940563e+00 2.652044e+00
      vertex   1.021986e+01 1.750000e+00 -1.533657e+00
    endloop
  endfacet
  facet normal 8.712138e-01 0.000000e+00 4.909038e-01
    outer loop
      vertex   1.021986e+01 1.750000e+00 -1.533657e+00
      vertex   7.861342e+00 1.940563e+00 2.652044e+00
      vertex   7.932050e+00 1.873070e+00 2.526557e+00
    endloop
  endfacet
  facet normal 8.712138e-01 -7.723623e-15 4.909038e-01
    outer loop
      vertex   1.021986e+01 1.750000e+00 -1.533657e+00
      vertex   7.932050e+00 1.873070e+00 2.526557e+00
      vertex   8.006496e+00 1.819715e+00 2.394438e+00
    endloop
  endfacet
  facet normal 8.712138e-01 -1.581962e-14 4.909038e-01
    outer loop
      vertex   1.021986e+01 1.750000e+00 -1.533657e+00
      vertex   8.006496e+00 1.819715e+00 2.394438e+00
      vertex   8.243153e+00 1.750000e+00 1.974438e+00
    endloop
  endfacet
  facet normal 8.712138e-01 3.460197e-14 4.909038e-01
    outer loop
      vertex   8.243153e+00 1.750000e+00 1.974438e+00
      vertex   8.006496e+00 1.819715e+00 2.394438e+00
      vertex   8.083784e+00 1.781140e+00 2.257273e+00
    endloop
  endfacet
  facet normal 8.712138e-01 -3.400995e-14 4.909038e-01
    outer loop
      vertex   8.243153e+00 1.750000e+00 1.974438e+00
      vertex   8.083784e+00 1.781140e+00 2.257273e+00
      vertex   8.162987e+00 1.757809e+00 2.116710e+00
    endloop
  endfacet
  facet normal 9.950556e-01 0.000000e+00 -9.931975e-02
    outer loop
      vertex   9.400305e+00 4.213090e+00 -9.744567e+00
      vertex   9.400305e+00 4.666033e+00 -9.744567e+00
      vertex   9.693330e+00 3.716033e+00 -6.808843e+00
    endloop
  endfacet
  facet normal 9.950556e-01 -1.076357e-15 -9.931975e-02
    outer loop
      vertex   9.693330e+00 3.716033e+00 -6.808843e+00
      vertex   9.400305e+00 4.666033e+00 -9.744567e+00
      vertex   1.021986e+01 4.666033e+00 -1.533657e+00
    endloop
  endfacet
  facet normal 9.950556e-01 2.326797e-15 -9.931975e-02
    outer loop
      vertex   9.693330e+00 3.716033e+00 -6.808843e+00
      vertex   1.021986e+01 4.666033e+00 -1.533657e+00
      vertex   1.001259e+01 3.716033e+00 -3.610275e+00
    endloop
  endfacet
  facet normal 9.950556e-01 1.174510e-16 -9.931975e-02
    outer loop
      vertex   1.001259e+01 3.716033e+00 -3.610275e+00
      vertex   1.021986e+01 4.666033e+00 -1.533657e+00
      vertex   1.021986e+01 4.213090e+00 -1.533657e+00
    endloop
  endfacet
  facet normal 9.950556e-01 0.000000e+00 -9.931975e-02
    outer loop
      vertex   1.001259e+01 3.716033e+00 -3.610275e+00
      vertex   1.001259e+01 2.716033e+00 -3.610275e+00
      vertex   9.693330e+00 3.716033e+00 -6.808843e+00
    endloop
  endfacet
  facet normal 9.950556e-01 0.000000e+00 -9.931975e-02
    outer loop
      vertex   9.693330e+00 3.716033e+00 -6.808843e+00
      vertex   1.001259e+01 2.716033e+00 -3.610275e+00
      vertex   9.693330e+00 2.716033e+00 -6.808843e+00
    endloop
  endfacet
  facet normal 9.950556e-01 -2.288179e-15 -9.931975e-02
    outer loop
      vertex   9.693330e+00 2.716033e+00 -6.808843e+00
      vertex   1.001259e+01 2.716033e+00 -3.610275e+00
      vertex   1.021986e+01 1.750000e+00 -1.533657e+00
    endloop
  endfacet
  facet normal 9.950556e-01 1.058492e-15 -9.931975e-02
    outer loop
      vertex   9.693330e+00 2.716033e+00 -6.808843e+00
      vertex   1.021986e+01 1.750000e+00 -1.533657e+00
      vertex   9.400305e+00 1.750000e+00 -9.744567e+00
    endloop
  endfacet
  facet normal 9.950556e-01 0.000000e+00 -9.931975e-02
    outer loop
      vertex   1.001259e+01 2.716033e+00 -3.610275e+00
      vertex   1.021986e+01 2.218977e+00 -1.533657e+00
      vertex   1.021986e+01 1.750000e+00 -1.533657e+00
    endloop
  endfacet
  facet normal 9.950556e-01 0.000000e+00 -9.931975e-02
    outer loop
      vertex   9.400305e+00 1.750000e+00 -9.744567e+00
      vertex   9.400305e+00 2.218977e+00 -9.744567e+00
      vertex   9.693330e+00 2.716033e+00 -6.808843e+00
    endloop
  endfacet
  facet normal -8.712138e-01 -3.416730e-15 4.909038e-01
    outer loop
      vertex   -7.510641e+00 4.213090e+00 3.274438e+00
      vertex   -7.510641e+00 4.666033e+00 3.274438e+00
      vertex   -1.021986e+01 4.213090e+00 -1.533657e+00
    endloop
  endfacet
  facet normal -8.712138e-01 -4.813072e-16 4.909038e-01
    outer loop
      vertex   -1.021986e+01 4.213090e+00 -1.533657e+00
      vertex   -7.510641e+00 4.666033e+00 3.274438e+00
      vertex   -1.021986e+01 4.666033e+00 -1.533657e+00
    endloop
  endfacet
  facet normal -3.333991e-01 -9.238795e-01 1.878607e-01
    outer loop
      vertex   -7.510641e+00 4.213090e+00 3.274438e+00
      vertex   -1.021986e+01 4.213090e+00 -1.533657e+00
      vertex   -6.133252e+00 3.716033e+00 3.274438e+00
    endloop
  endfacet
  facet normal -3.333991e-01 -9.238795e-01 1.878607e-01
    outer loop
      vertex   -6.133252e+00 3.716033e+00 3.274438e+00
      vertex   -1.021986e+01 4.213090e+00 -1.533657e+00
      vertex   -1.001259e+01 3.716033e+00 -3.610275e+00
    endloop
  endfacet
  facet normal -8.686315e-01 -1.794285e-15 -4.954587e-01
    outer loop
      vertex   -6.611070e+00 2.218977e+00 -1.463462e+01
      vertex   -6.666370e+00 2.114562e+00 -1.453767e+01
      vertex   -9.400305e+00 2.218977e+00 -9.744567e+00
    endloop
  endfacet
  facet normal -8.686315e-01 3.369979e-15 -4.954587e-01
    outer loop
      vertex   -9.400305e+00 2.218977e+00 -9.744567e+00
      vertex   -6.666370e+00 2.114562e+00 -1.453767e+01
      vertex   -6.727856e+00 2.021384e+00 -1.442987e+01
    endloop
  endfacet
  facet normal -8.686315e-01 3.839670e-15 -4.954587e-01
    outer loop
      vertex   -9.400305e+00 2.218977e+00 -9.744567e+00
      vertex   -6.727856e+00 2.021384e+00 -1.442987e+01
      vertex   -6.794790e+00 1.940563e+00 -1.431252e+01
    endloop
  endfacet
  facet normal -8.686315e-01 -1.413477e-15 -4.954587e-01
    outer loop
      vertex   -9.400305e+00 2.218977e+00 -9.744567e+00
      vertex   -6.794790e+00 1.940563e+00 -1.431252e+01
      vertex   -9.400305e+00 1.750000e+00 -9.744567e+00
    endloop
  endfacet
  facet normal -8.686315e-01 0.000000e+00 -4.954587e-01
    outer loop
      vertex   -9.400305e+00 1.750000e+00 -9.744567e+00
      vertex   -6.794790e+00 1.940563e+00 -1.431252e+01
      vertex   -6.866366e+00 1.873070e+00 -1.418704e+01
    endloop
  endfacet
  facet normal -8.686315e-01 6.989313e-15 -4.954587e-01
    outer loop
      vertex   -9.400305e+00 1.750000e+00 -9.744567e+00
      vertex   -6.866366e+00 1.873070e+00 -1.418704e+01
      vertex   -6.941726e+00 1.819715e+00 -1.405492e+01
    endloop
  endfacet
  facet normal -8.686315e-01 0.000000e+00 -4.954587e-01
    outer loop
      vertex   -9.400305e+00 1.750000e+00 -9.744567e+00
      vertex   -6.941726e+00 1.819715e+00 -1.405492e+01
      vertex   -7.181289e+00 1.750000e+00 -1.363492e+01
    endloop
  endfacet
  facet normal -8.686315e-01 -2.360486e-14 -4.954587e-01
    outer loop
      vertex   -7.181289e+00 1.750000e+00 -1.363492e+01
      vertex   -6.941726e+00 1.819715e+00 -1.405492e+01
      vertex   -7.019963e+00 1.781140e+00 -1.391775e+01
    endloop
  endfacet
  facet normal -8.686315e-01 -3.119641e-14 -4.954587e-01
    outer loop
      vertex   -7.181289e+00 1.750000e+00 -1.363492e+01
      vertex   -7.019963e+00 1.781140e+00 -1.391775e+01
      vertex   -7.100139e+00 1.757809e+00 -1.377719e+01
    endloop
  endfacet
  facet normal -9.950556e-01 3.512901e-15 -9.931975e-02
    outer loop
      vertex   -9.400305e+00 4.213090e+00 -9.744567e+00
      vertex   -9.693330e+00 3.716033e+00 -6.808843e+00
      vertex   -9.400305e+00 4.666033e+00 -9.744567e+00
    endloop
  endfacet
  facet normal -9.950556e-01 6.798043e-16 -9.931975e-02
    outer loop
      vertex   -9.400305e+00 4.666033e+00 -9.744567e+00
      vertex   -9.693330e+00 3.716033e+00 -6.808843e+00
      vertex   -1.021986e+01 4.666033e+00 -1.533657e+00
    endloop
  endfacet
  facet normal -9.950556e-01 4.508169e-15 -9.931975e-02
    outer loop
      vertex   -1.021986e+01 4.666033e+00 -1.533657e+00
      vertex   -9.693330e+00 3.716033e+00 -6.808843e+00
      vertex   -1.001259e+01 3.716033e+00 -3.610275e+00
    endloop
  endfacet
  facet normal -9.950556e-01 9.737817e-17 -9.931975e-02
    outer loop
      vertex   -1.021986e+01 4.666033e+00 -1.533657e+00
      vertex   -1.001259e+01 3.716033e+00 -3.610275e+00
      vertex   -1.021986e+01 4.213090e+00 -1.533657e+00
    endloop
  endfacet
  facet normal -9.950556e-01 -0.000000e+00 -9.931975e-02
    outer loop
      vertex   -9.693330e+00 3.716033e+00 -6.808843e+00
      vertex   -9.693330e+00 2.716033e+00 -6.808843e+00
      vertex   -1.001259e+01 3.716033e+00 -3.610275e+00
    endloop
  endfacet
  facet normal -9.950556e-01 -0.000000e+00 -9.931975e-02
    outer loop
      vertex   -1.001259e+01 3.716033e+00 -3.610275e+00
      vertex   -9.693330e+00 2.716033e+00 -6.808843e+00
      vertex   -1.001259e+01 2.716033e+00 -3.610275e+00
    endloop
  endfacet
  facet normal -9.950556e-01 -4.433347e-15 -9.931975e-02
    outer loop
      vertex   -1.001259e+01 2.716033e+00 -3.610275e+00
      vertex   -9.693330e+00 2.716033e+00 -6.808843e+00
      vertex   -1.021986e+01 1.750000e+00 -1.533657e+00
    endloop
  endfacet
  facet normal -9.950556e-01 0.000000e+00 -9.931975e-02
    outer loop
      vertex   -1.001259e+01 2.716033e+00 -3.610275e+00
      vertex   -1.021986e+01 1.750000e+00 -1.533657e+00
      vertex   -1.021986e+01 2.218977e+00 -1.533657e+00
    endloop
  endfacet
  facet normal -9.950556e-01 -3.392803e-15 -9.931975e-02
    outer loop
      vertex   -9.400305e+00 2.218977e+00 -9.744567e+00
      vertex   -9.400305e+00 1.750000e+00 -9.744567e+00
      vertex   -9.693330e+00 2.716033e+00 -6.808843e+00
    endloop
  endfacet
  facet normal -9.950556e-01 -6.406665e-16 -9.931975e-02
    outer loop
      vertex   -9.693330e+00 2.716033e+00 -6.808843e+00
      vertex   -9.400305e+00 1.750000e+00 -9.744567e+00
      vertex   -1.021986e+01 1.750000e+00 -1.533657e+00
    endloop
  endfacet
  facet normal -3.324109e-01 -9.238795e-01 -1.896038e-01
    outer loop
      vertex   -6.439782e+00 4.213090e+00 -1.493492e+01
      vertex   -5.058299e+00 3.716033e+00 -1.493492e+01
      vertex   -9.400305e+00 4.213090e+00 -9.744567e+00
    endloop
  endfacet
  facet normal -3.324109e-01 -9.238795e-01 -1.896038e-01
    outer loop
      vertex   -9.400305e+00 4.213090e+00 -9.744567e+00
      vertex   -5.058299e+00 3.716033e+00 -1.493492e+01
      vertex   -9.693330e+00 3.716033e+00 -6.808843e+00
    endloop
  endfacet
  facet normal 8.686315e-01 -1.703302e-15 -4.954587e-01
    outer loop
      vertex   6.439782e+00 4.213090e+00 -1.493492e+01
      vertex   6.439782e+00 4.666033e+00 -1.493492e+01
      vertex   9.400305e+00 4.213090e+00 -9.744567e+00
    endloop
  endfacet
  facet normal 8.686315e-01 0.000000e+00 -4.954587e-01
    outer loop
      vertex   9.400305e+00 4.213090e+00 -9.744567e+00
      vertex   6.439782e+00 4.666033e+00 -1.493492e+01
      vertex   9.400305e+00 4.666033e+00 -9.744567e+00
    endloop
  endfacet
  facet normal 3.324109e-01 -9.238795e-01 -1.896038e-01
    outer loop
      vertex   6.439782e+00 4.213090e+00 -1.493492e+01
      vertex   9.400305e+00 4.213090e+00 -9.744567e+00
      vertex   5.058299e+00 3.716033e+00 -1.493492e+01
    endloop
  endfacet
  facet normal 3.324109e-01 -9.238795e-01 -1.896038e-01
    outer loop
      vertex   5.058299e+00 3.716033e+00 -1.493492e+01
      vertex   9.400305e+00 4.213090e+00 -9.744567e+00
      vertex   9.693330e+00 3.716033e+00 -6.808843e+00
    endloop
  endfacet
  facet normal -3.324109e-01 9.238795e-01 -1.896038e-01
    outer loop
      vertex   -5.083185e+00 2.716033e+00 -1.489129e+01
      vertex   -5.480429e+00 2.582036e+00 -1.484777e+01
      vertex   -9.693330e+00 2.716033e+00 -6.808843e+00
    endloop
  endfacet
  facet normal -3.324109e-01 9.238795e-01 -1.896038e-01
    outer loop
      vertex   -9.693330e+00 2.716033e+00 -6.808843e+00
      vertex   -5.480429e+00 2.582036e+00 -1.484777e+01
      vertex   -5.870523e+00 2.453535e+00 -1.479001e+01
    endloop
  endfacet
  facet normal -3.324109e-01 9.238795e-01 -1.896038e-01
    outer loop
      vertex   -9.693330e+00 2.716033e+00 -6.808843e+00
      vertex   -5.870523e+00 2.453535e+00 -1.479001e+01
      vertex   -9.400305e+00 2.218977e+00 -9.744567e+00
    endloop
  endfacet
  facet normal -3.324109e-01 9.238795e-01 -1.896038e-01
    outer loop
      vertex   -9.400305e+00 2.218977e+00 -9.744567e+00
      vertex   -5.870523e+00 2.453535e+00 -1.479001e+01
      vertex   -6.248885e+00 2.332040e+00 -1.471868e+01
    endloop
  endfacet
  facet normal -3.324109e-01 9.238795e-01 -1.896038e-01
    outer loop
      vertex   -9.400305e+00 2.218977e+00 -9.744567e+00
      vertex   -6.248885e+00 2.332040e+00 -1.471868e+01
      vertex   -6.611070e+00 2.218977e+00 -1.463462e+01
    endloop
  endfacet
  facet normal -8.686315e-01 -9.671718e-16 -4.954587e-01
    outer loop
      vertex   -5.064546e+00 2.881598e+00 -1.492396e+01
      vertex   -9.693330e+00 2.716033e+00 -6.808843e+00
      vertex   -5.058299e+00 3.050000e+00 -1.493492e+01
    endloop
  endfacet
  facet normal -8.686315e-01 0.000000e+00 -4.954587e-01
    outer loop
      vertex   -5.058299e+00 3.050000e+00 -1.493492e+01
      vertex   -9.693330e+00 2.716033e+00 -6.808843e+00
      vertex   -9.693330e+00 3.716033e+00 -6.808843e+00
    endloop
  endfacet
  facet normal -8.686315e-01 1.158350e-15 -4.954587e-01
    outer loop
      vertex   -5.058299e+00 3.050000e+00 -1.493492e+01
      vertex   -9.693330e+00 3.716033e+00 -6.808843e+00
      vertex   -5.058299e+00 3.716033e+00 -1.493492e+01
    endloop
  endfacet
  facet normal -8.686315e-01 -1.026954e-15 -4.954587e-01
    outer loop
      vertex   -5.064546e+00 2.881598e+00 -1.492396e+01
      vertex   -5.083185e+00 2.716033e+00 -1.489129e+01
      vertex   -9.693330e+00 2.716033e+00 -6.808843e+00
    endloop
  endfacet
  facet normal 0.000000e+00 -0.000000e+00 -1.000000e+00
    outer loop
      vertex   5.058299e+00 3.716033e+00 -1.493492e+01
      vertex   5.058299e+00 3.050000e+00 -1.493492e+01
      vertex   4.436631e+00 3.666033e+00 -1.493492e+01
    endloop
  endfacet
  facet normal 0.000000e+00 -0.000000e+00 -1.000000e+00
    outer loop
      vertex   4.436631e+00 3.666033e+00 -1.493492e+01
      vertex   5.058299e+00 3.050000e+00 -1.493492e+01
      vertex   -5.058299e+00 3.050000e+00 -1.493492e+01
    endloop
  endfacet
  facet normal -0.000000e+00 0.000000e+00 -1.000000e+00
    outer loop
      vertex   4.436631e+00 3.666033e+00 -1.493492e+01
      vertex   -5.058299e+00 3.050000e+00 -1.493492e+01
      vertex   -4.436631e+00 3.666033e+00 -1.493492e+01
    endloop
  endfacet
  facet normal -0.000000e+00 0.000000e+00 -1.000000e+00
    outer loop
      vertex   -4.436631e+00 3.666033e+00 -1.493492e+01
      vertex   -5.058299e+00 3.050000e+00 -1.493492e+01
      vertex   -5.058299e+00 3.716033e+00 -1.493492e+01
    endloop
  endfacet
  facet normal 0.000000e+00 0.000000e+00 -1.000000e+00
    outer loop
      vertex   -4.436631e+00 3.666033e+00 -1.493492e+01
      vertex   -5.058299e+00 3.716033e+00 -1.493492e+01
      vertex   -6.439782e+00 4.213090e+00 -1.493492e+01
    endloop
  endfacet
  facet normal 0.000000e+00 0.000000e+00 -1.000000e+00
    outer loop
      vertex   -6.439782e+00 4.666033e+00 -1.493492e+01
      vertex   -5.587867e+00 4.666033e+00 -1.493492e+01
      vertex   -6.439782e+00 4.213090e+00 -1.493492e+01
    endloop
  endfacet
  facet normal 0.000000e+00 0.000000e+00 -1.000000e+00
    outer loop
      vertex   -6.439782e+00 4.213090e+00 -1.493492e+01
      vertex   -5.587867e+00 4.666033e+00 -1.493492e+01
      vertex   -4.436631e+00 3.666033e+00 -1.493492e+01
    endloop
  endfacet
  facet normal -0.000000e+00 0.000000e+00 -1.000000e+00
    outer loop
      vertex   5.058299e+00 3.716033e+00 -1.493492e+01
      vertex   4.436631e+00 3.666033e+00 -1.493492e+01
      vertex   6.439782e+00 4.213090e+00 -1.493492e+01
    endloop
  endfacet
  facet normal -0.000000e+00 0.000000e+00 -1.000000e+00
    outer loop
      vertex   6.439782e+00 4.213090e+00 -1.493492e+01
      vertex   4.436631e+00 3.666033e+00 -1.493492e+01
      vertex   5.587867e+00 4.666033e+00 -1.493492e+01
    endloop
  endfacet
  facet normal 0.000000e+00 0.000000e+00 -1.000000e+00
    outer loop
      vertex   6.439782e+00 4.213090e+00 -1.493492e+01
      vertex   5.587867e+00 4.666033e+00 -1.493492e+01
      vertex   6.439782e+00 4.666033e+00 -1.493492e+01
    endloop
  endfacet
  facet normal 8.686315e-01 2.936727e-15 -4.954587e-01
    outer loop
      vertex   5.083185e+00 2.716033e+00 -1.489129e+01
      vertex   5.064546e+00 2.881598e+00 -1.492396e+01
      vertex   9.693330e+00 2.716033e+00 -6.808843e+00
    endloop
  endfacet
  facet normal 8.686315e-01 0.000000e+00 -4.954587e-01
    outer loop
      vertex   9.693330e+00 2.716033e+00 -6.808843e+00
      vertex   5.064546e+00 2.881598e+00 -1.492396e+01
      vertex   5.058299e+00 3.050000e+00 -1.493492e+01
    endloop
  endfacet
  facet normal 8.686315e-01 0.000000e+00 -4.954587e-01
    outer loop
      vertex   9.693330e+00 2.716033e+00 -6.808843e+00
      vertex   5.058299e+00 3.050000e+00 -1.493492e+01
      vertex   9.693330e+00 3.716033e+00 -6.808843e+00
    endloop
  endfacet
  facet normal 8.686315e-01 0.000000e+00 -4.954587e-01
    outer loop
      vertex   9.693330e+00 3.716033e+00 -6.808843e+00
      vertex   5.058299e+00 3.050000e+00 -1.493492e+01
      vertex   5.058299e+00 3.716033e+00 -1.493492e+01
    endloop
  endfacet
  facet normal 3.324109e-01 9.238795e-01 -1.896038e-01
    outer loop
      vertex   6.611070e+00 2.218977e+00 -1.463462e+01
      vertex   6.248885e+00 2.332040e+00 -1.471868e+01
      vertex   9.400305e+00 2.218977e+00 -9.744567e+00
    endloop
  endfacet
  facet normal 3.324109e-01 9.238795e-01 -1.896038e-01
    outer loop
      vertex   9.400305e+00 2.218977e+00 -9.744567e+00
      vertex   6.248885e+00 2.332040e+00 -1.471868e+01
      vertex   5.870523e+00 2.453535e+00 -1.479001e+01
    endloop
  endfacet
  facet normal 3.324109e-01 9.238795e-01 -1.896038e-01
    outer loop
      vertex   9.400305e+00 2.218977e+00 -9.744567e+00
      vertex   5.870523e+00 2.453535e+00 -1.479001e+01
      vertex   9.693330e+00 2.716033e+00 -6.808843e+00
    endloop
  endfacet
  facet normal 3.324109e-01 9.238795e-01 -1.896038e-01
    outer loop
      vertex   9.693330e+00 2.716033e+00 -6.808843e+00
      vertex   5.870523e+00 2.453535e+00 -1.479001e+01
      vertex   5.480429e+00 2.582036e+00 -1.484777e+01
    endloop
  endfacet
  facet normal 3.324109e-01 9.238795e-01 -1.896038e-01
    outer loop
      vertex   9.693330e+00 2.716033e+00 -6.808843e+00
      vertex   5.480429e+00 2.582036e+00 -1.484777e+01
      vertex   5.083185e+00 2.716033e+00 -1.489129e+01
    endloop
  endfacet
  facet normal 8.686315e-01 1.159693e-13 -4.954587e-01
    outer loop
      vertex   7.100139e+00 1.757809e+00 -1.377719e+01
      vertex   7.019963e+00 1.781140e+00 -1.391775e+01
      vertex   7.181289e+00 1.750000e+00 -1.363492e+01
    endloop
  endfacet
  facet normal 8.686315e-01 1.815759e-14 -4.954587e-01
    outer loop
      vertex   7.181289e+00 1.750000e+00 -1.363492e+01
      vertex   7.019963e+00 1.781140e+00 -1.391775e+01
      vertex   6.941726e+00 1.819715e+00 -1.405492e+01
    endloop
  endfacet
  facet normal 8.686315e-01 -3.840194e-14 -4.954587e-01
    outer loop
      vertex   7.181289e+00 1.750000e+00 -1.363492e+01
      vertex   6.941726e+00 1.819715e+00 -1.405492e+01
      vertex   9.400305e+00 1.750000e+00 -9.744567e+00
    endloop
  endfacet
  facet normal 8.686315e-01 2.096794e-14 -4.954587e-01
    outer loop
      vertex   9.400305e+00 1.750000e+00 -9.744567e+00
      vertex   6.941726e+00 1.819715e+00 -1.405492e+01
      vertex   6.866366e+00 1.873070e+00 -1.418704e+01
    endloop
  endfacet
  facet normal 8.686315e-01 0.000000e+00 -4.954587e-01
    outer loop
      vertex   9.400305e+00 1.750000e+00 -9.744567e+00
      vertex   6.866366e+00 1.873070e+00 -1.418704e+01
      vertex   6.794790e+00 1.940563e+00 -1.431252e+01
    endloop
  endfacet
  facet normal 8.686315e-01 0.000000e+00 -4.954587e-01
    outer loop
      vertex   9.400305e+00 1.750000e+00 -9.744567e+00
      vertex   6.794790e+00 1.940563e+00 -1.431252e+01
      vertex   9.400305e+00 2.218977e+00 -9.744567e+00
    endloop
  endfacet
  facet normal 8.686315e-01 3.839670e-15 -4.954587e-01
    outer loop
      vertex   9.400305e+00 2.218977e+00 -9.744567e+00
      vertex   6.794790e+00 1.940563e+00 -1.431252e+01
      vertex   6.727856e+00 2.021384e+00 -1.442987e+01
    endloop
  endfacet
  facet normal 8.686315e-01 0.000000e+00 -4.954587e-01
    outer loop
      vertex   9.400305e+00 2.218977e+00 -9.744567e+00
      vertex   6.727856e+00 2.021384e+00 -1.442987e+01
      vertex   6.666370e+00 2.114562e+00 -1.453767e+01
    endloop
  endfacet
  facet normal 8.686315e-01 5.288420e-15 -4.954587e-01
    outer loop
      vertex   6.666370e+00 2.114562e+00 -1.453767e+01
      vertex   6.611070e+00 2.218977e+00 -1.463462e+01
      vertex   9.400305e+00 2.218977e+00 -9.744567e+00
    endloop
  endfacet
  facet normal -6.541707e-17 -9.992921e-01 -3.761980e-02
    outer loop
      vertex   3.789400e+00 1.750000e+00 -1.363492e+01
      vertex   3.738304e+00 1.753680e+00 -1.373266e+01
      vertex   7.181289e+00 1.750000e+00 -1.363492e+01
    endloop
  endfacet
  facet normal 4.966741e-04 -9.984816e-01 -5.508470e-02
    outer loop
      vertex   7.181289e+00 1.750000e+00 -1.363492e+01
      vertex   3.738304e+00 1.753680e+00 -1.373266e+01
      vertex   7.100139e+00 1.757809e+00 -1.377719e+01
    endloop
  endfacet
  facet normal 0.000000e+00 -9.957288e-01 -9.232674e-02
    outer loop
      vertex   7.100139e+00 1.757809e+00 -1.377719e+01
      vertex   3.738304e+00 1.753680e+00 -1.373266e+01
      vertex   -3.738304e+00 1.753680e+00 -1.373266e+01
    endloop
  endfacet
  facet normal -1.366715e-04 -9.921242e-01 -1.252582e-01
    outer loop
      vertex   7.100139e+00 1.757809e+00 -1.377719e+01
      vertex   -3.738304e+00 1.753680e+00 -1.373266e+01
      vertex   3.590644e+00 1.766005e+00 -1.383828e+01
    endloop
  endfacet
  facet normal -0.000000e+00 -9.932600e-01 -1.159074e-01
    outer loop
      vertex   3.590644e+00 1.766005e+00 -1.383828e+01
      vertex   -3.738304e+00 1.753680e+00 -1.373266e+01
      vertex   -5.995204e-16 1.766005e+00 -1.383828e+01
    endloop
  endfacet
  facet normal -0.000000e+00 -9.723699e-01 -2.334454e-01
    outer loop
      vertex   3.590644e+00 1.766005e+00 -1.383828e+01
      vertex   -5.995204e-16 1.766005e+00 -1.383828e+01
      vertex   3.590644e+00 1.813627e+00 -1.403664e+01
    endloop
  endfacet
  facet normal -0.000000e+00 -9.723699e-01 -2.334454e-01
    outer loop
      vertex   3.590644e+00 1.813627e+00 -1.403664e+01
      vertex   -5.995204e-16 1.766005e+00 -1.383828e+01
      vertex   -5.995204e-16 1.813627e+00 -1.403664e+01
    endloop
  endfacet
  facet normal -0.000000e+00 -9.238795e-01 -3.826834e-01
    outer loop
      vertex   3.590644e+00 1.813627e+00 -1.403664e+01
      vertex   -5.995204e-16 1.813627e+00 -1.403664e+01
      vertex   3.590644e+00 1.891692e+00 -1.422510e+01
    endloop
  endfacet
  facet normal -0.000000e+00 -9.238795e-01 -3.826834e-01
    outer loop
      vertex   3.590644e+00 1.891692e+00 -1.422510e+01
      vertex   -5.995204e-16 1.813627e+00 -1.403664e+01
      vertex   -5.995204e-16 1.891692e+00 -1.422510e+01
    endloop
  endfacet
  facet normal -0.000000e+00 -8.526402e-01 -5.224986e-01
    outer loop
      vertex   3.590644e+00 1.891692e+00 -1.422510e+01
      vertex   -5.995204e-16 1.891692e+00 -1.422510e+01
      vertex   3.590644e+00 1.998278e+00 -1.439904e+01
    endloop
  endfacet
  facet normal -0.000000e+00 -8.526402e-01 -5.224986e-01
    outer loop
      vertex   3.590644e+00 1.998278e+00 -1.439904e+01
      vertex   -5.995204e-16 1.891692e+00 -1.422510e+01
      vertex   -5.995204e-16 1.998278e+00 -1.439904e+01
    endloop
  endfacet
  facet normal -0.000000e+00 -7.604060e-01 -6.494480e-01
    outer loop
      vertex   3.590644e+00 1.998278e+00 -1.439904e+01
      vertex   -5.995204e-16 1.998278e+00 -1.439904e+01
      vertex   3.590644e+00 2.130761e+00 -1.455416e+01
    endloop
  endfacet
  facet normal -0.000000e+00 -7.604060e-01 -6.494480e-01
    outer loop
      vertex   3.590644e+00 2.130761e+00 -1.455416e+01
      vertex   -5.995204e-16 1.998278e+00 -1.439904e+01
      vertex   -5.995204e-16 2.130761e+00 -1.455416e+01
    endloop
  endfacet
  facet normal -0.000000e+00 -6.494480e-01 -7.604060e-01
    outer loop
      vertex   3.590644e+00 2.130761e+00 -1.455416e+01
      vertex   -5.995204e-16 2.130761e+00 -1.455416e+01
      vertex   3.590644e+00 2.285879e+00 -1.468664e+01
    endloop
  endfacet
  facet normal -0.000000e+00 -6.494480e-01 -7.604060e-01
    outer loop
      vertex   3.590644e+00 2.285879e+00 -1.468664e+01
      vertex   -5.995204e-16 2.130761e+00 -1.455416e+01
      vertex   -5.995204e-16 2.285879e+00 -1.468664e+01
    endloop
  endfacet
  facet normal -0.000000e+00 -5.224986e-01 -8.526402e-01
    outer loop
      vertex   3.590644e+00 2.285879e+00 -1.468664e+01
      vertex   -5.995204e-16 2.285879e+00 -1.468664e+01
      vertex   3.590644e+00 2.459812e+00 -1.479323e+01
    endloop
  endfacet
  facet normal -0.000000e+00 -5.224986e-01 -8.526402e-01
    outer loop
      vertex   3.590644e+00 2.459812e+00 -1.479323e+01
      vertex   -5.995204e-16 2.285879e+00 -1.468664e+01
      vertex   -5.995204e-16 2.459812e+00 -1.479323e+01
    endloop
  endfacet
  facet normal -0.000000e+00 -3.826834e-01 -9.238795e-01
    outer loop
      vertex   3.590644e+00 2.459812e+00 -1.479323e+01
      vertex   -5.995204e-16 2.459812e+00 -1.479323e+01
      vertex   3.590644e+00 2.648278e+00 -1.487129e+01
    endloop
  endfacet
  facet normal -0.000000e+00 -3.826834e-01 -9.238795e-01
    outer loop
      vertex   3.590644e+00 2.648278e+00 -1.487129e+01
      vertex   -5.995204e-16 2.459812e+00 -1.479323e+01
      vertex   -5.995204e-16 2.648278e+00 -1.487129e+01
    endloop
  endfacet
  facet normal -0.000000e+00 -2.334454e-01 -9.723699e-01
    outer loop
      vertex   3.590644e+00 2.648278e+00 -1.487129e+01
      vertex   -5.995204e-16 2.648278e+00 -1.487129e+01
      vertex   3.590644e+00 2.846635e+00 -1.491891e+01
    endloop
  endfacet
  facet normal -0.000000e+00 -2.334454e-01 -9.723699e-01
    outer loop
      vertex   3.590644e+00 2.846635e+00 -1.491891e+01
      vertex   -5.995204e-16 2.648278e+00 -1.487129e+01
      vertex   -5.995204e-16 2.846635e+00 -1.491891e+01
    endloop
  endfacet
  facet normal -0.000000e+00 -7.845910e-02 -9.969173e-01
    outer loop
      vertex   3.590644e+00 2.846635e+00 -1.491891e+01
      vertex   -5.995204e-16 2.846635e+00 -1.491891e+01
      vertex   5.058299e+00 3.050000e+00 -1.493492e+01
    endloop
  endfacet
  facet normal 3.860763e-04 -8.799927e-02 -9.961205e-01
    outer loop
      vertex   5.058299e+00 3.050000e+00 -1.493492e+01
      vertex   -5.995204e-16 2.846635e+00 -1.491891e+01
      vertex   -5.064546e+00 2.881598e+00 -1.492396e+01
    endloop
  endfacet
  facet normal -0.000000e+00 -6.490699e-02 -9.978913e-01
    outer loop
      vertex   5.058299e+00 3.050000e+00 -1.493492e+01
      vertex   -5.064546e+00 2.881598e+00 -1.492396e+01
      vertex   -5.058299e+00 3.050000e+00 -1.493492e+01
    endloop
  endfacet
  facet normal 6.541707e-17 -9.992921e-01 -3.761980e-02
    outer loop
      vertex   -3.789400e+00 1.750000e+00 -1.363492e+01
      vertex   -7.181289e+00 1.750000e+00 -1.363492e+01
      vertex   -3.738304e+00 1.753680e+00 -1.373266e+01
    endloop
  endfacet
  facet normal -4.966741e-04 -9.984816e-01 -5.508470e-02
    outer loop
      vertex   -3.738304e+00 1.753680e+00 -1.373266e+01
      vertex   -7.181289e+00 1.750000e+00 -1.363492e+01
      vertex   -7.100139e+00 1.757809e+00 -1.377719e+01
    endloop
  endfacet
  facet normal 3.096538e-04 -9.933097e-01 -1.154803e-01
    outer loop
      vertex   -3.738304e+00 1.753680e+00 -1.373266e+01
      vertex   -7.100139e+00 1.757809e+00 -1.377719e+01
      vertex   -3.590644e+00 1.766005e+00 -1.383828e+01
    endloop
  endfacet
  facet normal -5.519467e-04 -9.864511e-01 -1.640548e-01
    outer loop
      vertex   -3.590644e+00 1.766005e+00 -1.383828e+01
      vertex   -7.100139e+00 1.757809e+00 -1.377719e+01
      vertex   -7.019963e+00 1.781140e+00 -1.391775e+01
    endloop
  endfacet
  facet normal 1.118227e-03 -9.723693e-01 -2.334452e-01
    outer loop
      vertex   -3.590644e+00 1.766005e+00 -1.383828e+01
      vertex   -7.019963e+00 1.781140e+00 -1.391775e+01
      vertex   -3.590644e+00 1.813627e+00 -1.403664e+01
    endloop
  endfacet
  facet normal -2.716502e-04 -9.626156e-01 -2.708711e-01
    outer loop
      vertex   -3.590644e+00 1.813627e+00 -1.403664e+01
      vertex   -7.019963e+00 1.781140e+00 -1.391775e+01
      vertex   -6.941726e+00 1.819715e+00 -1.405492e+01
    endloop
  endfacet
  facet normal 3.564883e-04 -9.273159e-01 -3.742794e-01
    outer loop
      vertex   -3.590644e+00 1.813627e+00 -1.403664e+01
      vertex   -6.941726e+00 1.819715e+00 -1.405492e+01
      vertex   -6.866366e+00 1.873070e+00 -1.418704e+01
    endloop
  endfacet
  facet normal 8.046977e-04 -9.238792e-01 -3.826833e-01
    outer loop
      vertex   -3.590644e+00 1.813627e+00 -1.403664e+01
      vertex   -6.866366e+00 1.873070e+00 -1.418704e+01
      vertex   -3.590644e+00 1.891692e+00 -1.422510e+01
    endloop
  endfacet
  facet normal -5.016038e-04 -8.805761e-01 -4.739045e-01
    outer loop
      vertex   -3.590644e+00 1.891692e+00 -1.422510e+01
      vertex   -6.866366e+00 1.873070e+00 -1.418704e+01
      vertex   -6.794790e+00 1.940563e+00 -1.431252e+01
    endloop
  endfacet
  facet normal 1.250267e-03 -8.526395e-01 -5.224982e-01
    outer loop
      vertex   -3.590644e+00 1.891692e+00 -1.422510e+01
      vertex   -6.794790e+00 1.940563e+00 -1.431252e+01
      vertex   -3.590644e+00 1.998278e+00 -1.439904e+01
    endloop
  endfacet
  facet normal -4.884263e-04 -8.234357e-01 -5.674094e-01
    outer loop
      vertex   -3.590644e+00 1.998278e+00 -1.439904e+01
      vertex   -6.794790e+00 1.940563e+00 -1.431252e+01
      vertex   -6.727856e+00 2.021384e+00 -1.442987e+01
    endloop
  endfacet
  facet normal 7.820285e-04 -7.604057e-01 -6.494478e-01
    outer loop
      vertex   -3.590644e+00 1.998278e+00 -1.439904e+01
      vertex   -6.727856e+00 2.021384e+00 -1.442987e+01
      vertex   -3.590644e+00 2.130761e+00 -1.455416e+01
    endloop
  endfacet
  facet normal 4.801347e-04 -7.566780e-01 -6.537876e-01
    outer loop
      vertex   -3.590644e+00 2.130761e+00 -1.455416e+01
      vertex   -6.727856e+00 2.021384e+00 -1.442987e+01
      vertex   -6.666370e+00 2.114562e+00 -1.453767e+01
    endloop
  endfacet
  facet normal -3.461486e-04 -6.803323e-01 -7.329037e-01
    outer loop
      vertex   -3.590644e+00 2.130761e+00 -1.455416e+01
      vertex   -6.666370e+00 2.114562e+00 -1.453767e+01
      vertex   -6.611070e+00 2.218977e+00 -1.463462e+01
    endloop
  endfacet
  facet normal 1.288505e-03 -6.494475e-01 -7.604053e-01
    outer loop
      vertex   -3.590644e+00 2.130761e+00 -1.455416e+01
      vertex   -6.611070e+00 2.218977e+00 -1.463462e+01
      vertex   -3.590644e+00 2.285879e+00 -1.468664e+01
    endloop
  endfacet
  facet normal -6.534913e-04 -5.952902e-01 -8.035105e-01
    outer loop
      vertex   -3.590644e+00 2.285879e+00 -1.468664e+01
      vertex   -6.611070e+00 2.218977e+00 -1.463462e+01
      vertex   -6.248885e+00 2.332040e+00 -1.471868e+01
    endloop
  endfacet
  facet normal 1.202649e-03 -5.224982e-01 -8.526395e-01
    outer loop
      vertex   -3.590644e+00 2.285879e+00 -1.468664e+01
      vertex   -6.248885e+00 2.332040e+00 -1.471868e+01
      vertex   -3.590644e+00 2.459812e+00 -1.479323e+01
    endloop
  endfacet
  facet normal 1.775295e-04 -5.067029e-01 -8.621207e-01
    outer loop
      vertex   -3.590644e+00 2.459812e+00 -1.479323e+01
      vertex   -6.248885e+00 2.332040e+00 -1.471868e+01
      vertex   -5.870523e+00 2.453535e+00 -1.479001e+01
    endloop
  endfacet
  facet normal -1.606639e-04 -4.095922e-01 -9.122687e-01
    outer loop
      vertex   -3.590644e+00 2.459812e+00 -1.479323e+01
      vertex   -5.870523e+00 2.453535e+00 -1.479001e+01
      vertex   -5.480429e+00 2.582036e+00 -1.484777e+01
    endloop
  endfacet
  facet normal 1.914799e-03 -3.826827e-01 -9.238778e-01
    outer loop
      vertex   -3.590644e+00 2.459812e+00 -1.479323e+01
      vertex   -5.480429e+00 2.582036e+00 -1.484777e+01
      vertex   -3.590644e+00 2.648278e+00 -1.487129e+01
    endloop
  endfacet
  facet normal -1.129038e-03 -3.058592e-01 -9.520761e-01
    outer loop
      vertex   -3.590644e+00 2.648278e+00 -1.487129e+01
      vertex   -5.480429e+00 2.582036e+00 -1.484777e+01
      vertex   -5.083185e+00 2.716033e+00 -1.489129e+01
    endloop
  endfacet
  facet normal 2.430143e-03 -2.334447e-01 -9.723670e-01
    outer loop
      vertex   -3.590644e+00 2.648278e+00 -1.487129e+01
      vertex   -5.083185e+00 2.716033e+00 -1.489129e+01
      vertex   -3.590644e+00 2.846635e+00 -1.491891e+01
    endloop
  endfacet
  facet normal -1.227309e-03 -1.934940e-01 -9.811007e-01
    outer loop
      vertex   -3.590644e+00 2.846635e+00 -1.491891e+01
      vertex   -5.083185e+00 2.716033e+00 -1.489129e+01
      vertex   -5.064546e+00 2.881598e+00 -1.492396e+01
    endloop
  endfacet
  facet normal 0.000000e+00 -1.430006e-01 -9.897226e-01
    outer loop
      vertex   -3.590644e+00 2.846635e+00 -1.491891e+01
      vertex   -5.064546e+00 2.881598e+00 -1.492396e+01
      vertex   -5.995204e-16 2.846635e+00 -1.491891e+01
    endloop
  endfacet
  facet normal -1.878792e-03 -6.497628e-02 -9.978850e-01
    outer loop
      vertex   5.058299e+00 3.050000e+00 -1.493492e+01
      vertex   5.064546e+00 2.881598e+00 -1.492396e+01
      vertex   3.590644e+00 2.846635e+00 -1.491891e+01
    endloop
  endfacet
  facet normal 1.227309e-03 -1.934940e-01 -9.811007e-01
    outer loop
      vertex   3.590644e+00 2.846635e+00 -1.491891e+01
      vertex   5.064546e+00 2.881598e+00 -1.492396e+01
      vertex   5.083185e+00 2.716033e+00 -1.489129e+01
    endloop
  endfacet
  facet normal -2.430143e-03 -2.334447e-01 -9.723670e-01
    outer loop
      vertex   3.590644e+00 2.846635e+00 -1.491891e+01
      vertex   5.083185e+00 2.716033e+00 -1.489129e+01
      vertex   3.590644e+00 2.648278e+00 -1.487129e+01
    endloop
  endfacet
  facet normal 1.129038e-03 -3.058592e-01 -9.520761e-01
    outer loop
      vertex   3.590644e+00 2.648278e+00 -1.487129e+01
      vertex   5.083185e+00 2.716033e+00 -1.489129e+01
      vertex   5.480429e+00 2.582036e+00 -1.484777e+01
    endloop
  endfacet
  facet normal -1.914799e-03 -3.826827e-01 -9.238778e-01
    outer loop
      vertex   3.590644e+00 2.648278e+00 -1.487129e+01
      vertex   5.480429e+00 2.582036e+00 -1.484777e+01
      vertex   3.590644e+00 2.459812e+00 -1.479323e+01
    endloop
  endfacet
  facet normal 1.606639e-04 -4.095922e-01 -9.122687e-01
    outer loop
      vertex   3.590644e+00 2.459812e+00 -1.479323e+01
      vertex   5.480429e+00 2.582036e+00 -1.484777e+01
      vertex   5.870523e+00 2.453535e+00 -1.479001e+01
    endloop
  endfacet
  facet normal -1.775295e-04 -5.067029e-01 -8.621207e-01
    outer loop
      vertex   3.590644e+00 2.459812e+00 -1.479323e+01
      vertex   5.870523e+00 2.453535e+00 -1.479001e+01
      vertex   6.248885e+00 2.332040e+00 -1.471868e+01
    endloop
  endfacet
  facet normal -1.202649e-03 -5.224982e-01 -8.526395e-01
    outer loop
      vertex   3.590644e+00 2.459812e+00 -1.479323e+01
      vertex   6.248885e+00 2.332040e+00 -1.471868e+01
      vertex   3.590644e+00 2.285879e+00 -1.468664e+01
    endloop
  endfacet
  facet normal 6.534913e-04 -5.952902e-01 -8.035105e-01
    outer loop
      vertex   3.590644e+00 2.285879e+00 -1.468664e+01
      vertex   6.248885e+00 2.332040e+00 -1.471868e+01
      vertex   6.611070e+00 2.218977e+00 -1.463462e+01
    endloop
  endfacet
  facet normal -1.288505e-03 -6.494475e-01 -7.604053e-01
    outer loop
      vertex   3.590644e+00 2.285879e+00 -1.468664e+01
      vertex   6.611070e+00 2.218977e+00 -1.463462e+01
      vertex   3.590644e+00 2.130761e+00 -1.455416e+01
    endloop
  endfacet
  facet normal 3.461486e-04 -6.803323e-01 -7.329037e-01
    outer loop
      vertex   3.590644e+00 2.130761e+00 -1.455416e+01
      vertex   6.611070e+00 2.218977e+00 -1.463462e+01
      vertex   6.666370e+00 2.114562e+00 -1.453767e+01
    endloop
  endfacet
  facet normal -4.801347e-04 -7.566780e-01 -6.537876e-01
    outer loop
      vertex   3.590644e+00 2.130761e+00 -1.455416e+01
      vertex   6.666370e+00 2.114562e+00 -1.453767e+01
      vertex   6.727856e+00 2.021384e+00 -1.442987e+01
    endloop
  endfacet
  facet normal -7.820285e-04 -7.604057e-01 -6.494478e-01
    outer loop
      vertex   3.590644e+00 2.130761e+00 -1.455416e+01
      vertex   6.727856e+00 2.021384e+00 -1.442987e+01
      vertex   3.590644e+00 1.998278e+00 -1.439904e+01
    endloop
  endfacet
  facet normal 4.884263e-04 -8.234357e-01 -5.674094e-01
    outer loop
      vertex   3.590644e+00 1.998278e+00 -1.439904e+01
      vertex   6.727856e+00 2.021384e+00 -1.442987e+01
      vertex   6.794790e+00 1.940563e+00 -1.431252e+01
    endloop
  endfacet
  facet normal -1.250267e-03 -8.526395e-01 -5.224982e-01
    outer loop
      vertex   3.590644e+00 1.998278e+00 -1.439904e+01
      vertex   6.794790e+00 1.940563e+00 -1.431252e+01
      vertex   3.590644e+00 1.891692e+00 -1.422510e+01
    endloop
  endfacet
  facet normal 5.016038e-04 -8.805761e-01 -4.739045e-01
    outer loop
      vertex   3.590644e+00 1.891692e+00 -1.422510e+01
      vertex   6.794790e+00 1.940563e+00 -1.431252e+01
      vertex   6.866366e+00 1.873070e+00 -1.418704e+01
    endloop
  endfacet
  facet normal -8.046977e-04 -9.238792e-01 -3.826833e-01
    outer loop
      vertex   3.590644e+00 1.891692e+00 -1.422510e+01
      vertex   6.866366e+00 1.873070e+00 -1.418704e+01
      vertex   3.590644e+00 1.813627e+00 -1.403664e+01
    endloop
  endfacet
  facet normal -3.564883e-04 -9.273159e-01 -3.742794e-01
    outer loop
      vertex   3.590644e+00 1.813627e+00 -1.403664e+01
      vertex   6.866366e+00 1.873070e+00 -1.418704e+01
      vertex   6.941726e+00 1.819715e+00 -1.405492e+01
    endloop
  endfacet
  facet normal 2.716502e-04 -9.626156e-01 -2.708711e-01
    outer loop
      vertex   3.590644e+00 1.813627e+00 -1.403664e+01
      vertex   6.941726e+00 1.819715e+00 -1.405492e+01
      vertex   7.019963e+00 1.781140e+00 -1.391775e+01
    endloop
  endfacet
  facet normal -1.118227e-03 -9.723693e-01 -2.334452e-01
    outer loop
      vertex   3.590644e+00 1.813627e+00 -1.403664e+01
      vertex   7.019963e+00 1.781140e+00 -1.391775e+01
      vertex   3.590644e+00 1.766005e+00 -1.383828e+01
    endloop
  endfacet
  facet normal 5.519467e-04 -9.864511e-01 -1.640548e-01
    outer loop
      vertex   3.590644e+00 1.766005e+00 -1.383828e+01
      vertex   7.019963e+00 1.781140e+00 -1.391775e+01
      vertex   7.100139e+00 1.757809e+00 -1.377719e+01
    endloop
  endfacet
  facet normal 0.000000e+00 -9.723699e-01 -2.334454e-01
    outer loop
      vertex   -5.995204e-16 1.813627e+00 -1.403664e+01
      vertex   -5.995204e-16 1.766005e+00 -1.383828e+01
      vertex   -3.590644e+00 1.766005e+00 -1.383828e+01
    endloop
  endfacet
  facet normal 0.000000e+00 -9.932600e-01 -1.159074e-01
    outer loop
      vertex   -3.590644e+00 1.766005e+00 -1.383828e+01
      vertex   -5.995204e-16 1.766005e+00 -1.383828e+01
      vertex   -3.738304e+00 1.753680e+00 -1.373266e+01
    endloop
  endfacet
  facet normal 0.000000e+00 -9.238795e-01 -3.826834e-01
    outer loop
      vertex   -5.995204e-16 1.891692e+00 -1.422510e+01
      vertex   -5.995204e-16 1.813627e+00 -1.403664e+01
      vertex   -3.590644e+00 1.813627e+00 -1.403664e+01
    endloop
  endfacet
  facet normal 0.000000e+00 -9.723699e-01 -2.334454e-01
    outer loop
      vertex   -3.590644e+00 1.813627e+00 -1.403664e+01
      vertex   -5.995204e-16 1.813627e+00 -1.403664e+01
      vertex   -3.590644e+00 1.766005e+00 -1.383828e+01
    endloop
  endfacet
  facet normal 0.000000e+00 -8.526402e-01 -5.224986e-01
    outer loop
      vertex   -5.995204e-16 1.998278e+00 -1.439904e+01
      vertex   -5.995204e-16 1.891692e+00 -1.422510e+01
      vertex   -3.590644e+00 1.891692e+00 -1.422510e+01
    endloop
  endfacet
  facet normal 0.000000e+00 -9.238795e-01 -3.826834e-01
    outer loop
      vertex   -3.590644e+00 1.891692e+00 -1.422510e+01
      vertex   -5.995204e-16 1.891692e+00 -1.422510e+01
      vertex   -3.590644e+00 1.813627e+00 -1.403664e+01
    endloop
  endfacet
  facet normal 0.000000e+00 -7.604060e-01 -6.494480e-01
    outer loop
      vertex   -5.995204e-16 2.130761e+00 -1.455416e+01
      vertex   -5.995204e-16 1.998278e+00 -1.439904e+01
      vertex   -3.590644e+00 1.998278e+00 -1.439904e+01
    endloop
  endfacet
  facet normal 0.000000e+00 -8.526402e-01 -5.224986e-01
    outer loop
      vertex   -3.590644e+00 1.998278e+00 -1.439904e+01
      vertex   -5.995204e-16 1.998278e+00 -1.439904e+01
      vertex   -3.590644e+00 1.891692e+00 -1.422510e+01
    endloop
  endfacet
  facet normal 0.000000e+00 -6.494480e-01 -7.604060e-01
    outer loop
      vertex   -5.995204e-16 2.285879e+00 -1.468664e+01
      vertex   -5.995204e-16 2.130761e+00 -1.455416e+01
      vertex   -3.590644e+00 2.130761e+00 -1.455416e+01
    endloop
  endfacet
  facet normal 0.000000e+00 -7.604060e-01 -6.494480e-01
    outer loop
      vertex   -3.590644e+00 2.130761e+00 -1.455416e+01
      vertex   -5.995204e-16 2.130761e+00 -1.455416e+01
      vertex   -3.590644e+00 1.998278e+00 -1.439904e+01
    endloop
  endfacet
  facet normal 0.000000e+00 -5.224986e-01 -8.526402e-01
    outer loop
      vertex   -5.995204e-16 2.459812e+00 -1.479323e+01
      vertex   -5.995204e-16 2.285879e+00 -1.468664e+01
      vertex   -3.590644e+00 2.285879e+00 -1.468664e+01
    endloop
  endfacet
  facet normal 0.000000e+00 -6.494480e-01 -7.604060e-01
    outer loop
      vertex   -3.590644e+00 2.285879e+00 -1.468664e+01
      vertex   -5.995204e-16 2.285879e+00 -1.468664e+01
      vertex   -3.590644e+00 2.130761e+00 -1.455416e+01
    endloop
  endfacet
  facet normal 0.000000e+00 -3.826834e-01 -9.238795e-01
    outer loop
      vertex   -5.995204e-16 2.648278e+00 -1.487129e+01
      vertex   -5.995204e-16 2.459812e+00 -1.479323e+01
      vertex   -3.590644e+00 2.459812e+00 -1.479323e+01
    endloop
  endfacet
  facet normal 0.000000e+00 -5.224986e-01 -8.526402e-01
    outer loop
      vertex   -3.590644e+00 2.459812e+00 -1.479323e+01
      vertex   -5.995204e-16 2.459812e+00 -1.479323e+01
      vertex   -3.590644e+00 2.285879e+00 -1.468664e+01
    endloop
  endfacet
  facet normal 0.000000e+00 -2.334454e-01 -9.723699e-01
    outer loop
      vertex   -5.995204e-16 2.846635e+00 -1.491891e+01
      vertex   -5.995204e-16 2.648278e+00 -1.487129e+01
      vertex   -3.590644e+00 2.648278e+00 -1.487129e+01
    endloop
  endfacet
  facet normal 0.000000e+00 -3.826834e-01 -9.238795e-01
    outer loop
      vertex   -3.590644e+00 2.648278e+00 -1.487129e+01
      vertex   -5.995204e-16 2.648278e+00 -1.487129e+01
      vertex   -3.590644e+00 2.459812e+00 -1.479323e+01
    endloop
  endfacet
  facet normal 0.000000e+00 -2.334454e-01 -9.723699e-01
    outer loop
      vertex   -3.590644e+00 2.846635e+00 -1.491891e+01
      vertex   -5.995204e-16 2.846635e+00 -1.491891e+01
      vertex   -3.590644e+00 2.648278e+00 -1.487129e+01
    endloop
  endfacet
  facet normal 3.333991e-01 9.238795e-01 1.878607e-01
    outer loop
      vertex   6.157836e+00 2.716033e+00 3.230809e+00
      vertex   6.553676e+00 2.582036e+00 3.187290e+00
      vertex   1.001259e+01 2.716033e+00 -3.610275e+00
    endloop
  endfacet
  facet normal 3.333991e-01 9.238795e-01 1.878607e-01
    outer loop
      vertex   1.001259e+01 2.716033e+00 -3.610275e+00
      vertex   6.553676e+00 2.582036e+00 3.187290e+00
      vertex   6.942311e+00 2.453535e+00 3.129527e+00
    endloop
  endfacet
  facet normal 3.333991e-01 9.238795e-01 1.878607e-01
    outer loop
      vertex   1.001259e+01 2.716033e+00 -3.610275e+00
      vertex   6.942311e+00 2.453535e+00 3.129527e+00
      vertex   1.021986e+01 2.218977e+00 -1.533657e+00
    endloop
  endfacet
  facet normal 3.333991e-01 9.238795e-01 1.878607e-01
    outer loop
      vertex   1.021986e+01 2.218977e+00 -1.533657e+00
      vertex   6.942311e+00 2.453535e+00 3.129527e+00
      vertex   7.319179e+00 2.332040e+00 3.058197e+00
    endloop
  endfacet
  facet normal 3.333991e-01 9.238795e-01 1.878607e-01
    outer loop
      vertex   1.021986e+01 2.218977e+00 -1.533657e+00
      vertex   7.319179e+00 2.332040e+00 3.058197e+00
      vertex   7.679851e+00 2.218977e+00 2.974139e+00
    endloop
  endfacet
  facet normal 8.712138e-01 -8.060391e-15 4.909038e-01
    outer loop
      vertex   6.139424e+00 2.881598e+00 3.263485e+00
      vertex   1.001259e+01 2.716033e+00 -3.610275e+00
      vertex   6.133252e+00 3.050000e+00 3.274438e+00
    endloop
  endfacet
  facet normal 8.712138e-01 0.000000e+00 4.909038e-01
    outer loop
      vertex   6.133252e+00 3.050000e+00 3.274438e+00
      vertex   1.001259e+01 2.716033e+00 -3.610275e+00
      vertex   1.001259e+01 3.716033e+00 -3.610275e+00
    endloop
  endfacet
  facet normal 8.712138e-01 5.071567e-16 4.909038e-01
    outer loop
      vertex   6.133252e+00 3.050000e+00 3.274438e+00
      vertex   1.001259e+01 3.716033e+00 -3.610275e+00
      vertex   6.133252e+00 3.716033e+00 3.274438e+00
    endloop
  endfacet
  facet normal 8.712138e-01 1.964133e-15 4.909038e-01
    outer loop
      vertex   6.139424e+00 2.881598e+00 3.263485e+00
      vertex   6.157836e+00 2.716033e+00 3.230809e+00
      vertex   1.001259e+01 2.716033e+00 -3.610275e+00
    endloop
  endfacet
  facet normal 3.333991e-01 -9.238795e-01 1.878607e-01
    outer loop
      vertex   7.510641e+00 4.213090e+00 3.274438e+00
      vertex   6.133252e+00 3.716033e+00 3.274438e+00
      vertex   1.021986e+01 4.213090e+00 -1.533657e+00
    endloop
  endfacet
  facet normal 3.333991e-01 -9.238795e-01 1.878607e-01
    outer loop
      vertex   1.021986e+01 4.213090e+00 -1.533657e+00
      vertex   6.133252e+00 3.716033e+00 3.274438e+00
      vertex   1.001259e+01 3.716033e+00 -3.610275e+00
    endloop
  endfacet
  facet normal 8.712138e-01 0.000000e+00 4.909038e-01
    outer loop
      vertex   7.510641e+00 4.666033e+00 3.274438e+00
      vertex   7.510641e+00 4.213090e+00 3.274438e+00
      vertex   1.021986e+01 4.666033e+00 -1.533657e+00
    endloop
  endfacet
  facet normal 8.712138e-01 -4.813072e-16 4.909038e-01
    outer loop
      vertex   1.021986e+01 4.666033e+00 -1.533657e+00
      vertex   7.510641e+00 4.213090e+00 3.274438e+00
      vertex   1.021986e+01 4.213090e+00 -1.533657e+00
    endloop
  endfacet
  facet normal 0.000000e+00 1.000000e+00 0.000000e+00
    outer loop
      vertex   -6.661251e+00 4.666033e+00 3.274438e+00
      vertex   -9.460278e+00 4.666033e+00 -1.693034e+00
      vertex   -7.510641e+00 4.666033e+00 3.274438e+00
    endloop
  endfacet
  facet normal 0.000000e+00 1.000000e+00 0.000000e+00
    outer loop
      vertex   -7.510641e+00 4.666033e+00 3.274438e+00
      vertex   -9.460278e+00 4.666033e+00 -1.693034e+00
      vertex   -1.021986e+01 4.666033e+00 -1.533657e+00
    endloop
  endfacet
  facet normal 0.000000e+00 1.000000e+00 0.000000e+00
    outer loop
      vertex   -1.021986e+01 4.666033e+00 -1.533657e+00
      vertex   -9.460278e+00 4.666033e+00 -1.693034e+00
      vertex   -9.400305e+00 4.666033e+00 -9.744567e+00
    endloop
  endfacet
  facet normal 0.000000e+00 1.000000e+00 -0.000000e+00
    outer loop
      vertex   -9.400305e+00 4.666033e+00 -9.744567e+00
      vertex   -9.460278e+00 4.666033e+00 -1.693034e+00
      vertex   -8.679586e+00 4.666033e+00 -9.514556e+00
    endloop
  endfacet
  facet normal -0.000000e+00 1.000000e+00 0.000000e+00
    outer loop
      vertex   -9.400305e+00 4.666033e+00 -9.744567e+00
      vertex   -8.679586e+00 4.666033e+00 -9.514556e+00
      vertex   -6.439782e+00 4.666033e+00 -1.493492e+01
    endloop
  endfacet
  facet normal 0.000000e+00 1.000000e+00 -0.000000e+00
    outer loop
      vertex   -6.439782e+00 4.666033e+00 -1.493492e+01
      vertex   -8.679586e+00 4.666033e+00 -9.514556e+00
      vertex   -5.587867e+00 4.666033e+00 -1.493492e+01
    endloop
  endfacet
  facet normal -0.000000e+00 1.000000e+00 0.000000e+00
    outer loop
      vertex   6.661251e+00 4.666033e+00 3.274438e+00
      vertex   7.510641e+00 4.666033e+00 3.274438e+00
      vertex   9.460278e+00 4.666033e+00 -1.693034e+00
    endloop
  endfacet
  facet normal 0.000000e+00 1.000000e+00 -0.000000e+00
    outer loop
      vertex   9.460278e+00 4.666033e+00 -1.693034e+00
      vertex   7.510641e+00 4.666033e+00 3.274438e+00
      vertex   1.021986e+01 4.666033e+00 -1.533657e+00
    endloop
  endfacet
  facet normal -0.000000e+00 1.000000e+00 0.000000e+00
    outer loop
      vertex   9.460278e+00 4.666033e+00 -1.693034e+00
      vertex   1.021986e+01 4.666033e+00 -1.533657e+00
      vertex   9.400305e+00 4.666033e+00 -9.744567e+00
    endloop
  endfacet
  facet normal 0.000000e+00 1.000000e+00 0.000000e+00
    outer loop
      vertex   9.460278e+00 4.666033e+00 -1.693034e+00
      vertex   9.400305e+00 4.666033e+00 -9.744567e+00
      vertex   8.679586e+00 4.666033e+00 -9.514556e+00
    endloop
  endfacet
  facet normal 0.000000e+00 1.000000e+00 0.000000e+00
    outer loop
      vertex   8.679586e+00 4.666033e+00 -9.514556e+00
      vertex   9.400305e+00 4.666033e+00 -9.744567e+00
      vertex   6.439782e+00 4.666033e+00 -1.493492e+01
    endloop
  endfacet
  facet normal 0.000000e+00 1.000000e+00 0.000000e+00
    outer loop
      vertex   8.679586e+00 4.666033e+00 -9.514556e+00
      vertex   6.439782e+00 4.666033e+00 -1.493492e+01
      vertex   5.587867e+00 4.666033e+00 -1.493492e+01
    endloop
  endfacet
  facet normal 3.349237e-14 1.233555e-16 1.000000e+00
    outer loop
      vertex   -2.259062e+00 3.050000e+00 3.274438e+00
      vertex   -2.261448e+00 3.697864e+00 3.274438e+00
      vertex   -2.500000e+00 3.666033e+00 3.274438e+00
    endloop
  endfacet
  facet normal 3.361452e-14 -7.920177e-16 1.000000e+00
    outer loop
      vertex   -2.500000e+00 3.666033e+00 3.274438e+00
      vertex   -2.261448e+00 3.697864e+00 3.274438e+00
      vertex   -2.253990e+00 4.014365e+00 3.274438e+00
    endloop
  endfacet
  facet normal 3.249308e-14 -0.000000e+00 1.000000e+00
    outer loop
      vertex   -2.500000e+00 3.666033e+00 3.274438e+00
      vertex   -2.253990e+00 4.014365e+00 3.274438e+00
      vertex   -2.500000e+00 4.195950e+00 3.274438e+00
    endloop
  endfacet
  facet normal 1.203620e-14 -2.771473e-14 1.000000e+00
    outer loop
      vertex   -2.500000e+00 4.195950e+00 3.274438e+00
      vertex   -2.253990e+00 4.014365e+00 3.274438e+00
      vertex   -2.407130e+00 4.236283e+00 3.274438e+00
    endloop
  endfacet
  facet normal 1.330789e-14 -2.683717e-14 1.000000e+00
    outer loop
      vertex   -2.407130e+00 4.236283e+00 3.274438e+00
      vertex   -2.253990e+00 4.014365e+00 3.274438e+00
      vertex   -2.316420e+00 4.281264e+00 3.274438e+00
    endloop
  endfacet
  facet normal 9.486134e-14 -7.761247e-15 1.000000e+00
    outer loop
      vertex   -2.316420e+00 4.281264e+00 3.274438e+00
      vertex   -2.253990e+00 4.014365e+00 3.274438e+00
      vertex   -2.228103e+00 4.330778e+00 3.274438e+00
    endloop
  endfacet
  facet normal -3.094773e-15 -1.418634e-14 1.000000e+00
    outer loop
      vertex   -2.500000e+00 3.666033e+00 3.274438e+00
      vertex   -5.513427e+00 3.666033e+00 3.274438e+00
      vertex   -2.259062e+00 3.050000e+00 3.274438e+00
    endloop
  endfacet
  facet normal 3.336153e-24 2.162655e-15 1.000000e+00
    outer loop
      vertex   -2.259062e+00 3.050000e+00 3.274438e+00
      vertex   -5.513427e+00 3.666033e+00 3.274438e+00
      vertex   -6.133252e+00 3.050000e+00 3.274438e+00
    endloop
  endfacet
  facet normal 1.486737e-15 6.667673e-16 1.000000e+00
    outer loop
      vertex   -6.133252e+00 3.050000e+00 3.274438e+00
      vertex   -5.513427e+00 3.666033e+00 3.274438e+00
      vertex   -6.133252e+00 3.716033e+00 3.274438e+00
    endloop
  endfacet
  facet normal 1.539691e-15 1.323205e-15 1.000000e+00
    outer loop
      vertex   -6.133252e+00 3.716033e+00 3.274438e+00
      vertex   -5.513427e+00 3.666033e+00 3.274438e+00
      vertex   -6.661251e+00 4.666033e+00 3.274438e+00
    endloop
  endfacet
  facet normal 2.110150e-16 5.847420e-16 1.000000e+00
    outer loop
      vertex   -6.133252e+00 3.716033e+00 3.274438e+00
      vertex   -6.661251e+00 4.666033e+00 3.274438e+00
      vertex   -7.510641e+00 4.213090e+00 3.274438e+00
    endloop
  endfacet
  facet normal 5.228333e-16 2.050450e-30 1.000000e+00
    outer loop
      vertex   -7.510641e+00 4.213090e+00 3.274438e+00
      vertex   -6.661251e+00 4.666033e+00 3.274438e+00
      vertex   -7.510641e+00 4.666033e+00 3.274438e+00
    endloop
  endfacet
  facet normal 1.434224e-09 -9.602504e-01 2.791402e-01
    outer loop
      vertex   -2.259062e+00 3.050000e+00 3.274438e+00
      vertex   2.500000e+00 3.050000e+00 3.274438e+00
      vertex   -2.158549e+00 3.051472e+00 3.279503e+00
    endloop
  endfacet
  facet normal -1.638362e-16 -9.602507e-01 2.791389e-01
    outer loop
      vertex   -2.158549e+00 3.051472e+00 3.279503e+00
      vertex   2.500000e+00 3.050000e+00 3.274438e+00
      vertex   -2.059411e+00 3.055853e+00 3.294574e+00
    endloop
  endfacet
  facet normal 2.308122e-16 -9.602507e-01 2.791389e-01
    outer loop
      vertex   -2.059411e+00 3.055853e+00 3.294574e+00
      vertex   2.500000e+00 3.050000e+00 3.274438e+00
      vertex   -1.962385e+00 3.063091e+00 3.319472e+00
    endloop
  endfacet
  facet normal -1.950032e-15 -9.602507e-01 2.791389e-01
    outer loop
      vertex   -1.962385e+00 3.063091e+00 3.319472e+00
      vertex   2.500000e+00 3.050000e+00 3.274438e+00
      vertex   -1.868249e+00 3.073127e+00 3.353996e+00
    endloop
  endfacet
  facet normal -4.875042e-14 -9.602507e-01 2.791389e-01
    outer loop
      vertex   -1.868249e+00 3.073127e+00 3.353996e+00
      vertex   2.500000e+00 3.050000e+00 3.274438e+00
      vertex   -1.778452e+00 3.085790e+00 3.397558e+00
    endloop
  endfacet
  facet normal -1.144665e-12 -9.602507e-01 2.791389e-01
    outer loop
      vertex   -1.778452e+00 3.085790e+00 3.397558e+00
      vertex   2.500000e+00 3.050000e+00 3.274438e+00
      vertex   2.299117e+00 3.086444e+00 3.399809e+00
    endloop
  endfacet
  facet normal -1.166182e-12 -9.602507e-01 2.791389e-01
    outer loop
      vertex   -1.778452e+00 3.085790e+00 3.397558e+00
      vertex   2.299117e+00 3.086444e+00 3.399809e+00
      vertex   -1.693861e+00 3.100914e+00 3.449585e+00
    endloop
  endfacet
  facet normal -2.243607e-12 -9.602507e-01 2.791389e-01
    outer loop
      vertex   -1.693861e+00 3.100914e+00 3.449585e+00
      vertex   2.299117e+00 3.086444e+00 3.399809e+00
      vertex   2.104853e+00 3.124974e+00 3.532353e+00
    endloop
  endfacet
  facet normal -4.233145e-12 -9.602507e-01 2.791389e-01
    outer loop
      vertex   -1.693861e+00 3.100914e+00 3.449585e+00
      vertex   2.104853e+00 3.124974e+00 3.532353e+00
      vertex   -1.615041e+00 3.118359e+00 3.509598e+00
    endloop
  endfacet
  facet normal -4.225312e-12 -9.602507e-01 2.791389e-01
    outer loop
      vertex   -1.615041e+00 3.118359e+00 3.509598e+00
      vertex   2.104853e+00 3.124974e+00 3.532353e+00
      vertex   -1.542635e+00 3.137965e+00 3.577040e+00
    endloop
  endfacet
  facet normal -5.434703e-12 -9.602507e-01 2.791389e-01
    outer loop
      vertex   -1.542635e+00 3.137965e+00 3.577040e+00
      vertex   2.104853e+00 3.124974e+00 3.532353e+00
      vertex   1.915679e+00 3.165595e+00 3.672090e+00
    endloop
  endfacet
  facet normal -7.876869e-12 -9.602507e-01 2.791389e-01
    outer loop
      vertex   -1.542635e+00 3.137965e+00 3.577040e+00
      vertex   1.915679e+00 3.165595e+00 3.672090e+00
      vertex   -1.477624e+00 3.159423e+00 3.650858e+00
    endloop
  endfacet
  facet normal -7.844781e-12 -9.602507e-01 2.791389e-01
    outer loop
      vertex   -1.477624e+00 3.159423e+00 3.650858e+00
      vertex   1.915679e+00 3.165595e+00 3.672090e+00
      vertex   -1.420439e+00 3.182526e+00 3.730333e+00
    endloop
  endfacet
  facet normal -8.837242e-12 -9.602507e-01 2.791389e-01
    outer loop
      vertex   -1.420439e+00 3.182526e+00 3.730333e+00
      vertex   1.915679e+00 3.165595e+00 3.672090e+00
      vertex   1.730065e+00 3.208313e+00 3.819041e+00
    endloop
  endfacet
  facet normal -1.061555e-11 -9.602507e-01 2.791389e-01
    outer loop
      vertex   -1.420439e+00 3.182526e+00 3.730333e+00
      vertex   1.730065e+00 3.208313e+00 3.819041e+00
      vertex   -1.371410e+00 3.207090e+00 3.814837e+00
    endloop
  endfacet
  facet normal -1.063858e-11 -9.602507e-01 2.791389e-01
    outer loop
      vertex   -1.371410e+00 3.207090e+00 3.814837e+00
      vertex   1.730065e+00 3.208313e+00 3.819041e+00
      vertex   -1.330897e+00 3.232911e+00 3.903660e+00
    endloop
  endfacet
  facet normal -9.983352e-12 -9.602507e-01 2.791389e-01
    outer loop
      vertex   -1.330897e+00 3.232911e+00 3.903660e+00
      vertex   1.730065e+00 3.208313e+00 3.819041e+00
      vertex   1.370686e+00 3.298120e+00 4.127981e+00
    endloop
  endfacet
  facet normal -9.965475e-12 -9.602507e-01 2.791389e-01
    outer loop
      vertex   -1.330897e+00 3.232911e+00 3.903660e+00
      vertex   1.370686e+00 3.298120e+00 4.127981e+00
      vertex   -1.299330e+00 3.259676e+00 3.995733e+00
    endloop
  endfacet
  facet normal -8.995884e-12 -9.602507e-01 2.791389e-01
    outer loop
      vertex   -1.299330e+00 3.259676e+00 3.995733e+00
      vertex   1.370686e+00 3.298120e+00 4.127981e+00
      vertex   -1.276897e+00 3.287168e+00 4.090305e+00
    endloop
  endfacet
  facet normal -1.009214e-11 -9.602507e-01 2.791389e-01
    outer loop
      vertex   -1.276897e+00 3.287168e+00 4.090305e+00
      vertex   1.370686e+00 3.298120e+00 4.127981e+00
      vertex   1.201087e+00 3.342896e+00 4.282014e+00
    endloop
  endfacet
  facet normal -3.114892e-12 -9.602507e-01 2.791389e-01
    outer loop
      vertex   -1.276897e+00 3.287168e+00 4.090305e+00
      vertex   1.201087e+00 3.342896e+00 4.282014e+00
      vertex   -1.263774e+00 3.315113e+00 4.186440e+00
    endloop
  endfacet
  facet normal -3.098824e-12 -9.602507e-01 2.791389e-01
    outer loop
      vertex   -1.263774e+00 3.315113e+00 4.186440e+00
      vertex   1.201087e+00 3.342896e+00 4.282014e+00
      vertex   -1.260032e+00 3.343286e+00 4.283355e+00
    endloop
  endfacet
  facet normal -3.073117e-12 -9.602507e-01 2.791389e-01
    outer loop
      vertex   -1.260032e+00 3.343286e+00 4.283355e+00
      vertex   1.201087e+00 3.342896e+00 4.282014e+00
      vertex   1.038490e+00 3.386483e+00 4.431955e+00
    endloop
  endfacet
  facet normal 1.669277e-15 -9.602507e-01 2.791389e-01
    outer loop
      vertex   -1.260032e+00 3.343286e+00 4.283355e+00
      vertex   1.038490e+00 3.386483e+00 4.431955e+00
      vertex   -1.261510e+00 3.386483e+00 4.431955e+00
    endloop
  endfacet
  facet normal -1.328569e-16 4.787833e-01 -8.779331e-01
    outer loop
      vertex   2.227030e+00 4.331415e+00 2.729602e+00
      vertex   2.360330e+00 4.258786e+00 2.689994e+00
      vertex   -1.239928e+00 4.331415e+00 2.729602e+00
    endloop
  endfacet
  facet normal 2.065100e-04 4.866541e-01 -8.735947e-01
    outer loop
      vertex   -1.239928e+00 4.331415e+00 2.729602e+00
      vertex   2.360330e+00 4.258786e+00 2.689994e+00
      vertex   2.500000e+00 4.195950e+00 2.655023e+00
    endloop
  endfacet
  facet normal 4.134905e-04 4.910212e-01 -8.711475e-01
    outer loop
      vertex   -1.239928e+00 4.331415e+00 2.729602e+00
      vertex   2.500000e+00 4.195950e+00 2.655023e+00
      vertex   -1.238590e+00 4.039929e+00 2.565307e+00
    endloop
  endfacet
  facet normal -5.751845e-04 5.088077e-01 -8.608800e-01
    outer loop
      vertex   -1.238590e+00 4.039929e+00 2.565307e+00
      vertex   2.500000e+00 4.195950e+00 2.655023e+00
      vertex   2.500000e+00 3.855889e+00 2.454036e+00
    endloop
  endfacet
  facet normal 3.825795e-04 5.230700e-01 -8.522897e-01
    outer loop
      vertex   -1.238590e+00 4.039929e+00 2.565307e+00
      vertex   2.500000e+00 3.855889e+00 2.454036e+00
      vertex   -1.237335e+00 3.754633e+00 2.390215e+00
    endloop
  endfacet
  facet normal -4.899183e-04 5.460932e-01 -8.377243e-01
    outer loop
      vertex   -1.237335e+00 3.754633e+00 2.390215e+00
      vertex   2.500000e+00 3.855889e+00 2.454036e+00
      vertex   2.500000e+00 3.524974e+00 2.238320e+00
    endloop
  endfacet
  facet normal 2.442315e-04 5.544138e-01 -8.322411e-01
    outer loop
      vertex   -1.237335e+00 3.754633e+00 2.390215e+00
      vertex   2.500000e+00 3.524974e+00 2.238320e+00
      vertex   -1.236130e+00 3.475835e+00 2.204488e+00
    endloop
  endfacet
  facet normal -2.975315e-04 5.823267e-01 -8.129548e-01
    outer loop
      vertex   -1.236130e+00 3.475835e+00 2.204488e+00
      vertex   2.500000e+00 3.524974e+00 2.238320e+00
      vertex   2.500000e+00 3.203843e+00 2.008291e+00
    endloop
  endfacet
  facet normal -2.880623e-16 5.850181e-01 -8.110202e-01
    outer loop
      vertex   -1.236130e+00 3.475835e+00 2.204488e+00
      vertex   2.500000e+00 3.203843e+00 2.008291e+00
      vertex   -1.234941e+00 3.203843e+00 2.008291e+00
    endloop
  endfacet
  facet normal 2.652663e-15 -1.297593e-14 1.000000e+00
    outer loop
      vertex   2.500000e+00 3.666033e+00 3.274438e+00
      vertex   2.500000e+00 3.050000e+00 3.274438e+00
      vertex   5.513427e+00 3.666033e+00 3.274438e+00
    endloop
  endfacet
  facet normal 0.000000e+00 0.000000e+00 1.000000e+00
    outer loop
      vertex   5.513427e+00 3.666033e+00 3.274438e+00
      vertex   2.500000e+00 3.050000e+00 3.274438e+00
      vertex   6.133252e+00 3.050000e+00 3.274438e+00
    endloop
  endfacet
  facet normal -1.325377e-15 -1.333535e-15 1.000000e+00
    outer loop
      vertex   5.513427e+00 3.666033e+00 3.274438e+00
      vertex   6.133252e+00 3.050000e+00 3.274438e+00
      vertex   6.133252e+00 3.716033e+00 3.274438e+00
    endloop
  endfacet
  facet normal -1.500212e-15 8.338001e-16 1.000000e+00
    outer loop
      vertex   5.513427e+00 3.666033e+00 3.274438e+00
      vertex   6.133252e+00 3.716033e+00 3.274438e+00
      vertex   6.661251e+00 4.666033e+00 3.274438e+00
    endloop
  endfacet
  facet normal 0.000000e+00 0.000000e+00 1.000000e+00
    outer loop
      vertex   6.661251e+00 4.666033e+00 3.274438e+00
      vertex   6.133252e+00 3.716033e+00 3.274438e+00
      vertex   7.510641e+00 4.213090e+00 3.274438e+00
    endloop
  endfacet
  facet normal -0.000000e+00 0.000000e+00 1.000000e+00
    outer loop
      vertex   6.661251e+00 4.666033e+00 3.274438e+00
      vertex   7.510641e+00 4.213090e+00 3.274438e+00
      vertex   7.510641e+00 4.666033e+00 3.274438e+00
    endloop
  endfacet
  facet normal 5.461509e-01 8.376864e-01 7.709923e-04
    outer loop
      vertex   2.092121e+00 4.419329e+00 2.777670e+00
      vertex   2.102200e+00 4.412149e+00 3.438854e+00
      vertex   2.227030e+00 4.331415e+00 2.729602e+00
    endloop
  endfacet
  facet normal 5.251029e-01 8.510271e-01 -4.452074e-03
    outer loop
      vertex   2.227030e+00 4.331415e+00 2.729602e+00
      vertex   2.102200e+00 4.412149e+00 3.438854e+00
      vertex   2.295528e+00 4.292452e+00 3.360648e+00
    endloop
  endfacet
  facet normal 4.789552e-01 8.778365e-01 2.212365e-03
    outer loop
      vertex   2.227030e+00 4.331415e+00 2.729602e+00
      vertex   2.295528e+00 4.292452e+00 3.360648e+00
      vertex   2.360330e+00 4.258786e+00 2.689994e+00
    endloop
  endfacet
  facet normal 4.253092e-01 9.050377e-01 -4.336673e-03
    outer loop
      vertex   2.360330e+00 4.258786e+00 2.689994e+00
      vertex   2.295528e+00 4.292452e+00 3.360648e+00
      vertex   2.500000e+00 4.195950e+00 3.274438e+00
    endloop
  endfacet
  facet normal 4.102772e-01 9.119609e-01 -3.048290e-14
    outer loop
      vertex   2.360330e+00 4.258786e+00 2.689994e+00
      vertex   2.500000e+00 4.195950e+00 3.274438e+00
      vertex   2.500000e+00 4.195950e+00 2.655023e+00
    endloop
  endfacet
  facet normal 5.969954e-01 8.022445e-01 -3.889236e-04
    outer loop
      vertex   2.102200e+00 4.412149e+00 3.438854e+00
      vertex   2.092121e+00 4.419329e+00 2.777670e+00
      vertex   2.010405e+00 4.480475e+00 3.472669e+00
    endloop
  endfacet
  facet normal 6.109325e-01 7.916797e-01 2.179256e-03
    outer loop
      vertex   2.010405e+00 4.480475e+00 3.472669e+00
      vertex   2.092121e+00 4.419329e+00 2.777670e+00
      vertex   1.968104e+00 4.514884e+00 2.831353e+00
    endloop
  endfacet
  facet normal 6.418806e-01 7.668036e-01 -1.196748e-03
    outer loop
      vertex   2.010405e+00 4.480475e+00 3.472669e+00
      vertex   1.968104e+00 4.514884e+00 2.831353e+00
      vertex   1.922224e+00 4.554336e+00 3.501739e+00
    endloop
  endfacet
  facet normal 6.699812e-01 7.423750e-01 2.164056e-03
    outer loop
      vertex   1.922224e+00 4.554336e+00 3.501739e+00
      vertex   1.968104e+00 4.514884e+00 2.831353e+00
      vertex   1.855924e+00 4.615954e+00 2.889818e+00
    endloop
  endfacet
  facet normal 6.849691e-01 7.285716e-01 -8.497692e-04
    outer loop
      vertex   1.922224e+00 4.554336e+00 3.501739e+00
      vertex   1.855924e+00 4.615954e+00 2.889818e+00
      vertex   1.838060e+00 4.633490e+00 3.525097e+00
    endloop
  endfacet
  facet normal 7.246689e-01 6.890959e-01 1.356360e-03
    outer loop
      vertex   1.838060e+00 4.633490e+00 3.525097e+00
      vertex   1.855924e+00 4.615954e+00 2.889818e+00
      vertex   1.753002e+00 4.724062e+00 2.954378e+00
    endloop
  endfacet
  facet normal 7.258130e-01 6.878914e-01 9.947075e-04
    outer loop
      vertex   1.838060e+00 4.633490e+00 3.525097e+00
      vertex   1.753002e+00 4.724062e+00 2.954378e+00
      vertex   1.758688e+00 4.717213e+00 3.541803e+00
    endloop
  endfacet
  facet normal 7.644678e-01 6.446619e-01 1.165717e-04
    outer loop
      vertex   1.758688e+00 4.717213e+00 3.541803e+00
      vertex   1.753002e+00 4.724062e+00 2.954378e+00
      vertex   1.684208e+00 4.805533e+00 3.551453e+00
    endloop
  endfacet
  facet normal 7.743757e-01 6.327195e-01 2.887710e-03
    outer loop
      vertex   1.684208e+00 4.805533e+00 3.551453e+00
      vertex   1.753002e+00 4.724062e+00 2.954378e+00
      vertex   1.658628e+00 4.839241e+00 3.025440e+00
    endloop
  endfacet
  facet normal 8.008525e-01 5.988613e-01 -5.695847e-04
    outer loop
      vertex   1.684208e+00 4.805533e+00 3.551453e+00
      vertex   1.658628e+00 4.839241e+00 3.025440e+00
      vertex   1.614632e+00 4.898578e+00 3.553692e+00
    endloop
  endfacet
  facet normal 8.187022e-01 5.742065e-01 3.686410e-03
    outer loop
      vertex   1.614632e+00 4.898578e+00 3.553692e+00
      vertex   1.658628e+00 4.839241e+00 3.025440e+00
      vertex   1.573371e+00 4.960303e+00 3.102684e+00
    endloop
  endfacet
  facet normal 8.344549e-01 5.510755e-01 -9.204536e-04
    outer loop
      vertex   1.614632e+00 4.898578e+00 3.553692e+00
      vertex   1.573371e+00 4.960303e+00 3.102684e+00
      vertex   1.549974e+00 4.996477e+00 3.548167e+00
    endloop
  endfacet
  facet normal 8.581333e-01 5.134158e-01 3.381183e-03
    outer loop
      vertex   1.549974e+00 4.996477e+00 3.548167e+00
      vertex   1.573371e+00 4.960303e+00 3.102684e+00
      vertex   1.497805e+00 5.086060e+00 3.185790e+00
    endloop
  endfacet
  facet normal 8.649009e-01 5.019426e-01 -4.293919e-04
    outer loop
      vertex   1.549974e+00 4.996477e+00 3.548167e+00
      vertex   1.497805e+00 5.086060e+00 3.185790e+00
      vertex   1.492311e+00 5.095825e+00 3.535304e+00
    endloop
  endfacet
  facet normal 8.914180e-01 4.531799e-01 1.349855e-03
    outer loop
      vertex   1.492311e+00 5.095825e+00 3.535304e+00
      vertex   1.497805e+00 5.086060e+00 3.185790e+00
      vertex   1.443396e+00 5.192096e+00 3.516887e+00
    endloop
  endfacet
  facet normal 8.933470e-01 4.493582e-01 2.890767e-03
    outer loop
      vertex   1.443396e+00 5.192096e+00 3.516887e+00
      vertex   1.497805e+00 5.086060e+00 3.185790e+00
      vertex   1.432498e+00 5.215323e+00 3.274438e+00
    endloop
  endfacet
  facet normal 9.140325e-01 4.056349e-01 -2.227693e-03
    outer loop
      vertex   1.443396e+00 5.192096e+00 3.516887e+00
      vertex   1.432498e+00 5.215323e+00 3.274438e+00
      vertex   1.402509e+00 5.284107e+00 3.494549e+00
    endloop
  endfacet
  facet normal 9.240105e-01 3.823131e-01 6.419775e-03
    outer loop
      vertex   1.402509e+00 5.284107e+00 3.494549e+00
      vertex   1.432498e+00 5.215323e+00 3.274438e+00
      vertex   1.383619e+00 5.332056e+00 3.357891e+00
    endloop
  endfacet
  facet normal 9.325134e-01 3.611287e-01 -2.188596e-03
    outer loop
      vertex   1.402509e+00 5.284107e+00 3.494549e+00
      vertex   1.383619e+00 5.332056e+00 3.357891e+00
      vertex   1.368927e+00 5.370673e+00 3.469922e+00
    endloop
  endfacet
  facet normal 9.461397e-01 3.235148e-01 1.256387e-02
    outer loop
      vertex   1.368927e+00 5.370673e+00 3.469922e+00
      vertex   1.383619e+00 5.332056e+00 3.357891e+00
      vertex   1.341929e+00 5.450613e+00 3.444640e+00
    endloop
  endfacet
  facet normal 1.250111e-04 5.656196e-01 -8.246663e-01
    outer loop
      vertex   1.497805e+00 5.086060e+00 3.185790e+00
      vertex   -1.248980e+00 5.172941e+00 3.244963e+00
      vertex   1.432498e+00 5.215323e+00 3.274438e+00
    endloop
  endfacet
  facet normal -9.768357e-05 5.751208e-01 -8.180685e-01
    outer loop
      vertex   1.432498e+00 5.215323e+00 3.274438e+00
      vertex   -1.248980e+00 5.172941e+00 3.244963e+00
      vertex   -1.252447e+00 5.299381e+00 3.333854e+00
    endloop
  endfacet
  facet normal 2.080532e-04 5.816263e-01 -8.134561e-01
    outer loop
      vertex   1.432498e+00 5.215323e+00 3.274438e+00
      vertex   -1.252447e+00 5.299381e+00 3.333854e+00
      vertex   1.383619e+00 5.332056e+00 3.357891e+00
    endloop
  endfacet
  facet normal 1.391794e-04 5.852615e-01 -8.108446e-01
    outer loop
      vertex   1.383619e+00 5.332056e+00 3.357891e+00
      vertex   -1.252447e+00 5.299381e+00 3.333854e+00
      vertex   -1.254433e+00 5.352894e+00 3.372479e+00
    endloop
  endfacet
  facet normal 2.080934e-04 5.910426e-01 -8.066403e-01
    outer loop
      vertex   1.383619e+00 5.332056e+00 3.357891e+00
      vertex   -1.254433e+00 5.352894e+00 3.372479e+00
      vertex   -1.256599e+00 5.399535e+00 3.406653e+00
    endloop
  endfacet
  facet normal -1.435383e-04 5.598187e-01 -8.286151e-01
    outer loop
      vertex   -1.248980e+00 5.172941e+00 3.244963e+00
      vertex   1.497805e+00 5.086060e+00 3.185790e+00
      vertex   -1.246128e+00 5.022628e+00 3.143410e+00
    endloop
  endfacet
  facet normal 1.381878e-04 5.513935e-01 -8.342453e-01
    outer loop
      vertex   -1.246128e+00 5.022628e+00 3.143410e+00
      vertex   1.497805e+00 5.086060e+00 3.185790e+00
      vertex   1.573371e+00 4.960303e+00 3.102684e+00
    endloop
  endfacet
  facet normal -2.915994e-04 5.377424e-01 -8.431091e-01
    outer loop
      vertex   -1.246128e+00 5.022628e+00 3.143410e+00
      vertex   1.573371e+00 4.960303e+00 3.102684e+00
      vertex   1.658628e+00 4.839241e+00 3.025440e+00
    endloop
  endfacet
  facet normal -7.340356e-04 5.327637e-01 -8.462637e-01
    outer loop
      vertex   -1.246128e+00 5.022628e+00 3.143410e+00
      vertex   1.658628e+00 4.839241e+00 3.025440e+00
      vertex   -1.242167e+00 4.682357e+00 2.929190e+00
    endloop
  endfacet
  facet normal -1.523792e-04 5.249836e-01 -8.511123e-01
    outer loop
      vertex   -1.242167e+00 4.682357e+00 2.929190e+00
      vertex   1.658628e+00 4.839241e+00 3.025440e+00
      vertex   1.753002e+00 4.724062e+00 2.954378e+00
    endloop
  endfacet
  facet normal 8.004244e-05 5.127695e-01 -8.585263e-01
    outer loop
      vertex   -1.242167e+00 4.682357e+00 2.929190e+00
      vertex   1.753002e+00 4.724062e+00 2.954378e+00
      vertex   1.855924e+00 4.615954e+00 2.889818e+00
    endloop
  endfacet
  facet normal -2.748897e-04 5.004887e-01 -8.657430e-01
    outer loop
      vertex   1.855924e+00 4.615954e+00 2.889818e+00
      vertex   1.968104e+00 4.514884e+00 2.831353e+00
      vertex   -1.242167e+00 4.682357e+00 2.929190e+00
    endloop
  endfacet
  facet normal -7.017773e-04 4.943589e-01 -8.692576e-01
    outer loop
      vertex   -1.242167e+00 4.682357e+00 2.929190e+00
      vertex   1.968104e+00 4.514884e+00 2.831353e+00
      vertex   -1.239928e+00 4.331415e+00 2.729602e+00
    endloop
  endfacet
  facet normal -3.348181e-04 4.894734e-01 -8.720181e-01
    outer loop
      vertex   -1.239928e+00 4.331415e+00 2.729602e+00
      vertex   1.968104e+00 4.514884e+00 2.831353e+00
      vertex   2.092121e+00 4.419329e+00 2.777670e+00
    endloop
  endfacet
  facet normal -1.334103e-16 4.797336e-01 -8.774142e-01
    outer loop
      vertex   -1.239928e+00 4.331415e+00 2.729602e+00
      vertex   2.092121e+00 4.419329e+00 2.777670e+00
      vertex   2.227030e+00 4.331415e+00 2.729602e+00
    endloop
  endfacet
  facet normal 1.890070e-04 5.905542e-01 -8.069980e-01
    outer loop
      vertex   1.383619e+00 5.332056e+00 3.357891e+00
      vertex   -1.256599e+00 5.399535e+00 3.406653e+00
      vertex   1.341929e+00 5.450613e+00 3.444640e+00
    endloop
  endfacet
  facet normal 2.280125e-05 5.960159e-01 -8.029726e-01
    outer loop
      vertex   1.341929e+00 5.450613e+00 3.444640e+00
      vertex   -1.256599e+00 5.399535e+00 3.406653e+00
      vertex   -1.258955e+00 5.439001e+00 3.435947e+00
    endloop
  endfacet
  facet normal -2.742974e-06 5.996873e-01 -8.002344e-01
    outer loop
      vertex   1.341929e+00 5.450613e+00 3.444640e+00
      vertex   -1.258955e+00 5.439001e+00 3.435947e+00
      vertex   1.191440e+00 5.462059e+00 3.453218e+00
    endloop
  endfacet
  facet normal -1.767867e-05 6.007034e-01 -7.994720e-01
    outer loop
      vertex   1.191440e+00 5.462059e+00 3.453218e+00
      vertex   -1.258955e+00 5.439001e+00 3.435947e+00
      vertex   1.038490e+00 5.470991e+00 3.459933e+00
    endloop
  endfacet
  facet normal -1.081108e-15 5.998910e-01 -8.000817e-01
    outer loop
      vertex   1.038490e+00 5.470991e+00 3.459933e+00
      vertex   -1.258955e+00 5.439001e+00 3.435947e+00
      vertex   -1.261510e+00 5.470991e+00 3.459933e+00
    endloop
  endfacet
  facet normal 5.294481e-01 1.587119e-15 8.483423e-01
    outer loop
      vertex   2.500000e+00 3.050000e+00 3.274438e+00
      vertex   2.500000e+00 3.666033e+00 3.274438e+00
      vertex   2.299117e+00 3.086444e+00 3.399809e+00
    endloop
  endfacet
  facet normal 4.853163e-01 2.086529e-02 8.740896e-01
    outer loop
      vertex   2.299117e+00 3.086444e+00 3.399809e+00
      vertex   2.500000e+00 3.666033e+00 3.274438e+00
      vertex   2.235511e+00 3.508140e+00 3.425058e+00
    endloop
  endfacet
  facet normal 5.681525e-01 3.647174e-02 8.221147e-01
    outer loop
      vertex   2.299117e+00 3.086444e+00 3.399809e+00
      vertex   2.235511e+00 3.508140e+00 3.425058e+00
      vertex   2.104853e+00 3.124974e+00 3.532353e+00
    endloop
  endfacet
  facet normal 5.370799e-01 5.260475e-02 8.418895e-01
    outer loop
      vertex   2.104853e+00 3.124974e+00 3.532353e+00
      vertex   2.235511e+00 3.508140e+00 3.425058e+00
      vertex   2.081649e+00 3.417594e+00 3.528871e+00
    endloop
  endfacet
  facet normal 5.832236e-01 5.588904e-02 8.103867e-01
    outer loop
      vertex   2.104853e+00 3.124974e+00 3.532353e+00
      vertex   2.081649e+00 3.417594e+00 3.528871e+00
      vertex   1.933740e+00 3.327689e+00 3.641520e+00
    endloop
  endfacet
  facet normal 5.692900e-01 8.766192e-02 8.174499e-01
    outer loop
      vertex   1.933740e+00 3.327689e+00 3.641520e+00
      vertex   2.081649e+00 3.417594e+00 3.528871e+00
      vertex   1.948705e+00 3.857293e+00 3.574304e+00
    endloop
  endfacet
  facet normal 5.462486e-01 9.025437e-02 8.327464e-01
    outer loop
      vertex   1.933740e+00 3.327689e+00 3.641520e+00
      vertex   1.948705e+00 3.857293e+00 3.574304e+00
      vertex   1.808843e+00 3.754226e+00 3.677218e+00
    endloop
  endfacet
  facet normal 5.255516e-01 1.268351e-01 8.412541e-01
    outer loop
      vertex   1.808843e+00 3.754226e+00 3.677218e+00
      vertex   1.948705e+00 3.857293e+00 3.574304e+00
      vertex   1.824664e+00 4.243662e+00 3.593543e+00
    endloop
  endfacet
  facet normal 4.927859e-01 1.311354e-01 8.602125e-01
    outer loop
      vertex   1.808843e+00 3.754226e+00 3.677218e+00
      vertex   1.824664e+00 4.243662e+00 3.593543e+00
      vertex   1.690996e+00 4.128625e+00 3.687654e+00
    endloop
  endfacet
  facet normal 4.646972e-01 1.708277e-01 8.688351e-01
    outer loop
      vertex   1.690996e+00 4.128625e+00 3.687654e+00
      vertex   1.824664e+00 4.243662e+00 3.593543e+00
      vertex   1.699289e+00 4.356832e+00 3.638349e+00
    endloop
  endfacet
  facet normal 4.819695e-01 1.682650e-01 8.598792e-01
    outer loop
      vertex   1.690996e+00 4.128625e+00 3.687654e+00
      vertex   1.699289e+00 4.356832e+00 3.638349e+00
      vertex   1.546364e+00 4.214945e+00 3.751830e+00
    endloop
  endfacet
  facet normal 4.439479e-01 2.168694e-01 8.694124e-01
    outer loop
      vertex   1.546364e+00 4.214945e+00 3.751830e+00
      vertex   1.699289e+00 4.356832e+00 3.638349e+00
      vertex   1.554498e+00 4.430023e+00 3.694026e+00
    endloop
  endfacet
  facet normal 4.655997e-01 2.132315e-01 8.589233e-01
    outer loop
      vertex   1.546364e+00 4.214945e+00 3.751830e+00
      vertex   1.554498e+00 4.430023e+00 3.694026e+00
      vertex   1.416524e+00 4.293800e+00 3.802636e+00
    endloop
  endfacet
  facet normal 4.246784e-01 2.610358e-01 8.668960e-01
    outer loop
      vertex   1.416524e+00 4.293800e+00 3.802636e+00
      vertex   1.554498e+00 4.430023e+00 3.694026e+00
      vertex   1.425525e+00 4.542091e+00 3.723463e+00
    endloop
  endfacet
  facet normal 4.328545e-01 2.595863e-01 8.632797e-01
    outer loop
      vertex   1.416524e+00 4.293800e+00 3.802636e+00
      vertex   1.425525e+00 4.542091e+00 3.723463e+00
      vertex   1.291104e+00 4.402831e+00 3.832738e+00
    endloop
  endfacet
  facet normal 4.328703e-01 2.595689e-01 8.632771e-01
    outer loop
      vertex   1.291104e+00 4.402831e+00 3.832738e+00
      vertex   1.425525e+00 4.542091e+00 3.723463e+00
      vertex   1.435163e+00 4.788114e+00 3.644656e+00
    endloop
  endfacet
  facet normal 3.111474e-01 3.204281e-01 8.947140e-01
    outer loop
      vertex   1.291104e+00 4.402831e+00 3.832738e+00
      vertex   1.435163e+00 4.788114e+00 3.644656e+00
      vertex   1.298401e+00 4.642600e+00 3.744330e+00
    endloop
  endfacet
  facet normal 3.112998e-01 3.202839e-01 8.947126e-01
    outer loop
      vertex   1.298401e+00 4.642600e+00 3.744330e+00
      vertex   1.435163e+00 4.788114e+00 3.644656e+00
      vertex   1.307513e+00 4.923828e+00 3.640487e+00
    endloop
  endfacet
  facet normal 3.063386e-01 3.209839e-01 8.961730e-01
    outer loop
      vertex   1.298401e+00 4.642600e+00 3.744330e+00
      vertex   1.307513e+00 4.923828e+00 3.640487e+00
      vertex   1.171142e+00 4.776726e+00 3.739791e+00
    endloop
  endfacet
  facet normal 2.535978e-01 3.686245e-01 8.943177e-01
    outer loop
      vertex   1.171142e+00 4.776726e+00 3.739791e+00
      vertex   1.307513e+00 4.923828e+00 3.640487e+00
      vertex   1.176473e+00 5.054069e+00 3.623963e+00
    endloop
  endfacet
  facet normal 6.368269e-02 3.835524e-01 9.213208e-01
    outer loop
      vertex   1.171142e+00 4.776726e+00 3.739791e+00
      vertex   1.176473e+00 5.054069e+00 3.623963e+00
      vertex   1.038490e+00 5.470991e+00 3.459933e+00
    endloop
  endfacet
  facet normal 6.238034e-02 3.832121e-01 9.215515e-01
    outer loop
      vertex   1.038490e+00 5.470991e+00 3.459933e+00
      vertex   1.176473e+00 5.054069e+00 3.623963e+00
      vertex   1.181881e+00 5.334836e+00 3.506844e+00
    endloop
  endfacet
  facet normal 6.284984e-02 3.836349e-01 9.213437e-01
    outer loop
      vertex   1.038490e+00 5.470991e+00 3.459933e+00
      vertex   1.181881e+00 5.334836e+00 3.506844e+00
      vertex   1.191440e+00 5.462059e+00 3.453218e+00
    endloop
  endfacet
  facet normal 8.152045e-02 3.819163e-01 9.205946e-01
    outer loop
      vertex   1.191440e+00 5.462059e+00 3.453218e+00
      vertex   1.181881e+00 5.334836e+00 3.506844e+00
      vertex   1.341929e+00 5.450613e+00 3.444640e+00
    endloop
  endfacet
  facet normal 1.200309e-01 3.359837e-01 9.341882e-01
    outer loop
      vertex   1.341929e+00 5.450613e+00 3.444640e+00
      vertex   1.181881e+00 5.334836e+00 3.506844e+00
      vertex   1.368927e+00 5.370673e+00 3.469922e+00
    endloop
  endfacet
  facet normal 1.192872e-01 3.388837e-01 9.332355e-01
    outer loop
      vertex   1.368927e+00 5.370673e+00 3.469922e+00
      vertex   1.181881e+00 5.334836e+00 3.506844e+00
      vertex   1.317031e+00 5.205349e+00 3.536589e+00
    endloop
  endfacet
  facet normal 1.577246e-01 3.263225e-01 9.320068e-01
    outer loop
      vertex   1.368927e+00 5.370673e+00 3.469922e+00
      vertex   1.317031e+00 5.205349e+00 3.536589e+00
      vertex   1.402509e+00 5.284107e+00 3.494549e+00
    endloop
  endfacet
  facet normal 1.779222e-01 3.061165e-01 9.352199e-01
    outer loop
      vertex   1.402509e+00 5.284107e+00 3.494549e+00
      vertex   1.317031e+00 5.205349e+00 3.536589e+00
      vertex   1.443396e+00 5.192096e+00 3.516887e+00
    endloop
  endfacet
  facet normal 1.771693e-01 2.920566e-01 9.398479e-01
    outer loop
      vertex   1.443396e+00 5.192096e+00 3.516887e+00
      vertex   1.317031e+00 5.205349e+00 3.536589e+00
      vertex   1.447177e+00 5.075020e+00 3.552555e+00
    endloop
  endfacet
  facet normal 2.217457e-01 2.907262e-01 9.307562e-01
    outer loop
      vertex   1.443396e+00 5.192096e+00 3.516887e+00
      vertex   1.447177e+00 5.075020e+00 3.552555e+00
      vertex   1.492311e+00 5.095825e+00 3.535304e+00
    endloop
  endfacet
  facet normal 2.381605e-01 2.594151e-01 9.359398e-01
    outer loop
      vertex   1.492311e+00 5.095825e+00 3.535304e+00
      vertex   1.447177e+00 5.075020e+00 3.552555e+00
      vertex   1.549974e+00 4.996477e+00 3.548167e+00
    endloop
  endfacet
  facet normal 2.098924e-01 2.215038e-01 9.523031e-01
    outer loop
      vertex   1.549974e+00 4.996477e+00 3.548167e+00
      vertex   1.447177e+00 5.075020e+00 3.552555e+00
      vertex   1.575901e+00 4.937088e+00 3.556267e+00
    endloop
  endfacet
  facet normal 3.241965e-01 2.653649e-01 9.080077e-01
    outer loop
      vertex   1.549974e+00 4.996477e+00 3.548167e+00
      vertex   1.575901e+00 4.937088e+00 3.556267e+00
      vertex   1.614632e+00 4.898578e+00 3.553692e+00
    endloop
  endfacet
  facet normal 2.987126e-01 2.386641e-01 9.240185e-01
    outer loop
      vertex   1.614632e+00 4.898578e+00 3.553692e+00
      vertex   1.575901e+00 4.937088e+00 3.556267e+00
      vertex   1.564813e+00 4.684633e+00 3.625058e+00
    endloop
  endfacet
  facet normal 3.336448e-01 2.274694e-01 9.148436e-01
    outer loop
      vertex   1.614632e+00 4.898578e+00 3.553692e+00
      vertex   1.564813e+00 4.684633e+00 3.625058e+00
      vertex   1.684208e+00 4.805533e+00 3.551453e+00
    endloop
  endfacet
  facet normal 3.664182e-01 1.923670e-01 9.103476e-01
    outer loop
      vertex   1.684208e+00 4.805533e+00 3.551453e+00
      vertex   1.564813e+00 4.684633e+00 3.625058e+00
      vertex   1.707806e+00 4.578616e+00 3.589905e+00
    endloop
  endfacet
  facet normal 3.462209e-01 1.916266e-01 9.183738e-01
    outer loop
      vertex   1.684208e+00 4.805533e+00 3.551453e+00
      vertex   1.707806e+00 4.578616e+00 3.589905e+00
      vertex   1.758688e+00 4.717213e+00 3.541803e+00
    endloop
  endfacet
  facet normal 3.777491e-01 1.767571e-01 9.088798e-01
    outer loop
      vertex   1.758688e+00 4.717213e+00 3.541803e+00
      vertex   1.707806e+00 4.578616e+00 3.589905e+00
      vertex   1.838060e+00 4.633490e+00 3.525097e+00
    endloop
  endfacet
  facet normal 3.903027e-01 1.469614e-01 9.088818e-01
    outer loop
      vertex   1.838060e+00 4.633490e+00 3.525097e+00
      vertex   1.707806e+00 4.578616e+00 3.589905e+00
      vertex   1.832691e+00 4.478011e+00 3.552543e+00
    endloop
  endfacet
  facet normal 3.904283e-01 1.469479e-01 9.088301e-01
    outer loop
      vertex   1.838060e+00 4.633490e+00 3.525097e+00
      vertex   1.832691e+00 4.478011e+00 3.552543e+00
      vertex   1.922224e+00 4.554336e+00 3.501739e+00
    endloop
  endfacet
  facet normal 4.131346e-01 1.165519e-01 9.031807e-01
    outer loop
      vertex   1.922224e+00 4.554336e+00 3.501739e+00
      vertex   1.832691e+00 4.478011e+00 3.552543e+00
      vertex   1.962945e+00 4.360065e+00 3.508182e+00
    endloop
  endfacet
  facet normal 3.952362e-01 1.130792e-01 9.115928e-01
    outer loop
      vertex   1.922224e+00 4.554336e+00 3.501739e+00
      vertex   1.962945e+00 4.360065e+00 3.508182e+00
      vertex   2.010405e+00 4.480475e+00 3.472669e+00
    endloop
  endfacet
  facet normal 4.115273e-01 1.048168e-01 9.053501e-01
    outer loop
      vertex   2.010405e+00 4.480475e+00 3.472669e+00
      vertex   1.962945e+00 4.360065e+00 3.508182e+00
      vertex   2.102200e+00 4.412149e+00 3.438854e+00
    endloop
  endfacet
  facet normal 4.218793e-01 7.476196e-02 9.035643e-01
    outer loop
      vertex   2.102200e+00 4.412149e+00 3.438854e+00
      vertex   1.962945e+00 4.360065e+00 3.508182e+00
      vertex   2.093850e+00 3.961333e+00 3.480053e+00
    endloop
  endfacet
  facet normal 4.541895e-01 7.273481e-02 8.879310e-01
    outer loop
      vertex   2.102200e+00 4.412149e+00 3.438854e+00
      vertex   2.093850e+00 3.961333e+00 3.480053e+00
      vertex   2.243914e+00 4.066081e+00 3.394713e+00
    endloop
  endfacet
  facet normal 4.722758e-01 4.077587e-02 8.805072e-01
    outer loop
      vertex   2.243914e+00 4.066081e+00 3.394713e+00
      vertex   2.093850e+00 3.961333e+00 3.480053e+00
      vertex   2.235511e+00 3.508140e+00 3.425058e+00
    endloop
  endfacet
  facet normal 4.760346e-01 4.060947e-02 8.784884e-01
    outer loop
      vertex   2.243914e+00 4.066081e+00 3.394713e+00
      vertex   2.235511e+00 3.508140e+00 3.425058e+00
      vertex   2.500000e+00 3.666033e+00 3.274438e+00
    endloop
  endfacet
  facet normal 4.251133e-01 -0.000000e+00 9.051402e-01
    outer loop
      vertex   2.500000e+00 3.666033e+00 3.274438e+00
      vertex   2.500000e+00 4.195950e+00 3.274438e+00
      vertex   2.243914e+00 4.066081e+00 3.394713e+00
    endloop
  endfacet
  facet normal 4.059866e-01 4.479134e-02 9.127807e-01
    outer loop
      vertex   2.243914e+00 4.066081e+00 3.394713e+00
      vertex   2.500000e+00 4.195950e+00 3.274438e+00
      vertex   2.295528e+00 4.292452e+00 3.360648e+00
    endloop
  endfacet
  facet normal 3.993258e-01 4.673685e-02 9.156170e-01
    outer loop
      vertex   2.243914e+00 4.066081e+00 3.394713e+00
      vertex   2.295528e+00 4.292452e+00 3.360648e+00
      vertex   2.102200e+00 4.412149e+00 3.438854e+00
    endloop
  endfacet
  facet normal 6.442933e-02 3.836566e-01 9.212255e-01
    outer loop
      vertex   1.171142e+00 4.776726e+00 3.739791e+00
      vertex   1.038490e+00 5.470991e+00 3.459933e+00
      vertex   1.166040e+00 4.500998e+00 3.854978e+00
    endloop
  endfacet
  facet normal 3.769157e-01 3.914491e-01 8.394654e-01
    outer loop
      vertex   1.166040e+00 4.500998e+00 3.854978e+00
      vertex   1.038490e+00 5.470991e+00 3.459933e+00
      vertex   1.038490e+00 3.386483e+00 4.431955e+00
    endloop
  endfacet
  facet normal 6.924049e-01 2.676311e-01 6.700366e-01
    outer loop
      vertex   1.166040e+00 4.500998e+00 3.854978e+00
      vertex   1.038490e+00 3.386483e+00 4.431955e+00
      vertex   1.161961e+00 4.267284e+00 3.952545e+00
    endloop
  endfacet
  facet normal 6.906740e-01 2.686281e-01 6.714227e-01
    outer loop
      vertex   1.161961e+00 4.267284e+00 3.952545e+00
      vertex   1.038490e+00 3.386483e+00 4.431955e+00
      vertex   1.158123e+00 4.031173e+00 4.050959e+00
    endloop
  endfacet
  facet normal 4.897811e-01 3.286283e-01 8.075382e-01
    outer loop
      vertex   1.161961e+00 4.267284e+00 3.952545e+00
      vertex   1.158123e+00 4.031173e+00 4.050959e+00
      vertex   1.284263e+00 4.160714e+00 3.921737e+00
    endloop
  endfacet
  facet normal 5.327458e-01 2.784339e-01 7.991599e-01
    outer loop
      vertex   1.284263e+00 4.160714e+00 3.921737e+00
      vertex   1.158123e+00 4.031173e+00 4.050959e+00
      vertex   1.278883e+00 3.957786e+00 3.996025e+00
    endloop
  endfacet
  facet normal 5.136174e-01 2.829213e-01 8.100325e-01
    outer loop
      vertex   1.284263e+00 4.160714e+00 3.921737e+00
      vertex   1.278883e+00 3.957786e+00 3.996025e+00
      vertex   1.409435e+00 4.084869e+00 3.868859e+00
    endloop
  endfacet
  facet normal 5.517018e-01 2.342333e-01 8.004748e-01
    outer loop
      vertex   1.409435e+00 4.084869e+00 3.868859e+00
      vertex   1.278883e+00 3.957786e+00 3.996025e+00
      vertex   1.402522e+00 3.870466e+00 3.936362e+00
    endloop
  endfacet
  facet normal 5.337126e-01 2.382560e-01 8.114092e-01
    outer loop
      vertex   1.409435e+00 4.084869e+00 3.868859e+00
      vertex   1.402522e+00 3.870466e+00 3.936362e+00
      vertex   1.538436e+00 3.993936e+00 3.810709e+00
    endloop
  endfacet
  facet normal 5.673196e-01 1.907671e-01 8.010969e-01
    outer loop
      vertex   1.538436e+00 3.993936e+00 3.810709e+00
      vertex   1.402522e+00 3.870466e+00 3.936362e+00
      vertex   1.522754e+00 3.533207e+00 3.931528e+00
    endloop
  endfacet
  facet normal 5.925937e-01 1.853912e-01 7.838768e-01
    outer loop
      vertex   1.538436e+00 3.993936e+00 3.810709e+00
      vertex   1.522754e+00 3.533207e+00 3.931528e+00
      vertex   1.674621e+00 3.652394e+00 3.788532e+00
    endloop
  endfacet
  facet normal 6.232964e-01 1.307861e-01 7.709712e-01
    outer loop
      vertex   1.674621e+00 3.652394e+00 3.788532e+00
      vertex   1.522754e+00 3.533207e+00 3.931528e+00
      vertex   1.730065e+00 3.208313e+00 3.819041e+00
    endloop
  endfacet
  facet normal 5.741894e-01 1.272520e-01 8.087728e-01
    outer loop
      vertex   1.674621e+00 3.652394e+00 3.788532e+00
      vertex   1.730065e+00 3.208313e+00 3.819041e+00
      vertex   1.808843e+00 3.754226e+00 3.677218e+00
    endloop
  endfacet
  facet normal 6.393558e-01 1.055997e-01 7.616251e-01
    outer loop
      vertex   1.808843e+00 3.754226e+00 3.677218e+00
      vertex   1.730065e+00 3.208313e+00 3.819041e+00
      vertex   1.792172e+00 3.238663e+00 3.762696e+00
    endloop
  endfacet
  facet normal 6.049758e-01 1.111583e-01 7.884467e-01
    outer loop
      vertex   1.808843e+00 3.754226e+00 3.677218e+00
      vertex   1.792172e+00 3.238663e+00 3.762696e+00
      vertex   1.933740e+00 3.327689e+00 3.641520e+00
    endloop
  endfacet
  facet normal 6.193983e-01 7.830794e-02 7.811617e-01
    outer loop
      vertex   1.933740e+00 3.327689e+00 3.641520e+00
      vertex   1.792172e+00 3.238663e+00 3.762696e+00
      vertex   1.915679e+00 3.165595e+00 3.672090e+00
    endloop
  endfacet
  facet normal 6.035119e-01 8.232807e-02 7.930924e-01
    outer loop
      vertex   1.933740e+00 3.327689e+00 3.641520e+00
      vertex   1.915679e+00 3.165595e+00 3.672090e+00
      vertex   2.104853e+00 3.124974e+00 3.532353e+00
    endloop
  endfacet
  facet normal 6.909432e-01 2.683625e-01 6.712519e-01
    outer loop
      vertex   1.201087e+00 3.342896e+00 4.282014e+00
      vertex   1.152164e+00 3.632447e+00 4.216611e+00
      vertex   1.038490e+00 3.386483e+00 4.431955e+00
    endloop
  endfacet
  facet normal 6.908029e-01 2.685042e-01 6.713396e-01
    outer loop
      vertex   1.038490e+00 3.386483e+00 4.431955e+00
      vertex   1.152164e+00 3.632447e+00 4.216611e+00
      vertex   1.155109e+00 3.834087e+00 4.132934e+00
    endloop
  endfacet
  facet normal 6.904145e-01 2.687946e-01 6.716229e-01
    outer loop
      vertex   1.038490e+00 3.386483e+00 4.431955e+00
      vertex   1.155109e+00 3.834087e+00 4.132934e+00
      vertex   1.158123e+00 4.031173e+00 4.050959e+00
    endloop
  endfacet
  facet normal 5.448883e-01 3.149052e-01 7.771302e-01
    outer loop
      vertex   1.158123e+00 4.031173e+00 4.050959e+00
      vertex   1.155109e+00 3.834087e+00 4.132934e+00
      vertex   1.278883e+00 3.957786e+00 3.996025e+00
    endloop
  endfacet
  facet normal 6.178644e-01 2.711073e-01 7.380680e-01
    outer loop
      vertex   1.152164e+00 3.632447e+00 4.216611e+00
      vertex   1.201087e+00 3.342896e+00 4.282014e+00
      vertex   1.273632e+00 3.749846e+00 4.071803e+00
    endloop
  endfacet
  facet normal 6.868032e-01 2.331753e-01 6.884262e-01
    outer loop
      vertex   1.273632e+00 3.749846e+00 4.071803e+00
      vertex   1.201087e+00 3.342896e+00 4.282014e+00
      vertex   1.370686e+00 3.298120e+00 4.127981e+00
    endloop
  endfacet
  facet normal 5.984188e-01 2.242269e-01 7.691666e-01
    outer loop
      vertex   1.273632e+00 3.749846e+00 4.071803e+00
      vertex   1.370686e+00 3.298120e+00 4.127981e+00
      vertex   1.402522e+00 3.870466e+00 3.936362e+00
    endloop
  endfacet
  facet normal 6.749226e-01 2.002305e-01 7.102023e-01
    outer loop
      vertex   1.402522e+00 3.870466e+00 3.936362e+00
      vertex   1.370686e+00 3.298120e+00 4.127981e+00
      vertex   1.388823e+00 3.423997e+00 4.075255e+00
    endloop
  endfacet
  facet normal 6.285978e-01 2.133754e-01 7.478875e-01
    outer loop
      vertex   1.402522e+00 3.870466e+00 3.936362e+00
      vertex   1.388823e+00 3.423997e+00 4.075255e+00
      vertex   1.522754e+00 3.533207e+00 3.931528e+00
    endloop
  endfacet
  facet normal 6.564753e-01 1.639563e-01 7.363141e-01
    outer loop
      vertex   1.522754e+00 3.533207e+00 3.931528e+00
      vertex   1.388823e+00 3.423997e+00 4.075255e+00
      vertex   1.730065e+00 3.208313e+00 3.819041e+00
    endloop
  endfacet
  facet normal 6.669945e-01 2.040436e-01 7.165783e-01
    outer loop
      vertex   1.370686e+00 3.298120e+00 4.127981e+00
      vertex   1.730065e+00 3.208313e+00 3.819041e+00
      vertex   1.388823e+00 3.423997e+00 4.075255e+00
    endloop
  endfacet
  facet normal 6.332410e-01 1.228009e-01 7.641504e-01
    outer loop
      vertex   1.730065e+00 3.208313e+00 3.819041e+00
      vertex   1.915679e+00 3.165595e+00 3.672090e+00
      vertex   1.792172e+00 3.238663e+00 3.762696e+00
    endloop
  endfacet
  facet normal 1.608002e-01 3.773360e-01 9.120092e-01
    outer loop
      vertex   1.317031e+00 5.205349e+00 3.536589e+00
      vertex   1.181881e+00 5.334836e+00 3.506844e+00
      vertex   1.176473e+00 5.054069e+00 3.623963e+00
    endloop
  endfacet
  facet normal 5.099553e-01 6.556307e-02 8.576987e-01
    outer loop
      vertex   1.948705e+00 3.857293e+00 3.574304e+00
      vertex   2.081649e+00 3.417594e+00 3.528871e+00
      vertex   2.093850e+00 3.961333e+00 3.480053e+00
    endloop
  endfacet
  facet normal 5.320724e-01 6.386265e-02 8.442870e-01
    outer loop
      vertex   2.093850e+00 3.961333e+00 3.480053e+00
      vertex   2.081649e+00 3.417594e+00 3.528871e+00
      vertex   2.235511e+00 3.508140e+00 3.425058e+00
    endloop
  endfacet
  facet normal 4.581733e-01 1.031322e-01 8.828595e-01
    outer loop
      vertex   1.824664e+00 4.243662e+00 3.593543e+00
      vertex   1.948705e+00 3.857293e+00 3.574304e+00
      vertex   1.962945e+00 4.360065e+00 3.508182e+00
    endloop
  endfacet
  facet normal 4.904918e-01 9.995924e-02 8.656939e-01
    outer loop
      vertex   1.962945e+00 4.360065e+00 3.508182e+00
      vertex   1.948705e+00 3.857293e+00 3.574304e+00
      vertex   2.093850e+00 3.961333e+00 3.480053e+00
    endloop
  endfacet
  facet normal 5.316845e-01 1.579746e-01 8.320791e-01
    outer loop
      vertex   1.538436e+00 3.993936e+00 3.810709e+00
      vertex   1.674621e+00 3.652394e+00 3.788532e+00
      vertex   1.690996e+00 4.128625e+00 3.687654e+00
    endloop
  endfacet
  facet normal 5.592881e-01 1.533375e-01 8.146683e-01
    outer loop
      vertex   1.690996e+00 4.128625e+00 3.687654e+00
      vertex   1.674621e+00 3.652394e+00 3.788532e+00
      vertex   1.808843e+00 3.754226e+00 3.677218e+00
    endloop
  endfacet
  facet normal 4.427107e-01 1.397927e-01 8.857004e-01
    outer loop
      vertex   1.699289e+00 4.356832e+00 3.638349e+00
      vertex   1.824664e+00 4.243662e+00 3.593543e+00
      vertex   1.832691e+00 4.478011e+00 3.552543e+00
    endloop
  endfacet
  facet normal 4.312803e-01 1.411308e-01 8.911113e-01
    outer loop
      vertex   1.832691e+00 4.478011e+00 3.552543e+00
      vertex   1.824664e+00 4.243662e+00 3.593543e+00
      vertex   1.962945e+00 4.360065e+00 3.508182e+00
    endloop
  endfacet
  facet normal 5.176757e-01 2.028632e-01 8.311789e-01
    outer loop
      vertex   1.409435e+00 4.084869e+00 3.868859e+00
      vertex   1.538436e+00 3.993936e+00 3.810709e+00
      vertex   1.546364e+00 4.214945e+00 3.751830e+00
    endloop
  endfacet
  facet normal 4.972335e-01 2.066517e-01 8.426470e-01
    outer loop
      vertex   1.546364e+00 4.214945e+00 3.751830e+00
      vertex   1.538436e+00 3.993936e+00 3.810709e+00
      vertex   1.690996e+00 4.128625e+00 3.687654e+00
    endloop
  endfacet
  facet normal 5.970023e-01 3.000351e-01 7.440209e-01
    outer loop
      vertex   1.155109e+00 3.834087e+00 4.132934e+00
      vertex   1.152164e+00 3.632447e+00 4.216611e+00
      vertex   1.273632e+00 3.749846e+00 4.071803e+00
    endloop
  endfacet
  facet normal 5.840220e-01 2.648749e-01 7.673067e-01
    outer loop
      vertex   1.155109e+00 3.834087e+00 4.132934e+00
      vertex   1.273632e+00 3.749846e+00 4.071803e+00
      vertex   1.278883e+00 3.957786e+00 3.996025e+00
    endloop
  endfacet
  facet normal 5.662435e-01 2.695542e-01 7.789152e-01
    outer loop
      vertex   1.278883e+00 3.957786e+00 3.996025e+00
      vertex   1.273632e+00 3.749846e+00 4.071803e+00
      vertex   1.402522e+00 3.870466e+00 3.936362e+00
    endloop
  endfacet
  facet normal 4.298798e-01 1.768850e-01 8.853898e-01
    outer loop
      vertex   1.554498e+00 4.430023e+00 3.694026e+00
      vertex   1.699289e+00 4.356832e+00 3.638349e+00
      vertex   1.707806e+00 4.578616e+00 3.589905e+00
    endloop
  endfacet
  facet normal 4.117763e-01 1.793436e-01 8.934630e-01
    outer loop
      vertex   1.707806e+00 4.578616e+00 3.589905e+00
      vertex   1.699289e+00 4.356832e+00 3.638349e+00
      vertex   1.832691e+00 4.478011e+00 3.552543e+00
    endloop
  endfacet
  facet normal 4.999466e-01 2.462150e-01 8.303202e-01
    outer loop
      vertex   1.284263e+00 4.160714e+00 3.921737e+00
      vertex   1.409435e+00 4.084869e+00 3.868859e+00
      vertex   1.416524e+00 4.293800e+00 3.802636e+00
    endloop
  endfacet
  facet normal 4.807451e-01 2.500753e-01 8.404442e-01
    outer loop
      vertex   1.416524e+00 4.293800e+00 3.802636e+00
      vertex   1.409435e+00 4.084869e+00 3.868859e+00
      vertex   1.546364e+00 4.214945e+00 3.751830e+00
    endloop
  endfacet
  facet normal 3.982714e-01 2.247594e-01 8.893049e-01
    outer loop
      vertex   1.425525e+00 4.542091e+00 3.723463e+00
      vertex   1.554498e+00 4.430023e+00 3.694026e+00
      vertex   1.564813e+00 4.684633e+00 3.625058e+00
    endloop
  endfacet
  facet normal 3.875192e-01 2.263684e-01 8.936365e-01
    outer loop
      vertex   1.564813e+00 4.684633e+00 3.625058e+00
      vertex   1.554498e+00 4.430023e+00 3.694026e+00
      vertex   1.707806e+00 4.578616e+00 3.589905e+00
    endloop
  endfacet
  facet normal 4.660890e-01 2.936169e-01 8.345958e-01
    outer loop
      vertex   1.161961e+00 4.267284e+00 3.952545e+00
      vertex   1.284263e+00 4.160714e+00 3.921737e+00
      vertex   1.291104e+00 4.402831e+00 3.832738e+00
    endloop
  endfacet
  facet normal 4.579429e-01 2.952850e-01 8.385076e-01
    outer loop
      vertex   1.291104e+00 4.402831e+00 3.832738e+00
      vertex   1.284263e+00 4.160714e+00 3.921737e+00
      vertex   1.416524e+00 4.293800e+00 3.802636e+00
    endloop
  endfacet
  facet normal 3.446710e-01 3.564149e-01 8.684298e-01
    outer loop
      vertex   1.298401e+00 4.642600e+00 3.744330e+00
      vertex   1.171142e+00 4.776726e+00 3.739791e+00
      vertex   1.166040e+00 4.500998e+00 3.854978e+00
    endloop
  endfacet
  facet normal 2.768205e-01 2.832809e-01 9.182169e-01
    outer loop
      vertex   1.435163e+00 4.788114e+00 3.644656e+00
      vertex   1.425525e+00 4.542091e+00 3.723463e+00
      vertex   1.575901e+00 4.937088e+00 3.556267e+00
    endloop
  endfacet
  facet normal 3.981988e-01 2.248389e-01 8.893173e-01
    outer loop
      vertex   1.575901e+00 4.937088e+00 3.556267e+00
      vertex   1.425525e+00 4.542091e+00 3.723463e+00
      vertex   1.564813e+00 4.684633e+00 3.625058e+00
    endloop
  endfacet
  facet normal 3.445556e-01 3.565237e-01 8.684310e-01
    outer loop
      vertex   1.166040e+00 4.500998e+00 3.854978e+00
      vertex   1.161961e+00 4.267284e+00 3.952545e+00
      vertex   1.298401e+00 4.642600e+00 3.744330e+00
    endloop
  endfacet
  facet normal 4.661593e-01 2.935393e-01 8.345838e-01
    outer loop
      vertex   1.298401e+00 4.642600e+00 3.744330e+00
      vertex   1.161961e+00 4.267284e+00 3.952545e+00
      vertex   1.291104e+00 4.402831e+00 3.832738e+00
    endloop
  endfacet
  facet normal 2.717179e-01 2.838178e-01 9.195743e-01
    outer loop
      vertex   1.307513e+00 4.923828e+00 3.640487e+00
      vertex   1.435163e+00 4.788114e+00 3.644656e+00
      vertex   1.447177e+00 5.075020e+00 3.552555e+00
    endloop
  endfacet
  facet normal 2.769448e-01 2.831628e-01 9.182159e-01
    outer loop
      vertex   1.447177e+00 5.075020e+00 3.552555e+00
      vertex   1.435163e+00 4.788114e+00 3.644656e+00
      vertex   1.575901e+00 4.937088e+00 3.556267e+00
    endloop
  endfacet
  facet normal 2.139573e-01 3.318407e-01 9.187513e-01
    outer loop
      vertex   1.176473e+00 5.054069e+00 3.623963e+00
      vertex   1.307513e+00 4.923828e+00 3.640487e+00
      vertex   1.317031e+00 5.205349e+00 3.536589e+00
    endloop
  endfacet
  facet normal 2.191671e-01 3.312852e-01 9.177232e-01
    outer loop
      vertex   1.317031e+00 5.205349e+00 3.536589e+00
      vertex   1.307513e+00 4.923828e+00 3.640487e+00
      vertex   1.447177e+00 5.075020e+00 3.552555e+00
    endloop
  endfacet
  facet normal -9.997407e-01 8.595988e-04 -2.275650e-02
    outer loop
      vertex   -1.254957e+00 4.720335e+00 3.499038e+00
      vertex   -1.248226e+00 5.043830e+00 3.215557e+00
      vertex   -1.250000e+00 4.539197e+00 3.274438e+00
    endloop
  endfacet
  facet normal -9.997978e-01 1.172943e-03 -2.007278e-02
    outer loop
      vertex   -1.250000e+00 4.539197e+00 3.274438e+00
      vertex   -1.248226e+00 5.043830e+00 3.215557e+00
      vertex   -1.248226e+00 4.525481e+00 3.185267e+00
    endloop
  endfacet
  facet normal -9.997843e-01 3.623294e-03 -2.044941e-02
    outer loop
      vertex   -1.250000e+00 4.539197e+00 3.274438e+00
      vertex   -1.248226e+00 4.525481e+00 3.185267e+00
      vertex   -1.244056e+00 4.233394e+00 2.929644e+00
    endloop
  endfacet
  facet normal -9.997843e-01 3.623294e-03 -2.044941e-02
    outer loop
      vertex   -1.244056e+00 4.233394e+00 2.929644e+00
      vertex   -1.248226e+00 4.525481e+00 3.185267e+00
      vertex   -1.241584e+00 4.474132e+00 2.851430e+00
    endloop
  endfacet
  facet normal -9.998188e-01 4.238525e-03 -1.855685e-02
    outer loop
      vertex   -1.244056e+00 4.233394e+00 2.929644e+00
      vertex   -1.241584e+00 4.474132e+00 2.851430e+00
      vertex   -1.239928e+00 4.331415e+00 2.729602e+00
    endloop
  endfacet
  facet normal -9.998239e-01 4.041916e-03 -1.832660e-02
    outer loop
      vertex   -1.239928e+00 4.331415e+00 2.729602e+00
      vertex   -1.241584e+00 4.474132e+00 2.851430e+00
      vertex   -1.242167e+00 4.682357e+00 2.929190e+00
    endloop
  endfacet
  facet normal -9.997748e-01 4.908556e-03 -2.064692e-02
    outer loop
      vertex   -1.242167e+00 4.682357e+00 2.929190e+00
      vertex   -1.241584e+00 4.474132e+00 2.851430e+00
      vertex   -1.248226e+00 4.525481e+00 3.185267e+00
    endloop
  endfacet
  facet normal -9.997505e-01 2.349186e-03 -2.221424e-02
    outer loop
      vertex   -1.242167e+00 4.682357e+00 2.929190e+00
      vertex   -1.248226e+00 4.525481e+00 3.185267e+00
      vertex   -1.246128e+00 5.022628e+00 3.143410e+00
    endloop
  endfacet
  facet normal -9.995610e-01 1.728385e-03 -2.957814e-02
    outer loop
      vertex   -1.246128e+00 5.022628e+00 3.143410e+00
      vertex   -1.248226e+00 4.525481e+00 3.185267e+00
      vertex   -1.248226e+00 5.043830e+00 3.215557e+00
    endloop
  endfacet
  facet normal -9.995698e-01 8.369702e-04 -2.931644e-02
    outer loop
      vertex   -1.246128e+00 5.022628e+00 3.143410e+00
      vertex   -1.248226e+00 5.043830e+00 3.215557e+00
      vertex   -1.248980e+00 5.172941e+00 3.244963e+00
    endloop
  endfacet
  facet normal -9.995454e-01 1.022631e-03 -3.013096e-02
    outer loop
      vertex   -1.248980e+00 5.172941e+00 3.244963e+00
      vertex   -1.248226e+00 5.043830e+00 3.215557e+00
      vertex   -1.254868e+00 5.046708e+00 3.435997e+00
    endloop
  endfacet
  facet normal -9.994345e-01 -3.922702e-03 -3.339537e-02
    outer loop
      vertex   -1.248980e+00 5.172941e+00 3.244963e+00
      vertex   -1.254868e+00 5.046708e+00 3.435997e+00
      vertex   -1.252447e+00 5.299381e+00 3.333854e+00
    endloop
  endfacet
  facet normal -9.990854e-01 -7.447321e-03 -4.210599e-02
    outer loop
      vertex   -1.252447e+00 5.299381e+00 3.333854e+00
      vertex   -1.254868e+00 5.046708e+00 3.435997e+00
      vertex   -1.254868e+00 5.281646e+00 3.394443e+00
    endloop
  endfacet
  facet normal -9.990976e-01 -6.819574e-03 -4.192273e-02
    outer loop
      vertex   -1.252447e+00 5.299381e+00 3.333854e+00
      vertex   -1.254868e+00 5.281646e+00 3.394443e+00
      vertex   -1.254433e+00 5.352894e+00 3.372479e+00
    endloop
  endfacet
  facet normal -9.986831e-01 -9.443494e-03 -5.042610e-02
    outer loop
      vertex   -1.254433e+00 5.352894e+00 3.372479e+00
      vertex   -1.254868e+00 5.281646e+00 3.394443e+00
      vertex   -1.256599e+00 5.399535e+00 3.406653e+00
    endloop
  endfacet
  facet normal -9.988647e-01 -9.841517e-03 -4.660887e-02
    outer loop
      vertex   -1.256599e+00 5.399535e+00 3.406653e+00
      vertex   -1.254868e+00 5.281646e+00 3.394443e+00
      vertex   -1.261510e+00 5.326465e+00 3.527326e+00
    endloop
  endfacet
  facet normal -9.983915e-01 -2.031540e-02 -5.293175e-02
    outer loop
      vertex   -1.256599e+00 5.399535e+00 3.406653e+00
      vertex   -1.261510e+00 5.326465e+00 3.527326e+00
      vertex   -1.258955e+00 5.439001e+00 3.435947e+00
    endloop
  endfacet
  facet normal -9.973851e-01 -3.054249e-02 -6.549858e-02
    outer loop
      vertex   -1.258955e+00 5.439001e+00 3.435947e+00
      vertex   -1.261510e+00 5.326465e+00 3.527326e+00
      vertex   -1.261510e+00 5.470991e+00 3.459933e+00
    endloop
  endfacet
  facet normal -9.995332e-01 -5.531707e-03 -3.004503e-02
    outer loop
      vertex   -1.248226e+00 5.043830e+00 3.215557e+00
      vertex   -1.254957e+00 4.720335e+00 3.499038e+00
      vertex   -1.254868e+00 5.046708e+00 3.435997e+00
    endloop
  endfacet
  facet normal -9.996767e-01 -4.559569e-03 -2.501231e-02
    outer loop
      vertex   -1.254868e+00 5.046708e+00 3.435997e+00
      vertex   -1.254957e+00 4.720335e+00 3.499038e+00
      vertex   -1.261510e+00 4.892887e+00 3.729507e+00
    endloop
  endfacet
  facet normal -9.994545e-01 -1.395783e-02 -2.993266e-02
    outer loop
      vertex   -1.254868e+00 5.046708e+00 3.435997e+00
      vertex   -1.261510e+00 4.892887e+00 3.729507e+00
      vertex   -1.261510e+00 5.181939e+00 3.594720e+00
    endloop
  endfacet
  facet normal -9.993187e-01 -6.427915e-03 -3.634243e-02
    outer loop
      vertex   -1.254868e+00 5.046708e+00 3.435997e+00
      vertex   -1.261510e+00 5.181939e+00 3.594720e+00
      vertex   -1.254868e+00 5.281646e+00 3.394443e+00
    endloop
  endfacet
  facet normal -9.988663e-01 -2.011789e-02 -4.314295e-02
    outer loop
      vertex   -1.254868e+00 5.281646e+00 3.394443e+00
      vertex   -1.261510e+00 5.181939e+00 3.594720e+00
      vertex   -1.261510e+00 5.326465e+00 3.527326e+00
    endloop
  endfacet
  facet normal -9.998234e-01 5.325815e-03 -1.802416e-02
    outer loop
      vertex   -1.244056e+00 4.233394e+00 2.929644e+00
      vertex   -1.239928e+00 4.331415e+00 2.729602e+00
      vertex   -1.239900e+00 3.908223e+00 2.603010e+00
    endloop
  endfacet
  facet normal -9.998410e-01 5.049717e-03 -1.710119e-02
    outer loop
      vertex   -1.239900e+00 3.908223e+00 2.603010e+00
      vertex   -1.239928e+00 4.331415e+00 2.729602e+00
      vertex   -1.238590e+00 4.039929e+00 2.565307e+00
    endloop
  endfacet
  facet normal -9.998585e-01 5.383622e-03 -1.593538e-02
    outer loop
      vertex   -1.239900e+00 3.908223e+00 2.603010e+00
      vertex   -1.238590e+00 4.039929e+00 2.565307e+00
      vertex   -1.237335e+00 3.754633e+00 2.390215e+00
    endloop
  endfacet
  facet normal -9.998418e-01 6.333969e-03 -1.662112e-02
    outer loop
      vertex   -1.239900e+00 3.908223e+00 2.603010e+00
      vertex   -1.237335e+00 3.754633e+00 2.390215e+00
      vertex   -1.236964e+00 3.564587e+00 2.295479e+00
    endloop
  endfacet
  facet normal -9.998872e-01 5.091664e-03 -1.412916e-02
    outer loop
      vertex   -1.236964e+00 3.564587e+00 2.295479e+00
      vertex   -1.237335e+00 3.754633e+00 2.390215e+00
      vertex   -1.236130e+00 3.475835e+00 2.204488e+00
    endloop
  endfacet
  facet normal -9.998349e-01 7.552309e-03 -1.652880e-02
    outer loop
      vertex   -1.236964e+00 3.564587e+00 2.295479e+00
      vertex   -1.236130e+00 3.475835e+00 2.204488e+00
      vertex   -1.234941e+00 3.203843e+00 2.008291e+00
    endloop
  endfacet
  facet normal -9.999464e-01 -4.376206e-03 -9.384803e-03
    outer loop
      vertex   -1.261510e+00 3.702582e+00 4.284555e+00
      vertex   -1.260718e+00 3.522867e+00 4.283913e+00
      vertex   -1.261510e+00 3.386483e+00 4.431955e+00
    endloop
  endfacet
  facet normal -9.999537e-01 -3.787378e-03 -8.842385e-03
    outer loop
      vertex   -1.261510e+00 3.386483e+00 4.431955e+00
      vertex   -1.260718e+00 3.522867e+00 4.283913e+00
      vertex   -1.260032e+00 3.343286e+00 4.283355e+00
    endloop
  endfacet
  facet normal -2.089200e-01 1.853712e-02 9.777570e-01
    outer loop
      vertex   -2.056556e+00 4.445097e+00 3.286669e+00
      vertex   -1.978455e+00 4.370850e+00 3.304764e+00
      vertex   -1.899009e+00 4.575272e+00 3.317864e+00
    endloop
  endfacet
  facet normal -2.792038e-01 4.704912e-02 9.590785e-01
    outer loop
      vertex   -1.899009e+00 4.575272e+00 3.317864e+00
      vertex   -1.978455e+00 4.370850e+00 3.304764e+00
      vertex   -1.900204e+00 4.360959e+00 3.328030e+00
    endloop
  endfacet
  facet normal -3.411054e-01 4.643616e-02 9.388774e-01
    outer loop
      vertex   -1.899009e+00 4.575272e+00 3.317864e+00
      vertex   -1.900204e+00 4.360959e+00 3.328030e+00
      vertex   -1.797259e+00 4.565668e+00 3.355306e+00
    endloop
  endfacet
  facet normal -3.675475e-01 6.118420e-02 9.279900e-01
    outer loop
      vertex   -1.797259e+00 4.565668e+00 3.355306e+00
      vertex   -1.900204e+00 4.360959e+00 3.328030e+00
      vertex   -1.801285e+00 4.348461e+00 3.368032e+00
    endloop
  endfacet
  facet normal -4.553023e-01 6.048434e-02 8.882801e-01
    outer loop
      vertex   -1.797259e+00 4.565668e+00 3.355306e+00
      vertex   -1.801285e+00 4.348461e+00 3.368032e+00
      vertex   -1.728832e+00 4.339313e+00 3.405792e+00
    endloop
  endfacet
  facet normal -4.557550e-01 5.691438e-02 8.882838e-01
    outer loop
      vertex   -1.728832e+00 4.339313e+00 3.405792e+00
      vertex   -1.801285e+00 4.348461e+00 3.368032e+00
      vertex   -1.719330e+00 4.124895e+00 3.424406e+00
    endloop
  endfacet
  facet normal -5.619175e-01 4.679158e-02 8.258688e-01
    outer loop
      vertex   -1.728832e+00 4.339313e+00 3.405792e+00
      vertex   -1.719330e+00 4.124895e+00 3.424406e+00
      vertex   -1.646913e+00 4.119061e+00 3.474008e+00
    endloop
  endfacet
  facet normal -5.620252e-01 4.546342e-02 8.258697e-01
    outer loop
      vertex   -1.646913e+00 4.119061e+00 3.474008e+00
      vertex   -1.719330e+00 4.124895e+00 3.424406e+00
      vertex   -1.626204e+00 3.908809e+00 3.499676e+00
    endloop
  endfacet
  facet normal -6.672264e-01 2.515939e-02 7.444300e-01
    outer loop
      vertex   -1.646913e+00 4.119061e+00 3.474008e+00
      vertex   -1.626204e+00 3.908809e+00 3.499676e+00
      vertex   -1.556540e+00 3.906210e+00 3.562203e+00
    endloop
  endfacet
  facet normal -6.678136e-01 6.335228e-03 7.443016e-01
    outer loop
      vertex   -1.556540e+00 3.906210e+00 3.562203e+00
      vertex   -1.626204e+00 3.908809e+00 3.499676e+00
      vertex   -1.615229e+00 3.700913e+00 3.511292e+00
    endloop
  endfacet
  facet normal -7.104523e-01 2.872740e-02 7.031587e-01
    outer loop
      vertex   -1.556540e+00 3.906210e+00 3.562203e+00
      vertex   -1.615229e+00 3.700913e+00 3.511292e+00
      vertex   -1.491811e+00 3.701495e+00 3.635966e+00
    endloop
  endfacet
  facet normal -2.022260e-01 2.588081e-02 9.789969e-01
    outer loop
      vertex   -1.978455e+00 4.370850e+00 3.304764e+00
      vertex   -2.056556e+00 4.445097e+00 3.286669e+00
      vertex   -2.058335e+00 4.380950e+00 3.287997e+00
    endloop
  endfacet
  facet normal -8.634807e-02 2.301853e-02 9.959991e-01
    outer loop
      vertex   -2.058335e+00 4.380950e+00 3.287997e+00
      vertex   -2.056556e+00 4.445097e+00 3.286669e+00
      vertex   -2.228103e+00 4.330778e+00 3.274438e+00
    endloop
  endfacet
  facet normal -7.691247e-02 -9.178093e-03 9.969956e-01
    outer loop
      vertex   -2.058335e+00 4.380950e+00 3.287997e+00
      vertex   -2.228103e+00 4.330778e+00 3.274438e+00
      vertex   -2.157050e+00 4.160223e+00 3.278350e+00
    endloop
  endfacet
  facet normal -4.596181e-02 3.760447e-03 9.989361e-01
    outer loop
      vertex   -2.157050e+00 4.160223e+00 3.278350e+00
      vertex   -2.228103e+00 4.330778e+00 3.274438e+00
      vertex   -2.253990e+00 4.014365e+00 3.274438e+00
    endloop
  endfacet
  facet normal -4.596970e-02 3.765698e-03 9.989357e-01
    outer loop
      vertex   -2.157050e+00 4.160223e+00 3.278350e+00
      vertex   -2.253990e+00 4.014365e+00 3.274438e+00
      vertex   -2.164473e+00 3.928935e+00 3.278880e+00
    endloop
  endfacet
  facet normal -4.846805e-02 1.141993e-03 9.988241e-01
    outer loop
      vertex   -2.164473e+00 3.928935e+00 3.278880e+00
      vertex   -2.253990e+00 4.014365e+00 3.274438e+00
      vertex   -2.261448e+00 3.697864e+00 3.274438e+00
    endloop
  endfacet
  facet normal -8.778573e-02 1.769731e-02 9.959822e-01
    outer loop
      vertex   -2.164473e+00 3.928935e+00 3.278880e+00
      vertex   -2.261448e+00 3.697864e+00 3.274438e+00
      vertex   -2.086695e+00 3.698689e+00 3.289826e+00
    endloop
  endfacet
  facet normal -2.604861e-01 1.987711e-02 9.652730e-01
    outer loop
      vertex   -1.917320e+00 3.699488e+00 3.335517e+00
      vertex   -1.980806e+00 3.922063e+00 3.313802e+00
      vertex   -2.086695e+00 3.698689e+00 3.289826e+00
    endloop
  endfacet
  facet normal -2.320291e-01 5.590913e-03 9.726928e-01
    outer loop
      vertex   -2.086695e+00 3.698689e+00 3.289826e+00
      vertex   -1.980806e+00 3.922063e+00 3.313802e+00
      vertex   -2.071830e+00 3.925469e+00 3.292069e+00
    endloop
  endfacet
  facet normal -1.409620e-01 -5.495323e-04 9.900149e-01
    outer loop
      vertex   -2.086695e+00 3.698689e+00 3.289826e+00
      vertex   -2.071830e+00 3.925469e+00 3.292069e+00
      vertex   -2.164473e+00 3.928935e+00 3.278880e+00
    endloop
  endfacet
  facet normal -1.406897e-01 6.785340e-03 9.900305e-01
    outer loop
      vertex   -2.164473e+00 3.928935e+00 3.278880e+00
      vertex   -2.071830e+00 3.925469e+00 3.292069e+00
      vertex   -2.157050e+00 4.160223e+00 3.278350e+00
    endloop
  endfacet
  facet normal -3.213681e-01 7.242721e-04 9.469541e-01
    outer loop
      vertex   -1.980806e+00 3.922063e+00 3.313802e+00
      vertex   -1.917320e+00 3.699488e+00 3.335517e+00
      vertex   -1.892198e+00 3.918749e+00 3.343875e+00
    endloop
  endfacet
  facet normal -4.251794e-01 1.421744e-02 9.049974e-01
    outer loop
      vertex   -1.892198e+00 3.918749e+00 3.343875e+00
      vertex   -1.917320e+00 3.699488e+00 3.335517e+00
      vertex   -1.758536e+00 3.700237e+00 3.410104e+00
    endloop
  endfacet
  facet normal -4.210589e-01 1.730499e-02 9.068682e-01
    outer loop
      vertex   -1.892198e+00 3.918749e+00 3.343875e+00
      vertex   -1.758536e+00 3.700237e+00 3.410104e+00
      vertex   -1.781365e+00 3.914605e+00 3.395414e+00
    endloop
  endfacet
  facet normal -5.180726e-01 3.441619e-03 8.553297e-01
    outer loop
      vertex   -1.781365e+00 3.914605e+00 3.395414e+00
      vertex   -1.758536e+00 3.700237e+00 3.410104e+00
      vertex   -1.701349e+00 3.911616e+00 3.443891e+00
    endloop
  endfacet
  facet normal -5.174857e-01 2.088745e-02 8.554369e-01
    outer loop
      vertex   -1.781365e+00 3.914605e+00 3.395414e+00
      vertex   -1.701349e+00 3.911616e+00 3.443891e+00
      vertex   -1.795801e+00 4.131060e+00 3.381396e+00
    endloop
  endfacet
  facet normal -4.874875e-01 3.859483e-02 8.722766e-01
    outer loop
      vertex   -1.795801e+00 4.131060e+00 3.381396e+00
      vertex   -1.701349e+00 3.911616e+00 3.443891e+00
      vertex   -1.719330e+00 4.124895e+00 3.424406e+00
    endloop
  endfacet
  facet normal -4.872664e-01 4.132619e-02 8.722750e-01
    outer loop
      vertex   -1.795801e+00 4.131060e+00 3.381396e+00
      vertex   -1.719330e+00 4.124895e+00 3.424406e+00
      vertex   -1.801285e+00 4.348461e+00 3.368032e+00
    endloop
  endfacet
  facet normal -5.766919e-01 2.549697e-02 8.165637e-01
    outer loop
      vertex   -1.758536e+00 3.700237e+00 3.410104e+00
      vertex   -1.615229e+00 3.700913e+00 3.511292e+00
      vertex   -1.701349e+00 3.911616e+00 3.443891e+00
    endloop
  endfacet
  facet normal -5.956859e-01 1.342844e-02 8.031052e-01
    outer loop
      vertex   -1.701349e+00 3.911616e+00 3.443891e+00
      vertex   -1.615229e+00 3.700913e+00 3.511292e+00
      vertex   -1.626204e+00 3.908809e+00 3.499676e+00
    endloop
  endfacet
  facet normal -5.953444e-01 2.318497e-02 8.031360e-01
    outer loop
      vertex   -1.701349e+00 3.911616e+00 3.443891e+00
      vertex   -1.626204e+00 3.908809e+00 3.499676e+00
      vertex   -1.719330e+00 4.124895e+00 3.424406e+00
    endloop
  endfacet
  facet normal -7.337194e-01 1.278523e-02 6.793323e-01
    outer loop
      vertex   -1.556540e+00 3.906210e+00 3.562203e+00
      vertex   -1.491811e+00 3.701495e+00 3.635966e+00
      vertex   -1.492969e+00 3.903839e+00 3.630908e+00
    endloop
  endfacet
  facet normal -8.226629e-01 9.504369e-03 5.684500e-01
    outer loop
      vertex   -1.492969e+00 3.903839e+00 3.630908e+00
      vertex   -1.491811e+00 3.701495e+00 3.635966e+00
      vertex   -1.392079e+00 3.701966e+00 3.780291e+00
    endloop
  endfacet
  facet normal -7.922870e-01 5.378387e-02 6.077735e-01
    outer loop
      vertex   -1.492969e+00 3.903839e+00 3.630908e+00
      vertex   -1.392079e+00 3.701966e+00 3.780291e+00
      vertex   -1.436101e+00 3.901721e+00 3.705228e+00
    endloop
  endfacet
  facet normal -8.479318e-01 1.228184e-02 5.299630e-01
    outer loop
      vertex   -1.436101e+00 3.901721e+00 3.705228e+00
      vertex   -1.392079e+00 3.701966e+00 3.780291e+00
      vertex   -1.386528e+00 3.899877e+00 3.784586e+00
    endloop
  endfacet
  facet normal -8.475337e-01 2.697400e-02 5.300557e-01
    outer loop
      vertex   -1.436101e+00 3.901721e+00 3.705228e+00
      vertex   -1.386528e+00 3.899877e+00 3.784586e+00
      vertex   -1.459237e+00 4.103968e+00 3.657943e+00
    endloop
  endfacet
  facet normal -8.103616e-01 7.212310e-02 5.814742e-01
    outer loop
      vertex   -1.459237e+00 4.103968e+00 3.657943e+00
      vertex   -1.386528e+00 3.899877e+00 3.784586e+00
      vertex   -1.408272e+00 4.099880e+00 3.729476e+00
    endloop
  endfacet
  facet normal -8.112308e-01 6.147867e-02 5.814852e-01
    outer loop
      vertex   -1.459237e+00 4.103968e+00 3.657943e+00
      vertex   -1.408272e+00 4.099880e+00 3.729476e+00
      vertex   -1.476585e+00 4.307515e+00 3.612220e+00
    endloop
  endfacet
  facet normal -7.686678e-01 1.035623e-01 6.312088e-01
    outer loop
      vertex   -1.476585e+00 4.307515e+00 3.612220e+00
      vertex   -1.408272e+00 4.099880e+00 3.729476e+00
      vertex   -1.425114e+00 4.301043e+00 3.675961e+00
    endloop
  endfacet
  facet normal -7.698313e-01 9.443876e-02 6.312219e-01
    outer loop
      vertex   -1.476585e+00 4.307515e+00 3.612220e+00
      vertex   -1.425114e+00 4.301043e+00 3.675961e+00
      vertex   -1.487780e+00 4.511246e+00 3.568086e+00
    endloop
  endfacet
  facet normal -7.218187e-01 1.333320e-01 6.791174e-01
    outer loop
      vertex   -1.487780e+00 4.511246e+00 3.568086e+00
      vertex   -1.425114e+00 4.301043e+00 3.675961e+00
      vertex   -1.436733e+00 4.502283e+00 3.624102e+00
    endloop
  endfacet
  facet normal -7.188504e-01 1.492361e-01 6.789571e-01
    outer loop
      vertex   -1.487780e+00 4.511246e+00 3.568086e+00
      vertex   -1.436733e+00 4.502283e+00 3.624102e+00
      vertex   -1.443160e+00 4.727664e+00 3.567759e+00
    endloop
  endfacet
  facet normal -7.724912e-01 1.331925e-01 6.209003e-01
    outer loop
      vertex   -1.443160e+00 4.727664e+00 3.567759e+00
      vertex   -1.436733e+00 4.502283e+00 3.624102e+00
      vertex   -1.390060e+00 4.494094e+00 3.683926e+00
    endloop
  endfacet
  facet normal -7.099399e-01 1.775585e-01 6.815118e-01
    outer loop
      vertex   -1.443160e+00 4.727664e+00 3.567759e+00
      vertex   -1.390060e+00 4.494094e+00 3.683926e+00
      vertex   -1.397093e+00 4.716616e+00 3.618626e+00
    endloop
  endfacet
  facet normal -8.171642e-01 1.383789e-01 5.595480e-01
    outer loop
      vertex   -1.397093e+00 4.716616e+00 3.618626e+00
      vertex   -1.390060e+00 4.494094e+00 3.683926e+00
      vertex   -1.347997e+00 4.486718e+00 3.747180e+00
    endloop
  endfacet
  facet normal -7.534436e-01 1.909247e-01 6.291824e-01
    outer loop
      vertex   -1.397093e+00 4.716616e+00 3.618626e+00
      vertex   -1.347997e+00 4.486718e+00 3.747180e+00
      vertex   -1.354559e+00 4.706418e+00 3.672654e+00
    endloop
  endfacet
  facet normal -8.634713e-01 1.387122e-01 4.849497e-01
    outer loop
      vertex   -1.354559e+00 4.706418e+00 3.672654e+00
      vertex   -1.347997e+00 4.486718e+00 3.747180e+00
      vertex   -1.300358e+00 4.478371e+00 3.834391e+00
    endloop
  endfacet
  facet normal -7.974630e-01 2.112902e-01 5.651630e-01
    outer loop
      vertex   -1.354559e+00 4.706418e+00 3.672654e+00
      vertex   -1.300358e+00 4.478371e+00 3.834391e+00
      vertex   -1.304626e+00 4.694447e+00 3.747586e+00
    endloop
  endfacet
  facet normal -8.793501e-01 1.624474e-01 4.476094e-01
    outer loop
      vertex   -1.304626e+00 4.694447e+00 3.747586e+00
      vertex   -1.300358e+00 4.478371e+00 3.834391e+00
      vertex   -1.261510e+00 4.595311e+00 3.868269e+00
    endloop
  endfacet
  facet normal -8.426696e-01 2.275508e-01 4.879843e-01
    outer loop
      vertex   -1.304626e+00 4.694447e+00 3.747586e+00
      vertex   -1.261510e+00 4.595311e+00 3.868269e+00
      vertex   -1.261510e+00 4.892887e+00 3.729507e+00
    endloop
  endfacet
  facet normal -9.092633e-01 1.647772e-02 4.158951e-01
    outer loop
      vertex   -1.392079e+00 3.701966e+00 3.780291e+00
      vertex   -1.319103e+00 3.702310e+00 3.939823e+00
      vertex   -1.386528e+00 3.899877e+00 3.784586e+00
    endloop
  endfacet
  facet normal -8.929091e-01 4.710171e-02 4.477665e-01
    outer loop
      vertex   -1.386528e+00 3.899877e+00 3.784586e+00
      vertex   -1.319103e+00 3.702310e+00 3.939823e+00
      vertex   -1.344641e+00 3.898322e+00 3.868279e+00
    endloop
  endfacet
  facet normal -8.937495e-01 2.622409e-02 4.477991e-01
    outer loop
      vertex   -1.386528e+00 3.899877e+00 3.784586e+00
      vertex   -1.344641e+00 3.898322e+00 3.868279e+00
      vertex   -1.408272e+00 4.099880e+00 3.729476e+00
    endloop
  endfacet
  facet normal -8.582304e-01 7.837491e-02 5.072454e-01
    outer loop
      vertex   -1.408272e+00 4.099880e+00 3.729476e+00
      vertex   -1.344641e+00 3.898322e+00 3.868279e+00
      vertex   -1.363807e+00 4.096320e+00 3.805258e+00
    endloop
  endfacet
  facet normal -8.594882e-01 6.298443e-02 5.072603e-01
    outer loop
      vertex   -1.408272e+00 4.099880e+00 3.729476e+00
      vertex   -1.363807e+00 4.096320e+00 3.805258e+00
      vertex   -1.425114e+00 4.301043e+00 3.675961e+00
    endloop
  endfacet
  facet normal -8.174467e-01 1.120423e-01 5.650021e-01
    outer loop
      vertex   -1.425114e+00 4.301043e+00 3.675961e+00
      vertex   -1.363807e+00 4.096320e+00 3.805258e+00
      vertex   -1.379038e+00 4.295256e+00 3.743772e+00
    endloop
  endfacet
  facet normal -8.191991e-01 9.830752e-02 5.650207e-01
    outer loop
      vertex   -1.425114e+00 4.301043e+00 3.675961e+00
      vertex   -1.379038e+00 4.295256e+00 3.743772e+00
      vertex   -1.436733e+00 4.502283e+00 3.624102e+00
    endloop
  endfacet
  facet normal -7.705387e-01 1.441556e-01 6.208778e-01
    outer loop
      vertex   -1.436733e+00 4.502283e+00 3.624102e+00
      vertex   -1.379038e+00 4.295256e+00 3.743772e+00
      vertex   -1.390060e+00 4.494094e+00 3.683926e+00
    endloop
  endfacet
  facet normal -9.318815e-01 1.093796e-02 3.625980e-01
    outer loop
      vertex   -1.344641e+00 3.898322e+00 3.868279e+00
      vertex   -1.319103e+00 3.702310e+00 3.939823e+00
      vertex   -1.310707e+00 3.897064e+00 3.955528e+00
    endloop
  endfacet
  facet normal -9.678564e-01 2.152215e-02 2.505810e-01
    outer loop
      vertex   -1.310707e+00 3.897064e+00 3.955528e+00
      vertex   -1.319103e+00 3.702310e+00 3.939823e+00
      vertex   -1.275129e+00 3.702518e+00 4.109653e+00
    endloop
  endfacet
  facet normal -9.648420e-01 3.038193e-02 2.610686e-01
    outer loop
      vertex   -1.310707e+00 3.897064e+00 3.955528e+00
      vertex   -1.275129e+00 3.702518e+00 4.109653e+00
      vertex   -1.278790e+00 3.895886e+00 4.073620e+00
    endloop
  endfacet
  facet normal -9.969722e-01 -4.408248e-03 7.763325e-02
    outer loop
      vertex   -1.278790e+00 3.895886e+00 4.073620e+00
      vertex   -1.275129e+00 3.702518e+00 4.109653e+00
      vertex   -1.261510e+00 3.702582e+00 4.284555e+00
    endloop
  endfacet
  facet normal -9.877713e-01 6.589044e-02 1.413025e-01
    outer loop
      vertex   -1.278790e+00 3.895886e+00 4.073620e+00
      vertex   -1.261510e+00 3.702582e+00 4.284555e+00
      vertex   -1.261510e+00 4.297734e+00 4.007031e+00
    endloop
  endfacet
  facet normal -8.998173e-01 1.843744e-01 3.953921e-01
    outer loop
      vertex   -1.261510e+00 4.595311e+00 3.868269e+00
      vertex   -1.300358e+00 4.478371e+00 3.834391e+00
      vertex   -1.261510e+00 4.297734e+00 4.007031e+00
    endloop
  endfacet
  facet normal -9.423039e-01 1.020569e-01 3.188223e-01
    outer loop
      vertex   -1.261510e+00 4.297734e+00 4.007031e+00
      vertex   -1.300358e+00 4.478371e+00 3.834391e+00
      vertex   -1.294730e+00 4.284691e+00 3.913023e+00
    endloop
  endfacet
  facet normal -9.426076e-01 9.621296e-02 3.197405e-01
    outer loop
      vertex   -1.261510e+00 4.297734e+00 4.007031e+00
      vertex   -1.294730e+00 4.284691e+00 3.913023e+00
      vertex   -1.287500e+00 4.090232e+00 3.992851e+00
    endloop
  endfacet
  facet normal -9.011817e-01 1.355097e-01 4.117143e-01
    outer loop
      vertex   -1.287500e+00 4.090232e+00 3.992851e+00
      vertex   -1.294730e+00 4.284691e+00 3.913023e+00
      vertex   -1.338615e+00 4.290185e+00 3.815157e+00
    endloop
  endfacet
  facet normal -9.396230e-01 5.931444e-02 3.370318e-01
    outer loop
      vertex   -1.287500e+00 4.090232e+00 3.992851e+00
      vertex   -1.338615e+00 4.290185e+00 3.815157e+00
      vertex   -1.326112e+00 4.093308e+00 3.884661e+00
    endloop
  endfacet
  facet normal -8.601548e-01 1.203508e-01 4.956303e-01
    outer loop
      vertex   -1.326112e+00 4.093308e+00 3.884661e+00
      vertex   -1.338615e+00 4.290185e+00 3.815157e+00
      vertex   -1.379038e+00 4.295256e+00 3.743772e+00
    endloop
  endfacet
  facet normal -9.005833e-01 6.393733e-02 4.299555e-01
    outer loop
      vertex   -1.326112e+00 4.093308e+00 3.884661e+00
      vertex   -1.379038e+00 4.295256e+00 3.743772e+00
      vertex   -1.363807e+00 4.096320e+00 3.805258e+00
    endloop
  endfacet
  facet normal -7.941204e-01 2.240160e-01 5.649686e-01
    outer loop
      vertex   -1.304626e+00 4.694447e+00 3.747586e+00
      vertex   -1.261510e+00 4.892887e+00 3.729507e+00
      vertex   -1.354559e+00 4.706418e+00 3.672654e+00
    endloop
  endfacet
  facet normal -7.521549e-01 1.822462e-01 6.332846e-01
    outer loop
      vertex   -1.354559e+00 4.706418e+00 3.672654e+00
      vertex   -1.261510e+00 4.892887e+00 3.729507e+00
      vertex   -1.394050e+00 4.797230e+00 3.599617e+00
    endloop
  endfacet
  facet normal -7.568303e-01 1.769341e-01 6.292076e-01
    outer loop
      vertex   -1.354559e+00 4.706418e+00 3.672654e+00
      vertex   -1.394050e+00 4.797230e+00 3.599617e+00
      vertex   -1.397093e+00 4.716616e+00 3.618626e+00
    endloop
  endfacet
  facet normal -7.074906e-01 1.873854e-01 6.814278e-01
    outer loop
      vertex   -1.397093e+00 4.716616e+00 3.618626e+00
      vertex   -1.394050e+00 4.797230e+00 3.599617e+00
      vertex   -1.443160e+00 4.727664e+00 3.567759e+00
    endloop
  endfacet
  facet normal -6.436783e-01 1.073980e-01 7.577229e-01
    outer loop
      vertex   -1.394050e+00 4.797230e+00 3.599617e+00
      vertex   -1.544063e+00 4.709136e+00 3.484669e+00
      vertex   -1.443160e+00 4.727664e+00 3.567759e+00
    endloop
  endfacet
  facet normal -6.444916e-01 1.340169e-01 7.527749e-01
    outer loop
      vertex   -1.443160e+00 4.727664e+00 3.567759e+00
      vertex   -1.544063e+00 4.709136e+00 3.484669e+00
      vertex   -1.487780e+00 4.511246e+00 3.568086e+00
    endloop
  endfacet
  facet normal -5.177702e-01 7.225045e-02 8.524634e-01
    outer loop
      vertex   -1.712687e+00 4.633019e+00 3.388701e+00
      vertex   -1.664063e+00 4.542232e+00 3.425929e+00
      vertex   -1.544063e+00 4.709136e+00 3.484669e+00
    endloop
  endfacet
  facet normal -5.509239e-01 1.047107e-01 8.279605e-01
    outer loop
      vertex   -1.544063e+00 4.709136e+00 3.484669e+00
      vertex   -1.664063e+00 4.542232e+00 3.425929e+00
      vertex   -1.601804e+00 4.531283e+00 3.468740e+00
    endloop
  endfacet
  facet normal -6.088271e-01 1.275375e-01 7.829838e-01
    outer loop
      vertex   -1.544063e+00 4.709136e+00 3.484669e+00
      vertex   -1.601804e+00 4.531283e+00 3.468740e+00
      vertex   -1.542922e+00 4.520934e+00 3.516211e+00
    endloop
  endfacet
  facet normal -6.119392e-01 1.105504e-01 7.831405e-01
    outer loop
      vertex   -1.542922e+00 4.520934e+00 3.516211e+00
      vertex   -1.601804e+00 4.531283e+00 3.468740e+00
      vertex   -1.533128e+00 4.314634e+00 3.552986e+00
    endloop
  endfacet
  facet normal -7.150292e-01 8.964527e-02 6.933231e-01
    outer loop
      vertex   -1.542922e+00 4.520934e+00 3.516211e+00
      vertex   -1.533128e+00 4.314634e+00 3.552986e+00
      vertex   -1.476585e+00 4.307515e+00 3.612220e+00
    endloop
  endfacet
  facet normal -7.143647e-01 9.485517e-02 6.933149e-01
    outer loop
      vertex   -1.476585e+00 4.307515e+00 3.612220e+00
      vertex   -1.533128e+00 4.314634e+00 3.552986e+00
      vertex   -1.459237e+00 4.103968e+00 3.657943e+00
    endloop
  endfacet
  facet normal -4.872811e-01 9.497724e-02 8.680648e-01
    outer loop
      vertex   -1.664063e+00 4.542232e+00 3.425929e+00
      vertex   -1.712687e+00 4.633019e+00 3.388701e+00
      vertex   -1.729335e+00 4.553714e+00 3.388032e+00
    endloop
  endfacet
  facet normal -4.155278e-01 7.959336e-02 9.060913e-01
    outer loop
      vertex   -1.729335e+00 4.553714e+00 3.388032e+00
      vertex   -1.712687e+00 4.633019e+00 3.388701e+00
      vertex   -1.803731e+00 4.601413e+00 3.349725e+00
    endloop
  endfacet
  facet normal -4.239522e-01 6.429208e-02 9.033997e-01
    outer loop
      vertex   -1.729335e+00 4.553714e+00 3.388032e+00
      vertex   -1.803731e+00 4.601413e+00 3.349725e+00
      vertex   -1.797259e+00 4.565668e+00 3.355306e+00
    endloop
  endfacet
  facet normal -3.369715e-01 8.538737e-02 9.376349e-01
    outer loop
      vertex   -1.797259e+00 4.565668e+00 3.355306e+00
      vertex   -1.803731e+00 4.601413e+00 3.349725e+00
      vertex   -1.899009e+00 4.575272e+00 3.317864e+00
    endloop
  endfacet
  facet normal -9.391633e-01 9.507709e-02 3.300493e-01
    outer loop
      vertex   -1.278790e+00 3.895886e+00 4.073620e+00
      vertex   -1.261510e+00 4.297734e+00 4.007031e+00
      vertex   -1.287500e+00 4.090232e+00 3.992851e+00
    endloop
  endfacet
  facet normal -2.023808e-01 2.465560e-02 9.789965e-01
    outer loop
      vertex   -1.978455e+00 4.370850e+00 3.304764e+00
      vertex   -2.058335e+00 4.380950e+00 3.287997e+00
      vertex   -1.984524e+00 4.146290e+00 3.309165e+00
    endloop
  endfacet
  facet normal -2.171795e-01 1.972433e-02 9.759324e-01
    outer loop
      vertex   -1.984524e+00 4.146290e+00 3.309165e+00
      vertex   -2.058335e+00 4.380950e+00 3.287997e+00
      vertex   -2.070117e+00 4.153202e+00 3.289978e+00
    endloop
  endfacet
  facet normal -2.174342e-01 1.657454e-02 9.759342e-01
    outer loop
      vertex   -1.984524e+00 4.146290e+00 3.309165e+00
      vertex   -2.070117e+00 4.153202e+00 3.289978e+00
      vertex   -1.980806e+00 3.922063e+00 3.313802e+00
    endloop
  endfacet
  facet normal -2.318395e-01 1.067454e-02 9.726955e-01
    outer loop
      vertex   -1.980806e+00 3.922063e+00 3.313802e+00
      vertex   -2.070117e+00 4.153202e+00 3.289978e+00
      vertex   -2.071830e+00 3.925469e+00 3.292069e+00
    endloop
  endfacet
  facet normal -3.692869e-01 4.773317e-02 9.280888e-01
    outer loop
      vertex   -1.795801e+00 4.131060e+00 3.381396e+00
      vertex   -1.801285e+00 4.348461e+00 3.368032e+00
      vertex   -1.900204e+00 4.360959e+00 3.328030e+00
    endloop
  endfacet
  facet normal -2.808244e-01 3.438023e-02 9.591432e-01
    outer loop
      vertex   -1.900204e+00 4.360959e+00 3.328030e+00
      vertex   -1.978455e+00 4.370850e+00 3.304764e+00
      vertex   -1.900933e+00 4.139542e+00 3.335753e+00
    endloop
  endfacet
  facet normal -3.010309e-01 2.681680e-02 9.532372e-01
    outer loop
      vertex   -1.900933e+00 4.139542e+00 3.335753e+00
      vertex   -1.978455e+00 4.370850e+00 3.304764e+00
      vertex   -1.984524e+00 4.146290e+00 3.309165e+00
    endloop
  endfacet
  facet normal -3.013281e-01 2.314483e-02 9.532396e-01
    outer loop
      vertex   -1.900933e+00 4.139542e+00 3.335753e+00
      vertex   -1.984524e+00 4.146290e+00 3.309165e+00
      vertex   -1.892198e+00 3.918749e+00 3.343875e+00
    endloop
  endfacet
  facet normal -3.208814e-01 1.426105e-02 9.470120e-01
    outer loop
      vertex   -1.892198e+00 3.918749e+00 3.343875e+00
      vertex   -1.984524e+00 4.146290e+00 3.309165e+00
      vertex   -1.980806e+00 3.922063e+00 3.313802e+00
    endloop
  endfacet
  facet normal -4.222934e-01 7.384557e-02 9.034463e-01
    outer loop
      vertex   -1.729335e+00 4.553714e+00 3.388032e+00
      vertex   -1.797259e+00 4.565668e+00 3.355306e+00
      vertex   -1.728832e+00 4.339313e+00 3.405792e+00
    endloop
  endfacet
  facet normal -4.888267e-01 8.631017e-02 8.681008e-01
    outer loop
      vertex   -1.664063e+00 4.542232e+00 3.425929e+00
      vertex   -1.729335e+00 4.553714e+00 3.388032e+00
      vertex   -1.659693e+00 4.330588e+00 3.449432e+00
    endloop
  endfacet
  facet normal -5.262476e-01 6.896967e-02 8.475297e-01
    outer loop
      vertex   -1.659693e+00 4.330588e+00 3.449432e+00
      vertex   -1.729335e+00 4.553714e+00 3.388032e+00
      vertex   -1.728832e+00 4.339313e+00 3.405792e+00
    endloop
  endfacet
  facet normal -5.265409e-01 6.665897e-02 8.475325e-01
    outer loop
      vertex   -1.659693e+00 4.330588e+00 3.449432e+00
      vertex   -1.728832e+00 4.339313e+00 3.405792e+00
      vertex   -1.646913e+00 4.119061e+00 3.474008e+00
    endloop
  endfacet
  facet normal -5.520198e-01 9.857107e-02 8.279842e-01
    outer loop
      vertex   -1.601804e+00 4.531283e+00 3.468740e+00
      vertex   -1.664063e+00 4.542232e+00 3.425929e+00
      vertex   -1.594311e+00 4.322343e+00 3.498610e+00
    endloop
  endfacet
  facet normal -5.931351e-01 7.675360e-02 8.014359e-01
    outer loop
      vertex   -1.594311e+00 4.322343e+00 3.498610e+00
      vertex   -1.664063e+00 4.542232e+00 3.425929e+00
      vertex   -1.659693e+00 4.330588e+00 3.449432e+00
    endloop
  endfacet
  facet normal -5.931926e-01 7.630190e-02 8.014366e-01
    outer loop
      vertex   -1.594311e+00 4.322343e+00 3.498610e+00
      vertex   -1.659693e+00 4.330588e+00 3.449432e+00
      vertex   -1.579075e+00 4.113600e+00 3.529761e+00
    endloop
  endfacet
  facet normal -6.315952e-01 5.171835e-02 7.735714e-01
    outer loop
      vertex   -1.579075e+00 4.113600e+00 3.529761e+00
      vertex   -1.659693e+00 4.330588e+00 3.449432e+00
      vertex   -1.646913e+00 4.119061e+00 3.474008e+00
    endloop
  endfacet
  facet normal -6.315410e-01 5.238520e-02 7.735708e-01
    outer loop
      vertex   -1.579075e+00 4.113600e+00 3.529761e+00
      vertex   -1.646913e+00 4.119061e+00 3.474008e+00
      vertex   -1.556540e+00 3.906210e+00 3.562203e+00
    endloop
  endfacet
  facet normal -6.560579e-01 8.369958e-02 7.500550e-01
    outer loop
      vertex   -1.601804e+00 4.531283e+00 3.468740e+00
      vertex   -1.594311e+00 4.322343e+00 3.498610e+00
      vertex   -1.533128e+00 4.314634e+00 3.552986e+00
    endloop
  endfacet
  facet normal -6.557982e-01 8.573802e-02 7.500518e-01
    outer loop
      vertex   -1.533128e+00 4.314634e+00 3.552986e+00
      vertex   -1.594311e+00 4.322343e+00 3.498610e+00
      vertex   -1.516341e+00 4.108555e+00 3.591220e+00
    endloop
  endfacet
  facet normal -7.563917e-01 5.924657e-02 6.514303e-01
    outer loop
      vertex   -1.533128e+00 4.314634e+00 3.552986e+00
      vertex   -1.516341e+00 4.108555e+00 3.591220e+00
      vertex   -1.459237e+00 4.103968e+00 3.657943e+00
    endloop
  endfacet
  facet normal -7.558533e-01 6.583688e-02 6.514225e-01
    outer loop
      vertex   -1.459237e+00 4.103968e+00 3.657943e+00
      vertex   -1.516341e+00 4.108555e+00 3.591220e+00
      vertex   -1.436101e+00 3.901721e+00 3.705228e+00
    endloop
  endfacet
  facet normal -6.964180e-01 5.593601e-02 7.154531e-01
    outer loop
      vertex   -1.516341e+00 4.108555e+00 3.591220e+00
      vertex   -1.594311e+00 4.322343e+00 3.498610e+00
      vertex   -1.579075e+00 4.113600e+00 3.529761e+00
    endloop
  endfacet
  facet normal -6.685953e-01 1.221629e-01 7.335234e-01
    outer loop
      vertex   -1.542922e+00 4.520934e+00 3.516211e+00
      vertex   -1.476585e+00 4.307515e+00 3.612220e+00
      vertex   -1.487780e+00 4.511246e+00 3.568086e+00
    endloop
  endfacet
  facet normal -8.142625e-01 1.546546e-01 5.595163e-01
    outer loop
      vertex   -1.347997e+00 4.486718e+00 3.747180e+00
      vertex   -1.390060e+00 4.494094e+00 3.683926e+00
      vertex   -1.338615e+00 4.290185e+00 3.815157e+00
    endloop
  endfacet
  facet normal -8.625830e-01 1.013649e-01 4.956568e-01
    outer loop
      vertex   -1.338615e+00 4.290185e+00 3.815157e+00
      vertex   -1.390060e+00 4.494094e+00 3.683926e+00
      vertex   -1.379038e+00 4.295256e+00 3.743772e+00
    endloop
  endfacet
  facet normal -8.575155e-01 1.719367e-01 4.848762e-01
    outer loop
      vertex   -1.300358e+00 4.478371e+00 3.834391e+00
      vertex   -1.347997e+00 4.486718e+00 3.747180e+00
      vertex   -1.294730e+00 4.284691e+00 3.913023e+00
    endloop
  endfacet
  facet normal -9.058711e-01 9.918080e-02 4.117774e-01
    outer loop
      vertex   -1.294730e+00 4.284691e+00 3.913023e+00
      vertex   -1.347997e+00 4.486718e+00 3.747180e+00
      vertex   -1.338615e+00 4.290185e+00 3.815157e+00
    endloop
  endfacet
  facet normal -6.691783e-01 1.188834e-01 7.335306e-01
    outer loop
      vertex   -1.544063e+00 4.709136e+00 3.484669e+00
      vertex   -1.542922e+00 4.520934e+00 3.516211e+00
      vertex   -1.487780e+00 4.511246e+00 3.568086e+00
    endloop
  endfacet
  facet normal -1.317737e-01 1.009202e-02 9.912285e-01
    outer loop
      vertex   -2.071830e+00 3.925469e+00 3.292069e+00
      vertex   -2.070117e+00 4.153202e+00 3.289978e+00
      vertex   -2.157050e+00 4.160223e+00 3.278350e+00
    endloop
  endfacet
  facet normal -1.313421e-01 1.541677e-02 9.912172e-01
    outer loop
      vertex   -2.157050e+00 4.160223e+00 3.278350e+00
      vertex   -2.070117e+00 4.153202e+00 3.289978e+00
      vertex   -2.058335e+00 4.380950e+00 3.287997e+00
    endloop
  endfacet
  facet normal -3.957756e-01 3.304041e-02 9.177527e-01
    outer loop
      vertex   -1.781365e+00 3.914605e+00 3.395414e+00
      vertex   -1.795801e+00 4.131060e+00 3.381396e+00
      vertex   -1.900933e+00 4.139542e+00 3.335753e+00
    endloop
  endfacet
  facet normal -3.957534e-01 3.331469e-02 9.177524e-01
    outer loop
      vertex   -1.900933e+00 4.139542e+00 3.335753e+00
      vertex   -1.795801e+00 4.131060e+00 3.381396e+00
      vertex   -1.900204e+00 4.360959e+00 3.328030e+00
    endloop
  endfacet
  facet normal -4.210818e-01 1.670192e-02 9.068689e-01
    outer loop
      vertex   -1.781365e+00 3.914605e+00 3.395414e+00
      vertex   -1.900933e+00 4.139542e+00 3.335753e+00
      vertex   -1.892198e+00 3.918749e+00 3.343875e+00
    endloop
  endfacet
  facet normal -7.332820e-01 2.659977e-02 6.794041e-01
    outer loop
      vertex   -1.556540e+00 3.906210e+00 3.562203e+00
      vertex   -1.492969e+00 3.903839e+00 3.630908e+00
      vertex   -1.579075e+00 4.113600e+00 3.529761e+00
    endloop
  endfacet
  facet normal -6.961500e-01 5.922351e-02 7.154494e-01
    outer loop
      vertex   -1.579075e+00 4.113600e+00 3.529761e+00
      vertex   -1.492969e+00 3.903839e+00 3.630908e+00
      vertex   -1.516341e+00 4.108555e+00 3.591220e+00
    endloop
  endfacet
  facet normal -7.935063e-01 2.726774e-02 6.079508e-01
    outer loop
      vertex   -1.492969e+00 3.903839e+00 3.630908e+00
      vertex   -1.436101e+00 3.901721e+00 3.705228e+00
      vertex   -1.516341e+00 4.108555e+00 3.591220e+00
    endloop
  endfacet
  facet normal -9.363891e-01 9.808171e-02 3.369798e-01
    outer loop
      vertex   -1.278790e+00 3.895886e+00 4.073620e+00
      vertex   -1.287500e+00 4.090232e+00 3.992851e+00
      vertex   -1.326112e+00 4.093308e+00 3.884661e+00
    endloop
  endfacet
  facet normal -9.315700e-01 2.526258e-02 3.626833e-01
    outer loop
      vertex   -1.344641e+00 3.898322e+00 3.868279e+00
      vertex   -1.310707e+00 3.897064e+00 3.955528e+00
      vertex   -1.363807e+00 4.096320e+00 3.805258e+00
    endloop
  endfacet
  facet normal -8.988794e-01 8.469203e-02 4.299339e-01
    outer loop
      vertex   -1.363807e+00 4.096320e+00 3.805258e+00
      vertex   -1.310707e+00 3.897064e+00 3.955528e+00
      vertex   -1.326112e+00 4.093308e+00 3.884661e+00
    endloop
  endfacet
  facet normal -9.651524e-01 1.849628e-02 2.610339e-01
    outer loop
      vertex   -1.310707e+00 3.897064e+00 3.955528e+00
      vertex   -1.278790e+00 3.895886e+00 4.073620e+00
      vertex   -1.326112e+00 4.093308e+00 3.884661e+00
    endloop
  endfacet
  facet normal -9.991574e-01 -4.552121e-03 4.078963e-02
    outer loop
      vertex   -1.260718e+00 3.522867e+00 4.283913e+00
      vertex   -1.261510e+00 3.702582e+00 4.284555e+00
      vertex   -1.265328e+00 3.642641e+00 4.184337e+00
    endloop
  endfacet
  facet normal -9.947942e-01 -6.618464e-02 7.748634e-02
    outer loop
      vertex   -1.265328e+00 3.642641e+00 4.184337e+00
      vertex   -1.261510e+00 3.702582e+00 4.284555e+00
      vertex   -1.275129e+00 3.702518e+00 4.109653e+00
    endloop
  endfacet
  facet normal -9.899372e-01 1.364087e-02 1.408484e-01
    outer loop
      vertex   -1.265328e+00 3.642641e+00 4.184337e+00
      vertex   -1.275129e+00 3.702518e+00 4.109653e+00
      vertex   -1.279428e+00 3.642577e+00 4.085247e+00
    endloop
  endfacet
  facet normal -9.708294e-01 -2.736978e-02 2.382039e-01
    outer loop
      vertex   -1.279428e+00 3.642577e+00 4.085247e+00
      vertex   -1.275129e+00 3.702518e+00 4.109653e+00
      vertex   -1.303276e+00 3.642471e+00 3.988037e+00
    endloop
  endfacet
  facet normal -9.711910e-01 -4.097560e-03 2.382670e-01
    outer loop
      vertex   -1.279428e+00 3.642577e+00 4.085247e+00
      vertex   -1.303276e+00 3.642471e+00 3.988037e+00
      vertex   -1.278585e+00 3.403066e+00 4.084563e+00
    endloop
  endfacet
  facet normal -9.710320e-01 -3.818263e-03 2.389191e-01
    outer loop
      vertex   -1.278585e+00 3.403066e+00 4.084563e+00
      vertex   -1.303276e+00 3.642471e+00 3.988037e+00
      vertex   -1.302487e+00 3.402977e+00 3.987418e+00
    endloop
  endfacet
  facet normal -9.710107e-01 -7.530623e-03 2.389172e-01
    outer loop
      vertex   -1.278585e+00 3.403066e+00 4.084563e+00
      vertex   -1.302487e+00 3.402977e+00 3.987418e+00
      vertex   -1.299330e+00 3.259676e+00 3.995733e+00
    endloop
  endfacet
  facet normal -9.457684e-01 -1.989108e-03 3.248355e-01
    outer loop
      vertex   -1.299330e+00 3.259676e+00 3.995733e+00
      vertex   -1.302487e+00 3.402977e+00 3.987418e+00
      vertex   -1.330897e+00 3.232911e+00 3.903660e+00
    endloop
  endfacet
  facet normal -9.426253e-01 -6.919772e-03 3.337808e-01
    outer loop
      vertex   -1.330897e+00 3.232911e+00 3.903660e+00
      vertex   -1.302487e+00 3.402977e+00 3.987418e+00
      vertex   -1.335873e+00 3.402854e+00 3.893131e+00
    endloop
  endfacet
  facet normal -9.097297e-01 -9.125505e-04 4.151999e-01
    outer loop
      vertex   -1.330897e+00 3.232911e+00 3.903660e+00
      vertex   -1.335873e+00 3.402854e+00 3.893131e+00
      vertex   -1.371410e+00 3.207090e+00 3.814837e+00
    endloop
  endfacet
  facet normal -8.988152e-01 -1.207721e-02 4.381614e-01
    outer loop
      vertex   -1.371410e+00 3.207090e+00 3.814837e+00
      vertex   -1.335873e+00 3.402854e+00 3.893131e+00
      vertex   -1.391167e+00 3.402650e+00 3.779698e+00
    endloop
  endfacet
  facet normal -8.652853e-01 2.650289e-03 5.012727e-01
    outer loop
      vertex   -1.371410e+00 3.207090e+00 3.814837e+00
      vertex   -1.391167e+00 3.402650e+00 3.779698e+00
      vertex   -1.420439e+00 3.182526e+00 3.730333e+00
    endloop
  endfacet
  facet normal -8.427035e-01 -8.658186e-03 5.383083e-01
    outer loop
      vertex   -1.420439e+00 3.182526e+00 3.730333e+00
      vertex   -1.391167e+00 3.402650e+00 3.779698e+00
      vertex   -1.444994e+00 3.402451e+00 3.695431e+00
    endloop
  endfacet
  facet normal -8.119855e-01 1.971045e-03 5.836743e-01
    outer loop
      vertex   -1.420439e+00 3.182526e+00 3.730333e+00
      vertex   -1.444994e+00 3.402451e+00 3.695431e+00
      vertex   -1.477624e+00 3.159423e+00 3.650858e+00
    endloop
  endfacet
  facet normal -7.845532e-01 -8.375523e-03 6.200049e-01
    outer loop
      vertex   -1.477624e+00 3.159423e+00 3.650858e+00
      vertex   -1.444994e+00 3.402451e+00 3.695431e+00
      vertex   -1.507013e+00 3.402221e+00 3.616949e+00
    endloop
  endfacet
  facet normal -7.506571e-01 1.409419e-03 6.606905e-01
    outer loop
      vertex   -1.477624e+00 3.159423e+00 3.650858e+00
      vertex   -1.507013e+00 3.402221e+00 3.616949e+00
      vertex   -1.542635e+00 3.137965e+00 3.577040e+00
    endloop
  endfacet
  facet normal -7.193504e-01 -7.932141e-03 6.946021e-01
    outer loop
      vertex   -1.542635e+00 3.137965e+00 3.577040e+00
      vertex   -1.507013e+00 3.402221e+00 3.616949e+00
      vertex   -1.576510e+00 3.401965e+00 3.544973e+00
    endloop
  endfacet
  facet normal -6.817807e-01 1.377146e-03 7.315553e-01
    outer loop
      vertex   -1.542635e+00 3.137965e+00 3.577040e+00
      vertex   -1.576510e+00 3.401965e+00 3.544973e+00
      vertex   -1.615041e+00 3.118359e+00 3.509598e+00
    endloop
  endfacet
  facet normal -6.471953e-01 -7.155408e-03 7.622906e-01
    outer loop
      vertex   -1.615041e+00 3.118359e+00 3.509598e+00
      vertex   -1.576510e+00 3.401965e+00 3.544973e+00
      vertex   -1.652768e+00 3.401683e+00 3.480226e+00
    endloop
  endfacet
  facet normal -6.060323e-01 1.762304e-03 7.954381e-01
    outer loop
      vertex   -1.615041e+00 3.118359e+00 3.509598e+00
      vertex   -1.652768e+00 3.401683e+00 3.480226e+00
      vertex   -1.693861e+00 3.100914e+00 3.449585e+00
    endloop
  endfacet
  facet normal -5.679410e-01 -6.254460e-03 8.230455e-01
    outer loop
      vertex   -1.693861e+00 3.100914e+00 3.449585e+00
      vertex   -1.652768e+00 3.401683e+00 3.480226e+00
      vertex   -1.735073e+00 3.401379e+00 3.423429e+00
    endloop
  endfacet
  facet normal -5.241690e-01 2.236089e-03 8.516113e-01
    outer loop
      vertex   -1.693861e+00 3.100914e+00 3.449585e+00
      vertex   -1.735073e+00 3.401379e+00 3.423429e+00
      vertex   -1.778452e+00 3.085790e+00 3.397558e+00
    endloop
  endfacet
  facet normal -4.816226e-01 -5.640943e-03 8.763605e-01
    outer loop
      vertex   -1.778452e+00 3.085790e+00 3.397558e+00
      vertex   -1.735073e+00 3.401379e+00 3.423429e+00
      vertex   -1.822692e+00 3.401055e+00 3.375274e+00
    endloop
  endfacet
  facet normal -4.367344e-01 2.299833e-03 8.995876e-01
    outer loop
      vertex   -1.778452e+00 3.085790e+00 3.397558e+00
      vertex   -1.822692e+00 3.401055e+00 3.375274e+00
      vertex   -1.868249e+00 3.073127e+00 3.353996e+00
    endloop
  endfacet
  facet normal -3.909589e-01 -5.409355e-03 9.203923e-01
    outer loop
      vertex   -1.868249e+00 3.073127e+00 3.353996e+00
      vertex   -1.822692e+00 3.401055e+00 3.375274e+00
      vertex   -1.914737e+00 3.400714e+00 3.336174e+00
    endloop
  endfacet
  facet normal -3.445244e-01 2.180239e-03 9.387748e-01
    outer loop
      vertex   -1.868249e+00 3.073127e+00 3.353996e+00
      vertex   -1.914737e+00 3.400714e+00 3.336174e+00
      vertex   -1.962385e+00 3.063091e+00 3.319472e+00
    endloop
  endfacet
  facet normal -2.976820e-01 -5.215910e-03 9.546508e-01
    outer loop
      vertex   -1.962385e+00 3.063091e+00 3.319472e+00
      vertex   -1.914737e+00 3.400714e+00 3.336174e+00
      vertex   -2.010236e+00 3.400362e+00 3.306393e+00
    endloop
  endfacet
  facet normal -2.487119e-01 2.271778e-03 9.685748e-01
    outer loop
      vertex   -1.962385e+00 3.063091e+00 3.319472e+00
      vertex   -2.010236e+00 3.400362e+00 3.306393e+00
      vertex   -2.059411e+00 3.055853e+00 3.294574e+00
    endloop
  endfacet
  facet normal -1.890891e-01 -6.697210e-03 9.819371e-01
    outer loop
      vertex   -2.059411e+00 3.055853e+00 3.294574e+00
      vertex   -2.010236e+00 3.400362e+00 3.306393e+00
      vertex   -2.134218e+00 3.399903e+00 3.282515e+00
    endloop
  endfacet
  facet normal -1.503845e-01 1.952838e-03 9.886257e-01
    outer loop
      vertex   -2.059411e+00 3.055853e+00 3.294574e+00
      vertex   -2.134218e+00 3.399903e+00 3.282515e+00
      vertex   -2.158549e+00 3.051472e+00 3.279503e+00
    endloop
  endfacet
  facet normal -5.024476e-02 -5.127176e-03 9.987238e-01
    outer loop
      vertex   -2.158549e+00 3.051472e+00 3.279503e+00
      vertex   -2.134218e+00 3.399903e+00 3.282515e+00
      vertex   -2.259062e+00 3.050000e+00 3.274438e+00
    endloop
  endfacet
  facet normal -6.390553e-02 -2.353699e-04 9.979559e-01
    outer loop
      vertex   -2.259062e+00 3.050000e+00 3.274438e+00
      vertex   -2.134218e+00 3.399903e+00 3.282515e+00
      vertex   -2.261448e+00 3.697864e+00 3.274438e+00
    endloop
  endfacet
  facet normal -6.400483e-02 -2.779452e-04 9.979496e-01
    outer loop
      vertex   -2.261448e+00 3.697864e+00 3.274438e+00
      vertex   -2.134218e+00 3.399903e+00 3.282515e+00
      vertex   -2.135127e+00 3.638744e+00 3.282524e+00
    endloop
  endfacet
  facet normal -8.736723e-02 -5.061426e-02 9.948895e-01
    outer loop
      vertex   -2.261448e+00 3.697864e+00 3.274438e+00
      vertex   -2.135127e+00 3.638744e+00 3.282524e+00
      vertex   -2.086695e+00 3.698689e+00 3.289826e+00
    endloop
  endfacet
  facet normal -1.643729e-01 1.264599e-02 9.863172e-01
    outer loop
      vertex   -2.086695e+00 3.698689e+00 3.289826e+00
      vertex   -2.135127e+00 3.638744e+00 3.282524e+00
      vertex   -2.010236e+00 3.400362e+00 3.306393e+00
    endloop
  endfacet
  facet normal -2.151036e-01 -8.960236e-04 9.765908e-01
    outer loop
      vertex   -2.086695e+00 3.698689e+00 3.289826e+00
      vertex   -2.010236e+00 3.400362e+00 3.306393e+00
      vertex   -2.011084e+00 3.639299e+00 3.306426e+00
    endloop
  endfacet
  facet normal -2.976994e-01 -1.186370e-03 9.546589e-01
    outer loop
      vertex   -2.011084e+00 3.639299e+00 3.306426e+00
      vertex   -2.010236e+00 3.400362e+00 3.306393e+00
      vertex   -1.914737e+00 3.400714e+00 3.336174e+00
    endloop
  endfacet
  facet normal -2.978445e-01 -1.250623e-03 9.546136e-01
    outer loop
      vertex   -2.011084e+00 3.639299e+00 3.306426e+00
      vertex   -1.914737e+00 3.400714e+00 3.336174e+00
      vertex   -1.915542e+00 3.639728e+00 3.336236e+00
    endloop
  endfacet
  facet normal -3.909762e-01 -1.555489e-03 9.203995e-01
    outer loop
      vertex   -1.915542e+00 3.639728e+00 3.336236e+00
      vertex   -1.914737e+00 3.400714e+00 3.336174e+00
      vertex   -1.822692e+00 3.401055e+00 3.375274e+00
    endloop
  endfacet
  facet normal -3.911616e-01 -1.640528e-03 9.203206e-01
    outer loop
      vertex   -1.915542e+00 3.639728e+00 3.336236e+00
      vertex   -1.822692e+00 3.401055e+00 3.375274e+00
      vertex   -1.823459e+00 3.640140e+00 3.375375e+00
    endloop
  endfacet
  facet normal -4.816400e-01 -1.912343e-03 8.763671e-01
    outer loop
      vertex   -1.823459e+00 3.640140e+00 3.375375e+00
      vertex   -1.822692e+00 3.401055e+00 3.375274e+00
      vertex   -1.735073e+00 3.401379e+00 3.423429e+00
    endloop
  endfacet
  facet normal -4.818618e-01 -2.019032e-03 8.762449e-01
    outer loop
      vertex   -1.823459e+00 3.640140e+00 3.375375e+00
      vertex   -1.735073e+00 3.401379e+00 3.423429e+00
      vertex   -1.735809e+00 3.640533e+00 3.423576e+00
    endloop
  endfacet
  facet normal -5.679607e-01 -2.251127e-03 8.230526e-01
    outer loop
      vertex   -1.735809e+00 3.640533e+00 3.423576e+00
      vertex   -1.735073e+00 3.401379e+00 3.423429e+00
      vertex   -1.652768e+00 3.401683e+00 3.480226e+00
    endloop
  endfacet
  facet normal -5.682123e-01 -2.379873e-03 8.228786e-01
    outer loop
      vertex   -1.735809e+00 3.640533e+00 3.423576e+00
      vertex   -1.652768e+00 3.401683e+00 3.480226e+00
      vertex   -1.653480e+00 3.640902e+00 3.480427e+00
    endloop
  endfacet
  facet normal -6.472196e-01 -2.564076e-03 7.622993e-01
    outer loop
      vertex   -1.653480e+00 3.640902e+00 3.480427e+00
      vertex   -1.652768e+00 3.401683e+00 3.480226e+00
      vertex   -1.576510e+00 3.401965e+00 3.544973e+00
    endloop
  endfacet
  facet normal -6.474908e-01 -2.713801e-03 7.620684e-01
    outer loop
      vertex   -1.653480e+00 3.640902e+00 3.480427e+00
      vertex   -1.576510e+00 3.401965e+00 3.544973e+00
      vertex   -1.577206e+00 3.641243e+00 3.545234e+00
    endloop
  endfacet
  facet normal -7.193792e-01 -2.849591e-03 6.946118e-01
    outer loop
      vertex   -1.577206e+00 3.641243e+00 3.545234e+00
      vertex   -1.576510e+00 3.401965e+00 3.544973e+00
      vertex   -1.507013e+00 3.402221e+00 3.616949e+00
    endloop
  endfacet
  facet normal -7.196600e-01 -3.019590e-03 6.943201e-01
    outer loop
      vertex   -1.577206e+00 3.641243e+00 3.545234e+00
      vertex   -1.507013e+00 3.402221e+00 3.616949e+00
      vertex   -1.507704e+00 3.641555e+00 3.617274e+00
    endloop
  endfacet
  facet normal -7.845844e-01 -3.106056e-03 6.200142e-01
    outer loop
      vertex   -1.507704e+00 3.641555e+00 3.617274e+00
      vertex   -1.507013e+00 3.402221e+00 3.616949e+00
      vertex   -1.444994e+00 3.402451e+00 3.695431e+00
    endloop
  endfacet
  facet normal -7.848653e-01 -3.296295e-03 6.196576e-01
    outer loop
      vertex   -1.507704e+00 3.641555e+00 3.617274e+00
      vertex   -1.444994e+00 3.402451e+00 3.695431e+00
      vertex   -1.445689e+00 3.641833e+00 3.695824e+00
    endloop
  endfacet
  facet normal -8.427361e-01 -3.330914e-03 5.383166e-01
    outer loop
      vertex   -1.445689e+00 3.641833e+00 3.695824e+00
      vertex   -1.444994e+00 3.402451e+00 3.695431e+00
      vertex   -1.391167e+00 3.402650e+00 3.779698e+00
    endloop
  endfacet
  facet normal -8.430072e-01 -3.542072e-03 5.378906e-01
    outer loop
      vertex   -1.445689e+00 3.641833e+00 3.695824e+00
      vertex   -1.391167e+00 3.402650e+00 3.779698e+00
      vertex   -1.391878e+00 3.642074e+00 3.780160e+00
    endloop
  endfacet
  facet normal -8.988813e-01 -3.515392e-03 4.381782e-01
    outer loop
      vertex   -1.391878e+00 3.642074e+00 3.780160e+00
      vertex   -1.391167e+00 3.402650e+00 3.779698e+00
      vertex   -1.335873e+00 3.402854e+00 3.893131e+00
    endloop
  endfacet
  facet normal -8.991275e-01 -3.812971e-03 4.376701e-01
    outer loop
      vertex   -1.391878e+00 3.642074e+00 3.780160e+00
      vertex   -1.335873e+00 3.402854e+00 3.893131e+00
      vertex   -1.336620e+00 3.642321e+00 3.893682e+00
    endloop
  endfacet
  facet normal -9.426427e-01 -3.709837e-03 3.337828e-01
    outer loop
      vertex   -1.336620e+00 3.642321e+00 3.893682e+00
      vertex   -1.335873e+00 3.402854e+00 3.893131e+00
      vertex   -1.302487e+00 3.402977e+00 3.987418e+00
    endloop
  endfacet
  facet normal -9.428492e-01 -3.969095e-03 3.331960e-01
    outer loop
      vertex   -1.336620e+00 3.642321e+00 3.893682e+00
      vertex   -1.302487e+00 3.402977e+00 3.987418e+00
      vertex   -1.303276e+00 3.642471e+00 3.988037e+00
    endloop
  endfacet
  facet normal -9.666483e-01 -5.395081e-02 2.503604e-01
    outer loop
      vertex   -1.275129e+00 3.702518e+00 4.109653e+00
      vertex   -1.319103e+00 3.702310e+00 3.939823e+00
      vertex   -1.303276e+00 3.642471e+00 3.988037e+00
    endloop
  endfacet
  facet normal -9.426969e-01 1.905389e-02 3.331057e-01
    outer loop
      vertex   -1.303276e+00 3.642471e+00 3.988037e+00
      vertex   -1.319103e+00 3.702310e+00 3.939823e+00
      vertex   -1.336620e+00 3.642321e+00 3.893682e+00
    endloop
  endfacet
  facet normal -9.079809e-01 -5.442776e-02 4.154616e-01
    outer loop
      vertex   -1.319103e+00 3.702310e+00 3.939823e+00
      vertex   -1.392079e+00 3.701966e+00 3.780291e+00
      vertex   -1.336620e+00 3.642321e+00 3.893682e+00
    endloop
  endfacet
  facet normal -8.991268e-01 -3.974033e-03 4.376701e-01
    outer loop
      vertex   -1.336620e+00 3.642321e+00 3.893682e+00
      vertex   -1.392079e+00 3.701966e+00 3.780291e+00
      vertex   -1.391878e+00 3.642074e+00 3.780160e+00
    endloop
  endfacet
  facet normal -8.430051e-01 -4.003530e-03 5.378906e-01
    outer loop
      vertex   -1.391878e+00 3.642074e+00 3.780160e+00
      vertex   -1.392079e+00 3.701966e+00 3.780291e+00
      vertex   -1.445689e+00 3.641833e+00 3.695824e+00
    endloop
  endfacet
  facet normal -8.208322e-01 -6.526187e-02 5.674287e-01
    outer loop
      vertex   -1.445689e+00 3.641833e+00 3.695824e+00
      vertex   -1.392079e+00 3.701966e+00 3.780291e+00
      vertex   -1.491811e+00 3.701495e+00 3.635966e+00
    endloop
  endfacet
  facet normal -7.848140e-01 1.487610e-02 6.195528e-01
    outer loop
      vertex   -1.445689e+00 3.641833e+00 3.695824e+00
      vertex   -1.491811e+00 3.701495e+00 3.635966e+00
      vertex   -1.507704e+00 3.641555e+00 3.617274e+00
    endloop
  endfacet
  facet normal -7.193759e-01 -2.573527e-02 6.941441e-01
    outer loop
      vertex   -1.507704e+00 3.641555e+00 3.617274e+00
      vertex   -1.491811e+00 3.701495e+00 3.635966e+00
      vertex   -1.577206e+00 3.641243e+00 3.545234e+00
    endloop
  endfacet
  facet normal -7.095773e-01 -5.246435e-02 7.026717e-01
    outer loop
      vertex   -1.491811e+00 3.701495e+00 3.635966e+00
      vertex   -1.615229e+00 3.700913e+00 3.511292e+00
      vertex   -1.577206e+00 3.641243e+00 3.545234e+00
    endloop
  endfacet
  facet normal -6.474142e-01 2.081237e-02 7.618541e-01
    outer loop
      vertex   -1.577206e+00 3.641243e+00 3.545234e+00
      vertex   -1.615229e+00 3.700913e+00 3.511292e+00
      vertex   -1.653480e+00 3.640902e+00 3.480427e+00
    endloop
  endfacet
  facet normal -5.758353e-01 -5.259386e-02 8.158723e-01
    outer loop
      vertex   -1.615229e+00 3.700913e+00 3.511292e+00
      vertex   -1.758536e+00 3.700237e+00 3.410104e+00
      vertex   -1.653480e+00 3.640902e+00 3.480427e+00
    endloop
  endfacet
  facet normal -5.678630e-01 -3.055776e-02 8.225557e-01
    outer loop
      vertex   -1.653480e+00 3.640902e+00 3.480427e+00
      vertex   -1.758536e+00 3.700237e+00 3.410104e+00
      vertex   -1.735809e+00 3.640533e+00 3.423576e+00
    endloop
  endfacet
  facet normal -4.818698e-01 1.426438e-02 8.761267e-01
    outer loop
      vertex   -1.735809e+00 3.640533e+00 3.423576e+00
      vertex   -1.758536e+00 3.700237e+00 3.410104e+00
      vertex   -1.823459e+00 3.640140e+00 3.375375e+00
    endloop
  endfacet
  facet normal -4.240501e-01 -6.394743e-02 9.033782e-01
    outer loop
      vertex   -1.823459e+00 3.640140e+00 3.375375e+00
      vertex   -1.758536e+00 3.700237e+00 3.410104e+00
      vertex   -1.917320e+00 3.699488e+00 3.335517e+00
    endloop
  endfacet
  facet normal -3.911661e-01 -5.624857e-04 9.203199e-01
    outer loop
      vertex   -1.823459e+00 3.640140e+00 3.375375e+00
      vertex   -1.917320e+00 3.699488e+00 3.335517e+00
      vertex   -1.915542e+00 3.639728e+00 3.336236e+00
    endloop
  endfacet
  facet normal -2.978596e-01 2.625848e-03 9.546061e-01
    outer loop
      vertex   -1.915542e+00 3.639728e+00 3.336236e+00
      vertex   -1.917320e+00 3.699488e+00 3.335517e+00
      vertex   -2.011084e+00 3.639299e+00 3.306426e+00
    endloop
  endfacet
  facet normal -2.596917e-01 -6.125231e-02 9.637471e-01
    outer loop
      vertex   -1.917320e+00 3.699488e+00 3.335517e+00
      vertex   -2.086695e+00 3.698689e+00 3.289826e+00
      vertex   -2.011084e+00 3.639299e+00 3.306426e+00
    endloop
  endfacet
  facet normal -9.728226e-01 -2.695901e-03 2.315361e-01
    outer loop
      vertex   -1.299330e+00 3.259676e+00 3.995733e+00
      vertex   -1.276897e+00 3.287168e+00 4.090305e+00
      vertex   -1.278585e+00 3.403066e+00 4.084563e+00
    endloop
  endfacet
  facet normal -9.898986e-01 -7.401318e-03 1.415838e-01
    outer loop
      vertex   -1.278585e+00 3.403066e+00 4.084563e+00
      vertex   -1.276897e+00 3.287168e+00 4.090305e+00
      vertex   -1.264421e+00 3.403118e+00 4.183593e+00
    endloop
  endfacet
  facet normal -9.899185e-01 -3.887251e-03 1.415848e-01
    outer loop
      vertex   -1.278585e+00 3.403066e+00 4.084563e+00
      vertex   -1.264421e+00 3.403118e+00 4.183593e+00
      vertex   -1.279428e+00 3.642577e+00 4.085247e+00
    endloop
  endfacet
  facet normal -9.900190e-01 -4.186542e-03 1.408714e-01
    outer loop
      vertex   -1.279428e+00 3.642577e+00 4.085247e+00
      vertex   -1.264421e+00 3.403118e+00 4.183593e+00
      vertex   -1.265328e+00 3.642641e+00 4.184337e+00
    endloop
  endfacet
  facet normal -9.906934e-01 -2.889411e-03 1.360821e-01
    outer loop
      vertex   -1.276897e+00 3.287168e+00 4.090305e+00
      vertex   -1.263774e+00 3.315113e+00 4.186440e+00
      vertex   -1.264421e+00 3.403118e+00 4.183593e+00
    endloop
  endfacet
  facet normal -9.991681e-01 -6.050180e-03 4.032869e-02
    outer loop
      vertex   -1.264421e+00 3.403118e+00 4.183593e+00
      vertex   -1.263774e+00 3.315113e+00 4.186440e+00
      vertex   -1.260032e+00 3.343286e+00 4.283355e+00
    endloop
  endfacet
  facet normal -9.991269e-01 -3.940980e-03 4.159188e-02
    outer loop
      vertex   -1.264421e+00 3.403118e+00 4.183593e+00
      vertex   -1.260032e+00 3.343286e+00 4.283355e+00
      vertex   -1.260718e+00 3.522867e+00 4.283913e+00
    endloop
  endfacet
  facet normal -9.991284e-01 -3.912382e-03 4.155780e-02
    outer loop
      vertex   -1.264421e+00 3.403118e+00 4.183593e+00
      vertex   -1.260718e+00 3.522867e+00 4.283913e+00
      vertex   -1.265328e+00 3.642641e+00 4.184337e+00
    endloop
  endfacet
  facet normal -1.891145e-01 -7.532155e-04 9.819548e-01
    outer loop
      vertex   -2.134218e+00 3.399903e+00 3.282515e+00
      vertex   -2.010236e+00 3.400362e+00 3.306393e+00
      vertex   -2.135127e+00 3.638744e+00 3.282524e+00
    endloop
  endfacet
  facet normal -9.997851e-01 8.761649e-03 1.878942e-02
    outer loop
      vertex   -1.070736e+00 9.833975e+00 1.157652e+01
      vertex   -1.070736e+00 1.020922e+01 1.140154e+01
      vertex   -1.261510e+00 5.470991e+00 3.459933e+00
    endloop
  endfacet
  facet normal -9.997851e-01 8.761649e-03 1.878942e-02
    outer loop
      vertex   -1.261510e+00 5.470991e+00 3.459933e+00
      vertex   -1.070736e+00 1.020922e+01 1.140154e+01
      vertex   -1.070736e+00 1.050099e+01 1.126548e+01
    endloop
  endfacet
  facet normal -9.997851e-01 8.761649e-03 1.878942e-02
    outer loop
      vertex   -1.261510e+00 5.470991e+00 3.459933e+00
      vertex   -1.070736e+00 1.050099e+01 1.126548e+01
      vertex   -1.070736e+00 1.079275e+01 1.112943e+01
    endloop
  endfacet
  facet normal -9.997851e-01 8.761649e-03 1.878942e-02
    outer loop
      vertex   -1.261510e+00 5.326465e+00 3.527326e+00
      vertex   -1.070736e+00 8.708246e+00 1.210145e+01
      vertex   -1.261510e+00 5.470991e+00 3.459933e+00
    endloop
  endfacet
  facet normal -9.997851e-01 8.761649e-03 1.878942e-02
    outer loop
      vertex   -1.261510e+00 5.470991e+00 3.459933e+00
      vertex   -1.070736e+00 8.708246e+00 1.210145e+01
      vertex   -1.070736e+00 9.083489e+00 1.192647e+01
    endloop
  endfacet
  facet normal -9.997851e-01 8.761649e-03 1.878942e-02
    outer loop
      vertex   -1.261510e+00 5.470991e+00 3.459933e+00
      vertex   -1.070736e+00 9.083489e+00 1.192647e+01
      vertex   -1.070736e+00 9.458732e+00 1.175150e+01
    endloop
  endfacet
  facet normal -9.997851e-01 8.761649e-03 1.878942e-02
    outer loop
      vertex   -1.261510e+00 5.326465e+00 3.527326e+00
      vertex   -1.261510e+00 5.181939e+00 3.594720e+00
      vertex   -1.070736e+00 8.708246e+00 1.210145e+01
    endloop
  endfacet
  facet normal -9.997851e-01 8.761649e-03 1.878942e-02
    outer loop
      vertex   -1.070736e+00 8.708246e+00 1.210145e+01
      vertex   -1.261510e+00 5.181939e+00 3.594720e+00
      vertex   -1.261510e+00 4.892887e+00 3.729507e+00
    endloop
  endfacet
  facet normal -9.997851e-01 8.761649e-03 1.878942e-02
    outer loop
      vertex   -1.070736e+00 8.708246e+00 1.210145e+01
      vertex   -1.261510e+00 4.892887e+00 3.729507e+00
      vertex   -1.261510e+00 4.595311e+00 3.868269e+00
    endloop
  endfacet
  facet normal -9.997851e-01 8.761649e-03 1.878942e-02
    outer loop
      vertex   -1.261510e+00 4.595311e+00 3.868269e+00
      vertex   -1.261510e+00 4.297734e+00 4.007031e+00
      vertex   -1.070736e+00 8.708246e+00 1.210145e+01
    endloop
  endfacet
  facet normal -9.997851e-01 8.761649e-03 1.878942e-02
    outer loop
      vertex   -1.070736e+00 8.708246e+00 1.210145e+01
      vertex   -1.261510e+00 4.297734e+00 4.007031e+00
      vertex   -1.261510e+00 3.702582e+00 4.284555e+00
    endloop
  endfacet
  facet normal -9.997851e-01 8.761649e-03 1.878942e-02
    outer loop
      vertex   -1.070736e+00 8.708246e+00 1.210145e+01
      vertex   -1.261510e+00 3.702582e+00 4.284555e+00
      vertex   -1.261510e+00 3.386483e+00 4.431955e+00
    endloop
  endfacet
  facet normal -9.997851e-01 8.761649e-03 1.878942e-02
    outer loop
      vertex   -1.070736e+00 9.458732e+00 1.175150e+01
      vertex   -1.070736e+00 9.833975e+00 1.157652e+01
      vertex   -1.261510e+00 5.470991e+00 3.459933e+00
    endloop
  endfacet
  facet normal 0.000000e+00 -8.215846e-01 5.700866e-01
    outer loop
      vertex   -1.359452e-02 8.708246e+00 1.210145e+01
      vertex   -4.278806e-01 8.708246e+00 1.210145e+01
      vertex   -1.261510e+00 3.386483e+00 4.431955e+00
    endloop
  endfacet
  facet normal 4.736113e-15 -8.215846e-01 5.700866e-01
    outer loop
      vertex   -1.261510e+00 3.386483e+00 4.431955e+00
      vertex   -4.278806e-01 8.708246e+00 1.210145e+01
      vertex   -7.493084e-01 8.708246e+00 1.210145e+01
    endloop
  endfacet
  facet normal 7.104169e-15 -8.215846e-01 5.700866e-01
    outer loop
      vertex   -1.261510e+00 3.386483e+00 4.431955e+00
      vertex   -7.493084e-01 8.708246e+00 1.210145e+01
      vertex   -1.070736e+00 8.708246e+00 1.210145e+01
    endloop
  endfacet
  facet normal 1.427701e-15 -8.215846e-01 5.700866e-01
    outer loop
      vertex   -1.261510e+00 3.386483e+00 4.431955e+00
      vertex   1.038490e+00 3.386483e+00 4.431955e+00
      vertex   -1.359452e-02 8.708246e+00 1.210145e+01
    endloop
  endfacet
  facet normal 3.522753e-15 -8.215846e-01 5.700866e-01
    outer loop
      vertex   -1.359452e-02 8.708246e+00 1.210145e+01
      vertex   1.038490e+00 3.386483e+00 4.431955e+00
      vertex   4.006916e-01 8.708246e+00 1.210145e+01
    endloop
  endfacet
  facet normal 0.000000e+00 -8.215846e-01 5.700866e-01
    outer loop
      vertex   4.006916e-01 8.708246e+00 1.210145e+01
      vertex   1.038490e+00 3.386483e+00 4.431955e+00
      vertex   8.149776e-01 8.708246e+00 1.210145e+01
    endloop
  endfacet
  facet normal 0.000000e+00 -8.215846e-01 5.700866e-01
    outer loop
      vertex   8.149776e-01 8.708246e+00 1.210145e+01
      vertex   1.038490e+00 3.386483e+00 4.431955e+00
      vertex   1.229264e+00 8.708246e+00 1.210145e+01
    endloop
  endfacet
endsolid
