solid ASCII
  facet normal -1.000000e+00 0.000000e+00 0.000000e+00
    outer loop
      vertex   5.562629e+00 -1.750000e+00 1.907500e+01
      vertex   5.562629e+00 -9.500002e-01 1.907500e+01
      vertex   5.562629e+00 -1.750000e+00 1.607500e+01
    endloop
  endfacet
  facet normal -1.000000e+00 0.000000e+00 0.000000e+00
    outer loop
      vertex   5.562629e+00 -1.750000e+00 1.607500e+01
      vertex   5.562629e+00 -9.500002e-01 1.907500e+01
      vertex   5.562629e+00 -9.500002e-01 1.607500e+01
    endloop
  endfacet
  facet normal -0.000000e+00 -1.000000e+00 -0.000000e+00
    outer loop
      vertex   5.562629e+00 -9.500002e-01 1.907500e+01
      vertex   4.762629e+00 -9.500002e-01 1.907500e+01
      vertex   5.562629e+00 -9.500002e-01 1.607500e+01
    endloop
  endfacet
  facet normal 0.000000e+00 -1.000000e+00 0.000000e+00
    outer loop
      vertex   5.562629e+00 -9.500002e-01 1.607500e+01
      vertex   4.762629e+00 -9.500002e-01 1.907500e+01
      vertex   4.762629e+00 -9.500002e-01 1.607500e+01
    endloop
  endfacet
  facet normal 1.000000e+00 0.000000e+00 0.000000e+00
    outer loop
      vertex   4.762629e+00 -9.500002e-01 1.907500e+01
      vertex   4.762629e+00 -1.750000e+00 1.907500e+01
      vertex   4.762629e+00 -9.500002e-01 1.607500e+01
    endloop
  endfacet
  facet normal 1.000000e+00 0.000000e+00 0.000000e+00
    outer loop
      vertex   4.762629e+00 -9.500002e-01 1.607500e+01
      vertex   4.762629e+00 -1.750000e+00 1.907500e+01
      vertex   4.762629e+00 -1.750000e+00 1.607500e+01
    endloop
  endfacet
  facet normal -0.000000e+00 1.000000e+00 0.000000e+00
    outer loop
      vertex   4.762629e+00 -1.750000e+00 1.907500e+01
      vertex   5.562629e+00 -1.750000e+00 1.907500e+01
      vertex   4.762629e+00 -1.750000e+00 1.607500e+01
    endloop
  endfacet
  facet normal 0.000000e+00 1.000000e+00 0.000000e+00
    outer loop
      vertex   4.762629e+00 -1.750000e+00 1.607500e+01
      vertex   5.562629e+00 -1.750000e+00 1.907500e+01
      vertex   5.562629e+00 -1.750000e+00 1.607500e+01
    endloop
  endfacet
  facet normal 0.000000e+00 0.000000e+00 1.000000e+00
    outer loop
      vertex   4.762629e+00 -1.750000e+00 1.607500e+01
      vertex   5.562629e+00 -1.750000e+00 1.607500e+01
      vertex   4.762629e+00 -9.500002e-01 1.607500e+01
    endloop
  endfacet
  facet normal -0.000000e+00 0.000000e+00 1.000000e+00
    outer loop
      vertex   4.762629e+00 -9.500002e-01 1.607500e+01
      vertex   5.562629e+00 -1.750000e+00 1.607500e+01
      vertex   5.562629e+00 -9.500002e-01 1.607500e+01
    endloop
  endfacet
  facet normal 7.221891e-01 -6.916957e-01 0.000000e+00
    outer loop
      vertex   -6.934806e+00 2.167658e+00 1.907500e+01
      vertex   -7.488162e+00 1.589906e+00 1.907500e+01
      vertex   -6.934806e+00 2.167658e+00 1.757500e+01
    endloop
  endfacet
  facet normal 7.221891e-01 -6.916957e-01 0.000000e+00
    outer loop
      vertex   -6.934806e+00 2.167658e+00 1.757500e+01
      vertex   -7.488162e+00 1.589906e+00 1.907500e+01
      vertex   -7.488162e+00 1.589906e+00 1.757500e+01
    endloop
  endfacet
  facet normal 6.916957e-01 7.221891e-01 0.000000e+00
    outer loop
      vertex   -7.488162e+00 1.589906e+00 1.907500e+01
      vertex   -5.899346e+00 6.817589e-02 1.907500e+01
      vertex   -7.488162e+00 1.589906e+00 1.757500e+01
    endloop
  endfacet
  facet normal 6.916957e-01 7.221891e-01 0.000000e+00
    outer loop
      vertex   -7.488162e+00 1.589906e+00 1.757500e+01
      vertex   -5.899346e+00 6.817589e-02 1.907500e+01
      vertex   -5.899346e+00 6.817589e-02 1.757500e+01
    endloop
  endfacet
  facet normal -7.221891e-01 6.916957e-01 -3.199735e-17
    outer loop
      vertex   -5.899346e+00 6.817589e-02 1.907500e+01
      vertex   -5.345990e+00 6.459272e-01 1.907500e+01
      vertex   -5.899346e+00 6.817589e-02 1.757500e+01
    endloop
  endfacet
  facet normal -7.221891e-01 6.916957e-01 0.000000e+00
    outer loop
      vertex   -5.899346e+00 6.817589e-02 1.757500e+01
      vertex   -5.345990e+00 6.459272e-01 1.907500e+01
      vertex   -5.345990e+00 6.459272e-01 1.757500e+01
    endloop
  endfacet
  facet normal -6.916957e-01 -7.221891e-01 -0.000000e+00
    outer loop
      vertex   -5.345990e+00 6.459272e-01 1.907500e+01
      vertex   -6.934806e+00 2.167658e+00 1.907500e+01
      vertex   -5.345990e+00 6.459272e-01 1.757500e+01
    endloop
  endfacet
  facet normal -6.916957e-01 -7.221891e-01 0.000000e+00
    outer loop
      vertex   -5.345990e+00 6.459272e-01 1.757500e+01
      vertex   -6.934806e+00 2.167658e+00 1.907500e+01
      vertex   -6.934806e+00 2.167658e+00 1.757500e+01
    endloop
  endfacet
  facet normal 0.000000e+00 0.000000e+00 1.000000e+00
    outer loop
      vertex   -6.934806e+00 2.167658e+00 1.757500e+01
      vertex   -7.488162e+00 1.589906e+00 1.757500e+01
      vertex   -5.345990e+00 6.459272e-01 1.757500e+01
    endloop
  endfacet
  facet normal 0.000000e+00 0.000000e+00 1.000000e+00
    outer loop
      vertex   -5.345990e+00 6.459272e-01 1.757500e+01
      vertex   -7.488162e+00 1.589906e+00 1.757500e+01
      vertex   -5.899346e+00 6.817589e-02 1.757500e+01
    endloop
  endfacet
  facet normal -2.085149e-01 -9.780192e-01 -5.662894e-16
    outer loop
      vertex   -2.600000e+00 5.661704e+00 1.447500e+01
      vertex   -2.600000e+00 5.661704e+00 1.398444e+01
      vertex   -2.554475e+00 5.651998e+00 1.509712e+01
    endloop
  endfacet
  facet normal -2.664139e-01 -9.638555e-01 2.492471e-03
    outer loop
      vertex   -2.554475e+00 5.651998e+00 1.509712e+01
      vertex   -2.600000e+00 5.661704e+00 1.398444e+01
      vertex   -2.503391e+00 5.634975e+00 1.397442e+01
    endloop
  endfacet
  facet normal -3.826812e-01 -9.238742e-01 -3.403990e-03
    outer loop
      vertex   -2.554475e+00 5.651998e+00 1.509712e+01
      vertex   -2.503391e+00 5.634975e+00 1.397442e+01
      vertex   -2.445944e+00 5.607043e+00 1.509712e+01
    endloop
  endfacet
  facet normal -4.729051e-01 -8.811104e-01 2.276636e-03
    outer loop
      vertex   -2.445944e+00 5.607043e+00 1.509712e+01
      vertex   -2.503391e+00 5.634975e+00 1.397442e+01
      vertex   -2.416147e+00 5.588100e+00 1.395540e+01
    endloop
  endfacet
  facet normal -6.087592e-01 -7.933504e-01 -2.724935e-03
    outer loop
      vertex   -2.445944e+00 5.607043e+00 1.509712e+01
      vertex   -2.416147e+00 5.588100e+00 1.395540e+01
      vertex   -2.352746e+00 5.535529e+00 1.509712e+01
    endloop
  endfacet
  facet normal -6.480377e-01 -7.616077e-01 9.178639e-04
    outer loop
      vertex   -2.352746e+00 5.535529e+00 1.509712e+01
      vertex   -2.416147e+00 5.588100e+00 1.395540e+01
      vertex   -2.344882e+00 5.527429e+00 1.392801e+01
    endloop
  endfacet
  facet normal -7.918853e-01 -6.106689e-01 -1.095438e-03
    outer loop
      vertex   -2.352746e+00 5.535529e+00 1.509712e+01
      vertex   -2.344882e+00 5.527429e+00 1.392801e+01
      vertex   -2.289087e+00 5.455144e+00 1.389093e+01
    endloop
  endfacet
  facet normal -7.933527e-01 -6.087609e-01 -1.300041e-03
    outer loop
      vertex   -2.352746e+00 5.535529e+00 1.509712e+01
      vertex   -2.289087e+00 5.455144e+00 1.389093e+01
      vertex   -2.281232e+00 5.442331e+00 1.509712e+01
    endloop
  endfacet
  facet normal -8.961692e-01 -4.437111e-01 1.122795e-03
    outer loop
      vertex   -2.281232e+00 5.442331e+00 1.509712e+01
      vertex   -2.289087e+00 5.455144e+00 1.389093e+01
      vertex   -2.249507e+00 5.375085e+00 1.384391e+01
    endloop
  endfacet
  facet normal -9.238758e-01 -3.826819e-01 -2.853382e-03
    outer loop
      vertex   -2.281232e+00 5.442331e+00 1.509712e+01
      vertex   -2.249507e+00 5.375085e+00 1.384391e+01
      vertex   -2.236277e+00 5.333800e+00 1.509712e+01
    endloop
  endfacet
  facet normal -9.654211e-01 -2.606903e-01 1.603983e-03
    outer loop
      vertex   -2.236277e+00 5.333800e+00 1.509712e+01
      vertex   -2.249507e+00 5.375085e+00 1.384391e+01
      vertex   -2.227504e+00 5.293259e+00 1.378836e+01
    endloop
  endfacet
  facet normal -9.914415e-01 -1.305258e-01 -2.602493e-03
    outer loop
      vertex   -2.236277e+00 5.333800e+00 1.509712e+01
      vertex   -2.227504e+00 5.293259e+00 1.378836e+01
      vertex   -2.220944e+00 5.217331e+00 1.509712e+01
    endloop
  endfacet
  facet normal -9.964434e-01 -8.426419e-02 1.064564e-04
    outer loop
      vertex   -2.220944e+00 5.217331e+00 1.509712e+01
      vertex   -2.227504e+00 5.293259e+00 1.378836e+01
      vertex   -2.220947e+00 5.215640e+00 1.372810e+01
    endloop
  endfacet
  facet normal -9.962734e-01 8.625112e-02 -1.041512e-04
    outer loop
      vertex   -2.220944e+00 5.217331e+00 1.509712e+01
      vertex   -2.220947e+00 5.215640e+00 1.372810e+01
      vertex   -2.227251e+00 5.142740e+00 1.366319e+01
    endloop
  endfacet
  facet normal -9.914419e-01 1.305258e-01 -2.428535e-03
    outer loop
      vertex   -2.220944e+00 5.217331e+00 1.509712e+01
      vertex   -2.227251e+00 5.142740e+00 1.366319e+01
      vertex   -2.236277e+00 5.100863e+00 1.509712e+01
    endloop
  endfacet
  facet normal -9.700192e-01 2.430262e-01 9.917925e-04
    outer loop
      vertex   -2.236277e+00 5.100863e+00 1.509712e+01
      vertex   -2.227251e+00 5.142740e+00 1.366319e+01
      vertex   -2.244815e+00 5.072926e+00 1.359245e+01
    endloop
  endfacet
  facet normal -9.238779e-01 3.826828e-01 -1.862990e-03
    outer loop
      vertex   -2.236277e+00 5.100863e+00 1.509712e+01
      vertex   -2.244815e+00 5.072926e+00 1.359245e+01
      vertex   -2.281232e+00 4.992331e+00 1.509712e+01
    endloop
  endfacet
  facet normal -9.190141e-01 3.942231e-01 -1.127135e-03
    outer loop
      vertex   -2.281232e+00 4.992331e+00 1.509712e+01
      vertex   -2.244815e+00 5.072926e+00 1.359245e+01
      vertex   -2.272463e+00 5.008258e+00 1.351771e+01
    endloop
  endfacet
  facet normal -8.071746e-01 5.903109e-01 1.471152e-03
    outer loop
      vertex   -2.281232e+00 4.992331e+00 1.509712e+01
      vertex   -2.272463e+00 5.008258e+00 1.351771e+01
      vertex   -2.351905e+00 4.900012e+00 1.336510e+01
    endloop
  endfacet
  facet normal -5.984274e-01 8.011764e-01 9.951260e-04
    outer loop
      vertex   -2.458038e+00 4.820918e+00 1.322017e+01
      vertex   -2.445944e+00 4.827620e+00 1.509712e+01
      vertex   -2.351905e+00 4.900012e+00 1.336510e+01
    endloop
  endfacet
  facet normal -6.087614e-01 7.933533e-01 1.070674e-04
    outer loop
      vertex   -2.351905e+00 4.900012e+00 1.336510e+01
      vertex   -2.445944e+00 4.827620e+00 1.509712e+01
      vertex   -2.352746e+00 4.899133e+00 1.509712e+01
    endloop
  endfacet
  facet normal -7.933533e-01 6.087614e-01 -7.624605e-05
    outer loop
      vertex   -2.351905e+00 4.900012e+00 1.336510e+01
      vertex   -2.352746e+00 4.899133e+00 1.509712e+01
      vertex   -2.281232e+00 4.992331e+00 1.509712e+01
    endloop
  endfacet
  facet normal -7.933533e-01 6.087614e-01 0.000000e+00
    outer loop
      vertex   -2.281232e+00 4.992331e+00 1.509712e+01
      vertex   -2.352746e+00 4.899133e+00 1.509712e+01
      vertex   -2.352746e+00 4.899133e+00 1.708606e+01
    endloop
  endfacet
  facet normal -7.933533e-01 6.087614e-01 0.000000e+00
    outer loop
      vertex   -2.281232e+00 4.992331e+00 1.509712e+01
      vertex   -2.352746e+00 4.899133e+00 1.708606e+01
      vertex   -2.281232e+00 4.992331e+00 1.708606e+01
    endloop
  endfacet
  facet normal -7.933533e-01 6.087614e-01 0.000000e+00
    outer loop
      vertex   -2.281232e+00 4.992331e+00 1.708606e+01
      vertex   -2.352746e+00 4.899133e+00 1.708606e+01
      vertex   -2.352746e+00 4.899133e+00 1.907500e+01
    endloop
  endfacet
  facet normal -7.933533e-01 6.087614e-01 0.000000e+00
    outer loop
      vertex   -2.281232e+00 4.992331e+00 1.708606e+01
      vertex   -2.352746e+00 4.899133e+00 1.907500e+01
      vertex   -2.281232e+00 4.992331e+00 1.907500e+01
    endloop
  endfacet
  facet normal -4.003583e-01 9.163584e-01 -6.924076e-04
    outer loop
      vertex   -2.458038e+00 4.820918e+00 1.322017e+01
      vertex   -2.524577e+00 4.791798e+00 1.315530e+01
      vertex   -2.445944e+00 4.827620e+00 1.509712e+01
    endloop
  endfacet
  facet normal -3.826830e-01 9.238784e-01 -1.546893e-03
    outer loop
      vertex   -2.445944e+00 4.827620e+00 1.509712e+01
      vertex   -2.524577e+00 4.791798e+00 1.315530e+01
      vertex   -2.554475e+00 4.782665e+00 1.509712e+01
    endloop
  endfacet
  facet normal -3.826834e-01 9.238795e-01 0.000000e+00
    outer loop
      vertex   -2.445944e+00 4.827620e+00 1.509712e+01
      vertex   -2.554475e+00 4.782665e+00 1.509712e+01
      vertex   -2.554475e+00 4.782665e+00 1.708606e+01
    endloop
  endfacet
  facet normal -1.305262e-01 9.914449e-01 0.000000e+00
    outer loop
      vertex   -2.554475e+00 4.782665e+00 1.708606e+01
      vertex   -2.554475e+00 4.782665e+00 1.509712e+01
      vertex   -2.670944e+00 4.767331e+00 1.708606e+01
    endloop
  endfacet
  facet normal -1.305262e-01 9.914449e-01 0.000000e+00
    outer loop
      vertex   -2.554475e+00 4.782665e+00 1.708606e+01
      vertex   -2.670944e+00 4.767331e+00 1.708606e+01
      vertex   -2.670944e+00 4.767331e+00 1.907500e+01
    endloop
  endfacet
  facet normal 1.305262e-01 9.914449e-01 0.000000e+00
    outer loop
      vertex   -2.670944e+00 4.767331e+00 1.907500e+01
      vertex   -2.670944e+00 4.767331e+00 1.708606e+01
      vertex   -2.787412e+00 4.782665e+00 1.907500e+01
    endloop
  endfacet
  facet normal 1.305262e-01 9.914449e-01 0.000000e+00
    outer loop
      vertex   -2.787412e+00 4.782665e+00 1.907500e+01
      vertex   -2.670944e+00 4.767331e+00 1.708606e+01
      vertex   -2.787412e+00 4.782665e+00 1.708606e+01
    endloop
  endfacet
  facet normal 3.826834e-01 9.238795e-01 0.000000e+00
    outer loop
      vertex   -2.787412e+00 4.782665e+00 1.907500e+01
      vertex   -2.787412e+00 4.782665e+00 1.708606e+01
      vertex   -2.895944e+00 4.827620e+00 1.907500e+01
    endloop
  endfacet
  facet normal 3.826834e-01 9.238795e-01 0.000000e+00
    outer loop
      vertex   -2.895944e+00 4.827620e+00 1.907500e+01
      vertex   -2.787412e+00 4.782665e+00 1.708606e+01
      vertex   -2.895944e+00 4.827620e+00 1.708606e+01
    endloop
  endfacet
  facet normal 6.087614e-01 7.933533e-01 0.000000e+00
    outer loop
      vertex   -2.895944e+00 4.827620e+00 1.907500e+01
      vertex   -2.895944e+00 4.827620e+00 1.708606e+01
      vertex   -2.989142e+00 4.899133e+00 1.907500e+01
    endloop
  endfacet
  facet normal 6.087614e-01 7.933533e-01 0.000000e+00
    outer loop
      vertex   -2.989142e+00 4.899133e+00 1.907500e+01
      vertex   -2.895944e+00 4.827620e+00 1.708606e+01
      vertex   -2.989142e+00 4.899133e+00 1.708606e+01
    endloop
  endfacet
  facet normal 7.933533e-01 6.087614e-01 0.000000e+00
    outer loop
      vertex   -2.989142e+00 4.899133e+00 1.907500e+01
      vertex   -2.989142e+00 4.899133e+00 1.708606e+01
      vertex   -3.060655e+00 4.992331e+00 1.907500e+01
    endloop
  endfacet
  facet normal 7.933533e-01 6.087614e-01 0.000000e+00
    outer loop
      vertex   -3.060655e+00 4.992331e+00 1.907500e+01
      vertex   -2.989142e+00 4.899133e+00 1.708606e+01
      vertex   -3.060655e+00 4.992331e+00 1.708606e+01
    endloop
  endfacet
  facet normal 9.238795e-01 3.826834e-01 0.000000e+00
    outer loop
      vertex   -3.060655e+00 4.992331e+00 1.907500e+01
      vertex   -3.060655e+00 4.992331e+00 1.708606e+01
      vertex   -3.105610e+00 5.100863e+00 1.907500e+01
    endloop
  endfacet
  facet normal 9.238795e-01 3.826834e-01 0.000000e+00
    outer loop
      vertex   -3.105610e+00 5.100863e+00 1.907500e+01
      vertex   -3.060655e+00 4.992331e+00 1.708606e+01
      vertex   -3.105610e+00 5.100863e+00 1.708606e+01
    endloop
  endfacet
  facet normal 9.914449e-01 1.305262e-01 0.000000e+00
    outer loop
      vertex   -3.105610e+00 5.100863e+00 1.907500e+01
      vertex   -3.105610e+00 5.100863e+00 1.708606e+01
      vertex   -3.120944e+00 5.217331e+00 1.907500e+01
    endloop
  endfacet
  facet normal 9.914449e-01 1.305262e-01 0.000000e+00
    outer loop
      vertex   -3.120944e+00 5.217331e+00 1.907500e+01
      vertex   -3.105610e+00 5.100863e+00 1.708606e+01
      vertex   -3.120944e+00 5.217331e+00 1.708606e+01
    endloop
  endfacet
  facet normal 9.914449e-01 -1.305262e-01 0.000000e+00
    outer loop
      vertex   -3.120944e+00 5.217331e+00 1.907500e+01
      vertex   -3.120944e+00 5.217331e+00 1.708606e+01
      vertex   -3.105610e+00 5.333800e+00 1.907500e+01
    endloop
  endfacet
  facet normal 9.914449e-01 -1.305262e-01 0.000000e+00
    outer loop
      vertex   -3.105610e+00 5.333800e+00 1.907500e+01
      vertex   -3.120944e+00 5.217331e+00 1.708606e+01
      vertex   -3.105610e+00 5.333800e+00 1.708606e+01
    endloop
  endfacet
  facet normal 9.238795e-01 -3.826834e-01 0.000000e+00
    outer loop
      vertex   -3.105610e+00 5.333800e+00 1.907500e+01
      vertex   -3.105610e+00 5.333800e+00 1.708606e+01
      vertex   -3.060655e+00 5.442331e+00 1.907500e+01
    endloop
  endfacet
  facet normal 9.238795e-01 -3.826834e-01 -4.125664e-16
    outer loop
      vertex   -3.060655e+00 5.442331e+00 1.907500e+01
      vertex   -3.105610e+00 5.333800e+00 1.708606e+01
      vertex   -3.060655e+00 5.442331e+00 1.708606e+01
    endloop
  endfacet
  facet normal 7.933533e-01 -6.087614e-01 -3.542788e-16
    outer loop
      vertex   -3.060655e+00 5.442331e+00 1.907500e+01
      vertex   -3.060655e+00 5.442331e+00 1.708606e+01
      vertex   -2.989142e+00 5.535529e+00 1.907500e+01
    endloop
  endfacet
  facet normal 7.933533e-01 -6.087614e-01 0.000000e+00
    outer loop
      vertex   -2.989142e+00 5.535529e+00 1.907500e+01
      vertex   -3.060655e+00 5.442331e+00 1.708606e+01
      vertex   -2.989142e+00 5.535529e+00 1.708606e+01
    endloop
  endfacet
  facet normal 6.087614e-01 -7.933533e-01 0.000000e+00
    outer loop
      vertex   -2.989142e+00 5.535529e+00 1.907500e+01
      vertex   -2.989142e+00 5.535529e+00 1.708606e+01
      vertex   -2.895944e+00 5.607043e+00 1.907500e+01
    endloop
  endfacet
  facet normal 6.087614e-01 -7.933533e-01 0.000000e+00
    outer loop
      vertex   -2.895944e+00 5.607043e+00 1.907500e+01
      vertex   -2.989142e+00 5.535529e+00 1.708606e+01
      vertex   -2.895944e+00 5.607043e+00 1.708606e+01
    endloop
  endfacet
  facet normal 3.826834e-01 -9.238795e-01 0.000000e+00
    outer loop
      vertex   -2.895944e+00 5.607043e+00 1.907500e+01
      vertex   -2.895944e+00 5.607043e+00 1.708606e+01
      vertex   -2.787412e+00 5.651998e+00 1.907500e+01
    endloop
  endfacet
  facet normal 3.826834e-01 -9.238795e-01 0.000000e+00
    outer loop
      vertex   -2.787412e+00 5.651998e+00 1.907500e+01
      vertex   -2.895944e+00 5.607043e+00 1.708606e+01
      vertex   -2.787412e+00 5.651998e+00 1.708606e+01
    endloop
  endfacet
  facet normal 1.305262e-01 -9.914449e-01 0.000000e+00
    outer loop
      vertex   -2.787412e+00 5.651998e+00 1.907500e+01
      vertex   -2.787412e+00 5.651998e+00 1.708606e+01
      vertex   -2.670944e+00 5.667331e+00 1.907500e+01
    endloop
  endfacet
  facet normal 1.305262e-01 -9.914449e-01 0.000000e+00
    outer loop
      vertex   -2.670944e+00 5.667331e+00 1.907500e+01
      vertex   -2.787412e+00 5.651998e+00 1.708606e+01
      vertex   -2.670944e+00 5.667331e+00 1.708606e+01
    endloop
  endfacet
  facet normal -1.305262e-01 -9.914449e-01 -0.000000e+00
    outer loop
      vertex   -2.670944e+00 5.667331e+00 1.907500e+01
      vertex   -2.670944e+00 5.667331e+00 1.708606e+01
      vertex   -2.554475e+00 5.651998e+00 1.907500e+01
    endloop
  endfacet
  facet normal -1.305262e-01 -9.914449e-01 -0.000000e+00
    outer loop
      vertex   -2.554475e+00 5.651998e+00 1.907500e+01
      vertex   -2.670944e+00 5.667331e+00 1.708606e+01
      vertex   -2.554475e+00 5.651998e+00 1.708606e+01
    endloop
  endfacet
  facet normal -3.826834e-01 -9.238795e-01 -0.000000e+00
    outer loop
      vertex   -2.554475e+00 5.651998e+00 1.907500e+01
      vertex   -2.554475e+00 5.651998e+00 1.708606e+01
      vertex   -2.445944e+00 5.607043e+00 1.907500e+01
    endloop
  endfacet
  facet normal -3.826834e-01 -9.238795e-01 -0.000000e+00
    outer loop
      vertex   -2.445944e+00 5.607043e+00 1.907500e+01
      vertex   -2.554475e+00 5.651998e+00 1.708606e+01
      vertex   -2.445944e+00 5.607043e+00 1.708606e+01
    endloop
  endfacet
  facet normal -6.087614e-01 -7.933533e-01 -0.000000e+00
    outer loop
      vertex   -2.445944e+00 5.607043e+00 1.907500e+01
      vertex   -2.445944e+00 5.607043e+00 1.708606e+01
      vertex   -2.352746e+00 5.535529e+00 1.907500e+01
    endloop
  endfacet
  facet normal -6.087614e-01 -7.933533e-01 1.359239e-16
    outer loop
      vertex   -2.352746e+00 5.535529e+00 1.907500e+01
      vertex   -2.445944e+00 5.607043e+00 1.708606e+01
      vertex   -2.352746e+00 5.535529e+00 1.708606e+01
    endloop
  endfacet
  facet normal -7.933533e-01 -6.087614e-01 1.771394e-16
    outer loop
      vertex   -2.352746e+00 5.535529e+00 1.907500e+01
      vertex   -2.352746e+00 5.535529e+00 1.708606e+01
      vertex   -2.281232e+00 5.442331e+00 1.907500e+01
    endloop
  endfacet
  facet normal -7.933533e-01 -6.087614e-01 -0.000000e+00
    outer loop
      vertex   -2.281232e+00 5.442331e+00 1.907500e+01
      vertex   -2.352746e+00 5.535529e+00 1.708606e+01
      vertex   -2.281232e+00 5.442331e+00 1.708606e+01
    endloop
  endfacet
  facet normal -9.238795e-01 -3.826834e-01 -0.000000e+00
    outer loop
      vertex   -2.281232e+00 5.442331e+00 1.907500e+01
      vertex   -2.281232e+00 5.442331e+00 1.708606e+01
      vertex   -2.236277e+00 5.333800e+00 1.907500e+01
    endloop
  endfacet
  facet normal -9.238795e-01 -3.826834e-01 -0.000000e+00
    outer loop
      vertex   -2.236277e+00 5.333800e+00 1.907500e+01
      vertex   -2.281232e+00 5.442331e+00 1.708606e+01
      vertex   -2.236277e+00 5.333800e+00 1.708606e+01
    endloop
  endfacet
  facet normal -9.914449e-01 -1.305262e-01 -0.000000e+00
    outer loop
      vertex   -2.236277e+00 5.333800e+00 1.907500e+01
      vertex   -2.236277e+00 5.333800e+00 1.708606e+01
      vertex   -2.220944e+00 5.217331e+00 1.907500e+01
    endloop
  endfacet
  facet normal -9.914449e-01 -1.305262e-01 -0.000000e+00
    outer loop
      vertex   -2.220944e+00 5.217331e+00 1.907500e+01
      vertex   -2.236277e+00 5.333800e+00 1.708606e+01
      vertex   -2.220944e+00 5.217331e+00 1.708606e+01
    endloop
  endfacet
  facet normal -9.914449e-01 1.305262e-01 0.000000e+00
    outer loop
      vertex   -2.220944e+00 5.217331e+00 1.907500e+01
      vertex   -2.220944e+00 5.217331e+00 1.708606e+01
      vertex   -2.236277e+00 5.100863e+00 1.907500e+01
    endloop
  endfacet
  facet normal -9.914449e-01 1.305262e-01 0.000000e+00
    outer loop
      vertex   -2.236277e+00 5.100863e+00 1.907500e+01
      vertex   -2.220944e+00 5.217331e+00 1.708606e+01
      vertex   -2.236277e+00 5.100863e+00 1.708606e+01
    endloop
  endfacet
  facet normal -9.238795e-01 3.826834e-01 0.000000e+00
    outer loop
      vertex   -2.236277e+00 5.100863e+00 1.907500e+01
      vertex   -2.236277e+00 5.100863e+00 1.708606e+01
      vertex   -2.281232e+00 4.992331e+00 1.907500e+01
    endloop
  endfacet
  facet normal -9.238795e-01 3.826834e-01 0.000000e+00
    outer loop
      vertex   -2.281232e+00 4.992331e+00 1.907500e+01
      vertex   -2.236277e+00 5.100863e+00 1.708606e+01
      vertex   -2.281232e+00 4.992331e+00 1.708606e+01
    endloop
  endfacet
  facet normal -2.849738e-01 9.585353e-01 1.205220e-04
    outer loop
      vertex   -2.524577e+00 4.791798e+00 1.315530e+01
      vertex   -2.561018e+00 4.780967e+00 1.312879e+01
      vertex   -2.554475e+00 4.782665e+00 1.509712e+01
    endloop
  endfacet
  facet normal -2.064538e-01 9.784563e-01 -1.576496e-04
    outer loop
      vertex   -2.554475e+00 4.782665e+00 1.509712e+01
      vertex   -2.561018e+00 4.780967e+00 1.312879e+01
      vertex   -2.600000e+00 4.772959e+00 1.447500e+01
    endloop
  endfacet
  facet normal -1.305239e-01 9.914275e-01 -5.916337e-03
    outer loop
      vertex   -2.554475e+00 4.782665e+00 1.509712e+01
      vertex   -2.600000e+00 4.772959e+00 1.447500e+01
      vertex   -2.670944e+00 4.767331e+00 1.509712e+01
    endloop
  endfacet
  facet normal -3.479781e-02 9.993815e-01 5.071770e-03
    outer loop
      vertex   -2.670944e+00 4.767331e+00 1.509712e+01
      vertex   -2.600000e+00 4.772959e+00 1.447500e+01
      vertex   -2.710807e+00 4.769101e+00 1.447500e+01
    endloop
  endfacet
  facet normal 1.305242e-01 9.914296e-01 -5.544241e-03
    outer loop
      vertex   -2.670944e+00 4.767331e+00 1.509712e+01
      vertex   -2.710807e+00 4.769101e+00 1.447500e+01
      vertex   -2.787412e+00 4.782665e+00 1.509712e+01
    endloop
  endfacet
  facet normal 2.106189e-01 9.775573e-01 4.620685e-03
    outer loop
      vertex   -2.787412e+00 4.782665e+00 1.509712e+01
      vertex   -2.710807e+00 4.769101e+00 1.447500e+01
      vertex   -2.819195e+00 4.792453e+00 1.447500e+01
    endloop
  endfacet
  facet normal 3.826786e-01 9.238679e-01 -5.014201e-03
    outer loop
      vertex   -2.787412e+00 4.782665e+00 1.509712e+01
      vertex   -2.819195e+00 4.792453e+00 1.447500e+01
      vertex   -2.895944e+00 4.827620e+00 1.509712e+01
    endloop
  endfacet
  facet normal 4.432508e-01 8.963886e-01 4.011708e-03
    outer loop
      vertex   -2.895944e+00 4.827620e+00 1.509712e+01
      vertex   -2.819195e+00 4.792453e+00 1.447500e+01
      vertex   -2.918583e+00 4.841599e+00 1.447500e+01
    endloop
  endfacet
  facet normal 6.087557e-01 7.933459e-01 -4.326330e-03
    outer loop
      vertex   -2.895944e+00 4.827620e+00 1.509712e+01
      vertex   -2.918583e+00 4.841599e+00 1.447500e+01
      vertex   -2.989142e+00 4.899133e+00 1.509712e+01
    endloop
  endfacet
  facet normal 6.489755e-01 7.608024e-01 3.244967e-03
    outer loop
      vertex   -2.989142e+00 4.899133e+00 1.509712e+01
      vertex   -2.918583e+00 4.841599e+00 1.447500e+01
      vertex   -3.002937e+00 4.913554e+00 1.447500e+01
    endloop
  endfacet
  facet normal 7.933485e-01 6.087577e-01 -3.480774e-03
    outer loop
      vertex   -2.989142e+00 4.899133e+00 1.509712e+01
      vertex   -3.002937e+00 4.913554e+00 1.447500e+01
      vertex   -3.060655e+00 4.992331e+00 1.509712e+01
    endloop
  endfacet
  facet normal 8.153037e-01 5.790290e-01 2.320629e-03
    outer loop
      vertex   -3.060655e+00 4.992331e+00 1.509712e+01
      vertex   -3.002937e+00 4.913554e+00 1.447500e+01
      vertex   -3.067136e+00 5.003951e+00 1.447500e+01
    endloop
  endfacet
  facet normal 9.238767e-01 3.826823e-01 -2.477715e-03
    outer loop
      vertex   -3.060655e+00 4.992331e+00 1.509712e+01
      vertex   -3.067136e+00 5.003951e+00 1.447500e+01
      vertex   -3.105610e+00 5.100863e+00 1.509712e+01
    endloop
  endfacet
  facet normal 9.321372e-01 3.621031e-01 1.238894e-03
    outer loop
      vertex   -3.105610e+00 5.100863e+00 1.509712e+01
      vertex   -3.067136e+00 5.003951e+00 1.447500e+01
      vertex   -3.107285e+00 5.107301e+00 1.447500e+01
    endloop
  endfacet
  facet normal 9.914440e-01 1.305261e-01 -1.317372e-03
    outer loop
      vertex   -3.105610e+00 5.100863e+00 1.509712e+01
      vertex   -3.107285e+00 5.107301e+00 1.447500e+01
      vertex   -3.120944e+00 5.217331e+00 1.509712e+01
    endloop
  endfacet
  facet normal 9.923826e-01 1.231941e-01 0.000000e+00
    outer loop
      vertex   -3.120944e+00 5.217331e+00 1.509712e+01
      vertex   -3.107285e+00 5.107301e+00 1.447500e+01
      vertex   -3.120944e+00 5.217331e+00 1.447500e+01
    endloop
  endfacet
  facet normal 9.923826e-01 -1.231941e-01 0.000000e+00
    outer loop
      vertex   -3.120944e+00 5.217331e+00 1.509712e+01
      vertex   -3.120944e+00 5.217331e+00 1.447500e+01
      vertex   -3.107285e+00 5.327361e+00 1.447500e+01
    endloop
  endfacet
  facet normal -2.012328e-01 9.795434e-01 -1.963317e-16
    outer loop
      vertex   -2.561018e+00 4.780967e+00 1.312879e+01
      vertex   -2.600000e+00 4.772959e+00 1.310818e+01
      vertex   -2.600000e+00 4.772959e+00 1.447500e+01
    endloop
  endfacet
  facet normal 9.914440e-01 -1.305261e-01 -1.317372e-03
    outer loop
      vertex   -3.120944e+00 5.217331e+00 1.509712e+01
      vertex   -3.107285e+00 5.327361e+00 1.447500e+01
      vertex   -3.105610e+00 5.333800e+00 1.509712e+01
    endloop
  endfacet
  facet normal 9.321372e-01 -3.621031e-01 1.238894e-03
    outer loop
      vertex   -3.105610e+00 5.333800e+00 1.509712e+01
      vertex   -3.107285e+00 5.327361e+00 1.447500e+01
      vertex   -3.067136e+00 5.430712e+00 1.447500e+01
    endloop
  endfacet
  facet normal 9.238767e-01 -3.826823e-01 -2.477715e-03
    outer loop
      vertex   -3.105610e+00 5.333800e+00 1.509712e+01
      vertex   -3.067136e+00 5.430712e+00 1.447500e+01
      vertex   -3.060655e+00 5.442331e+00 1.509712e+01
    endloop
  endfacet
  facet normal 8.153037e-01 -5.790290e-01 2.320629e-03
    outer loop
      vertex   -3.060655e+00 5.442331e+00 1.509712e+01
      vertex   -3.067136e+00 5.430712e+00 1.447500e+01
      vertex   -3.002937e+00 5.521109e+00 1.447500e+01
    endloop
  endfacet
  facet normal 7.933485e-01 -6.087577e-01 -3.480774e-03
    outer loop
      vertex   -3.060655e+00 5.442331e+00 1.509712e+01
      vertex   -3.002937e+00 5.521109e+00 1.447500e+01
      vertex   -2.989142e+00 5.535529e+00 1.509712e+01
    endloop
  endfacet
  facet normal 6.489755e-01 -7.608024e-01 3.244967e-03
    outer loop
      vertex   -2.989142e+00 5.535529e+00 1.509712e+01
      vertex   -3.002937e+00 5.521109e+00 1.447500e+01
      vertex   -2.918583e+00 5.593064e+00 1.447500e+01
    endloop
  endfacet
  facet normal 6.087557e-01 -7.933459e-01 -4.326330e-03
    outer loop
      vertex   -2.989142e+00 5.535529e+00 1.509712e+01
      vertex   -2.918583e+00 5.593064e+00 1.447500e+01
      vertex   -2.895944e+00 5.607043e+00 1.509712e+01
    endloop
  endfacet
  facet normal 4.432508e-01 -8.963886e-01 4.011708e-03
    outer loop
      vertex   -2.895944e+00 5.607043e+00 1.509712e+01
      vertex   -2.918583e+00 5.593064e+00 1.447500e+01
      vertex   -2.819195e+00 5.642210e+00 1.447500e+01
    endloop
  endfacet
  facet normal 3.826786e-01 -9.238679e-01 -5.014201e-03
    outer loop
      vertex   -2.895944e+00 5.607043e+00 1.509712e+01
      vertex   -2.819195e+00 5.642210e+00 1.447500e+01
      vertex   -2.787412e+00 5.651998e+00 1.509712e+01
    endloop
  endfacet
  facet normal 2.106189e-01 -9.775573e-01 4.620685e-03
    outer loop
      vertex   -2.787412e+00 5.651998e+00 1.509712e+01
      vertex   -2.819195e+00 5.642210e+00 1.447500e+01
      vertex   -2.710807e+00 5.665562e+00 1.447500e+01
    endloop
  endfacet
  facet normal 1.305242e-01 -9.914296e-01 -5.544241e-03
    outer loop
      vertex   -2.787412e+00 5.651998e+00 1.509712e+01
      vertex   -2.710807e+00 5.665562e+00 1.447500e+01
      vertex   -2.670944e+00 5.667331e+00 1.509712e+01
    endloop
  endfacet
  facet normal -3.479781e-02 -9.993815e-01 5.071770e-03
    outer loop
      vertex   -2.670944e+00 5.667331e+00 1.509712e+01
      vertex   -2.710807e+00 5.665562e+00 1.447500e+01
      vertex   -2.600000e+00 5.661704e+00 1.447500e+01
    endloop
  endfacet
  facet normal -1.305239e-01 -9.914275e-01 -5.916337e-03
    outer loop
      vertex   -2.670944e+00 5.667331e+00 1.509712e+01
      vertex   -2.600000e+00 5.661704e+00 1.447500e+01
      vertex   -2.554475e+00 5.651998e+00 1.509712e+01
    endloop
  endfacet
  facet normal -1.305262e-01 9.914449e-01 0.000000e+00
    outer loop
      vertex   -2.670944e+00 4.767331e+00 1.907500e+01
      vertex   -2.554475e+00 4.782665e+00 1.907500e+01
      vertex   -2.554475e+00 4.782665e+00 1.708606e+01
    endloop
  endfacet
  facet normal -3.826834e-01 9.238795e-01 0.000000e+00
    outer loop
      vertex   -2.554475e+00 4.782665e+00 1.708606e+01
      vertex   -2.554475e+00 4.782665e+00 1.907500e+01
      vertex   -2.445944e+00 4.827620e+00 1.708606e+01
    endloop
  endfacet
  facet normal -3.826834e-01 9.238795e-01 0.000000e+00
    outer loop
      vertex   -2.554475e+00 4.782665e+00 1.708606e+01
      vertex   -2.445944e+00 4.827620e+00 1.708606e+01
      vertex   -2.445944e+00 4.827620e+00 1.509712e+01
    endloop
  endfacet
  facet normal -6.087614e-01 7.933533e-01 0.000000e+00
    outer loop
      vertex   -2.445944e+00 4.827620e+00 1.509712e+01
      vertex   -2.445944e+00 4.827620e+00 1.708606e+01
      vertex   -2.352746e+00 4.899133e+00 1.509712e+01
    endloop
  endfacet
  facet normal -3.826834e-01 9.238795e-01 0.000000e+00
    outer loop
      vertex   -2.554475e+00 4.782665e+00 1.907500e+01
      vertex   -2.445944e+00 4.827620e+00 1.907500e+01
      vertex   -2.445944e+00 4.827620e+00 1.708606e+01
    endloop
  endfacet
  facet normal -6.087614e-01 7.933533e-01 0.000000e+00
    outer loop
      vertex   -2.445944e+00 4.827620e+00 1.708606e+01
      vertex   -2.445944e+00 4.827620e+00 1.907500e+01
      vertex   -2.352746e+00 4.899133e+00 1.708606e+01
    endloop
  endfacet
  facet normal -6.087614e-01 7.933533e-01 0.000000e+00
    outer loop
      vertex   -2.445944e+00 4.827620e+00 1.708606e+01
      vertex   -2.352746e+00 4.899133e+00 1.708606e+01
      vertex   -2.352746e+00 4.899133e+00 1.509712e+01
    endloop
  endfacet
  facet normal -6.087614e-01 7.933533e-01 0.000000e+00
    outer loop
      vertex   -2.445944e+00 4.827620e+00 1.907500e+01
      vertex   -2.352746e+00 4.899133e+00 1.907500e+01
      vertex   -2.352746e+00 4.899133e+00 1.708606e+01
    endloop
  endfacet
  facet normal 9.914449e-01 1.305262e-01 -0.000000e+00
    outer loop
      vertex   -3.120944e+00 5.217331e+00 1.509712e+01
      vertex   -3.120944e+00 5.217331e+00 1.708606e+01
      vertex   -3.105610e+00 5.100863e+00 1.509712e+01
    endloop
  endfacet
  facet normal 9.914449e-01 1.305262e-01 -0.000000e+00
    outer loop
      vertex   -3.105610e+00 5.100863e+00 1.509712e+01
      vertex   -3.120944e+00 5.217331e+00 1.708606e+01
      vertex   -3.105610e+00 5.100863e+00 1.708606e+01
    endloop
  endfacet
  facet normal 9.238795e-01 3.826834e-01 -0.000000e+00
    outer loop
      vertex   -3.105610e+00 5.100863e+00 1.509712e+01
      vertex   -3.105610e+00 5.100863e+00 1.708606e+01
      vertex   -3.060655e+00 4.992331e+00 1.509712e+01
    endloop
  endfacet
  facet normal 9.238795e-01 3.826834e-01 -0.000000e+00
    outer loop
      vertex   -3.060655e+00 4.992331e+00 1.509712e+01
      vertex   -3.105610e+00 5.100863e+00 1.708606e+01
      vertex   -3.060655e+00 4.992331e+00 1.708606e+01
    endloop
  endfacet
  facet normal 7.933533e-01 6.087614e-01 -0.000000e+00
    outer loop
      vertex   -3.060655e+00 4.992331e+00 1.509712e+01
      vertex   -3.060655e+00 4.992331e+00 1.708606e+01
      vertex   -2.989142e+00 4.899133e+00 1.509712e+01
    endloop
  endfacet
  facet normal 7.933533e-01 6.087614e-01 -0.000000e+00
    outer loop
      vertex   -2.989142e+00 4.899133e+00 1.509712e+01
      vertex   -3.060655e+00 4.992331e+00 1.708606e+01
      vertex   -2.989142e+00 4.899133e+00 1.708606e+01
    endloop
  endfacet
  facet normal 6.087614e-01 7.933533e-01 -0.000000e+00
    outer loop
      vertex   -2.989142e+00 4.899133e+00 1.509712e+01
      vertex   -2.989142e+00 4.899133e+00 1.708606e+01
      vertex   -2.895944e+00 4.827620e+00 1.509712e+01
    endloop
  endfacet
  facet normal 6.087614e-01 7.933533e-01 -0.000000e+00
    outer loop
      vertex   -2.895944e+00 4.827620e+00 1.509712e+01
      vertex   -2.989142e+00 4.899133e+00 1.708606e+01
      vertex   -2.895944e+00 4.827620e+00 1.708606e+01
    endloop
  endfacet
  facet normal 3.826834e-01 9.238795e-01 -0.000000e+00
    outer loop
      vertex   -2.895944e+00 4.827620e+00 1.509712e+01
      vertex   -2.895944e+00 4.827620e+00 1.708606e+01
      vertex   -2.787412e+00 4.782665e+00 1.509712e+01
    endloop
  endfacet
  facet normal 3.826834e-01 9.238795e-01 -0.000000e+00
    outer loop
      vertex   -2.787412e+00 4.782665e+00 1.509712e+01
      vertex   -2.895944e+00 4.827620e+00 1.708606e+01
      vertex   -2.787412e+00 4.782665e+00 1.708606e+01
    endloop
  endfacet
  facet normal 1.305262e-01 9.914449e-01 -0.000000e+00
    outer loop
      vertex   -2.787412e+00 4.782665e+00 1.509712e+01
      vertex   -2.787412e+00 4.782665e+00 1.708606e+01
      vertex   -2.670944e+00 4.767331e+00 1.509712e+01
    endloop
  endfacet
  facet normal 1.305262e-01 9.914449e-01 -0.000000e+00
    outer loop
      vertex   -2.670944e+00 4.767331e+00 1.509712e+01
      vertex   -2.787412e+00 4.782665e+00 1.708606e+01
      vertex   -2.670944e+00 4.767331e+00 1.708606e+01
    endloop
  endfacet
  facet normal -1.305262e-01 9.914449e-01 0.000000e+00
    outer loop
      vertex   -2.670944e+00 4.767331e+00 1.509712e+01
      vertex   -2.670944e+00 4.767331e+00 1.708606e+01
      vertex   -2.554475e+00 4.782665e+00 1.509712e+01
    endloop
  endfacet
  facet normal 9.914449e-01 -1.305262e-01 0.000000e+00
    outer loop
      vertex   -3.120944e+00 5.217331e+00 1.708606e+01
      vertex   -3.120944e+00 5.217331e+00 1.509712e+01
      vertex   -3.105610e+00 5.333800e+00 1.708606e+01
    endloop
  endfacet
  facet normal 9.914449e-01 -1.305262e-01 0.000000e+00
    outer loop
      vertex   -3.105610e+00 5.333800e+00 1.708606e+01
      vertex   -3.120944e+00 5.217331e+00 1.509712e+01
      vertex   -3.105610e+00 5.333800e+00 1.509712e+01
    endloop
  endfacet
  facet normal 9.238795e-01 -3.826834e-01 0.000000e+00
    outer loop
      vertex   -3.105610e+00 5.333800e+00 1.708606e+01
      vertex   -3.105610e+00 5.333800e+00 1.509712e+01
      vertex   -3.060655e+00 5.442331e+00 1.708606e+01
    endloop
  endfacet
  facet normal 9.238795e-01 -3.826834e-01 4.125664e-16
    outer loop
      vertex   -3.060655e+00 5.442331e+00 1.708606e+01
      vertex   -3.105610e+00 5.333800e+00 1.509712e+01
      vertex   -3.060655e+00 5.442331e+00 1.509712e+01
    endloop
  endfacet
  facet normal 7.933533e-01 -6.087614e-01 3.542788e-16
    outer loop
      vertex   -3.060655e+00 5.442331e+00 1.708606e+01
      vertex   -3.060655e+00 5.442331e+00 1.509712e+01
      vertex   -2.989142e+00 5.535529e+00 1.708606e+01
    endloop
  endfacet
  facet normal 7.933533e-01 -6.087614e-01 0.000000e+00
    outer loop
      vertex   -2.989142e+00 5.535529e+00 1.708606e+01
      vertex   -3.060655e+00 5.442331e+00 1.509712e+01
      vertex   -2.989142e+00 5.535529e+00 1.509712e+01
    endloop
  endfacet
  facet normal 6.087614e-01 -7.933533e-01 0.000000e+00
    outer loop
      vertex   -2.989142e+00 5.535529e+00 1.708606e+01
      vertex   -2.989142e+00 5.535529e+00 1.509712e+01
      vertex   -2.895944e+00 5.607043e+00 1.708606e+01
    endloop
  endfacet
  facet normal 6.087614e-01 -7.933533e-01 0.000000e+00
    outer loop
      vertex   -2.895944e+00 5.607043e+00 1.708606e+01
      vertex   -2.989142e+00 5.535529e+00 1.509712e+01
      vertex   -2.895944e+00 5.607043e+00 1.509712e+01
    endloop
  endfacet
  facet normal 3.826834e-01 -9.238795e-01 0.000000e+00
    outer loop
      vertex   -2.895944e+00 5.607043e+00 1.708606e+01
      vertex   -2.895944e+00 5.607043e+00 1.509712e+01
      vertex   -2.787412e+00 5.651998e+00 1.708606e+01
    endloop
  endfacet
  facet normal 3.826834e-01 -9.238795e-01 0.000000e+00
    outer loop
      vertex   -2.787412e+00 5.651998e+00 1.708606e+01
      vertex   -2.895944e+00 5.607043e+00 1.509712e+01
      vertex   -2.787412e+00 5.651998e+00 1.509712e+01
    endloop
  endfacet
  facet normal 1.305262e-01 -9.914449e-01 0.000000e+00
    outer loop
      vertex   -2.787412e+00 5.651998e+00 1.708606e+01
      vertex   -2.787412e+00 5.651998e+00 1.509712e+01
      vertex   -2.670944e+00 5.667331e+00 1.708606e+01
    endloop
  endfacet
  facet normal 1.305262e-01 -9.914449e-01 0.000000e+00
    outer loop
      vertex   -2.670944e+00 5.667331e+00 1.708606e+01
      vertex   -2.787412e+00 5.651998e+00 1.509712e+01
      vertex   -2.670944e+00 5.667331e+00 1.509712e+01
    endloop
  endfacet
  facet normal -1.305262e-01 -9.914449e-01 -0.000000e+00
    outer loop
      vertex   -2.670944e+00 5.667331e+00 1.708606e+01
      vertex   -2.670944e+00 5.667331e+00 1.509712e+01
      vertex   -2.554475e+00 5.651998e+00 1.708606e+01
    endloop
  endfacet
  facet normal -1.305262e-01 -9.914449e-01 -0.000000e+00
    outer loop
      vertex   -2.554475e+00 5.651998e+00 1.708606e+01
      vertex   -2.670944e+00 5.667331e+00 1.509712e+01
      vertex   -2.554475e+00 5.651998e+00 1.509712e+01
    endloop
  endfacet
  facet normal -3.826834e-01 -9.238795e-01 -0.000000e+00
    outer loop
      vertex   -2.554475e+00 5.651998e+00 1.708606e+01
      vertex   -2.554475e+00 5.651998e+00 1.509712e+01
      vertex   -2.445944e+00 5.607043e+00 1.708606e+01
    endloop
  endfacet
  facet normal -3.826834e-01 -9.238795e-01 -0.000000e+00
    outer loop
      vertex   -2.445944e+00 5.607043e+00 1.708606e+01
      vertex   -2.554475e+00 5.651998e+00 1.509712e+01
      vertex   -2.445944e+00 5.607043e+00 1.509712e+01
    endloop
  endfacet
  facet normal -6.087614e-01 -7.933533e-01 -0.000000e+00
    outer loop
      vertex   -2.445944e+00 5.607043e+00 1.708606e+01
      vertex   -2.445944e+00 5.607043e+00 1.509712e+01
      vertex   -2.352746e+00 5.535529e+00 1.708606e+01
    endloop
  endfacet
  facet normal -6.087614e-01 -7.933533e-01 -0.000000e+00
    outer loop
      vertex   -2.352746e+00 5.535529e+00 1.708606e+01
      vertex   -2.445944e+00 5.607043e+00 1.509712e+01
      vertex   -2.352746e+00 5.535529e+00 1.509712e+01
    endloop
  endfacet
  facet normal -7.933533e-01 -6.087614e-01 -0.000000e+00
    outer loop
      vertex   -2.352746e+00 5.535529e+00 1.708606e+01
      vertex   -2.352746e+00 5.535529e+00 1.509712e+01
      vertex   -2.281232e+00 5.442331e+00 1.708606e+01
    endloop
  endfacet
  facet normal -7.933533e-01 -6.087614e-01 -0.000000e+00
    outer loop
      vertex   -2.281232e+00 5.442331e+00 1.708606e+01
      vertex   -2.352746e+00 5.535529e+00 1.509712e+01
      vertex   -2.281232e+00 5.442331e+00 1.509712e+01
    endloop
  endfacet
  facet normal -9.238795e-01 -3.826834e-01 -0.000000e+00
    outer loop
      vertex   -2.281232e+00 5.442331e+00 1.708606e+01
      vertex   -2.281232e+00 5.442331e+00 1.509712e+01
      vertex   -2.236277e+00 5.333800e+00 1.708606e+01
    endloop
  endfacet
  facet normal -9.238795e-01 -3.826834e-01 -0.000000e+00
    outer loop
      vertex   -2.236277e+00 5.333800e+00 1.708606e+01
      vertex   -2.281232e+00 5.442331e+00 1.509712e+01
      vertex   -2.236277e+00 5.333800e+00 1.509712e+01
    endloop
  endfacet
  facet normal -9.914449e-01 -1.305262e-01 -0.000000e+00
    outer loop
      vertex   -2.236277e+00 5.333800e+00 1.708606e+01
      vertex   -2.236277e+00 5.333800e+00 1.509712e+01
      vertex   -2.220944e+00 5.217331e+00 1.708606e+01
    endloop
  endfacet
  facet normal -9.914449e-01 -1.305262e-01 -0.000000e+00
    outer loop
      vertex   -2.220944e+00 5.217331e+00 1.708606e+01
      vertex   -2.236277e+00 5.333800e+00 1.509712e+01
      vertex   -2.220944e+00 5.217331e+00 1.509712e+01
    endloop
  endfacet
  facet normal -9.914449e-01 1.305262e-01 0.000000e+00
    outer loop
      vertex   -2.220944e+00 5.217331e+00 1.708606e+01
      vertex   -2.220944e+00 5.217331e+00 1.509712e+01
      vertex   -2.236277e+00 5.100863e+00 1.708606e+01
    endloop
  endfacet
  facet normal -9.914449e-01 1.305262e-01 0.000000e+00
    outer loop
      vertex   -2.236277e+00 5.100863e+00 1.708606e+01
      vertex   -2.220944e+00 5.217331e+00 1.509712e+01
      vertex   -2.236277e+00 5.100863e+00 1.509712e+01
    endloop
  endfacet
  facet normal -9.238795e-01 3.826834e-01 0.000000e+00
    outer loop
      vertex   -2.236277e+00 5.100863e+00 1.708606e+01
      vertex   -2.236277e+00 5.100863e+00 1.509712e+01
      vertex   -2.281232e+00 4.992331e+00 1.708606e+01
    endloop
  endfacet
  facet normal -9.238795e-01 3.826834e-01 0.000000e+00
    outer loop
      vertex   -2.281232e+00 4.992331e+00 1.708606e+01
      vertex   -2.236277e+00 5.100863e+00 1.509712e+01
      vertex   -2.281232e+00 4.992331e+00 1.509712e+01
    endloop
  endfacet
  facet normal 0.000000e+00 0.000000e+00 -1.000000e+00
    outer loop
      vertex   -2.600000e+00 5.661704e+00 1.447500e+01
      vertex   -2.710807e+00 5.665562e+00 1.447500e+01
      vertex   -2.600000e+00 5.787652e+00 1.447500e+01
    endloop
  endfacet
  facet normal 0.000000e+00 0.000000e+00 -1.000000e+00
    outer loop
      vertex   -2.600000e+00 5.787652e+00 1.447500e+01
      vertex   -2.710807e+00 5.665562e+00 1.447500e+01
      vertex   -2.819195e+00 5.642210e+00 1.447500e+01
    endloop
  endfacet
  facet normal -0.000000e+00 0.000000e+00 -1.000000e+00
    outer loop
      vertex   -2.600000e+00 5.787652e+00 1.447500e+01
      vertex   -2.819195e+00 5.642210e+00 1.447500e+01
      vertex   -2.490430e+00 5.896468e+00 1.447500e+01
    endloop
  endfacet
  facet normal -0.000000e+00 0.000000e+00 -1.000000e+00
    outer loop
      vertex   -2.490430e+00 5.896468e+00 1.447500e+01
      vertex   -2.819195e+00 5.642210e+00 1.447500e+01
      vertex   -2.409620e+00 6.028060e+00 1.447500e+01
    endloop
  endfacet
  facet normal 0.000000e+00 0.000000e+00 -1.000000e+00
    outer loop
      vertex   -2.409620e+00 6.028060e+00 1.447500e+01
      vertex   -2.819195e+00 5.642210e+00 1.447500e+01
      vertex   -2.918583e+00 5.593064e+00 1.447500e+01
    endloop
  endfacet
  facet normal -0.000000e+00 0.000000e+00 -1.000000e+00
    outer loop
      vertex   -2.409620e+00 6.028060e+00 1.447500e+01
      vertex   -2.918583e+00 5.593064e+00 1.447500e+01
      vertex   -2.362132e+00 6.175000e+00 1.447500e+01
    endloop
  endfacet
  facet normal 0.000000e+00 0.000000e+00 -1.000000e+00
    outer loop
      vertex   -2.362132e+00 6.175000e+00 1.447500e+01
      vertex   -2.918583e+00 5.593064e+00 1.447500e+01
      vertex   -9.512269e+00 5.657282e+00 1.447500e+01
    endloop
  endfacet
  facet normal 0.000000e+00 0.000000e+00 -1.000000e+00
    outer loop
      vertex   -2.362132e+00 6.175000e+00 1.447500e+01
      vertex   -9.512269e+00 5.657282e+00 1.447500e+01
      vertex   -9.857071e+00 5.902552e+00 1.447500e+01
    endloop
  endfacet
  facet normal -0.000000e+00 0.000000e+00 -1.000000e+00
    outer loop
      vertex   -2.918583e+00 5.593064e+00 1.447500e+01
      vertex   -3.002937e+00 5.521109e+00 1.447500e+01
      vertex   -9.512269e+00 5.657282e+00 1.447500e+01
    endloop
  endfacet
  facet normal 0.000000e+00 0.000000e+00 -1.000000e+00
    outer loop
      vertex   -9.512269e+00 5.657282e+00 1.447500e+01
      vertex   -3.002937e+00 5.521109e+00 1.447500e+01
      vertex   -9.195305e+00 5.376962e+00 1.447500e+01
    endloop
  endfacet
  facet normal 0.000000e+00 0.000000e+00 -1.000000e+00
    outer loop
      vertex   -9.195305e+00 5.376962e+00 1.447500e+01
      vertex   -3.002937e+00 5.521109e+00 1.447500e+01
      vertex   -3.067136e+00 5.430712e+00 1.447500e+01
    endloop
  endfacet
  facet normal 0.000000e+00 0.000000e+00 -1.000000e+00
    outer loop
      vertex   -9.195305e+00 5.376962e+00 1.447500e+01
      vertex   -3.067136e+00 5.430712e+00 1.447500e+01
      vertex   -8.909727e+00 5.064727e+00 1.447500e+01
    endloop
  endfacet
  facet normal 0.000000e+00 0.000000e+00 -1.000000e+00
    outer loop
      vertex   -8.909727e+00 5.064727e+00 1.447500e+01
      vertex   -3.067136e+00 5.430712e+00 1.447500e+01
      vertex   -3.107285e+00 5.327361e+00 1.447500e+01
    endloop
  endfacet
  facet normal 0.000000e+00 0.000000e+00 -1.000000e+00
    outer loop
      vertex   -8.909727e+00 5.064727e+00 1.447500e+01
      vertex   -3.107285e+00 5.327361e+00 1.447500e+01
      vertex   -8.658730e+00 4.724071e+00 1.447500e+01
    endloop
  endfacet
  facet normal 0.000000e+00 0.000000e+00 -1.000000e+00
    outer loop
      vertex   -8.658730e+00 4.724071e+00 1.447500e+01
      vertex   -3.107285e+00 5.327361e+00 1.447500e+01
      vertex   -3.120944e+00 5.217331e+00 1.447500e+01
    endloop
  endfacet
  facet normal 0.000000e+00 0.000000e+00 -1.000000e+00
    outer loop
      vertex   -8.658730e+00 4.724071e+00 1.447500e+01
      vertex   -3.120944e+00 5.217331e+00 1.447500e+01
      vertex   -3.107285e+00 5.107301e+00 1.447500e+01
    endloop
  endfacet
  facet normal 0.000000e+00 0.000000e+00 -1.000000e+00
    outer loop
      vertex   -8.658730e+00 4.724071e+00 1.447500e+01
      vertex   -3.107285e+00 5.107301e+00 1.447500e+01
      vertex   -8.445123e+00 4.358807e+00 1.447500e+01
    endloop
  endfacet
  facet normal 0.000000e+00 0.000000e+00 -1.000000e+00
    outer loop
      vertex   -8.445123e+00 4.358807e+00 1.447500e+01
      vertex   -3.107285e+00 5.107301e+00 1.447500e+01
      vertex   -3.067136e+00 5.003951e+00 1.447500e+01
    endloop
  endfacet
  facet normal 0.000000e+00 0.000000e+00 -1.000000e+00
    outer loop
      vertex   -8.445123e+00 4.358807e+00 1.447500e+01
      vertex   -3.067136e+00 5.003951e+00 1.447500e+01
      vertex   -4.576411e+00 3.462846e+00 1.447500e+01
    endloop
  endfacet
  facet normal 0.000000e+00 0.000000e+00 -1.000000e+00
    outer loop
      vertex   -4.576411e+00 3.462846e+00 1.447500e+01
      vertex   -3.067136e+00 5.003951e+00 1.447500e+01
      vertex   -3.002937e+00 4.913554e+00 1.447500e+01
    endloop
  endfacet
  facet normal 0.000000e+00 0.000000e+00 -1.000000e+00
    outer loop
      vertex   -4.576411e+00 3.462846e+00 1.447500e+01
      vertex   -3.002937e+00 4.913554e+00 1.447500e+01
      vertex   -4.390977e+00 3.473646e+00 1.447500e+01
    endloop
  endfacet
  facet normal 0.000000e+00 0.000000e+00 -1.000000e+00
    outer loop
      vertex   -4.390977e+00 3.473646e+00 1.447500e+01
      vertex   -3.002937e+00 4.913554e+00 1.447500e+01
      vertex   -2.918583e+00 4.841599e+00 1.447500e+01
    endloop
  endfacet
  facet normal 0.000000e+00 0.000000e+00 -1.000000e+00
    outer loop
      vertex   -4.390977e+00 3.473646e+00 1.447500e+01
      vertex   -2.918583e+00 4.841599e+00 1.447500e+01
      vertex   -2.819195e+00 4.792453e+00 1.447500e+01
    endloop
  endfacet
  facet normal 0.000000e+00 0.000000e+00 -1.000000e+00
    outer loop
      vertex   -4.390977e+00 3.473646e+00 1.447500e+01
      vertex   -2.819195e+00 4.792453e+00 1.447500e+01
      vertex   -4.208050e+00 3.441391e+00 1.447500e+01
    endloop
  endfacet
  facet normal 0.000000e+00 0.000000e+00 -1.000000e+00
    outer loop
      vertex   -4.208050e+00 3.441391e+00 1.447500e+01
      vertex   -2.819195e+00 4.792453e+00 1.447500e+01
      vertex   -2.710807e+00 4.769101e+00 1.447500e+01
    endloop
  endfacet
  facet normal 0.000000e+00 0.000000e+00 -1.000000e+00
    outer loop
      vertex   -4.208050e+00 3.441391e+00 1.447500e+01
      vertex   -2.710807e+00 4.769101e+00 1.447500e+01
      vertex   -4.037492e+00 3.367820e+00 1.447500e+01
    endloop
  endfacet
  facet normal 0.000000e+00 0.000000e+00 -1.000000e+00
    outer loop
      vertex   -4.037492e+00 3.367820e+00 1.447500e+01
      vertex   -2.710807e+00 4.769101e+00 1.447500e+01
      vertex   -2.600000e+00 4.772959e+00 1.447500e+01
    endloop
  endfacet
  facet normal 0.000000e+00 0.000000e+00 -1.000000e+00
    outer loop
      vertex   -4.037492e+00 3.367820e+00 1.447500e+01
      vertex   -2.600000e+00 4.772959e+00 1.447500e+01
      vertex   -3.888499e+00 3.256899e+00 1.447500e+01
    endloop
  endfacet
  facet normal 0.000000e+00 0.000000e+00 -1.000000e+00
    outer loop
      vertex   -3.888499e+00 3.256899e+00 1.447500e+01
      vertex   -2.600000e+00 4.772959e+00 1.447500e+01
      vertex   -3.769102e+00 3.114607e+00 1.447500e+01
    endloop
  endfacet
  facet normal 0.000000e+00 0.000000e+00 -1.000000e+00
    outer loop
      vertex   -3.769102e+00 3.114607e+00 1.447500e+01
      vertex   -2.600000e+00 4.772959e+00 1.447500e+01
      vertex   -3.685738e+00 2.948616e+00 1.447500e+01
    endloop
  endfacet
  facet normal 0.000000e+00 0.000000e+00 -1.000000e+00
    outer loop
      vertex   -3.685738e+00 2.948616e+00 1.447500e+01
      vertex   -2.600000e+00 4.772959e+00 1.447500e+01
      vertex   -3.642902e+00 2.767874e+00 1.447500e+01
    endloop
  endfacet
  facet normal 0.000000e+00 0.000000e+00 -1.000000e+00
    outer loop
      vertex   -3.642902e+00 2.767874e+00 1.447500e+01
      vertex   -2.600000e+00 4.772959e+00 1.447500e+01
      vertex   -3.642902e+00 2.582125e+00 1.447500e+01
    endloop
  endfacet
  facet normal 0.000000e+00 0.000000e+00 -1.000000e+00
    outer loop
      vertex   -3.642902e+00 2.582125e+00 1.447500e+01
      vertex   -2.600000e+00 4.772959e+00 1.447500e+01
      vertex   -2.600000e+00 -7.876525e-01 1.447500e+01
    endloop
  endfacet
  facet normal 0.000000e+00 -0.000000e+00 -1.000000e+00
    outer loop
      vertex   -3.642902e+00 2.582125e+00 1.447500e+01
      vertex   -2.600000e+00 -7.876525e-01 1.447500e+01
      vertex   -3.685738e+00 2.401384e+00 1.447500e+01
    endloop
  endfacet
  facet normal 0.000000e+00 -0.000000e+00 -1.000000e+00
    outer loop
      vertex   -3.685738e+00 2.401384e+00 1.447500e+01
      vertex   -2.600000e+00 -7.876525e-01 1.447500e+01
      vertex   -3.769102e+00 2.235393e+00 1.447500e+01
    endloop
  endfacet
  facet normal 0.000000e+00 -0.000000e+00 -1.000000e+00
    outer loop
      vertex   -3.769102e+00 2.235393e+00 1.447500e+01
      vertex   -2.600000e+00 -7.876525e-01 1.447500e+01
      vertex   -3.888499e+00 2.093101e+00 1.447500e+01
    endloop
  endfacet
  facet normal 0.000000e+00 -0.000000e+00 -1.000000e+00
    outer loop
      vertex   -3.888499e+00 2.093101e+00 1.447500e+01
      vertex   -2.600000e+00 -7.876525e-01 1.447500e+01
      vertex   -4.037492e+00 1.982179e+00 1.447500e+01
    endloop
  endfacet
  facet normal 0.000000e+00 -0.000000e+00 -1.000000e+00
    outer loop
      vertex   -4.037492e+00 1.982179e+00 1.447500e+01
      vertex   -2.600000e+00 -7.876525e-01 1.447500e+01
      vertex   -4.208050e+00 1.908608e+00 1.447500e+01
    endloop
  endfacet
  facet normal 0.000000e+00 -0.000000e+00 -1.000000e+00
    outer loop
      vertex   -4.208050e+00 1.908608e+00 1.447500e+01
      vertex   -2.600000e+00 -7.876525e-01 1.447500e+01
      vertex   -4.390977e+00 1.876353e+00 1.447500e+01
    endloop
  endfacet
  facet normal -0.000000e+00 -0.000000e+00 -1.000000e+00
    outer loop
      vertex   -4.390977e+00 1.876353e+00 1.447500e+01
      vertex   -2.600000e+00 -7.876525e-01 1.447500e+01
      vertex   -4.576411e+00 1.887154e+00 1.447500e+01
    endloop
  endfacet
  facet normal 0.000000e+00 -0.000000e+00 -1.000000e+00
    outer loop
      vertex   -4.576411e+00 1.887154e+00 1.447500e+01
      vertex   -2.600000e+00 -7.876525e-01 1.447500e+01
      vertex   -8.445123e+00 6.911929e-01 1.447500e+01
    endloop
  endfacet
  facet normal 0.000000e+00 0.000000e+00 -1.000000e+00
    outer loop
      vertex   -4.576411e+00 1.887154e+00 1.447500e+01
      vertex   -8.445123e+00 6.911929e-01 1.447500e+01
      vertex   -8.271296e+00 1.076978e+00 1.447500e+01
    endloop
  endfacet
  facet normal -0.000000e+00 -0.000000e+00 -1.000000e+00
    outer loop
      vertex   -2.585066e+00 -7.996702e-01 1.447500e+01
      vertex   -2.570493e+00 -8.121231e-01 1.447500e+01
      vertex   -2.600000e+00 -7.876525e-01 1.447500e+01
    endloop
  endfacet
  facet normal 0.000000e+00 0.000000e+00 -1.000000e+00
    outer loop
      vertex   -2.600000e+00 -7.876525e-01 1.447500e+01
      vertex   -2.570493e+00 -8.121231e-01 1.447500e+01
      vertex   -2.556294e+00 -8.250002e-01 1.447500e+01
    endloop
  endfacet
  facet normal -0.000000e+00 -0.000000e+00 -1.000000e+00
    outer loop
      vertex   -2.600000e+00 -7.876525e-01 1.447500e+01
      vertex   -2.556294e+00 -8.250002e-01 1.447500e+01
      vertex   -9.512269e+00 -6.072823e-01 1.447500e+01
    endloop
  endfacet
  facet normal 0.000000e+00 -0.000000e+00 -1.000000e+00
    outer loop
      vertex   -9.512269e+00 -6.072823e-01 1.447500e+01
      vertex   -2.556294e+00 -8.250002e-01 1.447500e+01
      vertex   -9.857071e+00 -8.525516e-01 1.447500e+01
    endloop
  endfacet
  facet normal 0.000000e+00 -0.000000e+00 -1.000000e+00
    outer loop
      vertex   -9.857071e+00 -8.525516e-01 1.447500e+01
      vertex   -2.556294e+00 -8.250002e-01 1.447500e+01
      vertex   -1.022585e+01 -1.060025e+00 1.447500e+01
    endloop
  endfacet
  facet normal 0.000000e+00 0.000000e+00 -1.000000e+00
    outer loop
      vertex   -1.022585e+01 -1.060025e+00 1.447500e+01
      vertex   -2.556294e+00 -8.250002e-01 1.447500e+01
      vertex   1.500000e-01 -3.250000e+00 1.447500e+01
    endloop
  endfacet
  facet normal 0.000000e+00 -0.000000e+00 -1.000000e+00
    outer loop
      vertex   -1.022585e+01 -1.060025e+00 1.447500e+01
      vertex   1.500000e-01 -3.250000e+00 1.447500e+01
      vertex   -1.061449e+01 -1.227381e+00 1.447500e+01
    endloop
  endfacet
  facet normal 0.000000e+00 0.000000e+00 -1.000000e+00
    outer loop
      vertex   -1.061449e+01 -1.227381e+00 1.447500e+01
      vertex   1.500000e-01 -3.250000e+00 1.447500e+01
      vertex   1.715641e-01 -3.434493e+00 1.447500e+01
    endloop
  endfacet
  facet normal 0.000000e+00 -0.000000e+00 -1.000000e+00
    outer loop
      vertex   -1.061449e+01 -1.227381e+00 1.447500e+01
      vertex   1.715641e-01 -3.434493e+00 1.447500e+01
      vertex   -1.329816e+01 -5.250000e+00 1.447500e+01
    endloop
  endfacet
  facet normal 0.000000e+00 0.000000e+00 -1.000000e+00
    outer loop
      vertex   -1.329816e+01 -5.250000e+00 1.447500e+01
      vertex   1.715641e-01 -3.434493e+00 1.447500e+01
      vertex   2.350939e-01 -3.609040e+00 1.447500e+01
    endloop
  endfacet
  facet normal 0.000000e+00 0.000000e+00 -1.000000e+00
    outer loop
      vertex   -1.329816e+01 -5.250000e+00 1.447500e+01
      vertex   2.350939e-01 -3.609040e+00 1.447500e+01
      vertex   3.371644e-01 -3.764230e+00 1.447500e+01
    endloop
  endfacet
  facet normal -0.000000e+00 -0.000000e+00 -1.000000e+00
    outer loop
      vertex   -8.000000e-01 -8.250002e-01 1.447500e+01
      vertex   4.722731e-01 -2.608302e+00 1.447500e+01
      vertex   -2.556294e+00 -8.250002e-01 1.447500e+01
    endloop
  endfacet
  facet normal 0.000000e+00 0.000000e+00 -1.000000e+00
    outer loop
      vertex   -2.556294e+00 -8.250002e-01 1.447500e+01
      vertex   4.722731e-01 -2.608302e+00 1.447500e+01
      vertex   3.371644e-01 -2.735770e+00 1.447500e+01
    endloop
  endfacet
  facet normal 0.000000e+00 0.000000e+00 -1.000000e+00
    outer loop
      vertex   -2.556294e+00 -8.250002e-01 1.447500e+01
      vertex   3.371644e-01 -2.735770e+00 1.447500e+01
      vertex   2.350939e-01 -2.890961e+00 1.447500e+01
    endloop
  endfacet
  facet normal 0.000000e+00 0.000000e+00 -1.000000e+00
    outer loop
      vertex   -8.000000e-01 6.175000e+00 1.447500e+01
      vertex   2.700000e+00 6.175000e+00 1.447500e+01
      vertex   -8.000000e-01 -8.250002e-01 1.447500e+01
    endloop
  endfacet
  facet normal 0.000000e+00 0.000000e+00 -1.000000e+00
    outer loop
      vertex   -8.000000e-01 -8.250002e-01 1.447500e+01
      vertex   2.700000e+00 6.175000e+00 1.447500e+01
      vertex   2.700000e+00 -8.250002e-01 1.447500e+01
    endloop
  endfacet
  facet normal 0.000000e+00 0.000000e+00 -1.000000e+00
    outer loop
      vertex   -8.000000e-01 -8.250002e-01 1.447500e+01
      vertex   2.700000e+00 -8.250002e-01 1.447500e+01
      vertex   9.965159e-01 -2.451354e+00 1.447500e+01
    endloop
  endfacet
  facet normal 0.000000e+00 0.000000e+00 -1.000000e+00
    outer loop
      vertex   9.965159e-01 -2.451354e+00 1.447500e+01
      vertex   2.700000e+00 -8.250002e-01 1.447500e+01
      vertex   1.179443e+00 -2.483609e+00 1.447500e+01
    endloop
  endfacet
  facet normal 0.000000e+00 0.000000e+00 -1.000000e+00
    outer loop
      vertex   1.179443e+00 -2.483609e+00 1.447500e+01
      vertex   2.700000e+00 -8.250002e-01 1.447500e+01
      vertex   1.350000e+00 -2.557180e+00 1.447500e+01
    endloop
  endfacet
  facet normal 0.000000e+00 0.000000e+00 -1.000000e+00
    outer loop
      vertex   1.350000e+00 -2.557180e+00 1.447500e+01
      vertex   2.700000e+00 -8.250002e-01 1.447500e+01
      vertex   1.498993e+00 -2.668101e+00 1.447500e+01
    endloop
  endfacet
  facet normal 0.000000e+00 0.000000e+00 -1.000000e+00
    outer loop
      vertex   1.498993e+00 -2.668101e+00 1.447500e+01
      vertex   2.700000e+00 -8.250002e-01 1.447500e+01
      vertex   4.500000e+00 -8.250002e-01 1.447500e+01
    endloop
  endfacet
  facet normal 0.000000e+00 0.000000e+00 -1.000000e+00
    outer loop
      vertex   1.498993e+00 -2.668101e+00 1.447500e+01
      vertex   4.500000e+00 -8.250002e-01 1.447500e+01
      vertex   6.385471e+00 -2.796137e+00 1.447500e+01
    endloop
  endfacet
  facet normal 0.000000e+00 0.000000e+00 -1.000000e+00
    outer loop
      vertex   6.385471e+00 -2.796137e+00 1.447500e+01
      vertex   4.500000e+00 -8.250002e-01 1.447500e+01
      vertex   6.725748e+00 -2.364497e+00 1.447500e+01
    endloop
  endfacet
  facet normal 0.000000e+00 0.000000e+00 -1.000000e+00
    outer loop
      vertex   6.725748e+00 -2.364497e+00 1.447500e+01
      vertex   4.500000e+00 -8.250002e-01 1.447500e+01
      vertex   7.031111e+00 -1.907490e+00 1.447500e+01
    endloop
  endfacet
  facet normal 0.000000e+00 0.000000e+00 -1.000000e+00
    outer loop
      vertex   7.031111e+00 -1.907490e+00 1.447500e+01
      vertex   4.500000e+00 -8.250002e-01 1.447500e+01
      vertex   7.299675e+00 -1.427934e+00 1.447500e+01
    endloop
  endfacet
  facet normal 0.000000e+00 0.000000e+00 -1.000000e+00
    outer loop
      vertex   7.299675e+00 -1.427934e+00 1.447500e+01
      vertex   4.500000e+00 -8.250002e-01 1.447500e+01
      vertex   7.529786e+00 -9.287842e-01 1.447500e+01
    endloop
  endfacet
  facet normal 0.000000e+00 0.000000e+00 -1.000000e+00
    outer loop
      vertex   7.529786e+00 -9.287842e-01 1.447500e+01
      vertex   4.500000e+00 -8.250002e-01 1.447500e+01
      vertex   7.720025e+00 -4.131192e-01 1.447500e+01
    endloop
  endfacet
  facet normal -0.000000e+00 0.000000e+00 -1.000000e+00
    outer loop
      vertex   7.720025e+00 -4.131192e-01 1.447500e+01
      vertex   4.500000e+00 -8.250002e-01 1.447500e+01
      vertex   7.869219e+00 1.158822e-01 1.447500e+01
    endloop
  endfacet
  facet normal -0.000000e+00 0.000000e+00 -1.000000e+00
    outer loop
      vertex   7.869219e+00 1.158822e-01 1.447500e+01
      vertex   4.500000e+00 -8.250002e-01 1.447500e+01
      vertex   7.976448e+00 6.549585e-01 1.447500e+01
    endloop
  endfacet
  facet normal -0.000000e+00 0.000000e+00 -1.000000e+00
    outer loop
      vertex   7.976448e+00 6.549585e-01 1.447500e+01
      vertex   4.500000e+00 -8.250002e-01 1.447500e+01
      vertex   5.561081e+00 1.887154e+00 1.447500e+01
    endloop
  endfacet
  facet normal 0.000000e+00 0.000000e+00 -1.000000e+00
    outer loop
      vertex   7.976448e+00 6.549585e-01 1.447500e+01
      vertex   5.561081e+00 1.887154e+00 1.447500e+01
      vertex   5.746516e+00 1.876353e+00 1.447500e+01
    endloop
  endfacet
  facet normal 0.000000e+00 0.000000e+00 -1.000000e+00
    outer loop
      vertex   -2.362132e+00 6.175000e+00 1.447500e+01
      vertex   4.722731e-01 7.658301e+00 1.447500e+01
      vertex   -8.000000e-01 6.175000e+00 1.447500e+01
    endloop
  endfacet
  facet normal 0.000000e+00 0.000000e+00 -1.000000e+00
    outer loop
      vertex   -8.000000e-01 6.175000e+00 1.447500e+01
      vertex   4.722731e-01 7.658301e+00 1.447500e+01
      vertex   6.331362e-01 7.565427e+00 1.447500e+01
    endloop
  endfacet
  facet normal 0.000000e+00 0.000000e+00 -1.000000e+00
    outer loop
      vertex   -8.000000e-01 6.175000e+00 1.447500e+01
      vertex   6.331362e-01 7.565427e+00 1.447500e+01
      vertex   8.110815e-01 7.512154e+00 1.447500e+01
    endloop
  endfacet
  facet normal 0.000000e+00 0.000000e+00 -1.000000e+00
    outer loop
      vertex   4.500000e+00 6.175000e+00 1.447500e+01
      vertex   4.900000e+00 2.675000e+00 1.447500e+01
      vertex   4.500000e+00 -8.250002e-01 1.447500e+01
    endloop
  endfacet
  facet normal 0.000000e+00 0.000000e+00 -1.000000e+00
    outer loop
      vertex   4.500000e+00 -8.250002e-01 1.447500e+01
      vertex   4.900000e+00 2.675000e+00 1.447500e+01
      vertex   4.921564e+00 2.490507e+00 1.447500e+01
    endloop
  endfacet
  facet normal 0.000000e+00 0.000000e+00 -1.000000e+00
    outer loop
      vertex   4.500000e+00 -8.250002e-01 1.447500e+01
      vertex   4.921564e+00 2.490507e+00 1.447500e+01
      vertex   4.985094e+00 2.315960e+00 1.447500e+01
    endloop
  endfacet
  facet normal 0.000000e+00 0.000000e+00 -1.000000e+00
    outer loop
      vertex   2.700000e+00 6.175000e+00 1.447500e+01
      vertex   1.498993e+00 7.718101e+00 1.447500e+01
      vertex   4.500000e+00 6.175000e+00 1.447500e+01
    endloop
  endfacet
  facet normal 0.000000e+00 0.000000e+00 -1.000000e+00
    outer loop
      vertex   4.500000e+00 6.175000e+00 1.447500e+01
      vertex   1.498993e+00 7.718101e+00 1.447500e+01
      vertex   1.618390e+00 7.860393e+00 1.447500e+01
    endloop
  endfacet
  facet normal 0.000000e+00 0.000000e+00 -1.000000e+00
    outer loop
      vertex   4.500000e+00 6.175000e+00 1.447500e+01
      vertex   1.618390e+00 7.860393e+00 1.447500e+01
      vertex   6.385471e+00 7.846136e+00 1.447500e+01
    endloop
  endfacet
  facet normal 0.000000e+00 0.000000e+00 -1.000000e+00
    outer loop
      vertex   6.385471e+00 7.846136e+00 1.447500e+01
      vertex   1.618390e+00 7.860393e+00 1.447500e+01
      vertex   6.012377e+00 8.249747e+00 1.447500e+01
    endloop
  endfacet
  facet normal 0.000000e+00 0.000000e+00 -1.000000e+00
    outer loop
      vertex   6.012377e+00 8.249747e+00 1.447500e+01
      vertex   1.618390e+00 7.860393e+00 1.447500e+01
      vertex   1.701754e+00 8.026384e+00 1.447500e+01
    endloop
  endfacet
  facet normal -0.000000e+00 0.000000e+00 -1.000000e+00
    outer loop
      vertex   6.012377e+00 8.249747e+00 1.447500e+01
      vertex   1.701754e+00 8.026384e+00 1.447500e+01
      vertex   5.608766e+00 8.622842e+00 1.447500e+01
    endloop
  endfacet
  facet normal 0.000000e+00 0.000000e+00 -1.000000e+00
    outer loop
      vertex   5.608766e+00 8.622842e+00 1.447500e+01
      vertex   1.701754e+00 8.026384e+00 1.447500e+01
      vertex   1.744591e+00 8.207126e+00 1.447500e+01
    endloop
  endfacet
  facet normal -0.000000e+00 0.000000e+00 -1.000000e+00
    outer loop
      vertex   5.608766e+00 8.622842e+00 1.447500e+01
      vertex   1.744591e+00 8.207126e+00 1.447500e+01
      vertex   5.177126e+00 8.963119e+00 1.447500e+01
    endloop
  endfacet
  facet normal 0.000000e+00 0.000000e+00 -1.000000e+00
    outer loop
      vertex   5.177126e+00 8.963119e+00 1.447500e+01
      vertex   1.744591e+00 8.207126e+00 1.447500e+01
      vertex   1.744591e+00 8.392874e+00 1.447500e+01
    endloop
  endfacet
  facet normal 0.000000e+00 0.000000e+00 -1.000000e+00
    outer loop
      vertex   5.177126e+00 8.963119e+00 1.447500e+01
      vertex   1.744591e+00 8.392874e+00 1.447500e+01
      vertex   1.701754e+00 8.573616e+00 1.447500e+01
    endloop
  endfacet
  facet normal 0.000000e+00 0.000000e+00 -1.000000e+00
    outer loop
      vertex   -1.329816e+01 -5.250000e+00 1.447500e+01
      vertex   3.371644e-01 -3.764230e+00 1.447500e+01
      vertex   1.062629e+00 -5.250000e+00 1.447500e+01
    endloop
  endfacet
  facet normal 0.000000e+00 0.000000e+00 -1.000000e+00
    outer loop
      vertex   1.062629e+00 -5.250000e+00 1.447500e+01
      vertex   3.371644e-01 -3.764230e+00 1.447500e+01
      vertex   4.722731e-01 -3.891699e+00 1.447500e+01
    endloop
  endfacet
  facet normal 0.000000e+00 0.000000e+00 -1.000000e+00
    outer loop
      vertex   1.062629e+00 -5.250000e+00 1.447500e+01
      vertex   4.722731e-01 -3.891699e+00 1.447500e+01
      vertex   6.331362e-01 -3.984573e+00 1.447500e+01
    endloop
  endfacet
  facet normal 0.000000e+00 0.000000e+00 -1.000000e+00
    outer loop
      vertex   6.331362e-01 -3.984573e+00 1.447500e+01
      vertex   8.110815e-01 -4.037846e+00 1.447500e+01
      vertex   1.062629e+00 -5.250000e+00 1.447500e+01
    endloop
  endfacet
  facet normal 0.000000e+00 0.000000e+00 -1.000000e+00
    outer loop
      vertex   1.062629e+00 -5.250000e+00 1.447500e+01
      vertex   8.110815e-01 -4.037846e+00 1.447500e+01
      vertex   9.965159e-01 -4.048647e+00 1.447500e+01
    endloop
  endfacet
  facet normal 0.000000e+00 0.000000e+00 -1.000000e+00
    outer loop
      vertex   1.062629e+00 -5.250000e+00 1.447500e+01
      vertex   9.965159e-01 -4.048647e+00 1.447500e+01
      vertex   1.611843e+00 -5.228422e+00 1.447500e+01
    endloop
  endfacet
  facet normal 0.000000e+00 0.000000e+00 -1.000000e+00
    outer loop
      vertex   1.611843e+00 -5.228422e+00 1.447500e+01
      vertex   9.965159e-01 -4.048647e+00 1.447500e+01
      vertex   1.179443e+00 -4.016392e+00 1.447500e+01
    endloop
  endfacet
  facet normal 0.000000e+00 0.000000e+00 -1.000000e+00
    outer loop
      vertex   1.611843e+00 -5.228422e+00 1.447500e+01
      vertex   1.179443e+00 -4.016392e+00 1.447500e+01
      vertex   2.157671e+00 -5.163819e+00 1.447500e+01
    endloop
  endfacet
  facet normal 0.000000e+00 0.000000e+00 -1.000000e+00
    outer loop
      vertex   2.157671e+00 -5.163819e+00 1.447500e+01
      vertex   1.179443e+00 -4.016392e+00 1.447500e+01
      vertex   2.696747e+00 -5.056590e+00 1.447500e+01
    endloop
  endfacet
  facet normal 0.000000e+00 0.000000e+00 -1.000000e+00
    outer loop
      vertex   2.696747e+00 -5.056590e+00 1.447500e+01
      vertex   1.179443e+00 -4.016392e+00 1.447500e+01
      vertex   1.350000e+00 -3.942821e+00 1.447500e+01
    endloop
  endfacet
  facet normal 0.000000e+00 0.000000e+00 -1.000000e+00
    outer loop
      vertex   2.696747e+00 -5.056590e+00 1.447500e+01
      vertex   1.350000e+00 -3.942821e+00 1.447500e+01
      vertex   3.225748e+00 -4.907396e+00 1.447500e+01
    endloop
  endfacet
  facet normal 0.000000e+00 0.000000e+00 -1.000000e+00
    outer loop
      vertex   3.225748e+00 -4.907396e+00 1.447500e+01
      vertex   1.350000e+00 -3.942821e+00 1.447500e+01
      vertex   1.498993e+00 -3.831899e+00 1.447500e+01
    endloop
  endfacet
  facet normal 0.000000e+00 0.000000e+00 -1.000000e+00
    outer loop
      vertex   3.225748e+00 -4.907396e+00 1.447500e+01
      vertex   1.498993e+00 -3.831899e+00 1.447500e+01
      vertex   3.741413e+00 -4.717157e+00 1.447500e+01
    endloop
  endfacet
  facet normal 0.000000e+00 0.000000e+00 -1.000000e+00
    outer loop
      vertex   3.741413e+00 -4.717157e+00 1.447500e+01
      vertex   1.498993e+00 -3.831899e+00 1.447500e+01
      vertex   4.240563e+00 -4.487046e+00 1.447500e+01
    endloop
  endfacet
  facet normal 0.000000e+00 0.000000e+00 -1.000000e+00
    outer loop
      vertex   4.240563e+00 -4.487046e+00 1.447500e+01
      vertex   1.498993e+00 -3.831899e+00 1.447500e+01
      vertex   1.618390e+00 -3.689607e+00 1.447500e+01
    endloop
  endfacet
  facet normal 0.000000e+00 0.000000e+00 -1.000000e+00
    outer loop
      vertex   4.240563e+00 -4.487046e+00 1.447500e+01
      vertex   1.618390e+00 -3.689607e+00 1.447500e+01
      vertex   4.720119e+00 -4.218481e+00 1.447500e+01
    endloop
  endfacet
  facet normal 0.000000e+00 0.000000e+00 -1.000000e+00
    outer loop
      vertex   4.720119e+00 -4.218481e+00 1.447500e+01
      vertex   1.618390e+00 -3.689607e+00 1.447500e+01
      vertex   1.701754e+00 -3.523616e+00 1.447500e+01
    endloop
  endfacet
  facet normal 0.000000e+00 0.000000e+00 -1.000000e+00
    outer loop
      vertex   4.720119e+00 -4.218481e+00 1.447500e+01
      vertex   1.701754e+00 -3.523616e+00 1.447500e+01
      vertex   5.177126e+00 -3.913119e+00 1.447500e+01
    endloop
  endfacet
  facet normal 0.000000e+00 0.000000e+00 -1.000000e+00
    outer loop
      vertex   5.177126e+00 -3.913119e+00 1.447500e+01
      vertex   1.701754e+00 -3.523616e+00 1.447500e+01
      vertex   1.744591e+00 -3.342875e+00 1.447500e+01
    endloop
  endfacet
  facet normal 0.000000e+00 0.000000e+00 -1.000000e+00
    outer loop
      vertex   5.177126e+00 -3.913119e+00 1.447500e+01
      vertex   1.744591e+00 -3.342875e+00 1.447500e+01
      vertex   1.744591e+00 -3.157126e+00 1.447500e+01
    endloop
  endfacet
  facet normal 0.000000e+00 0.000000e+00 -1.000000e+00
    outer loop
      vertex   5.177126e+00 -3.913119e+00 1.447500e+01
      vertex   1.744591e+00 -3.157126e+00 1.447500e+01
      vertex   5.608766e+00 -3.572842e+00 1.447500e+01
    endloop
  endfacet
  facet normal 0.000000e+00 0.000000e+00 -1.000000e+00
    outer loop
      vertex   5.608766e+00 -3.572842e+00 1.447500e+01
      vertex   1.744591e+00 -3.157126e+00 1.447500e+01
      vertex   1.701754e+00 -2.976384e+00 1.447500e+01
    endloop
  endfacet
  facet normal 0.000000e+00 0.000000e+00 -1.000000e+00
    outer loop
      vertex   5.608766e+00 -3.572842e+00 1.447500e+01
      vertex   1.701754e+00 -2.976384e+00 1.447500e+01
      vertex   6.012377e+00 -3.199748e+00 1.447500e+01
    endloop
  endfacet
  facet normal 0.000000e+00 0.000000e+00 -1.000000e+00
    outer loop
      vertex   6.012377e+00 -3.199748e+00 1.447500e+01
      vertex   1.701754e+00 -2.976384e+00 1.447500e+01
      vertex   1.618390e+00 -2.810393e+00 1.447500e+01
    endloop
  endfacet
  facet normal 0.000000e+00 0.000000e+00 -1.000000e+00
    outer loop
      vertex   6.012377e+00 -3.199748e+00 1.447500e+01
      vertex   1.618390e+00 -2.810393e+00 1.447500e+01
      vertex   6.385471e+00 -2.796137e+00 1.447500e+01
    endloop
  endfacet
  facet normal -0.000000e+00 0.000000e+00 -1.000000e+00
    outer loop
      vertex   6.385471e+00 -2.796137e+00 1.447500e+01
      vertex   1.618390e+00 -2.810393e+00 1.447500e+01
      vertex   1.498993e+00 -2.668101e+00 1.447500e+01
    endloop
  endfacet
  facet normal -0.000000e+00 0.000000e+00 -1.000000e+00
    outer loop
      vertex   9.965159e-01 -2.451354e+00 1.447500e+01
      vertex   8.110815e-01 -2.462154e+00 1.447500e+01
      vertex   -8.000000e-01 -8.250002e-01 1.447500e+01
    endloop
  endfacet
  facet normal 0.000000e+00 0.000000e+00 -1.000000e+00
    outer loop
      vertex   -8.000000e-01 -8.250002e-01 1.447500e+01
      vertex   8.110815e-01 -2.462154e+00 1.447500e+01
      vertex   6.331362e-01 -2.515427e+00 1.447500e+01
    endloop
  endfacet
  facet normal 0.000000e+00 0.000000e+00 -1.000000e+00
    outer loop
      vertex   -8.000000e-01 -8.250002e-01 1.447500e+01
      vertex   6.331362e-01 -2.515427e+00 1.447500e+01
      vertex   4.722731e-01 -2.608302e+00 1.447500e+01
    endloop
  endfacet
  facet normal -0.000000e+00 0.000000e+00 -1.000000e+00
    outer loop
      vertex   2.350939e-01 -2.890961e+00 1.447500e+01
      vertex   1.715641e-01 -3.065508e+00 1.447500e+01
      vertex   -2.556294e+00 -8.250002e-01 1.447500e+01
    endloop
  endfacet
  facet normal 0.000000e+00 0.000000e+00 -1.000000e+00
    outer loop
      vertex   -2.556294e+00 -8.250002e-01 1.447500e+01
      vertex   1.715641e-01 -3.065508e+00 1.447500e+01
      vertex   1.500000e-01 -3.250000e+00 1.447500e+01
    endloop
  endfacet
  facet normal 0.000000e+00 -0.000000e+00 -1.000000e+00
    outer loop
      vertex   4.985094e+00 2.315960e+00 1.447500e+01
      vertex   5.087164e+00 2.160770e+00 1.447500e+01
      vertex   4.500000e+00 -8.250002e-01 1.447500e+01
    endloop
  endfacet
  facet normal 0.000000e+00 0.000000e+00 -1.000000e+00
    outer loop
      vertex   4.500000e+00 -8.250002e-01 1.447500e+01
      vertex   5.087164e+00 2.160770e+00 1.447500e+01
      vertex   5.222273e+00 2.033301e+00 1.447500e+01
    endloop
  endfacet
  facet normal 0.000000e+00 0.000000e+00 -1.000000e+00
    outer loop
      vertex   4.500000e+00 -8.250002e-01 1.447500e+01
      vertex   5.222273e+00 2.033301e+00 1.447500e+01
      vertex   5.383136e+00 1.940427e+00 1.447500e+01
    endloop
  endfacet
  facet normal 0.000000e+00 -0.000000e+00 -1.000000e+00
    outer loop
      vertex   5.383136e+00 1.940427e+00 1.447500e+01
      vertex   5.561081e+00 1.887154e+00 1.447500e+01
      vertex   4.500000e+00 -8.250002e-01 1.447500e+01
    endloop
  endfacet
  facet normal 0.000000e+00 0.000000e+00 -1.000000e+00
    outer loop
      vertex   7.976448e+00 6.549585e-01 1.447500e+01
      vertex   5.746516e+00 1.876353e+00 1.447500e+01
      vertex   8.041051e+00 1.200786e+00 1.447500e+01
    endloop
  endfacet
  facet normal 0.000000e+00 0.000000e+00 -1.000000e+00
    outer loop
      vertex   8.041051e+00 1.200786e+00 1.447500e+01
      vertex   5.746516e+00 1.876353e+00 1.447500e+01
      vertex   5.929443e+00 1.908608e+00 1.447500e+01
    endloop
  endfacet
  facet normal 0.000000e+00 0.000000e+00 -1.000000e+00
    outer loop
      vertex   8.041051e+00 1.200786e+00 1.447500e+01
      vertex   5.929443e+00 1.908608e+00 1.447500e+01
      vertex   6.100000e+00 1.982179e+00 1.447500e+01
    endloop
  endfacet
  facet normal 0.000000e+00 0.000000e+00 -1.000000e+00
    outer loop
      vertex   8.041051e+00 1.200786e+00 1.447500e+01
      vertex   6.100000e+00 1.982179e+00 1.447500e+01
      vertex   8.062629e+00 1.750000e+00 1.447500e+01
    endloop
  endfacet
  facet normal 0.000000e+00 0.000000e+00 -1.000000e+00
    outer loop
      vertex   8.062629e+00 1.750000e+00 1.447500e+01
      vertex   6.100000e+00 1.982179e+00 1.447500e+01
      vertex   6.248993e+00 2.093101e+00 1.447500e+01
    endloop
  endfacet
  facet normal 0.000000e+00 0.000000e+00 -1.000000e+00
    outer loop
      vertex   8.062629e+00 1.750000e+00 1.447500e+01
      vertex   6.248993e+00 2.093101e+00 1.447500e+01
      vertex   6.368390e+00 2.235393e+00 1.447500e+01
    endloop
  endfacet
  facet normal 0.000000e+00 0.000000e+00 -1.000000e+00
    outer loop
      vertex   6.368390e+00 2.235393e+00 1.447500e+01
      vertex   6.451754e+00 2.401384e+00 1.447500e+01
      vertex   8.062629e+00 1.750000e+00 1.447500e+01
    endloop
  endfacet
  facet normal 0.000000e+00 0.000000e+00 -1.000000e+00
    outer loop
      vertex   8.062629e+00 1.750000e+00 1.447500e+01
      vertex   6.451754e+00 2.401384e+00 1.447500e+01
      vertex   6.494591e+00 2.582125e+00 1.447500e+01
    endloop
  endfacet
  facet normal 0.000000e+00 0.000000e+00 -1.000000e+00
    outer loop
      vertex   8.062629e+00 1.750000e+00 1.447500e+01
      vertex   6.494591e+00 2.582125e+00 1.447500e+01
      vertex   8.062629e+00 3.300000e+00 1.447500e+01
    endloop
  endfacet
  facet normal 0.000000e+00 0.000000e+00 -1.000000e+00
    outer loop
      vertex   8.062629e+00 3.300000e+00 1.447500e+01
      vertex   6.494591e+00 2.582125e+00 1.447500e+01
      vertex   6.494591e+00 2.767874e+00 1.447500e+01
    endloop
  endfacet
  facet normal 0.000000e+00 0.000000e+00 -1.000000e+00
    outer loop
      vertex   8.062629e+00 3.300000e+00 1.447500e+01
      vertex   6.494591e+00 2.767874e+00 1.447500e+01
      vertex   6.451754e+00 2.948616e+00 1.447500e+01
    endloop
  endfacet
  facet normal 0.000000e+00 0.000000e+00 -1.000000e+00
    outer loop
      vertex   6.451754e+00 2.948616e+00 1.447500e+01
      vertex   6.368390e+00 3.114607e+00 1.447500e+01
      vertex   8.062629e+00 3.300000e+00 1.447500e+01
    endloop
  endfacet
  facet normal 0.000000e+00 0.000000e+00 -1.000000e+00
    outer loop
      vertex   8.062629e+00 3.300000e+00 1.447500e+01
      vertex   6.368390e+00 3.114607e+00 1.447500e+01
      vertex   6.248993e+00 3.256899e+00 1.447500e+01
    endloop
  endfacet
  facet normal -0.000000e+00 0.000000e+00 -1.000000e+00
    outer loop
      vertex   8.062629e+00 3.300000e+00 1.447500e+01
      vertex   6.248993e+00 3.256899e+00 1.447500e+01
      vertex   8.041051e+00 3.849214e+00 1.447500e+01
    endloop
  endfacet
  facet normal 0.000000e+00 0.000000e+00 -1.000000e+00
    outer loop
      vertex   8.041051e+00 3.849214e+00 1.447500e+01
      vertex   6.248993e+00 3.256899e+00 1.447500e+01
      vertex   6.100000e+00 3.367820e+00 1.447500e+01
    endloop
  endfacet
  facet normal 0.000000e+00 0.000000e+00 -1.000000e+00
    outer loop
      vertex   8.041051e+00 3.849214e+00 1.447500e+01
      vertex   6.100000e+00 3.367820e+00 1.447500e+01
      vertex   5.929443e+00 3.441391e+00 1.447500e+01
    endloop
  endfacet
  facet normal -0.000000e+00 0.000000e+00 -1.000000e+00
    outer loop
      vertex   8.041051e+00 3.849214e+00 1.447500e+01
      vertex   5.929443e+00 3.441391e+00 1.447500e+01
      vertex   7.976448e+00 4.395041e+00 1.447500e+01
    endloop
  endfacet
  facet normal 0.000000e+00 0.000000e+00 -1.000000e+00
    outer loop
      vertex   7.976448e+00 4.395041e+00 1.447500e+01
      vertex   5.929443e+00 3.441391e+00 1.447500e+01
      vertex   5.746516e+00 3.473646e+00 1.447500e+01
    endloop
  endfacet
  facet normal -0.000000e+00 0.000000e+00 -1.000000e+00
    outer loop
      vertex   7.976448e+00 4.395041e+00 1.447500e+01
      vertex   5.746516e+00 3.473646e+00 1.447500e+01
      vertex   7.869219e+00 4.934118e+00 1.447500e+01
    endloop
  endfacet
  facet normal 0.000000e+00 0.000000e+00 -1.000000e+00
    outer loop
      vertex   7.869219e+00 4.934118e+00 1.447500e+01
      vertex   5.746516e+00 3.473646e+00 1.447500e+01
      vertex   5.561081e+00 3.462846e+00 1.447500e+01
    endloop
  endfacet
  facet normal -0.000000e+00 0.000000e+00 -1.000000e+00
    outer loop
      vertex   7.869219e+00 4.934118e+00 1.447500e+01
      vertex   5.561081e+00 3.462846e+00 1.447500e+01
      vertex   4.500000e+00 6.175000e+00 1.447500e+01
    endloop
  endfacet
  facet normal 0.000000e+00 0.000000e+00 -1.000000e+00
    outer loop
      vertex   4.500000e+00 6.175000e+00 1.447500e+01
      vertex   5.561081e+00 3.462846e+00 1.447500e+01
      vertex   5.383136e+00 3.409573e+00 1.447500e+01
    endloop
  endfacet
  facet normal 0.000000e+00 0.000000e+00 -1.000000e+00
    outer loop
      vertex   4.500000e+00 6.175000e+00 1.447500e+01
      vertex   5.383136e+00 3.409573e+00 1.447500e+01
      vertex   5.222273e+00 3.316698e+00 1.447500e+01
    endloop
  endfacet
  facet normal -0.000000e+00 0.000000e+00 -1.000000e+00
    outer loop
      vertex   5.222273e+00 3.316698e+00 1.447500e+01
      vertex   5.087164e+00 3.189230e+00 1.447500e+01
      vertex   4.500000e+00 6.175000e+00 1.447500e+01
    endloop
  endfacet
  facet normal 0.000000e+00 0.000000e+00 -1.000000e+00
    outer loop
      vertex   4.500000e+00 6.175000e+00 1.447500e+01
      vertex   5.087164e+00 3.189230e+00 1.447500e+01
      vertex   4.985094e+00 3.034039e+00 1.447500e+01
    endloop
  endfacet
  facet normal 0.000000e+00 0.000000e+00 -1.000000e+00
    outer loop
      vertex   4.500000e+00 6.175000e+00 1.447500e+01
      vertex   4.985094e+00 3.034039e+00 1.447500e+01
      vertex   4.921564e+00 2.859492e+00 1.447500e+01
    endloop
  endfacet
  facet normal -0.000000e+00 0.000000e+00 -1.000000e+00
    outer loop
      vertex   4.921564e+00 2.859492e+00 1.447500e+01
      vertex   4.900000e+00 2.675000e+00 1.447500e+01
      vertex   4.500000e+00 6.175000e+00 1.447500e+01
    endloop
  endfacet
  facet normal 0.000000e+00 0.000000e+00 -1.000000e+00
    outer loop
      vertex   -5.215928e+00 2.859492e+00 1.447500e+01
      vertex   -5.237492e+00 2.675000e+00 1.447500e+01
      vertex   -8.005599e+00 2.736569e+00 1.447500e+01
    endloop
  endfacet
  facet normal 0.000000e+00 0.000000e+00 -1.000000e+00
    outer loop
      vertex   -8.005599e+00 2.736569e+00 1.447500e+01
      vertex   -5.237492e+00 2.675000e+00 1.447500e+01
      vertex   -5.215928e+00 2.490507e+00 1.447500e+01
    endloop
  endfacet
  facet normal 0.000000e+00 0.000000e+00 -1.000000e+00
    outer loop
      vertex   -8.005599e+00 2.736569e+00 1.447500e+01
      vertex   -5.215928e+00 2.490507e+00 1.447500e+01
      vertex   -8.005599e+00 2.313431e+00 1.447500e+01
    endloop
  endfacet
  facet normal 0.000000e+00 0.000000e+00 -1.000000e+00
    outer loop
      vertex   -8.005599e+00 2.313431e+00 1.447500e+01
      vertex   -5.215928e+00 2.490507e+00 1.447500e+01
      vertex   -5.152399e+00 2.315960e+00 1.447500e+01
    endloop
  endfacet
  facet normal 0.000000e+00 -0.000000e+00 -1.000000e+00
    outer loop
      vertex   -8.005599e+00 2.313431e+00 1.447500e+01
      vertex   -5.152399e+00 2.315960e+00 1.447500e+01
      vertex   -8.050298e+00 1.892661e+00 1.447500e+01
    endloop
  endfacet
  facet normal 0.000000e+00 0.000000e+00 -1.000000e+00
    outer loop
      vertex   -8.050298e+00 1.892661e+00 1.447500e+01
      vertex   -5.152399e+00 2.315960e+00 1.447500e+01
      vertex   -5.050328e+00 2.160770e+00 1.447500e+01
    endloop
  endfacet
  facet normal 0.000000e+00 0.000000e+00 -1.000000e+00
    outer loop
      vertex   -8.050298e+00 1.892661e+00 1.447500e+01
      vertex   -5.050328e+00 2.160770e+00 1.447500e+01
      vertex   -4.915219e+00 2.033301e+00 1.447500e+01
    endloop
  endfacet
  facet normal 0.000000e+00 -0.000000e+00 -1.000000e+00
    outer loop
      vertex   -8.050298e+00 1.892661e+00 1.447500e+01
      vertex   -4.915219e+00 2.033301e+00 1.447500e+01
      vertex   -8.139195e+00 1.478966e+00 1.447500e+01
    endloop
  endfacet
  facet normal 0.000000e+00 0.000000e+00 -1.000000e+00
    outer loop
      vertex   -8.139195e+00 1.478966e+00 1.447500e+01
      vertex   -4.915219e+00 2.033301e+00 1.447500e+01
      vertex   -4.754356e+00 1.940427e+00 1.447500e+01
    endloop
  endfacet
  facet normal 0.000000e+00 -0.000000e+00 -1.000000e+00
    outer loop
      vertex   -8.139195e+00 1.478966e+00 1.447500e+01
      vertex   -4.754356e+00 1.940427e+00 1.447500e+01
      vertex   -8.271296e+00 1.076978e+00 1.447500e+01
    endloop
  endfacet
  facet normal 0.000000e+00 0.000000e+00 -1.000000e+00
    outer loop
      vertex   -8.271296e+00 1.076978e+00 1.447500e+01
      vertex   -4.754356e+00 1.940427e+00 1.447500e+01
      vertex   -4.576411e+00 1.887154e+00 1.447500e+01
    endloop
  endfacet
  facet normal -0.000000e+00 0.000000e+00 -1.000000e+00
    outer loop
      vertex   -4.576411e+00 3.462846e+00 1.447500e+01
      vertex   -4.754356e+00 3.409573e+00 1.447500e+01
      vertex   -8.445123e+00 4.358807e+00 1.447500e+01
    endloop
  endfacet
  facet normal 0.000000e+00 0.000000e+00 -1.000000e+00
    outer loop
      vertex   -8.445123e+00 4.358807e+00 1.447500e+01
      vertex   -4.754356e+00 3.409573e+00 1.447500e+01
      vertex   -8.271296e+00 3.973022e+00 1.447500e+01
    endloop
  endfacet
  facet normal 0.000000e+00 0.000000e+00 -1.000000e+00
    outer loop
      vertex   -8.271296e+00 3.973022e+00 1.447500e+01
      vertex   -4.754356e+00 3.409573e+00 1.447500e+01
      vertex   -4.915219e+00 3.316698e+00 1.447500e+01
    endloop
  endfacet
  facet normal 0.000000e+00 0.000000e+00 -1.000000e+00
    outer loop
      vertex   -8.271296e+00 3.973022e+00 1.447500e+01
      vertex   -4.915219e+00 3.316698e+00 1.447500e+01
      vertex   -8.139195e+00 3.571034e+00 1.447500e+01
    endloop
  endfacet
  facet normal 0.000000e+00 0.000000e+00 -1.000000e+00
    outer loop
      vertex   -8.139195e+00 3.571034e+00 1.447500e+01
      vertex   -4.915219e+00 3.316698e+00 1.447500e+01
      vertex   -5.050328e+00 3.189230e+00 1.447500e+01
    endloop
  endfacet
  facet normal 0.000000e+00 0.000000e+00 -1.000000e+00
    outer loop
      vertex   -8.139195e+00 3.571034e+00 1.447500e+01
      vertex   -5.050328e+00 3.189230e+00 1.447500e+01
      vertex   -8.050298e+00 3.157339e+00 1.447500e+01
    endloop
  endfacet
  facet normal 0.000000e+00 0.000000e+00 -1.000000e+00
    outer loop
      vertex   -8.050298e+00 3.157339e+00 1.447500e+01
      vertex   -5.050328e+00 3.189230e+00 1.447500e+01
      vertex   -5.152399e+00 3.034039e+00 1.447500e+01
    endloop
  endfacet
  facet normal 0.000000e+00 0.000000e+00 -1.000000e+00
    outer loop
      vertex   -8.050298e+00 3.157339e+00 1.447500e+01
      vertex   -5.152399e+00 3.034039e+00 1.447500e+01
      vertex   -5.215928e+00 2.859492e+00 1.447500e+01
    endloop
  endfacet
  facet normal 0.000000e+00 0.000000e+00 -1.000000e+00
    outer loop
      vertex   -8.050298e+00 3.157339e+00 1.447500e+01
      vertex   -5.215928e+00 2.859492e+00 1.447500e+01
      vertex   -8.005599e+00 2.736569e+00 1.447500e+01
    endloop
  endfacet
  facet normal -0.000000e+00 0.000000e+00 -1.000000e+00
    outer loop
      vertex   1.715641e-01 8.115507e+00 1.447500e+01
      vertex   -2.362132e+00 6.175000e+00 1.447500e+01
      vertex   1.500000e-01 8.300000e+00 1.447500e+01
    endloop
  endfacet
  facet normal -0.000000e+00 0.000000e+00 -1.000000e+00
    outer loop
      vertex   1.500000e-01 8.300000e+00 1.447500e+01
      vertex   -2.362132e+00 6.175000e+00 1.447500e+01
      vertex   -9.705209e+00 1.029996e+01 1.447500e+01
    endloop
  endfacet
  facet normal 0.000000e+00 0.000000e+00 -1.000000e+00
    outer loop
      vertex   1.500000e-01 8.300000e+00 1.447500e+01
      vertex   -9.705209e+00 1.029996e+01 1.447500e+01
      vertex   1.715641e-01 8.484493e+00 1.447500e+01
    endloop
  endfacet
  facet normal 0.000000e+00 0.000000e+00 -1.000000e+00
    outer loop
      vertex   1.715641e-01 8.484493e+00 1.447500e+01
      vertex   -9.705209e+00 1.029996e+01 1.447500e+01
      vertex   2.350939e-01 8.659039e+00 1.447500e+01
    endloop
  endfacet
  facet normal 0.000000e+00 0.000000e+00 -1.000000e+00
    outer loop
      vertex   2.350939e-01 8.659039e+00 1.447500e+01
      vertex   -9.705209e+00 1.029996e+01 1.447500e+01
      vertex   3.371644e-01 8.814230e+00 1.447500e+01
    endloop
  endfacet
  facet normal 0.000000e+00 0.000000e+00 -1.000000e+00
    outer loop
      vertex   3.371644e-01 8.814230e+00 1.447500e+01
      vertex   -9.705209e+00 1.029996e+01 1.447500e+01
      vertex   4.722731e-01 8.941699e+00 1.447500e+01
    endloop
  endfacet
  facet normal 0.000000e+00 0.000000e+00 -1.000000e+00
    outer loop
      vertex   4.722731e-01 8.941699e+00 1.447500e+01
      vertex   -9.705209e+00 1.029996e+01 1.447500e+01
      vertex   1.062629e+00 1.030000e+01 1.447500e+01
    endloop
  endfacet
  facet normal 0.000000e+00 0.000000e+00 -1.000000e+00
    outer loop
      vertex   4.722731e-01 8.941699e+00 1.447500e+01
      vertex   1.062629e+00 1.030000e+01 1.447500e+01
      vertex   6.331362e-01 9.034573e+00 1.447500e+01
    endloop
  endfacet
  facet normal 0.000000e+00 0.000000e+00 -1.000000e+00
    outer loop
      vertex   6.331362e-01 9.034573e+00 1.447500e+01
      vertex   1.062629e+00 1.030000e+01 1.447500e+01
      vertex   8.110815e-01 9.087846e+00 1.447500e+01
    endloop
  endfacet
  facet normal 0.000000e+00 0.000000e+00 -1.000000e+00
    outer loop
      vertex   8.110815e-01 9.087846e+00 1.447500e+01
      vertex   1.062629e+00 1.030000e+01 1.447500e+01
      vertex   9.965159e-01 9.098647e+00 1.447500e+01
    endloop
  endfacet
  facet normal 0.000000e+00 0.000000e+00 -1.000000e+00
    outer loop
      vertex   9.965159e-01 9.098647e+00 1.447500e+01
      vertex   1.062629e+00 1.030000e+01 1.447500e+01
      vertex   1.611843e+00 1.027842e+01 1.447500e+01
    endloop
  endfacet
  facet normal 0.000000e+00 0.000000e+00 -1.000000e+00
    outer loop
      vertex   9.965159e-01 9.098647e+00 1.447500e+01
      vertex   1.611843e+00 1.027842e+01 1.447500e+01
      vertex   1.179443e+00 9.066392e+00 1.447500e+01
    endloop
  endfacet
  facet normal 0.000000e+00 0.000000e+00 -1.000000e+00
    outer loop
      vertex   1.179443e+00 9.066392e+00 1.447500e+01
      vertex   1.611843e+00 1.027842e+01 1.447500e+01
      vertex   2.157671e+00 1.021382e+01 1.447500e+01
    endloop
  endfacet
  facet normal 0.000000e+00 0.000000e+00 -1.000000e+00
    outer loop
      vertex   1.179443e+00 9.066392e+00 1.447500e+01
      vertex   2.157671e+00 1.021382e+01 1.447500e+01
      vertex   2.696747e+00 1.010659e+01 1.447500e+01
    endloop
  endfacet
  facet normal 0.000000e+00 -0.000000e+00 -1.000000e+00
    outer loop
      vertex   1.715641e-01 8.115507e+00 1.447500e+01
      vertex   2.350939e-01 7.940961e+00 1.447500e+01
      vertex   -2.362132e+00 6.175000e+00 1.447500e+01
    endloop
  endfacet
  facet normal 0.000000e+00 0.000000e+00 -1.000000e+00
    outer loop
      vertex   -2.362132e+00 6.175000e+00 1.447500e+01
      vertex   2.350939e-01 7.940961e+00 1.447500e+01
      vertex   3.371644e-01 7.785770e+00 1.447500e+01
    endloop
  endfacet
  facet normal 0.000000e+00 0.000000e+00 -1.000000e+00
    outer loop
      vertex   -2.362132e+00 6.175000e+00 1.447500e+01
      vertex   3.371644e-01 7.785770e+00 1.447500e+01
      vertex   4.722731e-01 7.658301e+00 1.447500e+01
    endloop
  endfacet
  facet normal 0.000000e+00 -0.000000e+00 -1.000000e+00
    outer loop
      vertex   8.110815e-01 7.512154e+00 1.447500e+01
      vertex   9.965159e-01 7.501353e+00 1.447500e+01
      vertex   -8.000000e-01 6.175000e+00 1.447500e+01
    endloop
  endfacet
  facet normal 0.000000e+00 0.000000e+00 -1.000000e+00
    outer loop
      vertex   -8.000000e-01 6.175000e+00 1.447500e+01
      vertex   9.965159e-01 7.501353e+00 1.447500e+01
      vertex   2.700000e+00 6.175000e+00 1.447500e+01
    endloop
  endfacet
  facet normal 0.000000e+00 0.000000e+00 -1.000000e+00
    outer loop
      vertex   9.965159e-01 7.501353e+00 1.447500e+01
      vertex   1.179443e+00 7.533608e+00 1.447500e+01
      vertex   2.700000e+00 6.175000e+00 1.447500e+01
    endloop
  endfacet
  facet normal 0.000000e+00 0.000000e+00 -1.000000e+00
    outer loop
      vertex   2.700000e+00 6.175000e+00 1.447500e+01
      vertex   1.179443e+00 7.533608e+00 1.447500e+01
      vertex   1.350000e+00 7.607180e+00 1.447500e+01
    endloop
  endfacet
  facet normal 0.000000e+00 0.000000e+00 -1.000000e+00
    outer loop
      vertex   2.700000e+00 6.175000e+00 1.447500e+01
      vertex   1.350000e+00 7.607180e+00 1.447500e+01
      vertex   1.498993e+00 7.718101e+00 1.447500e+01
    endloop
  endfacet
  facet normal -0.000000e+00 0.000000e+00 -1.000000e+00
    outer loop
      vertex   5.177126e+00 8.963119e+00 1.447500e+01
      vertex   1.701754e+00 8.573616e+00 1.447500e+01
      vertex   4.720119e+00 9.268481e+00 1.447500e+01
    endloop
  endfacet
  facet normal 0.000000e+00 0.000000e+00 -1.000000e+00
    outer loop
      vertex   4.720119e+00 9.268481e+00 1.447500e+01
      vertex   1.701754e+00 8.573616e+00 1.447500e+01
      vertex   1.618390e+00 8.739607e+00 1.447500e+01
    endloop
  endfacet
  facet normal -0.000000e+00 0.000000e+00 -1.000000e+00
    outer loop
      vertex   4.720119e+00 9.268481e+00 1.447500e+01
      vertex   1.618390e+00 8.739607e+00 1.447500e+01
      vertex   4.240563e+00 9.537046e+00 1.447500e+01
    endloop
  endfacet
  facet normal 0.000000e+00 0.000000e+00 -1.000000e+00
    outer loop
      vertex   4.240563e+00 9.537046e+00 1.447500e+01
      vertex   1.618390e+00 8.739607e+00 1.447500e+01
      vertex   1.498993e+00 8.881899e+00 1.447500e+01
    endloop
  endfacet
  facet normal -0.000000e+00 0.000000e+00 -1.000000e+00
    outer loop
      vertex   4.240563e+00 9.537046e+00 1.447500e+01
      vertex   1.498993e+00 8.881899e+00 1.447500e+01
      vertex   3.741413e+00 9.767157e+00 1.447500e+01
    endloop
  endfacet
  facet normal -0.000000e+00 0.000000e+00 -1.000000e+00
    outer loop
      vertex   3.741413e+00 9.767157e+00 1.447500e+01
      vertex   1.498993e+00 8.881899e+00 1.447500e+01
      vertex   3.225748e+00 9.957396e+00 1.447500e+01
    endloop
  endfacet
  facet normal 0.000000e+00 0.000000e+00 -1.000000e+00
    outer loop
      vertex   3.225748e+00 9.957396e+00 1.447500e+01
      vertex   1.498993e+00 8.881899e+00 1.447500e+01
      vertex   1.350000e+00 8.992820e+00 1.447500e+01
    endloop
  endfacet
  facet normal -0.000000e+00 0.000000e+00 -1.000000e+00
    outer loop
      vertex   3.225748e+00 9.957396e+00 1.447500e+01
      vertex   1.350000e+00 8.992820e+00 1.447500e+01
      vertex   2.696747e+00 1.010659e+01 1.447500e+01
    endloop
  endfacet
  facet normal 0.000000e+00 0.000000e+00 -1.000000e+00
    outer loop
      vertex   2.696747e+00 1.010659e+01 1.447500e+01
      vertex   1.350000e+00 8.992820e+00 1.447500e+01
      vertex   1.179443e+00 9.066392e+00 1.447500e+01
    endloop
  endfacet
  facet normal 0.000000e+00 0.000000e+00 -1.000000e+00
    outer loop
      vertex   -1.383872e+01 -5.229097e+00 1.447500e+01
      vertex   -1.227829e+01 -1.465308e+00 1.447500e+01
      vertex   -1.329816e+01 -5.250000e+00 1.447500e+01
    endloop
  endfacet
  facet normal 0.000000e+00 0.000000e+00 -1.000000e+00
    outer loop
      vertex   -1.329816e+01 -5.250000e+00 1.447500e+01
      vertex   -1.227829e+01 -1.465308e+00 1.447500e+01
      vertex   -1.185521e+01 -1.472379e+00 1.447500e+01
    endloop
  endfacet
  facet normal 0.000000e+00 0.000000e+00 -1.000000e+00
    outer loop
      vertex   -1.329816e+01 -5.250000e+00 1.447500e+01
      vertex   -1.185521e+01 -1.472379e+00 1.447500e+01
      vertex   -1.143375e+01 -1.434717e+00 1.447500e+01
    endloop
  endfacet
  facet normal 0.000000e+00 0.000000e+00 -1.000000e+00
    outer loop
      vertex   -1.383872e+01 -5.229097e+00 1.447500e+01
      vertex   -1.437605e+01 -5.166513e+00 1.447500e+01
      vertex   -1.227829e+01 -1.465308e+00 1.447500e+01
    endloop
  endfacet
  facet normal 0.000000e+00 0.000000e+00 -1.000000e+00
    outer loop
      vertex   -1.227829e+01 -1.465308e+00 1.447500e+01
      vertex   -1.437605e+01 -5.166513e+00 1.447500e+01
      vertex   -1.490694e+01 -5.062621e+00 1.447500e+01
    endloop
  endfacet
  facet normal 0.000000e+00 0.000000e+00 -1.000000e+00
    outer loop
      vertex   -1.227829e+01 -1.465308e+00 1.447500e+01
      vertex   -1.490694e+01 -5.062621e+00 1.447500e+01
      vertex   -1.542823e+01 -4.918042e+00 1.447500e+01
    endloop
  endfacet
  facet normal 0.000000e+00 0.000000e+00 -1.000000e+00
    outer loop
      vertex   -1.542823e+01 -4.918042e+00 1.447500e+01
      vertex   -1.593680e+01 -4.733639e+00 1.447500e+01
      vertex   -1.227829e+01 -1.465308e+00 1.447500e+01
    endloop
  endfacet
  facet normal -0.000000e+00 0.000000e+00 -1.000000e+00
    outer loop
      vertex   -1.227829e+01 -1.465308e+00 1.447500e+01
      vertex   -1.593680e+01 -4.733639e+00 1.447500e+01
      vertex   -1.269825e+01 -1.413584e+00 1.447500e+01
    endloop
  endfacet
  facet normal 0.000000e+00 0.000000e+00 -1.000000e+00
    outer loop
      vertex   -1.269825e+01 -1.413584e+00 1.447500e+01
      vertex   -1.593680e+01 -4.733639e+00 1.447500e+01
      vertex   -1.642960e+01 -4.510515e+00 1.447500e+01
    endloop
  endfacet
  facet normal 0.000000e+00 0.000000e+00 -1.000000e+00
    outer loop
      vertex   -1.269825e+01 -1.413584e+00 1.447500e+01
      vertex   -1.642960e+01 -4.510515e+00 1.447500e+01
      vertex   -1.690371e+01 -4.250000e+00 1.447500e+01
    endloop
  endfacet
  facet normal -0.000000e+00 0.000000e+00 -1.000000e+00
    outer loop
      vertex   -1.269825e+01 -1.413584e+00 1.447500e+01
      vertex   -1.690371e+01 -4.250000e+00 1.447500e+01
      vertex   -1.311040e+01 -1.317786e+00 1.447500e+01
    endloop
  endfacet
  facet normal 0.000000e+00 0.000000e+00 -1.000000e+00
    outer loop
      vertex   -1.311040e+01 -1.317786e+00 1.447500e+01
      vertex   -1.690371e+01 -4.250000e+00 1.447500e+01
      vertex   -1.737781e+01 -3.989486e+00 1.447500e+01
    endloop
  endfacet
  facet normal -0.000000e+00 0.000000e+00 -1.000000e+00
    outer loop
      vertex   -1.311040e+01 -1.317786e+00 1.447500e+01
      vertex   -1.737781e+01 -3.989486e+00 1.447500e+01
      vertex   -1.351013e+01 -1.178986e+00 1.447500e+01
    endloop
  endfacet
  facet normal 0.000000e+00 0.000000e+00 -1.000000e+00
    outer loop
      vertex   -1.351013e+01 -1.178986e+00 1.447500e+01
      vertex   -1.737781e+01 -3.989486e+00 1.447500e+01
      vertex   -1.787062e+01 -3.766361e+00 1.447500e+01
    endloop
  endfacet
  facet normal -0.000000e+00 0.000000e+00 -1.000000e+00
    outer loop
      vertex   -1.351013e+01 -1.178986e+00 1.447500e+01
      vertex   -1.787062e+01 -3.766361e+00 1.447500e+01
      vertex   -1.389296e+01 -9.987365e-01 1.447500e+01
    endloop
  endfacet
  facet normal 0.000000e+00 0.000000e+00 -1.000000e+00
    outer loop
      vertex   -1.389296e+01 -9.987365e-01 1.447500e+01
      vertex   -1.787062e+01 -3.766361e+00 1.447500e+01
      vertex   -1.837918e+01 -3.581958e+00 1.447500e+01
    endloop
  endfacet
  facet normal -0.000000e+00 0.000000e+00 -1.000000e+00
    outer loop
      vertex   -1.389296e+01 -9.987365e-01 1.447500e+01
      vertex   -1.837918e+01 -3.581958e+00 1.447500e+01
      vertex   -1.425460e+01 -7.790556e-01 1.447500e+01
    endloop
  endfacet
  facet normal 0.000000e+00 0.000000e+00 -1.000000e+00
    outer loop
      vertex   -1.425460e+01 -7.790556e-01 1.447500e+01
      vertex   -1.837918e+01 -3.581958e+00 1.447500e+01
      vertex   -1.890047e+01 -3.437380e+00 1.447500e+01
    endloop
  endfacet
  facet normal -0.000000e+00 0.000000e+00 -1.000000e+00
    outer loop
      vertex   -1.425460e+01 -7.790556e-01 1.447500e+01
      vertex   -1.890047e+01 -3.437380e+00 1.447500e+01
      vertex   -1.459101e+01 -5.224011e-01 1.447500e+01
    endloop
  endfacet
  facet normal 0.000000e+00 0.000000e+00 -1.000000e+00
    outer loop
      vertex   -1.459101e+01 -5.224011e-01 1.447500e+01
      vertex   -1.890047e+01 -3.437380e+00 1.447500e+01
      vertex   -1.943136e+01 -3.333488e+00 1.447500e+01
    endloop
  endfacet
  facet normal 0.000000e+00 0.000000e+00 -1.000000e+00
    outer loop
      vertex   -1.459101e+01 -5.224011e-01 1.447500e+01
      vertex   -1.943136e+01 -3.333488e+00 1.447500e+01
      vertex   -2.251772e+01 -1.434319e+00 1.447500e+01
    endloop
  endfacet
  facet normal 0.000000e+00 0.000000e+00 -1.000000e+00
    outer loop
      vertex   -2.251772e+01 -1.434319e+00 1.447500e+01
      vertex   -1.943136e+01 -3.333488e+00 1.447500e+01
      vertex   -2.250000e+01 -1.664214e+00 1.447500e+01
    endloop
  endfacet
  facet normal 0.000000e+00 0.000000e+00 -1.000000e+00
    outer loop
      vertex   -2.250000e+01 -1.664214e+00 1.447500e+01
      vertex   -1.943136e+01 -3.333488e+00 1.447500e+01
      vertex   -1.996870e+01 -3.270903e+00 1.447500e+01
    endloop
  endfacet
  facet normal 0.000000e+00 0.000000e+00 -1.000000e+00
    outer loop
      vertex   -2.250000e+01 -1.664214e+00 1.447500e+01
      vertex   -1.996870e+01 -3.270903e+00 1.447500e+01
      vertex   -2.050926e+01 -3.250000e+00 1.447500e+01
    endloop
  endfacet
  facet normal 0.000000e+00 0.000000e+00 -1.000000e+00
    outer loop
      vertex   -2.050926e+01 -3.250000e+00 1.447500e+01
      vertex   -2.250000e+01 -3.250000e+00 1.447500e+01
      vertex   -2.250000e+01 -1.664214e+00 1.447500e+01
    endloop
  endfacet
  facet normal -0.000000e+00 0.000000e+00 -1.000000e+00
    outer loop
      vertex   -1.459101e+01 -5.224011e-01 1.447500e+01
      vertex   -2.251772e+01 -1.434319e+00 1.447500e+01
      vertex   -1.489843e+01 -2.316452e-01 1.447500e+01
    endloop
  endfacet
  facet normal 0.000000e+00 0.000000e+00 -1.000000e+00
    outer loop
      vertex   -1.489843e+01 -2.316452e-01 1.447500e+01
      vertex   -2.251772e+01 -1.434319e+00 1.447500e+01
      vertex   -2.257047e+01 -1.209856e+00 1.447500e+01
    endloop
  endfacet
  facet normal -0.000000e+00 0.000000e+00 -1.000000e+00
    outer loop
      vertex   -1.489843e+01 -2.316452e-01 1.447500e+01
      vertex   -2.257047e+01 -1.209856e+00 1.447500e+01
      vertex   -1.517342e+01 8.995864e-02 1.447500e+01
    endloop
  endfacet
  facet normal 0.000000e+00 0.000000e+00 -1.000000e+00
    outer loop
      vertex   -1.517342e+01 8.995864e-02 1.447500e+01
      vertex   -2.257047e+01 -1.209856e+00 1.447500e+01
      vertex   -2.265699e+01 -9.961288e-01 1.447500e+01
    endloop
  endfacet
  facet normal 0.000000e+00 0.000000e+00 -1.000000e+00
    outer loop
      vertex   -1.517342e+01 8.995864e-02 1.447500e+01
      vertex   -2.265699e+01 -9.961288e-01 1.447500e+01
      vertex   -2.277526e+01 -7.981884e-01 1.447500e+01
    endloop
  endfacet
  facet normal -0.000000e+00 0.000000e+00 -1.000000e+00
    outer loop
      vertex   -1.517342e+01 8.995864e-02 1.447500e+01
      vertex   -2.277526e+01 -7.981884e-01 1.447500e+01
      vertex   -1.541289e+01 4.388114e-01 1.447500e+01
    endloop
  endfacet
  facet normal 0.000000e+00 0.000000e+00 -1.000000e+00
    outer loop
      vertex   -1.541289e+01 4.388114e-01 1.447500e+01
      vertex   -2.277526e+01 -7.981884e-01 1.447500e+01
      vertex   -2.292246e+01 -6.207115e-01 1.447500e+01
    endloop
  endfacet
  facet normal -0.000000e+00 0.000000e+00 -1.000000e+00
    outer loop
      vertex   -1.541289e+01 4.388114e-01 1.447500e+01
      vertex   -2.292246e+01 -6.207115e-01 1.447500e+01
      vertex   -1.561417e+01 8.110094e-01 1.447500e+01
    endloop
  endfacet
  facet normal 0.000000e+00 0.000000e+00 -1.000000e+00
    outer loop
      vertex   -1.561417e+01 8.110094e-01 1.447500e+01
      vertex   -2.292246e+01 -6.207115e-01 1.447500e+01
      vertex   -2.309512e+01 -4.678918e-01 1.447500e+01
    endloop
  endfacet
  facet normal -0.000000e+00 0.000000e+00 -1.000000e+00
    outer loop
      vertex   -1.561417e+01 8.110094e-01 1.447500e+01
      vertex   -2.309512e+01 -4.678918e-01 1.447500e+01
      vertex   -1.577501e+01 1.202388e+00 1.447500e+01
    endloop
  endfacet
  facet normal 0.000000e+00 0.000000e+00 -1.000000e+00
    outer loop
      vertex   -1.577501e+01 1.202388e+00 1.447500e+01
      vertex   -2.309512e+01 -4.678918e-01 1.447500e+01
      vertex   -2.328916e+01 -3.433404e-01 1.447500e+01
    endloop
  endfacet
  facet normal -0.000000e+00 0.000000e+00 -1.000000e+00
    outer loop
      vertex   -1.577501e+01 1.202388e+00 1.447500e+01
      vertex   -2.328916e+01 -3.433404e-01 1.447500e+01
      vertex   -2.350000e+01 2.025000e+00 1.447500e+01
    endloop
  endfacet
  facet normal 0.000000e+00 0.000000e+00 -1.000000e+00
    outer loop
      vertex   -2.350000e+01 2.025000e+00 1.447500e+01
      vertex   -2.328916e+01 -3.433404e-01 1.447500e+01
      vertex   -2.350000e+01 -2.500002e-01 1.447500e+01
    endloop
  endfacet
  facet normal -0.000000e+00 -0.000000e+00 -1.000000e+00
    outer loop
      vertex   -1.596863e+01 2.025000e+00 1.447500e+01
      vertex   -1.589360e+01 1.608566e+00 1.447500e+01
      vertex   -2.350000e+01 2.025000e+00 1.447500e+01
    endloop
  endfacet
  facet normal 0.000000e+00 0.000000e+00 -1.000000e+00
    outer loop
      vertex   -2.350000e+01 2.025000e+00 1.447500e+01
      vertex   -1.589360e+01 1.608566e+00 1.447500e+01
      vertex   -1.577501e+01 1.202388e+00 1.447500e+01
    endloop
  endfacet
  facet normal 0.000000e+00 -0.000000e+00 -1.000000e+00
    outer loop
      vertex   -1.143375e+01 -1.434717e+00 1.447500e+01
      vertex   -1.101863e+01 -1.352746e+00 1.447500e+01
      vertex   -1.329816e+01 -5.250000e+00 1.447500e+01
    endloop
  endfacet
  facet normal 0.000000e+00 0.000000e+00 -1.000000e+00
    outer loop
      vertex   -1.329816e+01 -5.250000e+00 1.447500e+01
      vertex   -1.101863e+01 -1.352746e+00 1.447500e+01
      vertex   -1.061449e+01 -1.227381e+00 1.447500e+01
    endloop
  endfacet
  facet normal 0.000000e+00 0.000000e+00 -1.000000e+00
    outer loop
      vertex   -9.512269e+00 -6.072823e-01 1.447500e+01
      vertex   -9.195305e+00 -3.269617e-01 1.447500e+01
      vertex   -2.600000e+00 -7.876525e-01 1.447500e+01
    endloop
  endfacet
  facet normal 0.000000e+00 0.000000e+00 -1.000000e+00
    outer loop
      vertex   -2.600000e+00 -7.876525e-01 1.447500e+01
      vertex   -9.195305e+00 -3.269617e-01 1.447500e+01
      vertex   -8.909727e+00 -1.472660e-02 1.447500e+01
    endloop
  endfacet
  facet normal 0.000000e+00 0.000000e+00 -1.000000e+00
    outer loop
      vertex   -2.600000e+00 -7.876525e-01 1.447500e+01
      vertex   -8.909727e+00 -1.472660e-02 1.447500e+01
      vertex   -8.658730e+00 3.259289e-01 1.447500e+01
    endloop
  endfacet
  facet normal 0.000000e+00 0.000000e+00 -1.000000e+00
    outer loop
      vertex   -8.658730e+00 3.259289e-01 1.447500e+01
      vertex   -8.445123e+00 6.911929e-01 1.447500e+01
      vertex   -2.600000e+00 -7.876525e-01 1.447500e+01
    endloop
  endfacet
  facet normal 0.000000e+00 0.000000e+00 -1.000000e+00
    outer loop
      vertex   -9.857071e+00 5.902552e+00 1.447500e+01
      vertex   -1.022585e+01 6.110025e+00 1.447500e+01
      vertex   -2.362132e+00 6.175000e+00 1.447500e+01
    endloop
  endfacet
  facet normal -0.000000e+00 0.000000e+00 -1.000000e+00
    outer loop
      vertex   -2.362132e+00 6.175000e+00 1.447500e+01
      vertex   -1.022585e+01 6.110025e+00 1.447500e+01
      vertex   -9.705209e+00 1.029996e+01 1.447500e+01
    endloop
  endfacet
  facet normal 0.000000e+00 0.000000e+00 -1.000000e+00
    outer loop
      vertex   -1.022585e+01 6.110025e+00 1.447500e+01
      vertex   -1.061449e+01 6.277381e+00 1.447500e+01
      vertex   -9.705209e+00 1.029996e+01 1.447500e+01
    endloop
  endfacet
  facet normal 0.000000e+00 0.000000e+00 -1.000000e+00
    outer loop
      vertex   -9.705209e+00 1.029996e+01 1.447500e+01
      vertex   -1.061449e+01 6.277381e+00 1.447500e+01
      vertex   -1.101863e+01 6.402746e+00 1.447500e+01
    endloop
  endfacet
  facet normal 0.000000e+00 0.000000e+00 -1.000000e+00
    outer loop
      vertex   -9.705209e+00 1.029996e+01 1.447500e+01
      vertex   -1.101863e+01 6.402746e+00 1.447500e+01
      vertex   -1.143375e+01 6.484717e+00 1.447500e+01
    endloop
  endfacet
  facet normal -0.000000e+00 0.000000e+00 -1.000000e+00
    outer loop
      vertex   -9.705209e+00 1.029996e+01 1.447500e+01
      vertex   -1.143375e+01 6.484717e+00 1.447500e+01
      vertex   -9.726498e+00 1.030000e+01 1.447500e+01
    endloop
  endfacet
  facet normal 0.000000e+00 0.000000e+00 -1.000000e+00
    outer loop
      vertex   -9.726498e+00 1.030000e+01 1.447500e+01
      vertex   -1.143375e+01 6.484717e+00 1.447500e+01
      vertex   -1.185521e+01 6.522379e+00 1.447500e+01
    endloop
  endfacet
  facet normal -0.000000e+00 0.000000e+00 -1.000000e+00
    outer loop
      vertex   -9.726498e+00 1.030000e+01 1.447500e+01
      vertex   -1.185521e+01 6.522379e+00 1.447500e+01
      vertex   -1.327350e+01 1.030000e+01 1.447500e+01
    endloop
  endfacet
  facet normal 0.000000e+00 0.000000e+00 -1.000000e+00
    outer loop
      vertex   -1.327350e+01 1.030000e+01 1.447500e+01
      vertex   -1.185521e+01 6.522379e+00 1.447500e+01
      vertex   -1.227829e+01 6.515308e+00 1.447500e+01
    endloop
  endfacet
  facet normal 0.000000e+00 -0.000000e+00 -1.000000e+00
    outer loop
      vertex   -1.327350e+01 1.030000e+01 1.447500e+01
      vertex   -1.227829e+01 6.515308e+00 1.447500e+01
      vertex   -1.524429e+01 9.967098e+00 1.447500e+01
    endloop
  endfacet
  facet normal 0.000000e+00 -0.000000e+00 -1.000000e+00
    outer loop
      vertex   -1.524429e+01 9.967098e+00 1.447500e+01
      vertex   -1.227829e+01 6.515308e+00 1.447500e+01
      vertex   -1.571100e+01 9.782571e+00 1.447500e+01
    endloop
  endfacet
  facet normal 0.000000e+00 -0.000000e+00 -1.000000e+00
    outer loop
      vertex   -1.571100e+01 9.782571e+00 1.447500e+01
      vertex   -1.227829e+01 6.515308e+00 1.447500e+01
      vertex   -1.616067e+01 9.559685e+00 1.447500e+01
    endloop
  endfacet
  facet normal 0.000000e+00 0.000000e+00 -1.000000e+00
    outer loop
      vertex   -1.616067e+01 9.559685e+00 1.447500e+01
      vertex   -1.227829e+01 6.515308e+00 1.447500e+01
      vertex   -1.269825e+01 6.463584e+00 1.447500e+01
    endloop
  endfacet
  facet normal 0.000000e+00 -0.000000e+00 -1.000000e+00
    outer loop
      vertex   -1.616067e+01 9.559685e+00 1.447500e+01
      vertex   -1.269825e+01 6.463584e+00 1.447500e+01
      vertex   -1.659013e+01 9.300000e+00 1.447500e+01
    endloop
  endfacet
  facet normal 0.000000e+00 -0.000000e+00 -1.000000e+00
    outer loop
      vertex   -1.659013e+01 9.300000e+00 1.447500e+01
      vertex   -1.269825e+01 6.463584e+00 1.447500e+01
      vertex   -1.701959e+01 9.040315e+00 1.447500e+01
    endloop
  endfacet
  facet normal 0.000000e+00 0.000000e+00 -1.000000e+00
    outer loop
      vertex   -1.701959e+01 9.040315e+00 1.447500e+01
      vertex   -1.269825e+01 6.463584e+00 1.447500e+01
      vertex   -1.311040e+01 6.367786e+00 1.447500e+01
    endloop
  endfacet
  facet normal 0.000000e+00 -0.000000e+00 -1.000000e+00
    outer loop
      vertex   -1.701959e+01 9.040315e+00 1.447500e+01
      vertex   -1.311040e+01 6.367786e+00 1.447500e+01
      vertex   -1.746925e+01 8.817429e+00 1.447500e+01
    endloop
  endfacet
  facet normal 0.000000e+00 0.000000e+00 -1.000000e+00
    outer loop
      vertex   -1.746925e+01 8.817429e+00 1.447500e+01
      vertex   -1.311040e+01 6.367786e+00 1.447500e+01
      vertex   -1.351013e+01 6.228986e+00 1.447500e+01
    endloop
  endfacet
  facet normal 0.000000e+00 -0.000000e+00 -1.000000e+00
    outer loop
      vertex   -1.746925e+01 8.817429e+00 1.447500e+01
      vertex   -1.351013e+01 6.228986e+00 1.447500e+01
      vertex   -1.793596e+01 8.632902e+00 1.447500e+01
    endloop
  endfacet
  facet normal 0.000000e+00 0.000000e+00 -1.000000e+00
    outer loop
      vertex   -1.793596e+01 8.632902e+00 1.447500e+01
      vertex   -1.351013e+01 6.228986e+00 1.447500e+01
      vertex   -1.389296e+01 6.048737e+00 1.447500e+01
    endloop
  endfacet
  facet normal 0.000000e+00 -0.000000e+00 -1.000000e+00
    outer loop
      vertex   -1.793596e+01 8.632902e+00 1.447500e+01
      vertex   -1.389296e+01 6.048737e+00 1.447500e+01
      vertex   -1.841647e+01 8.488025e+00 1.447500e+01
    endloop
  endfacet
  facet normal 0.000000e+00 0.000000e+00 -1.000000e+00
    outer loop
      vertex   -1.841647e+01 8.488025e+00 1.447500e+01
      vertex   -1.389296e+01 6.048737e+00 1.447500e+01
      vertex   -1.425460e+01 5.829056e+00 1.447500e+01
    endloop
  endfacet
  facet normal 0.000000e+00 -0.000000e+00 -1.000000e+00
    outer loop
      vertex   -1.841647e+01 8.488025e+00 1.447500e+01
      vertex   -1.425460e+01 5.829056e+00 1.447500e+01
      vertex   -1.890740e+01 8.383811e+00 1.447500e+01
    endloop
  endfacet
  facet normal 0.000000e+00 0.000000e+00 -1.000000e+00
    outer loop
      vertex   -1.890740e+01 8.383811e+00 1.447500e+01
      vertex   -1.425460e+01 5.829056e+00 1.447500e+01
      vertex   -1.459101e+01 5.572401e+00 1.447500e+01
    endloop
  endfacet
  facet normal 0.000000e+00 -0.000000e+00 -1.000000e+00
    outer loop
      vertex   -1.890740e+01 8.383811e+00 1.447500e+01
      vertex   -1.459101e+01 5.572401e+00 1.447500e+01
      vertex   -1.940532e+01 8.320989e+00 1.447500e+01
    endloop
  endfacet
  facet normal 0.000000e+00 0.000000e+00 -1.000000e+00
    outer loop
      vertex   -1.940532e+01 8.320989e+00 1.447500e+01
      vertex   -1.459101e+01 5.572401e+00 1.447500e+01
      vertex   -1.489843e+01 5.281645e+00 1.447500e+01
    endloop
  endfacet
  facet normal 0.000000e+00 -0.000000e+00 -1.000000e+00
    outer loop
      vertex   -1.940532e+01 8.320989e+00 1.447500e+01
      vertex   -1.489843e+01 5.281645e+00 1.447500e+01
      vertex   -1.990675e+01 8.300000e+00 1.447500e+01
    endloop
  endfacet
  facet normal 0.000000e+00 0.000000e+00 -1.000000e+00
    outer loop
      vertex   -1.990675e+01 8.300000e+00 1.447500e+01
      vertex   -1.489843e+01 5.281645e+00 1.447500e+01
      vertex   -1.517342e+01 4.960041e+00 1.447500e+01
    endloop
  endfacet
  facet normal 0.000000e+00 0.000000e+00 -1.000000e+00
    outer loop
      vertex   -1.990675e+01 8.300000e+00 1.447500e+01
      vertex   -1.517342e+01 4.960041e+00 1.447500e+01
      vertex   -1.541289e+01 4.611189e+00 1.447500e+01
    endloop
  endfacet
  facet normal 0.000000e+00 -0.000000e+00 -1.000000e+00
    outer loop
      vertex   -1.990675e+01 8.300000e+00 1.447500e+01
      vertex   -1.541289e+01 4.611189e+00 1.447500e+01
      vertex   -2.350000e+01 3.025000e+00 1.447500e+01
    endloop
  endfacet
  facet normal 0.000000e+00 0.000000e+00 -1.000000e+00
    outer loop
      vertex   -2.350000e+01 3.025000e+00 1.447500e+01
      vertex   -1.541289e+01 4.611189e+00 1.447500e+01
      vertex   -1.561417e+01 4.238991e+00 1.447500e+01
    endloop
  endfacet
  facet normal 0.000000e+00 0.000000e+00 -1.000000e+00
    outer loop
      vertex   -2.350000e+01 3.025000e+00 1.447500e+01
      vertex   -1.561417e+01 4.238991e+00 1.447500e+01
      vertex   -1.577501e+01 3.847612e+00 1.447500e+01
    endloop
  endfacet
  facet normal 0.000000e+00 0.000000e+00 -1.000000e+00
    outer loop
      vertex   -1.577501e+01 3.847612e+00 1.447500e+01
      vertex   -1.589360e+01 3.441434e+00 1.447500e+01
      vertex   -2.350000e+01 3.025000e+00 1.447500e+01
    endloop
  endfacet
  facet normal 0.000000e+00 0.000000e+00 -1.000000e+00
    outer loop
      vertex   -2.350000e+01 3.025000e+00 1.447500e+01
      vertex   -1.589360e+01 3.441434e+00 1.447500e+01
      vertex   -1.596863e+01 3.025000e+00 1.447500e+01
    endloop
  endfacet
  facet normal 0.000000e+00 0.000000e+00 -1.000000e+00
    outer loop
      vertex   -2.350000e+01 3.025000e+00 1.447500e+01
      vertex   -2.350000e+01 8.300000e+00 1.447500e+01
      vertex   -1.990675e+01 8.300000e+00 1.447500e+01
    endloop
  endfacet
  facet normal 0.000000e+00 0.000000e+00 -1.000000e+00
    outer loop
      vertex   -1.524429e+01 9.967098e+00 1.447500e+01
      vertex   -1.476379e+01 1.011198e+01 1.447500e+01
      vertex   -1.327350e+01 1.030000e+01 1.447500e+01
    endloop
  endfacet
  facet normal 0.000000e+00 0.000000e+00 -1.000000e+00
    outer loop
      vertex   -1.327350e+01 1.030000e+01 1.447500e+01
      vertex   -1.476379e+01 1.011198e+01 1.447500e+01
      vertex   -1.427285e+01 1.021619e+01 1.447500e+01
    endloop
  endfacet
  facet normal 0.000000e+00 0.000000e+00 -1.000000e+00
    outer loop
      vertex   -1.327350e+01 1.030000e+01 1.447500e+01
      vertex   -1.427285e+01 1.021619e+01 1.447500e+01
      vertex   -1.377493e+01 1.027901e+01 1.447500e+01
    endloop
  endfacet
  facet normal -0.000000e+00 -0.000000e+00 -1.000000e+00
    outer loop
      vertex   -9.719402e+00 1.030000e+01 1.447500e+01
      vertex   -9.712306e+00 1.029998e+01 1.447500e+01
      vertex   -9.726498e+00 1.030000e+01 1.447500e+01
    endloop
  endfacet
  facet normal 0.000000e+00 0.000000e+00 -1.000000e+00
    outer loop
      vertex   -9.726498e+00 1.030000e+01 1.447500e+01
      vertex   -9.712306e+00 1.029998e+01 1.447500e+01
      vertex   -9.705209e+00 1.029996e+01 1.447500e+01
    endloop
  endfacet
  facet normal 0.000000e+00 0.000000e+00 -1.000000e+00
    outer loop
      vertex   -9.705209e+00 1.029996e+01 1.447500e+01
      vertex   -9.705209e+00 1.030000e+01 1.447500e+01
      vertex   1.062629e+00 1.030000e+01 1.447500e+01
    endloop
  endfacet
  facet normal 0.000000e+00 -0.000000e+00 -1.000000e+00
    outer loop
      vertex   6.385471e+00 7.846136e+00 1.447500e+01
      vertex   6.725748e+00 7.414497e+00 1.447500e+01
      vertex   4.500000e+00 6.175000e+00 1.447500e+01
    endloop
  endfacet
  facet normal 0.000000e+00 0.000000e+00 -1.000000e+00
    outer loop
      vertex   4.500000e+00 6.175000e+00 1.447500e+01
      vertex   6.725748e+00 7.414497e+00 1.447500e+01
      vertex   7.031111e+00 6.957490e+00 1.447500e+01
    endloop
  endfacet
  facet normal 0.000000e+00 0.000000e+00 -1.000000e+00
    outer loop
      vertex   4.500000e+00 6.175000e+00 1.447500e+01
      vertex   7.031111e+00 6.957490e+00 1.447500e+01
      vertex   7.299675e+00 6.477933e+00 1.447500e+01
    endloop
  endfacet
  facet normal 0.000000e+00 -0.000000e+00 -1.000000e+00
    outer loop
      vertex   7.299675e+00 6.477933e+00 1.447500e+01
      vertex   7.529786e+00 5.978784e+00 1.447500e+01
      vertex   4.500000e+00 6.175000e+00 1.447500e+01
    endloop
  endfacet
  facet normal 0.000000e+00 0.000000e+00 -1.000000e+00
    outer loop
      vertex   4.500000e+00 6.175000e+00 1.447500e+01
      vertex   7.529786e+00 5.978784e+00 1.447500e+01
      vertex   7.720025e+00 5.463119e+00 1.447500e+01
    endloop
  endfacet
  facet normal 0.000000e+00 0.000000e+00 -1.000000e+00
    outer loop
      vertex   4.500000e+00 6.175000e+00 1.447500e+01
      vertex   7.720025e+00 5.463119e+00 1.447500e+01
      vertex   7.869219e+00 4.934118e+00 1.447500e+01
    endloop
  endfacet
  facet normal -1.000000e+00 1.377609e-15 -9.747207e-16
    outer loop
      vertex   -2.600000e+00 4.772959e+00 1.310818e+01
      vertex   -2.600000e+00 3.447699e+00 1.305757e+01
      vertex   -2.600000e+00 4.772959e+00 1.447500e+01
    endloop
  endfacet
  facet normal -1.000000e+00 1.257747e-16 1.957093e-16
    outer loop
      vertex   -2.600000e+00 4.772959e+00 1.447500e+01
      vertex   -2.600000e+00 3.447699e+00 1.305757e+01
      vertex   -2.600000e+00 3.247783e+00 1.318604e+01
    endloop
  endfacet
  facet normal -1.000000e+00 9.359431e-17 2.337873e-16
    outer loop
      vertex   -2.600000e+00 4.772959e+00 1.447500e+01
      vertex   -2.600000e+00 3.247783e+00 1.318604e+01
      vertex   -2.600000e+00 3.027165e+00 1.327437e+01
    endloop
  endfacet
  facet normal -1.000000e+00 1.288763e-15 1.351616e-15
    outer loop
      vertex   -2.600000e+00 3.447699e+00 1.305757e+01
      vertex   -2.600000e+00 4.772959e+00 1.310818e+01
      vertex   -2.600000e+00 3.619687e+00 1.289358e+01
    endloop
  endfacet
  facet normal -1.000000e+00 1.635356e-15 -5.109548e-16
    outer loop
      vertex   -2.600000e+00 3.619687e+00 1.289358e+01
      vertex   -2.600000e+00 4.772959e+00 1.310818e+01
      vertex   -2.600000e+00 4.718805e+00 1.293485e+01
    endloop
  endfacet
  facet normal -1.000000e+00 1.574070e-15 1.120890e-15
    outer loop
      vertex   -2.600000e+00 3.619687e+00 1.289358e+01
      vertex   -2.600000e+00 4.718805e+00 1.293485e+01
      vertex   -2.600000e+00 3.757532e+00 1.270000e+01
    endloop
  endfacet
  facet normal -1.000000e+00 1.934768e-15 -3.554669e-16
    outer loop
      vertex   -2.600000e+00 3.757532e+00 1.270000e+01
      vertex   -2.600000e+00 4.718805e+00 1.293485e+01
      vertex   -2.600000e+00 4.685991e+00 1.275626e+01
    endloop
  endfacet
  facet normal -1.000000e+00 1.861715e-15 8.502168e-16
    outer loop
      vertex   -2.600000e+00 3.757532e+00 1.270000e+01
      vertex   -2.600000e+00 4.685991e+00 1.275626e+01
      vertex   -2.600000e+00 3.856251e+00 1.248383e+01
    endloop
  endfacet
  facet normal -1.000000e+00 -1.098649e-15 9.866914e-15
    outer loop
      vertex   -2.600000e+00 3.856251e+00 1.248383e+01
      vertex   -2.600000e+00 4.685991e+00 1.275626e+01
      vertex   -2.600000e+00 4.675000e+00 1.257500e+01
    endloop
  endfacet
  facet normal -1.000000e+00 0.000000e+00 0.000000e+00
    outer loop
      vertex   -2.600000e+00 3.856251e+00 1.248383e+01
      vertex   -2.600000e+00 4.675000e+00 1.257500e+01
      vertex   -2.600000e+00 3.912277e+00 1.225289e+01
    endloop
  endfacet
  facet normal -1.000000e+00 0.000000e+00 0.000000e+00
    outer loop
      vertex   -2.600000e+00 3.912277e+00 1.225289e+01
      vertex   -2.600000e+00 4.675000e+00 1.257500e+01
      vertex   -2.600000e+00 3.923584e+00 1.201552e+01
    endloop
  endfacet
  facet normal -1.000000e+00 0.000000e+00 0.000000e+00
    outer loop
      vertex   -2.600000e+00 3.923584e+00 1.201552e+01
      vertex   -2.600000e+00 4.675000e+00 1.257500e+01
      vertex   -2.600000e+00 4.675000e+00 1.157500e+01
    endloop
  endfacet
  facet normal -1.000000e+00 0.000000e+00 -0.000000e+00
    outer loop
      vertex   -2.600000e+00 3.923584e+00 1.201552e+01
      vertex   -2.600000e+00 4.675000e+00 1.157500e+01
      vertex   -2.600000e+00 3.889764e+00 1.178030e+01
    endloop
  endfacet
  facet normal -1.000000e+00 0.000000e+00 -0.000000e+00
    outer loop
      vertex   -2.600000e+00 3.889764e+00 1.178030e+01
      vertex   -2.600000e+00 4.675000e+00 1.157500e+01
      vertex   -2.600000e+00 3.812040e+00 1.155573e+01
    endloop
  endfacet
  facet normal -1.000000e+00 7.628712e-17 -3.416551e-15
    outer loop
      vertex   -2.600000e+00 3.812040e+00 1.155573e+01
      vertex   -2.600000e+00 4.675000e+00 1.157500e+01
      vertex   -2.600000e+00 4.652211e+00 1.131453e+01
    endloop
  endfacet
  facet normal -1.000000e+00 9.068315e-16 -5.235594e-16
    outer loop
      vertex   -2.600000e+00 3.812040e+00 1.155573e+01
      vertex   -2.600000e+00 4.652211e+00 1.131453e+01
      vertex   -2.600000e+00 3.693220e+00 1.134993e+01
    endloop
  endfacet
  facet normal -1.000000e+00 9.170874e-16 -2.457328e-16
    outer loop
      vertex   -2.600000e+00 3.693220e+00 1.134993e+01
      vertex   -2.600000e+00 4.652211e+00 1.131453e+01
      vertex   -2.600000e+00 4.584539e+00 1.106197e+01
    endloop
  endfacet
  facet normal -1.000000e+00 8.660115e-16 -4.038278e-16
    outer loop
      vertex   -2.600000e+00 3.693220e+00 1.134993e+01
      vertex   -2.600000e+00 4.584539e+00 1.106197e+01
      vertex   -2.600000e+00 4.474038e+00 1.082500e+01
    endloop
  endfacet
  facet normal -1.000000e+00 7.187819e-16 -6.228281e-16
    outer loop
      vertex   -2.600000e+00 3.693220e+00 1.134993e+01
      vertex   -2.600000e+00 4.474038e+00 1.082500e+01
      vertex   -2.600000e+00 3.537599e+00 1.117033e+01
    endloop
  endfacet
  facet normal -1.000000e+00 7.538155e-16 -5.278273e-16
    outer loop
      vertex   -2.600000e+00 3.537599e+00 1.117033e+01
      vertex   -2.600000e+00 4.474038e+00 1.082500e+01
      vertex   -2.600000e+00 4.324066e+00 1.061082e+01
    endloop
  endfacet
  facet normal -1.000000e+00 5.929302e-16 -7.539721e-16
    outer loop
      vertex   -2.600000e+00 3.537599e+00 1.117033e+01
      vertex   -2.600000e+00 4.324066e+00 1.061082e+01
      vertex   -2.600000e+00 3.350801e+00 1.102343e+01
    endloop
  endfacet
  facet normal -1.000000e+00 6.408768e-16 -6.408768e-16
    outer loop
      vertex   -2.600000e+00 3.350801e+00 1.102343e+01
      vertex   -2.600000e+00 4.324066e+00 1.061082e+01
      vertex   -2.600000e+00 4.139181e+00 1.042593e+01
    endloop
  endfacet
  facet normal -1.000000e+00 5.410119e-16 -7.726451e-16
    outer loop
      vertex   -2.600000e+00 3.350801e+00 1.102343e+01
      vertex   -2.600000e+00 4.139181e+00 1.042593e+01
      vertex   -2.600000e+00 3.925000e+00 1.027596e+01
    endloop
  endfacet
  facet normal -1.000000e+00 4.388036e-16 -8.511603e-16
    outer loop
      vertex   -2.600000e+00 3.350801e+00 1.102343e+01
      vertex   -2.600000e+00 3.925000e+00 1.027596e+01
      vertex   -2.600000e+00 3.139578e+00 1.091454e+01
    endloop
  endfacet
  facet normal -1.000000e+00 4.121751e-16 -8.839123e-16
    outer loop
      vertex   -2.600000e+00 3.139578e+00 1.091454e+01
      vertex   -2.600000e+00 3.925000e+00 1.027596e+01
      vertex   -2.600000e+00 3.688030e+00 1.016546e+01
    endloop
  endfacet
  facet normal -1.000000e+00 2.655994e-16 -9.912304e-16
    outer loop
      vertex   -2.600000e+00 3.139578e+00 1.091454e+01
      vertex   -2.600000e+00 3.688030e+00 1.016546e+01
      vertex   -2.600000e+00 3.435472e+00 1.009779e+01
    endloop
  endfacet
  facet normal -1.000000e+00 3.397336e-15 1.433406e-16
    outer loop
      vertex   -2.600000e+00 3.435472e+00 1.009779e+01
      vertex   -2.600000e+00 3.175000e+00 1.007500e+01
      vertex   -2.600000e+00 3.139578e+00 1.091454e+01
    endloop
  endfacet
  facet normal -1.000000e+00 0.000000e+00 -0.000000e+00
    outer loop
      vertex   -2.600000e+00 3.139578e+00 1.091454e+01
      vertex   -2.600000e+00 3.175000e+00 1.007500e+01
      vertex   -2.600000e+00 2.911564e+00 1.084759e+01
    endloop
  endfacet
  facet normal -1.000000e+00 0.000000e+00 -0.000000e+00
    outer loop
      vertex   -2.600000e+00 2.911564e+00 1.084759e+01
      vertex   -2.600000e+00 3.175000e+00 1.007500e+01
      vertex   -2.600000e+00 2.675000e+00 1.082500e+01
    endloop
  endfacet
  facet normal -1.000000e+00 0.000000e+00 -0.000000e+00
    outer loop
      vertex   -2.600000e+00 2.675000e+00 1.082500e+01
      vertex   -2.600000e+00 3.175000e+00 1.007500e+01
      vertex   -2.600000e+00 2.175000e+00 1.007500e+01
    endloop
  endfacet
  facet normal -1.000000e+00 -0.000000e+00 0.000000e+00
    outer loop
      vertex   -2.600000e+00 2.675000e+00 1.082500e+01
      vertex   -2.600000e+00 2.175000e+00 1.007500e+01
      vertex   -2.600000e+00 2.438436e+00 1.084759e+01
    endloop
  endfacet
  facet normal -1.000000e+00 -0.000000e+00 0.000000e+00
    outer loop
      vertex   -2.600000e+00 2.438436e+00 1.084759e+01
      vertex   -2.600000e+00 2.175000e+00 1.007500e+01
      vertex   -2.600000e+00 2.210422e+00 1.091454e+01
    endloop
  endfacet
  facet normal -1.000000e+00 0.000000e+00 0.000000e+00
    outer loop
      vertex   -2.600000e+00 2.210422e+00 1.091454e+01
      vertex   -2.600000e+00 2.175000e+00 1.007500e+01
      vertex   -2.600000e+00 1.914528e+00 1.009779e+01
    endloop
  endfacet
  facet normal -1.000000e+00 0.000000e+00 0.000000e+00
    outer loop
      vertex   -2.600000e+00 2.210422e+00 1.091454e+01
      vertex   -2.600000e+00 1.914528e+00 1.009779e+01
      vertex   -2.600000e+00 1.661970e+00 1.016546e+01
    endloop
  endfacet
  facet normal -1.000000e+00 0.000000e+00 0.000000e+00
    outer loop
      vertex   -2.600000e+00 1.661970e+00 1.016546e+01
      vertex   -2.600000e+00 1.425000e+00 1.027596e+01
      vertex   -2.600000e+00 2.210422e+00 1.091454e+01
    endloop
  endfacet
  facet normal -1.000000e+00 -0.000000e+00 0.000000e+00
    outer loop
      vertex   -2.600000e+00 2.210422e+00 1.091454e+01
      vertex   -2.600000e+00 1.425000e+00 1.027596e+01
      vertex   -2.600000e+00 1.999199e+00 1.102343e+01
    endloop
  endfacet
  facet normal -1.000000e+00 0.000000e+00 0.000000e+00
    outer loop
      vertex   -2.600000e+00 1.999199e+00 1.102343e+01
      vertex   -2.600000e+00 1.425000e+00 1.027596e+01
      vertex   -2.600000e+00 1.210818e+00 1.042593e+01
    endloop
  endfacet
  facet normal -1.000000e+00 0.000000e+00 0.000000e+00
    outer loop
      vertex   -2.600000e+00 1.999199e+00 1.102343e+01
      vertex   -2.600000e+00 1.210818e+00 1.042593e+01
      vertex   -2.600000e+00 1.025933e+00 1.061082e+01
    endloop
  endfacet
  facet normal -1.000000e+00 -0.000000e+00 0.000000e+00
    outer loop
      vertex   -2.600000e+00 1.999199e+00 1.102343e+01
      vertex   -2.600000e+00 1.025933e+00 1.061082e+01
      vertex   -2.600000e+00 1.812401e+00 1.117033e+01
    endloop
  endfacet
  facet normal -1.000000e+00 0.000000e+00 0.000000e+00
    outer loop
      vertex   -2.600000e+00 1.812401e+00 1.117033e+01
      vertex   -2.600000e+00 1.025933e+00 1.061082e+01
      vertex   -2.600000e+00 8.759617e-01 1.082500e+01
    endloop
  endfacet
  facet normal -1.000000e+00 -0.000000e+00 0.000000e+00
    outer loop
      vertex   -2.600000e+00 1.812401e+00 1.117033e+01
      vertex   -2.600000e+00 8.759617e-01 1.082500e+01
      vertex   -2.600000e+00 1.656780e+00 1.134993e+01
    endloop
  endfacet
  facet normal -1.000000e+00 0.000000e+00 0.000000e+00
    outer loop
      vertex   -2.600000e+00 1.656780e+00 1.134993e+01
      vertex   -2.600000e+00 8.759617e-01 1.082500e+01
      vertex   -2.600000e+00 7.654609e-01 1.106197e+01
    endloop
  endfacet
  facet normal -1.000000e+00 0.000000e+00 0.000000e+00
    outer loop
      vertex   -2.600000e+00 1.656780e+00 1.134993e+01
      vertex   -2.600000e+00 7.654609e-01 1.106197e+01
      vertex   -2.600000e+00 6.977882e-01 1.131453e+01
    endloop
  endfacet
  facet normal -1.000000e+00 -0.000000e+00 0.000000e+00
    outer loop
      vertex   -2.600000e+00 1.656780e+00 1.134993e+01
      vertex   -2.600000e+00 6.977882e-01 1.131453e+01
      vertex   -2.600000e+00 1.537960e+00 1.155573e+01
    endloop
  endfacet
  facet normal -1.000000e+00 -0.000000e+00 0.000000e+00
    outer loop
      vertex   -2.600000e+00 1.537960e+00 1.155573e+01
      vertex   -2.600000e+00 6.977882e-01 1.131453e+01
      vertex   -2.600000e+00 6.749998e-01 1.157500e+01
    endloop
  endfacet
  facet normal -1.000000e+00 0.000000e+00 0.000000e+00
    outer loop
      vertex   -2.600000e+00 1.537960e+00 1.155573e+01
      vertex   -2.600000e+00 6.749998e-01 1.157500e+01
      vertex   -2.600000e+00 1.460235e+00 1.178030e+01
    endloop
  endfacet
  facet normal -1.000000e+00 -0.000000e+00 0.000000e+00
    outer loop
      vertex   -2.600000e+00 1.460235e+00 1.178030e+01
      vertex   -2.600000e+00 6.749998e-01 1.157500e+01
      vertex   -2.600000e+00 1.426416e+00 1.201552e+01
    endloop
  endfacet
  facet normal -1.000000e+00 -0.000000e+00 0.000000e+00
    outer loop
      vertex   -2.600000e+00 1.426416e+00 1.201552e+01
      vertex   -2.600000e+00 6.749998e-01 1.157500e+01
      vertex   -2.600000e+00 6.749998e-01 1.257500e+01
    endloop
  endfacet
  facet normal -1.000000e+00 0.000000e+00 0.000000e+00
    outer loop
      vertex   -2.600000e+00 1.426416e+00 1.201552e+01
      vertex   -2.600000e+00 6.749998e-01 1.257500e+01
      vertex   -2.600000e+00 1.437723e+00 1.225289e+01
    endloop
  endfacet
  facet normal -1.000000e+00 0.000000e+00 0.000000e+00
    outer loop
      vertex   -2.600000e+00 1.437723e+00 1.225289e+01
      vertex   -2.600000e+00 6.749998e-01 1.257500e+01
      vertex   -2.600000e+00 1.493749e+00 1.248383e+01
    endloop
  endfacet
  facet normal -1.000000e+00 0.000000e+00 0.000000e+00
    outer loop
      vertex   -2.600000e+00 1.493749e+00 1.248383e+01
      vertex   -2.600000e+00 6.749998e-01 1.257500e+01
      vertex   -2.600000e+00 6.529264e-01 1.283138e+01
    endloop
  endfacet
  facet normal -1.000000e+00 0.000000e+00 0.000000e+00
    outer loop
      vertex   -2.600000e+00 1.493749e+00 1.248383e+01
      vertex   -2.600000e+00 6.529264e-01 1.283138e+01
      vertex   -2.600000e+00 1.592468e+00 1.270000e+01
    endloop
  endfacet
  facet normal -1.000000e+00 0.000000e+00 0.000000e+00
    outer loop
      vertex   -2.600000e+00 1.592468e+00 1.270000e+01
      vertex   -2.600000e+00 6.529264e-01 1.283138e+01
      vertex   -2.600000e+00 1.730313e+00 1.289358e+01
    endloop
  endfacet
  facet normal -1.000000e+00 -0.000000e+00 0.000000e+00
    outer loop
      vertex   -2.600000e+00 1.730313e+00 1.289358e+01
      vertex   -2.600000e+00 6.529264e-01 1.283138e+01
      vertex   -2.600000e+00 5.873560e-01 1.308022e+01
    endloop
  endfacet
  facet normal -1.000000e+00 0.000000e+00 0.000000e+00
    outer loop
      vertex   -2.600000e+00 1.730313e+00 1.289358e+01
      vertex   -2.600000e+00 5.873560e-01 1.308022e+01
      vertex   -2.600000e+00 1.902301e+00 1.305757e+01
    endloop
  endfacet
  facet normal -1.000000e+00 0.000000e+00 0.000000e+00
    outer loop
      vertex   -2.600000e+00 1.902301e+00 1.305757e+01
      vertex   -2.600000e+00 5.873560e-01 1.308022e+01
      vertex   -2.600000e+00 4.802183e-01 1.331419e+01
    endloop
  endfacet
  facet normal -1.000000e+00 0.000000e+00 0.000000e+00
    outer loop
      vertex   -2.600000e+00 1.902301e+00 1.305757e+01
      vertex   -2.600000e+00 4.802183e-01 1.331419e+01
      vertex   -2.600000e+00 2.102217e+00 1.318604e+01
    endloop
  endfacet
  facet normal -1.000000e+00 0.000000e+00 0.000000e+00
    outer loop
      vertex   -2.600000e+00 2.102217e+00 1.318604e+01
      vertex   -2.600000e+00 4.802183e-01 1.331419e+01
      vertex   -2.600000e+00 3.346666e-01 1.352641e+01
    endloop
  endfacet
  facet normal -1.000000e+00 0.000000e+00 0.000000e+00
    outer loop
      vertex   -2.600000e+00 2.102217e+00 1.318604e+01
      vertex   -2.600000e+00 3.346666e-01 1.352641e+01
      vertex   -2.600000e+00 2.322834e+00 1.327437e+01
    endloop
  endfacet
  facet normal -1.000000e+00 0.000000e+00 0.000000e+00
    outer loop
      vertex   -2.600000e+00 2.322834e+00 1.327437e+01
      vertex   -2.600000e+00 3.346666e-01 1.352641e+01
      vertex   -2.600000e+00 1.549845e-01 1.371062e+01
    endloop
  endfacet
  facet normal -1.000000e+00 0.000000e+00 0.000000e+00
    outer loop
      vertex   -2.600000e+00 2.322834e+00 1.327437e+01
      vertex   -2.600000e+00 1.549845e-01 1.371062e+01
      vertex   -2.600000e+00 -5.353960e-02 1.386141e+01
    endloop
  endfacet
  facet normal -1.000000e+00 -1.700703e-15 -3.482266e-15
    outer loop
      vertex   -2.600000e+00 -2.847687e-01 1.397434e+01
      vertex   -2.600000e+00 -7.876525e-01 1.447500e+01
      vertex   -2.600000e+00 -5.353960e-02 1.386141e+01
    endloop
  endfacet
  facet normal -1.000000e+00 2.395901e-16 -1.160859e-15
    outer loop
      vertex   -2.600000e+00 -5.353960e-02 1.386141e+01
      vertex   -2.600000e+00 -7.876525e-01 1.447500e+01
      vertex   -2.600000e+00 4.772959e+00 1.447500e+01
    endloop
  endfacet
  facet normal -1.000000e+00 5.707685e-17 2.747888e-16
    outer loop
      vertex   -2.600000e+00 -5.353960e-02 1.386141e+01
      vertex   -2.600000e+00 4.772959e+00 1.447500e+01
      vertex   -2.600000e+00 2.556180e+00 1.331934e+01
    endloop
  endfacet
  facet normal -1.000000e+00 0.000000e+00 3.842732e-16
    outer loop
      vertex   -2.600000e+00 2.556180e+00 1.331934e+01
      vertex   -2.600000e+00 4.772959e+00 1.447500e+01
      vertex   -2.600000e+00 2.793820e+00 1.331934e+01
    endloop
  endfacet
  facet normal -1.000000e+00 5.568326e-17 2.889122e-16
    outer loop
      vertex   -2.600000e+00 2.793820e+00 1.331934e+01
      vertex   -2.600000e+00 4.772959e+00 1.447500e+01
      vertex   -2.600000e+00 3.027165e+00 1.327437e+01
    endloop
  endfacet
  facet normal -1.000000e+00 -7.270347e-16 -2.504275e-15
    outer loop
      vertex   -2.600000e+00 -2.847687e-01 1.397434e+01
      vertex   -2.600000e+00 -5.318974e-01 1.404608e+01
      vertex   -2.600000e+00 -7.876525e-01 1.447500e+01
    endloop
  endfacet
  facet normal -1.000000e+00 -2.467147e-16 -2.217868e-15
    outer loop
      vertex   -2.600000e+00 -7.876525e-01 1.447500e+01
      vertex   -2.600000e+00 -5.318974e-01 1.404608e+01
      vertex   -2.600000e+00 -7.876525e-01 1.407453e+01
    endloop
  endfacet
  facet normal -1.000000e+00 -0.000000e+00 0.000000e+00
    outer loop
      vertex   -2.600000e+00 2.556180e+00 1.331934e+01
      vertex   -2.600000e+00 2.322834e+00 1.327437e+01
      vertex   -2.600000e+00 -5.353960e-02 1.386141e+01
    endloop
  endfacet
  facet normal 9.963975e-01 -8.480592e-02 0.000000e+00
    outer loop
      vertex   -5.777047e-01 8.561951e+00 1.777500e+01
      vertex   -5.777047e-01 8.561951e+00 1.907500e+01
      vertex   -6.000000e-01 8.300000e+00 1.777500e+01
    endloop
  endfacet
  facet normal 9.963975e-01 -8.480592e-02 0.000000e+00
    outer loop
      vertex   -6.000000e-01 8.300000e+00 1.777500e+01
      vertex   -5.777047e-01 8.561951e+00 1.907500e+01
      vertex   -6.000000e-01 8.300000e+00 1.907500e+01
    endloop
  endfacet
  facet normal 9.963975e-01 8.480592e-02 -0.000000e+00
    outer loop
      vertex   -6.000000e-01 8.300000e+00 1.777500e+01
      vertex   -6.000000e-01 8.300000e+00 1.907500e+01
      vertex   -5.777047e-01 8.038049e+00 1.777500e+01
    endloop
  endfacet
  facet normal 9.963975e-01 8.480592e-02 -0.000000e+00
    outer loop
      vertex   -5.777047e-01 8.038049e+00 1.777500e+01
      vertex   -6.000000e-01 8.300000e+00 1.907500e+01
      vertex   -5.777047e-01 8.038049e+00 1.907500e+01
    endloop
  endfacet
  facet normal 9.677329e-01 2.519781e-01 -0.000000e+00
    outer loop
      vertex   -5.777047e-01 8.038049e+00 1.777500e+01
      vertex   -5.777047e-01 8.038049e+00 1.907500e+01
      vertex   -5.114600e-01 7.783633e+00 1.777500e+01
    endloop
  endfacet
  facet normal 9.677329e-01 2.519781e-01 -0.000000e+00
    outer loop
      vertex   -5.114600e-01 7.783633e+00 1.777500e+01
      vertex   -5.777047e-01 8.038049e+00 1.907500e+01
      vertex   -5.114600e-01 7.783633e+00 1.907500e+01
    endloop
  endfacet
  facet normal 9.112285e-01 4.119012e-01 -0.000000e+00
    outer loop
      vertex   -5.114600e-01 7.783633e+00 1.777500e+01
      vertex   -5.114600e-01 7.783633e+00 1.907500e+01
      vertex   -4.031719e-01 7.544073e+00 1.777500e+01
    endloop
  endfacet
  facet normal 9.112285e-01 4.119012e-01 -0.000000e+00
    outer loop
      vertex   -4.031719e-01 7.544073e+00 1.777500e+01
      vertex   -5.114600e-01 7.783633e+00 1.907500e+01
      vertex   -4.031719e-01 7.544073e+00 1.907500e+01
    endloop
  endfacet
  facet normal 8.285096e-01 5.599748e-01 -0.000000e+00
    outer loop
      vertex   -4.031719e-01 7.544073e+00 1.777500e+01
      vertex   -4.031719e-01 7.544073e+00 1.907500e+01
      vertex   -2.559554e-01 7.326259e+00 1.777500e+01
    endloop
  endfacet
  facet normal 8.285096e-01 5.599748e-01 -0.000000e+00
    outer loop
      vertex   -2.559554e-01 7.326259e+00 1.777500e+01
      vertex   -4.031719e-01 7.544073e+00 1.907500e+01
      vertex   -2.559554e-01 7.326259e+00 1.907500e+01
    endloop
  endfacet
  facet normal 7.219561e-01 6.919389e-01 -0.000000e+00
    outer loop
      vertex   -2.559554e-01 7.326259e+00 1.777500e+01
      vertex   -2.559554e-01 7.326259e+00 1.907500e+01
      vertex   -7.404582e-02 7.136458e+00 1.777500e+01
    endloop
  endfacet
  facet normal 7.219561e-01 6.919389e-01 -0.000000e+00
    outer loop
      vertex   -7.404582e-02 7.136458e+00 1.777500e+01
      vertex   -2.559554e-01 7.326259e+00 1.907500e+01
      vertex   -7.404582e-02 7.136458e+00 1.907500e+01
    endloop
  endfacet
  facet normal 5.946332e-01 8.039971e-01 -0.000000e+00
    outer loop
      vertex   -7.404582e-02 7.136458e+00 1.777500e+01
      vertex   -7.404582e-02 7.136458e+00 1.907500e+01
      vertex   1.373237e-01 6.980130e+00 1.777500e+01
    endloop
  endfacet
  facet normal 5.946332e-01 8.039971e-01 -0.000000e+00
    outer loop
      vertex   1.373237e-01 6.980130e+00 1.777500e+01
      vertex   -7.404582e-02 7.136458e+00 1.907500e+01
      vertex   1.373237e-01 6.980130e+00 1.907500e+01
    endloop
  endfacet
  facet normal 4.502037e-01 8.929259e-01 -0.000000e+00
    outer loop
      vertex   1.373237e-01 6.980130e+00 1.777500e+01
      vertex   1.373237e-01 6.980130e+00 1.907500e+01
      vertex   3.720725e-01 6.861772e+00 1.777500e+01
    endloop
  endfacet
  facet normal 4.502037e-01 8.929259e-01 -0.000000e+00
    outer loop
      vertex   3.720725e-01 6.861772e+00 1.777500e+01
      vertex   1.373237e-01 6.980130e+00 1.907500e+01
      vertex   3.720725e-01 6.861772e+00 1.907500e+01
    endloop
  endfacet
  facet normal 2.928228e-01 9.561667e-01 -0.000000e+00
    outer loop
      vertex   3.720725e-01 6.861772e+00 1.777500e+01
      vertex   3.720725e-01 6.861772e+00 1.907500e+01
      vertex   6.234471e-01 6.784789e+00 1.777500e+01
    endloop
  endfacet
  facet normal 2.928228e-01 9.561667e-01 -0.000000e+00
    outer loop
      vertex   6.234471e-01 6.784789e+00 1.777500e+01
      vertex   3.720725e-01 6.861772e+00 1.907500e+01
      vertex   6.234471e-01 6.784789e+00 1.907500e+01
    endloop
  endfacet
  facet normal 1.270178e-01 9.919004e-01 -0.000000e+00
    outer loop
      vertex   6.234471e-01 6.784789e+00 1.777500e+01
      vertex   6.234471e-01 6.784789e+00 1.907500e+01
      vertex   8.842161e-01 6.751397e+00 1.777500e+01
    endloop
  endfacet
  facet normal 1.270178e-01 9.919004e-01 -0.000000e+00
    outer loop
      vertex   8.842161e-01 6.751397e+00 1.777500e+01
      vertex   6.234471e-01 6.784789e+00 1.907500e+01
      vertex   8.842161e-01 6.751397e+00 1.907500e+01
    endloop
  endfacet
  facet normal -4.244120e-02 9.990990e-01 0.000000e+00
    outer loop
      vertex   8.842161e-01 6.751397e+00 1.777500e+01
      vertex   8.842161e-01 6.751397e+00 1.907500e+01
      vertex   1.146878e+00 6.762554e+00 1.777500e+01
    endloop
  endfacet
  facet normal -4.244120e-02 9.990990e-01 0.000000e+00
    outer loop
      vertex   1.146878e+00 6.762554e+00 1.777500e+01
      vertex   8.842161e-01 6.751397e+00 1.907500e+01
      vertex   1.146878e+00 6.762554e+00 1.907500e+01
    endloop
  endfacet
  facet normal -2.106793e-01 9.775552e-01 0.000000e+00
    outer loop
      vertex   1.146878e+00 6.762554e+00 1.777500e+01
      vertex   1.146878e+00 6.762554e+00 1.907500e+01
      vertex   1.403875e+00 6.817942e+00 1.777500e+01
    endloop
  endfacet
  facet normal -2.106793e-01 9.775552e-01 0.000000e+00
    outer loop
      vertex   1.403875e+00 6.817942e+00 1.777500e+01
      vertex   1.146878e+00 6.762554e+00 1.907500e+01
      vertex   1.403875e+00 6.817942e+00 1.907500e+01
    endloop
  endfacet
  facet normal -3.728565e-01 9.278890e-01 0.000000e+00
    outer loop
      vertex   1.403875e+00 6.817942e+00 1.777500e+01
      vertex   1.403875e+00 6.817942e+00 1.907500e+01
      vertex   1.647816e+00 6.915965e+00 1.777500e+01
    endloop
  endfacet
  facet normal -3.728565e-01 9.278890e-01 0.000000e+00
    outer loop
      vertex   1.647816e+00 6.915965e+00 1.777500e+01
      vertex   1.403875e+00 6.817942e+00 1.907500e+01
      vertex   1.647816e+00 6.915965e+00 1.907500e+01
    endloop
  endfacet
  facet normal -5.243073e-01 8.515291e-01 0.000000e+00
    outer loop
      vertex   1.647816e+00 6.915965e+00 1.777500e+01
      vertex   1.647816e+00 6.915965e+00 1.907500e+01
      vertex   1.871681e+00 7.053804e+00 1.777500e+01
    endloop
  endfacet
  facet normal -5.243073e-01 8.515291e-01 0.000000e+00
    outer loop
      vertex   1.871681e+00 7.053804e+00 1.777500e+01
      vertex   1.647816e+00 6.915965e+00 1.907500e+01
      vertex   1.871681e+00 7.053804e+00 1.907500e+01
    endloop
  endfacet
  facet normal -6.606747e-01 7.506723e-01 0.000000e+00
    outer loop
      vertex   1.871681e+00 7.053804e+00 1.777500e+01
      vertex   1.871681e+00 7.053804e+00 1.907500e+01
      vertex   2.069032e+00 7.227495e+00 1.777500e+01
    endloop
  endfacet
  facet normal -6.606747e-01 7.506723e-01 0.000000e+00
    outer loop
      vertex   2.069032e+00 7.227495e+00 1.777500e+01
      vertex   1.871681e+00 7.053804e+00 1.907500e+01
      vertex   2.069032e+00 7.227495e+00 1.907500e+01
    endloop
  endfacet
  facet normal -7.780358e-01 6.282200e-01 0.000000e+00
    outer loop
      vertex   2.069032e+00 7.227495e+00 1.777500e+01
      vertex   2.069032e+00 7.227495e+00 1.907500e+01
      vertex   2.234190e+00 7.432039e+00 1.777500e+01
    endloop
  endfacet
  facet normal -7.780358e-01 6.282200e-01 0.000000e+00
    outer loop
      vertex   2.234190e+00 7.432039e+00 1.777500e+01
      vertex   2.069032e+00 7.227495e+00 1.907500e+01
      vertex   2.234190e+00 7.432039e+00 1.907500e+01
    endloop
  endfacet
  facet normal -8.730141e-01 4.876949e-01 0.000000e+00
    outer loop
      vertex   2.234190e+00 7.432039e+00 1.777500e+01
      vertex   2.234190e+00 7.432039e+00 1.907500e+01
      vertex   2.362404e+00 7.661553e+00 1.777500e+01
    endloop
  endfacet
  facet normal -8.730141e-01 4.876949e-01 0.000000e+00
    outer loop
      vertex   2.362404e+00 7.661553e+00 1.777500e+01
      vertex   2.234190e+00 7.432039e+00 1.907500e+01
      vertex   2.362404e+00 7.661553e+00 1.907500e+01
    endloop
  endfacet
  facet normal -9.428774e-01 3.331398e-01 0.000000e+00
    outer loop
      vertex   2.362404e+00 7.661553e+00 1.777500e+01
      vertex   2.362404e+00 7.661553e+00 1.907500e+01
      vertex   2.449986e+00 7.909434e+00 1.777500e+01
    endloop
  endfacet
  facet normal -9.428774e-01 3.331398e-01 0.000000e+00
    outer loop
      vertex   2.449986e+00 7.909434e+00 1.777500e+01
      vertex   2.362404e+00 7.661553e+00 1.907500e+01
      vertex   2.449986e+00 7.909434e+00 1.907500e+01
    endloop
  endfacet
  facet normal -9.856159e-01 1.690008e-01 0.000000e+00
    outer loop
      vertex   2.449986e+00 7.909434e+00 1.777500e+01
      vertex   2.449986e+00 7.909434e+00 1.907500e+01
      vertex   2.494416e+00 8.168551e+00 1.777500e+01
    endloop
  endfacet
  facet normal -9.856159e-01 1.690008e-01 0.000000e+00
    outer loop
      vertex   2.494416e+00 8.168551e+00 1.777500e+01
      vertex   2.449986e+00 7.909434e+00 1.907500e+01
      vertex   2.494416e+00 8.168551e+00 1.907500e+01
    endloop
  endfacet
  facet normal -1.000000e+00 0.000000e+00 0.000000e+00
    outer loop
      vertex   2.494416e+00 8.168551e+00 1.777500e+01
      vertex   2.494416e+00 8.168551e+00 1.907500e+01
      vertex   2.494416e+00 8.431449e+00 1.777500e+01
    endloop
  endfacet
  facet normal -1.000000e+00 0.000000e+00 0.000000e+00
    outer loop
      vertex   2.494416e+00 8.431449e+00 1.777500e+01
      vertex   2.494416e+00 8.168551e+00 1.907500e+01
      vertex   2.494416e+00 8.431449e+00 1.907500e+01
    endloop
  endfacet
  facet normal -9.856159e-01 -1.690008e-01 0.000000e+00
    outer loop
      vertex   2.494416e+00 8.431449e+00 1.777500e+01
      vertex   2.494416e+00 8.431449e+00 1.907500e+01
      vertex   2.449986e+00 8.690566e+00 1.777500e+01
    endloop
  endfacet
  facet normal -9.856159e-01 -1.690008e-01 0.000000e+00
    outer loop
      vertex   2.449986e+00 8.690566e+00 1.777500e+01
      vertex   2.494416e+00 8.431449e+00 1.907500e+01
      vertex   2.449986e+00 8.690566e+00 1.907500e+01
    endloop
  endfacet
  facet normal -9.428774e-01 -3.331398e-01 0.000000e+00
    outer loop
      vertex   2.449986e+00 8.690566e+00 1.777500e+01
      vertex   2.449986e+00 8.690566e+00 1.907500e+01
      vertex   2.362404e+00 8.938447e+00 1.777500e+01
    endloop
  endfacet
  facet normal -9.428774e-01 -3.331398e-01 0.000000e+00
    outer loop
      vertex   2.362404e+00 8.938447e+00 1.777500e+01
      vertex   2.449986e+00 8.690566e+00 1.907500e+01
      vertex   2.362404e+00 8.938447e+00 1.907500e+01
    endloop
  endfacet
  facet normal -8.730141e-01 -4.876949e-01 0.000000e+00
    outer loop
      vertex   2.362404e+00 8.938447e+00 1.777500e+01
      vertex   2.362404e+00 8.938447e+00 1.907500e+01
      vertex   2.234190e+00 9.167961e+00 1.777500e+01
    endloop
  endfacet
  facet normal -8.730141e-01 -4.876949e-01 0.000000e+00
    outer loop
      vertex   2.234190e+00 9.167961e+00 1.777500e+01
      vertex   2.362404e+00 8.938447e+00 1.907500e+01
      vertex   2.234190e+00 9.167961e+00 1.907500e+01
    endloop
  endfacet
  facet normal -7.780358e-01 -6.282200e-01 0.000000e+00
    outer loop
      vertex   2.234190e+00 9.167961e+00 1.777500e+01
      vertex   2.234190e+00 9.167961e+00 1.907500e+01
      vertex   2.069032e+00 9.372505e+00 1.777500e+01
    endloop
  endfacet
  facet normal -7.780358e-01 -6.282200e-01 0.000000e+00
    outer loop
      vertex   2.069032e+00 9.372505e+00 1.777500e+01
      vertex   2.234190e+00 9.167961e+00 1.907500e+01
      vertex   2.069032e+00 9.372505e+00 1.907500e+01
    endloop
  endfacet
  facet normal -6.606747e-01 -7.506723e-01 0.000000e+00
    outer loop
      vertex   2.069032e+00 9.372505e+00 1.777500e+01
      vertex   2.069032e+00 9.372505e+00 1.907500e+01
      vertex   1.871681e+00 9.546196e+00 1.777500e+01
    endloop
  endfacet
  facet normal -6.606747e-01 -7.506723e-01 0.000000e+00
    outer loop
      vertex   1.871681e+00 9.546196e+00 1.777500e+01
      vertex   2.069032e+00 9.372505e+00 1.907500e+01
      vertex   1.871681e+00 9.546196e+00 1.907500e+01
    endloop
  endfacet
  facet normal -5.243073e-01 -8.515291e-01 0.000000e+00
    outer loop
      vertex   1.871681e+00 9.546196e+00 1.777500e+01
      vertex   1.871681e+00 9.546196e+00 1.907500e+01
      vertex   1.647816e+00 9.684035e+00 1.777500e+01
    endloop
  endfacet
  facet normal -5.243073e-01 -8.515291e-01 0.000000e+00
    outer loop
      vertex   1.647816e+00 9.684035e+00 1.777500e+01
      vertex   1.871681e+00 9.546196e+00 1.907500e+01
      vertex   1.647816e+00 9.684035e+00 1.907500e+01
    endloop
  endfacet
  facet normal -3.728565e-01 -9.278890e-01 0.000000e+00
    outer loop
      vertex   1.647816e+00 9.684035e+00 1.777500e+01
      vertex   1.647816e+00 9.684035e+00 1.907500e+01
      vertex   1.403875e+00 9.782058e+00 1.777500e+01
    endloop
  endfacet
  facet normal -3.728565e-01 -9.278890e-01 0.000000e+00
    outer loop
      vertex   1.403875e+00 9.782058e+00 1.777500e+01
      vertex   1.647816e+00 9.684035e+00 1.907500e+01
      vertex   1.403875e+00 9.782058e+00 1.907500e+01
    endloop
  endfacet
  facet normal -2.106793e-01 -9.775552e-01 0.000000e+00
    outer loop
      vertex   1.403875e+00 9.782058e+00 1.777500e+01
      vertex   1.403875e+00 9.782058e+00 1.907500e+01
      vertex   1.146878e+00 9.837446e+00 1.777500e+01
    endloop
  endfacet
  facet normal -2.106793e-01 -9.775552e-01 0.000000e+00
    outer loop
      vertex   1.146878e+00 9.837446e+00 1.777500e+01
      vertex   1.403875e+00 9.782058e+00 1.907500e+01
      vertex   1.146878e+00 9.837446e+00 1.907500e+01
    endloop
  endfacet
  facet normal -4.244120e-02 -9.990990e-01 0.000000e+00
    outer loop
      vertex   1.146878e+00 9.837446e+00 1.777500e+01
      vertex   1.146878e+00 9.837446e+00 1.907500e+01
      vertex   8.842161e-01 9.848603e+00 1.777500e+01
    endloop
  endfacet
  facet normal -4.244120e-02 -9.990990e-01 0.000000e+00
    outer loop
      vertex   8.842161e-01 9.848603e+00 1.777500e+01
      vertex   1.146878e+00 9.837446e+00 1.907500e+01
      vertex   8.842161e-01 9.848603e+00 1.907500e+01
    endloop
  endfacet
  facet normal 1.270178e-01 -9.919004e-01 0.000000e+00
    outer loop
      vertex   8.842161e-01 9.848603e+00 1.777500e+01
      vertex   8.842161e-01 9.848603e+00 1.907500e+01
      vertex   6.234471e-01 9.815211e+00 1.777500e+01
    endloop
  endfacet
  facet normal 1.270178e-01 -9.919004e-01 0.000000e+00
    outer loop
      vertex   6.234471e-01 9.815211e+00 1.777500e+01
      vertex   8.842161e-01 9.848603e+00 1.907500e+01
      vertex   6.234471e-01 9.815211e+00 1.907500e+01
    endloop
  endfacet
  facet normal 2.928228e-01 -9.561667e-01 0.000000e+00
    outer loop
      vertex   6.234471e-01 9.815211e+00 1.777500e+01
      vertex   6.234471e-01 9.815211e+00 1.907500e+01
      vertex   3.720725e-01 9.738228e+00 1.777500e+01
    endloop
  endfacet
  facet normal 2.928228e-01 -9.561667e-01 0.000000e+00
    outer loop
      vertex   3.720725e-01 9.738228e+00 1.777500e+01
      vertex   6.234471e-01 9.815211e+00 1.907500e+01
      vertex   3.720725e-01 9.738228e+00 1.907500e+01
    endloop
  endfacet
  facet normal 4.502037e-01 -8.929259e-01 0.000000e+00
    outer loop
      vertex   3.720725e-01 9.738228e+00 1.777500e+01
      vertex   3.720725e-01 9.738228e+00 1.907500e+01
      vertex   1.373237e-01 9.619870e+00 1.777500e+01
    endloop
  endfacet
  facet normal 4.502037e-01 -8.929259e-01 0.000000e+00
    outer loop
      vertex   1.373237e-01 9.619870e+00 1.777500e+01
      vertex   3.720725e-01 9.738228e+00 1.907500e+01
      vertex   1.373237e-01 9.619870e+00 1.907500e+01
    endloop
  endfacet
  facet normal 5.946332e-01 -8.039971e-01 0.000000e+00
    outer loop
      vertex   1.373237e-01 9.619870e+00 1.777500e+01
      vertex   1.373237e-01 9.619870e+00 1.907500e+01
      vertex   -7.404582e-02 9.463542e+00 1.777500e+01
    endloop
  endfacet
  facet normal 5.946332e-01 -8.039971e-01 0.000000e+00
    outer loop
      vertex   -7.404582e-02 9.463542e+00 1.777500e+01
      vertex   1.373237e-01 9.619870e+00 1.907500e+01
      vertex   -7.404582e-02 9.463542e+00 1.907500e+01
    endloop
  endfacet
  facet normal 7.219561e-01 -6.919389e-01 0.000000e+00
    outer loop
      vertex   -7.404582e-02 9.463542e+00 1.777500e+01
      vertex   -7.404582e-02 9.463542e+00 1.907500e+01
      vertex   -2.559554e-01 9.273741e+00 1.777500e+01
    endloop
  endfacet
  facet normal 7.219561e-01 -6.919389e-01 0.000000e+00
    outer loop
      vertex   -2.559554e-01 9.273741e+00 1.777500e+01
      vertex   -7.404582e-02 9.463542e+00 1.907500e+01
      vertex   -2.559554e-01 9.273741e+00 1.907500e+01
    endloop
  endfacet
  facet normal 8.285096e-01 -5.599748e-01 0.000000e+00
    outer loop
      vertex   -2.559554e-01 9.273741e+00 1.777500e+01
      vertex   -2.559554e-01 9.273741e+00 1.907500e+01
      vertex   -4.031719e-01 9.055927e+00 1.777500e+01
    endloop
  endfacet
  facet normal 8.285096e-01 -5.599748e-01 0.000000e+00
    outer loop
      vertex   -4.031719e-01 9.055927e+00 1.777500e+01
      vertex   -2.559554e-01 9.273741e+00 1.907500e+01
      vertex   -4.031719e-01 9.055927e+00 1.907500e+01
    endloop
  endfacet
  facet normal 9.112285e-01 -4.119012e-01 0.000000e+00
    outer loop
      vertex   -4.031719e-01 9.055927e+00 1.777500e+01
      vertex   -4.031719e-01 9.055927e+00 1.907500e+01
      vertex   -5.114600e-01 8.816367e+00 1.777500e+01
    endloop
  endfacet
  facet normal 9.112285e-01 -4.119012e-01 0.000000e+00
    outer loop
      vertex   -5.114600e-01 8.816367e+00 1.777500e+01
      vertex   -4.031719e-01 9.055927e+00 1.907500e+01
      vertex   -5.114600e-01 8.816367e+00 1.907500e+01
    endloop
  endfacet
  facet normal 9.677329e-01 -2.519781e-01 0.000000e+00
    outer loop
      vertex   -5.114600e-01 8.816367e+00 1.777500e+01
      vertex   -5.114600e-01 8.816367e+00 1.907500e+01
      vertex   -5.777047e-01 8.561951e+00 1.777500e+01
    endloop
  endfacet
  facet normal 9.677329e-01 -2.519781e-01 0.000000e+00
    outer loop
      vertex   -5.777047e-01 8.561951e+00 1.777500e+01
      vertex   -5.114600e-01 8.816367e+00 1.907500e+01
      vertex   -5.777047e-01 8.561951e+00 1.907500e+01
    endloop
  endfacet
  facet normal 0.000000e+00 0.000000e+00 1.000000e+00
    outer loop
      vertex   1.715641e-01 8.484493e+00 1.777500e+01
      vertex   -5.777047e-01 8.561951e+00 1.777500e+01
      vertex   1.500000e-01 8.300000e+00 1.777500e+01
    endloop
  endfacet
  facet normal 0.000000e+00 0.000000e+00 1.000000e+00
    outer loop
      vertex   1.500000e-01 8.300000e+00 1.777500e+01
      vertex   -5.777047e-01 8.561951e+00 1.777500e+01
      vertex   -6.000000e-01 8.300000e+00 1.777500e+01
    endloop
  endfacet
  facet normal 0.000000e+00 0.000000e+00 1.000000e+00
    outer loop
      vertex   1.500000e-01 8.300000e+00 1.777500e+01
      vertex   -6.000000e-01 8.300000e+00 1.777500e+01
      vertex   -5.777047e-01 8.038049e+00 1.777500e+01
    endloop
  endfacet
  facet normal -0.000000e+00 0.000000e+00 1.000000e+00
    outer loop
      vertex   -5.777047e-01 8.561951e+00 1.777500e+01
      vertex   1.715641e-01 8.484493e+00 1.777500e+01
      vertex   -5.114600e-01 8.816367e+00 1.777500e+01
    endloop
  endfacet
  facet normal 0.000000e+00 0.000000e+00 1.000000e+00
    outer loop
      vertex   -5.114600e-01 8.816367e+00 1.777500e+01
      vertex   1.715641e-01 8.484493e+00 1.777500e+01
      vertex   2.350939e-01 8.659039e+00 1.777500e+01
    endloop
  endfacet
  facet normal -0.000000e+00 0.000000e+00 1.000000e+00
    outer loop
      vertex   -5.114600e-01 8.816367e+00 1.777500e+01
      vertex   2.350939e-01 8.659039e+00 1.777500e+01
      vertex   -4.031719e-01 9.055927e+00 1.777500e+01
    endloop
  endfacet
  facet normal 0.000000e+00 0.000000e+00 1.000000e+00
    outer loop
      vertex   -4.031719e-01 9.055927e+00 1.777500e+01
      vertex   2.350939e-01 8.659039e+00 1.777500e+01
      vertex   3.371644e-01 8.814230e+00 1.777500e+01
    endloop
  endfacet
  facet normal -0.000000e+00 0.000000e+00 1.000000e+00
    outer loop
      vertex   -4.031719e-01 9.055927e+00 1.777500e+01
      vertex   3.371644e-01 8.814230e+00 1.777500e+01
      vertex   -2.559554e-01 9.273741e+00 1.777500e+01
    endloop
  endfacet
  facet normal -0.000000e+00 0.000000e+00 1.000000e+00
    outer loop
      vertex   -2.559554e-01 9.273741e+00 1.777500e+01
      vertex   3.371644e-01 8.814230e+00 1.777500e+01
      vertex   -7.404582e-02 9.463542e+00 1.777500e+01
    endloop
  endfacet
  facet normal 0.000000e+00 0.000000e+00 1.000000e+00
    outer loop
      vertex   -7.404582e-02 9.463542e+00 1.777500e+01
      vertex   3.371644e-01 8.814230e+00 1.777500e+01
      vertex   4.722731e-01 8.941699e+00 1.777500e+01
    endloop
  endfacet
  facet normal -0.000000e+00 0.000000e+00 1.000000e+00
    outer loop
      vertex   -7.404582e-02 9.463542e+00 1.777500e+01
      vertex   4.722731e-01 8.941699e+00 1.777500e+01
      vertex   1.373237e-01 9.619870e+00 1.777500e+01
    endloop
  endfacet
  facet normal 0.000000e+00 0.000000e+00 1.000000e+00
    outer loop
      vertex   1.373237e-01 9.619870e+00 1.777500e+01
      vertex   4.722731e-01 8.941699e+00 1.777500e+01
      vertex   6.331362e-01 9.034573e+00 1.777500e+01
    endloop
  endfacet
  facet normal -0.000000e+00 0.000000e+00 1.000000e+00
    outer loop
      vertex   1.373237e-01 9.619870e+00 1.777500e+01
      vertex   6.331362e-01 9.034573e+00 1.777500e+01
      vertex   3.720725e-01 9.738228e+00 1.777500e+01
    endloop
  endfacet
  facet normal -0.000000e+00 0.000000e+00 1.000000e+00
    outer loop
      vertex   3.720725e-01 9.738228e+00 1.777500e+01
      vertex   6.331362e-01 9.034573e+00 1.777500e+01
      vertex   6.234471e-01 9.815211e+00 1.777500e+01
    endloop
  endfacet
  facet normal 0.000000e+00 0.000000e+00 1.000000e+00
    outer loop
      vertex   6.234471e-01 9.815211e+00 1.777500e+01
      vertex   6.331362e-01 9.034573e+00 1.777500e+01
      vertex   8.110815e-01 9.087846e+00 1.777500e+01
    endloop
  endfacet
  facet normal -0.000000e+00 0.000000e+00 1.000000e+00
    outer loop
      vertex   6.234471e-01 9.815211e+00 1.777500e+01
      vertex   8.110815e-01 9.087846e+00 1.777500e+01
      vertex   8.842161e-01 9.848603e+00 1.777500e+01
    endloop
  endfacet
  facet normal 0.000000e+00 0.000000e+00 1.000000e+00
    outer loop
      vertex   8.842161e-01 9.848603e+00 1.777500e+01
      vertex   8.110815e-01 9.087846e+00 1.777500e+01
      vertex   9.965159e-01 9.098647e+00 1.777500e+01
    endloop
  endfacet
  facet normal 0.000000e+00 0.000000e+00 1.000000e+00
    outer loop
      vertex   8.842161e-01 9.848603e+00 1.777500e+01
      vertex   9.965159e-01 9.098647e+00 1.777500e+01
      vertex   1.146878e+00 9.837446e+00 1.777500e+01
    endloop
  endfacet
  facet normal 0.000000e+00 0.000000e+00 1.000000e+00
    outer loop
      vertex   1.146878e+00 9.837446e+00 1.777500e+01
      vertex   9.965159e-01 9.098647e+00 1.777500e+01
      vertex   1.179443e+00 9.066392e+00 1.777500e+01
    endloop
  endfacet
  facet normal 0.000000e+00 0.000000e+00 1.000000e+00
    outer loop
      vertex   1.146878e+00 9.837446e+00 1.777500e+01
      vertex   1.179443e+00 9.066392e+00 1.777500e+01
      vertex   1.403875e+00 9.782058e+00 1.777500e+01
    endloop
  endfacet
  facet normal 0.000000e+00 0.000000e+00 1.000000e+00
    outer loop
      vertex   1.403875e+00 9.782058e+00 1.777500e+01
      vertex   1.179443e+00 9.066392e+00 1.777500e+01
      vertex   1.647816e+00 9.684035e+00 1.777500e+01
    endloop
  endfacet
  facet normal 0.000000e+00 0.000000e+00 1.000000e+00
    outer loop
      vertex   1.647816e+00 9.684035e+00 1.777500e+01
      vertex   1.179443e+00 9.066392e+00 1.777500e+01
      vertex   1.350000e+00 8.992820e+00 1.777500e+01
    endloop
  endfacet
  facet normal 0.000000e+00 0.000000e+00 1.000000e+00
    outer loop
      vertex   1.647816e+00 9.684035e+00 1.777500e+01
      vertex   1.350000e+00 8.992820e+00 1.777500e+01
      vertex   1.871681e+00 9.546196e+00 1.777500e+01
    endloop
  endfacet
  facet normal 0.000000e+00 0.000000e+00 1.000000e+00
    outer loop
      vertex   1.871681e+00 9.546196e+00 1.777500e+01
      vertex   1.350000e+00 8.992820e+00 1.777500e+01
      vertex   1.498993e+00 8.881899e+00 1.777500e+01
    endloop
  endfacet
  facet normal 0.000000e+00 0.000000e+00 1.000000e+00
    outer loop
      vertex   1.871681e+00 9.546196e+00 1.777500e+01
      vertex   1.498993e+00 8.881899e+00 1.777500e+01
      vertex   2.069032e+00 9.372505e+00 1.777500e+01
    endloop
  endfacet
  facet normal 0.000000e+00 0.000000e+00 1.000000e+00
    outer loop
      vertex   2.069032e+00 9.372505e+00 1.777500e+01
      vertex   1.498993e+00 8.881899e+00 1.777500e+01
      vertex   1.618390e+00 8.739607e+00 1.777500e+01
    endloop
  endfacet
  facet normal 0.000000e+00 0.000000e+00 1.000000e+00
    outer loop
      vertex   2.069032e+00 9.372505e+00 1.777500e+01
      vertex   1.618390e+00 8.739607e+00 1.777500e+01
      vertex   2.234190e+00 9.167961e+00 1.777500e+01
    endloop
  endfacet
  facet normal 0.000000e+00 0.000000e+00 1.000000e+00
    outer loop
      vertex   2.234190e+00 9.167961e+00 1.777500e+01
      vertex   1.618390e+00 8.739607e+00 1.777500e+01
      vertex   2.362404e+00 8.938447e+00 1.777500e+01
    endloop
  endfacet
  facet normal 0.000000e+00 0.000000e+00 1.000000e+00
    outer loop
      vertex   2.362404e+00 8.938447e+00 1.777500e+01
      vertex   1.618390e+00 8.739607e+00 1.777500e+01
      vertex   1.701754e+00 8.573616e+00 1.777500e+01
    endloop
  endfacet
  facet normal 0.000000e+00 0.000000e+00 1.000000e+00
    outer loop
      vertex   2.362404e+00 8.938447e+00 1.777500e+01
      vertex   1.701754e+00 8.573616e+00 1.777500e+01
      vertex   2.449986e+00 8.690566e+00 1.777500e+01
    endloop
  endfacet
  facet normal 0.000000e+00 0.000000e+00 1.000000e+00
    outer loop
      vertex   2.449986e+00 8.690566e+00 1.777500e+01
      vertex   1.701754e+00 8.573616e+00 1.777500e+01
      vertex   1.744591e+00 8.392874e+00 1.777500e+01
    endloop
  endfacet
  facet normal 0.000000e+00 0.000000e+00 1.000000e+00
    outer loop
      vertex   2.449986e+00 8.690566e+00 1.777500e+01
      vertex   1.744591e+00 8.392874e+00 1.777500e+01
      vertex   2.494416e+00 8.431449e+00 1.777500e+01
    endloop
  endfacet
  facet normal 0.000000e+00 0.000000e+00 1.000000e+00
    outer loop
      vertex   2.494416e+00 8.431449e+00 1.777500e+01
      vertex   1.744591e+00 8.392874e+00 1.777500e+01
      vertex   2.494416e+00 8.168551e+00 1.777500e+01
    endloop
  endfacet
  facet normal 0.000000e+00 0.000000e+00 1.000000e+00
    outer loop
      vertex   2.494416e+00 8.168551e+00 1.777500e+01
      vertex   1.744591e+00 8.392874e+00 1.777500e+01
      vertex   1.744591e+00 8.207126e+00 1.777500e+01
    endloop
  endfacet
  facet normal 0.000000e+00 0.000000e+00 1.000000e+00
    outer loop
      vertex   2.494416e+00 8.168551e+00 1.777500e+01
      vertex   1.744591e+00 8.207126e+00 1.777500e+01
      vertex   2.449986e+00 7.909434e+00 1.777500e+01
    endloop
  endfacet
  facet normal 0.000000e+00 0.000000e+00 1.000000e+00
    outer loop
      vertex   2.449986e+00 7.909434e+00 1.777500e+01
      vertex   1.744591e+00 8.207126e+00 1.777500e+01
      vertex   1.701754e+00 8.026384e+00 1.777500e+01
    endloop
  endfacet
  facet normal 0.000000e+00 0.000000e+00 1.000000e+00
    outer loop
      vertex   2.449986e+00 7.909434e+00 1.777500e+01
      vertex   1.701754e+00 8.026384e+00 1.777500e+01
      vertex   2.362404e+00 7.661553e+00 1.777500e+01
    endloop
  endfacet
  facet normal 0.000000e+00 0.000000e+00 1.000000e+00
    outer loop
      vertex   2.362404e+00 7.661553e+00 1.777500e+01
      vertex   1.701754e+00 8.026384e+00 1.777500e+01
      vertex   1.618390e+00 7.860393e+00 1.777500e+01
    endloop
  endfacet
  facet normal 0.000000e+00 0.000000e+00 1.000000e+00
    outer loop
      vertex   2.362404e+00 7.661553e+00 1.777500e+01
      vertex   1.618390e+00 7.860393e+00 1.777500e+01
      vertex   2.234190e+00 7.432039e+00 1.777500e+01
    endloop
  endfacet
  facet normal 0.000000e+00 0.000000e+00 1.000000e+00
    outer loop
      vertex   2.234190e+00 7.432039e+00 1.777500e+01
      vertex   1.618390e+00 7.860393e+00 1.777500e+01
      vertex   2.069032e+00 7.227495e+00 1.777500e+01
    endloop
  endfacet
  facet normal 0.000000e+00 0.000000e+00 1.000000e+00
    outer loop
      vertex   2.069032e+00 7.227495e+00 1.777500e+01
      vertex   1.618390e+00 7.860393e+00 1.777500e+01
      vertex   1.498993e+00 7.718101e+00 1.777500e+01
    endloop
  endfacet
  facet normal 0.000000e+00 0.000000e+00 1.000000e+00
    outer loop
      vertex   2.069032e+00 7.227495e+00 1.777500e+01
      vertex   1.498993e+00 7.718101e+00 1.777500e+01
      vertex   1.871681e+00 7.053804e+00 1.777500e+01
    endloop
  endfacet
  facet normal 0.000000e+00 0.000000e+00 1.000000e+00
    outer loop
      vertex   1.871681e+00 7.053804e+00 1.777500e+01
      vertex   1.498993e+00 7.718101e+00 1.777500e+01
      vertex   1.350000e+00 7.607180e+00 1.777500e+01
    endloop
  endfacet
  facet normal 0.000000e+00 0.000000e+00 1.000000e+00
    outer loop
      vertex   1.871681e+00 7.053804e+00 1.777500e+01
      vertex   1.350000e+00 7.607180e+00 1.777500e+01
      vertex   1.647816e+00 6.915965e+00 1.777500e+01
    endloop
  endfacet
  facet normal 0.000000e+00 0.000000e+00 1.000000e+00
    outer loop
      vertex   1.647816e+00 6.915965e+00 1.777500e+01
      vertex   1.350000e+00 7.607180e+00 1.777500e+01
      vertex   1.179443e+00 7.533608e+00 1.777500e+01
    endloop
  endfacet
  facet normal 0.000000e+00 0.000000e+00 1.000000e+00
    outer loop
      vertex   1.647816e+00 6.915965e+00 1.777500e+01
      vertex   1.179443e+00 7.533608e+00 1.777500e+01
      vertex   1.403875e+00 6.817942e+00 1.777500e+01
    endloop
  endfacet
  facet normal 0.000000e+00 0.000000e+00 1.000000e+00
    outer loop
      vertex   1.403875e+00 6.817942e+00 1.777500e+01
      vertex   1.179443e+00 7.533608e+00 1.777500e+01
      vertex   1.146878e+00 6.762554e+00 1.777500e+01
    endloop
  endfacet
  facet normal 0.000000e+00 -0.000000e+00 1.000000e+00
    outer loop
      vertex   1.146878e+00 6.762554e+00 1.777500e+01
      vertex   1.179443e+00 7.533608e+00 1.777500e+01
      vertex   9.965159e-01 7.501353e+00 1.777500e+01
    endloop
  endfacet
  facet normal 0.000000e+00 0.000000e+00 1.000000e+00
    outer loop
      vertex   1.146878e+00 6.762554e+00 1.777500e+01
      vertex   9.965159e-01 7.501353e+00 1.777500e+01
      vertex   8.842161e-01 6.751397e+00 1.777500e+01
    endloop
  endfacet
  facet normal 0.000000e+00 -0.000000e+00 1.000000e+00
    outer loop
      vertex   8.842161e-01 6.751397e+00 1.777500e+01
      vertex   9.965159e-01 7.501353e+00 1.777500e+01
      vertex   8.110815e-01 7.512154e+00 1.777500e+01
    endloop
  endfacet
  facet normal 0.000000e+00 0.000000e+00 1.000000e+00
    outer loop
      vertex   8.842161e-01 6.751397e+00 1.777500e+01
      vertex   8.110815e-01 7.512154e+00 1.777500e+01
      vertex   6.234471e-01 6.784789e+00 1.777500e+01
    endloop
  endfacet
  facet normal 0.000000e+00 0.000000e+00 1.000000e+00
    outer loop
      vertex   6.234471e-01 6.784789e+00 1.777500e+01
      vertex   8.110815e-01 7.512154e+00 1.777500e+01
      vertex   6.331362e-01 7.565427e+00 1.777500e+01
    endloop
  endfacet
  facet normal 0.000000e+00 -0.000000e+00 1.000000e+00
    outer loop
      vertex   6.234471e-01 6.784789e+00 1.777500e+01
      vertex   6.331362e-01 7.565427e+00 1.777500e+01
      vertex   3.720725e-01 6.861772e+00 1.777500e+01
    endloop
  endfacet
  facet normal 0.000000e+00 -0.000000e+00 1.000000e+00
    outer loop
      vertex   3.720725e-01 6.861772e+00 1.777500e+01
      vertex   6.331362e-01 7.565427e+00 1.777500e+01
      vertex   1.373237e-01 6.980130e+00 1.777500e+01
    endloop
  endfacet
  facet normal 0.000000e+00 0.000000e+00 1.000000e+00
    outer loop
      vertex   1.373237e-01 6.980130e+00 1.777500e+01
      vertex   6.331362e-01 7.565427e+00 1.777500e+01
      vertex   4.722731e-01 7.658301e+00 1.777500e+01
    endloop
  endfacet
  facet normal 0.000000e+00 -0.000000e+00 1.000000e+00
    outer loop
      vertex   1.373237e-01 6.980130e+00 1.777500e+01
      vertex   4.722731e-01 7.658301e+00 1.777500e+01
      vertex   -7.404582e-02 7.136458e+00 1.777500e+01
    endloop
  endfacet
  facet normal 0.000000e+00 0.000000e+00 1.000000e+00
    outer loop
      vertex   -7.404582e-02 7.136458e+00 1.777500e+01
      vertex   4.722731e-01 7.658301e+00 1.777500e+01
      vertex   3.371644e-01 7.785770e+00 1.777500e+01
    endloop
  endfacet
  facet normal 0.000000e+00 -0.000000e+00 1.000000e+00
    outer loop
      vertex   -7.404582e-02 7.136458e+00 1.777500e+01
      vertex   3.371644e-01 7.785770e+00 1.777500e+01
      vertex   -2.559554e-01 7.326259e+00 1.777500e+01
    endloop
  endfacet
  facet normal 0.000000e+00 -0.000000e+00 1.000000e+00
    outer loop
      vertex   -2.559554e-01 7.326259e+00 1.777500e+01
      vertex   3.371644e-01 7.785770e+00 1.777500e+01
      vertex   -4.031719e-01 7.544073e+00 1.777500e+01
    endloop
  endfacet
  facet normal 0.000000e+00 0.000000e+00 1.000000e+00
    outer loop
      vertex   -4.031719e-01 7.544073e+00 1.777500e+01
      vertex   3.371644e-01 7.785770e+00 1.777500e+01
      vertex   2.350939e-01 7.940961e+00 1.777500e+01
    endloop
  endfacet
  facet normal 0.000000e+00 -0.000000e+00 1.000000e+00
    outer loop
      vertex   -4.031719e-01 7.544073e+00 1.777500e+01
      vertex   2.350939e-01 7.940961e+00 1.777500e+01
      vertex   -5.114600e-01 7.783633e+00 1.777500e+01
    endloop
  endfacet
  facet normal 0.000000e+00 0.000000e+00 1.000000e+00
    outer loop
      vertex   -5.114600e-01 7.783633e+00 1.777500e+01
      vertex   2.350939e-01 7.940961e+00 1.777500e+01
      vertex   1.715641e-01 8.115507e+00 1.777500e+01
    endloop
  endfacet
  facet normal 0.000000e+00 -0.000000e+00 1.000000e+00
    outer loop
      vertex   -5.114600e-01 7.783633e+00 1.777500e+01
      vertex   1.715641e-01 8.115507e+00 1.777500e+01
      vertex   -5.777047e-01 8.038049e+00 1.777500e+01
    endloop
  endfacet
  facet normal 0.000000e+00 0.000000e+00 1.000000e+00
    outer loop
      vertex   -5.777047e-01 8.038049e+00 1.777500e+01
      vertex   1.715641e-01 8.115507e+00 1.777500e+01
      vertex   1.500000e-01 8.300000e+00 1.777500e+01
    endloop
  endfacet
  facet normal 9.963975e-01 -8.480592e-02 0.000000e+00
    outer loop
      vertex   -5.965197e+00 2.936951e+00 1.777500e+01
      vertex   -5.965197e+00 2.936951e+00 1.907500e+01
      vertex   -5.987492e+00 2.675000e+00 1.777500e+01
    endloop
  endfacet
  facet normal 9.963975e-01 -8.480592e-02 0.000000e+00
    outer loop
      vertex   -5.987492e+00 2.675000e+00 1.777500e+01
      vertex   -5.965197e+00 2.936951e+00 1.907500e+01
      vertex   -5.987492e+00 2.675000e+00 1.907500e+01
    endloop
  endfacet
  facet normal 9.963975e-01 8.480592e-02 -0.000000e+00
    outer loop
      vertex   -5.987492e+00 2.675000e+00 1.777500e+01
      vertex   -5.987492e+00 2.675000e+00 1.907500e+01
      vertex   -5.965197e+00 2.413049e+00 1.777500e+01
    endloop
  endfacet
  facet normal 9.963975e-01 8.480592e-02 -0.000000e+00
    outer loop
      vertex   -5.965197e+00 2.413049e+00 1.777500e+01
      vertex   -5.987492e+00 2.675000e+00 1.907500e+01
      vertex   -5.965197e+00 2.413049e+00 1.907500e+01
    endloop
  endfacet
  facet normal 9.677329e-01 2.519781e-01 -0.000000e+00
    outer loop
      vertex   -5.965197e+00 2.413049e+00 1.777500e+01
      vertex   -5.965197e+00 2.413049e+00 1.907500e+01
      vertex   -5.898952e+00 2.158633e+00 1.777500e+01
    endloop
  endfacet
  facet normal 9.677329e-01 2.519781e-01 -0.000000e+00
    outer loop
      vertex   -5.898952e+00 2.158633e+00 1.777500e+01
      vertex   -5.965197e+00 2.413049e+00 1.907500e+01
      vertex   -5.898952e+00 2.158633e+00 1.907500e+01
    endloop
  endfacet
  facet normal 9.112285e-01 4.119012e-01 -0.000000e+00
    outer loop
      vertex   -5.898952e+00 2.158633e+00 1.777500e+01
      vertex   -5.898952e+00 2.158633e+00 1.907500e+01
      vertex   -5.790664e+00 1.919073e+00 1.777500e+01
    endloop
  endfacet
  facet normal 9.112285e-01 4.119012e-01 -0.000000e+00
    outer loop
      vertex   -5.790664e+00 1.919073e+00 1.777500e+01
      vertex   -5.898952e+00 2.158633e+00 1.907500e+01
      vertex   -5.790664e+00 1.919073e+00 1.907500e+01
    endloop
  endfacet
  facet normal 8.285096e-01 5.599748e-01 -0.000000e+00
    outer loop
      vertex   -5.790664e+00 1.919073e+00 1.777500e+01
      vertex   -5.790664e+00 1.919073e+00 1.907500e+01
      vertex   -5.643448e+00 1.701259e+00 1.777500e+01
    endloop
  endfacet
  facet normal 8.285096e-01 5.599748e-01 -0.000000e+00
    outer loop
      vertex   -5.643448e+00 1.701259e+00 1.777500e+01
      vertex   -5.790664e+00 1.919073e+00 1.907500e+01
      vertex   -5.643448e+00 1.701259e+00 1.907500e+01
    endloop
  endfacet
  facet normal 7.219561e-01 6.919389e-01 -0.000000e+00
    outer loop
      vertex   -5.643448e+00 1.701259e+00 1.777500e+01
      vertex   -5.643448e+00 1.701259e+00 1.907500e+01
      vertex   -5.461538e+00 1.511458e+00 1.777500e+01
    endloop
  endfacet
  facet normal 7.219561e-01 6.919389e-01 -0.000000e+00
    outer loop
      vertex   -5.461538e+00 1.511458e+00 1.777500e+01
      vertex   -5.643448e+00 1.701259e+00 1.907500e+01
      vertex   -5.461538e+00 1.511458e+00 1.907500e+01
    endloop
  endfacet
  facet normal 5.946332e-01 8.039971e-01 -0.000000e+00
    outer loop
      vertex   -5.461538e+00 1.511458e+00 1.777500e+01
      vertex   -5.461538e+00 1.511458e+00 1.907500e+01
      vertex   -5.250169e+00 1.355130e+00 1.777500e+01
    endloop
  endfacet
  facet normal 5.946332e-01 8.039971e-01 -0.000000e+00
    outer loop
      vertex   -5.250169e+00 1.355130e+00 1.777500e+01
      vertex   -5.461538e+00 1.511458e+00 1.907500e+01
      vertex   -5.250169e+00 1.355130e+00 1.907500e+01
    endloop
  endfacet
  facet normal 4.502037e-01 8.929259e-01 -0.000000e+00
    outer loop
      vertex   -5.250169e+00 1.355130e+00 1.777500e+01
      vertex   -5.250169e+00 1.355130e+00 1.907500e+01
      vertex   -5.015420e+00 1.236772e+00 1.777500e+01
    endloop
  endfacet
  facet normal 4.502037e-01 8.929259e-01 -0.000000e+00
    outer loop
      vertex   -5.015420e+00 1.236772e+00 1.777500e+01
      vertex   -5.250169e+00 1.355130e+00 1.907500e+01
      vertex   -5.015420e+00 1.236772e+00 1.907500e+01
    endloop
  endfacet
  facet normal 2.928228e-01 9.561667e-01 -0.000000e+00
    outer loop
      vertex   -5.015420e+00 1.236772e+00 1.777500e+01
      vertex   -5.015420e+00 1.236772e+00 1.907500e+01
      vertex   -4.764045e+00 1.159789e+00 1.777500e+01
    endloop
  endfacet
  facet normal 2.928228e-01 9.561667e-01 -0.000000e+00
    outer loop
      vertex   -4.764045e+00 1.159789e+00 1.777500e+01
      vertex   -5.015420e+00 1.236772e+00 1.907500e+01
      vertex   -4.764045e+00 1.159789e+00 1.907500e+01
    endloop
  endfacet
  facet normal 1.270178e-01 9.919004e-01 -0.000000e+00
    outer loop
      vertex   -4.764045e+00 1.159789e+00 1.777500e+01
      vertex   -4.764045e+00 1.159789e+00 1.907500e+01
      vertex   -4.503276e+00 1.126396e+00 1.777500e+01
    endloop
  endfacet
  facet normal 1.270178e-01 9.919004e-01 -0.000000e+00
    outer loop
      vertex   -4.503276e+00 1.126396e+00 1.777500e+01
      vertex   -4.764045e+00 1.159789e+00 1.907500e+01
      vertex   -4.503276e+00 1.126396e+00 1.907500e+01
    endloop
  endfacet
  facet normal -4.244120e-02 9.990990e-01 0.000000e+00
    outer loop
      vertex   -4.503276e+00 1.126396e+00 1.777500e+01
      vertex   -4.503276e+00 1.126396e+00 1.907500e+01
      vertex   -4.240615e+00 1.137554e+00 1.777500e+01
    endloop
  endfacet
  facet normal -4.244120e-02 9.990990e-01 0.000000e+00
    outer loop
      vertex   -4.240615e+00 1.137554e+00 1.777500e+01
      vertex   -4.503276e+00 1.126396e+00 1.907500e+01
      vertex   -4.240615e+00 1.137554e+00 1.907500e+01
    endloop
  endfacet
  facet normal -2.106793e-01 9.775552e-01 0.000000e+00
    outer loop
      vertex   -4.240615e+00 1.137554e+00 1.777500e+01
      vertex   -4.240615e+00 1.137554e+00 1.907500e+01
      vertex   -3.983617e+00 1.192941e+00 1.777500e+01
    endloop
  endfacet
  facet normal -2.106793e-01 9.775552e-01 0.000000e+00
    outer loop
      vertex   -3.983617e+00 1.192941e+00 1.777500e+01
      vertex   -4.240615e+00 1.137554e+00 1.907500e+01
      vertex   -3.983617e+00 1.192941e+00 1.907500e+01
    endloop
  endfacet
  facet normal -3.728565e-01 9.278890e-01 0.000000e+00
    outer loop
      vertex   -3.983617e+00 1.192941e+00 1.777500e+01
      vertex   -3.983617e+00 1.192941e+00 1.907500e+01
      vertex   -3.739677e+00 1.290965e+00 1.777500e+01
    endloop
  endfacet
  facet normal -3.728565e-01 9.278890e-01 0.000000e+00
    outer loop
      vertex   -3.739677e+00 1.290965e+00 1.777500e+01
      vertex   -3.983617e+00 1.192941e+00 1.907500e+01
      vertex   -3.739677e+00 1.290965e+00 1.907500e+01
    endloop
  endfacet
  facet normal -5.243073e-01 8.515291e-01 0.000000e+00
    outer loop
      vertex   -3.739677e+00 1.290965e+00 1.777500e+01
      vertex   -3.739677e+00 1.290965e+00 1.907500e+01
      vertex   -3.515811e+00 1.428804e+00 1.777500e+01
    endloop
  endfacet
  facet normal -5.243073e-01 8.515291e-01 0.000000e+00
    outer loop
      vertex   -3.515811e+00 1.428804e+00 1.777500e+01
      vertex   -3.739677e+00 1.290965e+00 1.907500e+01
      vertex   -3.515811e+00 1.428804e+00 1.907500e+01
    endloop
  endfacet
  facet normal -6.606747e-01 7.506723e-01 0.000000e+00
    outer loop
      vertex   -3.515811e+00 1.428804e+00 1.777500e+01
      vertex   -3.515811e+00 1.428804e+00 1.907500e+01
      vertex   -3.318460e+00 1.602495e+00 1.777500e+01
    endloop
  endfacet
  facet normal -6.606747e-01 7.506723e-01 0.000000e+00
    outer loop
      vertex   -3.318460e+00 1.602495e+00 1.777500e+01
      vertex   -3.515811e+00 1.428804e+00 1.907500e+01
      vertex   -3.318460e+00 1.602495e+00 1.907500e+01
    endloop
  endfacet
  facet normal -7.780358e-01 6.282200e-01 0.000000e+00
    outer loop
      vertex   -3.318460e+00 1.602495e+00 1.777500e+01
      vertex   -3.318460e+00 1.602495e+00 1.907500e+01
      vertex   -3.153302e+00 1.807039e+00 1.777500e+01
    endloop
  endfacet
  facet normal -7.780358e-01 6.282200e-01 0.000000e+00
    outer loop
      vertex   -3.153302e+00 1.807039e+00 1.777500e+01
      vertex   -3.318460e+00 1.602495e+00 1.907500e+01
      vertex   -3.153302e+00 1.807039e+00 1.907500e+01
    endloop
  endfacet
  facet normal -8.730141e-01 4.876949e-01 0.000000e+00
    outer loop
      vertex   -3.153302e+00 1.807039e+00 1.777500e+01
      vertex   -3.153302e+00 1.807039e+00 1.907500e+01
      vertex   -3.025088e+00 2.036553e+00 1.777500e+01
    endloop
  endfacet
  facet normal -8.730141e-01 4.876949e-01 0.000000e+00
    outer loop
      vertex   -3.025088e+00 2.036553e+00 1.777500e+01
      vertex   -3.153302e+00 1.807039e+00 1.907500e+01
      vertex   -3.025088e+00 2.036553e+00 1.907500e+01
    endloop
  endfacet
  facet normal -9.428774e-01 3.331398e-01 0.000000e+00
    outer loop
      vertex   -3.025088e+00 2.036553e+00 1.777500e+01
      vertex   -3.025088e+00 2.036553e+00 1.907500e+01
      vertex   -2.937506e+00 2.284434e+00 1.777500e+01
    endloop
  endfacet
  facet normal -9.428774e-01 3.331398e-01 0.000000e+00
    outer loop
      vertex   -2.937506e+00 2.284434e+00 1.777500e+01
      vertex   -3.025088e+00 2.036553e+00 1.907500e+01
      vertex   -2.937506e+00 2.284434e+00 1.907500e+01
    endloop
  endfacet
  facet normal -9.856159e-01 1.690008e-01 0.000000e+00
    outer loop
      vertex   -2.937506e+00 2.284434e+00 1.777500e+01
      vertex   -2.937506e+00 2.284434e+00 1.907500e+01
      vertex   -2.893076e+00 2.543551e+00 1.777500e+01
    endloop
  endfacet
  facet normal -9.856159e-01 1.690008e-01 0.000000e+00
    outer loop
      vertex   -2.893076e+00 2.543551e+00 1.777500e+01
      vertex   -2.937506e+00 2.284434e+00 1.907500e+01
      vertex   -2.893076e+00 2.543551e+00 1.907500e+01
    endloop
  endfacet
  facet normal -1.000000e+00 0.000000e+00 0.000000e+00
    outer loop
      vertex   -2.893076e+00 2.543551e+00 1.777500e+01
      vertex   -2.893076e+00 2.543551e+00 1.907500e+01
      vertex   -2.893076e+00 2.806449e+00 1.777500e+01
    endloop
  endfacet
  facet normal -1.000000e+00 0.000000e+00 0.000000e+00
    outer loop
      vertex   -2.893076e+00 2.806449e+00 1.777500e+01
      vertex   -2.893076e+00 2.543551e+00 1.907500e+01
      vertex   -2.893076e+00 2.806449e+00 1.907500e+01
    endloop
  endfacet
  facet normal -9.856159e-01 -1.690008e-01 0.000000e+00
    outer loop
      vertex   -2.893076e+00 2.806449e+00 1.777500e+01
      vertex   -2.893076e+00 2.806449e+00 1.907500e+01
      vertex   -2.937506e+00 3.065566e+00 1.777500e+01
    endloop
  endfacet
  facet normal -9.856159e-01 -1.690008e-01 0.000000e+00
    outer loop
      vertex   -2.937506e+00 3.065566e+00 1.777500e+01
      vertex   -2.893076e+00 2.806449e+00 1.907500e+01
      vertex   -2.937506e+00 3.065566e+00 1.907500e+01
    endloop
  endfacet
  facet normal -9.428774e-01 -3.331398e-01 0.000000e+00
    outer loop
      vertex   -2.937506e+00 3.065566e+00 1.777500e+01
      vertex   -2.937506e+00 3.065566e+00 1.907500e+01
      vertex   -3.025088e+00 3.313447e+00 1.777500e+01
    endloop
  endfacet
  facet normal -9.428774e-01 -3.331398e-01 0.000000e+00
    outer loop
      vertex   -3.025088e+00 3.313447e+00 1.777500e+01
      vertex   -2.937506e+00 3.065566e+00 1.907500e+01
      vertex   -3.025088e+00 3.313447e+00 1.907500e+01
    endloop
  endfacet
  facet normal -8.730141e-01 -4.876949e-01 0.000000e+00
    outer loop
      vertex   -3.025088e+00 3.313447e+00 1.777500e+01
      vertex   -3.025088e+00 3.313447e+00 1.907500e+01
      vertex   -3.153302e+00 3.542961e+00 1.777500e+01
    endloop
  endfacet
  facet normal -8.730141e-01 -4.876949e-01 0.000000e+00
    outer loop
      vertex   -3.153302e+00 3.542961e+00 1.777500e+01
      vertex   -3.025088e+00 3.313447e+00 1.907500e+01
      vertex   -3.153302e+00 3.542961e+00 1.907500e+01
    endloop
  endfacet
  facet normal -7.780358e-01 -6.282200e-01 0.000000e+00
    outer loop
      vertex   -3.153302e+00 3.542961e+00 1.777500e+01
      vertex   -3.153302e+00 3.542961e+00 1.907500e+01
      vertex   -3.318460e+00 3.747505e+00 1.777500e+01
    endloop
  endfacet
  facet normal -7.780358e-01 -6.282200e-01 0.000000e+00
    outer loop
      vertex   -3.318460e+00 3.747505e+00 1.777500e+01
      vertex   -3.153302e+00 3.542961e+00 1.907500e+01
      vertex   -3.318460e+00 3.747505e+00 1.907500e+01
    endloop
  endfacet
  facet normal -6.606747e-01 -7.506723e-01 0.000000e+00
    outer loop
      vertex   -3.318460e+00 3.747505e+00 1.777500e+01
      vertex   -3.318460e+00 3.747505e+00 1.907500e+01
      vertex   -3.515811e+00 3.921195e+00 1.777500e+01
    endloop
  endfacet
  facet normal -6.606747e-01 -7.506723e-01 0.000000e+00
    outer loop
      vertex   -3.515811e+00 3.921195e+00 1.777500e+01
      vertex   -3.318460e+00 3.747505e+00 1.907500e+01
      vertex   -3.515811e+00 3.921195e+00 1.907500e+01
    endloop
  endfacet
  facet normal -5.243073e-01 -8.515291e-01 0.000000e+00
    outer loop
      vertex   -3.515811e+00 3.921195e+00 1.777500e+01
      vertex   -3.515811e+00 3.921195e+00 1.907500e+01
      vertex   -3.739677e+00 4.059035e+00 1.777500e+01
    endloop
  endfacet
  facet normal -5.243073e-01 -8.515291e-01 0.000000e+00
    outer loop
      vertex   -3.739677e+00 4.059035e+00 1.777500e+01
      vertex   -3.515811e+00 3.921195e+00 1.907500e+01
      vertex   -3.739677e+00 4.059035e+00 1.907500e+01
    endloop
  endfacet
  facet normal -3.728565e-01 -9.278890e-01 0.000000e+00
    outer loop
      vertex   -3.739677e+00 4.059035e+00 1.777500e+01
      vertex   -3.739677e+00 4.059035e+00 1.907500e+01
      vertex   -3.983617e+00 4.157058e+00 1.777500e+01
    endloop
  endfacet
  facet normal -3.728565e-01 -9.278890e-01 0.000000e+00
    outer loop
      vertex   -3.983617e+00 4.157058e+00 1.777500e+01
      vertex   -3.739677e+00 4.059035e+00 1.907500e+01
      vertex   -3.983617e+00 4.157058e+00 1.907500e+01
    endloop
  endfacet
  facet normal -2.106793e-01 -9.775552e-01 0.000000e+00
    outer loop
      vertex   -3.983617e+00 4.157058e+00 1.777500e+01
      vertex   -3.983617e+00 4.157058e+00 1.907500e+01
      vertex   -4.240615e+00 4.212445e+00 1.777500e+01
    endloop
  endfacet
  facet normal -2.106793e-01 -9.775552e-01 0.000000e+00
    outer loop
      vertex   -4.240615e+00 4.212445e+00 1.777500e+01
      vertex   -3.983617e+00 4.157058e+00 1.907500e+01
      vertex   -4.240615e+00 4.212445e+00 1.907500e+01
    endloop
  endfacet
  facet normal -4.244120e-02 -9.990990e-01 0.000000e+00
    outer loop
      vertex   -4.240615e+00 4.212445e+00 1.777500e+01
      vertex   -4.240615e+00 4.212445e+00 1.907500e+01
      vertex   -4.503276e+00 4.223603e+00 1.777500e+01
    endloop
  endfacet
  facet normal -4.244120e-02 -9.990990e-01 0.000000e+00
    outer loop
      vertex   -4.503276e+00 4.223603e+00 1.777500e+01
      vertex   -4.240615e+00 4.212445e+00 1.907500e+01
      vertex   -4.503276e+00 4.223603e+00 1.907500e+01
    endloop
  endfacet
  facet normal 1.270178e-01 -9.919004e-01 0.000000e+00
    outer loop
      vertex   -4.503276e+00 4.223603e+00 1.777500e+01
      vertex   -4.503276e+00 4.223603e+00 1.907500e+01
      vertex   -4.764045e+00 4.190210e+00 1.777500e+01
    endloop
  endfacet
  facet normal 1.270178e-01 -9.919004e-01 0.000000e+00
    outer loop
      vertex   -4.764045e+00 4.190210e+00 1.777500e+01
      vertex   -4.503276e+00 4.223603e+00 1.907500e+01
      vertex   -4.764045e+00 4.190210e+00 1.907500e+01
    endloop
  endfacet
  facet normal 2.928228e-01 -9.561667e-01 0.000000e+00
    outer loop
      vertex   -4.764045e+00 4.190210e+00 1.777500e+01
      vertex   -4.764045e+00 4.190210e+00 1.907500e+01
      vertex   -5.015420e+00 4.113228e+00 1.777500e+01
    endloop
  endfacet
  facet normal 2.928228e-01 -9.561667e-01 0.000000e+00
    outer loop
      vertex   -5.015420e+00 4.113228e+00 1.777500e+01
      vertex   -4.764045e+00 4.190210e+00 1.907500e+01
      vertex   -5.015420e+00 4.113228e+00 1.907500e+01
    endloop
  endfacet
  facet normal 4.502037e-01 -8.929259e-01 0.000000e+00
    outer loop
      vertex   -5.015420e+00 4.113228e+00 1.777500e+01
      vertex   -5.015420e+00 4.113228e+00 1.907500e+01
      vertex   -5.250169e+00 3.994870e+00 1.777500e+01
    endloop
  endfacet
  facet normal 4.502037e-01 -8.929259e-01 0.000000e+00
    outer loop
      vertex   -5.250169e+00 3.994870e+00 1.777500e+01
      vertex   -5.015420e+00 4.113228e+00 1.907500e+01
      vertex   -5.250169e+00 3.994870e+00 1.907500e+01
    endloop
  endfacet
  facet normal 5.946332e-01 -8.039971e-01 0.000000e+00
    outer loop
      vertex   -5.250169e+00 3.994870e+00 1.777500e+01
      vertex   -5.250169e+00 3.994870e+00 1.907500e+01
      vertex   -5.461538e+00 3.838542e+00 1.777500e+01
    endloop
  endfacet
  facet normal 5.946332e-01 -8.039971e-01 0.000000e+00
    outer loop
      vertex   -5.461538e+00 3.838542e+00 1.777500e+01
      vertex   -5.250169e+00 3.994870e+00 1.907500e+01
      vertex   -5.461538e+00 3.838542e+00 1.907500e+01
    endloop
  endfacet
  facet normal 7.219561e-01 -6.919389e-01 0.000000e+00
    outer loop
      vertex   -5.461538e+00 3.838542e+00 1.777500e+01
      vertex   -5.461538e+00 3.838542e+00 1.907500e+01
      vertex   -5.643448e+00 3.648741e+00 1.777500e+01
    endloop
  endfacet
  facet normal 7.219561e-01 -6.919389e-01 0.000000e+00
    outer loop
      vertex   -5.643448e+00 3.648741e+00 1.777500e+01
      vertex   -5.461538e+00 3.838542e+00 1.907500e+01
      vertex   -5.643448e+00 3.648741e+00 1.907500e+01
    endloop
  endfacet
  facet normal 8.285096e-01 -5.599748e-01 0.000000e+00
    outer loop
      vertex   -5.643448e+00 3.648741e+00 1.777500e+01
      vertex   -5.643448e+00 3.648741e+00 1.907500e+01
      vertex   -5.790664e+00 3.430927e+00 1.777500e+01
    endloop
  endfacet
  facet normal 8.285096e-01 -5.599748e-01 0.000000e+00
    outer loop
      vertex   -5.790664e+00 3.430927e+00 1.777500e+01
      vertex   -5.643448e+00 3.648741e+00 1.907500e+01
      vertex   -5.790664e+00 3.430927e+00 1.907500e+01
    endloop
  endfacet
  facet normal 9.112285e-01 -4.119012e-01 0.000000e+00
    outer loop
      vertex   -5.790664e+00 3.430927e+00 1.777500e+01
      vertex   -5.790664e+00 3.430927e+00 1.907500e+01
      vertex   -5.898952e+00 3.191366e+00 1.777500e+01
    endloop
  endfacet
  facet normal 9.112285e-01 -4.119012e-01 0.000000e+00
    outer loop
      vertex   -5.898952e+00 3.191366e+00 1.777500e+01
      vertex   -5.790664e+00 3.430927e+00 1.907500e+01
      vertex   -5.898952e+00 3.191366e+00 1.907500e+01
    endloop
  endfacet
  facet normal 9.677329e-01 -2.519781e-01 0.000000e+00
    outer loop
      vertex   -5.898952e+00 3.191366e+00 1.777500e+01
      vertex   -5.898952e+00 3.191366e+00 1.907500e+01
      vertex   -5.965197e+00 2.936951e+00 1.777500e+01
    endloop
  endfacet
  facet normal 9.677329e-01 -2.519781e-01 0.000000e+00
    outer loop
      vertex   -5.965197e+00 2.936951e+00 1.777500e+01
      vertex   -5.898952e+00 3.191366e+00 1.907500e+01
      vertex   -5.965197e+00 2.936951e+00 1.907500e+01
    endloop
  endfacet
  facet normal 0.000000e+00 0.000000e+00 1.000000e+00
    outer loop
      vertex   -5.215928e+00 2.859492e+00 1.777500e+01
      vertex   -5.965197e+00 2.936951e+00 1.777500e+01
      vertex   -5.237492e+00 2.675000e+00 1.777500e+01
    endloop
  endfacet
  facet normal 0.000000e+00 0.000000e+00 1.000000e+00
    outer loop
      vertex   -5.237492e+00 2.675000e+00 1.777500e+01
      vertex   -5.965197e+00 2.936951e+00 1.777500e+01
      vertex   -5.987492e+00 2.675000e+00 1.777500e+01
    endloop
  endfacet
  facet normal 0.000000e+00 0.000000e+00 1.000000e+00
    outer loop
      vertex   -5.237492e+00 2.675000e+00 1.777500e+01
      vertex   -5.987492e+00 2.675000e+00 1.777500e+01
      vertex   -5.965197e+00 2.413049e+00 1.777500e+01
    endloop
  endfacet
  facet normal -0.000000e+00 0.000000e+00 1.000000e+00
    outer loop
      vertex   -5.965197e+00 2.936951e+00 1.777500e+01
      vertex   -5.215928e+00 2.859492e+00 1.777500e+01
      vertex   -5.898952e+00 3.191366e+00 1.777500e+01
    endloop
  endfacet
  facet normal 0.000000e+00 0.000000e+00 1.000000e+00
    outer loop
      vertex   -5.898952e+00 3.191366e+00 1.777500e+01
      vertex   -5.215928e+00 2.859492e+00 1.777500e+01
      vertex   -5.152399e+00 3.034039e+00 1.777500e+01
    endloop
  endfacet
  facet normal -0.000000e+00 0.000000e+00 1.000000e+00
    outer loop
      vertex   -5.898952e+00 3.191366e+00 1.777500e+01
      vertex   -5.152399e+00 3.034039e+00 1.777500e+01
      vertex   -5.790664e+00 3.430927e+00 1.777500e+01
    endloop
  endfacet
  facet normal 0.000000e+00 0.000000e+00 1.000000e+00
    outer loop
      vertex   -5.790664e+00 3.430927e+00 1.777500e+01
      vertex   -5.152399e+00 3.034039e+00 1.777500e+01
      vertex   -5.050328e+00 3.189230e+00 1.777500e+01
    endloop
  endfacet
  facet normal -0.000000e+00 0.000000e+00 1.000000e+00
    outer loop
      vertex   -5.790664e+00 3.430927e+00 1.777500e+01
      vertex   -5.050328e+00 3.189230e+00 1.777500e+01
      vertex   -5.643448e+00 3.648741e+00 1.777500e+01
    endloop
  endfacet
  facet normal -0.000000e+00 0.000000e+00 1.000000e+00
    outer loop
      vertex   -5.643448e+00 3.648741e+00 1.777500e+01
      vertex   -5.050328e+00 3.189230e+00 1.777500e+01
      vertex   -5.461538e+00 3.838542e+00 1.777500e+01
    endloop
  endfacet
  facet normal 0.000000e+00 0.000000e+00 1.000000e+00
    outer loop
      vertex   -5.461538e+00 3.838542e+00 1.777500e+01
      vertex   -5.050328e+00 3.189230e+00 1.777500e+01
      vertex   -4.915219e+00 3.316698e+00 1.777500e+01
    endloop
  endfacet
  facet normal -0.000000e+00 0.000000e+00 1.000000e+00
    outer loop
      vertex   -5.461538e+00 3.838542e+00 1.777500e+01
      vertex   -4.915219e+00 3.316698e+00 1.777500e+01
      vertex   -5.250169e+00 3.994870e+00 1.777500e+01
    endloop
  endfacet
  facet normal 0.000000e+00 0.000000e+00 1.000000e+00
    outer loop
      vertex   -5.250169e+00 3.994870e+00 1.777500e+01
      vertex   -4.915219e+00 3.316698e+00 1.777500e+01
      vertex   -4.754356e+00 3.409573e+00 1.777500e+01
    endloop
  endfacet
  facet normal -0.000000e+00 0.000000e+00 1.000000e+00
    outer loop
      vertex   -5.250169e+00 3.994870e+00 1.777500e+01
      vertex   -4.754356e+00 3.409573e+00 1.777500e+01
      vertex   -5.015420e+00 4.113228e+00 1.777500e+01
    endloop
  endfacet
  facet normal -0.000000e+00 0.000000e+00 1.000000e+00
    outer loop
      vertex   -5.015420e+00 4.113228e+00 1.777500e+01
      vertex   -4.754356e+00 3.409573e+00 1.777500e+01
      vertex   -4.764045e+00 4.190210e+00 1.777500e+01
    endloop
  endfacet
  facet normal 0.000000e+00 0.000000e+00 1.000000e+00
    outer loop
      vertex   -4.764045e+00 4.190210e+00 1.777500e+01
      vertex   -4.754356e+00 3.409573e+00 1.777500e+01
      vertex   -4.576411e+00 3.462846e+00 1.777500e+01
    endloop
  endfacet
  facet normal -0.000000e+00 0.000000e+00 1.000000e+00
    outer loop
      vertex   -4.764045e+00 4.190210e+00 1.777500e+01
      vertex   -4.576411e+00 3.462846e+00 1.777500e+01
      vertex   -4.503276e+00 4.223603e+00 1.777500e+01
    endloop
  endfacet
  facet normal 0.000000e+00 0.000000e+00 1.000000e+00
    outer loop
      vertex   -4.503276e+00 4.223603e+00 1.777500e+01
      vertex   -4.576411e+00 3.462846e+00 1.777500e+01
      vertex   -4.390977e+00 3.473646e+00 1.777500e+01
    endloop
  endfacet
  facet normal 0.000000e+00 0.000000e+00 1.000000e+00
    outer loop
      vertex   -4.503276e+00 4.223603e+00 1.777500e+01
      vertex   -4.390977e+00 3.473646e+00 1.777500e+01
      vertex   -4.240615e+00 4.212445e+00 1.777500e+01
    endloop
  endfacet
  facet normal 0.000000e+00 0.000000e+00 1.000000e+00
    outer loop
      vertex   -4.240615e+00 4.212445e+00 1.777500e+01
      vertex   -4.390977e+00 3.473646e+00 1.777500e+01
      vertex   -4.208050e+00 3.441391e+00 1.777500e+01
    endloop
  endfacet
  facet normal 0.000000e+00 0.000000e+00 1.000000e+00
    outer loop
      vertex   -4.240615e+00 4.212445e+00 1.777500e+01
      vertex   -4.208050e+00 3.441391e+00 1.777500e+01
      vertex   -3.983617e+00 4.157058e+00 1.777500e+01
    endloop
  endfacet
  facet normal 0.000000e+00 0.000000e+00 1.000000e+00
    outer loop
      vertex   -3.983617e+00 4.157058e+00 1.777500e+01
      vertex   -4.208050e+00 3.441391e+00 1.777500e+01
      vertex   -3.739677e+00 4.059035e+00 1.777500e+01
    endloop
  endfacet
  facet normal 0.000000e+00 0.000000e+00 1.000000e+00
    outer loop
      vertex   -3.739677e+00 4.059035e+00 1.777500e+01
      vertex   -4.208050e+00 3.441391e+00 1.777500e+01
      vertex   -4.037492e+00 3.367820e+00 1.777500e+01
    endloop
  endfacet
  facet normal 0.000000e+00 0.000000e+00 1.000000e+00
    outer loop
      vertex   -3.739677e+00 4.059035e+00 1.777500e+01
      vertex   -4.037492e+00 3.367820e+00 1.777500e+01
      vertex   -3.515811e+00 3.921195e+00 1.777500e+01
    endloop
  endfacet
  facet normal 0.000000e+00 0.000000e+00 1.000000e+00
    outer loop
      vertex   -3.515811e+00 3.921195e+00 1.777500e+01
      vertex   -4.037492e+00 3.367820e+00 1.777500e+01
      vertex   -3.888499e+00 3.256899e+00 1.777500e+01
    endloop
  endfacet
  facet normal 0.000000e+00 0.000000e+00 1.000000e+00
    outer loop
      vertex   -3.515811e+00 3.921195e+00 1.777500e+01
      vertex   -3.888499e+00 3.256899e+00 1.777500e+01
      vertex   -3.318460e+00 3.747505e+00 1.777500e+01
    endloop
  endfacet
  facet normal 0.000000e+00 0.000000e+00 1.000000e+00
    outer loop
      vertex   -3.318460e+00 3.747505e+00 1.777500e+01
      vertex   -3.888499e+00 3.256899e+00 1.777500e+01
      vertex   -3.769102e+00 3.114607e+00 1.777500e+01
    endloop
  endfacet
  facet normal 0.000000e+00 0.000000e+00 1.000000e+00
    outer loop
      vertex   -3.318460e+00 3.747505e+00 1.777500e+01
      vertex   -3.769102e+00 3.114607e+00 1.777500e+01
      vertex   -3.153302e+00 3.542961e+00 1.777500e+01
    endloop
  endfacet
  facet normal 0.000000e+00 0.000000e+00 1.000000e+00
    outer loop
      vertex   -3.153302e+00 3.542961e+00 1.777500e+01
      vertex   -3.769102e+00 3.114607e+00 1.777500e+01
      vertex   -3.025088e+00 3.313447e+00 1.777500e+01
    endloop
  endfacet
  facet normal 0.000000e+00 0.000000e+00 1.000000e+00
    outer loop
      vertex   -3.025088e+00 3.313447e+00 1.777500e+01
      vertex   -3.769102e+00 3.114607e+00 1.777500e+01
      vertex   -3.685738e+00 2.948616e+00 1.777500e+01
    endloop
  endfacet
  facet normal 0.000000e+00 0.000000e+00 1.000000e+00
    outer loop
      vertex   -3.025088e+00 3.313447e+00 1.777500e+01
      vertex   -3.685738e+00 2.948616e+00 1.777500e+01
      vertex   -2.937506e+00 3.065566e+00 1.777500e+01
    endloop
  endfacet
  facet normal 0.000000e+00 0.000000e+00 1.000000e+00
    outer loop
      vertex   -2.937506e+00 3.065566e+00 1.777500e+01
      vertex   -3.685738e+00 2.948616e+00 1.777500e+01
      vertex   -3.642902e+00 2.767874e+00 1.777500e+01
    endloop
  endfacet
  facet normal 0.000000e+00 0.000000e+00 1.000000e+00
    outer loop
      vertex   -2.937506e+00 3.065566e+00 1.777500e+01
      vertex   -3.642902e+00 2.767874e+00 1.777500e+01
      vertex   -2.893076e+00 2.806449e+00 1.777500e+01
    endloop
  endfacet
  facet normal 0.000000e+00 0.000000e+00 1.000000e+00
    outer loop
      vertex   -2.893076e+00 2.806449e+00 1.777500e+01
      vertex   -3.642902e+00 2.767874e+00 1.777500e+01
      vertex   -2.893076e+00 2.543551e+00 1.777500e+01
    endloop
  endfacet
  facet normal 0.000000e+00 0.000000e+00 1.000000e+00
    outer loop
      vertex   -2.893076e+00 2.543551e+00 1.777500e+01
      vertex   -3.642902e+00 2.767874e+00 1.777500e+01
      vertex   -3.642902e+00 2.582125e+00 1.777500e+01
    endloop
  endfacet
  facet normal 0.000000e+00 0.000000e+00 1.000000e+00
    outer loop
      vertex   -2.893076e+00 2.543551e+00 1.777500e+01
      vertex   -3.642902e+00 2.582125e+00 1.777500e+01
      vertex   -2.937506e+00 2.284434e+00 1.777500e+01
    endloop
  endfacet
  facet normal 0.000000e+00 0.000000e+00 1.000000e+00
    outer loop
      vertex   -2.937506e+00 2.284434e+00 1.777500e+01
      vertex   -3.642902e+00 2.582125e+00 1.777500e+01
      vertex   -3.685738e+00 2.401384e+00 1.777500e+01
    endloop
  endfacet
  facet normal 0.000000e+00 0.000000e+00 1.000000e+00
    outer loop
      vertex   -2.937506e+00 2.284434e+00 1.777500e+01
      vertex   -3.685738e+00 2.401384e+00 1.777500e+01
      vertex   -3.025088e+00 2.036553e+00 1.777500e+01
    endloop
  endfacet
  facet normal 0.000000e+00 0.000000e+00 1.000000e+00
    outer loop
      vertex   -3.025088e+00 2.036553e+00 1.777500e+01
      vertex   -3.685738e+00 2.401384e+00 1.777500e+01
      vertex   -3.769102e+00 2.235393e+00 1.777500e+01
    endloop
  endfacet
  facet normal 0.000000e+00 0.000000e+00 1.000000e+00
    outer loop
      vertex   -3.025088e+00 2.036553e+00 1.777500e+01
      vertex   -3.769102e+00 2.235393e+00 1.777500e+01
      vertex   -3.153302e+00 1.807039e+00 1.777500e+01
    endloop
  endfacet
  facet normal 0.000000e+00 0.000000e+00 1.000000e+00
    outer loop
      vertex   -3.153302e+00 1.807039e+00 1.777500e+01
      vertex   -3.769102e+00 2.235393e+00 1.777500e+01
      vertex   -3.318460e+00 1.602495e+00 1.777500e+01
    endloop
  endfacet
  facet normal 0.000000e+00 0.000000e+00 1.000000e+00
    outer loop
      vertex   -3.318460e+00 1.602495e+00 1.777500e+01
      vertex   -3.769102e+00 2.235393e+00 1.777500e+01
      vertex   -3.888499e+00 2.093101e+00 1.777500e+01
    endloop
  endfacet
  facet normal 0.000000e+00 0.000000e+00 1.000000e+00
    outer loop
      vertex   -3.318460e+00 1.602495e+00 1.777500e+01
      vertex   -3.888499e+00 2.093101e+00 1.777500e+01
      vertex   -3.515811e+00 1.428804e+00 1.777500e+01
    endloop
  endfacet
  facet normal 0.000000e+00 0.000000e+00 1.000000e+00
    outer loop
      vertex   -3.515811e+00 1.428804e+00 1.777500e+01
      vertex   -3.888499e+00 2.093101e+00 1.777500e+01
      vertex   -4.037492e+00 1.982179e+00 1.777500e+01
    endloop
  endfacet
  facet normal 0.000000e+00 0.000000e+00 1.000000e+00
    outer loop
      vertex   -3.515811e+00 1.428804e+00 1.777500e+01
      vertex   -4.037492e+00 1.982179e+00 1.777500e+01
      vertex   -3.739677e+00 1.290965e+00 1.777500e+01
    endloop
  endfacet
  facet normal 0.000000e+00 0.000000e+00 1.000000e+00
    outer loop
      vertex   -3.739677e+00 1.290965e+00 1.777500e+01
      vertex   -4.037492e+00 1.982179e+00 1.777500e+01
      vertex   -4.208050e+00 1.908608e+00 1.777500e+01
    endloop
  endfacet
  facet normal 0.000000e+00 0.000000e+00 1.000000e+00
    outer loop
      vertex   -3.739677e+00 1.290965e+00 1.777500e+01
      vertex   -4.208050e+00 1.908608e+00 1.777500e+01
      vertex   -3.983617e+00 1.192941e+00 1.777500e+01
    endloop
  endfacet
  facet normal 0.000000e+00 0.000000e+00 1.000000e+00
    outer loop
      vertex   -3.983617e+00 1.192941e+00 1.777500e+01
      vertex   -4.208050e+00 1.908608e+00 1.777500e+01
      vertex   -4.240615e+00 1.137554e+00 1.777500e+01
    endloop
  endfacet
  facet normal 0.000000e+00 -0.000000e+00 1.000000e+00
    outer loop
      vertex   -4.240615e+00 1.137554e+00 1.777500e+01
      vertex   -4.208050e+00 1.908608e+00 1.777500e+01
      vertex   -4.390977e+00 1.876353e+00 1.777500e+01
    endloop
  endfacet
  facet normal 0.000000e+00 0.000000e+00 1.000000e+00
    outer loop
      vertex   -4.240615e+00 1.137554e+00 1.777500e+01
      vertex   -4.390977e+00 1.876353e+00 1.777500e+01
      vertex   -4.503276e+00 1.126396e+00 1.777500e+01
    endloop
  endfacet
  facet normal 0.000000e+00 -0.000000e+00 1.000000e+00
    outer loop
      vertex   -4.503276e+00 1.126396e+00 1.777500e+01
      vertex   -4.390977e+00 1.876353e+00 1.777500e+01
      vertex   -4.576411e+00 1.887154e+00 1.777500e+01
    endloop
  endfacet
  facet normal 0.000000e+00 0.000000e+00 1.000000e+00
    outer loop
      vertex   -4.503276e+00 1.126396e+00 1.777500e+01
      vertex   -4.576411e+00 1.887154e+00 1.777500e+01
      vertex   -4.764045e+00 1.159789e+00 1.777500e+01
    endloop
  endfacet
  facet normal 0.000000e+00 0.000000e+00 1.000000e+00
    outer loop
      vertex   -4.764045e+00 1.159789e+00 1.777500e+01
      vertex   -4.576411e+00 1.887154e+00 1.777500e+01
      vertex   -4.754356e+00 1.940427e+00 1.777500e+01
    endloop
  endfacet
  facet normal 0.000000e+00 -0.000000e+00 1.000000e+00
    outer loop
      vertex   -4.764045e+00 1.159789e+00 1.777500e+01
      vertex   -4.754356e+00 1.940427e+00 1.777500e+01
      vertex   -5.015420e+00 1.236772e+00 1.777500e+01
    endloop
  endfacet
  facet normal 0.000000e+00 -0.000000e+00 1.000000e+00
    outer loop
      vertex   -5.015420e+00 1.236772e+00 1.777500e+01
      vertex   -4.754356e+00 1.940427e+00 1.777500e+01
      vertex   -5.250169e+00 1.355130e+00 1.777500e+01
    endloop
  endfacet
  facet normal 0.000000e+00 0.000000e+00 1.000000e+00
    outer loop
      vertex   -5.250169e+00 1.355130e+00 1.777500e+01
      vertex   -4.754356e+00 1.940427e+00 1.777500e+01
      vertex   -4.915219e+00 2.033301e+00 1.777500e+01
    endloop
  endfacet
  facet normal 0.000000e+00 -0.000000e+00 1.000000e+00
    outer loop
      vertex   -5.250169e+00 1.355130e+00 1.777500e+01
      vertex   -4.915219e+00 2.033301e+00 1.777500e+01
      vertex   -5.461538e+00 1.511458e+00 1.777500e+01
    endloop
  endfacet
  facet normal 0.000000e+00 0.000000e+00 1.000000e+00
    outer loop
      vertex   -5.461538e+00 1.511458e+00 1.777500e+01
      vertex   -4.915219e+00 2.033301e+00 1.777500e+01
      vertex   -5.050328e+00 2.160770e+00 1.777500e+01
    endloop
  endfacet
  facet normal 0.000000e+00 -0.000000e+00 1.000000e+00
    outer loop
      vertex   -5.461538e+00 1.511458e+00 1.777500e+01
      vertex   -5.050328e+00 2.160770e+00 1.777500e+01
      vertex   -5.643448e+00 1.701259e+00 1.777500e+01
    endloop
  endfacet
  facet normal 0.000000e+00 -0.000000e+00 1.000000e+00
    outer loop
      vertex   -5.643448e+00 1.701259e+00 1.777500e+01
      vertex   -5.050328e+00 2.160770e+00 1.777500e+01
      vertex   -5.790664e+00 1.919073e+00 1.777500e+01
    endloop
  endfacet
  facet normal 0.000000e+00 0.000000e+00 1.000000e+00
    outer loop
      vertex   -5.790664e+00 1.919073e+00 1.777500e+01
      vertex   -5.050328e+00 2.160770e+00 1.777500e+01
      vertex   -5.152399e+00 2.315960e+00 1.777500e+01
    endloop
  endfacet
  facet normal 0.000000e+00 -0.000000e+00 1.000000e+00
    outer loop
      vertex   -5.790664e+00 1.919073e+00 1.777500e+01
      vertex   -5.152399e+00 2.315960e+00 1.777500e+01
      vertex   -5.898952e+00 2.158633e+00 1.777500e+01
    endloop
  endfacet
  facet normal 0.000000e+00 0.000000e+00 1.000000e+00
    outer loop
      vertex   -5.898952e+00 2.158633e+00 1.777500e+01
      vertex   -5.152399e+00 2.315960e+00 1.777500e+01
      vertex   -5.215928e+00 2.490507e+00 1.777500e+01
    endloop
  endfacet
  facet normal 0.000000e+00 -0.000000e+00 1.000000e+00
    outer loop
      vertex   -5.898952e+00 2.158633e+00 1.777500e+01
      vertex   -5.215928e+00 2.490507e+00 1.777500e+01
      vertex   -5.965197e+00 2.413049e+00 1.777500e+01
    endloop
  endfacet
  facet normal 0.000000e+00 0.000000e+00 1.000000e+00
    outer loop
      vertex   -5.965197e+00 2.413049e+00 1.777500e+01
      vertex   -5.215928e+00 2.490507e+00 1.777500e+01
      vertex   -5.237492e+00 2.675000e+00 1.777500e+01
    endloop
  endfacet
  facet normal 1.285276e-16 1.000000e+00 -0.000000e+00
    outer loop
      vertex   7.971636e+00 6.249998e-01 1.637500e+01
      vertex   4.516432e+00 6.249998e-01 1.637500e+01
      vertex   7.971636e+00 6.249998e-01 1.777500e+01
    endloop
  endfacet
  facet normal 1.285276e-16 1.000000e+00 0.000000e+00
    outer loop
      vertex   7.971636e+00 6.249998e-01 1.777500e+01
      vertex   4.516432e+00 6.249998e-01 1.637500e+01
      vertex   4.516432e+00 6.249998e-01 1.777500e+01
    endloop
  endfacet
  facet normal 0.000000e+00 0.000000e+00 -1.000000e+00
    outer loop
      vertex   8.052500e+00 1.373548e+00 1.777500e+01
      vertex   6.248993e+00 2.093101e+00 1.777500e+01
      vertex   8.062629e+00 1.750000e+00 1.777500e+01
    endloop
  endfacet
  facet normal 0.000000e+00 0.000000e+00 -1.000000e+00
    outer loop
      vertex   8.062629e+00 1.750000e+00 1.777500e+01
      vertex   6.248993e+00 2.093101e+00 1.777500e+01
      vertex   6.368390e+00 2.235393e+00 1.777500e+01
    endloop
  endfacet
  facet normal 0.000000e+00 0.000000e+00 -1.000000e+00
    outer loop
      vertex   8.062629e+00 1.750000e+00 1.777500e+01
      vertex   6.368390e+00 2.235393e+00 1.777500e+01
      vertex   6.451754e+00 2.401384e+00 1.777500e+01
    endloop
  endfacet
  facet normal 0.000000e+00 -0.000000e+00 -1.000000e+00
    outer loop
      vertex   6.248993e+00 2.093101e+00 1.777500e+01
      vertex   8.052500e+00 1.373548e+00 1.777500e+01
      vertex   6.100000e+00 1.982179e+00 1.777500e+01
    endloop
  endfacet
  facet normal 0.000000e+00 0.000000e+00 -1.000000e+00
    outer loop
      vertex   6.100000e+00 1.982179e+00 1.777500e+01
      vertex   8.052500e+00 1.373548e+00 1.777500e+01
      vertex   8.022139e+00 9.981860e-01 1.777500e+01
    endloop
  endfacet
  facet normal 0.000000e+00 0.000000e+00 -1.000000e+00
    outer loop
      vertex   6.100000e+00 1.982179e+00 1.777500e+01
      vertex   8.022139e+00 9.981860e-01 1.777500e+01
      vertex   7.971636e+00 6.249998e-01 1.777500e+01
    endloop
  endfacet
  facet normal 0.000000e+00 -0.000000e+00 -1.000000e+00
    outer loop
      vertex   6.100000e+00 1.982179e+00 1.777500e+01
      vertex   7.971636e+00 6.249998e-01 1.777500e+01
      vertex   5.929443e+00 1.908608e+00 1.777500e+01
    endloop
  endfacet
  facet normal 0.000000e+00 -0.000000e+00 -1.000000e+00
    outer loop
      vertex   5.929443e+00 1.908608e+00 1.777500e+01
      vertex   7.971636e+00 6.249998e-01 1.777500e+01
      vertex   4.516432e+00 6.249998e-01 1.777500e+01
    endloop
  endfacet
  facet normal 0.000000e+00 0.000000e+00 -1.000000e+00
    outer loop
      vertex   5.929443e+00 1.908608e+00 1.777500e+01
      vertex   4.516432e+00 6.249998e-01 1.777500e+01
      vertex   5.746516e+00 1.876353e+00 1.777500e+01
    endloop
  endfacet
  facet normal -0.000000e+00 0.000000e+00 -1.000000e+00
    outer loop
      vertex   5.746516e+00 1.876353e+00 1.777500e+01
      vertex   4.516432e+00 6.249998e-01 1.777500e+01
      vertex   5.561081e+00 1.887154e+00 1.777500e+01
    endloop
  endfacet
  facet normal -0.000000e+00 0.000000e+00 -1.000000e+00
    outer loop
      vertex   5.561081e+00 1.887154e+00 1.777500e+01
      vertex   4.516432e+00 6.249998e-01 1.777500e+01
      vertex   5.383136e+00 1.940427e+00 1.777500e+01
    endloop
  endfacet
  facet normal -0.000000e+00 0.000000e+00 -1.000000e+00
    outer loop
      vertex   5.383136e+00 1.940427e+00 1.777500e+01
      vertex   4.516432e+00 6.249998e-01 1.777500e+01
      vertex   5.222273e+00 2.033301e+00 1.777500e+01
    endloop
  endfacet
  facet normal -0.000000e+00 0.000000e+00 -1.000000e+00
    outer loop
      vertex   5.222273e+00 2.033301e+00 1.777500e+01
      vertex   4.516432e+00 6.249998e-01 1.777500e+01
      vertex   5.087164e+00 2.160770e+00 1.777500e+01
    endloop
  endfacet
  facet normal -0.000000e+00 0.000000e+00 -1.000000e+00
    outer loop
      vertex   5.087164e+00 2.160770e+00 1.777500e+01
      vertex   4.516432e+00 6.249998e-01 1.777500e+01
      vertex   3.332864e+00 2.675000e+00 1.777500e+01
    endloop
  endfacet
  facet normal 0.000000e+00 0.000000e+00 -1.000000e+00
    outer loop
      vertex   5.087164e+00 2.160770e+00 1.777500e+01
      vertex   3.332864e+00 2.675000e+00 1.777500e+01
      vertex   4.985094e+00 2.315960e+00 1.777500e+01
    endloop
  endfacet
  facet normal 0.000000e+00 0.000000e+00 -1.000000e+00
    outer loop
      vertex   4.985094e+00 2.315960e+00 1.777500e+01
      vertex   3.332864e+00 2.675000e+00 1.777500e+01
      vertex   4.921564e+00 2.490507e+00 1.777500e+01
    endloop
  endfacet
  facet normal 0.000000e+00 0.000000e+00 -1.000000e+00
    outer loop
      vertex   4.921564e+00 2.490507e+00 1.777500e+01
      vertex   3.332864e+00 2.675000e+00 1.777500e+01
      vertex   4.900000e+00 2.675000e+00 1.777500e+01
    endloop
  endfacet
  facet normal 0.000000e+00 0.000000e+00 -1.000000e+00
    outer loop
      vertex   4.900000e+00 2.675000e+00 1.777500e+01
      vertex   3.332864e+00 2.675000e+00 1.777500e+01
      vertex   4.921564e+00 2.859492e+00 1.777500e+01
    endloop
  endfacet
  facet normal -0.000000e+00 0.000000e+00 -1.000000e+00
    outer loop
      vertex   4.921564e+00 2.859492e+00 1.777500e+01
      vertex   3.332864e+00 2.675000e+00 1.777500e+01
      vertex   4.985094e+00 3.034039e+00 1.777500e+01
    endloop
  endfacet
  facet normal -0.000000e+00 0.000000e+00 -1.000000e+00
    outer loop
      vertex   4.985094e+00 3.034039e+00 1.777500e+01
      vertex   3.332864e+00 2.675000e+00 1.777500e+01
      vertex   5.087164e+00 3.189230e+00 1.777500e+01
    endloop
  endfacet
  facet normal -0.000000e+00 0.000000e+00 -1.000000e+00
    outer loop
      vertex   5.087164e+00 3.189230e+00 1.777500e+01
      vertex   3.332864e+00 2.675000e+00 1.777500e+01
      vertex   4.516432e+00 4.725000e+00 1.777500e+01
    endloop
  endfacet
  facet normal 0.000000e+00 0.000000e+00 -1.000000e+00
    outer loop
      vertex   5.087164e+00 3.189230e+00 1.777500e+01
      vertex   4.516432e+00 4.725000e+00 1.777500e+01
      vertex   5.222273e+00 3.316698e+00 1.777500e+01
    endloop
  endfacet
  facet normal 0.000000e+00 0.000000e+00 -1.000000e+00
    outer loop
      vertex   5.222273e+00 3.316698e+00 1.777500e+01
      vertex   4.516432e+00 4.725000e+00 1.777500e+01
      vertex   5.383136e+00 3.409573e+00 1.777500e+01
    endloop
  endfacet
  facet normal 0.000000e+00 0.000000e+00 -1.000000e+00
    outer loop
      vertex   5.383136e+00 3.409573e+00 1.777500e+01
      vertex   4.516432e+00 4.725000e+00 1.777500e+01
      vertex   5.561081e+00 3.462846e+00 1.777500e+01
    endloop
  endfacet
  facet normal 0.000000e+00 0.000000e+00 -1.000000e+00
    outer loop
      vertex   5.561081e+00 3.462846e+00 1.777500e+01
      vertex   4.516432e+00 4.725000e+00 1.777500e+01
      vertex   5.746516e+00 3.473646e+00 1.777500e+01
    endloop
  endfacet
  facet normal 0.000000e+00 0.000000e+00 -1.000000e+00
    outer loop
      vertex   5.746516e+00 3.473646e+00 1.777500e+01
      vertex   4.516432e+00 4.725000e+00 1.777500e+01
      vertex   5.929443e+00 3.441391e+00 1.777500e+01
    endloop
  endfacet
  facet normal 0.000000e+00 0.000000e+00 -1.000000e+00
    outer loop
      vertex   5.929443e+00 3.441391e+00 1.777500e+01
      vertex   4.516432e+00 4.725000e+00 1.777500e+01
      vertex   7.916050e+00 4.725000e+00 1.777500e+01
    endloop
  endfacet
  facet normal 0.000000e+00 0.000000e+00 -1.000000e+00
    outer loop
      vertex   5.929443e+00 3.441391e+00 1.777500e+01
      vertex   7.916050e+00 4.725000e+00 1.777500e+01
      vertex   6.100000e+00 3.367820e+00 1.777500e+01
    endloop
  endfacet
  facet normal 0.000000e+00 0.000000e+00 -1.000000e+00
    outer loop
      vertex   6.100000e+00 3.367820e+00 1.777500e+01
      vertex   7.916050e+00 4.725000e+00 1.777500e+01
      vertex   7.997356e+00 4.253711e+00 1.777500e+01
    endloop
  endfacet
  facet normal 0.000000e+00 0.000000e+00 -1.000000e+00
    outer loop
      vertex   6.100000e+00 3.367820e+00 1.777500e+01
      vertex   7.997356e+00 4.253711e+00 1.777500e+01
      vertex   6.248993e+00 3.256899e+00 1.777500e+01
    endloop
  endfacet
  facet normal 0.000000e+00 0.000000e+00 -1.000000e+00
    outer loop
      vertex   6.248993e+00 3.256899e+00 1.777500e+01
      vertex   7.997356e+00 4.253711e+00 1.777500e+01
      vertex   8.046292e+00 3.777971e+00 1.777500e+01
    endloop
  endfacet
  facet normal 0.000000e+00 0.000000e+00 -1.000000e+00
    outer loop
      vertex   6.248993e+00 3.256899e+00 1.777500e+01
      vertex   8.046292e+00 3.777971e+00 1.777500e+01
      vertex   6.368390e+00 3.114607e+00 1.777500e+01
    endloop
  endfacet
  facet normal 0.000000e+00 0.000000e+00 -1.000000e+00
    outer loop
      vertex   6.368390e+00 3.114607e+00 1.777500e+01
      vertex   8.046292e+00 3.777971e+00 1.777500e+01
      vertex   8.062629e+00 3.300000e+00 1.777500e+01
    endloop
  endfacet
  facet normal 0.000000e+00 0.000000e+00 -1.000000e+00
    outer loop
      vertex   6.368390e+00 3.114607e+00 1.777500e+01
      vertex   8.062629e+00 3.300000e+00 1.777500e+01
      vertex   6.451754e+00 2.948616e+00 1.777500e+01
    endloop
  endfacet
  facet normal 0.000000e+00 0.000000e+00 -1.000000e+00
    outer loop
      vertex   6.451754e+00 2.948616e+00 1.777500e+01
      vertex   8.062629e+00 3.300000e+00 1.777500e+01
      vertex   6.494591e+00 2.767874e+00 1.777500e+01
    endloop
  endfacet
  facet normal 0.000000e+00 0.000000e+00 -1.000000e+00
    outer loop
      vertex   6.494591e+00 2.767874e+00 1.777500e+01
      vertex   8.062629e+00 3.300000e+00 1.777500e+01
      vertex   6.494591e+00 2.582125e+00 1.777500e+01
    endloop
  endfacet
  facet normal 0.000000e+00 0.000000e+00 -1.000000e+00
    outer loop
      vertex   6.494591e+00 2.582125e+00 1.777500e+01
      vertex   8.062629e+00 3.300000e+00 1.777500e+01
      vertex   8.062629e+00 1.750000e+00 1.777500e+01
    endloop
  endfacet
  facet normal 0.000000e+00 -0.000000e+00 -1.000000e+00
    outer loop
      vertex   6.494591e+00 2.582125e+00 1.777500e+01
      vertex   8.062629e+00 1.750000e+00 1.777500e+01
      vertex   6.451754e+00 2.401384e+00 1.777500e+01
    endloop
  endfacet
  facet normal 8.660254e-01 -5.000000e-01 0.000000e+00
    outer loop
      vertex   4.516432e+00 4.725000e+00 1.777500e+01
      vertex   3.332864e+00 2.675000e+00 1.777500e+01
      vertex   4.516432e+00 4.725000e+00 1.637500e+01
    endloop
  endfacet
  facet normal 8.660254e-01 -5.000000e-01 0.000000e+00
    outer loop
      vertex   4.516432e+00 4.725000e+00 1.637500e+01
      vertex   3.332864e+00 2.675000e+00 1.777500e+01
      vertex   3.332864e+00 2.675000e+00 1.637500e+01
    endloop
  endfacet
  facet normal 8.660254e-01 5.000000e-01 0.000000e+00
    outer loop
      vertex   3.332864e+00 2.675000e+00 1.777500e+01
      vertex   4.516432e+00 6.249998e-01 1.777500e+01
      vertex   3.332864e+00 2.675000e+00 1.637500e+01
    endloop
  endfacet
  facet normal 8.660254e-01 5.000000e-01 0.000000e+00
    outer loop
      vertex   3.332864e+00 2.675000e+00 1.637500e+01
      vertex   4.516432e+00 6.249998e-01 1.777500e+01
      vertex   4.516432e+00 6.249998e-01 1.637500e+01
    endloop
  endfacet
  facet normal -2.612583e-16 -1.000000e+00 -0.000000e+00
    outer loop
      vertex   7.916050e+00 4.725000e+00 1.777500e+01
      vertex   4.516432e+00 4.725000e+00 1.777500e+01
      vertex   7.916050e+00 4.725000e+00 1.637500e+01
    endloop
  endfacet
  facet normal -2.612583e-16 -1.000000e+00 0.000000e+00
    outer loop
      vertex   7.916050e+00 4.725000e+00 1.637500e+01
      vertex   4.516432e+00 4.725000e+00 1.777500e+01
      vertex   4.516432e+00 4.725000e+00 1.637500e+01
    endloop
  endfacet
  facet normal 0.000000e+00 0.000000e+00 1.000000e+00
    outer loop
      vertex   8.022139e+00 9.981860e-01 1.637500e+01
      vertex   6.100000e+00 1.982179e+00 1.637500e+01
      vertex   7.971636e+00 6.249998e-01 1.637500e+01
    endloop
  endfacet
  facet normal 0.000000e+00 0.000000e+00 1.000000e+00
    outer loop
      vertex   7.971636e+00 6.249998e-01 1.637500e+01
      vertex   6.100000e+00 1.982179e+00 1.637500e+01
      vertex   5.929443e+00 1.908608e+00 1.637500e+01
    endloop
  endfacet
  facet normal 0.000000e+00 0.000000e+00 1.000000e+00
    outer loop
      vertex   7.971636e+00 6.249998e-01 1.637500e+01
      vertex   5.929443e+00 1.908608e+00 1.637500e+01
      vertex   4.516432e+00 6.249998e-01 1.637500e+01
    endloop
  endfacet
  facet normal 0.000000e+00 0.000000e+00 1.000000e+00
    outer loop
      vertex   4.516432e+00 6.249998e-01 1.637500e+01
      vertex   5.929443e+00 1.908608e+00 1.637500e+01
      vertex   5.746516e+00 1.876353e+00 1.637500e+01
    endloop
  endfacet
  facet normal 0.000000e+00 0.000000e+00 1.000000e+00
    outer loop
      vertex   4.516432e+00 6.249998e-01 1.637500e+01
      vertex   5.746516e+00 1.876353e+00 1.637500e+01
      vertex   5.561081e+00 1.887154e+00 1.637500e+01
    endloop
  endfacet
  facet normal 0.000000e+00 -0.000000e+00 1.000000e+00
    outer loop
      vertex   8.022139e+00 9.981860e-01 1.637500e+01
      vertex   8.052500e+00 1.373548e+00 1.637500e+01
      vertex   6.100000e+00 1.982179e+00 1.637500e+01
    endloop
  endfacet
  facet normal -0.000000e+00 0.000000e+00 1.000000e+00
    outer loop
      vertex   6.100000e+00 1.982179e+00 1.637500e+01
      vertex   8.052500e+00 1.373548e+00 1.637500e+01
      vertex   6.248993e+00 2.093101e+00 1.637500e+01
    endloop
  endfacet
  facet normal 0.000000e+00 0.000000e+00 1.000000e+00
    outer loop
      vertex   6.248993e+00 2.093101e+00 1.637500e+01
      vertex   8.052500e+00 1.373548e+00 1.637500e+01
      vertex   8.062629e+00 1.750000e+00 1.637500e+01
    endloop
  endfacet
  facet normal -0.000000e+00 0.000000e+00 1.000000e+00
    outer loop
      vertex   6.248993e+00 2.093101e+00 1.637500e+01
      vertex   8.062629e+00 1.750000e+00 1.637500e+01
      vertex   6.368390e+00 2.235393e+00 1.637500e+01
    endloop
  endfacet
  facet normal -0.000000e+00 0.000000e+00 1.000000e+00
    outer loop
      vertex   6.368390e+00 2.235393e+00 1.637500e+01
      vertex   8.062629e+00 1.750000e+00 1.637500e+01
      vertex   6.451754e+00 2.401384e+00 1.637500e+01
    endloop
  endfacet
  facet normal -0.000000e+00 0.000000e+00 1.000000e+00
    outer loop
      vertex   6.451754e+00 2.401384e+00 1.637500e+01
      vertex   8.062629e+00 1.750000e+00 1.637500e+01
      vertex   6.494591e+00 2.582125e+00 1.637500e+01
    endloop
  endfacet
  facet normal -0.000000e+00 0.000000e+00 1.000000e+00
    outer loop
      vertex   6.494591e+00 2.582125e+00 1.637500e+01
      vertex   8.062629e+00 1.750000e+00 1.637500e+01
      vertex   8.062629e+00 3.300000e+00 1.637500e+01
    endloop
  endfacet
  facet normal 0.000000e+00 0.000000e+00 1.000000e+00
    outer loop
      vertex   6.494591e+00 2.582125e+00 1.637500e+01
      vertex   8.062629e+00 3.300000e+00 1.637500e+01
      vertex   6.494591e+00 2.767874e+00 1.637500e+01
    endloop
  endfacet
  facet normal 0.000000e+00 -0.000000e+00 1.000000e+00
    outer loop
      vertex   6.494591e+00 2.767874e+00 1.637500e+01
      vertex   8.062629e+00 3.300000e+00 1.637500e+01
      vertex   6.451754e+00 2.948616e+00 1.637500e+01
    endloop
  endfacet
  facet normal 0.000000e+00 -0.000000e+00 1.000000e+00
    outer loop
      vertex   6.451754e+00 2.948616e+00 1.637500e+01
      vertex   8.062629e+00 3.300000e+00 1.637500e+01
      vertex   6.368390e+00 3.114607e+00 1.637500e+01
    endloop
  endfacet
  facet normal 0.000000e+00 0.000000e+00 1.000000e+00
    outer loop
      vertex   6.368390e+00 3.114607e+00 1.637500e+01
      vertex   8.062629e+00 3.300000e+00 1.637500e+01
      vertex   8.046292e+00 3.777971e+00 1.637500e+01
    endloop
  endfacet
  facet normal 0.000000e+00 -0.000000e+00 1.000000e+00
    outer loop
      vertex   6.368390e+00 3.114607e+00 1.637500e+01
      vertex   8.046292e+00 3.777971e+00 1.637500e+01
      vertex   6.248993e+00 3.256899e+00 1.637500e+01
    endloop
  endfacet
  facet normal 0.000000e+00 0.000000e+00 1.000000e+00
    outer loop
      vertex   6.248993e+00 3.256899e+00 1.637500e+01
      vertex   8.046292e+00 3.777971e+00 1.637500e+01
      vertex   7.997356e+00 4.253711e+00 1.637500e+01
    endloop
  endfacet
  facet normal 0.000000e+00 -0.000000e+00 1.000000e+00
    outer loop
      vertex   6.248993e+00 3.256899e+00 1.637500e+01
      vertex   7.997356e+00 4.253711e+00 1.637500e+01
      vertex   6.100000e+00 3.367820e+00 1.637500e+01
    endloop
  endfacet
  facet normal 0.000000e+00 0.000000e+00 1.000000e+00
    outer loop
      vertex   6.100000e+00 3.367820e+00 1.637500e+01
      vertex   7.997356e+00 4.253711e+00 1.637500e+01
      vertex   7.916050e+00 4.725000e+00 1.637500e+01
    endloop
  endfacet
  facet normal 0.000000e+00 -0.000000e+00 1.000000e+00
    outer loop
      vertex   6.100000e+00 3.367820e+00 1.637500e+01
      vertex   7.916050e+00 4.725000e+00 1.637500e+01
      vertex   5.929443e+00 3.441391e+00 1.637500e+01
    endloop
  endfacet
  facet normal 0.000000e+00 -0.000000e+00 1.000000e+00
    outer loop
      vertex   5.929443e+00 3.441391e+00 1.637500e+01
      vertex   7.916050e+00 4.725000e+00 1.637500e+01
      vertex   4.516432e+00 4.725000e+00 1.637500e+01
    endloop
  endfacet
  facet normal 0.000000e+00 0.000000e+00 1.000000e+00
    outer loop
      vertex   5.929443e+00 3.441391e+00 1.637500e+01
      vertex   4.516432e+00 4.725000e+00 1.637500e+01
      vertex   5.746516e+00 3.473646e+00 1.637500e+01
    endloop
  endfacet
  facet normal 0.000000e+00 0.000000e+00 1.000000e+00
    outer loop
      vertex   5.746516e+00 3.473646e+00 1.637500e+01
      vertex   4.516432e+00 4.725000e+00 1.637500e+01
      vertex   5.561081e+00 3.462846e+00 1.637500e+01
    endloop
  endfacet
  facet normal 0.000000e+00 0.000000e+00 1.000000e+00
    outer loop
      vertex   5.561081e+00 3.462846e+00 1.637500e+01
      vertex   4.516432e+00 4.725000e+00 1.637500e+01
      vertex   5.383136e+00 3.409573e+00 1.637500e+01
    endloop
  endfacet
  facet normal 0.000000e+00 0.000000e+00 1.000000e+00
    outer loop
      vertex   5.383136e+00 3.409573e+00 1.637500e+01
      vertex   4.516432e+00 4.725000e+00 1.637500e+01
      vertex   5.222273e+00 3.316698e+00 1.637500e+01
    endloop
  endfacet
  facet normal 0.000000e+00 0.000000e+00 1.000000e+00
    outer loop
      vertex   5.222273e+00 3.316698e+00 1.637500e+01
      vertex   4.516432e+00 4.725000e+00 1.637500e+01
      vertex   5.087164e+00 3.189230e+00 1.637500e+01
    endloop
  endfacet
  facet normal 0.000000e+00 0.000000e+00 1.000000e+00
    outer loop
      vertex   5.087164e+00 3.189230e+00 1.637500e+01
      vertex   4.516432e+00 4.725000e+00 1.637500e+01
      vertex   3.332864e+00 2.675000e+00 1.637500e+01
    endloop
  endfacet
  facet normal 0.000000e+00 0.000000e+00 1.000000e+00
    outer loop
      vertex   5.087164e+00 3.189230e+00 1.637500e+01
      vertex   3.332864e+00 2.675000e+00 1.637500e+01
      vertex   4.985094e+00 3.034039e+00 1.637500e+01
    endloop
  endfacet
  facet normal 0.000000e+00 0.000000e+00 1.000000e+00
    outer loop
      vertex   4.985094e+00 3.034039e+00 1.637500e+01
      vertex   3.332864e+00 2.675000e+00 1.637500e+01
      vertex   4.921564e+00 2.859492e+00 1.637500e+01
    endloop
  endfacet
  facet normal 0.000000e+00 0.000000e+00 1.000000e+00
    outer loop
      vertex   4.921564e+00 2.859492e+00 1.637500e+01
      vertex   3.332864e+00 2.675000e+00 1.637500e+01
      vertex   4.900000e+00 2.675000e+00 1.637500e+01
    endloop
  endfacet
  facet normal 0.000000e+00 0.000000e+00 1.000000e+00
    outer loop
      vertex   4.900000e+00 2.675000e+00 1.637500e+01
      vertex   3.332864e+00 2.675000e+00 1.637500e+01
      vertex   4.921564e+00 2.490507e+00 1.637500e+01
    endloop
  endfacet
  facet normal 0.000000e+00 0.000000e+00 1.000000e+00
    outer loop
      vertex   4.921564e+00 2.490507e+00 1.637500e+01
      vertex   3.332864e+00 2.675000e+00 1.637500e+01
      vertex   4.985094e+00 2.315960e+00 1.637500e+01
    endloop
  endfacet
  facet normal 0.000000e+00 0.000000e+00 1.000000e+00
    outer loop
      vertex   4.985094e+00 2.315960e+00 1.637500e+01
      vertex   3.332864e+00 2.675000e+00 1.637500e+01
      vertex   5.087164e+00 2.160770e+00 1.637500e+01
    endloop
  endfacet
  facet normal 0.000000e+00 0.000000e+00 1.000000e+00
    outer loop
      vertex   5.087164e+00 2.160770e+00 1.637500e+01
      vertex   3.332864e+00 2.675000e+00 1.637500e+01
      vertex   4.516432e+00 6.249998e-01 1.637500e+01
    endloop
  endfacet
  facet normal 0.000000e+00 0.000000e+00 1.000000e+00
    outer loop
      vertex   5.087164e+00 2.160770e+00 1.637500e+01
      vertex   4.516432e+00 6.249998e-01 1.637500e+01
      vertex   5.222273e+00 2.033301e+00 1.637500e+01
    endloop
  endfacet
  facet normal 0.000000e+00 0.000000e+00 1.000000e+00
    outer loop
      vertex   5.222273e+00 2.033301e+00 1.637500e+01
      vertex   4.516432e+00 6.249998e-01 1.637500e+01
      vertex   5.383136e+00 1.940427e+00 1.637500e+01
    endloop
  endfacet
  facet normal 0.000000e+00 0.000000e+00 1.000000e+00
    outer loop
      vertex   5.383136e+00 1.940427e+00 1.637500e+01
      vertex   4.516432e+00 6.249998e-01 1.637500e+01
      vertex   5.561081e+00 1.887154e+00 1.637500e+01
    endloop
  endfacet
  facet normal 9.996382e-01 -2.689914e-02 0.000000e+00
    outer loop
      vertex   8.062629e+00 1.750000e+00 1.637500e+01
      vertex   8.052500e+00 1.373548e+00 1.637500e+01
      vertex   8.062629e+00 1.750000e+00 1.447500e+01
    endloop
  endfacet
  facet normal 9.992260e-01 -3.925970e-02 -2.451225e-03
    outer loop
      vertex   8.062629e+00 1.750000e+00 1.447500e+01
      vertex   8.052500e+00 1.373548e+00 1.637500e+01
      vertex   8.041051e+00 1.200786e+00 1.447500e+01
    endloop
  endfacet
  facet normal 9.967441e-01 -8.061949e-02 1.324467e-03
    outer loop
      vertex   8.041051e+00 1.200786e+00 1.447500e+01
      vertex   8.052500e+00 1.373548e+00 1.637500e+01
      vertex   8.022139e+00 9.981860e-01 1.637500e+01
    endloop
  endfacet
  facet normal 9.930650e-01 -1.175370e-01 -2.648725e-03
    outer loop
      vertex   8.041051e+00 1.200786e+00 1.447500e+01
      vertex   8.022139e+00 9.981860e-01 1.637500e+01
      vertex   7.976448e+00 6.549585e-01 1.447500e+01
    endloop
  endfacet
  facet normal 9.909668e-01 -1.341066e-01 3.949741e-04
    outer loop
      vertex   7.976448e+00 6.549585e-01 1.447500e+01
      vertex   8.022139e+00 9.981860e-01 1.637500e+01
      vertex   7.971636e+00 6.249998e-01 1.637500e+01
    endloop
  endfacet
  facet normal 9.807851e-01 -1.950903e-01 -5.923856e-04
    outer loop
      vertex   7.976448e+00 6.549585e-01 1.447500e+01
      vertex   7.971636e+00 6.249998e-01 1.637500e+01
      vertex   7.869219e+00 1.158822e-01 1.447500e+01
    endloop
  endfacet
  facet normal 9.803602e-01 -1.972156e-01 4.759853e-17
    outer loop
      vertex   7.869219e+00 1.158822e-01 1.447500e+01
      vertex   7.971636e+00 6.249998e-01 1.637500e+01
      vertex   7.869219e+00 1.158822e-01 1.907500e+01
    endloop
  endfacet
  facet normal 9.624552e-01 -2.714404e-01 6.551292e-17
    outer loop
      vertex   7.869219e+00 1.158822e-01 1.447500e+01
      vertex   7.869219e+00 1.158822e-01 1.907500e+01
      vertex   7.720025e+00 -4.131192e-01 1.447500e+01
    endloop
  endfacet
  facet normal 9.624552e-01 -2.714404e-01 -1.203201e-16
    outer loop
      vertex   7.720025e+00 -4.131192e-01 1.447500e+01
      vertex   7.869219e+00 1.158822e-01 1.907500e+01
      vertex   7.720025e+00 -4.131192e-01 1.907500e+01
    endloop
  endfacet
  facet normal 9.381913e-01 -3.461171e-01 -9.761178e-17
    outer loop
      vertex   7.720025e+00 -4.131192e-01 1.447500e+01
      vertex   7.720025e+00 -4.131192e-01 1.907500e+01
      vertex   7.529786e+00 -9.287842e-01 1.447500e+01
    endloop
  endfacet
  facet normal 9.381913e-01 -3.461171e-01 -1.560872e-16
    outer loop
      vertex   7.529786e+00 -9.287842e-01 1.447500e+01
      vertex   7.720025e+00 -4.131192e-01 1.907500e+01
      vertex   7.529786e+00 -9.287842e-01 1.907500e+01
    endloop
  endfacet
  facet normal 9.081432e-01 -4.186597e-01 -1.450329e-16
    outer loop
      vertex   7.529786e+00 -9.287842e-01 1.447500e+01
      vertex   7.529786e+00 -9.287842e-01 1.907500e+01
      vertex   7.299675e+00 -1.427934e+00 1.447500e+01
    endloop
  endfacet
  facet normal 9.081432e-01 -4.186597e-01 -1.349285e-16
    outer loop
      vertex   7.299675e+00 -1.427934e+00 1.447500e+01
      vertex   7.529786e+00 -9.287842e-01 1.907500e+01
      vertex   7.299675e+00 -1.427934e+00 1.907500e+01
    endloop
  endfacet
  facet normal 8.724960e-01 -4.886212e-01 -1.212915e-16
    outer loop
      vertex   7.299675e+00 -1.427934e+00 1.447500e+01
      vertex   7.299675e+00 -1.427934e+00 1.907500e+01
      vertex   7.031111e+00 -1.907490e+00 1.447500e+01
    endloop
  endfacet
  facet normal 8.724960e-01 -4.886212e-01 -1.212915e-16
    outer loop
      vertex   7.031111e+00 -1.907490e+00 1.447500e+01
      vertex   7.299675e+00 -1.427934e+00 1.907500e+01
      vertex   7.031111e+00 -1.907490e+00 1.907500e+01
    endloop
  endfacet
  facet normal 8.314696e-01 -5.555702e-01 -1.069067e-16
    outer loop
      vertex   7.031111e+00 -1.907490e+00 1.447500e+01
      vertex   7.031111e+00 -1.907490e+00 1.907500e+01
      vertex   6.725748e+00 -2.364497e+00 1.447500e+01
    endloop
  endfacet
  facet normal 8.314696e-01 -5.555702e-01 2.678128e-16
    outer loop
      vertex   6.725748e+00 -2.364497e+00 1.447500e+01
      vertex   7.031111e+00 -1.907490e+00 1.907500e+01
      vertex   6.725748e+00 -2.364497e+00 1.907500e+01
    endloop
  endfacet
  facet normal 7.853169e-01 -6.190939e-01 2.711668e-16
    outer loop
      vertex   6.725748e+00 -2.364497e+00 1.447500e+01
      vertex   6.725748e+00 -2.364497e+00 1.907500e+01
      vertex   6.385471e+00 -2.796137e+00 1.447500e+01
    endloop
  endfacet
  facet normal 7.853169e-01 -6.190939e-01 -1.837255e-16
    outer loop
      vertex   6.385471e+00 -2.796137e+00 1.447500e+01
      vertex   6.725748e+00 -2.364497e+00 1.907500e+01
      vertex   6.385471e+00 -2.796137e+00 1.907500e+01
    endloop
  endfacet
  facet normal 7.343225e-01 -6.788007e-01 -1.525049e-16
    outer loop
      vertex   6.385471e+00 -2.796137e+00 1.447500e+01
      vertex   6.385471e+00 -2.796137e+00 1.907500e+01
      vertex   6.012377e+00 -3.199748e+00 1.447500e+01
    endloop
  endfacet
  facet normal 7.343225e-01 -6.788007e-01 6.553219e-17
    outer loop
      vertex   6.012377e+00 -3.199748e+00 1.447500e+01
      vertex   6.385471e+00 -2.796137e+00 1.907500e+01
      vertex   6.012377e+00 -3.199748e+00 1.907500e+01
    endloop
  endfacet
  facet normal 6.788007e-01 -7.343225e-01 7.089233e-17
    outer loop
      vertex   6.012377e+00 -3.199748e+00 1.447500e+01
      vertex   6.012377e+00 -3.199748e+00 1.907500e+01
      vertex   5.608766e+00 -3.572842e+00 1.447500e+01
    endloop
  endfacet
  facet normal 6.788007e-01 -7.343225e-01 7.089233e-17
    outer loop
      vertex   5.608766e+00 -3.572842e+00 1.447500e+01
      vertex   6.012377e+00 -3.199748e+00 1.907500e+01
      vertex   5.608766e+00 -3.572842e+00 1.907500e+01
    endloop
  endfacet
  facet normal 6.190939e-01 -7.853169e-01 7.581539e-17
    outer loop
      vertex   5.608766e+00 -3.572842e+00 1.447500e+01
      vertex   5.608766e+00 -3.572842e+00 1.907500e+01
      vertex   5.177126e+00 -3.913119e+00 1.447500e+01
    endloop
  endfacet
  facet normal 6.190939e-01 -7.853169e-01 -1.632567e-16
    outer loop
      vertex   5.177126e+00 -3.913119e+00 1.447500e+01
      vertex   5.608766e+00 -3.572842e+00 1.907500e+01
      vertex   5.177126e+00 -3.913119e+00 1.907500e+01
    endloop
  endfacet
  facet normal 5.555702e-01 -8.314696e-01 -1.342705e-16
    outer loop
      vertex   5.177126e+00 -3.913119e+00 1.447500e+01
      vertex   5.177126e+00 -3.913119e+00 1.907500e+01
      vertex   4.720119e+00 -4.218481e+00 1.447500e+01
    endloop
  endfacet
  facet normal 5.555702e-01 -8.314696e-01 0.000000e+00
    outer loop
      vertex   4.720119e+00 -4.218481e+00 1.447500e+01
      vertex   5.177126e+00 -3.913119e+00 1.907500e+01
      vertex   4.720119e+00 -4.218481e+00 1.907500e+01
    endloop
  endfacet
  facet normal 4.886212e-01 -8.724960e-01 0.000000e+00
    outer loop
      vertex   4.720119e+00 -4.218481e+00 1.447500e+01
      vertex   4.720119e+00 -4.218481e+00 1.907500e+01
      vertex   4.240563e+00 -4.487046e+00 1.447500e+01
    endloop
  endfacet
  facet normal 4.886212e-01 -8.724960e-01 -9.434410e-17
    outer loop
      vertex   4.240563e+00 -4.487046e+00 1.447500e+01
      vertex   4.720119e+00 -4.218481e+00 1.907500e+01
      vertex   4.240563e+00 -4.487046e+00 1.907500e+01
    endloop
  endfacet
  facet normal 4.186597e-01 -9.081432e-01 -8.083577e-17
    outer loop
      vertex   4.240563e+00 -4.487046e+00 1.447500e+01
      vertex   4.240563e+00 -4.487046e+00 1.907500e+01
      vertex   3.741413e+00 -4.717157e+00 1.447500e+01
    endloop
  endfacet
  facet normal 4.186597e-01 -9.081432e-01 0.000000e+00
    outer loop
      vertex   3.741413e+00 -4.717157e+00 1.447500e+01
      vertex   4.240563e+00 -4.487046e+00 1.907500e+01
      vertex   3.741413e+00 -4.717157e+00 1.907500e+01
    endloop
  endfacet
  facet normal 3.461171e-01 -9.381913e-01 0.000000e+00
    outer loop
      vertex   3.741413e+00 -4.717157e+00 1.447500e+01
      vertex   3.741413e+00 -4.717157e+00 1.907500e+01
      vertex   3.225748e+00 -4.907396e+00 1.447500e+01
    endloop
  endfacet
  facet normal 3.461171e-01 -9.381913e-01 1.477336e-16
    outer loop
      vertex   3.225748e+00 -4.907396e+00 1.447500e+01
      vertex   3.741413e+00 -4.717157e+00 1.907500e+01
      vertex   3.225748e+00 -4.907396e+00 1.907500e+01
    endloop
  endfacet
  facet normal 2.929338e-01 -9.561327e-01 1.563321e-16
    outer loop
      vertex   3.225748e+00 -4.907396e+00 1.447500e+01
      vertex   3.225748e+00 -4.907396e+00 1.907500e+01
      vertex   3.000000e+00 -4.976559e+00 1.637500e+01
    endloop
  endfacet
  facet normal 2.929338e-01 -9.561327e-01 0.000000e+00
    outer loop
      vertex   3.000000e+00 -4.976559e+00 1.637500e+01
      vertex   3.225748e+00 -4.907396e+00 1.907500e+01
      vertex   3.000000e+00 -4.976559e+00 1.777500e+01
    endloop
  endfacet
  facet normal 2.714382e-01 -9.624473e-01 4.068711e-03
    outer loop
      vertex   3.000000e+00 -4.976559e+00 1.777500e+01
      vertex   3.225748e+00 -4.907396e+00 1.907500e+01
      vertex   2.696747e+00 -5.056590e+00 1.907500e+01
    endloop
  endfacet
  facet normal 2.429187e-01 -9.700418e-01 -3.051607e-03
    outer loop
      vertex   3.000000e+00 -4.976559e+00 1.777500e+01
      vertex   2.696747e+00 -5.056590e+00 1.907500e+01
      vertex   2.524048e+00 -5.095748e+00 1.777500e+01
    endloop
  endfacet
  facet normal 1.950890e-01 -9.807788e-01 3.625769e-03
    outer loop
      vertex   2.524048e+00 -5.095748e+00 1.777500e+01
      vertex   2.696747e+00 -5.056590e+00 1.907500e+01
      vertex   2.157671e+00 -5.163819e+00 1.907500e+01
    endloop
  endfacet
  facet normal 1.743712e-01 -9.846770e-01 -2.417224e-03
    outer loop
      vertex   2.524048e+00 -5.095748e+00 1.777500e+01
      vertex   2.157671e+00 -5.163819e+00 1.907500e+01
      vertex   2.040916e+00 -5.181303e+00 1.777500e+01
    endloop
  endfacet
  facet normal 1.175369e-01 -9.930646e-01 2.799964e-03
    outer loop
      vertex   2.040916e+00 -5.181303e+00 1.777500e+01
      vertex   2.157671e+00 -5.163819e+00 1.907500e+01
      vertex   1.611843e+00 -5.228422e+00 1.907500e+01
    endloop
  endfacet
  facet normal 1.049668e-01 -9.944747e-01 -1.399998e-03
    outer loop
      vertex   2.040916e+00 -5.181303e+00 1.777500e+01
      vertex   1.611843e+00 -5.228422e+00 1.907500e+01
      vertex   1.552977e+00 -5.232805e+00 1.777500e+01
    endloop
  endfacet
  facet normal 3.925977e-02 -9.992278e-01 1.591346e-03
    outer loop
      vertex   1.552977e+00 -5.232805e+00 1.777500e+01
      vertex   1.611843e+00 -5.228422e+00 1.907500e+01
      vertex   1.062629e+00 -5.250000e+00 1.907500e+01
    endloop
  endfacet
  facet normal 3.504636e-02 -9.993857e-01 0.000000e+00
    outer loop
      vertex   1.552977e+00 -5.232805e+00 1.777500e+01
      vertex   1.062629e+00 -5.250000e+00 1.907500e+01
      vertex   1.062629e+00 -5.250000e+00 1.777500e+01
    endloop
  endfacet
  facet normal 9.803602e-01 -1.972156e-01 0.000000e+00
    outer loop
      vertex   7.971636e+00 6.249998e-01 1.637500e+01
      vertex   7.971636e+00 6.249998e-01 1.777500e+01
      vertex   7.869219e+00 1.158822e-01 1.907500e+01
    endloop
  endfacet
  facet normal 9.807849e-01 -1.950902e-01 8.657942e-04
    outer loop
      vertex   7.869219e+00 1.158822e-01 1.907500e+01
      vertex   7.971636e+00 6.249998e-01 1.777500e+01
      vertex   7.976448e+00 6.549585e-01 1.907500e+01
    endloop
  endfacet
  facet normal 9.909667e-01 -1.341066e-01 -5.772698e-04
    outer loop
      vertex   7.976448e+00 6.549585e-01 1.907500e+01
      vertex   7.971636e+00 6.249998e-01 1.777500e+01
      vertex   8.022139e+00 9.981860e-01 1.777500e+01
    endloop
  endfacet
  facet normal 9.930610e-01 -1.175365e-01 3.871199e-03
    outer loop
      vertex   7.976448e+00 6.549585e-01 1.907500e+01
      vertex   8.022139e+00 9.981860e-01 1.777500e+01
      vertex   8.041051e+00 1.200786e+00 1.907500e+01
    endloop
  endfacet
  facet normal 9.967431e-01 -8.061941e-02 -1.935758e-03
    outer loop
      vertex   8.041051e+00 1.200786e+00 1.907500e+01
      vertex   8.022139e+00 9.981860e-01 1.777500e+01
      vertex   8.052500e+00 1.373548e+00 1.777500e+01
    endloop
  endfacet
  facet normal 9.992226e-01 -3.925956e-02 3.582548e-03
    outer loop
      vertex   8.041051e+00 1.200786e+00 1.907500e+01
      vertex   8.052500e+00 1.373548e+00 1.777500e+01
      vertex   8.062629e+00 1.750000e+00 1.907500e+01
    endloop
  endfacet
  facet normal 9.996382e-01 -2.689914e-02 0.000000e+00
    outer loop
      vertex   8.062629e+00 1.750000e+00 1.907500e+01
      vertex   8.052500e+00 1.373548e+00 1.777500e+01
      vertex   8.062629e+00 1.750000e+00 1.777500e+01
    endloop
  endfacet
  facet normal 2.714394e-01 -9.624515e-01 -2.783867e-03
    outer loop
      vertex   3.225748e+00 -4.907396e+00 1.447500e+01
      vertex   3.000000e+00 -4.976559e+00 1.637500e+01
      vertex   2.696747e+00 -5.056590e+00 1.447500e+01
    endloop
  endfacet
  facet normal 2.429193e-01 -9.700442e-01 2.087947e-03
    outer loop
      vertex   2.696747e+00 -5.056590e+00 1.447500e+01
      vertex   3.000000e+00 -4.976559e+00 1.637500e+01
      vertex   2.524048e+00 -5.095748e+00 1.637500e+01
    endloop
  endfacet
  facet normal 1.950897e-01 -9.807823e-01 -2.480798e-03
    outer loop
      vertex   2.696747e+00 -5.056590e+00 1.447500e+01
      vertex   2.524048e+00 -5.095748e+00 1.637500e+01
      vertex   2.157671e+00 -5.163819e+00 1.447500e+01
    endloop
  endfacet
  facet normal 1.743715e-01 -9.846786e-01 1.653893e-03
    outer loop
      vertex   2.157671e+00 -5.163819e+00 1.447500e+01
      vertex   2.524048e+00 -5.095748e+00 1.637500e+01
      vertex   2.040916e+00 -5.181303e+00 1.637500e+01
    endloop
  endfacet
  facet normal 1.175372e-01 -9.930666e-01 -1.915769e-03
    outer loop
      vertex   2.157671e+00 -5.163819e+00 1.447500e+01
      vertex   2.040916e+00 -5.181303e+00 1.637500e+01
      vertex   1.611843e+00 -5.228422e+00 1.447500e+01
    endloop
  endfacet
  facet normal 1.049668e-01 -9.944753e-01 9.578941e-04
    outer loop
      vertex   1.611843e+00 -5.228422e+00 1.447500e+01
      vertex   2.040916e+00 -5.181303e+00 1.637500e+01
      vertex   1.552977e+00 -5.232805e+00 1.637500e+01
    endloop
  endfacet
  facet normal 3.925979e-02 -9.992284e-01 -1.088817e-03
    outer loop
      vertex   1.611843e+00 -5.228422e+00 1.447500e+01
      vertex   1.552977e+00 -5.232805e+00 1.637500e+01
      vertex   1.062629e+00 -5.250000e+00 1.447500e+01
    endloop
  endfacet
  facet normal 3.504636e-02 -9.993857e-01 0.000000e+00
    outer loop
      vertex   1.062629e+00 -5.250000e+00 1.447500e+01
      vertex   1.552977e+00 -5.232805e+00 1.637500e+01
      vertex   1.062629e+00 -5.250000e+00 1.637500e+01
    endloop
  endfacet
  facet normal 1.000000e+00 0.000000e+00 0.000000e+00
    outer loop
      vertex   8.062629e+00 1.750000e+00 1.777500e+01
      vertex   8.062629e+00 3.300000e+00 1.777500e+01
      vertex   8.062629e+00 1.750000e+00 1.907500e+01
    endloop
  endfacet
  facet normal 1.000000e+00 -0.000000e+00 0.000000e+00
    outer loop
      vertex   8.062629e+00 1.750000e+00 1.907500e+01
      vertex   8.062629e+00 3.300000e+00 1.777500e+01
      vertex   8.062629e+00 3.300000e+00 1.907500e+01
    endloop
  endfacet
  facet normal 9.932384e-01 -1.160929e-01 -5.426906e-17
    outer loop
      vertex   4.921564e+00 2.859492e+00 1.447500e+01
      vertex   4.921564e+00 2.859492e+00 1.637500e+01
      vertex   4.900000e+00 2.675000e+00 1.447500e+01
    endloop
  endfacet
  facet normal 9.932384e-01 -1.160929e-01 -5.457051e-16
    outer loop
      vertex   4.900000e+00 2.675000e+00 1.447500e+01
      vertex   4.921564e+00 2.859492e+00 1.637500e+01
      vertex   4.900000e+00 2.675000e+00 1.637500e+01
    endloop
  endfacet
  facet normal 9.932384e-01 1.160929e-01 -3.828979e-16
    outer loop
      vertex   4.900000e+00 2.675000e+00 1.447500e+01
      vertex   4.900000e+00 2.675000e+00 1.637500e+01
      vertex   4.921564e+00 2.490507e+00 1.447500e+01
    endloop
  endfacet
  facet normal 9.932384e-01 1.160929e-01 -4.100324e-16
    outer loop
      vertex   4.921564e+00 2.490507e+00 1.447500e+01
      vertex   4.900000e+00 2.675000e+00 1.637500e+01
      vertex   4.921564e+00 2.490507e+00 1.637500e+01
    endloop
  endfacet
  facet normal 9.396926e-01 3.420201e-01 -2.793894e-16
    outer loop
      vertex   4.921564e+00 2.490507e+00 1.447500e+01
      vertex   4.921564e+00 2.490507e+00 1.637500e+01
      vertex   4.985094e+00 2.315960e+00 1.447500e+01
    endloop
  endfacet
  facet normal 9.396926e-01 3.420201e-01 -2.793894e-16
    outer loop
      vertex   4.985094e+00 2.315960e+00 1.447500e+01
      vertex   4.921564e+00 2.490507e+00 1.637500e+01
      vertex   4.985094e+00 2.315960e+00 1.637500e+01
    endloop
  endfacet
  facet normal 8.354878e-01 5.495090e-01 -1.336843e-16
    outer loop
      vertex   4.985094e+00 2.315960e+00 1.447500e+01
      vertex   4.985094e+00 2.315960e+00 1.637500e+01
      vertex   5.087164e+00 2.160770e+00 1.447500e+01
    endloop
  endfacet
  facet normal 8.354878e-01 5.495090e-01 -1.336843e-16
    outer loop
      vertex   5.087164e+00 2.160770e+00 1.447500e+01
      vertex   4.985094e+00 2.315960e+00 1.637500e+01
      vertex   5.087164e+00 2.160770e+00 1.637500e+01
    endloop
  endfacet
  facet normal 6.862416e-01 7.273736e-01 1.922766e-17
    outer loop
      vertex   5.087164e+00 2.160770e+00 1.447500e+01
      vertex   5.087164e+00 2.160770e+00 1.637500e+01
      vertex   5.222273e+00 2.033301e+00 1.447500e+01
    endloop
  endfacet
  facet normal 6.862416e-01 7.273736e-01 -4.715743e-16
    outer loop
      vertex   5.222273e+00 2.033301e+00 1.447500e+01
      vertex   5.087164e+00 2.160770e+00 1.637500e+01
      vertex   5.222273e+00 2.033301e+00 1.637500e+01
    endloop
  endfacet
  facet normal 5.000000e-01 8.660254e-01 -2.650452e-16
    outer loop
      vertex   5.222273e+00 2.033301e+00 1.447500e+01
      vertex   5.222273e+00 2.033301e+00 1.637500e+01
      vertex   5.383136e+00 1.940427e+00 1.447500e+01
    endloop
  endfacet
  facet normal 5.000000e-01 8.660254e-01 6.989452e-17
    outer loop
      vertex   5.383136e+00 1.940427e+00 1.447500e+01
      vertex   5.222273e+00 2.033301e+00 1.637500e+01
      vertex   5.383136e+00 1.940427e+00 1.637500e+01
    endloop
  endfacet
  facet normal 2.868032e-01 9.579895e-01 2.017983e-16
    outer loop
      vertex   5.383136e+00 1.940427e+00 1.447500e+01
      vertex   5.383136e+00 1.940427e+00 1.637500e+01
      vertex   5.561081e+00 1.887154e+00 1.447500e+01
    endloop
  endfacet
  facet normal 2.868032e-01 9.579895e-01 -2.211370e-17
    outer loop
      vertex   5.561081e+00 1.887154e+00 1.447500e+01
      vertex   5.383136e+00 1.940427e+00 1.637500e+01
      vertex   5.561081e+00 1.887154e+00 1.637500e+01
    endloop
  endfacet
  facet normal 5.814483e-02 9.983082e-01 8.948735e-17
    outer loop
      vertex   5.561081e+00 1.887154e+00 1.447500e+01
      vertex   5.561081e+00 1.887154e+00 1.637500e+01
      vertex   5.746516e+00 1.876353e+00 1.447500e+01
    endloop
  endfacet
  facet normal 5.814483e-02 9.983082e-01 -2.718052e-17
    outer loop
      vertex   5.746516e+00 1.876353e+00 1.447500e+01
      vertex   5.561081e+00 1.887154e+00 1.637500e+01
      vertex   5.746516e+00 1.876353e+00 1.637500e+01
    endloop
  endfacet
  facet normal -1.736482e-01 9.848078e-01 8.117398e-17
    outer loop
      vertex   5.746516e+00 1.876353e+00 1.447500e+01
      vertex   5.746516e+00 1.876353e+00 1.637500e+01
      vertex   5.929443e+00 1.908608e+00 1.447500e+01
    endloop
  endfacet
  facet normal -1.736482e-01 9.848078e-01 -1.490063e-16
    outer loop
      vertex   5.929443e+00 1.908608e+00 1.447500e+01
      vertex   5.746516e+00 1.876353e+00 1.637500e+01
      vertex   5.929443e+00 1.908608e+00 1.637500e+01
    endloop
  endfacet
  facet normal -3.960798e-01 9.182161e-01 -2.946335e-17
    outer loop
      vertex   5.929443e+00 1.908608e+00 1.447500e+01
      vertex   5.929443e+00 1.908608e+00 1.637500e+01
      vertex   6.100000e+00 1.982179e+00 1.447500e+01
    endloop
  endfacet
  facet normal -3.960798e-01 9.182161e-01 1.556890e-16
    outer loop
      vertex   6.100000e+00 1.982179e+00 1.447500e+01
      vertex   5.929443e+00 1.908608e+00 1.637500e+01
      vertex   6.100000e+00 1.982179e+00 1.637500e+01
    endloop
  endfacet
  facet normal -5.971586e-01 8.021232e-01 3.708171e-16
    outer loop
      vertex   6.100000e+00 1.982179e+00 1.447500e+01
      vertex   6.100000e+00 1.982179e+00 1.637500e+01
      vertex   6.248993e+00 2.093101e+00 1.447500e+01
    endloop
  endfacet
  facet normal -5.971586e-01 8.021232e-01 1.833359e-16
    outer loop
      vertex   6.248993e+00 2.093101e+00 1.447500e+01
      vertex   6.100000e+00 1.982179e+00 1.637500e+01
      vertex   6.248993e+00 2.093101e+00 1.637500e+01
    endloop
  endfacet
  facet normal -7.660444e-01 6.427876e-01 4.157148e-16
    outer loop
      vertex   6.248993e+00 2.093101e+00 1.447500e+01
      vertex   6.248993e+00 2.093101e+00 1.637500e+01
      vertex   6.368390e+00 2.235393e+00 1.447500e+01
    endloop
  endfacet
  facet normal -7.660444e-01 6.427876e-01 5.761793e-17
    outer loop
      vertex   6.368390e+00 2.235393e+00 1.447500e+01
      vertex   6.248993e+00 2.093101e+00 1.637500e+01
      vertex   6.368390e+00 2.235393e+00 1.637500e+01
    endloop
  endfacet
  facet normal -8.936326e-01 4.487992e-01 2.079429e-16
    outer loop
      vertex   6.368390e+00 2.235393e+00 1.447500e+01
      vertex   6.368390e+00 2.235393e+00 1.637500e+01
      vertex   6.451754e+00 2.401384e+00 1.447500e+01
    endloop
  endfacet
  facet normal -8.936326e-01 4.487992e-01 2.079429e-16
    outer loop
      vertex   6.451754e+00 2.401384e+00 1.447500e+01
      vertex   6.368390e+00 2.235393e+00 1.637500e+01
      vertex   6.451754e+00 2.401384e+00 1.637500e+01
    endloop
  endfacet
  facet normal -9.730449e-01 2.306159e-01 3.470576e-16
    outer loop
      vertex   6.451754e+00 2.401384e+00 1.447500e+01
      vertex   6.451754e+00 2.401384e+00 1.637500e+01
      vertex   6.494591e+00 2.582125e+00 1.447500e+01
    endloop
  endfacet
  facet normal -9.730449e-01 2.306159e-01 -1.078042e-16
    outer loop
      vertex   6.494591e+00 2.582125e+00 1.447500e+01
      vertex   6.451754e+00 2.401384e+00 1.637500e+01
      vertex   6.494591e+00 2.582125e+00 1.637500e+01
    endloop
  endfacet
  facet normal -1.000000e+00 0.000000e+00 0.000000e+00
    outer loop
      vertex   6.494591e+00 2.582125e+00 1.447500e+01
      vertex   6.494591e+00 2.582125e+00 1.637500e+01
      vertex   6.494591e+00 2.767874e+00 1.447500e+01
    endloop
  endfacet
  facet normal -1.000000e+00 0.000000e+00 0.000000e+00
    outer loop
      vertex   6.494591e+00 2.767874e+00 1.447500e+01
      vertex   6.494591e+00 2.582125e+00 1.637500e+01
      vertex   6.494591e+00 2.767874e+00 1.637500e+01
    endloop
  endfacet
  facet normal -9.730449e-01 -2.306159e-01 1.078042e-16
    outer loop
      vertex   6.494591e+00 2.767874e+00 1.447500e+01
      vertex   6.494591e+00 2.767874e+00 1.637500e+01
      vertex   6.451754e+00 2.948616e+00 1.447500e+01
    endloop
  endfacet
  facet normal -9.730449e-01 -2.306159e-01 1.078042e-16
    outer loop
      vertex   6.451754e+00 2.948616e+00 1.447500e+01
      vertex   6.494591e+00 2.767874e+00 1.637500e+01
      vertex   6.451754e+00 2.948616e+00 1.637500e+01
    endloop
  endfacet
  facet normal -8.936326e-01 -4.487992e-01 2.097967e-16
    outer loop
      vertex   6.451754e+00 2.948616e+00 1.447500e+01
      vertex   6.451754e+00 2.948616e+00 1.637500e+01
      vertex   6.368390e+00 3.114607e+00 1.447500e+01
    endloop
  endfacet
  facet normal -8.936326e-01 -4.487992e-01 3.146951e-16
    outer loop
      vertex   6.368390e+00 3.114607e+00 1.447500e+01
      vertex   6.451754e+00 2.948616e+00 1.637500e+01
      vertex   6.368390e+00 3.114607e+00 1.637500e+01
    endloop
  endfacet
  facet normal -7.660444e-01 -6.427876e-01 4.507185e-16
    outer loop
      vertex   6.368390e+00 3.114607e+00 1.447500e+01
      vertex   6.368390e+00 3.114607e+00 1.637500e+01
      vertex   6.248993e+00 3.256899e+00 1.447500e+01
    endloop
  endfacet
  facet normal -7.660444e-01 -6.427876e-01 3.004790e-16
    outer loop
      vertex   6.248993e+00 3.256899e+00 1.447500e+01
      vertex   6.368390e+00 3.114607e+00 1.637500e+01
      vertex   6.248993e+00 3.256899e+00 1.637500e+01
    endloop
  endfacet
  facet normal -5.971586e-01 -8.021232e-01 3.749624e-16
    outer loop
      vertex   6.248993e+00 3.256899e+00 1.447500e+01
      vertex   6.248993e+00 3.256899e+00 1.637500e+01
      vertex   6.100000e+00 3.367820e+00 1.447500e+01
    endloop
  endfacet
  facet normal -5.971586e-01 -8.021232e-01 -3.708171e-16
    outer loop
      vertex   6.100000e+00 3.367820e+00 1.447500e+01
      vertex   6.248993e+00 3.256899e+00 1.637500e+01
      vertex   6.100000e+00 3.367820e+00 1.637500e+01
    endloop
  endfacet
  facet normal -3.960798e-01 -9.182161e-01 -1.556890e-16
    outer loop
      vertex   6.100000e+00 3.367820e+00 1.447500e+01
      vertex   6.100000e+00 3.367820e+00 1.637500e+01
      vertex   5.929443e+00 3.441391e+00 1.447500e+01
    endloop
  endfacet
  facet normal -3.960798e-01 -9.182161e-01 -1.851524e-16
    outer loop
      vertex   5.929443e+00 3.441391e+00 1.447500e+01
      vertex   6.100000e+00 3.367820e+00 1.637500e+01
      vertex   5.929443e+00 3.441391e+00 1.637500e+01
    endloop
  endfacet
  facet normal -1.736482e-01 -9.848078e-01 -8.117398e-17
    outer loop
      vertex   5.929443e+00 3.441391e+00 1.447500e+01
      vertex   5.929443e+00 3.441391e+00 1.637500e+01
      vertex   5.746516e+00 3.473646e+00 1.447500e+01
    endloop
  endfacet
  facet normal -1.736482e-01 -9.848078e-01 3.791865e-16
    outer loop
      vertex   5.746516e+00 3.473646e+00 1.447500e+01
      vertex   5.929443e+00 3.441391e+00 1.637500e+01
      vertex   5.746516e+00 3.473646e+00 1.637500e+01
    endloop
  endfacet
  facet normal 5.814483e-02 -9.983082e-01 4.938520e-16
    outer loop
      vertex   5.746516e+00 3.473646e+00 1.447500e+01
      vertex   5.746516e+00 3.473646e+00 1.637500e+01
      vertex   5.561081e+00 3.462846e+00 1.447500e+01
    endloop
  endfacet
  facet normal 5.814483e-02 -9.983082e-01 5.436103e-17
    outer loop
      vertex   5.561081e+00 3.462846e+00 1.447500e+01
      vertex   5.746516e+00 3.473646e+00 1.637500e+01
      vertex   5.561081e+00 3.462846e+00 1.637500e+01
    endloop
  endfacet
  facet normal 2.868032e-01 -9.579895e-01 2.681394e-16
    outer loop
      vertex   5.561081e+00 3.462846e+00 1.447500e+01
      vertex   5.561081e+00 3.462846e+00 1.637500e+01
      vertex   5.383136e+00 3.409573e+00 1.447500e+01
    endloop
  endfacet
  facet normal 2.868032e-01 -9.579895e-01 -8.984230e-17
    outer loop
      vertex   5.383136e+00 3.409573e+00 1.447500e+01
      vertex   5.561081e+00 3.462846e+00 1.637500e+01
      vertex   5.383136e+00 3.409573e+00 1.637500e+01
    endloop
  endfacet
  facet normal 5.000000e-01 -8.660254e-01 3.131404e-17
    outer loop
      vertex   5.383136e+00 3.409573e+00 1.447500e+01
      vertex   5.383136e+00 3.409573e+00 1.637500e+01
      vertex   5.222273e+00 3.316698e+00 1.447500e+01
    endloop
  endfacet
  facet normal 5.000000e-01 -8.660254e-01 3.131404e-17
    outer loop
      vertex   5.222273e+00 3.316698e+00 1.447500e+01
      vertex   5.383136e+00 3.409573e+00 1.637500e+01
      vertex   5.222273e+00 3.316698e+00 1.637500e+01
    endloop
  endfacet
  facet normal 6.862416e-01 -7.273736e-01 1.507822e-16
    outer loop
      vertex   5.222273e+00 3.316698e+00 1.447500e+01
      vertex   5.222273e+00 3.316698e+00 1.637500e+01
      vertex   5.087164e+00 3.189230e+00 1.447500e+01
    endloop
  endfacet
  facet normal 6.862416e-01 -7.273736e-01 -1.700099e-16
    outer loop
      vertex   5.087164e+00 3.189230e+00 1.447500e+01
      vertex   5.222273e+00 3.316698e+00 1.637500e+01
      vertex   5.087164e+00 3.189230e+00 1.637500e+01
    endloop
  endfacet
  facet normal 8.354878e-01 -5.495090e-01 -1.284374e-16
    outer loop
      vertex   5.087164e+00 3.189230e+00 1.447500e+01
      vertex   5.087164e+00 3.189230e+00 1.637500e+01
      vertex   4.985094e+00 3.034039e+00 1.447500e+01
    endloop
  endfacet
  facet normal 8.354878e-01 -5.495090e-01 -3.853121e-16
    outer loop
      vertex   4.985094e+00 3.034039e+00 1.447500e+01
      vertex   5.087164e+00 3.189230e+00 1.637500e+01
      vertex   4.985094e+00 3.034039e+00 1.637500e+01
    endloop
  endfacet
  facet normal 9.396926e-01 -3.420201e-01 -2.398223e-16
    outer loop
      vertex   4.985094e+00 3.034039e+00 1.447500e+01
      vertex   4.985094e+00 3.034039e+00 1.637500e+01
      vertex   4.921564e+00 2.859492e+00 1.447500e+01
    endloop
  endfacet
  facet normal 9.396926e-01 -3.420201e-01 -1.598815e-16
    outer loop
      vertex   4.921564e+00 2.859492e+00 1.447500e+01
      vertex   4.985094e+00 3.034039e+00 1.637500e+01
      vertex   4.921564e+00 2.859492e+00 1.637500e+01
    endloop
  endfacet
  facet normal 1.000000e+00 -4.882296e-16 0.000000e+00
    outer loop
      vertex   -1.100000e+00 -5.250000e+00 1.637500e+01
      vertex   -1.100000e+00 -2.066432e+00 1.637500e+01
      vertex   -1.100000e+00 -5.250000e+00 1.777500e+01
    endloop
  endfacet
  facet normal 1.000000e+00 -4.882296e-16 0.000000e+00
    outer loop
      vertex   -1.100000e+00 -5.250000e+00 1.777500e+01
      vertex   -1.100000e+00 -2.066432e+00 1.637500e+01
      vertex   -1.100000e+00 -2.066432e+00 1.777500e+01
    endloop
  endfacet
  facet normal 0.000000e+00 0.000000e+00 -1.000000e+00
    outer loop
      vertex   -1.100000e+00 -5.250000e+00 1.777500e+01
      vertex   4.722731e-01 -3.891699e+00 1.777500e+01
      vertex   1.062629e+00 -5.250000e+00 1.777500e+01
    endloop
  endfacet
  facet normal 0.000000e+00 0.000000e+00 -1.000000e+00
    outer loop
      vertex   1.062629e+00 -5.250000e+00 1.777500e+01
      vertex   4.722731e-01 -3.891699e+00 1.777500e+01
      vertex   6.331362e-01 -3.984573e+00 1.777500e+01
    endloop
  endfacet
  facet normal 0.000000e+00 0.000000e+00 -1.000000e+00
    outer loop
      vertex   1.062629e+00 -5.250000e+00 1.777500e+01
      vertex   6.331362e-01 -3.984573e+00 1.777500e+01
      vertex   8.110815e-01 -4.037846e+00 1.777500e+01
    endloop
  endfacet
  facet normal 0.000000e+00 -0.000000e+00 -1.000000e+00
    outer loop
      vertex   -1.100000e+00 -2.066432e+00 1.777500e+01
      vertex   1.715641e-01 -3.434493e+00 1.777500e+01
      vertex   -1.100000e+00 -5.250000e+00 1.777500e+01
    endloop
  endfacet
  facet normal 0.000000e+00 0.000000e+00 -1.000000e+00
    outer loop
      vertex   -1.100000e+00 -5.250000e+00 1.777500e+01
      vertex   1.715641e-01 -3.434493e+00 1.777500e+01
      vertex   2.350939e-01 -3.609040e+00 1.777500e+01
    endloop
  endfacet
  facet normal 0.000000e+00 0.000000e+00 -1.000000e+00
    outer loop
      vertex   -1.100000e+00 -5.250000e+00 1.777500e+01
      vertex   2.350939e-01 -3.609040e+00 1.777500e+01
      vertex   3.371644e-01 -3.764230e+00 1.777500e+01
    endloop
  endfacet
  facet normal 0.000000e+00 0.000000e+00 -1.000000e+00
    outer loop
      vertex   9.500000e-01 -8.828641e-01 1.777500e+01
      vertex   4.722731e-01 -2.608302e+00 1.777500e+01
      vertex   -1.100000e+00 -2.066432e+00 1.777500e+01
    endloop
  endfacet
  facet normal 0.000000e+00 0.000000e+00 -1.000000e+00
    outer loop
      vertex   -1.100000e+00 -2.066432e+00 1.777500e+01
      vertex   4.722731e-01 -2.608302e+00 1.777500e+01
      vertex   3.371644e-01 -2.735770e+00 1.777500e+01
    endloop
  endfacet
  facet normal 0.000000e+00 0.000000e+00 -1.000000e+00
    outer loop
      vertex   -1.100000e+00 -2.066432e+00 1.777500e+01
      vertex   3.371644e-01 -2.735770e+00 1.777500e+01
      vertex   2.350939e-01 -2.890961e+00 1.777500e+01
    endloop
  endfacet
  facet normal -0.000000e+00 0.000000e+00 -1.000000e+00
    outer loop
      vertex   3.000000e+00 -2.066432e+00 1.777500e+01
      vertex   1.350000e+00 -2.557180e+00 1.777500e+01
      vertex   9.500000e-01 -8.828641e-01 1.777500e+01
    endloop
  endfacet
  facet normal 0.000000e+00 0.000000e+00 -1.000000e+00
    outer loop
      vertex   9.500000e-01 -8.828641e-01 1.777500e+01
      vertex   1.350000e+00 -2.557180e+00 1.777500e+01
      vertex   1.179443e+00 -2.483609e+00 1.777500e+01
    endloop
  endfacet
  facet normal 0.000000e+00 0.000000e+00 -1.000000e+00
    outer loop
      vertex   9.500000e-01 -8.828641e-01 1.777500e+01
      vertex   1.179443e+00 -2.483609e+00 1.777500e+01
      vertex   9.965159e-01 -2.451354e+00 1.777500e+01
    endloop
  endfacet
  facet normal 0.000000e+00 0.000000e+00 -1.000000e+00
    outer loop
      vertex   3.000000e+00 -4.976559e+00 1.777500e+01
      vertex   1.744591e+00 -3.342875e+00 1.777500e+01
      vertex   3.000000e+00 -2.066432e+00 1.777500e+01
    endloop
  endfacet
  facet normal 0.000000e+00 0.000000e+00 -1.000000e+00
    outer loop
      vertex   3.000000e+00 -2.066432e+00 1.777500e+01
      vertex   1.744591e+00 -3.342875e+00 1.777500e+01
      vertex   1.744591e+00 -3.157126e+00 1.777500e+01
    endloop
  endfacet
  facet normal 0.000000e+00 0.000000e+00 -1.000000e+00
    outer loop
      vertex   3.000000e+00 -2.066432e+00 1.777500e+01
      vertex   1.744591e+00 -3.157126e+00 1.777500e+01
      vertex   1.701754e+00 -2.976384e+00 1.777500e+01
    endloop
  endfacet
  facet normal 0.000000e+00 -0.000000e+00 -1.000000e+00
    outer loop
      vertex   1.744591e+00 -3.342875e+00 1.777500e+01
      vertex   3.000000e+00 -4.976559e+00 1.777500e+01
      vertex   1.701754e+00 -3.523616e+00 1.777500e+01
    endloop
  endfacet
  facet normal 0.000000e+00 0.000000e+00 -1.000000e+00
    outer loop
      vertex   1.701754e+00 -3.523616e+00 1.777500e+01
      vertex   3.000000e+00 -4.976559e+00 1.777500e+01
      vertex   2.524048e+00 -5.095748e+00 1.777500e+01
    endloop
  endfacet
  facet normal 0.000000e+00 -0.000000e+00 -1.000000e+00
    outer loop
      vertex   1.701754e+00 -3.523616e+00 1.777500e+01
      vertex   2.524048e+00 -5.095748e+00 1.777500e+01
      vertex   1.618390e+00 -3.689607e+00 1.777500e+01
    endloop
  endfacet
  facet normal 0.000000e+00 -0.000000e+00 -1.000000e+00
    outer loop
      vertex   1.618390e+00 -3.689607e+00 1.777500e+01
      vertex   2.524048e+00 -5.095748e+00 1.777500e+01
      vertex   1.498993e+00 -3.831899e+00 1.777500e+01
    endloop
  endfacet
  facet normal 0.000000e+00 0.000000e+00 -1.000000e+00
    outer loop
      vertex   1.498993e+00 -3.831899e+00 1.777500e+01
      vertex   2.524048e+00 -5.095748e+00 1.777500e+01
      vertex   2.040916e+00 -5.181303e+00 1.777500e+01
    endloop
  endfacet
  facet normal 0.000000e+00 -0.000000e+00 -1.000000e+00
    outer loop
      vertex   1.498993e+00 -3.831899e+00 1.777500e+01
      vertex   2.040916e+00 -5.181303e+00 1.777500e+01
      vertex   1.350000e+00 -3.942821e+00 1.777500e+01
    endloop
  endfacet
  facet normal 0.000000e+00 0.000000e+00 -1.000000e+00
    outer loop
      vertex   1.350000e+00 -3.942821e+00 1.777500e+01
      vertex   2.040916e+00 -5.181303e+00 1.777500e+01
      vertex   1.552977e+00 -5.232805e+00 1.777500e+01
    endloop
  endfacet
  facet normal 0.000000e+00 -0.000000e+00 -1.000000e+00
    outer loop
      vertex   1.350000e+00 -3.942821e+00 1.777500e+01
      vertex   1.552977e+00 -5.232805e+00 1.777500e+01
      vertex   1.179443e+00 -4.016392e+00 1.777500e+01
    endloop
  endfacet
  facet normal 0.000000e+00 -0.000000e+00 -1.000000e+00
    outer loop
      vertex   1.179443e+00 -4.016392e+00 1.777500e+01
      vertex   1.552977e+00 -5.232805e+00 1.777500e+01
      vertex   1.062629e+00 -5.250000e+00 1.777500e+01
    endloop
  endfacet
  facet normal 0.000000e+00 0.000000e+00 -1.000000e+00
    outer loop
      vertex   1.179443e+00 -4.016392e+00 1.777500e+01
      vertex   1.062629e+00 -5.250000e+00 1.777500e+01
      vertex   9.965159e-01 -4.048647e+00 1.777500e+01
    endloop
  endfacet
  facet normal -0.000000e+00 -0.000000e+00 -1.000000e+00
    outer loop
      vertex   9.965159e-01 -4.048647e+00 1.777500e+01
      vertex   1.062629e+00 -5.250000e+00 1.777500e+01
      vertex   8.110815e-01 -4.037846e+00 1.777500e+01
    endloop
  endfacet
  facet normal -0.000000e+00 0.000000e+00 -1.000000e+00
    outer loop
      vertex   1.715641e-01 -3.065508e+00 1.777500e+01
      vertex   1.500000e-01 -3.250000e+00 1.777500e+01
      vertex   -1.100000e+00 -2.066432e+00 1.777500e+01
    endloop
  endfacet
  facet normal 0.000000e+00 0.000000e+00 -1.000000e+00
    outer loop
      vertex   -1.100000e+00 -2.066432e+00 1.777500e+01
      vertex   1.500000e-01 -3.250000e+00 1.777500e+01
      vertex   1.715641e-01 -3.434493e+00 1.777500e+01
    endloop
  endfacet
  facet normal 0.000000e+00 -0.000000e+00 -1.000000e+00
    outer loop
      vertex   3.371644e-01 -3.764230e+00 1.777500e+01
      vertex   4.722731e-01 -3.891699e+00 1.777500e+01
      vertex   -1.100000e+00 -5.250000e+00 1.777500e+01
    endloop
  endfacet
  facet normal 0.000000e+00 0.000000e+00 -1.000000e+00
    outer loop
      vertex   1.701754e+00 -2.976384e+00 1.777500e+01
      vertex   1.618390e+00 -2.810393e+00 1.777500e+01
      vertex   3.000000e+00 -2.066432e+00 1.777500e+01
    endloop
  endfacet
  facet normal 0.000000e+00 0.000000e+00 -1.000000e+00
    outer loop
      vertex   3.000000e+00 -2.066432e+00 1.777500e+01
      vertex   1.618390e+00 -2.810393e+00 1.777500e+01
      vertex   1.498993e+00 -2.668101e+00 1.777500e+01
    endloop
  endfacet
  facet normal 0.000000e+00 0.000000e+00 -1.000000e+00
    outer loop
      vertex   3.000000e+00 -2.066432e+00 1.777500e+01
      vertex   1.498993e+00 -2.668101e+00 1.777500e+01
      vertex   1.350000e+00 -2.557180e+00 1.777500e+01
    endloop
  endfacet
  facet normal -0.000000e+00 0.000000e+00 -1.000000e+00
    outer loop
      vertex   9.965159e-01 -2.451354e+00 1.777500e+01
      vertex   8.110815e-01 -2.462154e+00 1.777500e+01
      vertex   9.500000e-01 -8.828641e-01 1.777500e+01
    endloop
  endfacet
  facet normal 0.000000e+00 0.000000e+00 -1.000000e+00
    outer loop
      vertex   9.500000e-01 -8.828641e-01 1.777500e+01
      vertex   8.110815e-01 -2.462154e+00 1.777500e+01
      vertex   6.331362e-01 -2.515427e+00 1.777500e+01
    endloop
  endfacet
  facet normal 0.000000e+00 0.000000e+00 -1.000000e+00
    outer loop
      vertex   9.500000e-01 -8.828641e-01 1.777500e+01
      vertex   6.331362e-01 -2.515427e+00 1.777500e+01
      vertex   4.722731e-01 -2.608302e+00 1.777500e+01
    endloop
  endfacet
  facet normal -0.000000e+00 0.000000e+00 -1.000000e+00
    outer loop
      vertex   2.350939e-01 -2.890961e+00 1.777500e+01
      vertex   1.715641e-01 -3.065508e+00 1.777500e+01
      vertex   -1.100000e+00 -2.066432e+00 1.777500e+01
    endloop
  endfacet
  facet normal -5.000000e-01 -8.660254e-01 -0.000000e+00
    outer loop
      vertex   3.000000e+00 -2.066432e+00 1.777500e+01
      vertex   9.500000e-01 -8.828641e-01 1.777500e+01
      vertex   3.000000e+00 -2.066432e+00 1.637500e+01
    endloop
  endfacet
  facet normal -5.000000e-01 -8.660254e-01 0.000000e+00
    outer loop
      vertex   3.000000e+00 -2.066432e+00 1.637500e+01
      vertex   9.500000e-01 -8.828641e-01 1.777500e+01
      vertex   9.500000e-01 -8.828641e-01 1.637500e+01
    endloop
  endfacet
  facet normal 5.000000e-01 -8.660254e-01 0.000000e+00
    outer loop
      vertex   9.500000e-01 -8.828641e-01 1.777500e+01
      vertex   -1.100000e+00 -2.066432e+00 1.777500e+01
      vertex   9.500000e-01 -8.828641e-01 1.637500e+01
    endloop
  endfacet
  facet normal 5.000000e-01 -8.660254e-01 0.000000e+00
    outer loop
      vertex   9.500000e-01 -8.828641e-01 1.637500e+01
      vertex   -1.100000e+00 -2.066432e+00 1.777500e+01
      vertex   -1.100000e+00 -2.066432e+00 1.637500e+01
    endloop
  endfacet
  facet normal -1.000000e+00 9.156079e-16 0.000000e+00
    outer loop
      vertex   3.000000e+00 -4.976559e+00 1.777500e+01
      vertex   3.000000e+00 -2.066432e+00 1.777500e+01
      vertex   3.000000e+00 -4.976559e+00 1.637500e+01
    endloop
  endfacet
  facet normal -1.000000e+00 9.156079e-16 0.000000e+00
    outer loop
      vertex   3.000000e+00 -4.976559e+00 1.637500e+01
      vertex   3.000000e+00 -2.066432e+00 1.777500e+01
      vertex   3.000000e+00 -2.066432e+00 1.637500e+01
    endloop
  endfacet
  facet normal 0.000000e+00 0.000000e+00 1.000000e+00
    outer loop
      vertex   1.062629e+00 -5.250000e+00 1.637500e+01
      vertex   4.722731e-01 -3.891699e+00 1.637500e+01
      vertex   -1.100000e+00 -5.250000e+00 1.637500e+01
    endloop
  endfacet
  facet normal 0.000000e+00 0.000000e+00 1.000000e+00
    outer loop
      vertex   -1.100000e+00 -5.250000e+00 1.637500e+01
      vertex   4.722731e-01 -3.891699e+00 1.637500e+01
      vertex   3.371644e-01 -3.764230e+00 1.637500e+01
    endloop
  endfacet
  facet normal 0.000000e+00 0.000000e+00 1.000000e+00
    outer loop
      vertex   -1.100000e+00 -5.250000e+00 1.637500e+01
      vertex   3.371644e-01 -3.764230e+00 1.637500e+01
      vertex   2.350939e-01 -3.609040e+00 1.637500e+01
    endloop
  endfacet
  facet normal 0.000000e+00 0.000000e+00 1.000000e+00
    outer loop
      vertex   1.552977e+00 -5.232805e+00 1.637500e+01
      vertex   1.179443e+00 -4.016392e+00 1.637500e+01
      vertex   1.062629e+00 -5.250000e+00 1.637500e+01
    endloop
  endfacet
  facet normal 0.000000e+00 -0.000000e+00 1.000000e+00
    outer loop
      vertex   1.062629e+00 -5.250000e+00 1.637500e+01
      vertex   1.179443e+00 -4.016392e+00 1.637500e+01
      vertex   9.965159e-01 -4.048647e+00 1.637500e+01
    endloop
  endfacet
  facet normal 0.000000e+00 0.000000e+00 1.000000e+00
    outer loop
      vertex   1.062629e+00 -5.250000e+00 1.637500e+01
      vertex   9.965159e-01 -4.048647e+00 1.637500e+01
      vertex   8.110815e-01 -4.037846e+00 1.637500e+01
    endloop
  endfacet
  facet normal -0.000000e+00 0.000000e+00 1.000000e+00
    outer loop
      vertex   1.179443e+00 -4.016392e+00 1.637500e+01
      vertex   1.552977e+00 -5.232805e+00 1.637500e+01
      vertex   1.350000e+00 -3.942821e+00 1.637500e+01
    endloop
  endfacet
  facet normal 0.000000e+00 0.000000e+00 1.000000e+00
    outer loop
      vertex   1.350000e+00 -3.942821e+00 1.637500e+01
      vertex   1.552977e+00 -5.232805e+00 1.637500e+01
      vertex   2.040916e+00 -5.181303e+00 1.637500e+01
    endloop
  endfacet
  facet normal -0.000000e+00 0.000000e+00 1.000000e+00
    outer loop
      vertex   1.350000e+00 -3.942821e+00 1.637500e+01
      vertex   2.040916e+00 -5.181303e+00 1.637500e+01
      vertex   1.498993e+00 -3.831899e+00 1.637500e+01
    endloop
  endfacet
  facet normal 0.000000e+00 0.000000e+00 1.000000e+00
    outer loop
      vertex   1.498993e+00 -3.831899e+00 1.637500e+01
      vertex   2.040916e+00 -5.181303e+00 1.637500e+01
      vertex   2.524048e+00 -5.095748e+00 1.637500e+01
    endloop
  endfacet
  facet normal -0.000000e+00 0.000000e+00 1.000000e+00
    outer loop
      vertex   1.498993e+00 -3.831899e+00 1.637500e+01
      vertex   2.524048e+00 -5.095748e+00 1.637500e+01
      vertex   1.618390e+00 -3.689607e+00 1.637500e+01
    endloop
  endfacet
  facet normal -0.000000e+00 0.000000e+00 1.000000e+00
    outer loop
      vertex   1.618390e+00 -3.689607e+00 1.637500e+01
      vertex   2.524048e+00 -5.095748e+00 1.637500e+01
      vertex   1.701754e+00 -3.523616e+00 1.637500e+01
    endloop
  endfacet
  facet normal 0.000000e+00 0.000000e+00 1.000000e+00
    outer loop
      vertex   1.701754e+00 -3.523616e+00 1.637500e+01
      vertex   2.524048e+00 -5.095748e+00 1.637500e+01
      vertex   3.000000e+00 -4.976559e+00 1.637500e+01
    endloop
  endfacet
  facet normal -0.000000e+00 0.000000e+00 1.000000e+00
    outer loop
      vertex   1.701754e+00 -3.523616e+00 1.637500e+01
      vertex   3.000000e+00 -4.976559e+00 1.637500e+01
      vertex   1.744591e+00 -3.342875e+00 1.637500e+01
    endloop
  endfacet
  facet normal -0.000000e+00 0.000000e+00 1.000000e+00
    outer loop
      vertex   1.744591e+00 -3.342875e+00 1.637500e+01
      vertex   3.000000e+00 -4.976559e+00 1.637500e+01
      vertex   3.000000e+00 -2.066432e+00 1.637500e+01
    endloop
  endfacet
  facet normal 0.000000e+00 -0.000000e+00 1.000000e+00
    outer loop
      vertex   1.744591e+00 -3.342875e+00 1.637500e+01
      vertex   3.000000e+00 -2.066432e+00 1.637500e+01
      vertex   1.744591e+00 -3.157126e+00 1.637500e+01
    endloop
  endfacet
  facet normal 0.000000e+00 -0.000000e+00 1.000000e+00
    outer loop
      vertex   1.744591e+00 -3.157126e+00 1.637500e+01
      vertex   3.000000e+00 -2.066432e+00 1.637500e+01
      vertex   1.701754e+00 -2.976384e+00 1.637500e+01
    endloop
  endfacet
  facet normal 0.000000e+00 -0.000000e+00 1.000000e+00
    outer loop
      vertex   1.701754e+00 -2.976384e+00 1.637500e+01
      vertex   3.000000e+00 -2.066432e+00 1.637500e+01
      vertex   1.618390e+00 -2.810393e+00 1.637500e+01
    endloop
  endfacet
  facet normal 0.000000e+00 -0.000000e+00 1.000000e+00
    outer loop
      vertex   1.618390e+00 -2.810393e+00 1.637500e+01
      vertex   3.000000e+00 -2.066432e+00 1.637500e+01
      vertex   1.498993e+00 -2.668101e+00 1.637500e+01
    endloop
  endfacet
  facet normal 0.000000e+00 -0.000000e+00 1.000000e+00
    outer loop
      vertex   1.498993e+00 -2.668101e+00 1.637500e+01
      vertex   3.000000e+00 -2.066432e+00 1.637500e+01
      vertex   1.350000e+00 -2.557180e+00 1.637500e+01
    endloop
  endfacet
  facet normal 0.000000e+00 -0.000000e+00 1.000000e+00
    outer loop
      vertex   1.350000e+00 -2.557180e+00 1.637500e+01
      vertex   3.000000e+00 -2.066432e+00 1.637500e+01
      vertex   9.500000e-01 -8.828641e-01 1.637500e+01
    endloop
  endfacet
  facet normal 0.000000e+00 0.000000e+00 1.000000e+00
    outer loop
      vertex   1.350000e+00 -2.557180e+00 1.637500e+01
      vertex   9.500000e-01 -8.828641e-01 1.637500e+01
      vertex   1.179443e+00 -2.483609e+00 1.637500e+01
    endloop
  endfacet
  facet normal 0.000000e+00 0.000000e+00 1.000000e+00
    outer loop
      vertex   1.179443e+00 -2.483609e+00 1.637500e+01
      vertex   9.500000e-01 -8.828641e-01 1.637500e+01
      vertex   9.965159e-01 -2.451354e+00 1.637500e+01
    endloop
  endfacet
  facet normal 0.000000e+00 0.000000e+00 1.000000e+00
    outer loop
      vertex   9.965159e-01 -2.451354e+00 1.637500e+01
      vertex   9.500000e-01 -8.828641e-01 1.637500e+01
      vertex   8.110815e-01 -2.462154e+00 1.637500e+01
    endloop
  endfacet
  facet normal 0.000000e+00 -0.000000e+00 1.000000e+00
    outer loop
      vertex   8.110815e-01 -2.462154e+00 1.637500e+01
      vertex   9.500000e-01 -8.828641e-01 1.637500e+01
      vertex   6.331362e-01 -2.515427e+00 1.637500e+01
    endloop
  endfacet
  facet normal 0.000000e+00 -0.000000e+00 1.000000e+00
    outer loop
      vertex   6.331362e-01 -2.515427e+00 1.637500e+01
      vertex   9.500000e-01 -8.828641e-01 1.637500e+01
      vertex   4.722731e-01 -2.608302e+00 1.637500e+01
    endloop
  endfacet
  facet normal 0.000000e+00 -0.000000e+00 1.000000e+00
    outer loop
      vertex   4.722731e-01 -2.608302e+00 1.637500e+01
      vertex   9.500000e-01 -8.828641e-01 1.637500e+01
      vertex   -1.100000e+00 -2.066432e+00 1.637500e+01
    endloop
  endfacet
  facet normal 0.000000e+00 0.000000e+00 1.000000e+00
    outer loop
      vertex   4.722731e-01 -2.608302e+00 1.637500e+01
      vertex   -1.100000e+00 -2.066432e+00 1.637500e+01
      vertex   3.371644e-01 -2.735770e+00 1.637500e+01
    endloop
  endfacet
  facet normal 0.000000e+00 0.000000e+00 1.000000e+00
    outer loop
      vertex   3.371644e-01 -2.735770e+00 1.637500e+01
      vertex   -1.100000e+00 -2.066432e+00 1.637500e+01
      vertex   2.350939e-01 -2.890961e+00 1.637500e+01
    endloop
  endfacet
  facet normal 0.000000e+00 0.000000e+00 1.000000e+00
    outer loop
      vertex   2.350939e-01 -2.890961e+00 1.637500e+01
      vertex   -1.100000e+00 -2.066432e+00 1.637500e+01
      vertex   1.715641e-01 -3.065508e+00 1.637500e+01
    endloop
  endfacet
  facet normal 0.000000e+00 0.000000e+00 1.000000e+00
    outer loop
      vertex   1.715641e-01 -3.065508e+00 1.637500e+01
      vertex   -1.100000e+00 -2.066432e+00 1.637500e+01
      vertex   1.500000e-01 -3.250000e+00 1.637500e+01
    endloop
  endfacet
  facet normal 0.000000e+00 0.000000e+00 1.000000e+00
    outer loop
      vertex   1.500000e-01 -3.250000e+00 1.637500e+01
      vertex   -1.100000e+00 -2.066432e+00 1.637500e+01
      vertex   1.715641e-01 -3.434493e+00 1.637500e+01
    endloop
  endfacet
  facet normal 0.000000e+00 0.000000e+00 1.000000e+00
    outer loop
      vertex   1.715641e-01 -3.434493e+00 1.637500e+01
      vertex   -1.100000e+00 -2.066432e+00 1.637500e+01
      vertex   -1.100000e+00 -5.250000e+00 1.637500e+01
    endloop
  endfacet
  facet normal 0.000000e+00 0.000000e+00 1.000000e+00
    outer loop
      vertex   1.715641e-01 -3.434493e+00 1.637500e+01
      vertex   -1.100000e+00 -5.250000e+00 1.637500e+01
      vertex   2.350939e-01 -3.609040e+00 1.637500e+01
    endloop
  endfacet
  facet normal 0.000000e+00 0.000000e+00 1.000000e+00
    outer loop
      vertex   8.110815e-01 -4.037846e+00 1.637500e+01
      vertex   6.331362e-01 -3.984573e+00 1.637500e+01
      vertex   1.062629e+00 -5.250000e+00 1.637500e+01
    endloop
  endfacet
  facet normal 0.000000e+00 0.000000e+00 1.000000e+00
    outer loop
      vertex   1.062629e+00 -5.250000e+00 1.637500e+01
      vertex   6.331362e-01 -3.984573e+00 1.637500e+01
      vertex   4.722731e-01 -3.891699e+00 1.637500e+01
    endloop
  endfacet
  facet normal -0.000000e+00 -1.000000e+00 -0.000000e+00
    outer loop
      vertex   1.062629e+00 -5.250000e+00 1.637500e+01
      vertex   -1.100000e+00 -5.250000e+00 1.637500e+01
      vertex   1.062629e+00 -5.250000e+00 1.447500e+01
    endloop
  endfacet
  facet normal 0.000000e+00 -1.000000e+00 0.000000e+00
    outer loop
      vertex   1.062629e+00 -5.250000e+00 1.447500e+01
      vertex   -1.100000e+00 -5.250000e+00 1.637500e+01
      vertex   -1.329816e+01 -5.250000e+00 1.447500e+01
    endloop
  endfacet
  facet normal 0.000000e+00 -1.000000e+00 0.000000e+00
    outer loop
      vertex   -1.329816e+01 -5.250000e+00 1.447500e+01
      vertex   -1.100000e+00 -5.250000e+00 1.637500e+01
      vertex   -1.329816e+01 -5.250000e+00 1.907500e+01
    endloop
  endfacet
  facet normal 0.000000e+00 -1.000000e+00 0.000000e+00
    outer loop
      vertex   -1.329816e+01 -5.250000e+00 1.907500e+01
      vertex   -1.100000e+00 -5.250000e+00 1.637500e+01
      vertex   -1.100000e+00 -5.250000e+00 1.777500e+01
    endloop
  endfacet
  facet normal 0.000000e+00 -1.000000e+00 0.000000e+00
    outer loop
      vertex   -1.329816e+01 -5.250000e+00 1.907500e+01
      vertex   -1.100000e+00 -5.250000e+00 1.777500e+01
      vertex   1.062629e+00 -5.250000e+00 1.907500e+01
    endloop
  endfacet
  facet normal 0.000000e+00 -1.000000e+00 -0.000000e+00
    outer loop
      vertex   1.062629e+00 -5.250000e+00 1.907500e+01
      vertex   -1.100000e+00 -5.250000e+00 1.777500e+01
      vertex   1.062629e+00 -5.250000e+00 1.777500e+01
    endloop
  endfacet
  facet normal 9.932384e-01 -1.160929e-01 -2.713453e-17
    outer loop
      vertex   1.715641e-01 -3.065508e+00 1.447500e+01
      vertex   1.715641e-01 -3.065508e+00 1.637500e+01
      vertex   1.500000e-01 -3.250000e+00 1.447500e+01
    endloop
  endfacet
  facet normal 9.932384e-01 -1.160929e-01 -2.713453e-17
    outer loop
      vertex   1.500000e-01 -3.250000e+00 1.447500e+01
      vertex   1.715641e-01 -3.065508e+00 1.637500e+01
      vertex   1.500000e-01 -3.250000e+00 1.637500e+01
    endloop
  endfacet
  facet normal 9.932384e-01 1.160929e-01 2.713453e-17
    outer loop
      vertex   1.500000e-01 -3.250000e+00 1.447500e+01
      vertex   1.500000e-01 -3.250000e+00 1.637500e+01
      vertex   1.715641e-01 -3.434493e+00 1.447500e+01
    endloop
  endfacet
  facet normal 9.932384e-01 1.160929e-01 -7.254711e-17
    outer loop
      vertex   1.715641e-01 -3.434493e+00 1.447500e+01
      vertex   1.500000e-01 -3.250000e+00 1.637500e+01
      vertex   1.715641e-01 -3.434493e+00 1.637500e+01
    endloop
  endfacet
  facet normal 9.396926e-01 3.420201e-01 -6.863608e-17
    outer loop
      vertex   1.715641e-01 -3.434493e+00 1.447500e+01
      vertex   1.715641e-01 -3.434493e+00 1.637500e+01
      vertex   2.350939e-01 -3.609040e+00 1.447500e+01
    endloop
  endfacet
  facet normal 9.396926e-01 3.420201e-01 1.130469e-17
    outer loop
      vertex   2.350939e-01 -3.609040e+00 1.447500e+01
      vertex   1.715641e-01 -3.434493e+00 1.637500e+01
      vertex   2.350939e-01 -3.609040e+00 1.637500e+01
    endloop
  endfacet
  facet normal 8.354878e-01 5.495090e-01 6.741252e-17
    outer loop
      vertex   2.350939e-01 -3.609040e+00 1.447500e+01
      vertex   2.350939e-01 -3.609040e+00 1.637500e+01
      vertex   3.371644e-01 -3.764230e+00 1.447500e+01
    endloop
  endfacet
  facet normal 8.354878e-01 5.495090e-01 6.387661e-18
    outer loop
      vertex   3.371644e-01 -3.764230e+00 1.447500e+01
      vertex   2.350939e-01 -3.609040e+00 1.637500e+01
      vertex   3.371644e-01 -3.764230e+00 1.637500e+01
    endloop
  endfacet
  facet normal 6.862416e-01 7.273736e-01 6.976235e-17
    outer loop
      vertex   3.371644e-01 -3.764230e+00 1.447500e+01
      vertex   3.371644e-01 -3.764230e+00 1.637500e+01
      vertex   4.722731e-01 -3.891699e+00 1.447500e+01
    endloop
  endfacet
  facet normal 6.862416e-01 7.273736e-01 8.981186e-17
    outer loop
      vertex   4.722731e-01 -3.891699e+00 1.447500e+01
      vertex   3.371644e-01 -3.764230e+00 1.637500e+01
      vertex   4.722731e-01 -3.891699e+00 1.637500e+01
    endloop
  endfacet
  facet normal 5.000000e-01 8.660254e-01 1.439843e-16
    outer loop
      vertex   4.722731e-01 -3.891699e+00 1.447500e+01
      vertex   4.722731e-01 -3.891699e+00 1.637500e+01
      vertex   6.331362e-01 -3.984573e+00 1.447500e+01
    endloop
  endfacet
  facet normal 5.000000e-01 8.660254e-01 1.147679e-16
    outer loop
      vertex   6.331362e-01 -3.984573e+00 1.447500e+01
      vertex   4.722731e-01 -3.891699e+00 1.637500e+01
      vertex   6.331362e-01 -3.984573e+00 1.637500e+01
    endloop
  endfacet
  facet normal 2.868032e-01 9.579895e-01 1.736359e-16
    outer loop
      vertex   6.331362e-01 -3.984573e+00 1.447500e+01
      vertex   6.331362e-01 -3.984573e+00 1.637500e+01
      vertex   8.110815e-01 -4.037846e+00 1.447500e+01
    endloop
  endfacet
  facet normal 2.868032e-01 9.579895e-01 -5.027614e-17
    outer loop
      vertex   8.110815e-01 -4.037846e+00 1.447500e+01
      vertex   6.331362e-01 -3.984573e+00 1.637500e+01
      vertex   8.110815e-01 -4.037846e+00 1.637500e+01
    endloop
  endfacet
  facet normal 5.814483e-02 9.983082e-01 -1.019269e-17
    outer loop
      vertex   8.110815e-01 -4.037846e+00 1.447500e+01
      vertex   8.110815e-01 -4.037846e+00 1.637500e+01
      vertex   9.965159e-01 -4.048647e+00 1.447500e+01
    endloop
  endfacet
  facet normal 5.814483e-02 9.983082e-01 -1.359026e-17
    outer loop
      vertex   9.965159e-01 -4.048647e+00 1.447500e+01
      vertex   8.110815e-01 -4.037846e+00 1.637500e+01
      vertex   9.965159e-01 -4.048647e+00 1.637500e+01
    endloop
  endfacet
  facet normal -1.736482e-01 9.848078e-01 4.058699e-17
    outer loop
      vertex   9.965159e-01 -4.048647e+00 1.447500e+01
      vertex   9.965159e-01 -4.048647e+00 1.637500e+01
      vertex   1.179443e+00 -4.016392e+00 1.447500e+01
    endloop
  endfacet
  facet normal -1.736482e-01 9.848078e-01 4.058699e-17
    outer loop
      vertex   1.179443e+00 -4.016392e+00 1.447500e+01
      vertex   9.965159e-01 -4.048647e+00 1.637500e+01
      vertex   1.179443e+00 -4.016392e+00 1.637500e+01
    endloop
  endfacet
  facet normal -3.960798e-01 9.182161e-01 9.257618e-17
    outer loop
      vertex   1.179443e+00 -4.016392e+00 1.447500e+01
      vertex   1.179443e+00 -4.016392e+00 1.637500e+01
      vertex   1.350000e+00 -3.942821e+00 1.447500e+01
    endloop
  endfacet
  facet normal -3.960798e-01 9.182161e-01 9.257618e-17
    outer loop
      vertex   1.350000e+00 -3.942821e+00 1.447500e+01
      vertex   1.179443e+00 -4.016392e+00 1.637500e+01
      vertex   1.350000e+00 -3.942821e+00 1.637500e+01
    endloop
  endfacet
  facet normal -5.971586e-01 8.021232e-01 1.395746e-16
    outer loop
      vertex   1.350000e+00 -3.942821e+00 1.447500e+01
      vertex   1.350000e+00 -3.942821e+00 1.637500e+01
      vertex   1.498993e+00 -3.831899e+00 1.447500e+01
    endloop
  endfacet
  facet normal -5.971586e-01 8.021232e-01 6.978729e-17
    outer loop
      vertex   1.498993e+00 -3.831899e+00 1.447500e+01
      vertex   1.350000e+00 -3.942821e+00 1.637500e+01
      vertex   1.498993e+00 -3.831899e+00 1.637500e+01
    endloop
  endfacet
  facet normal -7.660444e-01 6.427876e-01 8.952423e-17
    outer loop
      vertex   1.498993e+00 -3.831899e+00 1.447500e+01
      vertex   1.498993e+00 -3.831899e+00 1.637500e+01
      vertex   1.618390e+00 -3.689607e+00 1.447500e+01
    endloop
  endfacet
  facet normal -7.660444e-01 6.427876e-01 8.952423e-17
    outer loop
      vertex   1.618390e+00 -3.689607e+00 1.447500e+01
      vertex   1.498993e+00 -3.831899e+00 1.637500e+01
      vertex   1.618390e+00 -3.689607e+00 1.637500e+01
    endloop
  endfacet
  facet normal -8.936326e-01 4.487992e-01 1.044349e-16
    outer loop
      vertex   1.618390e+00 -3.689607e+00 1.447500e+01
      vertex   1.618390e+00 -3.689607e+00 1.637500e+01
      vertex   1.701754e+00 -3.523616e+00 1.447500e+01
    endloop
  endfacet
  facet normal -8.936326e-01 4.487992e-01 -1.053618e-16
    outer loop
      vertex   1.701754e+00 -3.523616e+00 1.447500e+01
      vertex   1.618390e+00 -3.689607e+00 1.637500e+01
      vertex   1.701754e+00 -3.523616e+00 1.637500e+01
    endloop
  endfacet
  facet normal -9.730449e-01 2.306159e-01 5.911223e-18
    outer loop
      vertex   1.701754e+00 -3.523616e+00 1.447500e+01
      vertex   1.701754e+00 -3.523616e+00 1.637500e+01
      vertex   1.744591e+00 -3.342875e+00 1.447500e+01
    endloop
  endfacet
  facet normal -9.730449e-01 2.306159e-01 0.000000e+00
    outer loop
      vertex   1.744591e+00 -3.342875e+00 1.447500e+01
      vertex   1.701754e+00 -3.523616e+00 1.637500e+01
      vertex   1.744591e+00 -3.342875e+00 1.637500e+01
    endloop
  endfacet
  facet normal -1.000000e+00 0.000000e+00 0.000000e+00
    outer loop
      vertex   1.744591e+00 -3.342875e+00 1.447500e+01
      vertex   1.744591e+00 -3.342875e+00 1.637500e+01
      vertex   1.744591e+00 -3.157126e+00 1.447500e+01
    endloop
  endfacet
  facet normal -1.000000e+00 -1.195404e-15 -1.168656e-16
    outer loop
      vertex   1.744591e+00 -3.157126e+00 1.447500e+01
      vertex   1.744591e+00 -3.342875e+00 1.637500e+01
      vertex   1.744591e+00 -3.157126e+00 1.637500e+01
    endloop
  endfacet
  facet normal -9.730449e-01 -2.306159e-01 -5.981334e-17
    outer loop
      vertex   1.744591e+00 -3.157126e+00 1.447500e+01
      vertex   1.744591e+00 -3.157126e+00 1.637500e+01
      vertex   1.701754e+00 -2.976384e+00 1.447500e+01
    endloop
  endfacet
  facet normal -9.730449e-01 -2.306159e-01 0.000000e+00
    outer loop
      vertex   1.701754e+00 -2.976384e+00 1.447500e+01
      vertex   1.744591e+00 -3.157126e+00 1.637500e+01
      vertex   1.701754e+00 -2.976384e+00 1.637500e+01
    endloop
  endfacet
  facet normal -8.936326e-01 -4.487992e-01 0.000000e+00
    outer loop
      vertex   1.701754e+00 -2.976384e+00 1.447500e+01
      vertex   1.701754e+00 -2.976384e+00 1.637500e+01
      vertex   1.618390e+00 -2.810393e+00 1.447500e+01
    endloop
  endfacet
  facet normal -8.936326e-01 -4.487992e-01 -1.039714e-16
    outer loop
      vertex   1.618390e+00 -2.810393e+00 1.447500e+01
      vertex   1.701754e+00 -2.976384e+00 1.637500e+01
      vertex   1.618390e+00 -2.810393e+00 1.637500e+01
    endloop
  endfacet
  facet normal -7.660444e-01 -6.427876e-01 -2.880896e-17
    outer loop
      vertex   1.618390e+00 -2.810393e+00 1.447500e+01
      vertex   1.618390e+00 -2.810393e+00 1.637500e+01
      vertex   1.498993e+00 -2.668101e+00 1.447500e+01
    endloop
  endfacet
  facet normal -7.660444e-01 -6.427876e-01 1.214305e-16
    outer loop
      vertex   1.498993e+00 -2.668101e+00 1.447500e+01
      vertex   1.618390e+00 -2.810393e+00 1.637500e+01
      vertex   1.498993e+00 -2.668101e+00 1.637500e+01
    endloop
  endfacet
  facet normal -5.971586e-01 -8.021232e-01 2.353878e-16
    outer loop
      vertex   1.498993e+00 -2.668101e+00 1.447500e+01
      vertex   1.498993e+00 -2.668101e+00 1.637500e+01
      vertex   1.350000e+00 -2.557180e+00 1.447500e+01
    endloop
  endfacet
  facet normal -5.971586e-01 -8.021232e-01 -1.395746e-16
    outer loop
      vertex   1.350000e+00 -2.557180e+00 1.447500e+01
      vertex   1.498993e+00 -2.668101e+00 1.637500e+01
      vertex   1.350000e+00 -2.557180e+00 1.637500e+01
    endloop
  endfacet
  facet normal -3.960798e-01 -9.182161e-01 -9.257618e-17
    outer loop
      vertex   1.350000e+00 -2.557180e+00 1.447500e+01
      vertex   1.350000e+00 -2.557180e+00 1.637500e+01
      vertex   1.179443e+00 -2.483609e+00 1.447500e+01
    endloop
  endfacet
  facet normal -3.960798e-01 -9.182161e-01 -4.628809e-17
    outer loop
      vertex   1.179443e+00 -2.483609e+00 1.447500e+01
      vertex   1.350000e+00 -2.557180e+00 1.637500e+01
      vertex   1.179443e+00 -2.483609e+00 1.637500e+01
    endloop
  endfacet
  facet normal -1.736482e-01 -9.848078e-01 -2.029350e-17
    outer loop
      vertex   1.179443e+00 -2.483609e+00 1.447500e+01
      vertex   1.179443e+00 -2.483609e+00 1.637500e+01
      vertex   9.965159e-01 -2.451354e+00 1.447500e+01
    endloop
  endfacet
  facet normal -1.736482e-01 -9.848078e-01 -3.044024e-17
    outer loop
      vertex   9.965159e-01 -2.451354e+00 1.447500e+01
      vertex   1.179443e+00 -2.483609e+00 1.637500e+01
      vertex   9.965159e-01 -2.451354e+00 1.637500e+01
    endloop
  endfacet
  facet normal 5.814483e-02 -9.983082e-01 1.019269e-17
    outer loop
      vertex   9.965159e-01 -2.451354e+00 1.447500e+01
      vertex   9.965159e-01 -2.451354e+00 1.637500e+01
      vertex   8.110815e-01 -2.462154e+00 1.447500e+01
    endloop
  endfacet
  facet normal 5.814483e-02 -9.983082e-01 -2.197455e-16
    outer loop
      vertex   8.110815e-01 -2.462154e+00 1.447500e+01
      vertex   9.965159e-01 -2.451354e+00 1.637500e+01
      vertex   8.110815e-01 -2.462154e+00 1.637500e+01
    endloop
  endfacet
  facet normal 2.868032e-01 -9.579895e-01 -1.568771e-16
    outer loop
      vertex   8.110815e-01 -2.462154e+00 1.447500e+01
      vertex   8.110815e-01 -2.462154e+00 1.637500e+01
      vertex   6.331362e-01 -2.515427e+00 1.447500e+01
    endloop
  endfacet
  facet normal 2.868032e-01 -9.579895e-01 6.703485e-17
    outer loop
      vertex   6.331362e-01 -2.515427e+00 1.447500e+01
      vertex   8.110815e-01 -2.462154e+00 1.637500e+01
      vertex   6.331362e-01 -2.515427e+00 1.637500e+01
    endloop
  endfacet
  facet normal 5.000000e-01 -8.660254e-01 1.168656e-16
    outer loop
      vertex   6.331362e-01 -2.515427e+00 1.447500e+01
      vertex   6.331362e-01 -2.515427e+00 1.637500e+01
      vertex   4.722731e-01 -2.608302e+00 1.447500e+01
    endloop
  endfacet
  facet normal 5.000000e-01 -8.660254e-01 1.022574e-16
    outer loop
      vertex   4.722731e-01 -2.608302e+00 1.447500e+01
      vertex   6.331362e-01 -2.515427e+00 1.637500e+01
      vertex   4.722731e-01 -2.608302e+00 1.637500e+01
    endloop
  endfacet
  facet normal 6.862416e-01 -7.273736e-01 1.403465e-16
    outer loop
      vertex   4.722731e-01 -2.608302e+00 1.447500e+01
      vertex   4.722731e-01 -2.608302e+00 1.637500e+01
      vertex   3.371644e-01 -2.735770e+00 1.447500e+01
    endloop
  endfacet
  facet normal 6.862416e-01 -7.273736e-01 1.002475e-16
    outer loop
      vertex   3.371644e-01 -2.735770e+00 1.447500e+01
      vertex   4.722731e-01 -2.608302e+00 1.637500e+01
      vertex   3.371644e-01 -2.735770e+00 1.637500e+01
    endloop
  endfacet
  facet normal 8.354878e-01 -5.495090e-01 1.220497e-16
    outer loop
      vertex   3.371644e-01 -2.735770e+00 1.447500e+01
      vertex   3.371644e-01 -2.735770e+00 1.637500e+01
      vertex   2.350939e-01 -2.890961e+00 1.447500e+01
    endloop
  endfacet
  facet normal 8.354878e-01 -5.495090e-01 -6.741252e-17
    outer loop
      vertex   2.350939e-01 -2.890961e+00 1.447500e+01
      vertex   3.371644e-01 -2.735770e+00 1.637500e+01
      vertex   2.350939e-01 -2.890961e+00 1.637500e+01
    endloop
  endfacet
  facet normal 9.396926e-01 -3.420201e-01 -1.130469e-17
    outer loop
      vertex   2.350939e-01 -2.890961e+00 1.447500e+01
      vertex   2.350939e-01 -2.890961e+00 1.637500e+01
      vertex   1.715641e-01 -3.065508e+00 1.447500e+01
    endloop
  endfacet
  facet normal 9.396926e-01 -3.420201e-01 -7.994077e-17
    outer loop
      vertex   1.715641e-01 -3.065508e+00 1.447500e+01
      vertex   2.350939e-01 -2.890961e+00 1.637500e+01
      vertex   1.715641e-01 -3.065508e+00 1.637500e+01
    endloop
  endfacet
  facet normal 0.000000e+00 0.000000e+00 1.000000e+00
    outer loop
      vertex   5.562629e+00 -1.750000e+00 1.907500e+01
      vertex   7.299675e+00 -1.427934e+00 1.907500e+01
      vertex   5.562629e+00 -9.500002e-01 1.907500e+01
    endloop
  endfacet
  facet normal -0.000000e+00 0.000000e+00 1.000000e+00
    outer loop
      vertex   5.562629e+00 -9.500002e-01 1.907500e+01
      vertex   7.299675e+00 -1.427934e+00 1.907500e+01
      vertex   7.529786e+00 -9.287842e-01 1.907500e+01
    endloop
  endfacet
  facet normal 0.000000e+00 0.000000e+00 1.000000e+00
    outer loop
      vertex   5.562629e+00 -9.500002e-01 1.907500e+01
      vertex   7.529786e+00 -9.287842e-01 1.907500e+01
      vertex   7.720025e+00 -4.131192e-01 1.907500e+01
    endloop
  endfacet
  facet normal -0.000000e+00 0.000000e+00 1.000000e+00
    outer loop
      vertex   4.762629e+00 -1.750000e+00 1.907500e+01
      vertex   6.385471e+00 -2.796137e+00 1.907500e+01
      vertex   5.562629e+00 -1.750000e+00 1.907500e+01
    endloop
  endfacet
  facet normal 0.000000e+00 0.000000e+00 1.000000e+00
    outer loop
      vertex   5.562629e+00 -1.750000e+00 1.907500e+01
      vertex   6.385471e+00 -2.796137e+00 1.907500e+01
      vertex   6.725748e+00 -2.364497e+00 1.907500e+01
    endloop
  endfacet
  facet normal 0.000000e+00 0.000000e+00 1.000000e+00
    outer loop
      vertex   5.562629e+00 -1.750000e+00 1.907500e+01
      vertex   6.725748e+00 -2.364497e+00 1.907500e+01
      vertex   7.031111e+00 -1.907490e+00 1.907500e+01
    endloop
  endfacet
  facet normal 0.000000e+00 0.000000e+00 1.000000e+00
    outer loop
      vertex   4.762629e+00 -9.500002e-01 1.907500e+01
      vertex   1.179443e+00 -2.483609e+00 1.907500e+01
      vertex   4.762629e+00 -1.750000e+00 1.907500e+01
    endloop
  endfacet
  facet normal 0.000000e+00 0.000000e+00 1.000000e+00
    outer loop
      vertex   4.762629e+00 -1.750000e+00 1.907500e+01
      vertex   1.179443e+00 -2.483609e+00 1.907500e+01
      vertex   1.350000e+00 -2.557180e+00 1.907500e+01
    endloop
  endfacet
  facet normal 0.000000e+00 0.000000e+00 1.000000e+00
    outer loop
      vertex   4.762629e+00 -1.750000e+00 1.907500e+01
      vertex   1.350000e+00 -2.557180e+00 1.907500e+01
      vertex   1.498993e+00 -2.668101e+00 1.907500e+01
    endloop
  endfacet
  facet normal 0.000000e+00 -0.000000e+00 1.000000e+00
    outer loop
      vertex   5.562629e+00 -9.500002e-01 1.907500e+01
      vertex   7.869219e+00 1.158822e-01 1.907500e+01
      vertex   4.762629e+00 -9.500002e-01 1.907500e+01
    endloop
  endfacet
  facet normal 0.000000e+00 0.000000e+00 1.000000e+00
    outer loop
      vertex   4.762629e+00 -9.500002e-01 1.907500e+01
      vertex   7.869219e+00 1.158822e-01 1.907500e+01
      vertex   5.561081e+00 1.887154e+00 1.907500e+01
    endloop
  endfacet
  facet normal 0.000000e+00 0.000000e+00 1.000000e+00
    outer loop
      vertex   4.762629e+00 -9.500002e-01 1.907500e+01
      vertex   5.561081e+00 1.887154e+00 1.907500e+01
      vertex   5.383136e+00 1.940427e+00 1.907500e+01
    endloop
  endfacet
  facet normal 0.000000e+00 0.000000e+00 1.000000e+00
    outer loop
      vertex   -6.934806e+00 2.167658e+00 1.907500e+01
      vertex   -8.050298e+00 1.892661e+00 1.907500e+01
      vertex   -7.488162e+00 1.589906e+00 1.907500e+01
    endloop
  endfacet
  facet normal 0.000000e+00 0.000000e+00 1.000000e+00
    outer loop
      vertex   -7.488162e+00 1.589906e+00 1.907500e+01
      vertex   -8.050298e+00 1.892661e+00 1.907500e+01
      vertex   -8.139195e+00 1.478966e+00 1.907500e+01
    endloop
  endfacet
  facet normal 0.000000e+00 0.000000e+00 1.000000e+00
    outer loop
      vertex   -7.488162e+00 1.589906e+00 1.907500e+01
      vertex   -8.139195e+00 1.478966e+00 1.907500e+01
      vertex   -8.271296e+00 1.076978e+00 1.907500e+01
    endloop
  endfacet
  facet normal 0.000000e+00 0.000000e+00 1.000000e+00
    outer loop
      vertex   -5.345990e+00 6.459272e-01 1.907500e+01
      vertex   -5.461538e+00 1.511458e+00 1.907500e+01
      vertex   -6.934806e+00 2.167658e+00 1.907500e+01
    endloop
  endfacet
  facet normal 0.000000e+00 0.000000e+00 1.000000e+00
    outer loop
      vertex   -6.934806e+00 2.167658e+00 1.907500e+01
      vertex   -5.461538e+00 1.511458e+00 1.907500e+01
      vertex   -5.643448e+00 1.701259e+00 1.907500e+01
    endloop
  endfacet
  facet normal 0.000000e+00 0.000000e+00 1.000000e+00
    outer loop
      vertex   -6.934806e+00 2.167658e+00 1.907500e+01
      vertex   -5.643448e+00 1.701259e+00 1.907500e+01
      vertex   -5.790664e+00 1.919073e+00 1.907500e+01
    endloop
  endfacet
  facet normal 0.000000e+00 0.000000e+00 1.000000e+00
    outer loop
      vertex   -5.899346e+00 6.817589e-02 1.907500e+01
      vertex   -3.983617e+00 1.192941e+00 1.907500e+01
      vertex   -5.345990e+00 6.459272e-01 1.907500e+01
    endloop
  endfacet
  facet normal 0.000000e+00 0.000000e+00 1.000000e+00
    outer loop
      vertex   -5.345990e+00 6.459272e-01 1.907500e+01
      vertex   -3.983617e+00 1.192941e+00 1.907500e+01
      vertex   -4.240615e+00 1.137554e+00 1.907500e+01
    endloop
  endfacet
  facet normal 0.000000e+00 0.000000e+00 1.000000e+00
    outer loop
      vertex   -5.345990e+00 6.459272e-01 1.907500e+01
      vertex   -4.240615e+00 1.137554e+00 1.907500e+01
      vertex   -4.503276e+00 1.126396e+00 1.907500e+01
    endloop
  endfacet
  facet normal 0.000000e+00 0.000000e+00 1.000000e+00
    outer loop
      vertex   -7.488162e+00 1.589906e+00 1.907500e+01
      vertex   -8.271296e+00 1.076978e+00 1.907500e+01
      vertex   -5.899346e+00 6.817589e-02 1.907500e+01
    endloop
  endfacet
  facet normal 0.000000e+00 0.000000e+00 1.000000e+00
    outer loop
      vertex   -5.899346e+00 6.817589e-02 1.907500e+01
      vertex   -8.271296e+00 1.076978e+00 1.907500e+01
      vertex   -8.445123e+00 6.911929e-01 1.907500e+01
    endloop
  endfacet
  facet normal 0.000000e+00 0.000000e+00 1.000000e+00
    outer loop
      vertex   -5.899346e+00 6.817589e-02 1.907500e+01
      vertex   -8.445123e+00 6.911929e-01 1.907500e+01
      vertex   -8.658730e+00 3.259289e-01 1.907500e+01
    endloop
  endfacet
  facet normal 0.000000e+00 0.000000e+00 1.000000e+00
    outer loop
      vertex   -3.105610e+00 5.333800e+00 1.907500e+01
      vertex   -4.764045e+00 4.190210e+00 1.907500e+01
      vertex   -3.120944e+00 5.217331e+00 1.907500e+01
    endloop
  endfacet
  facet normal 0.000000e+00 0.000000e+00 1.000000e+00
    outer loop
      vertex   -3.120944e+00 5.217331e+00 1.907500e+01
      vertex   -4.764045e+00 4.190210e+00 1.907500e+01
      vertex   -4.503276e+00 4.223603e+00 1.907500e+01
    endloop
  endfacet
  facet normal 0.000000e+00 0.000000e+00 1.000000e+00
    outer loop
      vertex   -3.120944e+00 5.217331e+00 1.907500e+01
      vertex   -4.503276e+00 4.223603e+00 1.907500e+01
      vertex   -3.105610e+00 5.100863e+00 1.907500e+01
    endloop
  endfacet
  facet normal 0.000000e+00 0.000000e+00 1.000000e+00
    outer loop
      vertex   -3.105610e+00 5.100863e+00 1.907500e+01
      vertex   -4.503276e+00 4.223603e+00 1.907500e+01
      vertex   -3.060655e+00 4.992331e+00 1.907500e+01
    endloop
  endfacet
  facet normal 0.000000e+00 0.000000e+00 1.000000e+00
    outer loop
      vertex   -3.060655e+00 4.992331e+00 1.907500e+01
      vertex   -4.503276e+00 4.223603e+00 1.907500e+01
      vertex   -4.240615e+00 4.212445e+00 1.907500e+01
    endloop
  endfacet
  facet normal 0.000000e+00 0.000000e+00 1.000000e+00
    outer loop
      vertex   -3.060655e+00 4.992331e+00 1.907500e+01
      vertex   -4.240615e+00 4.212445e+00 1.907500e+01
      vertex   -2.989142e+00 4.899133e+00 1.907500e+01
    endloop
  endfacet
  facet normal 0.000000e+00 0.000000e+00 1.000000e+00
    outer loop
      vertex   -2.989142e+00 4.899133e+00 1.907500e+01
      vertex   -4.240615e+00 4.212445e+00 1.907500e+01
      vertex   -2.895944e+00 4.827620e+00 1.907500e+01
    endloop
  endfacet
  facet normal 0.000000e+00 0.000000e+00 1.000000e+00
    outer loop
      vertex   -2.895944e+00 4.827620e+00 1.907500e+01
      vertex   -4.240615e+00 4.212445e+00 1.907500e+01
      vertex   -3.983617e+00 4.157058e+00 1.907500e+01
    endloop
  endfacet
  facet normal 0.000000e+00 0.000000e+00 1.000000e+00
    outer loop
      vertex   -2.895944e+00 4.827620e+00 1.907500e+01
      vertex   -3.983617e+00 4.157058e+00 1.907500e+01
      vertex   -2.787412e+00 4.782665e+00 1.907500e+01
    endloop
  endfacet
  facet normal 0.000000e+00 0.000000e+00 1.000000e+00
    outer loop
      vertex   -2.787412e+00 4.782665e+00 1.907500e+01
      vertex   -3.983617e+00 4.157058e+00 1.907500e+01
      vertex   -3.739677e+00 4.059035e+00 1.907500e+01
    endloop
  endfacet
  facet normal 0.000000e+00 0.000000e+00 1.000000e+00
    outer loop
      vertex   -2.787412e+00 4.782665e+00 1.907500e+01
      vertex   -3.739677e+00 4.059035e+00 1.907500e+01
      vertex   -2.670944e+00 4.767331e+00 1.907500e+01
    endloop
  endfacet
  facet normal 0.000000e+00 0.000000e+00 1.000000e+00
    outer loop
      vertex   -2.670944e+00 4.767331e+00 1.907500e+01
      vertex   -3.739677e+00 4.059035e+00 1.907500e+01
      vertex   -3.515811e+00 3.921195e+00 1.907500e+01
    endloop
  endfacet
  facet normal 0.000000e+00 0.000000e+00 1.000000e+00
    outer loop
      vertex   -2.670944e+00 4.767331e+00 1.907500e+01
      vertex   -3.515811e+00 3.921195e+00 1.907500e+01
      vertex   -3.318460e+00 3.747505e+00 1.907500e+01
    endloop
  endfacet
  facet normal 0.000000e+00 -0.000000e+00 1.000000e+00
    outer loop
      vertex   -4.764045e+00 4.190210e+00 1.907500e+01
      vertex   -3.105610e+00 5.333800e+00 1.907500e+01
      vertex   -8.909727e+00 5.064727e+00 1.907500e+01
    endloop
  endfacet
  facet normal 0.000000e+00 0.000000e+00 1.000000e+00
    outer loop
      vertex   -8.909727e+00 5.064727e+00 1.907500e+01
      vertex   -3.105610e+00 5.333800e+00 1.907500e+01
      vertex   -3.060655e+00 5.442331e+00 1.907500e+01
    endloop
  endfacet
  facet normal 0.000000e+00 -0.000000e+00 1.000000e+00
    outer loop
      vertex   -8.909727e+00 5.064727e+00 1.907500e+01
      vertex   -3.060655e+00 5.442331e+00 1.907500e+01
      vertex   -9.195305e+00 5.376962e+00 1.907500e+01
    endloop
  endfacet
  facet normal 0.000000e+00 0.000000e+00 1.000000e+00
    outer loop
      vertex   -9.195305e+00 5.376962e+00 1.907500e+01
      vertex   -3.060655e+00 5.442331e+00 1.907500e+01
      vertex   -2.989142e+00 5.535529e+00 1.907500e+01
    endloop
  endfacet
  facet normal 0.000000e+00 -0.000000e+00 1.000000e+00
    outer loop
      vertex   -9.195305e+00 5.376962e+00 1.907500e+01
      vertex   -2.989142e+00 5.535529e+00 1.907500e+01
      vertex   -9.512269e+00 5.657282e+00 1.907500e+01
    endloop
  endfacet
  facet normal 0.000000e+00 0.000000e+00 1.000000e+00
    outer loop
      vertex   -9.512269e+00 5.657282e+00 1.907500e+01
      vertex   -2.989142e+00 5.535529e+00 1.907500e+01
      vertex   -2.895944e+00 5.607043e+00 1.907500e+01
    endloop
  endfacet
  facet normal -0.000000e+00 -0.000000e+00 1.000000e+00
    outer loop
      vertex   -9.512269e+00 5.657282e+00 1.907500e+01
      vertex   -2.895944e+00 5.607043e+00 1.907500e+01
      vertex   -9.857071e+00 5.902552e+00 1.907500e+01
    endloop
  endfacet
  facet normal 0.000000e+00 0.000000e+00 1.000000e+00
    outer loop
      vertex   -9.857071e+00 5.902552e+00 1.907500e+01
      vertex   -2.895944e+00 5.607043e+00 1.907500e+01
      vertex   -2.787412e+00 5.651998e+00 1.907500e+01
    endloop
  endfacet
  facet normal -0.000000e+00 -0.000000e+00 1.000000e+00
    outer loop
      vertex   -9.857071e+00 5.902552e+00 1.907500e+01
      vertex   -2.787412e+00 5.651998e+00 1.907500e+01
      vertex   -1.022585e+01 6.110025e+00 1.907500e+01
    endloop
  endfacet
  facet normal -0.000000e+00 0.000000e+00 1.000000e+00
    outer loop
      vertex   -1.022585e+01 6.110025e+00 1.907500e+01
      vertex   -2.787412e+00 5.651998e+00 1.907500e+01
      vertex   -5.777047e-01 8.038049e+00 1.907500e+01
    endloop
  endfacet
  facet normal 0.000000e+00 0.000000e+00 1.000000e+00
    outer loop
      vertex   -1.022585e+01 6.110025e+00 1.907500e+01
      vertex   -5.777047e-01 8.038049e+00 1.907500e+01
      vertex   -6.000000e-01 8.300000e+00 1.907500e+01
    endloop
  endfacet
  facet normal 0.000000e+00 -0.000000e+00 1.000000e+00
    outer loop
      vertex   -2.670944e+00 5.667331e+00 1.907500e+01
      vertex   -4.031719e-01 7.544073e+00 1.907500e+01
      vertex   -2.787412e+00 5.651998e+00 1.907500e+01
    endloop
  endfacet
  facet normal 0.000000e+00 0.000000e+00 1.000000e+00
    outer loop
      vertex   -2.787412e+00 5.651998e+00 1.907500e+01
      vertex   -4.031719e-01 7.544073e+00 1.907500e+01
      vertex   -5.114600e-01 7.783633e+00 1.907500e+01
    endloop
  endfacet
  facet normal 0.000000e+00 0.000000e+00 1.000000e+00
    outer loop
      vertex   -2.787412e+00 5.651998e+00 1.907500e+01
      vertex   -5.114600e-01 7.783633e+00 1.907500e+01
      vertex   -5.777047e-01 8.038049e+00 1.907500e+01
    endloop
  endfacet
  facet normal 0.000000e+00 -0.000000e+00 1.000000e+00
    outer loop
      vertex   -2.554475e+00 5.651998e+00 1.907500e+01
      vertex   -7.404582e-02 7.136458e+00 1.907500e+01
      vertex   -2.670944e+00 5.667331e+00 1.907500e+01
    endloop
  endfacet
  facet normal 0.000000e+00 0.000000e+00 1.000000e+00
    outer loop
      vertex   -2.670944e+00 5.667331e+00 1.907500e+01
      vertex   -7.404582e-02 7.136458e+00 1.907500e+01
      vertex   -2.559554e-01 7.326259e+00 1.907500e+01
    endloop
  endfacet
  facet normal 0.000000e+00 0.000000e+00 1.000000e+00
    outer loop
      vertex   -2.670944e+00 5.667331e+00 1.907500e+01
      vertex   -2.559554e-01 7.326259e+00 1.907500e+01
      vertex   -4.031719e-01 7.544073e+00 1.907500e+01
    endloop
  endfacet
  facet normal 0.000000e+00 0.000000e+00 1.000000e+00
    outer loop
      vertex   -7.404582e-02 7.136458e+00 1.907500e+01
      vertex   -2.554475e+00 5.651998e+00 1.907500e+01
      vertex   1.373237e-01 6.980130e+00 1.907500e+01
    endloop
  endfacet
  facet normal 0.000000e+00 0.000000e+00 1.000000e+00
    outer loop
      vertex   1.373237e-01 6.980130e+00 1.907500e+01
      vertex   -2.554475e+00 5.651998e+00 1.907500e+01
      vertex   -2.445944e+00 5.607043e+00 1.907500e+01
    endloop
  endfacet
  facet normal 0.000000e+00 0.000000e+00 1.000000e+00
    outer loop
      vertex   1.373237e-01 6.980130e+00 1.907500e+01
      vertex   -2.445944e+00 5.607043e+00 1.907500e+01
      vertex   3.720725e-01 6.861772e+00 1.907500e+01
    endloop
  endfacet
  facet normal 0.000000e+00 0.000000e+00 1.000000e+00
    outer loop
      vertex   3.720725e-01 6.861772e+00 1.907500e+01
      vertex   -2.445944e+00 5.607043e+00 1.907500e+01
      vertex   -2.352746e+00 5.535529e+00 1.907500e+01
    endloop
  endfacet
  facet normal 0.000000e+00 0.000000e+00 1.000000e+00
    outer loop
      vertex   3.720725e-01 6.861772e+00 1.907500e+01
      vertex   -2.352746e+00 5.535529e+00 1.907500e+01
      vertex   6.234471e-01 6.784789e+00 1.907500e+01
    endloop
  endfacet
  facet normal 0.000000e+00 0.000000e+00 1.000000e+00
    outer loop
      vertex   6.234471e-01 6.784789e+00 1.907500e+01
      vertex   -2.352746e+00 5.535529e+00 1.907500e+01
      vertex   -2.281232e+00 5.442331e+00 1.907500e+01
    endloop
  endfacet
  facet normal 0.000000e+00 0.000000e+00 1.000000e+00
    outer loop
      vertex   6.234471e-01 6.784789e+00 1.907500e+01
      vertex   -2.281232e+00 5.442331e+00 1.907500e+01
      vertex   -2.236277e+00 5.333800e+00 1.907500e+01
    endloop
  endfacet
  facet normal 0.000000e+00 0.000000e+00 1.000000e+00
    outer loop
      vertex   6.234471e-01 6.784789e+00 1.907500e+01
      vertex   -2.236277e+00 5.333800e+00 1.907500e+01
      vertex   8.842161e-01 6.751397e+00 1.907500e+01
    endloop
  endfacet
  facet normal 0.000000e+00 0.000000e+00 1.000000e+00
    outer loop
      vertex   8.842161e-01 6.751397e+00 1.907500e+01
      vertex   -2.236277e+00 5.333800e+00 1.907500e+01
      vertex   -2.220944e+00 5.217331e+00 1.907500e+01
    endloop
  endfacet
  facet normal 0.000000e+00 0.000000e+00 1.000000e+00
    outer loop
      vertex   8.842161e-01 6.751397e+00 1.907500e+01
      vertex   -2.220944e+00 5.217331e+00 1.907500e+01
      vertex   -2.236277e+00 5.100863e+00 1.907500e+01
    endloop
  endfacet
  facet normal -0.000000e+00 0.000000e+00 1.000000e+00
    outer loop
      vertex   -2.281232e+00 4.992331e+00 1.907500e+01
      vertex   5.222273e+00 3.316698e+00 1.907500e+01
      vertex   -2.236277e+00 5.100863e+00 1.907500e+01
    endloop
  endfacet
  facet normal -0.000000e+00 0.000000e+00 1.000000e+00
    outer loop
      vertex   -2.236277e+00 5.100863e+00 1.907500e+01
      vertex   5.222273e+00 3.316698e+00 1.907500e+01
      vertex   1.146878e+00 6.762554e+00 1.907500e+01
    endloop
  endfacet
  facet normal 0.000000e+00 0.000000e+00 1.000000e+00
    outer loop
      vertex   -2.236277e+00 5.100863e+00 1.907500e+01
      vertex   1.146878e+00 6.762554e+00 1.907500e+01
      vertex   8.842161e-01 6.751397e+00 1.907500e+01
    endloop
  endfacet
  facet normal 0.000000e+00 0.000000e+00 1.000000e+00
    outer loop
      vertex   -2.281232e+00 4.992331e+00 1.907500e+01
      vertex   -2.352746e+00 4.899133e+00 1.907500e+01
      vertex   5.222273e+00 3.316698e+00 1.907500e+01
    endloop
  endfacet
  facet normal 0.000000e+00 0.000000e+00 1.000000e+00
    outer loop
      vertex   5.222273e+00 3.316698e+00 1.907500e+01
      vertex   -2.352746e+00 4.899133e+00 1.907500e+01
      vertex   5.087164e+00 3.189230e+00 1.907500e+01
    endloop
  endfacet
  facet normal 0.000000e+00 0.000000e+00 1.000000e+00
    outer loop
      vertex   5.087164e+00 3.189230e+00 1.907500e+01
      vertex   -2.352746e+00 4.899133e+00 1.907500e+01
      vertex   -2.445944e+00 4.827620e+00 1.907500e+01
    endloop
  endfacet
  facet normal 0.000000e+00 0.000000e+00 1.000000e+00
    outer loop
      vertex   5.087164e+00 3.189230e+00 1.907500e+01
      vertex   -2.445944e+00 4.827620e+00 1.907500e+01
      vertex   4.985094e+00 3.034039e+00 1.907500e+01
    endloop
  endfacet
  facet normal 0.000000e+00 0.000000e+00 1.000000e+00
    outer loop
      vertex   4.985094e+00 3.034039e+00 1.907500e+01
      vertex   -2.445944e+00 4.827620e+00 1.907500e+01
      vertex   -3.025088e+00 3.313447e+00 1.907500e+01
    endloop
  endfacet
  facet normal 0.000000e+00 0.000000e+00 1.000000e+00
    outer loop
      vertex   4.985094e+00 3.034039e+00 1.907500e+01
      vertex   -3.025088e+00 3.313447e+00 1.907500e+01
      vertex   -2.937506e+00 3.065566e+00 1.907500e+01
    endloop
  endfacet
  facet normal 0.000000e+00 -0.000000e+00 1.000000e+00
    outer loop
      vertex   -3.025088e+00 3.313447e+00 1.907500e+01
      vertex   -2.445944e+00 4.827620e+00 1.907500e+01
      vertex   -3.153302e+00 3.542961e+00 1.907500e+01
    endloop
  endfacet
  facet normal 0.000000e+00 0.000000e+00 1.000000e+00
    outer loop
      vertex   -3.153302e+00 3.542961e+00 1.907500e+01
      vertex   -2.445944e+00 4.827620e+00 1.907500e+01
      vertex   -2.554475e+00 4.782665e+00 1.907500e+01
    endloop
  endfacet
  facet normal 0.000000e+00 -0.000000e+00 1.000000e+00
    outer loop
      vertex   -3.153302e+00 3.542961e+00 1.907500e+01
      vertex   -2.554475e+00 4.782665e+00 1.907500e+01
      vertex   -3.318460e+00 3.747505e+00 1.907500e+01
    endloop
  endfacet
  facet normal 0.000000e+00 0.000000e+00 1.000000e+00
    outer loop
      vertex   -3.318460e+00 3.747505e+00 1.907500e+01
      vertex   -2.554475e+00 4.782665e+00 1.907500e+01
      vertex   -2.670944e+00 4.767331e+00 1.907500e+01
    endloop
  endfacet
  facet normal 0.000000e+00 0.000000e+00 1.000000e+00
    outer loop
      vertex   -1.022585e+01 6.110025e+00 1.907500e+01
      vertex   -6.000000e-01 8.300000e+00 1.907500e+01
      vertex   -9.705209e+00 1.029996e+01 1.907500e+01
    endloop
  endfacet
  facet normal 0.000000e+00 0.000000e+00 1.000000e+00
    outer loop
      vertex   -9.705209e+00 1.029996e+01 1.907500e+01
      vertex   -6.000000e-01 8.300000e+00 1.907500e+01
      vertex   -5.777047e-01 8.561951e+00 1.907500e+01
    endloop
  endfacet
  facet normal 0.000000e+00 0.000000e+00 1.000000e+00
    outer loop
      vertex   -9.705209e+00 1.029996e+01 1.907500e+01
      vertex   -5.777047e-01 8.561951e+00 1.907500e+01
      vertex   -5.114600e-01 8.816367e+00 1.907500e+01
    endloop
  endfacet
  facet normal 0.000000e+00 -0.000000e+00 1.000000e+00
    outer loop
      vertex   -5.114600e-01 8.816367e+00 1.907500e+01
      vertex   -4.031719e-01 9.055927e+00 1.907500e+01
      vertex   -9.705209e+00 1.029996e+01 1.907500e+01
    endloop
  endfacet
  facet normal 0.000000e+00 0.000000e+00 1.000000e+00
    outer loop
      vertex   -9.705209e+00 1.029996e+01 1.907500e+01
      vertex   -4.031719e-01 9.055927e+00 1.907500e+01
      vertex   -2.559554e-01 9.273741e+00 1.907500e+01
    endloop
  endfacet
  facet normal -0.000000e+00 0.000000e+00 1.000000e+00
    outer loop
      vertex   -9.705209e+00 1.029996e+01 1.907500e+01
      vertex   -2.559554e-01 9.273741e+00 1.907500e+01
      vertex   -9.705209e+00 1.030000e+01 1.907500e+01
    endloop
  endfacet
  facet normal 0.000000e+00 0.000000e+00 1.000000e+00
    outer loop
      vertex   -9.705209e+00 1.030000e+01 1.907500e+01
      vertex   -2.559554e-01 9.273741e+00 1.907500e+01
      vertex   -7.404582e-02 9.463542e+00 1.907500e+01
    endloop
  endfacet
  facet normal 0.000000e+00 0.000000e+00 1.000000e+00
    outer loop
      vertex   -9.705209e+00 1.030000e+01 1.907500e+01
      vertex   -7.404582e-02 9.463542e+00 1.907500e+01
      vertex   1.373237e-01 9.619870e+00 1.907500e+01
    endloop
  endfacet
  facet normal -0.000000e+00 0.000000e+00 1.000000e+00
    outer loop
      vertex   -9.705209e+00 1.030000e+01 1.907500e+01
      vertex   1.373237e-01 9.619870e+00 1.907500e+01
      vertex   1.062629e+00 1.030000e+01 1.907500e+01
    endloop
  endfacet
  facet normal 0.000000e+00 0.000000e+00 1.000000e+00
    outer loop
      vertex   1.062629e+00 1.030000e+01 1.907500e+01
      vertex   1.373237e-01 9.619870e+00 1.907500e+01
      vertex   3.720725e-01 9.738228e+00 1.907500e+01
    endloop
  endfacet
  facet normal 0.000000e+00 0.000000e+00 1.000000e+00
    outer loop
      vertex   1.062629e+00 1.030000e+01 1.907500e+01
      vertex   3.720725e-01 9.738228e+00 1.907500e+01
      vertex   6.234471e-01 9.815211e+00 1.907500e+01
    endloop
  endfacet
  facet normal 0.000000e+00 0.000000e+00 1.000000e+00
    outer loop
      vertex   6.234471e-01 9.815211e+00 1.907500e+01
      vertex   8.842161e-01 9.848603e+00 1.907500e+01
      vertex   1.062629e+00 1.030000e+01 1.907500e+01
    endloop
  endfacet
  facet normal 0.000000e+00 0.000000e+00 1.000000e+00
    outer loop
      vertex   1.062629e+00 1.030000e+01 1.907500e+01
      vertex   8.842161e-01 9.848603e+00 1.907500e+01
      vertex   1.146878e+00 9.837446e+00 1.907500e+01
    endloop
  endfacet
  facet normal 0.000000e+00 0.000000e+00 1.000000e+00
    outer loop
      vertex   1.062629e+00 1.030000e+01 1.907500e+01
      vertex   1.146878e+00 9.837446e+00 1.907500e+01
      vertex   1.611843e+00 1.027842e+01 1.907500e+01
    endloop
  endfacet
  facet normal 0.000000e+00 0.000000e+00 1.000000e+00
    outer loop
      vertex   1.611843e+00 1.027842e+01 1.907500e+01
      vertex   1.146878e+00 9.837446e+00 1.907500e+01
      vertex   1.403875e+00 9.782058e+00 1.907500e+01
    endloop
  endfacet
  facet normal 0.000000e+00 0.000000e+00 1.000000e+00
    outer loop
      vertex   1.611843e+00 1.027842e+01 1.907500e+01
      vertex   1.403875e+00 9.782058e+00 1.907500e+01
      vertex   2.157671e+00 1.021382e+01 1.907500e+01
    endloop
  endfacet
  facet normal 0.000000e+00 0.000000e+00 1.000000e+00
    outer loop
      vertex   2.157671e+00 1.021382e+01 1.907500e+01
      vertex   1.403875e+00 9.782058e+00 1.907500e+01
      vertex   1.647816e+00 9.684035e+00 1.907500e+01
    endloop
  endfacet
  facet normal 0.000000e+00 0.000000e+00 1.000000e+00
    outer loop
      vertex   2.157671e+00 1.021382e+01 1.907500e+01
      vertex   1.647816e+00 9.684035e+00 1.907500e+01
      vertex   2.696747e+00 1.010659e+01 1.907500e+01
    endloop
  endfacet
  facet normal 0.000000e+00 0.000000e+00 1.000000e+00
    outer loop
      vertex   2.696747e+00 1.010659e+01 1.907500e+01
      vertex   1.647816e+00 9.684035e+00 1.907500e+01
      vertex   1.871681e+00 9.546196e+00 1.907500e+01
    endloop
  endfacet
  facet normal 0.000000e+00 0.000000e+00 1.000000e+00
    outer loop
      vertex   2.696747e+00 1.010659e+01 1.907500e+01
      vertex   1.871681e+00 9.546196e+00 1.907500e+01
      vertex   3.225748e+00 9.957396e+00 1.907500e+01
    endloop
  endfacet
  facet normal 0.000000e+00 0.000000e+00 1.000000e+00
    outer loop
      vertex   3.225748e+00 9.957396e+00 1.907500e+01
      vertex   1.871681e+00 9.546196e+00 1.907500e+01
      vertex   2.069032e+00 9.372505e+00 1.907500e+01
    endloop
  endfacet
  facet normal 0.000000e+00 0.000000e+00 1.000000e+00
    outer loop
      vertex   3.225748e+00 9.957396e+00 1.907500e+01
      vertex   2.069032e+00 9.372505e+00 1.907500e+01
      vertex   3.741413e+00 9.767157e+00 1.907500e+01
    endloop
  endfacet
  facet normal 0.000000e+00 0.000000e+00 1.000000e+00
    outer loop
      vertex   3.741413e+00 9.767157e+00 1.907500e+01
      vertex   2.069032e+00 9.372505e+00 1.907500e+01
      vertex   2.234190e+00 9.167961e+00 1.907500e+01
    endloop
  endfacet
  facet normal 0.000000e+00 0.000000e+00 1.000000e+00
    outer loop
      vertex   3.741413e+00 9.767157e+00 1.907500e+01
      vertex   2.234190e+00 9.167961e+00 1.907500e+01
      vertex   4.240563e+00 9.537046e+00 1.907500e+01
    endloop
  endfacet
  facet normal 0.000000e+00 0.000000e+00 1.000000e+00
    outer loop
      vertex   4.240563e+00 9.537046e+00 1.907500e+01
      vertex   2.234190e+00 9.167961e+00 1.907500e+01
      vertex   2.362404e+00 8.938447e+00 1.907500e+01
    endloop
  endfacet
  facet normal 0.000000e+00 0.000000e+00 1.000000e+00
    outer loop
      vertex   4.240563e+00 9.537046e+00 1.907500e+01
      vertex   2.362404e+00 8.938447e+00 1.907500e+01
      vertex   4.720119e+00 9.268481e+00 1.907500e+01
    endloop
  endfacet
  facet normal 0.000000e+00 0.000000e+00 1.000000e+00
    outer loop
      vertex   4.720119e+00 9.268481e+00 1.907500e+01
      vertex   2.362404e+00 8.938447e+00 1.907500e+01
      vertex   2.449986e+00 8.690566e+00 1.907500e+01
    endloop
  endfacet
  facet normal 0.000000e+00 0.000000e+00 1.000000e+00
    outer loop
      vertex   4.720119e+00 9.268481e+00 1.907500e+01
      vertex   2.449986e+00 8.690566e+00 1.907500e+01
      vertex   5.177126e+00 8.963119e+00 1.907500e+01
    endloop
  endfacet
  facet normal 0.000000e+00 0.000000e+00 1.000000e+00
    outer loop
      vertex   5.177126e+00 8.963119e+00 1.907500e+01
      vertex   2.449986e+00 8.690566e+00 1.907500e+01
      vertex   2.494416e+00 8.431449e+00 1.907500e+01
    endloop
  endfacet
  facet normal 0.000000e+00 0.000000e+00 1.000000e+00
    outer loop
      vertex   5.177126e+00 8.963119e+00 1.907500e+01
      vertex   2.494416e+00 8.431449e+00 1.907500e+01
      vertex   5.608766e+00 8.622842e+00 1.907500e+01
    endloop
  endfacet
  facet normal 0.000000e+00 0.000000e+00 1.000000e+00
    outer loop
      vertex   5.608766e+00 8.622842e+00 1.907500e+01
      vertex   2.494416e+00 8.431449e+00 1.907500e+01
      vertex   2.494416e+00 8.168551e+00 1.907500e+01
    endloop
  endfacet
  facet normal 0.000000e+00 0.000000e+00 1.000000e+00
    outer loop
      vertex   5.608766e+00 8.622842e+00 1.907500e+01
      vertex   2.494416e+00 8.168551e+00 1.907500e+01
      vertex   6.012377e+00 8.249747e+00 1.907500e+01
    endloop
  endfacet
  facet normal 0.000000e+00 0.000000e+00 1.000000e+00
    outer loop
      vertex   6.012377e+00 8.249747e+00 1.907500e+01
      vertex   2.494416e+00 8.168551e+00 1.907500e+01
      vertex   2.449986e+00 7.909434e+00 1.907500e+01
    endloop
  endfacet
  facet normal 0.000000e+00 0.000000e+00 1.000000e+00
    outer loop
      vertex   6.012377e+00 8.249747e+00 1.907500e+01
      vertex   2.449986e+00 7.909434e+00 1.907500e+01
      vertex   6.385471e+00 7.846136e+00 1.907500e+01
    endloop
  endfacet
  facet normal 0.000000e+00 0.000000e+00 1.000000e+00
    outer loop
      vertex   6.385471e+00 7.846136e+00 1.907500e+01
      vertex   2.449986e+00 7.909434e+00 1.907500e+01
      vertex   2.362404e+00 7.661553e+00 1.907500e+01
    endloop
  endfacet
  facet normal 0.000000e+00 0.000000e+00 1.000000e+00
    outer loop
      vertex   6.385471e+00 7.846136e+00 1.907500e+01
      vertex   2.362404e+00 7.661553e+00 1.907500e+01
      vertex   2.234190e+00 7.432039e+00 1.907500e+01
    endloop
  endfacet
  facet normal 0.000000e+00 0.000000e+00 1.000000e+00
    outer loop
      vertex   6.385471e+00 7.846136e+00 1.907500e+01
      vertex   2.234190e+00 7.432039e+00 1.907500e+01
      vertex   6.725748e+00 7.414497e+00 1.907500e+01
    endloop
  endfacet
  facet normal 0.000000e+00 0.000000e+00 1.000000e+00
    outer loop
      vertex   6.725748e+00 7.414497e+00 1.907500e+01
      vertex   2.234190e+00 7.432039e+00 1.907500e+01
      vertex   2.069032e+00 7.227495e+00 1.907500e+01
    endloop
  endfacet
  facet normal 0.000000e+00 0.000000e+00 1.000000e+00
    outer loop
      vertex   6.725748e+00 7.414497e+00 1.907500e+01
      vertex   2.069032e+00 7.227495e+00 1.907500e+01
      vertex   7.031111e+00 6.957490e+00 1.907500e+01
    endloop
  endfacet
  facet normal 0.000000e+00 0.000000e+00 1.000000e+00
    outer loop
      vertex   7.031111e+00 6.957490e+00 1.907500e+01
      vertex   2.069032e+00 7.227495e+00 1.907500e+01
      vertex   1.871681e+00 7.053804e+00 1.907500e+01
    endloop
  endfacet
  facet normal 0.000000e+00 0.000000e+00 1.000000e+00
    outer loop
      vertex   7.031111e+00 6.957490e+00 1.907500e+01
      vertex   1.871681e+00 7.053804e+00 1.907500e+01
      vertex   7.299675e+00 6.477933e+00 1.907500e+01
    endloop
  endfacet
  facet normal 0.000000e+00 0.000000e+00 1.000000e+00
    outer loop
      vertex   7.299675e+00 6.477933e+00 1.907500e+01
      vertex   1.871681e+00 7.053804e+00 1.907500e+01
      vertex   1.647816e+00 6.915965e+00 1.907500e+01
    endloop
  endfacet
  facet normal 0.000000e+00 0.000000e+00 1.000000e+00
    outer loop
      vertex   7.299675e+00 6.477933e+00 1.907500e+01
      vertex   1.647816e+00 6.915965e+00 1.907500e+01
      vertex   7.529786e+00 5.978784e+00 1.907500e+01
    endloop
  endfacet
  facet normal 0.000000e+00 0.000000e+00 1.000000e+00
    outer loop
      vertex   7.529786e+00 5.978784e+00 1.907500e+01
      vertex   1.647816e+00 6.915965e+00 1.907500e+01
      vertex   1.403875e+00 6.817942e+00 1.907500e+01
    endloop
  endfacet
  facet normal 0.000000e+00 0.000000e+00 1.000000e+00
    outer loop
      vertex   7.529786e+00 5.978784e+00 1.907500e+01
      vertex   1.403875e+00 6.817942e+00 1.907500e+01
      vertex   7.720025e+00 5.463119e+00 1.907500e+01
    endloop
  endfacet
  facet normal 0.000000e+00 0.000000e+00 1.000000e+00
    outer loop
      vertex   7.720025e+00 5.463119e+00 1.907500e+01
      vertex   1.403875e+00 6.817942e+00 1.907500e+01
      vertex   5.561081e+00 3.462846e+00 1.907500e+01
    endloop
  endfacet
  facet normal 0.000000e+00 0.000000e+00 1.000000e+00
    outer loop
      vertex   7.720025e+00 5.463119e+00 1.907500e+01
      vertex   5.561081e+00 3.462846e+00 1.907500e+01
      vertex   7.869219e+00 4.934118e+00 1.907500e+01
    endloop
  endfacet
  facet normal 0.000000e+00 0.000000e+00 1.000000e+00
    outer loop
      vertex   7.869219e+00 4.934118e+00 1.907500e+01
      vertex   5.561081e+00 3.462846e+00 1.907500e+01
      vertex   5.746516e+00 3.473646e+00 1.907500e+01
    endloop
  endfacet
  facet normal 0.000000e+00 0.000000e+00 1.000000e+00
    outer loop
      vertex   7.869219e+00 4.934118e+00 1.907500e+01
      vertex   5.746516e+00 3.473646e+00 1.907500e+01
      vertex   7.976448e+00 4.395041e+00 1.907500e+01
    endloop
  endfacet
  facet normal 0.000000e+00 0.000000e+00 1.000000e+00
    outer loop
      vertex   7.976448e+00 4.395041e+00 1.907500e+01
      vertex   5.746516e+00 3.473646e+00 1.907500e+01
      vertex   5.929443e+00 3.441391e+00 1.907500e+01
    endloop
  endfacet
  facet normal 0.000000e+00 0.000000e+00 1.000000e+00
    outer loop
      vertex   7.976448e+00 4.395041e+00 1.907500e+01
      vertex   5.929443e+00 3.441391e+00 1.907500e+01
      vertex   8.041051e+00 3.849214e+00 1.907500e+01
    endloop
  endfacet
  facet normal 0.000000e+00 0.000000e+00 1.000000e+00
    outer loop
      vertex   8.041051e+00 3.849214e+00 1.907500e+01
      vertex   5.929443e+00 3.441391e+00 1.907500e+01
      vertex   6.100000e+00 3.367820e+00 1.907500e+01
    endloop
  endfacet
  facet normal 0.000000e+00 0.000000e+00 1.000000e+00
    outer loop
      vertex   8.041051e+00 3.849214e+00 1.907500e+01
      vertex   6.100000e+00 3.367820e+00 1.907500e+01
      vertex   6.248993e+00 3.256899e+00 1.907500e+01
    endloop
  endfacet
  facet normal 0.000000e+00 0.000000e+00 1.000000e+00
    outer loop
      vertex   5.561081e+00 3.462846e+00 1.907500e+01
      vertex   1.403875e+00 6.817942e+00 1.907500e+01
      vertex   5.383136e+00 3.409573e+00 1.907500e+01
    endloop
  endfacet
  facet normal 0.000000e+00 0.000000e+00 1.000000e+00
    outer loop
      vertex   5.383136e+00 3.409573e+00 1.907500e+01
      vertex   1.403875e+00 6.817942e+00 1.907500e+01
      vertex   1.146878e+00 6.762554e+00 1.907500e+01
    endloop
  endfacet
  facet normal 0.000000e+00 0.000000e+00 1.000000e+00
    outer loop
      vertex   5.383136e+00 3.409573e+00 1.907500e+01
      vertex   1.146878e+00 6.762554e+00 1.907500e+01
      vertex   5.222273e+00 3.316698e+00 1.907500e+01
    endloop
  endfacet
  facet normal 0.000000e+00 0.000000e+00 1.000000e+00
    outer loop
      vertex   -5.965197e+00 2.936951e+00 1.907500e+01
      vertex   -8.005599e+00 2.736569e+00 1.907500e+01
      vertex   -5.987492e+00 2.675000e+00 1.907500e+01
    endloop
  endfacet
  facet normal 0.000000e+00 0.000000e+00 1.000000e+00
    outer loop
      vertex   -5.987492e+00 2.675000e+00 1.907500e+01
      vertex   -8.005599e+00 2.736569e+00 1.907500e+01
      vertex   -6.934806e+00 2.167658e+00 1.907500e+01
    endloop
  endfacet
  facet normal 0.000000e+00 0.000000e+00 1.000000e+00
    outer loop
      vertex   -5.987492e+00 2.675000e+00 1.907500e+01
      vertex   -6.934806e+00 2.167658e+00 1.907500e+01
      vertex   -5.965197e+00 2.413049e+00 1.907500e+01
    endloop
  endfacet
  facet normal 0.000000e+00 0.000000e+00 1.000000e+00
    outer loop
      vertex   -5.965197e+00 2.413049e+00 1.907500e+01
      vertex   -6.934806e+00 2.167658e+00 1.907500e+01
      vertex   -5.898952e+00 2.158633e+00 1.907500e+01
    endloop
  endfacet
  facet normal 0.000000e+00 0.000000e+00 1.000000e+00
    outer loop
      vertex   -5.898952e+00 2.158633e+00 1.907500e+01
      vertex   -6.934806e+00 2.167658e+00 1.907500e+01
      vertex   -5.790664e+00 1.919073e+00 1.907500e+01
    endloop
  endfacet
  facet normal 0.000000e+00 -0.000000e+00 1.000000e+00
    outer loop
      vertex   -8.005599e+00 2.736569e+00 1.907500e+01
      vertex   -5.965197e+00 2.936951e+00 1.907500e+01
      vertex   -8.050298e+00 3.157339e+00 1.907500e+01
    endloop
  endfacet
  facet normal -0.000000e+00 0.000000e+00 1.000000e+00
    outer loop
      vertex   -8.050298e+00 3.157339e+00 1.907500e+01
      vertex   -5.965197e+00 2.936951e+00 1.907500e+01
      vertex   -5.898952e+00 3.191366e+00 1.907500e+01
    endloop
  endfacet
  facet normal 0.000000e+00 -0.000000e+00 1.000000e+00
    outer loop
      vertex   -8.050298e+00 3.157339e+00 1.907500e+01
      vertex   -5.898952e+00 3.191366e+00 1.907500e+01
      vertex   -8.139195e+00 3.571034e+00 1.907500e+01
    endloop
  endfacet
  facet normal 0.000000e+00 0.000000e+00 1.000000e+00
    outer loop
      vertex   -8.139195e+00 3.571034e+00 1.907500e+01
      vertex   -5.898952e+00 3.191366e+00 1.907500e+01
      vertex   -5.790664e+00 3.430927e+00 1.907500e+01
    endloop
  endfacet
  facet normal -0.000000e+00 0.000000e+00 1.000000e+00
    outer loop
      vertex   -8.139195e+00 3.571034e+00 1.907500e+01
      vertex   -5.790664e+00 3.430927e+00 1.907500e+01
      vertex   -5.643448e+00 3.648741e+00 1.907500e+01
    endloop
  endfacet
  facet normal 0.000000e+00 -0.000000e+00 1.000000e+00
    outer loop
      vertex   -8.139195e+00 3.571034e+00 1.907500e+01
      vertex   -5.643448e+00 3.648741e+00 1.907500e+01
      vertex   -8.271296e+00 3.973022e+00 1.907500e+01
    endloop
  endfacet
  facet normal 0.000000e+00 0.000000e+00 1.000000e+00
    outer loop
      vertex   -8.271296e+00 3.973022e+00 1.907500e+01
      vertex   -5.643448e+00 3.648741e+00 1.907500e+01
      vertex   -5.461538e+00 3.838542e+00 1.907500e+01
    endloop
  endfacet
  facet normal -0.000000e+00 -0.000000e+00 1.000000e+00
    outer loop
      vertex   -8.271296e+00 3.973022e+00 1.907500e+01
      vertex   -5.461538e+00 3.838542e+00 1.907500e+01
      vertex   -8.445123e+00 4.358807e+00 1.907500e+01
    endloop
  endfacet
  facet normal 0.000000e+00 0.000000e+00 1.000000e+00
    outer loop
      vertex   -8.445123e+00 4.358807e+00 1.907500e+01
      vertex   -5.461538e+00 3.838542e+00 1.907500e+01
      vertex   -5.250169e+00 3.994870e+00 1.907500e+01
    endloop
  endfacet
  facet normal 0.000000e+00 0.000000e+00 1.000000e+00
    outer loop
      vertex   -8.445123e+00 4.358807e+00 1.907500e+01
      vertex   -5.250169e+00 3.994870e+00 1.907500e+01
      vertex   -5.015420e+00 4.113228e+00 1.907500e+01
    endloop
  endfacet
  facet normal -0.000000e+00 -0.000000e+00 1.000000e+00
    outer loop
      vertex   -8.445123e+00 4.358807e+00 1.907500e+01
      vertex   -5.015420e+00 4.113228e+00 1.907500e+01
      vertex   -8.658730e+00 4.724071e+00 1.907500e+01
    endloop
  endfacet
  facet normal 0.000000e+00 0.000000e+00 1.000000e+00
    outer loop
      vertex   -8.658730e+00 4.724071e+00 1.907500e+01
      vertex   -5.015420e+00 4.113228e+00 1.907500e+01
      vertex   -4.764045e+00 4.190210e+00 1.907500e+01
    endloop
  endfacet
  facet normal -0.000000e+00 -0.000000e+00 1.000000e+00
    outer loop
      vertex   -8.658730e+00 4.724071e+00 1.907500e+01
      vertex   -4.764045e+00 4.190210e+00 1.907500e+01
      vertex   -8.909727e+00 5.064727e+00 1.907500e+01
    endloop
  endfacet
  facet normal 0.000000e+00 0.000000e+00 1.000000e+00
    outer loop
      vertex   4.985094e+00 3.034039e+00 1.907500e+01
      vertex   -2.937506e+00 3.065566e+00 1.907500e+01
      vertex   4.921564e+00 2.859492e+00 1.907500e+01
    endloop
  endfacet
  facet normal 0.000000e+00 0.000000e+00 1.000000e+00
    outer loop
      vertex   4.921564e+00 2.859492e+00 1.907500e+01
      vertex   -2.937506e+00 3.065566e+00 1.907500e+01
      vertex   -2.893076e+00 2.806449e+00 1.907500e+01
    endloop
  endfacet
  facet normal 0.000000e+00 0.000000e+00 1.000000e+00
    outer loop
      vertex   4.921564e+00 2.859492e+00 1.907500e+01
      vertex   -2.893076e+00 2.806449e+00 1.907500e+01
      vertex   4.900000e+00 2.675000e+00 1.907500e+01
    endloop
  endfacet
  facet normal 0.000000e+00 0.000000e+00 1.000000e+00
    outer loop
      vertex   4.900000e+00 2.675000e+00 1.907500e+01
      vertex   -2.893076e+00 2.806449e+00 1.907500e+01
      vertex   -2.893076e+00 2.543551e+00 1.907500e+01
    endloop
  endfacet
  facet normal 0.000000e+00 0.000000e+00 1.000000e+00
    outer loop
      vertex   4.900000e+00 2.675000e+00 1.907500e+01
      vertex   -2.893076e+00 2.543551e+00 1.907500e+01
      vertex   4.921564e+00 2.490507e+00 1.907500e+01
    endloop
  endfacet
  facet normal 0.000000e+00 0.000000e+00 1.000000e+00
    outer loop
      vertex   4.921564e+00 2.490507e+00 1.907500e+01
      vertex   -2.893076e+00 2.543551e+00 1.907500e+01
      vertex   -2.937506e+00 2.284434e+00 1.907500e+01
    endloop
  endfacet
  facet normal 0.000000e+00 0.000000e+00 1.000000e+00
    outer loop
      vertex   4.921564e+00 2.490507e+00 1.907500e+01
      vertex   -2.937506e+00 2.284434e+00 1.907500e+01
      vertex   4.985094e+00 2.315960e+00 1.907500e+01
    endloop
  endfacet
  facet normal 0.000000e+00 0.000000e+00 1.000000e+00
    outer loop
      vertex   4.985094e+00 2.315960e+00 1.907500e+01
      vertex   -2.937506e+00 2.284434e+00 1.907500e+01
      vertex   -3.025088e+00 2.036553e+00 1.907500e+01
    endloop
  endfacet
  facet normal 0.000000e+00 0.000000e+00 1.000000e+00
    outer loop
      vertex   4.985094e+00 2.315960e+00 1.907500e+01
      vertex   -3.025088e+00 2.036553e+00 1.907500e+01
      vertex   5.087164e+00 2.160770e+00 1.907500e+01
    endloop
  endfacet
  facet normal 0.000000e+00 0.000000e+00 1.000000e+00
    outer loop
      vertex   5.087164e+00 2.160770e+00 1.907500e+01
      vertex   -3.025088e+00 2.036553e+00 1.907500e+01
      vertex   -3.153302e+00 1.807039e+00 1.907500e+01
    endloop
  endfacet
  facet normal 0.000000e+00 0.000000e+00 1.000000e+00
    outer loop
      vertex   5.087164e+00 2.160770e+00 1.907500e+01
      vertex   -3.153302e+00 1.807039e+00 1.907500e+01
      vertex   5.222273e+00 2.033301e+00 1.907500e+01
    endloop
  endfacet
  facet normal 0.000000e+00 0.000000e+00 1.000000e+00
    outer loop
      vertex   5.222273e+00 2.033301e+00 1.907500e+01
      vertex   -3.153302e+00 1.807039e+00 1.907500e+01
      vertex   -3.318460e+00 1.602495e+00 1.907500e+01
    endloop
  endfacet
  facet normal 0.000000e+00 0.000000e+00 1.000000e+00
    outer loop
      vertex   5.222273e+00 2.033301e+00 1.907500e+01
      vertex   -3.318460e+00 1.602495e+00 1.907500e+01
      vertex   4.762629e+00 -9.500002e-01 1.907500e+01
    endloop
  endfacet
  facet normal 0.000000e+00 0.000000e+00 1.000000e+00
    outer loop
      vertex   4.762629e+00 -9.500002e-01 1.907500e+01
      vertex   -3.318460e+00 1.602495e+00 1.907500e+01
      vertex   -3.515811e+00 1.428804e+00 1.907500e+01
    endloop
  endfacet
  facet normal 0.000000e+00 0.000000e+00 1.000000e+00
    outer loop
      vertex   4.762629e+00 -9.500002e-01 1.907500e+01
      vertex   -3.515811e+00 1.428804e+00 1.907500e+01
      vertex   8.110815e-01 -2.462154e+00 1.907500e+01
    endloop
  endfacet
  facet normal 0.000000e+00 0.000000e+00 1.000000e+00
    outer loop
      vertex   8.110815e-01 -2.462154e+00 1.907500e+01
      vertex   -3.515811e+00 1.428804e+00 1.907500e+01
      vertex   -3.739677e+00 1.290965e+00 1.907500e+01
    endloop
  endfacet
  facet normal 0.000000e+00 0.000000e+00 1.000000e+00
    outer loop
      vertex   8.110815e-01 -2.462154e+00 1.907500e+01
      vertex   -3.739677e+00 1.290965e+00 1.907500e+01
      vertex   -3.983617e+00 1.192941e+00 1.907500e+01
    endloop
  endfacet
  facet normal 0.000000e+00 0.000000e+00 1.000000e+00
    outer loop
      vertex   -4.503276e+00 1.126396e+00 1.907500e+01
      vertex   -4.764045e+00 1.159789e+00 1.907500e+01
      vertex   -5.345990e+00 6.459272e-01 1.907500e+01
    endloop
  endfacet
  facet normal 0.000000e+00 0.000000e+00 1.000000e+00
    outer loop
      vertex   -5.345990e+00 6.459272e-01 1.907500e+01
      vertex   -4.764045e+00 1.159789e+00 1.907500e+01
      vertex   -5.015420e+00 1.236772e+00 1.907500e+01
    endloop
  endfacet
  facet normal 0.000000e+00 0.000000e+00 1.000000e+00
    outer loop
      vertex   -5.345990e+00 6.459272e-01 1.907500e+01
      vertex   -5.015420e+00 1.236772e+00 1.907500e+01
      vertex   -5.250169e+00 1.355130e+00 1.907500e+01
    endloop
  endfacet
  facet normal 0.000000e+00 0.000000e+00 1.000000e+00
    outer loop
      vertex   -5.250169e+00 1.355130e+00 1.907500e+01
      vertex   -5.461538e+00 1.511458e+00 1.907500e+01
      vertex   -5.345990e+00 6.459272e-01 1.907500e+01
    endloop
  endfacet
  facet normal 0.000000e+00 0.000000e+00 1.000000e+00
    outer loop
      vertex   8.041051e+00 3.849214e+00 1.907500e+01
      vertex   6.248993e+00 3.256899e+00 1.907500e+01
      vertex   8.062629e+00 3.300000e+00 1.907500e+01
    endloop
  endfacet
  facet normal 0.000000e+00 0.000000e+00 1.000000e+00
    outer loop
      vertex   8.062629e+00 3.300000e+00 1.907500e+01
      vertex   6.248993e+00 3.256899e+00 1.907500e+01
      vertex   6.368390e+00 3.114607e+00 1.907500e+01
    endloop
  endfacet
  facet normal 0.000000e+00 0.000000e+00 1.000000e+00
    outer loop
      vertex   8.062629e+00 3.300000e+00 1.907500e+01
      vertex   6.368390e+00 3.114607e+00 1.907500e+01
      vertex   6.451754e+00 2.948616e+00 1.907500e+01
    endloop
  endfacet
  facet normal -0.000000e+00 0.000000e+00 1.000000e+00
    outer loop
      vertex   6.451754e+00 2.948616e+00 1.907500e+01
      vertex   6.494591e+00 2.767874e+00 1.907500e+01
      vertex   8.062629e+00 3.300000e+00 1.907500e+01
    endloop
  endfacet
  facet normal 0.000000e+00 0.000000e+00 1.000000e+00
    outer loop
      vertex   8.062629e+00 3.300000e+00 1.907500e+01
      vertex   6.494591e+00 2.767874e+00 1.907500e+01
      vertex   6.494591e+00 2.582125e+00 1.907500e+01
    endloop
  endfacet
  facet normal 0.000000e+00 0.000000e+00 1.000000e+00
    outer loop
      vertex   8.062629e+00 3.300000e+00 1.907500e+01
      vertex   6.494591e+00 2.582125e+00 1.907500e+01
      vertex   8.062629e+00 1.750000e+00 1.907500e+01
    endloop
  endfacet
  facet normal 0.000000e+00 0.000000e+00 1.000000e+00
    outer loop
      vertex   8.062629e+00 1.750000e+00 1.907500e+01
      vertex   6.494591e+00 2.582125e+00 1.907500e+01
      vertex   6.451754e+00 2.401384e+00 1.907500e+01
    endloop
  endfacet
  facet normal 0.000000e+00 0.000000e+00 1.000000e+00
    outer loop
      vertex   8.062629e+00 1.750000e+00 1.907500e+01
      vertex   6.451754e+00 2.401384e+00 1.907500e+01
      vertex   6.368390e+00 2.235393e+00 1.907500e+01
    endloop
  endfacet
  facet normal 0.000000e+00 0.000000e+00 1.000000e+00
    outer loop
      vertex   6.368390e+00 2.235393e+00 1.907500e+01
      vertex   6.248993e+00 2.093101e+00 1.907500e+01
      vertex   8.062629e+00 1.750000e+00 1.907500e+01
    endloop
  endfacet
  facet normal 0.000000e+00 0.000000e+00 1.000000e+00
    outer loop
      vertex   8.062629e+00 1.750000e+00 1.907500e+01
      vertex   6.248993e+00 2.093101e+00 1.907500e+01
      vertex   6.100000e+00 1.982179e+00 1.907500e+01
    endloop
  endfacet
  facet normal 0.000000e+00 0.000000e+00 1.000000e+00
    outer loop
      vertex   8.062629e+00 1.750000e+00 1.907500e+01
      vertex   6.100000e+00 1.982179e+00 1.907500e+01
      vertex   8.041051e+00 1.200786e+00 1.907500e+01
    endloop
  endfacet
  facet normal 0.000000e+00 0.000000e+00 1.000000e+00
    outer loop
      vertex   8.041051e+00 1.200786e+00 1.907500e+01
      vertex   6.100000e+00 1.982179e+00 1.907500e+01
      vertex   5.929443e+00 1.908608e+00 1.907500e+01
    endloop
  endfacet
  facet normal 0.000000e+00 0.000000e+00 1.000000e+00
    outer loop
      vertex   8.041051e+00 1.200786e+00 1.907500e+01
      vertex   5.929443e+00 1.908608e+00 1.907500e+01
      vertex   5.746516e+00 1.876353e+00 1.907500e+01
    endloop
  endfacet
  facet normal 0.000000e+00 0.000000e+00 1.000000e+00
    outer loop
      vertex   8.041051e+00 1.200786e+00 1.907500e+01
      vertex   5.746516e+00 1.876353e+00 1.907500e+01
      vertex   7.976448e+00 6.549585e-01 1.907500e+01
    endloop
  endfacet
  facet normal 0.000000e+00 0.000000e+00 1.000000e+00
    outer loop
      vertex   7.976448e+00 6.549585e-01 1.907500e+01
      vertex   5.746516e+00 1.876353e+00 1.907500e+01
      vertex   5.561081e+00 1.887154e+00 1.907500e+01
    endloop
  endfacet
  facet normal 0.000000e+00 0.000000e+00 1.000000e+00
    outer loop
      vertex   7.976448e+00 6.549585e-01 1.907500e+01
      vertex   5.561081e+00 1.887154e+00 1.907500e+01
      vertex   7.869219e+00 1.158822e-01 1.907500e+01
    endloop
  endfacet
  facet normal 0.000000e+00 0.000000e+00 1.000000e+00
    outer loop
      vertex   5.383136e+00 1.940427e+00 1.907500e+01
      vertex   5.222273e+00 2.033301e+00 1.907500e+01
      vertex   4.762629e+00 -9.500002e-01 1.907500e+01
    endloop
  endfacet
  facet normal 0.000000e+00 0.000000e+00 1.000000e+00
    outer loop
      vertex   1.715641e-01 -3.065508e+00 1.907500e+01
      vertex   -1.022585e+01 -1.060025e+00 1.907500e+01
      vertex   1.500000e-01 -3.250000e+00 1.907500e+01
    endloop
  endfacet
  facet normal 0.000000e+00 0.000000e+00 1.000000e+00
    outer loop
      vertex   1.500000e-01 -3.250000e+00 1.907500e+01
      vertex   -1.022585e+01 -1.060025e+00 1.907500e+01
      vertex   -1.061449e+01 -1.227381e+00 1.907500e+01
    endloop
  endfacet
  facet normal 0.000000e+00 0.000000e+00 1.000000e+00
    outer loop
      vertex   1.500000e-01 -3.250000e+00 1.907500e+01
      vertex   -1.061449e+01 -1.227381e+00 1.907500e+01
      vertex   1.715641e-01 -3.434493e+00 1.907500e+01
    endloop
  endfacet
  facet normal 0.000000e+00 0.000000e+00 1.000000e+00
    outer loop
      vertex   1.715641e-01 -3.434493e+00 1.907500e+01
      vertex   -1.061449e+01 -1.227381e+00 1.907500e+01
      vertex   -1.329816e+01 -5.250000e+00 1.907500e+01
    endloop
  endfacet
  facet normal 0.000000e+00 0.000000e+00 1.000000e+00
    outer loop
      vertex   1.715641e-01 -3.434493e+00 1.907500e+01
      vertex   -1.329816e+01 -5.250000e+00 1.907500e+01
      vertex   2.350939e-01 -3.609040e+00 1.907500e+01
    endloop
  endfacet
  facet normal 0.000000e+00 0.000000e+00 1.000000e+00
    outer loop
      vertex   2.350939e-01 -3.609040e+00 1.907500e+01
      vertex   -1.329816e+01 -5.250000e+00 1.907500e+01
      vertex   3.371644e-01 -3.764230e+00 1.907500e+01
    endloop
  endfacet
  facet normal 0.000000e+00 0.000000e+00 1.000000e+00
    outer loop
      vertex   3.371644e-01 -3.764230e+00 1.907500e+01
      vertex   -1.329816e+01 -5.250000e+00 1.907500e+01
      vertex   1.062629e+00 -5.250000e+00 1.907500e+01
    endloop
  endfacet
  facet normal 0.000000e+00 0.000000e+00 1.000000e+00
    outer loop
      vertex   3.371644e-01 -3.764230e+00 1.907500e+01
      vertex   1.062629e+00 -5.250000e+00 1.907500e+01
      vertex   4.722731e-01 -3.891699e+00 1.907500e+01
    endloop
  endfacet
  facet normal 0.000000e+00 0.000000e+00 1.000000e+00
    outer loop
      vertex   4.722731e-01 -3.891699e+00 1.907500e+01
      vertex   1.062629e+00 -5.250000e+00 1.907500e+01
      vertex   6.331362e-01 -3.984573e+00 1.907500e+01
    endloop
  endfacet
  facet normal 0.000000e+00 0.000000e+00 1.000000e+00
    outer loop
      vertex   6.331362e-01 -3.984573e+00 1.907500e+01
      vertex   1.062629e+00 -5.250000e+00 1.907500e+01
      vertex   8.110815e-01 -4.037846e+00 1.907500e+01
    endloop
  endfacet
  facet normal 0.000000e+00 0.000000e+00 1.000000e+00
    outer loop
      vertex   8.110815e-01 -4.037846e+00 1.907500e+01
      vertex   1.062629e+00 -5.250000e+00 1.907500e+01
      vertex   9.965159e-01 -4.048647e+00 1.907500e+01
    endloop
  endfacet
  facet normal 0.000000e+00 0.000000e+00 1.000000e+00
    outer loop
      vertex   9.965159e-01 -4.048647e+00 1.907500e+01
      vertex   1.062629e+00 -5.250000e+00 1.907500e+01
      vertex   1.611843e+00 -5.228422e+00 1.907500e+01
    endloop
  endfacet
  facet normal -0.000000e+00 0.000000e+00 1.000000e+00
    outer loop
      vertex   9.965159e-01 -4.048647e+00 1.907500e+01
      vertex   1.611843e+00 -5.228422e+00 1.907500e+01
      vertex   1.179443e+00 -4.016392e+00 1.907500e+01
    endloop
  endfacet
  facet normal 0.000000e+00 0.000000e+00 1.000000e+00
    outer loop
      vertex   1.179443e+00 -4.016392e+00 1.907500e+01
      vertex   1.611843e+00 -5.228422e+00 1.907500e+01
      vertex   2.157671e+00 -5.163819e+00 1.907500e+01
    endloop
  endfacet
  facet normal 0.000000e+00 0.000000e+00 1.000000e+00
    outer loop
      vertex   1.179443e+00 -4.016392e+00 1.907500e+01
      vertex   2.157671e+00 -5.163819e+00 1.907500e+01
      vertex   2.696747e+00 -5.056590e+00 1.907500e+01
    endloop
  endfacet
  facet normal 0.000000e+00 0.000000e+00 1.000000e+00
    outer loop
      vertex   2.350939e-01 -2.890961e+00 1.907500e+01
      vertex   -5.899346e+00 6.817589e-02 1.907500e+01
      vertex   1.715641e-01 -3.065508e+00 1.907500e+01
    endloop
  endfacet
  facet normal 0.000000e+00 0.000000e+00 1.000000e+00
    outer loop
      vertex   1.715641e-01 -3.065508e+00 1.907500e+01
      vertex   -5.899346e+00 6.817589e-02 1.907500e+01
      vertex   -9.857071e+00 -8.525516e-01 1.907500e+01
    endloop
  endfacet
  facet normal 0.000000e+00 0.000000e+00 1.000000e+00
    outer loop
      vertex   1.715641e-01 -3.065508e+00 1.907500e+01
      vertex   -9.857071e+00 -8.525516e-01 1.907500e+01
      vertex   -1.022585e+01 -1.060025e+00 1.907500e+01
    endloop
  endfacet
  facet normal 0.000000e+00 -0.000000e+00 1.000000e+00
    outer loop
      vertex   2.350939e-01 -2.890961e+00 1.907500e+01
      vertex   3.371644e-01 -2.735770e+00 1.907500e+01
      vertex   -5.899346e+00 6.817589e-02 1.907500e+01
    endloop
  endfacet
  facet normal 0.000000e+00 0.000000e+00 1.000000e+00
    outer loop
      vertex   -5.899346e+00 6.817589e-02 1.907500e+01
      vertex   3.371644e-01 -2.735770e+00 1.907500e+01
      vertex   4.722731e-01 -2.608302e+00 1.907500e+01
    endloop
  endfacet
  facet normal 0.000000e+00 0.000000e+00 1.000000e+00
    outer loop
      vertex   -5.899346e+00 6.817589e-02 1.907500e+01
      vertex   4.722731e-01 -2.608302e+00 1.907500e+01
      vertex   6.331362e-01 -2.515427e+00 1.907500e+01
    endloop
  endfacet
  facet normal -0.000000e+00 0.000000e+00 1.000000e+00
    outer loop
      vertex   -5.899346e+00 6.817589e-02 1.907500e+01
      vertex   6.331362e-01 -2.515427e+00 1.907500e+01
      vertex   -3.983617e+00 1.192941e+00 1.907500e+01
    endloop
  endfacet
  facet normal 0.000000e+00 0.000000e+00 1.000000e+00
    outer loop
      vertex   -3.983617e+00 1.192941e+00 1.907500e+01
      vertex   6.331362e-01 -2.515427e+00 1.907500e+01
      vertex   8.110815e-01 -2.462154e+00 1.907500e+01
    endloop
  endfacet
  facet normal 0.000000e+00 0.000000e+00 1.000000e+00
    outer loop
      vertex   8.110815e-01 -2.462154e+00 1.907500e+01
      vertex   9.965159e-01 -2.451354e+00 1.907500e+01
      vertex   4.762629e+00 -9.500002e-01 1.907500e+01
    endloop
  endfacet
  facet normal 0.000000e+00 0.000000e+00 1.000000e+00
    outer loop
      vertex   4.762629e+00 -9.500002e-01 1.907500e+01
      vertex   9.965159e-01 -2.451354e+00 1.907500e+01
      vertex   1.179443e+00 -2.483609e+00 1.907500e+01
    endloop
  endfacet
  facet normal -0.000000e+00 0.000000e+00 1.000000e+00
    outer loop
      vertex   1.498993e+00 -2.668101e+00 1.907500e+01
      vertex   1.618390e+00 -2.810393e+00 1.907500e+01
      vertex   4.762629e+00 -1.750000e+00 1.907500e+01
    endloop
  endfacet
  facet normal 0.000000e+00 0.000000e+00 1.000000e+00
    outer loop
      vertex   4.762629e+00 -1.750000e+00 1.907500e+01
      vertex   1.618390e+00 -2.810393e+00 1.907500e+01
      vertex   1.701754e+00 -2.976384e+00 1.907500e+01
    endloop
  endfacet
  facet normal 0.000000e+00 0.000000e+00 1.000000e+00
    outer loop
      vertex   4.762629e+00 -1.750000e+00 1.907500e+01
      vertex   1.701754e+00 -2.976384e+00 1.907500e+01
      vertex   6.012377e+00 -3.199748e+00 1.907500e+01
    endloop
  endfacet
  facet normal 0.000000e+00 0.000000e+00 1.000000e+00
    outer loop
      vertex   6.012377e+00 -3.199748e+00 1.907500e+01
      vertex   1.701754e+00 -2.976384e+00 1.907500e+01
      vertex   5.608766e+00 -3.572842e+00 1.907500e+01
    endloop
  endfacet
  facet normal 0.000000e+00 0.000000e+00 1.000000e+00
    outer loop
      vertex   5.608766e+00 -3.572842e+00 1.907500e+01
      vertex   1.701754e+00 -2.976384e+00 1.907500e+01
      vertex   1.744591e+00 -3.157126e+00 1.907500e+01
    endloop
  endfacet
  facet normal 0.000000e+00 0.000000e+00 1.000000e+00
    outer loop
      vertex   5.608766e+00 -3.572842e+00 1.907500e+01
      vertex   1.744591e+00 -3.157126e+00 1.907500e+01
      vertex   5.177126e+00 -3.913119e+00 1.907500e+01
    endloop
  endfacet
  facet normal 0.000000e+00 0.000000e+00 1.000000e+00
    outer loop
      vertex   5.177126e+00 -3.913119e+00 1.907500e+01
      vertex   1.744591e+00 -3.157126e+00 1.907500e+01
      vertex   1.744591e+00 -3.342875e+00 1.907500e+01
    endloop
  endfacet
  facet normal 0.000000e+00 0.000000e+00 1.000000e+00
    outer loop
      vertex   5.177126e+00 -3.913119e+00 1.907500e+01
      vertex   1.744591e+00 -3.342875e+00 1.907500e+01
      vertex   1.701754e+00 -3.523616e+00 1.907500e+01
    endloop
  endfacet
  facet normal 0.000000e+00 0.000000e+00 1.000000e+00
    outer loop
      vertex   5.177126e+00 -3.913119e+00 1.907500e+01
      vertex   1.701754e+00 -3.523616e+00 1.907500e+01
      vertex   4.720119e+00 -4.218481e+00 1.907500e+01
    endloop
  endfacet
  facet normal 0.000000e+00 0.000000e+00 1.000000e+00
    outer loop
      vertex   4.720119e+00 -4.218481e+00 1.907500e+01
      vertex   1.701754e+00 -3.523616e+00 1.907500e+01
      vertex   1.618390e+00 -3.689607e+00 1.907500e+01
    endloop
  endfacet
  facet normal 0.000000e+00 0.000000e+00 1.000000e+00
    outer loop
      vertex   4.720119e+00 -4.218481e+00 1.907500e+01
      vertex   1.618390e+00 -3.689607e+00 1.907500e+01
      vertex   4.240563e+00 -4.487046e+00 1.907500e+01
    endloop
  endfacet
  facet normal 0.000000e+00 0.000000e+00 1.000000e+00
    outer loop
      vertex   4.240563e+00 -4.487046e+00 1.907500e+01
      vertex   1.618390e+00 -3.689607e+00 1.907500e+01
      vertex   1.498993e+00 -3.831899e+00 1.907500e+01
    endloop
  endfacet
  facet normal 0.000000e+00 0.000000e+00 1.000000e+00
    outer loop
      vertex   4.240563e+00 -4.487046e+00 1.907500e+01
      vertex   1.498993e+00 -3.831899e+00 1.907500e+01
      vertex   3.741413e+00 -4.717157e+00 1.907500e+01
    endloop
  endfacet
  facet normal 0.000000e+00 0.000000e+00 1.000000e+00
    outer loop
      vertex   3.741413e+00 -4.717157e+00 1.907500e+01
      vertex   1.498993e+00 -3.831899e+00 1.907500e+01
      vertex   3.225748e+00 -4.907396e+00 1.907500e+01
    endloop
  endfacet
  facet normal 0.000000e+00 0.000000e+00 1.000000e+00
    outer loop
      vertex   3.225748e+00 -4.907396e+00 1.907500e+01
      vertex   1.498993e+00 -3.831899e+00 1.907500e+01
      vertex   1.350000e+00 -3.942821e+00 1.907500e+01
    endloop
  endfacet
  facet normal 0.000000e+00 0.000000e+00 1.000000e+00
    outer loop
      vertex   3.225748e+00 -4.907396e+00 1.907500e+01
      vertex   1.350000e+00 -3.942821e+00 1.907500e+01
      vertex   2.696747e+00 -5.056590e+00 1.907500e+01
    endloop
  endfacet
  facet normal 0.000000e+00 0.000000e+00 1.000000e+00
    outer loop
      vertex   2.696747e+00 -5.056590e+00 1.907500e+01
      vertex   1.350000e+00 -3.942821e+00 1.907500e+01
      vertex   1.179443e+00 -4.016392e+00 1.907500e+01
    endloop
  endfacet
  facet normal 0.000000e+00 0.000000e+00 1.000000e+00
    outer loop
      vertex   -2.083431e+01 4.525000e+00 1.907500e+01
      vertex   -2.303431e+01 4.525000e+00 1.907500e+01
      vertex   -2.350000e+01 3.025000e+00 1.907500e+01
    endloop
  endfacet
  facet normal 0.000000e+00 0.000000e+00 1.000000e+00
    outer loop
      vertex   -2.350000e+01 3.025000e+00 1.907500e+01
      vertex   -2.303431e+01 4.525000e+00 1.907500e+01
      vertex   -2.303431e+01 5.825000e+00 1.907500e+01
    endloop
  endfacet
  facet normal 0.000000e+00 0.000000e+00 1.000000e+00
    outer loop
      vertex   -2.350000e+01 3.025000e+00 1.907500e+01
      vertex   -2.303431e+01 5.825000e+00 1.907500e+01
      vertex   -2.350000e+01 8.300000e+00 1.907500e+01
    endloop
  endfacet
  facet normal 0.000000e+00 0.000000e+00 1.000000e+00
    outer loop
      vertex   -2.350000e+01 8.300000e+00 1.907500e+01
      vertex   -2.303431e+01 5.825000e+00 1.907500e+01
      vertex   -2.083431e+01 5.825000e+00 1.907500e+01
    endloop
  endfacet
  facet normal -0.000000e+00 0.000000e+00 1.000000e+00
    outer loop
      vertex   -2.350000e+01 8.300000e+00 1.907500e+01
      vertex   -2.083431e+01 5.825000e+00 1.907500e+01
      vertex   -1.990675e+01 8.300000e+00 1.907500e+01
    endloop
  endfacet
  facet normal -0.000000e+00 0.000000e+00 1.000000e+00
    outer loop
      vertex   -1.990675e+01 8.300000e+00 1.907500e+01
      vertex   -2.083431e+01 5.825000e+00 1.907500e+01
      vertex   -1.940532e+01 8.320989e+00 1.907500e+01
    endloop
  endfacet
  facet normal -0.000000e+00 0.000000e+00 1.000000e+00
    outer loop
      vertex   -1.940532e+01 8.320989e+00 1.907500e+01
      vertex   -2.083431e+01 5.825000e+00 1.907500e+01
      vertex   -1.890740e+01 8.383811e+00 1.907500e+01
    endloop
  endfacet
  facet normal 0.000000e+00 0.000000e+00 1.000000e+00
    outer loop
      vertex   -1.890740e+01 8.383811e+00 1.907500e+01
      vertex   -2.083431e+01 5.825000e+00 1.907500e+01
      vertex   -1.459101e+01 5.572401e+00 1.907500e+01
    endloop
  endfacet
  facet normal 0.000000e+00 0.000000e+00 1.000000e+00
    outer loop
      vertex   -1.890740e+01 8.383811e+00 1.907500e+01
      vertex   -1.459101e+01 5.572401e+00 1.907500e+01
      vertex   -1.425460e+01 5.829056e+00 1.907500e+01
    endloop
  endfacet
  facet normal 0.000000e+00 0.000000e+00 1.000000e+00
    outer loop
      vertex   -2.083431e+01 4.525000e+00 1.907500e+01
      vertex   -1.541289e+01 4.611189e+00 1.907500e+01
      vertex   -2.083431e+01 5.825000e+00 1.907500e+01
    endloop
  endfacet
  facet normal 0.000000e+00 0.000000e+00 1.000000e+00
    outer loop
      vertex   -2.083431e+01 5.825000e+00 1.907500e+01
      vertex   -1.541289e+01 4.611189e+00 1.907500e+01
      vertex   -1.517342e+01 4.960041e+00 1.907500e+01
    endloop
  endfacet
  facet normal 0.000000e+00 0.000000e+00 1.000000e+00
    outer loop
      vertex   -2.083431e+01 5.825000e+00 1.907500e+01
      vertex   -1.517342e+01 4.960041e+00 1.907500e+01
      vertex   -1.489843e+01 5.281645e+00 1.907500e+01
    endloop
  endfacet
  facet normal 0.000000e+00 -0.000000e+00 1.000000e+00
    outer loop
      vertex   6.012377e+00 -3.199748e+00 1.907500e+01
      vertex   6.385471e+00 -2.796137e+00 1.907500e+01
      vertex   4.762629e+00 -1.750000e+00 1.907500e+01
    endloop
  endfacet
  facet normal 0.000000e+00 -0.000000e+00 1.000000e+00
    outer loop
      vertex   7.031111e+00 -1.907490e+00 1.907500e+01
      vertex   7.299675e+00 -1.427934e+00 1.907500e+01
      vertex   5.562629e+00 -1.750000e+00 1.907500e+01
    endloop
  endfacet
  facet normal 0.000000e+00 -0.000000e+00 1.000000e+00
    outer loop
      vertex   7.720025e+00 -4.131192e-01 1.907500e+01
      vertex   7.869219e+00 1.158822e-01 1.907500e+01
      vertex   5.562629e+00 -9.500002e-01 1.907500e+01
    endloop
  endfacet
  facet normal 0.000000e+00 0.000000e+00 1.000000e+00
    outer loop
      vertex   -9.712306e+00 1.029998e+01 1.907500e+01
      vertex   -9.726498e+00 1.030000e+01 1.907500e+01
      vertex   -9.705209e+00 1.029996e+01 1.907500e+01
    endloop
  endfacet
  facet normal 0.000000e+00 0.000000e+00 1.000000e+00
    outer loop
      vertex   -9.705209e+00 1.029996e+01 1.907500e+01
      vertex   -9.726498e+00 1.030000e+01 1.907500e+01
      vertex   -1.143375e+01 6.484717e+00 1.907500e+01
    endloop
  endfacet
  facet normal 0.000000e+00 0.000000e+00 1.000000e+00
    outer loop
      vertex   -9.705209e+00 1.029996e+01 1.907500e+01
      vertex   -1.143375e+01 6.484717e+00 1.907500e+01
      vertex   -1.101863e+01 6.402746e+00 1.907500e+01
    endloop
  endfacet
  facet normal 0.000000e+00 0.000000e+00 1.000000e+00
    outer loop
      vertex   -9.712306e+00 1.029998e+01 1.907500e+01
      vertex   -9.719402e+00 1.030000e+01 1.907500e+01
      vertex   -9.726498e+00 1.030000e+01 1.907500e+01
    endloop
  endfacet
  facet normal 0.000000e+00 -0.000000e+00 1.000000e+00
    outer loop
      vertex   -1.143375e+01 6.484717e+00 1.907500e+01
      vertex   -9.726498e+00 1.030000e+01 1.907500e+01
      vertex   -1.185521e+01 6.522379e+00 1.907500e+01
    endloop
  endfacet
  facet normal 0.000000e+00 -0.000000e+00 1.000000e+00
    outer loop
      vertex   -1.185521e+01 6.522379e+00 1.907500e+01
      vertex   -9.726498e+00 1.030000e+01 1.907500e+01
      vertex   -1.327350e+01 1.030000e+01 1.907500e+01
    endloop
  endfacet
  facet normal 0.000000e+00 0.000000e+00 1.000000e+00
    outer loop
      vertex   -1.185521e+01 6.522379e+00 1.907500e+01
      vertex   -1.327350e+01 1.030000e+01 1.907500e+01
      vertex   -1.227829e+01 6.515308e+00 1.907500e+01
    endloop
  endfacet
  facet normal 0.000000e+00 0.000000e+00 1.000000e+00
    outer loop
      vertex   -1.227829e+01 6.515308e+00 1.907500e+01
      vertex   -1.327350e+01 1.030000e+01 1.907500e+01
      vertex   -1.377493e+01 1.027901e+01 1.907500e+01
    endloop
  endfacet
  facet normal 0.000000e+00 0.000000e+00 1.000000e+00
    outer loop
      vertex   -1.227829e+01 6.515308e+00 1.907500e+01
      vertex   -1.377493e+01 1.027901e+01 1.907500e+01
      vertex   -1.427285e+01 1.021619e+01 1.907500e+01
    endloop
  endfacet
  facet normal 0.000000e+00 0.000000e+00 1.000000e+00
    outer loop
      vertex   -1.427285e+01 1.021619e+01 1.907500e+01
      vertex   -1.476379e+01 1.011198e+01 1.907500e+01
      vertex   -1.227829e+01 6.515308e+00 1.907500e+01
    endloop
  endfacet
  facet normal 0.000000e+00 0.000000e+00 1.000000e+00
    outer loop
      vertex   -1.227829e+01 6.515308e+00 1.907500e+01
      vertex   -1.476379e+01 1.011198e+01 1.907500e+01
      vertex   -1.524429e+01 9.967098e+00 1.907500e+01
    endloop
  endfacet
  facet normal 0.000000e+00 0.000000e+00 1.000000e+00
    outer loop
      vertex   -1.227829e+01 6.515308e+00 1.907500e+01
      vertex   -1.524429e+01 9.967098e+00 1.907500e+01
      vertex   -1.571100e+01 9.782571e+00 1.907500e+01
    endloop
  endfacet
  facet normal 0.000000e+00 0.000000e+00 1.000000e+00
    outer loop
      vertex   -1.571100e+01 9.782571e+00 1.907500e+01
      vertex   -1.616067e+01 9.559685e+00 1.907500e+01
      vertex   -1.227829e+01 6.515308e+00 1.907500e+01
    endloop
  endfacet
  facet normal 0.000000e+00 0.000000e+00 1.000000e+00
    outer loop
      vertex   -1.227829e+01 6.515308e+00 1.907500e+01
      vertex   -1.616067e+01 9.559685e+00 1.907500e+01
      vertex   -1.269825e+01 6.463584e+00 1.907500e+01
    endloop
  endfacet
  facet normal 0.000000e+00 0.000000e+00 1.000000e+00
    outer loop
      vertex   -1.269825e+01 6.463584e+00 1.907500e+01
      vertex   -1.616067e+01 9.559685e+00 1.907500e+01
      vertex   -1.659013e+01 9.300000e+00 1.907500e+01
    endloop
  endfacet
  facet normal 0.000000e+00 0.000000e+00 1.000000e+00
    outer loop
      vertex   -1.269825e+01 6.463584e+00 1.907500e+01
      vertex   -1.659013e+01 9.300000e+00 1.907500e+01
      vertex   -1.701959e+01 9.040315e+00 1.907500e+01
    endloop
  endfacet
  facet normal 0.000000e+00 0.000000e+00 1.000000e+00
    outer loop
      vertex   -1.269825e+01 6.463584e+00 1.907500e+01
      vertex   -1.701959e+01 9.040315e+00 1.907500e+01
      vertex   -1.311040e+01 6.367786e+00 1.907500e+01
    endloop
  endfacet
  facet normal 0.000000e+00 0.000000e+00 1.000000e+00
    outer loop
      vertex   -1.311040e+01 6.367786e+00 1.907500e+01
      vertex   -1.701959e+01 9.040315e+00 1.907500e+01
      vertex   -1.746925e+01 8.817429e+00 1.907500e+01
    endloop
  endfacet
  facet normal 0.000000e+00 0.000000e+00 1.000000e+00
    outer loop
      vertex   -1.311040e+01 6.367786e+00 1.907500e+01
      vertex   -1.746925e+01 8.817429e+00 1.907500e+01
      vertex   -1.351013e+01 6.228986e+00 1.907500e+01
    endloop
  endfacet
  facet normal 0.000000e+00 0.000000e+00 1.000000e+00
    outer loop
      vertex   -1.351013e+01 6.228986e+00 1.907500e+01
      vertex   -1.746925e+01 8.817429e+00 1.907500e+01
      vertex   -1.793596e+01 8.632902e+00 1.907500e+01
    endloop
  endfacet
  facet normal 0.000000e+00 0.000000e+00 1.000000e+00
    outer loop
      vertex   -1.351013e+01 6.228986e+00 1.907500e+01
      vertex   -1.793596e+01 8.632902e+00 1.907500e+01
      vertex   -1.389296e+01 6.048737e+00 1.907500e+01
    endloop
  endfacet
  facet normal 0.000000e+00 0.000000e+00 1.000000e+00
    outer loop
      vertex   -1.389296e+01 6.048737e+00 1.907500e+01
      vertex   -1.793596e+01 8.632902e+00 1.907500e+01
      vertex   -1.841647e+01 8.488025e+00 1.907500e+01
    endloop
  endfacet
  facet normal 0.000000e+00 0.000000e+00 1.000000e+00
    outer loop
      vertex   -1.389296e+01 6.048737e+00 1.907500e+01
      vertex   -1.841647e+01 8.488025e+00 1.907500e+01
      vertex   -1.425460e+01 5.829056e+00 1.907500e+01
    endloop
  endfacet
  facet normal 0.000000e+00 0.000000e+00 1.000000e+00
    outer loop
      vertex   -1.425460e+01 5.829056e+00 1.907500e+01
      vertex   -1.841647e+01 8.488025e+00 1.907500e+01
      vertex   -1.890740e+01 8.383811e+00 1.907500e+01
    endloop
  endfacet
  facet normal 0.000000e+00 0.000000e+00 1.000000e+00
    outer loop
      vertex   -2.350000e+01 3.025000e+00 1.907500e+01
      vertex   -1.596863e+01 3.025000e+00 1.907500e+01
      vertex   -2.083431e+01 4.525000e+00 1.907500e+01
    endloop
  endfacet
  facet normal 0.000000e+00 0.000000e+00 1.000000e+00
    outer loop
      vertex   -2.083431e+01 4.525000e+00 1.907500e+01
      vertex   -1.596863e+01 3.025000e+00 1.907500e+01
      vertex   -1.589360e+01 3.441434e+00 1.907500e+01
    endloop
  endfacet
  facet normal 0.000000e+00 0.000000e+00 1.000000e+00
    outer loop
      vertex   -2.083431e+01 4.525000e+00 1.907500e+01
      vertex   -1.589360e+01 3.441434e+00 1.907500e+01
      vertex   -1.577501e+01 3.847612e+00 1.907500e+01
    endloop
  endfacet
  facet normal 0.000000e+00 -0.000000e+00 1.000000e+00
    outer loop
      vertex   -1.577501e+01 3.847612e+00 1.907500e+01
      vertex   -1.561417e+01 4.238991e+00 1.907500e+01
      vertex   -2.083431e+01 4.525000e+00 1.907500e+01
    endloop
  endfacet
  facet normal -0.000000e+00 0.000000e+00 1.000000e+00
    outer loop
      vertex   -2.083431e+01 4.525000e+00 1.907500e+01
      vertex   -1.561417e+01 4.238991e+00 1.907500e+01
      vertex   -1.541289e+01 4.611189e+00 1.907500e+01
    endloop
  endfacet
  facet normal 0.000000e+00 -0.000000e+00 1.000000e+00
    outer loop
      vertex   -1.489843e+01 5.281645e+00 1.907500e+01
      vertex   -1.459101e+01 5.572401e+00 1.907500e+01
      vertex   -2.083431e+01 5.825000e+00 1.907500e+01
    endloop
  endfacet
  facet normal -0.000000e+00 0.000000e+00 1.000000e+00
    outer loop
      vertex   -1.101863e+01 6.402746e+00 1.907500e+01
      vertex   -1.061449e+01 6.277381e+00 1.907500e+01
      vertex   -9.705209e+00 1.029996e+01 1.907500e+01
    endloop
  endfacet
  facet normal 0.000000e+00 0.000000e+00 1.000000e+00
    outer loop
      vertex   -9.705209e+00 1.029996e+01 1.907500e+01
      vertex   -1.061449e+01 6.277381e+00 1.907500e+01
      vertex   -1.022585e+01 6.110025e+00 1.907500e+01
    endloop
  endfacet
  facet normal 0.000000e+00 0.000000e+00 1.000000e+00
    outer loop
      vertex   -8.005599e+00 2.736569e+00 1.907500e+01
      vertex   -8.005599e+00 2.313431e+00 1.907500e+01
      vertex   -6.934806e+00 2.167658e+00 1.907500e+01
    endloop
  endfacet
  facet normal 0.000000e+00 0.000000e+00 1.000000e+00
    outer loop
      vertex   -6.934806e+00 2.167658e+00 1.907500e+01
      vertex   -8.005599e+00 2.313431e+00 1.907500e+01
      vertex   -8.050298e+00 1.892661e+00 1.907500e+01
    endloop
  endfacet
  facet normal 0.000000e+00 0.000000e+00 1.000000e+00
    outer loop
      vertex   -8.658730e+00 3.259289e-01 1.907500e+01
      vertex   -8.909727e+00 -1.472660e-02 1.907500e+01
      vertex   -5.899346e+00 6.817589e-02 1.907500e+01
    endloop
  endfacet
  facet normal 0.000000e+00 0.000000e+00 1.000000e+00
    outer loop
      vertex   -5.899346e+00 6.817589e-02 1.907500e+01
      vertex   -8.909727e+00 -1.472660e-02 1.907500e+01
      vertex   -9.195305e+00 -3.269617e-01 1.907500e+01
    endloop
  endfacet
  facet normal 0.000000e+00 0.000000e+00 1.000000e+00
    outer loop
      vertex   -5.899346e+00 6.817589e-02 1.907500e+01
      vertex   -9.195305e+00 -3.269617e-01 1.907500e+01
      vertex   -9.512269e+00 -6.072823e-01 1.907500e+01
    endloop
  endfacet
  facet normal -0.000000e+00 0.000000e+00 1.000000e+00
    outer loop
      vertex   -9.512269e+00 -6.072823e-01 1.907500e+01
      vertex   -9.857071e+00 -8.525516e-01 1.907500e+01
      vertex   -5.899346e+00 6.817589e-02 1.907500e+01
    endloop
  endfacet
  facet normal 0.000000e+00 0.000000e+00 1.000000e+00
    outer loop
      vertex   -1.061449e+01 -1.227381e+00 1.907500e+01
      vertex   -1.101863e+01 -1.352746e+00 1.907500e+01
      vertex   -1.329816e+01 -5.250000e+00 1.907500e+01
    endloop
  endfacet
  facet normal 0.000000e+00 0.000000e+00 1.000000e+00
    outer loop
      vertex   -1.329816e+01 -5.250000e+00 1.907500e+01
      vertex   -1.101863e+01 -1.352746e+00 1.907500e+01
      vertex   -1.143375e+01 -1.434717e+00 1.907500e+01
    endloop
  endfacet
  facet normal 0.000000e+00 0.000000e+00 1.000000e+00
    outer loop
      vertex   -1.329816e+01 -5.250000e+00 1.907500e+01
      vertex   -1.143375e+01 -1.434717e+00 1.907500e+01
      vertex   -1.185521e+01 -1.472379e+00 1.907500e+01
    endloop
  endfacet
  facet normal 0.000000e+00 0.000000e+00 1.000000e+00
    outer loop
      vertex   -1.185521e+01 -1.472379e+00 1.907500e+01
      vertex   -1.227829e+01 -1.465308e+00 1.907500e+01
      vertex   -1.329816e+01 -5.250000e+00 1.907500e+01
    endloop
  endfacet
  facet normal 0.000000e+00 -0.000000e+00 1.000000e+00
    outer loop
      vertex   -1.329816e+01 -5.250000e+00 1.907500e+01
      vertex   -1.227829e+01 -1.465308e+00 1.907500e+01
      vertex   -1.383872e+01 -5.229097e+00 1.907500e+01
    endloop
  endfacet
  facet normal 0.000000e+00 -0.000000e+00 1.000000e+00
    outer loop
      vertex   -1.383872e+01 -5.229097e+00 1.907500e+01
      vertex   -1.227829e+01 -1.465308e+00 1.907500e+01
      vertex   -1.437605e+01 -5.166513e+00 1.907500e+01
    endloop
  endfacet
  facet normal 0.000000e+00 -0.000000e+00 1.000000e+00
    outer loop
      vertex   -1.437605e+01 -5.166513e+00 1.907500e+01
      vertex   -1.227829e+01 -1.465308e+00 1.907500e+01
      vertex   -1.490694e+01 -5.062621e+00 1.907500e+01
    endloop
  endfacet
  facet normal 0.000000e+00 -0.000000e+00 1.000000e+00
    outer loop
      vertex   -1.490694e+01 -5.062621e+00 1.907500e+01
      vertex   -1.227829e+01 -1.465308e+00 1.907500e+01
      vertex   -1.542823e+01 -4.918042e+00 1.907500e+01
    endloop
  endfacet
  facet normal 0.000000e+00 -0.000000e+00 1.000000e+00
    outer loop
      vertex   -1.542823e+01 -4.918042e+00 1.907500e+01
      vertex   -1.227829e+01 -1.465308e+00 1.907500e+01
      vertex   -1.593680e+01 -4.733639e+00 1.907500e+01
    endloop
  endfacet
  facet normal 0.000000e+00 0.000000e+00 1.000000e+00
    outer loop
      vertex   -1.593680e+01 -4.733639e+00 1.907500e+01
      vertex   -1.227829e+01 -1.465308e+00 1.907500e+01
      vertex   -1.269825e+01 -1.413584e+00 1.907500e+01
    endloop
  endfacet
  facet normal 0.000000e+00 -0.000000e+00 1.000000e+00
    outer loop
      vertex   -1.593680e+01 -4.733639e+00 1.907500e+01
      vertex   -1.269825e+01 -1.413584e+00 1.907500e+01
      vertex   -1.642960e+01 -4.510515e+00 1.907500e+01
    endloop
  endfacet
  facet normal 0.000000e+00 -0.000000e+00 1.000000e+00
    outer loop
      vertex   -1.642960e+01 -4.510515e+00 1.907500e+01
      vertex   -1.269825e+01 -1.413584e+00 1.907500e+01
      vertex   -1.690371e+01 -4.250000e+00 1.907500e+01
    endloop
  endfacet
  facet normal 0.000000e+00 0.000000e+00 1.000000e+00
    outer loop
      vertex   -1.690371e+01 -4.250000e+00 1.907500e+01
      vertex   -1.269825e+01 -1.413584e+00 1.907500e+01
      vertex   -1.311040e+01 -1.317786e+00 1.907500e+01
    endloop
  endfacet
  facet normal 0.000000e+00 -0.000000e+00 1.000000e+00
    outer loop
      vertex   -1.690371e+01 -4.250000e+00 1.907500e+01
      vertex   -1.311040e+01 -1.317786e+00 1.907500e+01
      vertex   -1.737781e+01 -3.989486e+00 1.907500e+01
    endloop
  endfacet
  facet normal 0.000000e+00 0.000000e+00 1.000000e+00
    outer loop
      vertex   -1.737781e+01 -3.989486e+00 1.907500e+01
      vertex   -1.311040e+01 -1.317786e+00 1.907500e+01
      vertex   -1.351013e+01 -1.178986e+00 1.907500e+01
    endloop
  endfacet
  facet normal 0.000000e+00 -0.000000e+00 1.000000e+00
    outer loop
      vertex   -1.737781e+01 -3.989486e+00 1.907500e+01
      vertex   -1.351013e+01 -1.178986e+00 1.907500e+01
      vertex   -1.787062e+01 -3.766361e+00 1.907500e+01
    endloop
  endfacet
  facet normal 0.000000e+00 0.000000e+00 1.000000e+00
    outer loop
      vertex   -1.787062e+01 -3.766361e+00 1.907500e+01
      vertex   -1.351013e+01 -1.178986e+00 1.907500e+01
      vertex   -1.389296e+01 -9.987365e-01 1.907500e+01
    endloop
  endfacet
  facet normal 0.000000e+00 -0.000000e+00 1.000000e+00
    outer loop
      vertex   -1.787062e+01 -3.766361e+00 1.907500e+01
      vertex   -1.389296e+01 -9.987365e-01 1.907500e+01
      vertex   -1.837918e+01 -3.581958e+00 1.907500e+01
    endloop
  endfacet
  facet normal 0.000000e+00 0.000000e+00 1.000000e+00
    outer loop
      vertex   -1.837918e+01 -3.581958e+00 1.907500e+01
      vertex   -1.389296e+01 -9.987365e-01 1.907500e+01
      vertex   -1.425460e+01 -7.790556e-01 1.907500e+01
    endloop
  endfacet
  facet normal 0.000000e+00 -0.000000e+00 1.000000e+00
    outer loop
      vertex   -1.837918e+01 -3.581958e+00 1.907500e+01
      vertex   -1.425460e+01 -7.790556e-01 1.907500e+01
      vertex   -1.890047e+01 -3.437380e+00 1.907500e+01
    endloop
  endfacet
  facet normal 0.000000e+00 0.000000e+00 1.000000e+00
    outer loop
      vertex   -1.890047e+01 -3.437380e+00 1.907500e+01
      vertex   -1.425460e+01 -7.790556e-01 1.907500e+01
      vertex   -1.459101e+01 -5.224011e-01 1.907500e+01
    endloop
  endfacet
  facet normal 0.000000e+00 -0.000000e+00 1.000000e+00
    outer loop
      vertex   -1.890047e+01 -3.437380e+00 1.907500e+01
      vertex   -1.459101e+01 -5.224011e-01 1.907500e+01
      vertex   -1.943136e+01 -3.333488e+00 1.907500e+01
    endloop
  endfacet
  facet normal 0.000000e+00 -0.000000e+00 1.000000e+00
    outer loop
      vertex   -1.943136e+01 -3.333488e+00 1.907500e+01
      vertex   -1.459101e+01 -5.224011e-01 1.907500e+01
      vertex   -2.251772e+01 -1.434319e+00 1.907500e+01
    endloop
  endfacet
  facet normal 0.000000e+00 0.000000e+00 1.000000e+00
    outer loop
      vertex   -1.943136e+01 -3.333488e+00 1.907500e+01
      vertex   -2.251772e+01 -1.434319e+00 1.907500e+01
      vertex   -2.250000e+01 -1.664214e+00 1.907500e+01
    endloop
  endfacet
  facet normal 0.000000e+00 0.000000e+00 1.000000e+00
    outer loop
      vertex   -1.459101e+01 -5.224011e-01 1.907500e+01
      vertex   -1.489843e+01 -2.316452e-01 1.907500e+01
      vertex   -2.251772e+01 -1.434319e+00 1.907500e+01
    endloop
  endfacet
  facet normal 0.000000e+00 -0.000000e+00 1.000000e+00
    outer loop
      vertex   -2.251772e+01 -1.434319e+00 1.907500e+01
      vertex   -1.489843e+01 -2.316452e-01 1.907500e+01
      vertex   -2.257047e+01 -1.209856e+00 1.907500e+01
    endloop
  endfacet
  facet normal 0.000000e+00 0.000000e+00 1.000000e+00
    outer loop
      vertex   -2.257047e+01 -1.209856e+00 1.907500e+01
      vertex   -1.489843e+01 -2.316452e-01 1.907500e+01
      vertex   -1.517342e+01 8.995864e-02 1.907500e+01
    endloop
  endfacet
  facet normal 0.000000e+00 -0.000000e+00 1.000000e+00
    outer loop
      vertex   -2.257047e+01 -1.209856e+00 1.907500e+01
      vertex   -1.517342e+01 8.995864e-02 1.907500e+01
      vertex   -2.265699e+01 -9.961288e-01 1.907500e+01
    endloop
  endfacet
  facet normal 0.000000e+00 -0.000000e+00 1.000000e+00
    outer loop
      vertex   -2.265699e+01 -9.961288e-01 1.907500e+01
      vertex   -1.517342e+01 8.995864e-02 1.907500e+01
      vertex   -2.277526e+01 -7.981884e-01 1.907500e+01
    endloop
  endfacet
  facet normal 0.000000e+00 0.000000e+00 1.000000e+00
    outer loop
      vertex   -2.277526e+01 -7.981884e-01 1.907500e+01
      vertex   -1.517342e+01 8.995864e-02 1.907500e+01
      vertex   -1.541289e+01 4.388114e-01 1.907500e+01
    endloop
  endfacet
  facet normal 0.000000e+00 -0.000000e+00 1.000000e+00
    outer loop
      vertex   -2.277526e+01 -7.981884e-01 1.907500e+01
      vertex   -1.541289e+01 4.388114e-01 1.907500e+01
      vertex   -2.292246e+01 -6.207115e-01 1.907500e+01
    endloop
  endfacet
  facet normal 0.000000e+00 0.000000e+00 1.000000e+00
    outer loop
      vertex   -2.292246e+01 -6.207115e-01 1.907500e+01
      vertex   -1.541289e+01 4.388114e-01 1.907500e+01
      vertex   -1.561417e+01 8.110094e-01 1.907500e+01
    endloop
  endfacet
  facet normal 0.000000e+00 -0.000000e+00 1.000000e+00
    outer loop
      vertex   -2.292246e+01 -6.207115e-01 1.907500e+01
      vertex   -1.561417e+01 8.110094e-01 1.907500e+01
      vertex   -2.309512e+01 -4.678918e-01 1.907500e+01
    endloop
  endfacet
  facet normal 0.000000e+00 0.000000e+00 1.000000e+00
    outer loop
      vertex   -2.309512e+01 -4.678918e-01 1.907500e+01
      vertex   -1.561417e+01 8.110094e-01 1.907500e+01
      vertex   -1.577501e+01 1.202388e+00 1.907500e+01
    endloop
  endfacet
  facet normal 0.000000e+00 -0.000000e+00 1.000000e+00
    outer loop
      vertex   -2.309512e+01 -4.678918e-01 1.907500e+01
      vertex   -1.577501e+01 1.202388e+00 1.907500e+01
      vertex   -2.328916e+01 -3.433404e-01 1.907500e+01
    endloop
  endfacet
  facet normal 0.000000e+00 -0.000000e+00 1.000000e+00
    outer loop
      vertex   -2.328916e+01 -3.433404e-01 1.907500e+01
      vertex   -1.577501e+01 1.202388e+00 1.907500e+01
      vertex   -2.350000e+01 2.025000e+00 1.907500e+01
    endloop
  endfacet
  facet normal 0.000000e+00 0.000000e+00 1.000000e+00
    outer loop
      vertex   -2.328916e+01 -3.433404e-01 1.907500e+01
      vertex   -2.350000e+01 2.025000e+00 1.907500e+01
      vertex   -2.350000e+01 -2.500002e-01 1.907500e+01
    endloop
  endfacet
  facet normal 0.000000e+00 0.000000e+00 1.000000e+00
    outer loop
      vertex   -1.577501e+01 1.202388e+00 1.907500e+01
      vertex   -1.589360e+01 1.608566e+00 1.907500e+01
      vertex   -2.350000e+01 2.025000e+00 1.907500e+01
    endloop
  endfacet
  facet normal -0.000000e+00 0.000000e+00 1.000000e+00
    outer loop
      vertex   -2.350000e+01 2.025000e+00 1.907500e+01
      vertex   -1.589360e+01 1.608566e+00 1.907500e+01
      vertex   -1.596863e+01 2.025000e+00 1.907500e+01
    endloop
  endfacet
  facet normal 0.000000e+00 0.000000e+00 1.000000e+00
    outer loop
      vertex   -2.250000e+01 -3.250000e+00 1.907500e+01
      vertex   -2.050926e+01 -3.250000e+00 1.907500e+01
      vertex   -2.250000e+01 -1.664214e+00 1.907500e+01
    endloop
  endfacet
  facet normal 0.000000e+00 0.000000e+00 1.000000e+00
    outer loop
      vertex   -2.250000e+01 -1.664214e+00 1.907500e+01
      vertex   -2.050926e+01 -3.250000e+00 1.907500e+01
      vertex   -1.996870e+01 -3.270903e+00 1.907500e+01
    endloop
  endfacet
  facet normal 0.000000e+00 0.000000e+00 1.000000e+00
    outer loop
      vertex   -2.250000e+01 -1.664214e+00 1.907500e+01
      vertex   -1.996870e+01 -3.270903e+00 1.907500e+01
      vertex   -1.943136e+01 -3.333488e+00 1.907500e+01
    endloop
  endfacet
  facet normal 9.854412e-01 1.700069e-01 1.801643e-03
    outer loop
      vertex   7.997356e+00 4.253711e+00 1.637500e+01
      vertex   7.976448e+00 4.395041e+00 1.447500e+01
      vertex   7.916050e+00 4.725000e+00 1.637500e+01
    endloop
  endfacet
  facet normal 9.807817e-01 1.950896e-01 -2.702400e-03
    outer loop
      vertex   7.916050e+00 4.725000e+00 1.637500e+01
      vertex   7.976448e+00 4.395041e+00 1.447500e+01
      vertex   7.869219e+00 4.934118e+00 1.447500e+01
    endloop
  endfacet
  facet normal 9.758293e-01 2.185340e-01 0.000000e+00
    outer loop
      vertex   7.916050e+00 4.725000e+00 1.637500e+01
      vertex   7.869219e+00 4.934118e+00 1.447500e+01
      vertex   7.869219e+00 4.934118e+00 1.907500e+01
    endloop
  endfacet
  facet normal 9.624552e-01 2.714404e-01 0.000000e+00
    outer loop
      vertex   7.869219e+00 4.934118e+00 1.907500e+01
      vertex   7.869219e+00 4.934118e+00 1.447500e+01
      vertex   7.720025e+00 5.463119e+00 1.907500e+01
    endloop
  endfacet
  facet normal 9.624552e-01 2.714404e-01 0.000000e+00
    outer loop
      vertex   7.720025e+00 5.463119e+00 1.907500e+01
      vertex   7.869219e+00 4.934118e+00 1.447500e+01
      vertex   7.720025e+00 5.463119e+00 1.447500e+01
    endloop
  endfacet
  facet normal 9.381913e-01 3.461171e-01 0.000000e+00
    outer loop
      vertex   7.720025e+00 5.463119e+00 1.907500e+01
      vertex   7.720025e+00 5.463119e+00 1.447500e+01
      vertex   7.529786e+00 5.978784e+00 1.907500e+01
    endloop
  endfacet
  facet normal 9.381913e-01 3.461171e-01 0.000000e+00
    outer loop
      vertex   7.529786e+00 5.978784e+00 1.907500e+01
      vertex   7.720025e+00 5.463119e+00 1.447500e+01
      vertex   7.529786e+00 5.978784e+00 1.447500e+01
    endloop
  endfacet
  facet normal 9.081432e-01 4.186597e-01 0.000000e+00
    outer loop
      vertex   7.529786e+00 5.978784e+00 1.907500e+01
      vertex   7.529786e+00 5.978784e+00 1.447500e+01
      vertex   7.299675e+00 6.477933e+00 1.907500e+01
    endloop
  endfacet
  facet normal 9.081432e-01 4.186597e-01 0.000000e+00
    outer loop
      vertex   7.299675e+00 6.477933e+00 1.907500e+01
      vertex   7.529786e+00 5.978784e+00 1.447500e+01
      vertex   7.299675e+00 6.477933e+00 1.447500e+01
    endloop
  endfacet
  facet normal 8.724960e-01 4.886212e-01 0.000000e+00
    outer loop
      vertex   7.299675e+00 6.477933e+00 1.907500e+01
      vertex   7.299675e+00 6.477933e+00 1.447500e+01
      vertex   7.031111e+00 6.957490e+00 1.907500e+01
    endloop
  endfacet
  facet normal 8.724960e-01 4.886212e-01 0.000000e+00
    outer loop
      vertex   7.031111e+00 6.957490e+00 1.907500e+01
      vertex   7.299675e+00 6.477933e+00 1.447500e+01
      vertex   7.031111e+00 6.957490e+00 1.447500e+01
    endloop
  endfacet
  facet normal 8.314696e-01 5.555702e-01 0.000000e+00
    outer loop
      vertex   7.031111e+00 6.957490e+00 1.907500e+01
      vertex   7.031111e+00 6.957490e+00 1.447500e+01
      vertex   6.725748e+00 7.414497e+00 1.907500e+01
    endloop
  endfacet
  facet normal 8.314696e-01 5.555702e-01 0.000000e+00
    outer loop
      vertex   6.725748e+00 7.414497e+00 1.907500e+01
      vertex   7.031111e+00 6.957490e+00 1.447500e+01
      vertex   6.725748e+00 7.414497e+00 1.447500e+01
    endloop
  endfacet
  facet normal 7.853169e-01 6.190939e-01 0.000000e+00
    outer loop
      vertex   6.725748e+00 7.414497e+00 1.907500e+01
      vertex   6.725748e+00 7.414497e+00 1.447500e+01
      vertex   6.385471e+00 7.846136e+00 1.907500e+01
    endloop
  endfacet
  facet normal 7.853169e-01 6.190939e-01 0.000000e+00
    outer loop
      vertex   6.385471e+00 7.846136e+00 1.907500e+01
      vertex   6.725748e+00 7.414497e+00 1.447500e+01
      vertex   6.385471e+00 7.846136e+00 1.447500e+01
    endloop
  endfacet
  facet normal 7.343225e-01 6.788007e-01 0.000000e+00
    outer loop
      vertex   6.385471e+00 7.846136e+00 1.907500e+01
      vertex   6.385471e+00 7.846136e+00 1.447500e+01
      vertex   6.012377e+00 8.249747e+00 1.907500e+01
    endloop
  endfacet
  facet normal 7.343225e-01 6.788007e-01 0.000000e+00
    outer loop
      vertex   6.012377e+00 8.249747e+00 1.907500e+01
      vertex   6.385471e+00 7.846136e+00 1.447500e+01
      vertex   6.012377e+00 8.249747e+00 1.447500e+01
    endloop
  endfacet
  facet normal 6.788007e-01 7.343225e-01 0.000000e+00
    outer loop
      vertex   6.012377e+00 8.249747e+00 1.907500e+01
      vertex   6.012377e+00 8.249747e+00 1.447500e+01
      vertex   5.608766e+00 8.622842e+00 1.907500e+01
    endloop
  endfacet
  facet normal 6.788007e-01 7.343225e-01 0.000000e+00
    outer loop
      vertex   5.608766e+00 8.622842e+00 1.907500e+01
      vertex   6.012377e+00 8.249747e+00 1.447500e+01
      vertex   5.608766e+00 8.622842e+00 1.447500e+01
    endloop
  endfacet
  facet normal 6.190939e-01 7.853169e-01 0.000000e+00
    outer loop
      vertex   5.608766e+00 8.622842e+00 1.907500e+01
      vertex   5.608766e+00 8.622842e+00 1.447500e+01
      vertex   5.177126e+00 8.963119e+00 1.907500e+01
    endloop
  endfacet
  facet normal 6.190939e-01 7.853169e-01 0.000000e+00
    outer loop
      vertex   5.177126e+00 8.963119e+00 1.907500e+01
      vertex   5.608766e+00 8.622842e+00 1.447500e+01
      vertex   5.177126e+00 8.963119e+00 1.447500e+01
    endloop
  endfacet
  facet normal 5.555702e-01 8.314696e-01 0.000000e+00
    outer loop
      vertex   5.177126e+00 8.963119e+00 1.907500e+01
      vertex   5.177126e+00 8.963119e+00 1.447500e+01
      vertex   4.720119e+00 9.268481e+00 1.907500e+01
    endloop
  endfacet
  facet normal 5.555702e-01 8.314696e-01 0.000000e+00
    outer loop
      vertex   4.720119e+00 9.268481e+00 1.907500e+01
      vertex   5.177126e+00 8.963119e+00 1.447500e+01
      vertex   4.720119e+00 9.268481e+00 1.447500e+01
    endloop
  endfacet
  facet normal 4.886212e-01 8.724960e-01 0.000000e+00
    outer loop
      vertex   4.720119e+00 9.268481e+00 1.907500e+01
      vertex   4.720119e+00 9.268481e+00 1.447500e+01
      vertex   4.240563e+00 9.537046e+00 1.907500e+01
    endloop
  endfacet
  facet normal 4.886212e-01 8.724960e-01 0.000000e+00
    outer loop
      vertex   4.240563e+00 9.537046e+00 1.907500e+01
      vertex   4.720119e+00 9.268481e+00 1.447500e+01
      vertex   4.240563e+00 9.537046e+00 1.447500e+01
    endloop
  endfacet
  facet normal 4.186597e-01 9.081432e-01 0.000000e+00
    outer loop
      vertex   4.240563e+00 9.537046e+00 1.907500e+01
      vertex   4.240563e+00 9.537046e+00 1.447500e+01
      vertex   3.741413e+00 9.767157e+00 1.907500e+01
    endloop
  endfacet
  facet normal 4.186597e-01 9.081432e-01 0.000000e+00
    outer loop
      vertex   3.741413e+00 9.767157e+00 1.907500e+01
      vertex   4.240563e+00 9.537046e+00 1.447500e+01
      vertex   3.741413e+00 9.767157e+00 1.447500e+01
    endloop
  endfacet
  facet normal 3.461171e-01 9.381913e-01 0.000000e+00
    outer loop
      vertex   3.741413e+00 9.767157e+00 1.907500e+01
      vertex   3.741413e+00 9.767157e+00 1.447500e+01
      vertex   3.225748e+00 9.957396e+00 1.907500e+01
    endloop
  endfacet
  facet normal 3.461171e-01 9.381913e-01 0.000000e+00
    outer loop
      vertex   3.225748e+00 9.957396e+00 1.907500e+01
      vertex   3.741413e+00 9.767157e+00 1.447500e+01
      vertex   3.225748e+00 9.957396e+00 1.447500e+01
    endloop
  endfacet
  facet normal 2.714404e-01 9.624552e-01 0.000000e+00
    outer loop
      vertex   3.225748e+00 9.957396e+00 1.907500e+01
      vertex   3.225748e+00 9.957396e+00 1.447500e+01
      vertex   2.696747e+00 1.010659e+01 1.907500e+01
    endloop
  endfacet
  facet normal 2.714404e-01 9.624552e-01 0.000000e+00
    outer loop
      vertex   2.696747e+00 1.010659e+01 1.907500e+01
      vertex   3.225748e+00 9.957396e+00 1.447500e+01
      vertex   2.696747e+00 1.010659e+01 1.447500e+01
    endloop
  endfacet
  facet normal 1.950903e-01 9.807853e-01 0.000000e+00
    outer loop
      vertex   2.696747e+00 1.010659e+01 1.907500e+01
      vertex   2.696747e+00 1.010659e+01 1.447500e+01
      vertex   2.157671e+00 1.021382e+01 1.907500e+01
    endloop
  endfacet
  facet normal 1.950903e-01 9.807853e-01 0.000000e+00
    outer loop
      vertex   2.157671e+00 1.021382e+01 1.907500e+01
      vertex   2.696747e+00 1.010659e+01 1.447500e+01
      vertex   2.157671e+00 1.021382e+01 1.447500e+01
    endloop
  endfacet
  facet normal 1.175374e-01 9.930685e-01 0.000000e+00
    outer loop
      vertex   2.157671e+00 1.021382e+01 1.907500e+01
      vertex   2.157671e+00 1.021382e+01 1.447500e+01
      vertex   1.611843e+00 1.027842e+01 1.907500e+01
    endloop
  endfacet
  facet normal 1.175374e-01 9.930685e-01 0.000000e+00
    outer loop
      vertex   1.611843e+00 1.027842e+01 1.907500e+01
      vertex   2.157671e+00 1.021382e+01 1.447500e+01
      vertex   1.611843e+00 1.027842e+01 1.447500e+01
    endloop
  endfacet
  facet normal 3.925982e-02 9.992290e-01 0.000000e+00
    outer loop
      vertex   1.611843e+00 1.027842e+01 1.907500e+01
      vertex   1.611843e+00 1.027842e+01 1.447500e+01
      vertex   1.062629e+00 1.030000e+01 1.907500e+01
    endloop
  endfacet
  facet normal 3.925982e-02 9.992290e-01 0.000000e+00
    outer loop
      vertex   1.062629e+00 1.030000e+01 1.907500e+01
      vertex   1.611843e+00 1.027842e+01 1.447500e+01
      vertex   1.062629e+00 1.030000e+01 1.447500e+01
    endloop
  endfacet
  facet normal 9.930661e-01 1.175371e-01 -2.185183e-03
    outer loop
      vertex   7.976448e+00 4.395041e+00 1.447500e+01
      vertex   7.997356e+00 4.253711e+00 1.637500e+01
      vertex   8.041051e+00 3.849214e+00 1.447500e+01
    endloop
  endfacet
  facet normal 9.947507e-01 1.023227e-01 1.092608e-03
    outer loop
      vertex   8.041051e+00 3.849214e+00 1.447500e+01
      vertex   7.997356e+00 4.253711e+00 1.637500e+01
      vertex   8.046292e+00 3.777971e+00 1.637500e+01
    endloop
  endfacet
  facet normal 9.992282e-01 3.925978e-02 -1.284352e-03
    outer loop
      vertex   8.041051e+00 3.849214e+00 1.447500e+01
      vertex   8.046292e+00 3.777971e+00 1.637500e+01
      vertex   8.062629e+00 3.300000e+00 1.447500e+01
    endloop
  endfacet
  facet normal 9.994164e-01 3.416074e-02 -0.000000e+00
    outer loop
      vertex   8.062629e+00 3.300000e+00 1.447500e+01
      vertex   8.046292e+00 3.777971e+00 1.637500e+01
      vertex   8.062629e+00 3.300000e+00 1.637500e+01
    endloop
  endfacet
  facet normal 9.758293e-01 2.185340e-01 -0.000000e+00
    outer loop
      vertex   7.916050e+00 4.725000e+00 1.637500e+01
      vertex   7.869219e+00 4.934118e+00 1.907500e+01
      vertex   7.916050e+00 4.725000e+00 1.777500e+01
    endloop
  endfacet
  facet normal 9.807776e-01 1.950888e-01 3.949645e-03
    outer loop
      vertex   7.916050e+00 4.725000e+00 1.777500e+01
      vertex   7.869219e+00 4.934118e+00 1.907500e+01
      vertex   7.976448e+00 4.395041e+00 1.907500e+01
    endloop
  endfacet
  facet normal 9.854394e-01 1.700066e-01 -2.633166e-03
    outer loop
      vertex   7.916050e+00 4.725000e+00 1.777500e+01
      vertex   7.976448e+00 4.395041e+00 1.907500e+01
      vertex   7.997356e+00 4.253711e+00 1.777500e+01
    endloop
  endfacet
  facet normal 9.930634e-01 1.175368e-01 3.193720e-03
    outer loop
      vertex   7.997356e+00 4.253711e+00 1.777500e+01
      vertex   7.976448e+00 4.395041e+00 1.907500e+01
      vertex   8.041051e+00 3.849214e+00 1.907500e+01
    endloop
  endfacet
  facet normal 9.947500e-01 1.023226e-01 -1.596887e-03
    outer loop
      vertex   7.997356e+00 4.253711e+00 1.777500e+01
      vertex   8.041051e+00 3.849214e+00 1.907500e+01
      vertex   8.046292e+00 3.777971e+00 1.777500e+01
    endloop
  endfacet
  facet normal 9.992273e-01 3.925975e-02 1.877129e-03
    outer loop
      vertex   8.046292e+00 3.777971e+00 1.777500e+01
      vertex   8.041051e+00 3.849214e+00 1.907500e+01
      vertex   8.062629e+00 3.300000e+00 1.907500e+01
    endloop
  endfacet
  facet normal 9.994164e-01 3.416074e-02 1.116070e-17
    outer loop
      vertex   8.046292e+00 3.777971e+00 1.777500e+01
      vertex   8.062629e+00 3.300000e+00 1.907500e+01
      vertex   8.062629e+00 3.300000e+00 1.777500e+01
    endloop
  endfacet
  facet normal 0.000000e+00 1.000000e+00 -0.000000e+00
    outer loop
      vertex   1.062629e+00 1.030000e+01 1.447500e+01
      vertex   -9.705209e+00 1.030000e+01 1.447500e+01
      vertex   1.062629e+00 1.030000e+01 1.907500e+01
    endloop
  endfacet
  facet normal 0.000000e+00 1.000000e+00 0.000000e+00
    outer loop
      vertex   1.062629e+00 1.030000e+01 1.907500e+01
      vertex   -9.705209e+00 1.030000e+01 1.447500e+01
      vertex   -9.705209e+00 1.030000e+01 1.907500e+01
    endloop
  endfacet
  facet normal 9.932384e-01 1.160929e-01 0.000000e+00
    outer loop
      vertex   1.715641e-01 8.115507e+00 1.777500e+01
      vertex   1.715641e-01 8.115507e+00 1.447500e+01
      vertex   1.500000e-01 8.300000e+00 1.777500e+01
    endloop
  endfacet
  facet normal 9.932384e-01 1.160929e-01 0.000000e+00
    outer loop
      vertex   1.500000e-01 8.300000e+00 1.777500e+01
      vertex   1.715641e-01 8.115507e+00 1.447500e+01
      vertex   1.500000e-01 8.300000e+00 1.447500e+01
    endloop
  endfacet
  facet normal 9.932384e-01 -1.160929e-01 0.000000e+00
    outer loop
      vertex   1.500000e-01 8.300000e+00 1.777500e+01
      vertex   1.500000e-01 8.300000e+00 1.447500e+01
      vertex   1.715641e-01 8.484493e+00 1.777500e+01
    endloop
  endfacet
  facet normal 9.932384e-01 -1.160929e-01 0.000000e+00
    outer loop
      vertex   1.715641e-01 8.484493e+00 1.777500e+01
      vertex   1.500000e-01 8.300000e+00 1.447500e+01
      vertex   1.715641e-01 8.484493e+00 1.447500e+01
    endloop
  endfacet
  facet normal 9.396926e-01 -3.420201e-01 0.000000e+00
    outer loop
      vertex   1.715641e-01 8.484493e+00 1.777500e+01
      vertex   1.715641e-01 8.484493e+00 1.447500e+01
      vertex   2.350939e-01 8.659039e+00 1.777500e+01
    endloop
  endfacet
  facet normal 9.396926e-01 -3.420201e-01 0.000000e+00
    outer loop
      vertex   2.350939e-01 8.659039e+00 1.777500e+01
      vertex   1.715641e-01 8.484493e+00 1.447500e+01
      vertex   2.350939e-01 8.659039e+00 1.447500e+01
    endloop
  endfacet
  facet normal 8.354878e-01 -5.495090e-01 0.000000e+00
    outer loop
      vertex   2.350939e-01 8.659039e+00 1.777500e+01
      vertex   2.350939e-01 8.659039e+00 1.447500e+01
      vertex   3.371644e-01 8.814230e+00 1.777500e+01
    endloop
  endfacet
  facet normal 8.354878e-01 -5.495090e-01 0.000000e+00
    outer loop
      vertex   3.371644e-01 8.814230e+00 1.777500e+01
      vertex   2.350939e-01 8.659039e+00 1.447500e+01
      vertex   3.371644e-01 8.814230e+00 1.447500e+01
    endloop
  endfacet
  facet normal 6.862416e-01 -7.273736e-01 0.000000e+00
    outer loop
      vertex   3.371644e-01 8.814230e+00 1.777500e+01
      vertex   3.371644e-01 8.814230e+00 1.447500e+01
      vertex   4.722731e-01 8.941699e+00 1.777500e+01
    endloop
  endfacet
  facet normal 6.862416e-01 -7.273736e-01 0.000000e+00
    outer loop
      vertex   4.722731e-01 8.941699e+00 1.777500e+01
      vertex   3.371644e-01 8.814230e+00 1.447500e+01
      vertex   4.722731e-01 8.941699e+00 1.447500e+01
    endloop
  endfacet
  facet normal 5.000000e-01 -8.660254e-01 0.000000e+00
    outer loop
      vertex   4.722731e-01 8.941699e+00 1.777500e+01
      vertex   4.722731e-01 8.941699e+00 1.447500e+01
      vertex   6.331362e-01 9.034573e+00 1.777500e+01
    endloop
  endfacet
  facet normal 5.000000e-01 -8.660254e-01 0.000000e+00
    outer loop
      vertex   6.331362e-01 9.034573e+00 1.777500e+01
      vertex   4.722731e-01 8.941699e+00 1.447500e+01
      vertex   6.331362e-01 9.034573e+00 1.447500e+01
    endloop
  endfacet
  facet normal 2.868032e-01 -9.579895e-01 0.000000e+00
    outer loop
      vertex   6.331362e-01 9.034573e+00 1.777500e+01
      vertex   6.331362e-01 9.034573e+00 1.447500e+01
      vertex   8.110815e-01 9.087846e+00 1.777500e+01
    endloop
  endfacet
  facet normal 2.868032e-01 -9.579895e-01 0.000000e+00
    outer loop
      vertex   8.110815e-01 9.087846e+00 1.777500e+01
      vertex   6.331362e-01 9.034573e+00 1.447500e+01
      vertex   8.110815e-01 9.087846e+00 1.447500e+01
    endloop
  endfacet
  facet normal 5.814483e-02 -9.983082e-01 0.000000e+00
    outer loop
      vertex   8.110815e-01 9.087846e+00 1.777500e+01
      vertex   8.110815e-01 9.087846e+00 1.447500e+01
      vertex   9.965159e-01 9.098647e+00 1.777500e+01
    endloop
  endfacet
  facet normal 5.814483e-02 -9.983082e-01 0.000000e+00
    outer loop
      vertex   9.965159e-01 9.098647e+00 1.777500e+01
      vertex   8.110815e-01 9.087846e+00 1.447500e+01
      vertex   9.965159e-01 9.098647e+00 1.447500e+01
    endloop
  endfacet
  facet normal -1.736482e-01 -9.848078e-01 -0.000000e+00
    outer loop
      vertex   9.965159e-01 9.098647e+00 1.777500e+01
      vertex   9.965159e-01 9.098647e+00 1.447500e+01
      vertex   1.179443e+00 9.066392e+00 1.777500e+01
    endloop
  endfacet
  facet normal -1.736482e-01 -9.848078e-01 -0.000000e+00
    outer loop
      vertex   1.179443e+00 9.066392e+00 1.777500e+01
      vertex   9.965159e-01 9.098647e+00 1.447500e+01
      vertex   1.179443e+00 9.066392e+00 1.447500e+01
    endloop
  endfacet
  facet normal -3.960798e-01 -9.182161e-01 -0.000000e+00
    outer loop
      vertex   1.179443e+00 9.066392e+00 1.777500e+01
      vertex   1.179443e+00 9.066392e+00 1.447500e+01
      vertex   1.350000e+00 8.992820e+00 1.777500e+01
    endloop
  endfacet
  facet normal -3.960798e-01 -9.182161e-01 -0.000000e+00
    outer loop
      vertex   1.350000e+00 8.992820e+00 1.777500e+01
      vertex   1.179443e+00 9.066392e+00 1.447500e+01
      vertex   1.350000e+00 8.992820e+00 1.447500e+01
    endloop
  endfacet
  facet normal -5.971586e-01 -8.021232e-01 -0.000000e+00
    outer loop
      vertex   1.350000e+00 8.992820e+00 1.777500e+01
      vertex   1.350000e+00 8.992820e+00 1.447500e+01
      vertex   1.498993e+00 8.881899e+00 1.777500e+01
    endloop
  endfacet
  facet normal -5.971586e-01 -8.021232e-01 -0.000000e+00
    outer loop
      vertex   1.498993e+00 8.881899e+00 1.777500e+01
      vertex   1.350000e+00 8.992820e+00 1.447500e+01
      vertex   1.498993e+00 8.881899e+00 1.447500e+01
    endloop
  endfacet
  facet normal -7.660444e-01 -6.427876e-01 -0.000000e+00
    outer loop
      vertex   1.498993e+00 8.881899e+00 1.777500e+01
      vertex   1.498993e+00 8.881899e+00 1.447500e+01
      vertex   1.618390e+00 8.739607e+00 1.777500e+01
    endloop
  endfacet
  facet normal -7.660444e-01 -6.427876e-01 -0.000000e+00
    outer loop
      vertex   1.618390e+00 8.739607e+00 1.777500e+01
      vertex   1.498993e+00 8.881899e+00 1.447500e+01
      vertex   1.618390e+00 8.739607e+00 1.447500e+01
    endloop
  endfacet
  facet normal -8.936326e-01 -4.487992e-01 -0.000000e+00
    outer loop
      vertex   1.618390e+00 8.739607e+00 1.777500e+01
      vertex   1.618390e+00 8.739607e+00 1.447500e+01
      vertex   1.701754e+00 8.573616e+00 1.777500e+01
    endloop
  endfacet
  facet normal -8.936326e-01 -4.487992e-01 -0.000000e+00
    outer loop
      vertex   1.701754e+00 8.573616e+00 1.777500e+01
      vertex   1.618390e+00 8.739607e+00 1.447500e+01
      vertex   1.701754e+00 8.573616e+00 1.447500e+01
    endloop
  endfacet
  facet normal -9.730449e-01 -2.306159e-01 -0.000000e+00
    outer loop
      vertex   1.701754e+00 8.573616e+00 1.777500e+01
      vertex   1.701754e+00 8.573616e+00 1.447500e+01
      vertex   1.744591e+00 8.392874e+00 1.777500e+01
    endloop
  endfacet
  facet normal -9.730449e-01 -2.306159e-01 -0.000000e+00
    outer loop
      vertex   1.744591e+00 8.392874e+00 1.777500e+01
      vertex   1.701754e+00 8.573616e+00 1.447500e+01
      vertex   1.744591e+00 8.392874e+00 1.447500e+01
    endloop
  endfacet
  facet normal -1.000000e+00 -0.000000e+00 -0.000000e+00
    outer loop
      vertex   1.744591e+00 8.392874e+00 1.777500e+01
      vertex   1.744591e+00 8.392874e+00 1.447500e+01
      vertex   1.744591e+00 8.207126e+00 1.777500e+01
    endloop
  endfacet
  facet normal -1.000000e+00 0.000000e+00 0.000000e+00
    outer loop
      vertex   1.744591e+00 8.207126e+00 1.777500e+01
      vertex   1.744591e+00 8.392874e+00 1.447500e+01
      vertex   1.744591e+00 8.207126e+00 1.447500e+01
    endloop
  endfacet
  facet normal -9.730449e-01 2.306159e-01 0.000000e+00
    outer loop
      vertex   1.744591e+00 8.207126e+00 1.777500e+01
      vertex   1.744591e+00 8.207126e+00 1.447500e+01
      vertex   1.701754e+00 8.026384e+00 1.777500e+01
    endloop
  endfacet
  facet normal -9.730449e-01 2.306159e-01 0.000000e+00
    outer loop
      vertex   1.701754e+00 8.026384e+00 1.777500e+01
      vertex   1.744591e+00 8.207126e+00 1.447500e+01
      vertex   1.701754e+00 8.026384e+00 1.447500e+01
    endloop
  endfacet
  facet normal -8.936326e-01 4.487992e-01 0.000000e+00
    outer loop
      vertex   1.701754e+00 8.026384e+00 1.777500e+01
      vertex   1.701754e+00 8.026384e+00 1.447500e+01
      vertex   1.618390e+00 7.860393e+00 1.777500e+01
    endloop
  endfacet
  facet normal -8.936326e-01 4.487992e-01 0.000000e+00
    outer loop
      vertex   1.618390e+00 7.860393e+00 1.777500e+01
      vertex   1.701754e+00 8.026384e+00 1.447500e+01
      vertex   1.618390e+00 7.860393e+00 1.447500e+01
    endloop
  endfacet
  facet normal -7.660444e-01 6.427876e-01 0.000000e+00
    outer loop
      vertex   1.618390e+00 7.860393e+00 1.777500e+01
      vertex   1.618390e+00 7.860393e+00 1.447500e+01
      vertex   1.498993e+00 7.718101e+00 1.777500e+01
    endloop
  endfacet
  facet normal -7.660444e-01 6.427876e-01 0.000000e+00
    outer loop
      vertex   1.498993e+00 7.718101e+00 1.777500e+01
      vertex   1.618390e+00 7.860393e+00 1.447500e+01
      vertex   1.498993e+00 7.718101e+00 1.447500e+01
    endloop
  endfacet
  facet normal -5.971586e-01 8.021232e-01 0.000000e+00
    outer loop
      vertex   1.498993e+00 7.718101e+00 1.777500e+01
      vertex   1.498993e+00 7.718101e+00 1.447500e+01
      vertex   1.350000e+00 7.607180e+00 1.777500e+01
    endloop
  endfacet
  facet normal -5.971586e-01 8.021232e-01 0.000000e+00
    outer loop
      vertex   1.350000e+00 7.607180e+00 1.777500e+01
      vertex   1.498993e+00 7.718101e+00 1.447500e+01
      vertex   1.350000e+00 7.607180e+00 1.447500e+01
    endloop
  endfacet
  facet normal -3.960798e-01 9.182161e-01 0.000000e+00
    outer loop
      vertex   1.350000e+00 7.607180e+00 1.777500e+01
      vertex   1.350000e+00 7.607180e+00 1.447500e+01
      vertex   1.179443e+00 7.533608e+00 1.777500e+01
    endloop
  endfacet
  facet normal -3.960798e-01 9.182161e-01 0.000000e+00
    outer loop
      vertex   1.179443e+00 7.533608e+00 1.777500e+01
      vertex   1.350000e+00 7.607180e+00 1.447500e+01
      vertex   1.179443e+00 7.533608e+00 1.447500e+01
    endloop
  endfacet
  facet normal -1.736482e-01 9.848078e-01 0.000000e+00
    outer loop
      vertex   1.179443e+00 7.533608e+00 1.777500e+01
      vertex   1.179443e+00 7.533608e+00 1.447500e+01
      vertex   9.965159e-01 7.501353e+00 1.777500e+01
    endloop
  endfacet
  facet normal -1.736482e-01 9.848078e-01 0.000000e+00
    outer loop
      vertex   9.965159e-01 7.501353e+00 1.777500e+01
      vertex   1.179443e+00 7.533608e+00 1.447500e+01
      vertex   9.965159e-01 7.501353e+00 1.447500e+01
    endloop
  endfacet
  facet normal 5.814483e-02 9.983082e-01 0.000000e+00
    outer loop
      vertex   9.965159e-01 7.501353e+00 1.777500e+01
      vertex   9.965159e-01 7.501353e+00 1.447500e+01
      vertex   8.110815e-01 7.512154e+00 1.777500e+01
    endloop
  endfacet
  facet normal 5.814483e-02 9.983082e-01 0.000000e+00
    outer loop
      vertex   8.110815e-01 7.512154e+00 1.777500e+01
      vertex   9.965159e-01 7.501353e+00 1.447500e+01
      vertex   8.110815e-01 7.512154e+00 1.447500e+01
    endloop
  endfacet
  facet normal 2.868032e-01 9.579895e-01 0.000000e+00
    outer loop
      vertex   8.110815e-01 7.512154e+00 1.777500e+01
      vertex   8.110815e-01 7.512154e+00 1.447500e+01
      vertex   6.331362e-01 7.565427e+00 1.777500e+01
    endloop
  endfacet
  facet normal 2.868032e-01 9.579895e-01 0.000000e+00
    outer loop
      vertex   6.331362e-01 7.565427e+00 1.777500e+01
      vertex   8.110815e-01 7.512154e+00 1.447500e+01
      vertex   6.331362e-01 7.565427e+00 1.447500e+01
    endloop
  endfacet
  facet normal 5.000000e-01 8.660254e-01 0.000000e+00
    outer loop
      vertex   6.331362e-01 7.565427e+00 1.777500e+01
      vertex   6.331362e-01 7.565427e+00 1.447500e+01
      vertex   4.722731e-01 7.658301e+00 1.777500e+01
    endloop
  endfacet
  facet normal 5.000000e-01 8.660254e-01 0.000000e+00
    outer loop
      vertex   4.722731e-01 7.658301e+00 1.777500e+01
      vertex   6.331362e-01 7.565427e+00 1.447500e+01
      vertex   4.722731e-01 7.658301e+00 1.447500e+01
    endloop
  endfacet
  facet normal 6.862416e-01 7.273736e-01 0.000000e+00
    outer loop
      vertex   4.722731e-01 7.658301e+00 1.777500e+01
      vertex   4.722731e-01 7.658301e+00 1.447500e+01
      vertex   3.371644e-01 7.785770e+00 1.777500e+01
    endloop
  endfacet
  facet normal 6.862416e-01 7.273736e-01 0.000000e+00
    outer loop
      vertex   3.371644e-01 7.785770e+00 1.777500e+01
      vertex   4.722731e-01 7.658301e+00 1.447500e+01
      vertex   3.371644e-01 7.785770e+00 1.447500e+01
    endloop
  endfacet
  facet normal 8.354878e-01 5.495090e-01 0.000000e+00
    outer loop
      vertex   3.371644e-01 7.785770e+00 1.777500e+01
      vertex   3.371644e-01 7.785770e+00 1.447500e+01
      vertex   2.350939e-01 7.940961e+00 1.777500e+01
    endloop
  endfacet
  facet normal 8.354878e-01 5.495090e-01 0.000000e+00
    outer loop
      vertex   2.350939e-01 7.940961e+00 1.777500e+01
      vertex   3.371644e-01 7.785770e+00 1.447500e+01
      vertex   2.350939e-01 7.940961e+00 1.447500e+01
    endloop
  endfacet
  facet normal 9.396926e-01 3.420201e-01 0.000000e+00
    outer loop
      vertex   2.350939e-01 7.940961e+00 1.777500e+01
      vertex   2.350939e-01 7.940961e+00 1.447500e+01
      vertex   1.715641e-01 8.115507e+00 1.777500e+01
    endloop
  endfacet
  facet normal 9.396926e-01 3.420201e-01 0.000000e+00
    outer loop
      vertex   1.715641e-01 8.115507e+00 1.777500e+01
      vertex   2.350939e-01 7.940961e+00 1.447500e+01
      vertex   1.715641e-01 8.115507e+00 1.447500e+01
    endloop
  endfacet
  facet normal 9.932384e-01 1.160929e-01 0.000000e+00
    outer loop
      vertex   -5.215928e+00 2.490507e+00 1.777500e+01
      vertex   -5.215928e+00 2.490507e+00 1.447500e+01
      vertex   -5.237492e+00 2.675000e+00 1.777500e+01
    endloop
  endfacet
  facet normal 9.932384e-01 1.160929e-01 2.673251e-16
    outer loop
      vertex   -5.237492e+00 2.675000e+00 1.777500e+01
      vertex   -5.215928e+00 2.490507e+00 1.447500e+01
      vertex   -5.237492e+00 2.675000e+00 1.447500e+01
    endloop
  endfacet
  facet normal 9.932384e-01 -1.160929e-01 2.673251e-16
    outer loop
      vertex   -5.237492e+00 2.675000e+00 1.777500e+01
      vertex   -5.237492e+00 2.675000e+00 1.447500e+01
      vertex   -5.215928e+00 2.859492e+00 1.777500e+01
    endloop
  endfacet
  facet normal 9.932384e-01 -1.160929e-01 0.000000e+00
    outer loop
      vertex   -5.215928e+00 2.859492e+00 1.777500e+01
      vertex   -5.237492e+00 2.675000e+00 1.447500e+01
      vertex   -5.215928e+00 2.859492e+00 1.447500e+01
    endloop
  endfacet
  facet normal 9.396926e-01 -3.420201e-01 0.000000e+00
    outer loop
      vertex   -5.215928e+00 2.859492e+00 1.777500e+01
      vertex   -5.215928e+00 2.859492e+00 1.447500e+01
      vertex   -5.152399e+00 3.034039e+00 1.777500e+01
    endloop
  endfacet
  facet normal 9.396926e-01 -3.420201e-01 0.000000e+00
    outer loop
      vertex   -5.152399e+00 3.034039e+00 1.777500e+01
      vertex   -5.215928e+00 2.859492e+00 1.447500e+01
      vertex   -5.152399e+00 3.034039e+00 1.447500e+01
    endloop
  endfacet
  facet normal 8.354878e-01 -5.495090e-01 0.000000e+00
    outer loop
      vertex   -5.152399e+00 3.034039e+00 1.777500e+01
      vertex   -5.152399e+00 3.034039e+00 1.447500e+01
      vertex   -5.050328e+00 3.189230e+00 1.777500e+01
    endloop
  endfacet
  facet normal 8.354878e-01 -5.495090e-01 0.000000e+00
    outer loop
      vertex   -5.050328e+00 3.189230e+00 1.777500e+01
      vertex   -5.152399e+00 3.034039e+00 1.447500e+01
      vertex   -5.050328e+00 3.189230e+00 1.447500e+01
    endloop
  endfacet
  facet normal 6.862416e-01 -7.273736e-01 0.000000e+00
    outer loop
      vertex   -5.050328e+00 3.189230e+00 1.777500e+01
      vertex   -5.050328e+00 3.189230e+00 1.447500e+01
      vertex   -4.915219e+00 3.316698e+00 1.777500e+01
    endloop
  endfacet
  facet normal 6.862416e-01 -7.273736e-01 0.000000e+00
    outer loop
      vertex   -4.915219e+00 3.316698e+00 1.777500e+01
      vertex   -5.050328e+00 3.189230e+00 1.447500e+01
      vertex   -4.915219e+00 3.316698e+00 1.447500e+01
    endloop
  endfacet
  facet normal 5.000000e-01 -8.660254e-01 0.000000e+00
    outer loop
      vertex   -4.915219e+00 3.316698e+00 1.777500e+01
      vertex   -4.915219e+00 3.316698e+00 1.447500e+01
      vertex   -4.754356e+00 3.409573e+00 1.777500e+01
    endloop
  endfacet
  facet normal 5.000000e-01 -8.660254e-01 0.000000e+00
    outer loop
      vertex   -4.754356e+00 3.409573e+00 1.777500e+01
      vertex   -4.915219e+00 3.316698e+00 1.447500e+01
      vertex   -4.754356e+00 3.409573e+00 1.447500e+01
    endloop
  endfacet
  facet normal 2.868032e-01 -9.579895e-01 0.000000e+00
    outer loop
      vertex   -4.754356e+00 3.409573e+00 1.777500e+01
      vertex   -4.754356e+00 3.409573e+00 1.447500e+01
      vertex   -4.576411e+00 3.462846e+00 1.777500e+01
    endloop
  endfacet
  facet normal 2.868032e-01 -9.579895e-01 0.000000e+00
    outer loop
      vertex   -4.576411e+00 3.462846e+00 1.777500e+01
      vertex   -4.754356e+00 3.409573e+00 1.447500e+01
      vertex   -4.576411e+00 3.462846e+00 1.447500e+01
    endloop
  endfacet
  facet normal 5.814483e-02 -9.983082e-01 0.000000e+00
    outer loop
      vertex   -4.576411e+00 3.462846e+00 1.777500e+01
      vertex   -4.576411e+00 3.462846e+00 1.447500e+01
      vertex   -4.390977e+00 3.473646e+00 1.777500e+01
    endloop
  endfacet
  facet normal 5.814483e-02 -9.983082e-01 0.000000e+00
    outer loop
      vertex   -4.390977e+00 3.473646e+00 1.777500e+01
      vertex   -4.576411e+00 3.462846e+00 1.447500e+01
      vertex   -4.390977e+00 3.473646e+00 1.447500e+01
    endloop
  endfacet
  facet normal -1.736482e-01 -9.848078e-01 -0.000000e+00
    outer loop
      vertex   -4.390977e+00 3.473646e+00 1.777500e+01
      vertex   -4.390977e+00 3.473646e+00 1.447500e+01
      vertex   -4.208050e+00 3.441391e+00 1.777500e+01
    endloop
  endfacet
  facet normal -1.736482e-01 -9.848078e-01 -0.000000e+00
    outer loop
      vertex   -4.208050e+00 3.441391e+00 1.777500e+01
      vertex   -4.390977e+00 3.473646e+00 1.447500e+01
      vertex   -4.208050e+00 3.441391e+00 1.447500e+01
    endloop
  endfacet
  facet normal -3.960798e-01 -9.182161e-01 -0.000000e+00
    outer loop
      vertex   -4.208050e+00 3.441391e+00 1.777500e+01
      vertex   -4.208050e+00 3.441391e+00 1.447500e+01
      vertex   -4.037492e+00 3.367820e+00 1.777500e+01
    endloop
  endfacet
  facet normal -3.960798e-01 -9.182161e-01 -0.000000e+00
    outer loop
      vertex   -4.037492e+00 3.367820e+00 1.777500e+01
      vertex   -4.208050e+00 3.441391e+00 1.447500e+01
      vertex   -4.037492e+00 3.367820e+00 1.447500e+01
    endloop
  endfacet
  facet normal -5.971586e-01 -8.021232e-01 -0.000000e+00
    outer loop
      vertex   -4.037492e+00 3.367820e+00 1.777500e+01
      vertex   -4.037492e+00 3.367820e+00 1.447500e+01
      vertex   -3.888499e+00 3.256899e+00 1.777500e+01
    endloop
  endfacet
  facet normal -5.971586e-01 -8.021232e-01 -0.000000e+00
    outer loop
      vertex   -3.888499e+00 3.256899e+00 1.777500e+01
      vertex   -4.037492e+00 3.367820e+00 1.447500e+01
      vertex   -3.888499e+00 3.256899e+00 1.447500e+01
    endloop
  endfacet
  facet normal -7.660444e-01 -6.427876e-01 -0.000000e+00
    outer loop
      vertex   -3.888499e+00 3.256899e+00 1.777500e+01
      vertex   -3.888499e+00 3.256899e+00 1.447500e+01
      vertex   -3.769102e+00 3.114607e+00 1.777500e+01
    endloop
  endfacet
  facet normal -7.660444e-01 -6.427876e-01 -0.000000e+00
    outer loop
      vertex   -3.769102e+00 3.114607e+00 1.777500e+01
      vertex   -3.888499e+00 3.256899e+00 1.447500e+01
      vertex   -3.769102e+00 3.114607e+00 1.447500e+01
    endloop
  endfacet
  facet normal -8.936326e-01 -4.487992e-01 -0.000000e+00
    outer loop
      vertex   -3.769102e+00 3.114607e+00 1.777500e+01
      vertex   -3.769102e+00 3.114607e+00 1.447500e+01
      vertex   -3.685738e+00 2.948616e+00 1.777500e+01
    endloop
  endfacet
  facet normal -8.936326e-01 -4.487992e-01 -0.000000e+00
    outer loop
      vertex   -3.685738e+00 2.948616e+00 1.777500e+01
      vertex   -3.769102e+00 3.114607e+00 1.447500e+01
      vertex   -3.685738e+00 2.948616e+00 1.447500e+01
    endloop
  endfacet
  facet normal -9.730449e-01 -2.306159e-01 -0.000000e+00
    outer loop
      vertex   -3.685738e+00 2.948616e+00 1.777500e+01
      vertex   -3.685738e+00 2.948616e+00 1.447500e+01
      vertex   -3.642902e+00 2.767874e+00 1.777500e+01
    endloop
  endfacet
  facet normal -9.730449e-01 -2.306159e-01 -0.000000e+00
    outer loop
      vertex   -3.642902e+00 2.767874e+00 1.777500e+01
      vertex   -3.685738e+00 2.948616e+00 1.447500e+01
      vertex   -3.642902e+00 2.767874e+00 1.447500e+01
    endloop
  endfacet
  facet normal -1.000000e+00 -0.000000e+00 -0.000000e+00
    outer loop
      vertex   -3.642902e+00 2.767874e+00 1.777500e+01
      vertex   -3.642902e+00 2.767874e+00 1.447500e+01
      vertex   -3.642902e+00 2.582125e+00 1.777500e+01
    endloop
  endfacet
  facet normal -1.000000e+00 0.000000e+00 0.000000e+00
    outer loop
      vertex   -3.642902e+00 2.582125e+00 1.777500e+01
      vertex   -3.642902e+00 2.767874e+00 1.447500e+01
      vertex   -3.642902e+00 2.582125e+00 1.447500e+01
    endloop
  endfacet
  facet normal -9.730449e-01 2.306159e-01 0.000000e+00
    outer loop
      vertex   -3.642902e+00 2.582125e+00 1.777500e+01
      vertex   -3.642902e+00 2.582125e+00 1.447500e+01
      vertex   -3.685738e+00 2.401384e+00 1.777500e+01
    endloop
  endfacet
  facet normal -9.730449e-01 2.306159e-01 0.000000e+00
    outer loop
      vertex   -3.685738e+00 2.401384e+00 1.777500e+01
      vertex   -3.642902e+00 2.582125e+00 1.447500e+01
      vertex   -3.685738e+00 2.401384e+00 1.447500e+01
    endloop
  endfacet
  facet normal -8.936326e-01 4.487992e-01 0.000000e+00
    outer loop
      vertex   -3.685738e+00 2.401384e+00 1.777500e+01
      vertex   -3.685738e+00 2.401384e+00 1.447500e+01
      vertex   -3.769102e+00 2.235393e+00 1.777500e+01
    endloop
  endfacet
  facet normal -8.936326e-01 4.487992e-01 0.000000e+00
    outer loop
      vertex   -3.769102e+00 2.235393e+00 1.777500e+01
      vertex   -3.685738e+00 2.401384e+00 1.447500e+01
      vertex   -3.769102e+00 2.235393e+00 1.447500e+01
    endloop
  endfacet
  facet normal -7.660444e-01 6.427876e-01 0.000000e+00
    outer loop
      vertex   -3.769102e+00 2.235393e+00 1.777500e+01
      vertex   -3.769102e+00 2.235393e+00 1.447500e+01
      vertex   -3.888499e+00 2.093101e+00 1.777500e+01
    endloop
  endfacet
  facet normal -7.660444e-01 6.427876e-01 0.000000e+00
    outer loop
      vertex   -3.888499e+00 2.093101e+00 1.777500e+01
      vertex   -3.769102e+00 2.235393e+00 1.447500e+01
      vertex   -3.888499e+00 2.093101e+00 1.447500e+01
    endloop
  endfacet
  facet normal -5.971586e-01 8.021232e-01 0.000000e+00
    outer loop
      vertex   -3.888499e+00 2.093101e+00 1.777500e+01
      vertex   -3.888499e+00 2.093101e+00 1.447500e+01
      vertex   -4.037492e+00 1.982179e+00 1.777500e+01
    endloop
  endfacet
  facet normal -5.971586e-01 8.021232e-01 0.000000e+00
    outer loop
      vertex   -4.037492e+00 1.982179e+00 1.777500e+01
      vertex   -3.888499e+00 2.093101e+00 1.447500e+01
      vertex   -4.037492e+00 1.982179e+00 1.447500e+01
    endloop
  endfacet
  facet normal -3.960798e-01 9.182161e-01 0.000000e+00
    outer loop
      vertex   -4.037492e+00 1.982179e+00 1.777500e+01
      vertex   -4.037492e+00 1.982179e+00 1.447500e+01
      vertex   -4.208050e+00 1.908608e+00 1.777500e+01
    endloop
  endfacet
  facet normal -3.960798e-01 9.182161e-01 0.000000e+00
    outer loop
      vertex   -4.208050e+00 1.908608e+00 1.777500e+01
      vertex   -4.037492e+00 1.982179e+00 1.447500e+01
      vertex   -4.208050e+00 1.908608e+00 1.447500e+01
    endloop
  endfacet
  facet normal -1.736482e-01 9.848078e-01 0.000000e+00
    outer loop
      vertex   -4.208050e+00 1.908608e+00 1.777500e+01
      vertex   -4.208050e+00 1.908608e+00 1.447500e+01
      vertex   -4.390977e+00 1.876353e+00 1.777500e+01
    endloop
  endfacet
  facet normal -1.736482e-01 9.848078e-01 0.000000e+00
    outer loop
      vertex   -4.390977e+00 1.876353e+00 1.777500e+01
      vertex   -4.208050e+00 1.908608e+00 1.447500e+01
      vertex   -4.390977e+00 1.876353e+00 1.447500e+01
    endloop
  endfacet
  facet normal 5.814483e-02 9.983082e-01 0.000000e+00
    outer loop
      vertex   -4.390977e+00 1.876353e+00 1.777500e+01
      vertex   -4.390977e+00 1.876353e+00 1.447500e+01
      vertex   -4.576411e+00 1.887154e+00 1.777500e+01
    endloop
  endfacet
  facet normal 5.814483e-02 9.983082e-01 0.000000e+00
    outer loop
      vertex   -4.576411e+00 1.887154e+00 1.777500e+01
      vertex   -4.390977e+00 1.876353e+00 1.447500e+01
      vertex   -4.576411e+00 1.887154e+00 1.447500e+01
    endloop
  endfacet
  facet normal 2.868032e-01 9.579895e-01 0.000000e+00
    outer loop
      vertex   -4.576411e+00 1.887154e+00 1.777500e+01
      vertex   -4.576411e+00 1.887154e+00 1.447500e+01
      vertex   -4.754356e+00 1.940427e+00 1.777500e+01
    endloop
  endfacet
  facet normal 2.868032e-01 9.579895e-01 0.000000e+00
    outer loop
      vertex   -4.754356e+00 1.940427e+00 1.777500e+01
      vertex   -4.576411e+00 1.887154e+00 1.447500e+01
      vertex   -4.754356e+00 1.940427e+00 1.447500e+01
    endloop
  endfacet
  facet normal 5.000000e-01 8.660254e-01 0.000000e+00
    outer loop
      vertex   -4.754356e+00 1.940427e+00 1.777500e+01
      vertex   -4.754356e+00 1.940427e+00 1.447500e+01
      vertex   -4.915219e+00 2.033301e+00 1.777500e+01
    endloop
  endfacet
  facet normal 5.000000e-01 8.660254e-01 0.000000e+00
    outer loop
      vertex   -4.915219e+00 2.033301e+00 1.777500e+01
      vertex   -4.754356e+00 1.940427e+00 1.447500e+01
      vertex   -4.915219e+00 2.033301e+00 1.447500e+01
    endloop
  endfacet
  facet normal 6.862416e-01 7.273736e-01 0.000000e+00
    outer loop
      vertex   -4.915219e+00 2.033301e+00 1.777500e+01
      vertex   -4.915219e+00 2.033301e+00 1.447500e+01
      vertex   -5.050328e+00 2.160770e+00 1.777500e+01
    endloop
  endfacet
  facet normal 6.862416e-01 7.273736e-01 0.000000e+00
    outer loop
      vertex   -5.050328e+00 2.160770e+00 1.777500e+01
      vertex   -4.915219e+00 2.033301e+00 1.447500e+01
      vertex   -5.050328e+00 2.160770e+00 1.447500e+01
    endloop
  endfacet
  facet normal 8.354878e-01 5.495090e-01 0.000000e+00
    outer loop
      vertex   -5.050328e+00 2.160770e+00 1.777500e+01
      vertex   -5.050328e+00 2.160770e+00 1.447500e+01
      vertex   -5.152399e+00 2.315960e+00 1.777500e+01
    endloop
  endfacet
  facet normal 8.354878e-01 5.495090e-01 0.000000e+00
    outer loop
      vertex   -5.152399e+00 2.315960e+00 1.777500e+01
      vertex   -5.050328e+00 2.160770e+00 1.447500e+01
      vertex   -5.152399e+00 2.315960e+00 1.447500e+01
    endloop
  endfacet
  facet normal 9.396926e-01 3.420201e-01 0.000000e+00
    outer loop
      vertex   -5.152399e+00 2.315960e+00 1.777500e+01
      vertex   -5.152399e+00 2.315960e+00 1.447500e+01
      vertex   -5.215928e+00 2.490507e+00 1.777500e+01
    endloop
  endfacet
  facet normal 9.396926e-01 3.420201e-01 0.000000e+00
    outer loop
      vertex   -5.215928e+00 2.490507e+00 1.777500e+01
      vertex   -5.152399e+00 2.315960e+00 1.447500e+01
      vertex   -5.215928e+00 2.490507e+00 1.447500e+01
    endloop
  endfacet
  facet normal 9.932384e-01 -1.160929e-01 7.931632e-17
    outer loop
      vertex   4.921564e+00 2.859492e+00 1.777500e+01
      vertex   4.921564e+00 2.859492e+00 1.907500e+01
      vertex   4.900000e+00 2.675000e+00 1.777500e+01
    endloop
  endfacet
  facet normal 9.932384e-01 -1.160929e-01 1.476164e-15
    outer loop
      vertex   4.900000e+00 2.675000e+00 1.777500e+01
      vertex   4.921564e+00 2.859492e+00 1.907500e+01
      vertex   4.900000e+00 2.675000e+00 1.907500e+01
    endloop
  endfacet
  facet normal 9.932384e-01 1.160929e-01 1.238215e-15
    outer loop
      vertex   4.900000e+00 2.675000e+00 1.777500e+01
      vertex   4.900000e+00 2.675000e+00 1.907500e+01
      vertex   4.921564e+00 2.490507e+00 1.777500e+01
    endloop
  endfacet
  facet normal 9.932384e-01 1.160929e-01 5.992782e-16
    outer loop
      vertex   4.921564e+00 2.490507e+00 1.777500e+01
      vertex   4.900000e+00 2.675000e+00 1.907500e+01
      vertex   4.921564e+00 2.490507e+00 1.907500e+01
    endloop
  endfacet
  facet normal 9.396926e-01 3.420201e-01 4.083383e-16
    outer loop
      vertex   4.921564e+00 2.490507e+00 1.777500e+01
      vertex   4.921564e+00 2.490507e+00 1.907500e+01
      vertex   4.985094e+00 2.315960e+00 1.777500e+01
    endloop
  endfacet
  facet normal 9.396926e-01 3.420201e-01 4.083383e-16
    outer loop
      vertex   4.985094e+00 2.315960e+00 1.777500e+01
      vertex   4.921564e+00 2.490507e+00 1.907500e+01
      vertex   4.985094e+00 2.315960e+00 1.907500e+01
    endloop
  endfacet
  facet normal 8.354878e-01 5.495090e-01 1.953848e-16
    outer loop
      vertex   4.985094e+00 2.315960e+00 1.777500e+01
      vertex   4.985094e+00 2.315960e+00 1.907500e+01
      vertex   5.087164e+00 2.160770e+00 1.777500e+01
    endloop
  endfacet
  facet normal 8.354878e-01 5.495090e-01 1.953848e-16
    outer loop
      vertex   5.087164e+00 2.160770e+00 1.777500e+01
      vertex   4.985094e+00 2.315960e+00 1.907500e+01
      vertex   5.087164e+00 2.160770e+00 1.907500e+01
    endloop
  endfacet
  facet normal 6.862416e-01 7.273736e-01 -2.810197e-17
    outer loop
      vertex   5.087164e+00 2.160770e+00 1.777500e+01
      vertex   5.087164e+00 2.160770e+00 1.907500e+01
      vertex   5.222273e+00 2.033301e+00 1.777500e+01
    endloop
  endfacet
  facet normal 6.862416e-01 7.273736e-01 6.892240e-16
    outer loop
      vertex   5.222273e+00 2.033301e+00 1.777500e+01
      vertex   5.087164e+00 2.160770e+00 1.907500e+01
      vertex   5.222273e+00 2.033301e+00 1.907500e+01
    endloop
  endfacet
  facet normal 5.000000e-01 8.660254e-01 3.873738e-16
    outer loop
      vertex   5.222273e+00 2.033301e+00 1.777500e+01
      vertex   5.222273e+00 2.033301e+00 1.907500e+01
      vertex   5.383136e+00 1.940427e+00 1.777500e+01
    endloop
  endfacet
  facet normal 5.000000e-01 8.660254e-01 -1.021535e-16
    outer loop
      vertex   5.383136e+00 1.940427e+00 1.777500e+01
      vertex   5.222273e+00 2.033301e+00 1.907500e+01
      vertex   5.383136e+00 1.940427e+00 1.907500e+01
    endloop
  endfacet
  facet normal 2.868032e-01 9.579895e-01 -2.949360e-16
    outer loop
      vertex   5.383136e+00 1.940427e+00 1.777500e+01
      vertex   5.383136e+00 1.940427e+00 1.907500e+01
      vertex   5.561081e+00 1.887154e+00 1.777500e+01
    endloop
  endfacet
  facet normal 2.868032e-01 9.579895e-01 3.232003e-17
    outer loop
      vertex   5.561081e+00 1.887154e+00 1.777500e+01
      vertex   5.383136e+00 1.940427e+00 1.907500e+01
      vertex   5.561081e+00 1.887154e+00 1.907500e+01
    endloop
  endfacet
  facet normal 5.814483e-02 9.983082e-01 -1.307892e-16
    outer loop
      vertex   5.561081e+00 1.887154e+00 1.777500e+01
      vertex   5.561081e+00 1.887154e+00 1.907500e+01
      vertex   5.746516e+00 1.876353e+00 1.777500e+01
    endloop
  endfacet
  facet normal 5.814483e-02 9.983082e-01 7.945074e-17
    outer loop
      vertex   5.746516e+00 1.876353e+00 1.777500e+01
      vertex   5.561081e+00 1.887154e+00 1.907500e+01
      vertex   5.746516e+00 1.876353e+00 1.907500e+01
    endloop
  endfacet
  facet normal -1.736482e-01 9.848078e-01 -2.372778e-16
    outer loop
      vertex   5.746516e+00 1.876353e+00 1.777500e+01
      vertex   5.746516e+00 1.876353e+00 1.907500e+01
      vertex   5.929443e+00 1.908608e+00 1.777500e+01
    endloop
  endfacet
  facet normal -1.736482e-01 9.848078e-01 2.177784e-16
    outer loop
      vertex   5.929443e+00 1.908608e+00 1.777500e+01
      vertex   5.746516e+00 1.876353e+00 1.907500e+01
      vertex   5.929443e+00 1.908608e+00 1.907500e+01
    endloop
  endfacet
  facet normal -3.960798e-01 9.182161e-01 4.306182e-17
    outer loop
      vertex   5.929443e+00 1.908608e+00 1.777500e+01
      vertex   5.929443e+00 1.908608e+00 1.907500e+01
      vertex   6.100000e+00 1.982179e+00 1.777500e+01
    endloop
  endfacet
  facet normal -3.960798e-01 9.182161e-01 1.998964e-16
    outer loop
      vertex   6.100000e+00 1.982179e+00 1.777500e+01
      vertex   5.929443e+00 1.908608e+00 1.907500e+01
      vertex   6.100000e+00 1.982179e+00 1.907500e+01
    endloop
  endfacet
  facet normal -5.971586e-01 8.021232e-01 3.029237e-18
    outer loop
      vertex   6.100000e+00 1.982179e+00 1.777500e+01
      vertex   6.100000e+00 1.982179e+00 1.907500e+01
      vertex   6.248993e+00 2.093101e+00 1.777500e+01
    endloop
  endfacet
  facet normal -5.971586e-01 8.021232e-01 -2.679525e-16
    outer loop
      vertex   6.248993e+00 2.093101e+00 1.777500e+01
      vertex   6.100000e+00 1.982179e+00 1.907500e+01
      vertex   6.248993e+00 2.093101e+00 1.907500e+01
    endloop
  endfacet
  facet normal -7.660444e-01 6.427876e-01 -6.075832e-16
    outer loop
      vertex   6.248993e+00 2.093101e+00 1.777500e+01
      vertex   6.248993e+00 2.093101e+00 1.907500e+01
      vertex   6.368390e+00 2.235393e+00 1.777500e+01
    endloop
  endfacet
  facet normal -7.660444e-01 6.427876e-01 -8.421082e-17
    outer loop
      vertex   6.368390e+00 2.235393e+00 1.777500e+01
      vertex   6.248993e+00 2.093101e+00 1.907500e+01
      vertex   6.368390e+00 2.235393e+00 1.907500e+01
    endloop
  endfacet
  facet normal -8.936326e-01 4.487992e-01 -3.039165e-16
    outer loop
      vertex   6.368390e+00 2.235393e+00 1.777500e+01
      vertex   6.368390e+00 2.235393e+00 1.907500e+01
      vertex   6.451754e+00 2.401384e+00 1.777500e+01
    endloop
  endfacet
  facet normal -8.936326e-01 4.487992e-01 -3.039165e-16
    outer loop
      vertex   6.451754e+00 2.401384e+00 1.777500e+01
      vertex   6.368390e+00 2.235393e+00 1.907500e+01
      vertex   6.451754e+00 2.401384e+00 1.907500e+01
    endloop
  endfacet
  facet normal -9.730449e-01 2.306159e-01 -5.072380e-16
    outer loop
      vertex   6.451754e+00 2.401384e+00 1.777500e+01
      vertex   6.451754e+00 2.401384e+00 1.907500e+01
      vertex   6.494591e+00 2.582125e+00 1.777500e+01
    endloop
  endfacet
  facet normal -9.730449e-01 2.306159e-01 1.575600e-16
    outer loop
      vertex   6.494591e+00 2.582125e+00 1.777500e+01
      vertex   6.451754e+00 2.401384e+00 1.907500e+01
      vertex   6.494591e+00 2.582125e+00 1.907500e+01
    endloop
  endfacet
  facet normal -1.000000e+00 0.000000e+00 0.000000e+00
    outer loop
      vertex   6.494591e+00 2.582125e+00 1.777500e+01
      vertex   6.494591e+00 2.582125e+00 1.907500e+01
      vertex   6.494591e+00 2.767874e+00 1.777500e+01
    endloop
  endfacet
  facet normal -1.000000e+00 0.000000e+00 0.000000e+00
    outer loop
      vertex   6.494591e+00 2.767874e+00 1.777500e+01
      vertex   6.494591e+00 2.582125e+00 1.907500e+01
      vertex   6.494591e+00 2.767874e+00 1.907500e+01
    endloop
  endfacet
  facet normal -9.730449e-01 -2.306159e-01 -1.575600e-16
    outer loop
      vertex   6.494591e+00 2.767874e+00 1.777500e+01
      vertex   6.494591e+00 2.767874e+00 1.907500e+01
      vertex   6.451754e+00 2.948616e+00 1.777500e+01
    endloop
  endfacet
  facet normal -9.730449e-01 -2.306159e-01 -1.575600e-16
    outer loop
      vertex   6.451754e+00 2.948616e+00 1.777500e+01
      vertex   6.494591e+00 2.767874e+00 1.907500e+01
      vertex   6.451754e+00 2.948616e+00 1.907500e+01
    endloop
  endfacet
  facet normal -8.936326e-01 -4.487992e-01 -3.066260e-16
    outer loop
      vertex   6.451754e+00 2.948616e+00 1.777500e+01
      vertex   6.451754e+00 2.948616e+00 1.907500e+01
      vertex   6.368390e+00 3.114607e+00 1.777500e+01
    endloop
  endfacet
  facet normal -8.936326e-01 -4.487992e-01 -4.599389e-16
    outer loop
      vertex   6.368390e+00 3.114607e+00 1.777500e+01
      vertex   6.451754e+00 2.948616e+00 1.907500e+01
      vertex   6.368390e+00 3.114607e+00 1.907500e+01
    endloop
  endfacet
  facet normal -7.660444e-01 -6.427876e-01 -6.587424e-16
    outer loop
      vertex   6.368390e+00 3.114607e+00 1.777500e+01
      vertex   6.368390e+00 3.114607e+00 1.907500e+01
      vertex   6.248993e+00 3.256899e+00 1.777500e+01
    endloop
  endfacet
  facet normal -7.660444e-01 -6.427876e-01 -4.391616e-16
    outer loop
      vertex   6.248993e+00 3.256899e+00 1.777500e+01
      vertex   6.368390e+00 3.114607e+00 1.907500e+01
      vertex   6.248993e+00 3.256899e+00 1.907500e+01
    endloop
  endfacet
  facet normal -5.971586e-01 -8.021232e-01 -5.480219e-16
    outer loop
      vertex   6.248993e+00 3.256899e+00 1.777500e+01
      vertex   6.248993e+00 3.256899e+00 1.907500e+01
      vertex   6.100000e+00 3.367820e+00 1.777500e+01
    endloop
  endfacet
  facet normal -5.971586e-01 -8.021232e-01 -8.220329e-16
    outer loop
      vertex   6.100000e+00 3.367820e+00 1.777500e+01
      vertex   6.248993e+00 3.256899e+00 1.907500e+01
      vertex   6.100000e+00 3.367820e+00 1.907500e+01
    endloop
  endfacet
  facet normal -3.960798e-01 -9.182161e-01 -9.410074e-16
    outer loop
      vertex   6.100000e+00 3.367820e+00 1.777500e+01
      vertex   6.100000e+00 3.367820e+00 1.907500e+01
      vertex   5.929443e+00 3.441391e+00 1.777500e+01
    endloop
  endfacet
  facet normal -3.960798e-01 -9.182161e-01 2.706073e-16
    outer loop
      vertex   5.929443e+00 3.441391e+00 1.777500e+01
      vertex   6.100000e+00 3.367820e+00 1.907500e+01
      vertex   5.929443e+00 3.441391e+00 1.907500e+01
    endloop
  endfacet
  facet normal -1.736482e-01 -9.848078e-01 1.186389e-16
    outer loop
      vertex   5.929443e+00 3.441391e+00 1.777500e+01
      vertex   5.929443e+00 3.441391e+00 1.907500e+01
      vertex   5.746516e+00 3.473646e+00 1.777500e+01
    endloop
  endfacet
  facet normal -1.736482e-01 -9.848078e-01 -6.728346e-16
    outer loop
      vertex   5.746516e+00 3.473646e+00 1.777500e+01
      vertex   5.929443e+00 3.441391e+00 1.907500e+01
      vertex   5.746516e+00 3.473646e+00 1.907500e+01
    endloop
  endfacet
  facet normal 5.814483e-02 -9.983082e-01 -6.820583e-16
    outer loop
      vertex   5.746516e+00 3.473646e+00 1.777500e+01
      vertex   5.746516e+00 3.473646e+00 1.907500e+01
      vertex   5.561081e+00 3.462846e+00 1.777500e+01
    endloop
  endfacet
  facet normal 5.814483e-02 -9.983082e-01 -7.945074e-17
    outer loop
      vertex   5.561081e+00 3.462846e+00 1.777500e+01
      vertex   5.746516e+00 3.473646e+00 1.907500e+01
      vertex   5.561081e+00 3.462846e+00 1.907500e+01
    endloop
  endfacet
  facet normal 2.868032e-01 -9.579895e-01 -3.918961e-16
    outer loop
      vertex   5.561081e+00 3.462846e+00 1.777500e+01
      vertex   5.561081e+00 3.462846e+00 1.907500e+01
      vertex   5.383136e+00 3.409573e+00 1.777500e+01
    endloop
  endfacet
  facet normal 2.868032e-01 -9.579895e-01 1.313080e-16
    outer loop
      vertex   5.383136e+00 3.409573e+00 1.777500e+01
      vertex   5.561081e+00 3.462846e+00 1.907500e+01
      vertex   5.383136e+00 3.409573e+00 1.907500e+01
    endloop
  endfacet
  facet normal 5.000000e-01 -8.660254e-01 -4.576667e-17
    outer loop
      vertex   5.383136e+00 3.409573e+00 1.777500e+01
      vertex   5.383136e+00 3.409573e+00 1.907500e+01
      vertex   5.222273e+00 3.316698e+00 1.777500e+01
    endloop
  endfacet
  facet normal 5.000000e-01 -8.660254e-01 -4.576667e-17
    outer loop
      vertex   5.222273e+00 3.316698e+00 1.777500e+01
      vertex   5.383136e+00 3.409573e+00 1.907500e+01
      vertex   5.222273e+00 3.316698e+00 1.907500e+01
    endloop
  endfacet
  facet normal 6.862416e-01 -7.273736e-01 -2.203740e-16
    outer loop
      vertex   5.222273e+00 3.316698e+00 1.777500e+01
      vertex   5.222273e+00 3.316698e+00 1.907500e+01
      vertex   5.087164e+00 3.189230e+00 1.777500e+01
    endloop
  endfacet
  facet normal 6.862416e-01 -7.273736e-01 2.484760e-16
    outer loop
      vertex   5.087164e+00 3.189230e+00 1.777500e+01
      vertex   5.222273e+00 3.316698e+00 1.907500e+01
      vertex   5.087164e+00 3.189230e+00 1.907500e+01
    endloop
  endfacet
  facet normal 8.354878e-01 -5.495090e-01 1.877162e-16
    outer loop
      vertex   5.087164e+00 3.189230e+00 1.777500e+01
      vertex   5.087164e+00 3.189230e+00 1.907500e+01
      vertex   4.985094e+00 3.034039e+00 1.777500e+01
    endloop
  endfacet
  facet normal 8.354878e-01 -5.495090e-01 5.631485e-16
    outer loop
      vertex   4.985094e+00 3.034039e+00 1.777500e+01
      vertex   5.087164e+00 3.189230e+00 1.907500e+01
      vertex   4.985094e+00 3.034039e+00 1.907500e+01
    endloop
  endfacet
  facet normal 9.396926e-01 -3.420201e-01 3.505095e-16
    outer loop
      vertex   4.985094e+00 3.034039e+00 1.777500e+01
      vertex   4.985094e+00 3.034039e+00 1.907500e+01
      vertex   4.921564e+00 2.859492e+00 1.777500e+01
    endloop
  endfacet
  facet normal 9.396926e-01 -3.420201e-01 2.336730e-16
    outer loop
      vertex   4.921564e+00 2.859492e+00 1.777500e+01
      vertex   4.985094e+00 3.034039e+00 1.907500e+01
      vertex   4.921564e+00 2.859492e+00 1.907500e+01
    endloop
  endfacet
  facet normal 9.932384e-01 -1.160929e-01 3.965816e-17
    outer loop
      vertex   1.715641e-01 -3.065508e+00 1.777500e+01
      vertex   1.715641e-01 -3.065508e+00 1.907500e+01
      vertex   1.500000e-01 -3.250000e+00 1.777500e+01
    endloop
  endfacet
  facet normal 9.932384e-01 -1.160929e-01 3.965816e-17
    outer loop
      vertex   1.500000e-01 -3.250000e+00 1.777500e+01
      vertex   1.715641e-01 -3.065508e+00 1.907500e+01
      vertex   1.500000e-01 -3.250000e+00 1.907500e+01
    endloop
  endfacet
  facet normal 9.932384e-01 1.160929e-01 -3.965816e-17
    outer loop
      vertex   1.500000e-01 -3.250000e+00 1.777500e+01
      vertex   1.500000e-01 -3.250000e+00 1.907500e+01
      vertex   1.715641e-01 -3.434493e+00 1.777500e+01
    endloop
  endfacet
  facet normal 9.932384e-01 1.160929e-01 1.060304e-16
    outer loop
      vertex   1.715641e-01 -3.434493e+00 1.777500e+01
      vertex   1.500000e-01 -3.250000e+00 1.907500e+01
      vertex   1.715641e-01 -3.434493e+00 1.907500e+01
    endloop
  endfacet
  facet normal 9.396926e-01 3.420201e-01 1.003143e-16
    outer loop
      vertex   1.715641e-01 -3.434493e+00 1.777500e+01
      vertex   1.715641e-01 -3.434493e+00 1.907500e+01
      vertex   2.350939e-01 -3.609040e+00 1.777500e+01
    endloop
  endfacet
  facet normal 9.396926e-01 3.420201e-01 -1.652224e-17
    outer loop
      vertex   2.350939e-01 -3.609040e+00 1.777500e+01
      vertex   1.715641e-01 -3.434493e+00 1.907500e+01
      vertex   2.350939e-01 -3.609040e+00 1.907500e+01
    endloop
  endfacet
  facet normal 8.354878e-01 5.495090e-01 -9.852599e-17
    outer loop
      vertex   2.350939e-01 -3.609040e+00 1.777500e+01
      vertex   2.350939e-01 -3.609040e+00 1.907500e+01
      vertex   3.371644e-01 -3.764230e+00 1.777500e+01
    endloop
  endfacet
  facet normal 8.354878e-01 5.495090e-01 -9.335813e-18
    outer loop
      vertex   3.371644e-01 -3.764230e+00 1.777500e+01
      vertex   2.350939e-01 -3.609040e+00 1.907500e+01
      vertex   3.371644e-01 -3.764230e+00 1.907500e+01
    endloop
  endfacet
  facet normal 6.862416e-01 7.273736e-01 -1.019604e-16
    outer loop
      vertex   3.371644e-01 -3.764230e+00 1.777500e+01
      vertex   3.371644e-01 -3.764230e+00 1.907500e+01
      vertex   4.722731e-01 -3.891699e+00 1.777500e+01
    endloop
  endfacet
  facet normal 6.862416e-01 7.273736e-01 -1.312635e-16
    outer loop
      vertex   4.722731e-01 -3.891699e+00 1.777500e+01
      vertex   3.371644e-01 -3.764230e+00 1.907500e+01
      vertex   4.722731e-01 -3.891699e+00 1.907500e+01
    endloop
  endfacet
  facet normal 5.000000e-01 8.660254e-01 -2.104386e-16
    outer loop
      vertex   4.722731e-01 -3.891699e+00 1.777500e+01
      vertex   4.722731e-01 -3.891699e+00 1.907500e+01
      vertex   6.331362e-01 -3.984573e+00 1.777500e+01
    endloop
  endfacet
  facet normal 5.000000e-01 8.660254e-01 -1.250369e-16
    outer loop
      vertex   6.331362e-01 -3.984573e+00 1.777500e+01
      vertex   4.722731e-01 -3.891699e+00 1.907500e+01
      vertex   6.331362e-01 -3.984573e+00 1.907500e+01
    endloop
  endfacet
  facet normal 2.868032e-01 9.579895e-01 -2.292820e-16
    outer loop
      vertex   6.331362e-01 -3.984573e+00 1.777500e+01
      vertex   6.331362e-01 -3.984573e+00 1.907500e+01
      vertex   8.110815e-01 -4.037846e+00 1.777500e+01
    endloop
  endfacet
  facet normal 2.868032e-01 9.579895e-01 9.797402e-17
    outer loop
      vertex   8.110815e-01 -4.037846e+00 1.777500e+01
      vertex   6.331362e-01 -3.984573e+00 1.907500e+01
      vertex   8.110815e-01 -4.037846e+00 1.907500e+01
    endloop
  endfacet
  facet normal 5.814483e-02 9.983082e-01 1.986269e-17
    outer loop
      vertex   8.110815e-01 -4.037846e+00 1.777500e+01
      vertex   8.110815e-01 -4.037846e+00 1.907500e+01
      vertex   9.965159e-01 -4.048647e+00 1.777500e+01
    endloop
  endfacet
  facet normal 5.814483e-02 9.983082e-01 1.986269e-17
    outer loop
      vertex   9.965159e-01 -4.048647e+00 1.777500e+01
      vertex   8.110815e-01 -4.037846e+00 1.907500e+01
      vertex   9.965159e-01 -4.048647e+00 1.907500e+01
    endloop
  endfacet
  facet normal -1.736482e-01 9.848078e-01 -5.931945e-17
    outer loop
      vertex   9.965159e-01 -4.048647e+00 1.777500e+01
      vertex   9.965159e-01 -4.048647e+00 1.907500e+01
      vertex   1.179443e+00 -4.016392e+00 1.777500e+01
    endloop
  endfacet
  facet normal -1.736482e-01 9.848078e-01 -5.931945e-17
    outer loop
      vertex   1.179443e+00 -4.016392e+00 1.777500e+01
      vertex   9.965159e-01 -4.048647e+00 1.907500e+01
      vertex   1.179443e+00 -4.016392e+00 1.907500e+01
    endloop
  endfacet
  facet normal -3.960798e-01 9.182161e-01 -1.353037e-16
    outer loop
      vertex   1.179443e+00 -4.016392e+00 1.777500e+01
      vertex   1.179443e+00 -4.016392e+00 1.907500e+01
      vertex   1.350000e+00 -3.942821e+00 1.777500e+01
    endloop
  endfacet
  facet normal -3.960798e-01 9.182161e-01 3.136691e-16
    outer loop
      vertex   1.350000e+00 -3.942821e+00 1.777500e+01
      vertex   1.179443e+00 -4.016392e+00 1.907500e+01
      vertex   1.350000e+00 -3.942821e+00 1.907500e+01
    endloop
  endfacet
  facet normal -5.971586e-01 8.021232e-01 2.740110e-16
    outer loop
      vertex   1.350000e+00 -3.942821e+00 1.777500e+01
      vertex   1.350000e+00 -3.942821e+00 1.907500e+01
      vertex   1.498993e+00 -3.831899e+00 1.777500e+01
    endloop
  endfacet
  facet normal -5.971586e-01 8.021232e-01 -1.019968e-16
    outer loop
      vertex   1.498993e+00 -3.831899e+00 1.777500e+01
      vertex   1.350000e+00 -3.942821e+00 1.907500e+01
      vertex   1.498993e+00 -3.831899e+00 1.907500e+01
    endloop
  endfacet
  facet normal -7.660444e-01 6.427876e-01 -1.308431e-16
    outer loop
      vertex   1.498993e+00 -3.831899e+00 1.777500e+01
      vertex   1.498993e+00 -3.831899e+00 1.907500e+01
      vertex   1.618390e+00 -3.689607e+00 1.777500e+01
    endloop
  endfacet
  facet normal -7.660444e-01 6.427876e-01 -1.308431e-16
    outer loop
      vertex   1.618390e+00 -3.689607e+00 1.777500e+01
      vertex   1.498993e+00 -3.831899e+00 1.907500e+01
      vertex   1.618390e+00 -3.689607e+00 1.907500e+01
    endloop
  endfacet
  facet normal -8.936326e-01 4.487992e-01 -1.526356e-16
    outer loop
      vertex   1.618390e+00 -3.689607e+00 1.777500e+01
      vertex   1.618390e+00 -3.689607e+00 1.907500e+01
      vertex   1.701754e+00 -3.523616e+00 1.777500e+01
    endloop
  endfacet
  facet normal -8.936326e-01 4.487992e-01 1.539903e-16
    outer loop
      vertex   1.701754e+00 -3.523616e+00 1.777500e+01
      vertex   1.618390e+00 -3.689607e+00 1.907500e+01
      vertex   1.701754e+00 -3.523616e+00 1.907500e+01
    endloop
  endfacet
  facet normal -9.730449e-01 2.306159e-01 -8.639480e-18
    outer loop
      vertex   1.701754e+00 -3.523616e+00 1.777500e+01
      vertex   1.701754e+00 -3.523616e+00 1.907500e+01
      vertex   1.744591e+00 -3.342875e+00 1.777500e+01
    endloop
  endfacet
  facet normal -9.730449e-01 2.306159e-01 0.000000e+00
    outer loop
      vertex   1.744591e+00 -3.342875e+00 1.777500e+01
      vertex   1.701754e+00 -3.523616e+00 1.907500e+01
      vertex   1.744591e+00 -3.342875e+00 1.907500e+01
    endloop
  endfacet
  facet normal -1.000000e+00 -1.195404e-15 0.000000e+00
    outer loop
      vertex   1.744591e+00 -3.342875e+00 1.777500e+01
      vertex   1.744591e+00 -3.342875e+00 1.907500e+01
      vertex   1.744591e+00 -3.157126e+00 1.777500e+01
    endloop
  endfacet
  facet normal -1.000000e+00 0.000000e+00 1.708035e-16
    outer loop
      vertex   1.744591e+00 -3.157126e+00 1.777500e+01
      vertex   1.744591e+00 -3.342875e+00 1.907500e+01
      vertex   1.744591e+00 -3.157126e+00 1.907500e+01
    endloop
  endfacet
  facet normal -9.730449e-01 -2.306159e-01 8.741950e-17
    outer loop
      vertex   1.744591e+00 -3.157126e+00 1.777500e+01
      vertex   1.744591e+00 -3.157126e+00 1.907500e+01
      vertex   1.701754e+00 -2.976384e+00 1.777500e+01
    endloop
  endfacet
  facet normal -9.730449e-01 -2.306159e-01 0.000000e+00
    outer loop
      vertex   1.701754e+00 -2.976384e+00 1.777500e+01
      vertex   1.744591e+00 -3.157126e+00 1.907500e+01
      vertex   1.701754e+00 -2.976384e+00 1.907500e+01
    endloop
  endfacet
  facet normal -8.936326e-01 -4.487992e-01 0.000000e+00
    outer loop
      vertex   1.701754e+00 -2.976384e+00 1.777500e+01
      vertex   1.701754e+00 -2.976384e+00 1.907500e+01
      vertex   1.618390e+00 -2.810393e+00 1.777500e+01
    endloop
  endfacet
  facet normal -8.936326e-01 -4.487992e-01 1.519583e-16
    outer loop
      vertex   1.618390e+00 -2.810393e+00 1.777500e+01
      vertex   1.701754e+00 -2.976384e+00 1.907500e+01
      vertex   1.618390e+00 -2.810393e+00 1.907500e+01
    endloop
  endfacet
  facet normal -7.660444e-01 -6.427876e-01 4.210541e-17
    outer loop
      vertex   1.618390e+00 -2.810393e+00 1.777500e+01
      vertex   1.618390e+00 -2.810393e+00 1.907500e+01
      vertex   1.498993e+00 -2.668101e+00 1.777500e+01
    endloop
  endfacet
  facet normal -7.660444e-01 -6.427876e-01 -1.774754e-16
    outer loop
      vertex   1.498993e+00 -2.668101e+00 1.777500e+01
      vertex   1.618390e+00 -2.810393e+00 1.907500e+01
      vertex   1.498993e+00 -2.668101e+00 1.907500e+01
    endloop
  endfacet
  facet normal -5.971586e-01 -8.021232e-01 -3.440283e-16
    outer loop
      vertex   1.498993e+00 -2.668101e+00 1.777500e+01
      vertex   1.498993e+00 -2.668101e+00 1.907500e+01
      vertex   1.350000e+00 -2.557180e+00 1.777500e+01
    endloop
  endfacet
  facet normal -5.971586e-01 -8.021232e-01 2.039936e-16
    outer loop
      vertex   1.350000e+00 -2.557180e+00 1.777500e+01
      vertex   1.498993e+00 -2.668101e+00 1.907500e+01
      vertex   1.350000e+00 -2.557180e+00 1.907500e+01
    endloop
  endfacet
  facet normal -3.960798e-01 -9.182161e-01 1.353037e-16
    outer loop
      vertex   1.350000e+00 -2.557180e+00 1.777500e+01
      vertex   1.350000e+00 -2.557180e+00 1.907500e+01
      vertex   1.179443e+00 -2.483609e+00 1.777500e+01
    endloop
  endfacet
  facet normal -3.960798e-01 -9.182161e-01 6.765183e-17
    outer loop
      vertex   1.179443e+00 -2.483609e+00 1.777500e+01
      vertex   1.350000e+00 -2.557180e+00 1.907500e+01
      vertex   1.179443e+00 -2.483609e+00 1.907500e+01
    endloop
  endfacet
  facet normal -1.736482e-01 -9.848078e-01 2.965972e-17
    outer loop
      vertex   1.179443e+00 -2.483609e+00 1.777500e+01
      vertex   1.179443e+00 -2.483609e+00 1.907500e+01
      vertex   9.965159e-01 -2.451354e+00 1.777500e+01
    endloop
  endfacet
  facet normal -1.736482e-01 -9.848078e-01 4.448959e-17
    outer loop
      vertex   9.965159e-01 -2.451354e+00 1.777500e+01
      vertex   1.179443e+00 -2.483609e+00 1.907500e+01
      vertex   9.965159e-01 -2.451354e+00 1.907500e+01
    endloop
  endfacet
  facet normal 5.814483e-02 -9.983082e-01 -1.489701e-17
    outer loop
      vertex   9.965159e-01 -2.451354e+00 1.777500e+01
      vertex   9.965159e-01 -2.451354e+00 1.907500e+01
      vertex   8.110815e-01 -2.462154e+00 1.777500e+01
    endloop
  endfacet
  facet normal 5.814483e-02 -9.983082e-01 -1.489701e-17
    outer loop
      vertex   8.110815e-01 -2.462154e+00 1.777500e+01
      vertex   9.965159e-01 -2.451354e+00 1.907500e+01
      vertex   8.110815e-01 -2.462154e+00 1.907500e+01
    endloop
  endfacet
  facet normal 2.868032e-01 -9.579895e-01 -7.348051e-17
    outer loop
      vertex   8.110815e-01 -2.462154e+00 1.777500e+01
      vertex   8.110815e-01 -2.462154e+00 1.907500e+01
      vertex   6.331362e-01 -2.515427e+00 1.777500e+01
    endloop
  endfacet
  facet normal 2.868032e-01 -9.579895e-01 -4.898701e-17
    outer loop
      vertex   6.331362e-01 -2.515427e+00 1.777500e+01
      vertex   8.110815e-01 -2.462154e+00 1.907500e+01
      vertex   6.331362e-01 -2.515427e+00 1.907500e+01
    endloop
  endfacet
  facet normal 5.000000e-01 -8.660254e-01 -8.540177e-17
    outer loop
      vertex   6.331362e-01 -2.515427e+00 1.777500e+01
      vertex   6.331362e-01 -2.515427e+00 1.907500e+01
      vertex   4.722731e-01 -2.608302e+00 1.777500e+01
    endloop
  endfacet
  facet normal 5.000000e-01 -8.660254e-01 -1.494531e-16
    outer loop
      vertex   4.722731e-01 -2.608302e+00 1.777500e+01
      vertex   6.331362e-01 -2.515427e+00 1.907500e+01
      vertex   4.722731e-01 -2.608302e+00 1.907500e+01
    endloop
  endfacet
  facet normal 6.862416e-01 -7.273736e-01 -2.051219e-16
    outer loop
      vertex   4.722731e-01 -2.608302e+00 1.777500e+01
      vertex   4.722731e-01 -2.608302e+00 1.907500e+01
      vertex   3.371644e-01 -2.735770e+00 1.777500e+01
    endloop
  endfacet
  facet normal 6.862416e-01 -7.273736e-01 -1.465156e-16
    outer loop
      vertex   3.371644e-01 -2.735770e+00 1.777500e+01
      vertex   4.722731e-01 -2.608302e+00 1.907500e+01
      vertex   3.371644e-01 -2.735770e+00 1.907500e+01
    endloop
  endfacet
  facet normal 8.354878e-01 -5.495090e-01 -1.783803e-16
    outer loop
      vertex   3.371644e-01 -2.735770e+00 1.777500e+01
      vertex   3.371644e-01 -2.735770e+00 1.907500e+01
      vertex   2.350939e-01 -2.890961e+00 1.777500e+01
    endloop
  endfacet
  facet normal 8.354878e-01 -5.495090e-01 9.852599e-17
    outer loop
      vertex   2.350939e-01 -2.890961e+00 1.777500e+01
      vertex   3.371644e-01 -2.735770e+00 1.907500e+01
      vertex   2.350939e-01 -2.890961e+00 1.907500e+01
    endloop
  endfacet
  facet normal 9.396926e-01 -3.420201e-01 1.652224e-17
    outer loop
      vertex   2.350939e-01 -2.890961e+00 1.777500e+01
      vertex   2.350939e-01 -2.890961e+00 1.907500e+01
      vertex   1.715641e-01 -3.065508e+00 1.777500e+01
    endloop
  endfacet
  facet normal 9.396926e-01 -3.420201e-01 1.168365e-16
    outer loop
      vertex   1.715641e-01 -3.065508e+00 1.777500e+01
      vertex   2.350939e-01 -2.890961e+00 1.907500e+01
      vertex   1.715641e-01 -3.065508e+00 1.907500e+01
    endloop
  endfacet
  facet normal 1.000000e+00 0.000000e+00 0.000000e+00
    outer loop
      vertex   8.062629e+00 3.300000e+00 1.637500e+01
      vertex   8.062629e+00 1.750000e+00 1.637500e+01
      vertex   8.062629e+00 3.300000e+00 1.447500e+01
    endloop
  endfacet
  facet normal 1.000000e+00 0.000000e+00 0.000000e+00
    outer loop
      vertex   8.062629e+00 3.300000e+00 1.447500e+01
      vertex   8.062629e+00 1.750000e+00 1.637500e+01
      vertex   8.062629e+00 1.750000e+00 1.447500e+01
    endloop
  endfacet
  facet normal -1.000000e+00 0.000000e+00 0.000000e+00
    outer loop
      vertex   -9.705209e+00 1.030000e+01 1.447500e+01
      vertex   -9.705209e+00 1.029996e+01 1.447500e+01
      vertex   -9.705209e+00 1.030000e+01 1.907500e+01
    endloop
  endfacet
  facet normal -1.000000e+00 -0.000000e+00 0.000000e+00
    outer loop
      vertex   -9.705209e+00 1.030000e+01 1.907500e+01
      vertex   -9.705209e+00 1.029996e+01 1.447500e+01
      vertex   -9.705209e+00 1.029996e+01 1.907500e+01
    endloop
  endfacet
  facet normal 0.000000e+00 1.000000e+00 -0.000000e+00
    outer loop
      vertex   -8.000000e-01 6.175000e+00 1.407500e+01
      vertex   -2.362132e+00 6.175000e+00 1.407500e+01
      vertex   -8.000000e-01 6.175000e+00 1.447500e+01
    endloop
  endfacet
  facet normal 0.000000e+00 1.000000e+00 0.000000e+00
    outer loop
      vertex   -8.000000e-01 6.175000e+00 1.447500e+01
      vertex   -2.362132e+00 6.175000e+00 1.407500e+01
      vertex   -2.362132e+00 6.175000e+00 1.447500e+01
    endloop
  endfacet
  facet normal 0.000000e+00 -1.000000e+00 0.000000e+00
    outer loop
      vertex   -2.556294e+00 -8.250002e-01 1.407500e+01
      vertex   -8.000000e-01 -8.250002e-01 1.407500e+01
      vertex   -2.556294e+00 -8.250002e-01 1.447500e+01
    endloop
  endfacet
  facet normal 0.000000e+00 -1.000000e+00 0.000000e+00
    outer loop
      vertex   -2.556294e+00 -8.250002e-01 1.447500e+01
      vertex   -8.000000e-01 -8.250002e-01 1.407500e+01
      vertex   -8.000000e-01 -8.250002e-01 1.447500e+01
    endloop
  endfacet
  facet normal 0.000000e+00 1.000000e+00 -0.000000e+00
    outer loop
      vertex   4.500000e+00 6.175000e+00 1.407500e+01
      vertex   2.700000e+00 6.175000e+00 1.407500e+01
      vertex   4.500000e+00 6.175000e+00 1.447500e+01
    endloop
  endfacet
  facet normal 0.000000e+00 1.000000e+00 0.000000e+00
    outer loop
      vertex   4.500000e+00 6.175000e+00 1.447500e+01
      vertex   2.700000e+00 6.175000e+00 1.407500e+01
      vertex   2.700000e+00 6.175000e+00 1.447500e+01
    endloop
  endfacet
  facet normal -3.083953e-16 -1.000000e+00 0.000000e+00
    outer loop
      vertex   2.700000e+00 -8.250002e-01 1.407500e+01
      vertex   4.500000e+00 -8.250002e-01 1.407500e+01
      vertex   2.700000e+00 -8.250002e-01 1.447500e+01
    endloop
  endfacet
  facet normal -3.083953e-16 -1.000000e+00 0.000000e+00
    outer loop
      vertex   2.700000e+00 -8.250002e-01 1.447500e+01
      vertex   4.500000e+00 -8.250002e-01 1.407500e+01
      vertex   4.500000e+00 -8.250002e-01 1.447500e+01
    endloop
  endfacet
  facet normal -1.000000e+00 0.000000e+00 0.000000e+00
    outer loop
      vertex   -2.350000e+01 -2.500002e-01 1.447500e+01
      vertex   -2.350000e+01 -2.500002e-01 1.657500e+01
      vertex   -2.350000e+01 2.025000e+00 1.447500e+01
    endloop
  endfacet
  facet normal -1.000000e+00 0.000000e+00 0.000000e+00
    outer loop
      vertex   -2.350000e+01 2.025000e+00 1.447500e+01
      vertex   -2.350000e+01 -2.500002e-01 1.657500e+01
      vertex   -2.350000e+01 2.025000e+00 1.907500e+01
    endloop
  endfacet
  facet normal -1.000000e+00 -0.000000e+00 0.000000e+00
    outer loop
      vertex   -2.350000e+01 2.025000e+00 1.907500e+01
      vertex   -2.350000e+01 -2.500002e-01 1.657500e+01
      vertex   -2.350000e+01 -2.500002e-01 1.907500e+01
    endloop
  endfacet
  facet normal -4.048093e-01 -9.143971e-01 2.735882e-03
    outer loop
      vertex   -2.328916e+01 -3.433404e-01 1.447500e+01
      vertex   -2.336125e+01 -3.070268e-01 1.594512e+01
      vertex   -2.350000e+01 -2.500002e-01 1.447500e+01
    endloop
  endfacet
  facet normal -4.022413e-01 -9.155304e-01 2.449559e-03
    outer loop
      vertex   -2.350000e+01 -2.500002e-01 1.447500e+01
      vertex   -2.336125e+01 -3.070268e-01 1.594512e+01
      vertex   -2.342148e+01 -2.801589e-01 1.609652e+01
    endloop
  endfacet
  facet normal -3.728842e-01 -9.278775e-01 7.983700e-04
    outer loop
      vertex   -2.350000e+01 -2.500002e-01 1.447500e+01
      vertex   -2.342148e+01 -2.801589e-01 1.609652e+01
      vertex   -2.346490e+01 -2.625726e-01 1.625467e+01
    endloop
  endfacet
  facet normal -5.401688e-01 -8.415491e-01 3.575758e-03
    outer loop
      vertex   -2.309512e+01 -4.678918e-01 1.447500e+01
      vertex   -2.319998e+01 -3.954780e-01 1.567565e+01
      vertex   -2.328916e+01 -3.433404e-01 1.447500e+01
    endloop
  endfacet
  facet normal -5.049054e-01 -8.631747e-01 1.757119e-05
    outer loop
      vertex   -2.328916e+01 -3.433404e-01 1.447500e+01
      vertex   -2.319998e+01 -3.954780e-01 1.567565e+01
      vertex   -2.328613e+01 -3.450871e-01 1.580397e+01
    endloop
  endfacet
  facet normal -4.521557e-01 -8.919390e-01 -1.406019e-04
    outer loop
      vertex   -2.328916e+01 -3.433404e-01 1.447500e+01
      vertex   -2.328613e+01 -3.450871e-01 1.580397e+01
      vertex   -2.336125e+01 -3.070268e-01 1.594512e+01
    endloop
  endfacet
  facet normal -6.627651e-01 -7.488178e-01 3.786091e-03
    outer loop
      vertex   -2.292246e+01 -6.207115e-01 1.447500e+01
      vertex   -2.300721e+01 -5.406967e-01 1.546419e+01
      vertex   -2.309512e+01 -4.678918e-01 1.447500e+01
    endloop
  endfacet
  facet normal -6.338722e-01 -7.734376e-01 -5.936258e-04
    outer loop
      vertex   -2.309512e+01 -4.678918e-01 1.447500e+01
      vertex   -2.300721e+01 -5.406967e-01 1.546419e+01
      vertex   -2.310682e+01 -4.591376e-01 1.556263e+01
    endloop
  endfacet
  facet normal -5.636756e-01 -8.259961e-01 5.845663e-04
    outer loop
      vertex   -2.309512e+01 -4.678918e-01 1.447500e+01
      vertex   -2.310682e+01 -4.591376e-01 1.556263e+01
      vertex   -2.319998e+01 -3.954780e-01 1.567565e+01
    endloop
  endfacet
  facet normal -7.697025e-01 -6.383941e-01 3.309091e-03
    outer loop
      vertex   -2.277526e+01 -7.981884e-01 1.447500e+01
      vertex   -2.280371e+01 -7.595627e-01 1.530862e+01
      vertex   -2.292246e+01 -6.207115e-01 1.447500e+01
    endloop
  endfacet
  facet normal -7.616083e-01 -6.480374e-01 5.498696e-04
    outer loop
      vertex   -2.292246e+01 -6.207115e-01 1.447500e+01
      vertex   -2.280371e+01 -7.595627e-01 1.530862e+01
      vertex   -2.290246e+01 -6.434444e-01 1.537791e+01
    endloop
  endfacet
  facet normal -7.012709e-01 -7.128908e-01 -2.419133e-03
    outer loop
      vertex   -2.292246e+01 -6.207115e-01 1.447500e+01
      vertex   -2.290246e+01 -6.434444e-01 1.537791e+01
      vertex   -2.300721e+01 -5.406967e-01 1.546419e+01
    endloop
  endfacet
  facet normal -8.274624e-01 -5.615168e-01 -2.224413e-03
    outer loop
      vertex   -2.280371e+01 -7.595627e-01 1.530862e+01
      vertex   -2.277526e+01 -7.981884e-01 1.447500e+01
      vertex   -2.271848e+01 -8.849608e-01 1.525829e+01
    endloop
  endfacet
  facet normal -8.584434e-01 -5.128798e-01 5.409252e-03
    outer loop
      vertex   -2.271848e+01 -8.849608e-01 1.525829e+01
      vertex   -2.277526e+01 -7.981884e-01 1.447500e+01
      vertex   -2.265699e+01 -9.961288e-01 1.447500e+01
    endloop
  endfacet
  facet normal -8.814969e-01 -4.721848e-01 -2.175842e-03
    outer loop
      vertex   -2.271848e+01 -8.849608e-01 1.525829e+01
      vertex   -2.265699e+01 -9.961288e-01 1.447500e+01
      vertex   -2.264295e+01 -1.025786e+00 1.521982e+01
    endloop
  endfacet
  facet normal -9.261859e-01 -3.770592e-01 2.454764e-03
    outer loop
      vertex   -2.264295e+01 -1.025786e+00 1.521982e+01
      vertex   -2.265699e+01 -9.961288e-01 1.447500e+01
      vertex   -2.258073e+01 -1.178799e+00 1.519198e+01
    endloop
  endfacet
  facet normal -9.269164e-01 -3.752561e-01 2.991867e-03
    outer loop
      vertex   -2.258073e+01 -1.178799e+00 1.519198e+01
      vertex   -2.265699e+01 -9.961288e-01 1.447500e+01
      vertex   -2.257047e+01 -1.209856e+00 1.447500e+01
    endloop
  endfacet
  facet normal -9.631214e-01 -2.690588e-01 -2.126276e-03
    outer loop
      vertex   -2.258073e+01 -1.178799e+00 1.519198e+01
      vertex   -2.257047e+01 -1.209856e+00 1.447500e+01
      vertex   -2.253572e+01 -1.339767e+00 1.517382e+01
    endloop
  endfacet
  facet normal -9.734658e-01 -2.287572e-01 5.880199e-03
    outer loop
      vertex   -2.253572e+01 -1.339767e+00 1.517382e+01
      vertex   -2.257047e+01 -1.209856e+00 1.447500e+01
      vertex   -2.251772e+01 -1.434319e+00 1.447500e+01
    endloop
  endfacet
  facet normal -9.868576e-01 -1.615529e-01 -3.557461e-03
    outer loop
      vertex   -2.253572e+01 -1.339767e+00 1.517382e+01
      vertex   -2.251772e+01 -1.434319e+00 1.447500e+01
      vertex   -2.250889e+01 -1.503440e+00 1.516384e+01
    endloop
  endfacet
  facet normal -9.970291e-01 -7.685810e-02 5.071672e-03
    outer loop
      vertex   -2.250889e+01 -1.503440e+00 1.516384e+01
      vertex   -2.251772e+01 -1.434319e+00 1.447500e+01
      vertex   -2.250000e+01 -1.664214e+00 1.447500e+01
    endloop
  endfacet
  facet normal -9.984749e-01 -5.520825e-02 -1.767327e-17
    outer loop
      vertex   -2.250889e+01 -1.503440e+00 1.516384e+01
      vertex   -2.250000e+01 -1.664214e+00 1.447500e+01
      vertex   -2.250000e+01 -1.664214e+00 1.516079e+01
    endloop
  endfacet
  facet normal -3.436191e-01 -9.391091e-01 1.419158e-04
    outer loop
      vertex   -2.346490e+01 -2.625726e-01 1.625467e+01
      vertex   -2.349118e+01 -2.529354e-01 1.641551e+01
      vertex   -2.350000e+01 -2.500002e-01 1.447500e+01
    endloop
  endfacet
  facet normal -3.156554e-01 -9.488739e-01 0.000000e+00
    outer loop
      vertex   -2.350000e+01 -2.500002e-01 1.447500e+01
      vertex   -2.349118e+01 -2.529354e-01 1.641551e+01
      vertex   -2.350000e+01 -2.500002e-01 1.657500e+01
    endloop
  endfacet
  facet normal -1.000000e+00 0.000000e+00 0.000000e+00
    outer loop
      vertex   -2.250000e+01 -3.250000e+00 1.447500e+01
      vertex   -2.250000e+01 -3.250000e+00 1.516079e+01
      vertex   -2.250000e+01 -1.664214e+00 1.447500e+01
    endloop
  endfacet
  facet normal -1.000000e+00 0.000000e+00 0.000000e+00
    outer loop
      vertex   -2.250000e+01 -1.664214e+00 1.447500e+01
      vertex   -2.250000e+01 -3.250000e+00 1.516079e+01
      vertex   -2.250000e+01 -1.664214e+00 1.516079e+01
    endloop
  endfacet
  facet normal 0.000000e+00 -1.000000e+00 0.000000e+00
    outer loop
      vertex   -2.050926e+01 -3.250000e+00 1.447500e+01
      vertex   -2.177446e+01 -3.250000e+00 1.509205e+01
      vertex   -2.250000e+01 -3.250000e+00 1.447500e+01
    endloop
  endfacet
  facet normal 0.000000e+00 -1.000000e+00 0.000000e+00
    outer loop
      vertex   -2.250000e+01 -3.250000e+00 1.447500e+01
      vertex   -2.177446e+01 -3.250000e+00 1.509205e+01
      vertex   -2.201899e+01 -3.250000e+00 1.507512e+01
    endloop
  endfacet
  facet normal 0.000000e+00 -1.000000e+00 0.000000e+00
    outer loop
      vertex   -2.250000e+01 -3.250000e+00 1.447500e+01
      vertex   -2.201899e+01 -3.250000e+00 1.507512e+01
      vertex   -2.226301e+01 -3.250000e+00 1.509824e+01
    endloop
  endfacet
  facet normal 0.000000e+00 -1.000000e+00 -0.000000e+00
    outer loop
      vertex   -2.050926e+01 -3.250000e+00 1.640861e+01
      vertex   -2.055626e+01 -3.250000e+00 1.616805e+01
      vertex   -2.050926e+01 -3.250000e+00 1.447500e+01
    endloop
  endfacet
  facet normal 0.000000e+00 -1.000000e+00 0.000000e+00
    outer loop
      vertex   -2.050926e+01 -3.250000e+00 1.447500e+01
      vertex   -2.055626e+01 -3.250000e+00 1.616805e+01
      vertex   -2.064181e+01 -3.250000e+00 1.593835e+01
    endloop
  endfacet
  facet normal 0.000000e+00 -1.000000e+00 0.000000e+00
    outer loop
      vertex   -2.050926e+01 -3.250000e+00 1.447500e+01
      vertex   -2.064181e+01 -3.250000e+00 1.593835e+01
      vertex   -2.076363e+01 -3.250000e+00 1.572566e+01
    endloop
  endfacet
  facet normal 0.000000e+00 -1.000000e+00 -0.000000e+00
    outer loop
      vertex   -2.076363e+01 -3.250000e+00 1.572566e+01
      vertex   -2.091846e+01 -3.250000e+00 1.553564e+01
      vertex   -2.050926e+01 -3.250000e+00 1.447500e+01
    endloop
  endfacet
  facet normal 0.000000e+00 -1.000000e+00 0.000000e+00
    outer loop
      vertex   -2.050926e+01 -3.250000e+00 1.447500e+01
      vertex   -2.091846e+01 -3.250000e+00 1.553564e+01
      vertex   -2.110217e+01 -3.250000e+00 1.537338e+01
    endloop
  endfacet
  facet normal 0.000000e+00 -1.000000e+00 0.000000e+00
    outer loop
      vertex   -2.050926e+01 -3.250000e+00 1.447500e+01
      vertex   -2.110217e+01 -3.250000e+00 1.537338e+01
      vertex   -2.130985e+01 -3.250000e+00 1.524320e+01
    endloop
  endfacet
  facet normal 0.000000e+00 -1.000000e+00 -0.000000e+00
    outer loop
      vertex   -2.130985e+01 -3.250000e+00 1.524320e+01
      vertex   -2.153596e+01 -3.250000e+00 1.514858e+01
      vertex   -2.050926e+01 -3.250000e+00 1.447500e+01
    endloop
  endfacet
  facet normal 0.000000e+00 -1.000000e+00 0.000000e+00
    outer loop
      vertex   -2.050926e+01 -3.250000e+00 1.447500e+01
      vertex   -2.153596e+01 -3.250000e+00 1.514858e+01
      vertex   -2.177446e+01 -3.250000e+00 1.509205e+01
    endloop
  endfacet
  facet normal -0.000000e+00 -1.000000e+00 0.000000e+00
    outer loop
      vertex   -2.226301e+01 -3.250000e+00 1.509824e+01
      vertex   -2.250000e+01 -3.250000e+00 1.516079e+01
      vertex   -2.250000e+01 -3.250000e+00 1.447500e+01
    endloop
  endfacet
  facet normal -3.864034e-02 -9.992532e-01 0.000000e+00
    outer loop
      vertex   -2.050926e+01 -3.250000e+00 1.447500e+01
      vertex   -1.996870e+01 -3.270903e+00 1.447500e+01
      vertex   -2.050926e+01 -3.250000e+00 1.640861e+01
    endloop
  endfacet
  facet normal -3.864034e-02 -9.992532e-01 0.000000e+00
    outer loop
      vertex   -2.050926e+01 -3.250000e+00 1.640861e+01
      vertex   -1.996870e+01 -3.270903e+00 1.447500e+01
      vertex   -2.050926e+01 -3.250000e+00 1.674139e+01
    endloop
  endfacet
  facet normal -3.864034e-02 -9.992532e-01 -9.620164e-17
    outer loop
      vertex   -2.050926e+01 -3.250000e+00 1.674139e+01
      vertex   -1.996870e+01 -3.270903e+00 1.447500e+01
      vertex   -1.996870e+01 -3.270903e+00 1.907500e+01
    endloop
  endfacet
  facet normal -3.864034e-02 -9.992532e-01 0.000000e+00
    outer loop
      vertex   -2.050926e+01 -3.250000e+00 1.674139e+01
      vertex   -1.996870e+01 -3.270903e+00 1.907500e+01
      vertex   -2.050926e+01 -3.250000e+00 1.907500e+01
    endloop
  endfacet
  facet normal -1.156903e-01 -9.932853e-01 -9.589289e-17
    outer loop
      vertex   -1.996870e+01 -3.270903e+00 1.907500e+01
      vertex   -1.996870e+01 -3.270903e+00 1.447500e+01
      vertex   -1.943136e+01 -3.333488e+00 1.907500e+01
    endloop
  endfacet
  facet normal -1.156903e-01 -9.932853e-01 -9.589289e-17
    outer loop
      vertex   -1.943136e+01 -3.333488e+00 1.907500e+01
      vertex   -1.996870e+01 -3.270903e+00 1.447500e+01
      vertex   -1.943136e+01 -3.333488e+00 1.447500e+01
    endloop
  endfacet
  facet normal -1.920492e-01 -9.813853e-01 -9.474405e-17
    outer loop
      vertex   -1.943136e+01 -3.333488e+00 1.907500e+01
      vertex   -1.943136e+01 -3.333488e+00 1.447500e+01
      vertex   -1.890047e+01 -3.437380e+00 1.907500e+01
    endloop
  endfacet
  facet normal -1.920492e-01 -9.813853e-01 -1.894881e-16
    outer loop
      vertex   -1.890047e+01 -3.437380e+00 1.907500e+01
      vertex   -1.943136e+01 -3.333488e+00 1.447500e+01
      vertex   -1.890047e+01 -3.437380e+00 1.447500e+01
    endloop
  endfacet
  facet normal -2.672612e-01 -9.636241e-01 -1.860587e-16
    outer loop
      vertex   -1.890047e+01 -3.437380e+00 1.907500e+01
      vertex   -1.890047e+01 -3.437380e+00 1.447500e+01
      vertex   -1.837918e+01 -3.581958e+00 1.907500e+01
    endloop
  endfacet
  facet normal -2.672612e-01 -9.636241e-01 2.994430e-16
    outer loop
      vertex   -1.837918e+01 -3.581958e+00 1.907500e+01
      vertex   -1.890047e+01 -3.437380e+00 1.447500e+01
      vertex   -1.837918e+01 -3.581958e+00 1.447500e+01
    endloop
  endfacet
  facet normal -3.408771e-01 -9.401079e-01 3.540284e-16
    outer loop
      vertex   -1.837918e+01 -3.581958e+00 1.907500e+01
      vertex   -1.837918e+01 -3.581958e+00 1.447500e+01
      vertex   -1.787062e+01 -3.766361e+00 1.907500e+01
    endloop
  endfacet
  facet normal -3.408771e-01 -9.401079e-01 -0.000000e+00
    outer loop
      vertex   -1.787062e+01 -3.766361e+00 1.907500e+01
      vertex   -1.837918e+01 -3.581958e+00 1.447500e+01
      vertex   -1.787062e+01 -3.766361e+00 1.447500e+01
    endloop
  endfacet
  facet normal -4.124571e-01 -9.109770e-01 -0.000000e+00
    outer loop
      vertex   -1.787062e+01 -3.766361e+00 1.907500e+01
      vertex   -1.787062e+01 -3.766361e+00 1.447500e+01
      vertex   -1.737781e+01 -3.989486e+00 1.907500e+01
    endloop
  endfacet
  facet normal -4.124571e-01 -9.109770e-01 -2.638403e-16
    outer loop
      vertex   -1.737781e+01 -3.989486e+00 1.907500e+01
      vertex   -1.787062e+01 -3.766361e+00 1.447500e+01
      vertex   -1.737781e+01 -3.989486e+00 1.447500e+01
    endloop
  endfacet
  facet normal -4.815738e-01 -8.764055e-01 -2.538276e-16
    outer loop
      vertex   -1.737781e+01 -3.989486e+00 1.907500e+01
      vertex   -1.737781e+01 -3.989486e+00 1.447500e+01
      vertex   -1.690371e+01 -4.250000e+00 1.907500e+01
    endloop
  endfacet
  facet normal -4.815738e-01 -8.764055e-01 3.719334e-16
    outer loop
      vertex   -1.690371e+01 -4.250000e+00 1.907500e+01
      vertex   -1.737781e+01 -3.989486e+00 1.447500e+01
      vertex   -1.690371e+01 -4.250000e+00 1.447500e+01
    endloop
  endfacet
  facet normal -4.815738e-01 -8.764055e-01 3.719334e-16
    outer loop
      vertex   -1.690371e+01 -4.250000e+00 1.907500e+01
      vertex   -1.690371e+01 -4.250000e+00 1.447500e+01
      vertex   -1.642960e+01 -4.510515e+00 1.907500e+01
    endloop
  endfacet
  facet normal -4.815738e-01 -8.764055e-01 -1.357217e-16
    outer loop
      vertex   -1.642960e+01 -4.510515e+00 1.907500e+01
      vertex   -1.690371e+01 -4.250000e+00 1.447500e+01
      vertex   -1.642960e+01 -4.510515e+00 1.447500e+01
    endloop
  endfacet
  facet normal -4.124571e-01 -9.109770e-01 -2.091279e-16
    outer loop
      vertex   -1.642960e+01 -4.510515e+00 1.907500e+01
      vertex   -1.642960e+01 -4.510515e+00 1.447500e+01
      vertex   -1.593680e+01 -4.733639e+00 1.907500e+01
    endloop
  endfacet
  facet normal -4.124571e-01 -9.109770e-01 1.426591e-16
    outer loop
      vertex   -1.593680e+01 -4.733639e+00 1.907500e+01
      vertex   -1.642960e+01 -4.510515e+00 1.447500e+01
      vertex   -1.593680e+01 -4.733639e+00 1.447500e+01
    endloop
  endfacet
  facet normal -3.408771e-01 -9.401079e-01 8.175112e-17
    outer loop
      vertex   -1.593680e+01 -4.733639e+00 1.907500e+01
      vertex   -1.593680e+01 -4.733639e+00 1.447500e+01
      vertex   -1.542823e+01 -4.918042e+00 1.907500e+01
    endloop
  endfacet
  facet normal -3.408771e-01 -9.401079e-01 8.175112e-17
    outer loop
      vertex   -1.542823e+01 -4.918042e+00 1.907500e+01
      vertex   -1.593680e+01 -4.733639e+00 1.447500e+01
      vertex   -1.542823e+01 -4.918042e+00 1.447500e+01
    endloop
  endfacet
  facet normal -2.672612e-01 -9.636241e-01 2.035490e-17
    outer loop
      vertex   -1.542823e+01 -4.918042e+00 1.907500e+01
      vertex   -1.542823e+01 -4.918042e+00 1.447500e+01
      vertex   -1.490694e+01 -5.062621e+00 1.907500e+01
    endloop
  endfacet
  facet normal -2.672612e-01 -9.636241e-01 2.035490e-17
    outer loop
      vertex   -1.490694e+01 -5.062621e+00 1.907500e+01
      vertex   -1.542823e+01 -4.918042e+00 1.447500e+01
      vertex   -1.490694e+01 -5.062621e+00 1.447500e+01
    endloop
  endfacet
  facet normal -1.920492e-01 -9.813853e-01 -4.116289e-17
    outer loop
      vertex   -1.490694e+01 -5.062621e+00 1.907500e+01
      vertex   -1.490694e+01 -5.062621e+00 1.447500e+01
      vertex   -1.437605e+01 -5.166513e+00 1.907500e+01
    endloop
  endfacet
  facet normal -1.920492e-01 -9.813853e-01 -4.116289e-17
    outer loop
      vertex   -1.437605e+01 -5.166513e+00 1.907500e+01
      vertex   -1.490694e+01 -5.062621e+00 1.447500e+01
      vertex   -1.437605e+01 -5.166513e+00 1.447500e+01
    endloop
  endfacet
  facet normal -1.156903e-01 -9.932853e-01 -1.024348e-16
    outer loop
      vertex   -1.437605e+01 -5.166513e+00 1.907500e+01
      vertex   -1.437605e+01 -5.166513e+00 1.447500e+01
      vertex   -1.383872e+01 -5.229097e+00 1.907500e+01
    endloop
  endfacet
  facet normal -1.156903e-01 -9.932853e-01 1.917858e-16
    outer loop
      vertex   -1.383872e+01 -5.229097e+00 1.907500e+01
      vertex   -1.437605e+01 -5.166513e+00 1.447500e+01
      vertex   -1.383872e+01 -5.229097e+00 1.447500e+01
    endloop
  endfacet
  facet normal -3.864034e-02 -9.992532e-01 1.929381e-16
    outer loop
      vertex   -1.383872e+01 -5.229097e+00 1.907500e+01
      vertex   -1.383872e+01 -5.229097e+00 1.447500e+01
      vertex   -1.329816e+01 -5.250000e+00 1.907500e+01
    endloop
  endfacet
  facet normal -3.864034e-02 -9.992532e-01 -0.000000e+00
    outer loop
      vertex   -1.329816e+01 -5.250000e+00 1.907500e+01
      vertex   -1.383872e+01 -5.229097e+00 1.447500e+01
      vertex   -1.329816e+01 -5.250000e+00 1.447500e+01
    endloop
  endfacet
  facet normal 6.375198e-04 9.544954e-01 -2.982250e-01
    outer loop
      vertex   -2.600000e+00 4.718805e+00 1.293485e+01
      vertex   -2.600000e+00 4.772959e+00 1.310818e+01
      vertex   -8.000000e-01 4.765461e+00 1.308803e+01
    endloop
  endfacet
  facet normal -1.687797e-04 9.321958e-01 -3.619543e-01
    outer loop
      vertex   -8.000000e-01 4.765461e+00 1.308803e+01
      vertex   -2.600000e+00 4.772959e+00 1.310818e+01
      vertex   -2.561018e+00 4.780967e+00 1.312879e+01
    endloop
  endfacet
  facet normal -5.814403e-04 9.260338e-01 -3.774401e-01
    outer loop
      vertex   -8.000000e-01 4.765461e+00 1.308803e+01
      vertex   -2.561018e+00 4.780967e+00 1.312879e+01
      vertex   -2.524577e+00 4.791798e+00 1.315530e+01
    endloop
  endfacet
  facet normal -1.967501e-03 9.130323e-01 -4.078826e-01
    outer loop
      vertex   -2.524577e+00 4.791798e+00 1.315530e+01
      vertex   -2.458038e+00 4.820918e+00 1.322017e+01
      vertex   -8.000000e-01 4.765461e+00 1.308803e+01
    endloop
  endfacet
  facet normal -3.366746e-03 9.063027e-01 -4.226159e-01
    outer loop
      vertex   -8.000000e-01 4.765461e+00 1.308803e+01
      vertex   -2.458038e+00 4.820918e+00 1.322017e+01
      vertex   -8.000000e-01 4.875962e+00 1.332500e+01
    endloop
  endfacet
  facet normal 1.201597e-03 8.774277e-01 -4.797074e-01
    outer loop
      vertex   -8.000000e-01 4.875962e+00 1.332500e+01
      vertex   -2.458038e+00 4.820918e+00 1.322017e+01
      vertex   -2.351905e+00 4.900012e+00 1.336510e+01
    endloop
  endfacet
  facet normal -2.281063e-03 8.162033e-01 -5.777603e-01
    outer loop
      vertex   -8.000000e-01 4.875962e+00 1.332500e+01
      vertex   -2.351905e+00 4.900012e+00 1.336510e+01
      vertex   -2.272463e+00 5.008258e+00 1.351771e+01
    endloop
  endfacet
  facet normal -1.468568e-03 8.191512e-01 -5.735758e-01
    outer loop
      vertex   -8.000000e-01 4.875962e+00 1.332500e+01
      vertex   -2.272463e+00 5.008258e+00 1.351771e+01
      vertex   -8.000000e-01 5.025933e+00 1.353918e+01
    endloop
  endfacet
  facet normal 4.663782e-04 7.561469e-01 -6.544017e-01
    outer loop
      vertex   -8.000000e-01 5.025933e+00 1.353918e+01
      vertex   -2.272463e+00 5.008258e+00 1.351771e+01
      vertex   -2.244815e+00 5.072926e+00 1.359245e+01
    endloop
  endfacet
  facet normal -2.724950e-03 7.120844e-01 -7.020886e-01
    outer loop
      vertex   -8.000000e-01 5.025933e+00 1.353918e+01
      vertex   -2.244815e+00 5.072926e+00 1.359245e+01
      vertex   -2.227251e+00 5.142740e+00 1.366319e+01
    endloop
  endfacet
  facet normal -3.568310e-03 7.071023e-01 -7.071023e-01
    outer loop
      vertex   -8.000000e-01 5.025933e+00 1.353918e+01
      vertex   -2.227251e+00 5.142740e+00 1.366319e+01
      vertex   -8.000000e-01 5.210818e+00 1.372407e+01
    endloop
  endfacet
  facet normal 1.388933e-04 6.649546e-01 -7.468838e-01
    outer loop
      vertex   -8.000000e-01 5.210818e+00 1.372407e+01
      vertex   -2.227251e+00 5.142740e+00 1.366319e+01
      vertex   -2.220947e+00 5.215640e+00 1.372810e+01
    endloop
  endfacet
  facet normal -1.582736e-04 6.132912e-01 -7.898568e-01
    outer loop
      vertex   -8.000000e-01 5.210818e+00 1.372407e+01
      vertex   -2.220947e+00 5.215640e+00 1.372810e+01
      vertex   -2.227504e+00 5.293259e+00 1.378836e+01
    endloop
  endfacet
  facet normal -3.771361e-03 5.735724e-01 -8.191462e-01
    outer loop
      vertex   -8.000000e-01 5.210818e+00 1.372407e+01
      vertex   -2.227504e+00 5.293259e+00 1.378836e+01
      vertex   -8.000000e-01 5.425000e+00 1.387404e+01
    endloop
  endfacet
  facet normal -2.120276e-03 5.612206e-01 -8.276635e-01
    outer loop
      vertex   -8.000000e-01 5.425000e+00 1.387404e+01
      vertex   -2.227504e+00 5.293259e+00 1.378836e+01
      vertex   -2.249507e+00 5.375085e+00 1.384391e+01
    endloop
  endfacet
  facet normal 4.752074e-04 5.066643e-01 -8.621433e-01
    outer loop
      vertex   -8.000000e-01 5.425000e+00 1.387404e+01
      vertex   -2.249507e+00 5.375085e+00 1.384391e+01
      vertex   -2.289087e+00 5.455144e+00 1.389093e+01
    endloop
  endfacet
  facet normal -8.702072e-04 4.558475e-01 -8.900575e-01
    outer loop
      vertex   -2.289087e+00 5.455144e+00 1.389093e+01
      vertex   -2.344882e+00 5.527429e+00 1.392801e+01
      vertex   -8.000000e-01 5.425000e+00 1.387404e+01
    endloop
  endfacet
  facet normal -3.641065e-03 4.226155e-01 -9.063018e-01
    outer loop
      vertex   -8.000000e-01 5.425000e+00 1.387404e+01
      vertex   -2.344882e+00 5.527429e+00 1.392801e+01
      vertex   -8.000000e-01 5.661970e+00 1.398454e+01
    endloop
  endfacet
  facet normal -2.255962e-03 4.092763e-01 -9.124077e-01
    outer loop
      vertex   -8.000000e-01 5.661970e+00 1.398454e+01
      vertex   -2.344882e+00 5.527429e+00 1.392801e+01
      vertex   -2.416147e+00 5.588100e+00 1.395540e+01
    endloop
  endfacet
  facet normal -4.402784e-04 3.752741e-01 -9.269138e-01
    outer loop
      vertex   -8.000000e-01 5.661970e+00 1.398454e+01
      vertex   -2.416147e+00 5.588100e+00 1.395540e+01
      vertex   -2.503391e+00 5.634975e+00 1.397442e+01
    endloop
  endfacet
  facet normal -1.508296e-06 3.511177e-01 -9.363313e-01
    outer loop
      vertex   -2.503391e+00 5.634975e+00 1.397442e+01
      vertex   -2.600000e+00 5.661704e+00 1.398444e+01
      vertex   -8.000000e-01 5.661970e+00 1.398454e+01
    endloop
  endfacet
  facet normal 2.290071e-06 3.283698e-01 -9.445493e-01
    outer loop
      vertex   -8.000000e-01 5.661970e+00 1.398454e+01
      vertex   -2.600000e+00 5.661704e+00 1.398444e+01
      vertex   -2.600000e+00 5.703292e+00 1.399890e+01
    endloop
  endfacet
  facet normal -7.110385e-04 3.005056e-01 -9.537798e-01
    outer loop
      vertex   -8.000000e-01 5.661970e+00 1.398454e+01
      vertex   -2.600000e+00 5.703292e+00 1.399890e+01
      vertex   -2.600000e+00 5.745287e+00 1.401213e+01
    endloop
  endfacet
  facet normal -2.141686e-03 2.723820e-01 -9.621868e-01
    outer loop
      vertex   -2.600000e+00 5.745287e+00 1.401213e+01
      vertex   -2.600000e+00 5.787652e+00 1.402412e+01
      vertex   -8.000000e-01 5.661970e+00 1.398454e+01
    endloop
  endfacet
  facet normal -3.170915e-03 2.588177e-01 -9.659210e-01
    outer loop
      vertex   -8.000000e-01 5.661970e+00 1.398454e+01
      vertex   -2.600000e+00 5.787652e+00 1.402412e+01
      vertex   -8.000000e-01 5.914528e+00 1.405221e+01
    endloop
  endfacet
  facet normal -1.320150e-03 2.339606e-01 -9.722452e-01
    outer loop
      vertex   -8.000000e-01 5.914528e+00 1.405221e+01
      vertex   -2.600000e+00 5.787652e+00 1.402412e+01
      vertex   -2.517636e+00 5.864363e+00 1.404247e+01
    endloop
  endfacet
  facet normal 4.494786e-04 1.757354e-01 -9.844373e-01
    outer loop
      vertex   -8.000000e-01 5.914528e+00 1.405221e+01
      vertex   -2.517636e+00 5.864363e+00 1.404247e+01
      vertex   -2.448432e+00 5.956401e+00 1.405893e+01
    endloop
  endfacet
  facet normal -1.213522e-03 1.117614e-01 -9.937343e-01
    outer loop
      vertex   -2.448432e+00 5.956401e+00 1.405893e+01
      vertex   -2.395262e+00 6.061703e+00 1.407071e+01
      vertex   -8.000000e-01 5.914528e+00 1.405221e+01
    endloop
  endfacet
  facet normal -3.512101e-03 8.715521e-02 -9.961886e-01
    outer loop
      vertex   -8.000000e-01 5.914528e+00 1.405221e+01
      vertex   -2.395262e+00 6.061703e+00 1.407071e+01
      vertex   -8.000000e-01 6.175000e+00 1.407500e+01
    endloop
  endfacet
  facet normal 0.000000e+00 3.782059e-02 -9.992845e-01
    outer loop
      vertex   -8.000000e-01 6.175000e+00 1.407500e+01
      vertex   -2.395262e+00 6.061703e+00 1.407071e+01
      vertex   -2.362132e+00 6.175000e+00 1.407500e+01
    endloop
  endfacet
  facet normal -3.012097e-03 9.659214e-01 -2.588179e-01
    outer loop
      vertex   -8.000000e-01 4.765461e+00 1.308803e+01
      vertex   -8.000000e-01 4.697788e+00 1.283547e+01
      vertex   -2.600000e+00 4.718805e+00 1.293485e+01
    endloop
  endfacet
  facet normal 1.506591e-03 9.835369e-01 -1.807012e-01
    outer loop
      vertex   -2.600000e+00 4.718805e+00 1.293485e+01
      vertex   -8.000000e-01 4.697788e+00 1.283547e+01
      vertex   -2.600000e+00 4.685991e+00 1.275626e+01
    endloop
  endfacet
  facet normal -2.693227e-03 9.961911e-01 -8.715543e-02
    outer loop
      vertex   -2.600000e+00 4.685991e+00 1.275626e+01
      vertex   -8.000000e-01 4.697788e+00 1.283547e+01
      vertex   -8.000000e-01 4.675000e+00 1.257500e+01
    endloop
  endfacet
  facet normal 4.922473e-16 9.981664e-01 -6.052949e-02
    outer loop
      vertex   -2.600000e+00 4.685991e+00 1.275626e+01
      vertex   -8.000000e-01 4.675000e+00 1.257500e+01
      vertex   -2.600000e+00 4.675000e+00 1.257500e+01
    endloop
  endfacet
  facet normal 4.915548e-16 9.961947e-01 -8.715574e-02
    outer loop
      vertex   -2.600000e+00 4.675000e+00 1.157500e+01
      vertex   -8.000000e-01 4.675000e+00 1.157500e+01
      vertex   -2.600000e+00 4.652211e+00 1.131453e+01
    endloop
  endfacet
  facet normal 0.000000e+00 9.961947e-01 -8.715574e-02
    outer loop
      vertex   -2.600000e+00 4.652211e+00 1.131453e+01
      vertex   -8.000000e-01 4.675000e+00 1.157500e+01
      vertex   -8.000000e-01 4.652211e+00 1.131453e+01
    endloop
  endfacet
  facet normal 0.000000e+00 9.659258e-01 -2.588190e-01
    outer loop
      vertex   -2.600000e+00 4.652211e+00 1.131453e+01
      vertex   -8.000000e-01 4.652211e+00 1.131453e+01
      vertex   -2.600000e+00 4.584539e+00 1.106197e+01
    endloop
  endfacet
  facet normal 0.000000e+00 9.659258e-01 -2.588190e-01
    outer loop
      vertex   -2.600000e+00 4.584539e+00 1.106197e+01
      vertex   -8.000000e-01 4.652211e+00 1.131453e+01
      vertex   -8.000000e-01 4.584539e+00 1.106197e+01
    endloop
  endfacet
  facet normal 0.000000e+00 9.063078e-01 -4.226183e-01
    outer loop
      vertex   -2.600000e+00 4.584539e+00 1.106197e+01
      vertex   -8.000000e-01 4.584539e+00 1.106197e+01
      vertex   -2.600000e+00 4.474038e+00 1.082500e+01
    endloop
  endfacet
  facet normal 4.472017e-16 9.063078e-01 -4.226183e-01
    outer loop
      vertex   -2.600000e+00 4.474038e+00 1.082500e+01
      vertex   -8.000000e-01 4.584539e+00 1.106197e+01
      vertex   -8.000000e-01 4.474038e+00 1.082500e+01
    endloop
  endfacet
  facet normal 4.041962e-16 8.191520e-01 -5.735764e-01
    outer loop
      vertex   -2.600000e+00 4.474038e+00 1.082500e+01
      vertex   -8.000000e-01 4.474038e+00 1.082500e+01
      vertex   -2.600000e+00 4.324066e+00 1.061082e+01
    endloop
  endfacet
  facet normal 8.083924e-16 8.191520e-01 -5.735764e-01
    outer loop
      vertex   -2.600000e+00 4.324066e+00 1.061082e+01
      vertex   -8.000000e-01 4.474038e+00 1.082500e+01
      vertex   -8.000000e-01 4.324066e+00 1.061082e+01
    endloop
  endfacet
  facet normal 6.978189e-16 7.071068e-01 -7.071068e-01
    outer loop
      vertex   -2.600000e+00 4.324066e+00 1.061082e+01
      vertex   -8.000000e-01 4.324066e+00 1.061082e+01
      vertex   -2.600000e+00 4.139181e+00 1.042593e+01
    endloop
  endfacet
  facet normal 3.489094e-16 7.071068e-01 -7.071068e-01
    outer loop
      vertex   -2.600000e+00 4.139181e+00 1.042593e+01
      vertex   -8.000000e-01 4.324066e+00 1.061082e+01
      vertex   -8.000000e-01 4.139181e+00 1.042593e+01
    endloop
  endfacet
  facet normal 2.830212e-16 5.735764e-01 -8.191520e-01
    outer loop
      vertex   -2.600000e+00 4.139181e+00 1.042593e+01
      vertex   -8.000000e-01 4.139181e+00 1.042593e+01
      vertex   -2.600000e+00 3.925000e+00 1.027596e+01
    endloop
  endfacet
  facet normal 0.000000e+00 5.735764e-01 -8.191520e-01
    outer loop
      vertex   -2.600000e+00 3.925000e+00 1.027596e+01
      vertex   -8.000000e-01 4.139181e+00 1.042593e+01
      vertex   -8.000000e-01 3.925000e+00 1.027596e+01
    endloop
  endfacet
  facet normal 0.000000e+00 4.226183e-01 -9.063078e-01
    outer loop
      vertex   -2.600000e+00 3.925000e+00 1.027596e+01
      vertex   -8.000000e-01 3.925000e+00 1.027596e+01
      vertex   -2.600000e+00 3.688030e+00 1.016546e+01
    endloop
  endfacet
  facet normal 3.128003e-16 4.226183e-01 -9.063078e-01
    outer loop
      vertex   -2.600000e+00 3.688030e+00 1.016546e+01
      vertex   -8.000000e-01 3.925000e+00 1.027596e+01
      vertex   -8.000000e-01 3.688030e+00 1.016546e+01
    endloop
  endfacet
  facet normal 1.915646e-16 2.588190e-01 -9.659258e-01
    outer loop
      vertex   -2.600000e+00 3.688030e+00 1.016546e+01
      vertex   -8.000000e-01 3.688030e+00 1.016546e+01
      vertex   -2.600000e+00 3.435472e+00 1.009779e+01
    endloop
  endfacet
  facet normal 1.277097e-16 2.588190e-01 -9.659258e-01
    outer loop
      vertex   -2.600000e+00 3.435472e+00 1.009779e+01
      vertex   -8.000000e-01 3.688030e+00 1.016546e+01
      vertex   -8.000000e-01 3.435472e+00 1.009779e+01
    endloop
  endfacet
  facet normal 4.300547e-17 8.715574e-02 -9.961947e-01
    outer loop
      vertex   -2.600000e+00 3.435472e+00 1.009779e+01
      vertex   -8.000000e-01 3.435472e+00 1.009779e+01
      vertex   -2.600000e+00 3.175000e+00 1.007500e+01
    endloop
  endfacet
  facet normal 2.150274e-17 8.715574e-02 -9.961947e-01
    outer loop
      vertex   -2.600000e+00 3.175000e+00 1.007500e+01
      vertex   -8.000000e-01 3.435472e+00 1.009779e+01
      vertex   -8.000000e-01 3.175000e+00 1.007500e+01
    endloop
  endfacet
  facet normal 0.000000e+00 0.000000e+00 -1.000000e+00
    outer loop
      vertex   -2.600000e+00 3.175000e+00 1.007500e+01
      vertex   -8.000000e-01 3.175000e+00 1.007500e+01
      vertex   -2.600000e+00 2.175000e+00 1.007500e+01
    endloop
  endfacet
  facet normal 0.000000e+00 0.000000e+00 -1.000000e+00
    outer loop
      vertex   -2.600000e+00 2.175000e+00 1.007500e+01
      vertex   -8.000000e-01 3.175000e+00 1.007500e+01
      vertex   -8.000000e-01 2.175000e+00 1.007500e+01
    endloop
  endfacet
  facet normal 1.000000e+00 0.000000e+00 0.000000e+00
    outer loop
      vertex   -8.000000e-01 2.506767e+00 1.144715e+01
      vertex   -8.000000e-01 2.175000e+00 1.007500e+01
      vertex   -8.000000e-01 2.675000e+00 1.142500e+01
    endloop
  endfacet
  facet normal 1.000000e+00 0.000000e+00 0.000000e+00
    outer loop
      vertex   -8.000000e-01 2.675000e+00 1.142500e+01
      vertex   -8.000000e-01 2.175000e+00 1.007500e+01
      vertex   -8.000000e-01 3.175000e+00 1.007500e+01
    endloop
  endfacet
  facet normal 1.000000e+00 -0.000000e+00 0.000000e+00
    outer loop
      vertex   -8.000000e-01 2.675000e+00 1.142500e+01
      vertex   -8.000000e-01 3.175000e+00 1.007500e+01
      vertex   -8.000000e-01 2.843232e+00 1.144715e+01
    endloop
  endfacet
  facet normal 1.000000e+00 1.252215e-15 3.027693e-16
    outer loop
      vertex   -8.000000e-01 2.843232e+00 1.144715e+01
      vertex   -8.000000e-01 3.175000e+00 1.007500e+01
      vertex   -8.000000e-01 3.435472e+00 1.009779e+01
    endloop
  endfacet
  facet normal 1.000000e+00 -7.274884e-16 -5.661311e-16
    outer loop
      vertex   -8.000000e-01 2.843232e+00 1.144715e+01
      vertex   -8.000000e-01 3.435472e+00 1.009779e+01
      vertex   -8.000000e-01 3.688030e+00 1.016546e+01
    endloop
  endfacet
  facet normal 1.000000e+00 0.000000e+00 0.000000e+00
    outer loop
      vertex   -8.000000e-01 2.350000e+00 1.151208e+01
      vertex   -8.000000e-01 1.025933e+00 1.061082e+01
      vertex   -8.000000e-01 2.506767e+00 1.144715e+01
    endloop
  endfacet
  facet normal 1.000000e+00 0.000000e+00 0.000000e+00
    outer loop
      vertex   -8.000000e-01 2.506767e+00 1.144715e+01
      vertex   -8.000000e-01 1.025933e+00 1.061082e+01
      vertex   -8.000000e-01 1.210818e+00 1.042593e+01
    endloop
  endfacet
  facet normal 1.000000e+00 0.000000e+00 0.000000e+00
    outer loop
      vertex   -8.000000e-01 2.506767e+00 1.144715e+01
      vertex   -8.000000e-01 1.210818e+00 1.042593e+01
      vertex   -8.000000e-01 1.425000e+00 1.027596e+01
    endloop
  endfacet
  facet normal 1.000000e+00 0.000000e+00 0.000000e+00
    outer loop
      vertex   -8.000000e-01 2.215380e+00 1.161538e+01
      vertex   -8.000000e-01 7.654609e-01 1.106197e+01
      vertex   -8.000000e-01 2.350000e+00 1.151208e+01
    endloop
  endfacet
  facet normal 1.000000e+00 0.000000e+00 0.000000e+00
    outer loop
      vertex   -8.000000e-01 2.350000e+00 1.151208e+01
      vertex   -8.000000e-01 7.654609e-01 1.106197e+01
      vertex   -8.000000e-01 8.759617e-01 1.082500e+01
    endloop
  endfacet
  facet normal 1.000000e+00 0.000000e+00 0.000000e+00
    outer loop
      vertex   -8.000000e-01 2.350000e+00 1.151208e+01
      vertex   -8.000000e-01 8.759617e-01 1.082500e+01
      vertex   -8.000000e-01 1.025933e+00 1.061082e+01
    endloop
  endfacet
  facet normal 1.000000e+00 0.000000e+00 -0.000000e+00
    outer loop
      vertex   -8.000000e-01 7.654609e-01 1.106197e+01
      vertex   -8.000000e-01 2.215380e+00 1.161538e+01
      vertex   -8.000000e-01 6.977882e-01 1.131453e+01
    endloop
  endfacet
  facet normal 1.000000e+00 0.000000e+00 0.000000e+00
    outer loop
      vertex   -8.000000e-01 6.977882e-01 1.131453e+01
      vertex   -8.000000e-01 2.215380e+00 1.161538e+01
      vertex   -8.000000e-01 2.112083e+00 1.175000e+01
    endloop
  endfacet
  facet normal 1.000000e+00 0.000000e+00 -0.000000e+00
    outer loop
      vertex   -8.000000e-01 6.977882e-01 1.131453e+01
      vertex   -8.000000e-01 2.112083e+00 1.175000e+01
      vertex   -8.000000e-01 6.749998e-01 1.157500e+01
    endloop
  endfacet
  facet normal 1.000000e+00 0.000000e+00 0.000000e+00
    outer loop
      vertex   -8.000000e-01 6.749998e-01 1.157500e+01
      vertex   -8.000000e-01 2.112083e+00 1.175000e+01
      vertex   -8.000000e-01 2.047148e+00 1.190677e+01
    endloop
  endfacet
  facet normal 1.000000e+00 0.000000e+00 0.000000e+00
    outer loop
      vertex   -8.000000e-01 6.749998e-01 1.157500e+01
      vertex   -8.000000e-01 2.047148e+00 1.190677e+01
      vertex   -8.000000e-01 2.025000e+00 1.207500e+01
    endloop
  endfacet
  facet normal 1.000000e+00 0.000000e+00 0.000000e+00
    outer loop
      vertex   -8.000000e-01 6.749998e-01 1.157500e+01
      vertex   -8.000000e-01 2.025000e+00 1.207500e+01
      vertex   -8.000000e-01 6.749998e-01 1.257500e+01
    endloop
  endfacet
  facet normal 1.000000e+00 0.000000e+00 0.000000e+00
    outer loop
      vertex   -8.000000e-01 6.749998e-01 1.257500e+01
      vertex   -8.000000e-01 2.025000e+00 1.207500e+01
      vertex   -8.000000e-01 2.047148e+00 1.224323e+01
    endloop
  endfacet
  facet normal 1.000000e+00 0.000000e+00 0.000000e+00
    outer loop
      vertex   -8.000000e-01 6.749998e-01 1.257500e+01
      vertex   -8.000000e-01 2.047148e+00 1.224323e+01
      vertex   -8.000000e-01 2.112083e+00 1.240000e+01
    endloop
  endfacet
  facet normal 1.000000e+00 0.000000e+00 -0.000000e+00
    outer loop
      vertex   -8.000000e-01 2.112083e+00 1.240000e+01
      vertex   -8.000000e-01 2.215380e+00 1.253462e+01
      vertex   -8.000000e-01 6.749998e-01 1.257500e+01
    endloop
  endfacet
  facet normal 1.000000e+00 -5.599646e-17 -2.136072e-15
    outer loop
      vertex   -8.000000e-01 6.749998e-01 1.257500e+01
      vertex   -8.000000e-01 2.215380e+00 1.253462e+01
      vertex   -8.000000e-01 6.522114e-01 1.283547e+01
    endloop
  endfacet
  facet normal 1.000000e+00 2.839085e-16 -3.699967e-16
    outer loop
      vertex   -8.000000e-01 6.522114e-01 1.283547e+01
      vertex   -8.000000e-01 2.215380e+00 1.253462e+01
      vertex   -8.000000e-01 2.350000e+00 1.263792e+01
    endloop
  endfacet
  facet normal 1.000000e+00 3.374839e-16 9.042853e-17
    outer loop
      vertex   -8.000000e-01 6.522114e-01 1.283547e+01
      vertex   -8.000000e-01 2.350000e+00 1.263792e+01
      vertex   -8.000000e-01 5.845387e-01 1.308803e+01
    endloop
  endfacet
  facet normal 1.000000e+00 1.946304e-16 -4.698793e-16
    outer loop
      vertex   -8.000000e-01 5.845387e-01 1.308803e+01
      vertex   -8.000000e-01 2.350000e+00 1.263792e+01
      vertex   -8.000000e-01 2.506767e+00 1.270285e+01
    endloop
  endfacet
  facet normal 1.000000e+00 3.185505e-16 1.485425e-16
    outer loop
      vertex   -8.000000e-01 5.845387e-01 1.308803e+01
      vertex   -8.000000e-01 2.506767e+00 1.270285e+01
      vertex   -8.000000e-01 4.740379e-01 1.332500e+01
    endloop
  endfacet
  facet normal 1.000000e+00 8.213635e-17 -6.238875e-16
    outer loop
      vertex   -8.000000e-01 4.740379e-01 1.332500e+01
      vertex   -8.000000e-01 2.506767e+00 1.270285e+01
      vertex   -8.000000e-01 2.675000e+00 1.272500e+01
    endloop
  endfacet
  facet normal 1.000000e+00 3.117138e-16 2.182643e-16
    outer loop
      vertex   -8.000000e-01 4.740379e-01 1.332500e+01
      vertex   -8.000000e-01 2.675000e+00 1.272500e+01
      vertex   -8.000000e-01 3.240665e-01 1.353918e+01
    endloop
  endfacet
  facet normal 1.000000e+00 0.000000e+00 -6.818032e-16
    outer loop
      vertex   -8.000000e-01 3.240665e-01 1.353918e+01
      vertex   -8.000000e-01 2.675000e+00 1.272500e+01
      vertex   -8.000000e-01 5.025933e+00 1.353918e+01
    endloop
  endfacet
  facet normal 1.000000e+00 0.000000e+00 -0.000000e+00
    outer loop
      vertex   -8.000000e-01 3.240665e-01 1.353918e+01
      vertex   -8.000000e-01 5.025933e+00 1.353918e+01
      vertex   -8.000000e-01 1.391812e-01 1.372407e+01
    endloop
  endfacet
  facet normal 1.000000e+00 -0.000000e+00 0.000000e+00
    outer loop
      vertex   -8.000000e-01 1.391812e-01 1.372407e+01
      vertex   -8.000000e-01 5.025933e+00 1.353918e+01
      vertex   -8.000000e-01 5.210818e+00 1.372407e+01
    endloop
  endfacet
  facet normal 1.000000e+00 0.000000e+00 -0.000000e+00
    outer loop
      vertex   -8.000000e-01 1.391812e-01 1.372407e+01
      vertex   -8.000000e-01 5.210818e+00 1.372407e+01
      vertex   -8.000000e-01 -7.500021e-02 1.387404e+01
    endloop
  endfacet
  facet normal 1.000000e+00 -0.000000e+00 0.000000e+00
    outer loop
      vertex   -8.000000e-01 -7.500021e-02 1.387404e+01
      vertex   -8.000000e-01 5.210818e+00 1.372407e+01
      vertex   -8.000000e-01 5.425000e+00 1.387404e+01
    endloop
  endfacet
  facet normal 1.000000e+00 0.000000e+00 -0.000000e+00
    outer loop
      vertex   -8.000000e-01 -7.500021e-02 1.387404e+01
      vertex   -8.000000e-01 5.425000e+00 1.387404e+01
      vertex   -8.000000e-01 -8.250002e-01 1.447500e+01
    endloop
  endfacet
  facet normal 1.000000e+00 -0.000000e+00 0.000000e+00
    outer loop
      vertex   -8.000000e-01 -8.250002e-01 1.447500e+01
      vertex   -8.000000e-01 5.425000e+00 1.387404e+01
      vertex   -8.000000e-01 6.175000e+00 1.447500e+01
    endloop
  endfacet
  facet normal 1.000000e+00 0.000000e+00 0.000000e+00
    outer loop
      vertex   -8.000000e-01 6.175000e+00 1.447500e+01
      vertex   -8.000000e-01 5.425000e+00 1.387404e+01
      vertex   -8.000000e-01 5.661970e+00 1.398454e+01
    endloop
  endfacet
  facet normal 1.000000e+00 0.000000e+00 0.000000e+00
    outer loop
      vertex   -8.000000e-01 6.175000e+00 1.447500e+01
      vertex   -8.000000e-01 5.661970e+00 1.398454e+01
      vertex   -8.000000e-01 5.914528e+00 1.405221e+01
    endloop
  endfacet
  facet normal 1.000000e+00 -3.117138e-16 2.182643e-16
    outer loop
      vertex   -8.000000e-01 5.025933e+00 1.353918e+01
      vertex   -8.000000e-01 2.675000e+00 1.272500e+01
      vertex   -8.000000e-01 4.875962e+00 1.332500e+01
    endloop
  endfacet
  facet normal 1.000000e+00 -8.213635e-17 -6.238875e-16
    outer loop
      vertex   -8.000000e-01 4.875962e+00 1.332500e+01
      vertex   -8.000000e-01 2.675000e+00 1.272500e+01
      vertex   -8.000000e-01 2.843232e+00 1.270285e+01
    endloop
  endfacet
  facet normal 1.000000e+00 -3.185505e-16 1.485425e-16
    outer loop
      vertex   -8.000000e-01 4.875962e+00 1.332500e+01
      vertex   -8.000000e-01 2.843232e+00 1.270285e+01
      vertex   -8.000000e-01 4.765461e+00 1.308803e+01
    endloop
  endfacet
  facet normal 1.000000e+00 -1.946304e-16 -4.698793e-16
    outer loop
      vertex   -8.000000e-01 4.765461e+00 1.308803e+01
      vertex   -8.000000e-01 2.843232e+00 1.270285e+01
      vertex   -8.000000e-01 3.000000e+00 1.263792e+01
    endloop
  endfacet
  facet normal 1.000000e+00 -3.374839e-16 9.042853e-17
    outer loop
      vertex   -8.000000e-01 4.765461e+00 1.308803e+01
      vertex   -8.000000e-01 3.000000e+00 1.263792e+01
      vertex   -8.000000e-01 4.697788e+00 1.283547e+01
    endloop
  endfacet
  facet normal 1.000000e+00 -2.839085e-16 -3.699967e-16
    outer loop
      vertex   -8.000000e-01 4.697788e+00 1.283547e+01
      vertex   -8.000000e-01 3.000000e+00 1.263792e+01
      vertex   -8.000000e-01 3.134619e+00 1.253462e+01
    endloop
  endfacet
  facet normal 1.000000e+00 5.599646e-17 -2.136072e-15
    outer loop
      vertex   -8.000000e-01 4.697788e+00 1.283547e+01
      vertex   -8.000000e-01 3.134619e+00 1.253462e+01
      vertex   -8.000000e-01 4.675000e+00 1.257500e+01
    endloop
  endfacet
  facet normal 1.000000e+00 0.000000e+00 0.000000e+00
    outer loop
      vertex   -8.000000e-01 4.675000e+00 1.257500e+01
      vertex   -8.000000e-01 3.134619e+00 1.253462e+01
      vertex   -8.000000e-01 3.237916e+00 1.240000e+01
    endloop
  endfacet
  facet normal 1.000000e+00 0.000000e+00 0.000000e+00
    outer loop
      vertex   -8.000000e-01 4.675000e+00 1.257500e+01
      vertex   -8.000000e-01 3.237916e+00 1.240000e+01
      vertex   -8.000000e-01 3.302852e+00 1.224323e+01
    endloop
  endfacet
  facet normal 1.000000e+00 -0.000000e+00 0.000000e+00
    outer loop
      vertex   -8.000000e-01 3.302852e+00 1.224323e+01
      vertex   -8.000000e-01 3.325000e+00 1.207500e+01
      vertex   -8.000000e-01 4.675000e+00 1.257500e+01
    endloop
  endfacet
  facet normal 1.000000e+00 0.000000e+00 0.000000e+00
    outer loop
      vertex   -8.000000e-01 4.675000e+00 1.257500e+01
      vertex   -8.000000e-01 3.325000e+00 1.207500e+01
      vertex   -8.000000e-01 4.675000e+00 1.157500e+01
    endloop
  endfacet
  facet normal 1.000000e+00 0.000000e+00 0.000000e+00
    outer loop
      vertex   -8.000000e-01 4.675000e+00 1.157500e+01
      vertex   -8.000000e-01 3.325000e+00 1.207500e+01
      vertex   -8.000000e-01 3.302852e+00 1.190677e+01
    endloop
  endfacet
  facet normal 1.000000e+00 0.000000e+00 0.000000e+00
    outer loop
      vertex   -8.000000e-01 4.675000e+00 1.157500e+01
      vertex   -8.000000e-01 3.302852e+00 1.190677e+01
      vertex   -8.000000e-01 3.237916e+00 1.175000e+01
    endloop
  endfacet
  facet normal 1.000000e+00 -1.540720e-16 -1.265224e-15
    outer loop
      vertex   -8.000000e-01 4.675000e+00 1.157500e+01
      vertex   -8.000000e-01 3.237916e+00 1.175000e+01
      vertex   -8.000000e-01 4.652211e+00 1.131453e+01
    endloop
  endfacet
  facet normal 1.000000e+00 1.904932e-16 -1.461706e-16
    outer loop
      vertex   -8.000000e-01 4.652211e+00 1.131453e+01
      vertex   -8.000000e-01 3.237916e+00 1.175000e+01
      vertex   -8.000000e-01 3.134619e+00 1.161538e+01
    endloop
  endfacet
  facet normal 1.000000e+00 3.739016e-16 7.789962e-16
    outer loop
      vertex   -8.000000e-01 4.652211e+00 1.131453e+01
      vertex   -8.000000e-01 3.134619e+00 1.161538e+01
      vertex   -8.000000e-01 4.584539e+00 1.106197e+01
    endloop
  endfacet
  facet normal 1.000000e+00 5.113552e-17 -6.664111e-17
    outer loop
      vertex   -8.000000e-01 4.584539e+00 1.106197e+01
      vertex   -8.000000e-01 3.134619e+00 1.161538e+01
      vertex   -8.000000e-01 3.000000e+00 1.151208e+01
    endloop
  endfacet
  facet normal 1.000000e+00 6.187050e-17 -2.885069e-17
    outer loop
      vertex   -8.000000e-01 4.584539e+00 1.106197e+01
      vertex   -8.000000e-01 3.000000e+00 1.151208e+01
      vertex   -8.000000e-01 4.474038e+00 1.082500e+01
    endloop
  endfacet
  facet normal 1.000000e+00 5.678486e-17 -3.976119e-17
    outer loop
      vertex   -8.000000e-01 4.474038e+00 1.082500e+01
      vertex   -8.000000e-01 3.000000e+00 1.151208e+01
      vertex   -8.000000e-01 4.324066e+00 1.061082e+01
    endloop
  endfacet
  facet normal 1.000000e+00 3.172145e-17 -7.658235e-17
    outer loop
      vertex   -8.000000e-01 4.324066e+00 1.061082e+01
      vertex   -8.000000e-01 3.000000e+00 1.151208e+01
      vertex   -8.000000e-01 2.843232e+00 1.144715e+01
    endloop
  endfacet
  facet normal 1.000000e+00 4.791301e-17 -4.791301e-17
    outer loop
      vertex   -8.000000e-01 4.324066e+00 1.061082e+01
      vertex   -8.000000e-01 2.843232e+00 1.144715e+01
      vertex   -8.000000e-01 4.139181e+00 1.042593e+01
    endloop
  endfacet
  facet normal 1.000000e+00 4.030733e-17 -5.756483e-17
    outer loop
      vertex   -8.000000e-01 4.139181e+00 1.042593e+01
      vertex   -8.000000e-01 2.843232e+00 1.144715e+01
      vertex   -8.000000e-01 3.925000e+00 1.027596e+01
    endloop
  endfacet
  facet normal 1.000000e+00 3.089630e-17 -6.625733e-17
    outer loop
      vertex   -8.000000e-01 3.925000e+00 1.027596e+01
      vertex   -8.000000e-01 2.843232e+00 1.144715e+01
      vertex   -8.000000e-01 3.688030e+00 1.016546e+01
    endloop
  endfacet
  facet normal 1.000000e+00 0.000000e+00 0.000000e+00
    outer loop
      vertex   -8.000000e-01 5.914528e+00 1.405221e+01
      vertex   -8.000000e-01 6.175000e+00 1.407500e+01
      vertex   -8.000000e-01 6.175000e+00 1.447500e+01
    endloop
  endfacet
  facet normal 1.000000e+00 -0.000000e+00 0.000000e+00
    outer loop
      vertex   -8.000000e-01 -8.250002e-01 1.407500e+01
      vertex   -8.000000e-01 -5.645279e-01 1.405221e+01
      vertex   -8.000000e-01 -8.250002e-01 1.447500e+01
    endloop
  endfacet
  facet normal 1.000000e+00 0.000000e+00 0.000000e+00
    outer loop
      vertex   -8.000000e-01 -8.250002e-01 1.447500e+01
      vertex   -8.000000e-01 -5.645279e-01 1.405221e+01
      vertex   -8.000000e-01 -3.119700e-01 1.398454e+01
    endloop
  endfacet
  facet normal 1.000000e+00 0.000000e+00 0.000000e+00
    outer loop
      vertex   -8.000000e-01 -8.250002e-01 1.447500e+01
      vertex   -8.000000e-01 -3.119700e-01 1.398454e+01
      vertex   -8.000000e-01 -7.500021e-02 1.387404e+01
    endloop
  endfacet
  facet normal 1.000000e+00 -0.000000e+00 0.000000e+00
    outer loop
      vertex   -8.000000e-01 1.425000e+00 1.027596e+01
      vertex   -8.000000e-01 1.661970e+00 1.016546e+01
      vertex   -8.000000e-01 2.506767e+00 1.144715e+01
    endloop
  endfacet
  facet normal 1.000000e+00 0.000000e+00 0.000000e+00
    outer loop
      vertex   -8.000000e-01 2.506767e+00 1.144715e+01
      vertex   -8.000000e-01 1.661970e+00 1.016546e+01
      vertex   -8.000000e-01 1.914528e+00 1.009779e+01
    endloop
  endfacet
  facet normal 1.000000e+00 0.000000e+00 0.000000e+00
    outer loop
      vertex   -8.000000e-01 2.506767e+00 1.144715e+01
      vertex   -8.000000e-01 1.914528e+00 1.009779e+01
      vertex   -8.000000e-01 2.175000e+00 1.007500e+01
    endloop
  endfacet
  facet normal 0.000000e+00 9.961947e-01 -8.715574e-02
    outer loop
      vertex   2.700000e+00 4.675000e+00 1.157500e+01
      vertex   4.500000e+00 4.675000e+00 1.157500e+01
      vertex   2.700000e+00 4.652211e+00 1.131453e+01
    endloop
  endfacet
  facet normal 0.000000e+00 9.961947e-01 -8.715574e-02
    outer loop
      vertex   2.700000e+00 4.652211e+00 1.131453e+01
      vertex   4.500000e+00 4.675000e+00 1.157500e+01
      vertex   4.500000e+00 4.652211e+00 1.131453e+01
    endloop
  endfacet
  facet normal 0.000000e+00 9.659258e-01 -2.588190e-01
    outer loop
      vertex   2.700000e+00 4.652211e+00 1.131453e+01
      vertex   4.500000e+00 4.652211e+00 1.131453e+01
      vertex   2.700000e+00 4.584539e+00 1.106197e+01
    endloop
  endfacet
  facet normal 0.000000e+00 9.659258e-01 -2.588190e-01
    outer loop
      vertex   2.700000e+00 4.584539e+00 1.106197e+01
      vertex   4.500000e+00 4.652211e+00 1.131453e+01
      vertex   4.500000e+00 4.584539e+00 1.106197e+01
    endloop
  endfacet
  facet normal 0.000000e+00 9.063078e-01 -4.226183e-01
    outer loop
      vertex   2.700000e+00 4.584539e+00 1.106197e+01
      vertex   4.500000e+00 4.584539e+00 1.106197e+01
      vertex   2.700000e+00 4.474038e+00 1.082500e+01
    endloop
  endfacet
  facet normal 4.472017e-16 9.063078e-01 -4.226183e-01
    outer loop
      vertex   2.700000e+00 4.474038e+00 1.082500e+01
      vertex   4.500000e+00 4.584539e+00 1.106197e+01
      vertex   4.500000e+00 4.474038e+00 1.082500e+01
    endloop
  endfacet
  facet normal 4.041962e-16 8.191520e-01 -5.735764e-01
    outer loop
      vertex   2.700000e+00 4.474038e+00 1.082500e+01
      vertex   4.500000e+00 4.474038e+00 1.082500e+01
      vertex   2.700000e+00 4.324066e+00 1.061082e+01
    endloop
  endfacet
  facet normal 0.000000e+00 8.191520e-01 -5.735764e-01
    outer loop
      vertex   2.700000e+00 4.324066e+00 1.061082e+01
      vertex   4.500000e+00 4.474038e+00 1.082500e+01
      vertex   4.500000e+00 4.324066e+00 1.061082e+01
    endloop
  endfacet
  facet normal 0.000000e+00 7.071068e-01 -7.071068e-01
    outer loop
      vertex   2.700000e+00 4.324066e+00 1.061082e+01
      vertex   4.500000e+00 4.324066e+00 1.061082e+01
      vertex   2.700000e+00 4.139181e+00 1.042593e+01
    endloop
  endfacet
  facet normal 0.000000e+00 7.071068e-01 -7.071068e-01
    outer loop
      vertex   2.700000e+00 4.139181e+00 1.042593e+01
      vertex   4.500000e+00 4.324066e+00 1.061082e+01
      vertex   4.500000e+00 4.139181e+00 1.042593e+01
    endloop
  endfacet
  facet normal 0.000000e+00 5.735764e-01 -8.191520e-01
    outer loop
      vertex   2.700000e+00 4.139181e+00 1.042593e+01
      vertex   4.500000e+00 4.139181e+00 1.042593e+01
      vertex   2.700000e+00 3.925000e+00 1.027596e+01
    endloop
  endfacet
  facet normal -1.415106e-16 5.735764e-01 -8.191520e-01
    outer loop
      vertex   2.700000e+00 3.925000e+00 1.027596e+01
      vertex   4.500000e+00 4.139181e+00 1.042593e+01
      vertex   4.500000e+00 3.925000e+00 1.027596e+01
    endloop
  endfacet
  facet normal -1.042668e-16 4.226183e-01 -9.063078e-01
    outer loop
      vertex   2.700000e+00 3.925000e+00 1.027596e+01
      vertex   4.500000e+00 3.925000e+00 1.027596e+01
      vertex   2.700000e+00 3.688030e+00 1.016546e+01
    endloop
  endfacet
  facet normal 0.000000e+00 4.226183e-01 -9.063078e-01
    outer loop
      vertex   2.700000e+00 3.688030e+00 1.016546e+01
      vertex   4.500000e+00 3.925000e+00 1.027596e+01
      vertex   4.500000e+00 3.688030e+00 1.016546e+01
    endloop
  endfacet
  facet normal 0.000000e+00 2.588190e-01 -9.659258e-01
    outer loop
      vertex   2.700000e+00 3.688030e+00 1.016546e+01
      vertex   4.500000e+00 3.688030e+00 1.016546e+01
      vertex   2.700000e+00 3.435472e+00 1.009779e+01
    endloop
  endfacet
  facet normal 0.000000e+00 2.588190e-01 -9.659258e-01
    outer loop
      vertex   2.700000e+00 3.435472e+00 1.009779e+01
      vertex   4.500000e+00 3.688030e+00 1.016546e+01
      vertex   4.500000e+00 3.435472e+00 1.009779e+01
    endloop
  endfacet
  facet normal 0.000000e+00 8.715574e-02 -9.961947e-01
    outer loop
      vertex   2.700000e+00 3.435472e+00 1.009779e+01
      vertex   4.500000e+00 3.435472e+00 1.009779e+01
      vertex   2.700000e+00 3.175000e+00 1.007500e+01
    endloop
  endfacet
  facet normal 0.000000e+00 8.715574e-02 -9.961947e-01
    outer loop
      vertex   2.700000e+00 3.175000e+00 1.007500e+01
      vertex   4.500000e+00 3.435472e+00 1.009779e+01
      vertex   4.500000e+00 3.175000e+00 1.007500e+01
    endloop
  endfacet
  facet normal 0.000000e+00 1.000000e+00 -0.000000e+00
    outer loop
      vertex   4.500000e+00 4.675000e+00 1.157500e+01
      vertex   2.700000e+00 4.675000e+00 1.157500e+01
      vertex   4.500000e+00 4.675000e+00 1.257500e+01
    endloop
  endfacet
  facet normal 0.000000e+00 1.000000e+00 0.000000e+00
    outer loop
      vertex   4.500000e+00 4.675000e+00 1.257500e+01
      vertex   2.700000e+00 4.675000e+00 1.157500e+01
      vertex   2.700000e+00 4.675000e+00 1.257500e+01
    endloop
  endfacet
  facet normal -1.000000e+00 0.000000e+00 -0.000000e+00
    outer loop
      vertex   2.700000e+00 2.843232e+00 1.144715e+01
      vertex   2.700000e+00 3.175000e+00 1.007500e+01
      vertex   2.700000e+00 2.675000e+00 1.142500e+01
    endloop
  endfacet
  facet normal -1.000000e+00 0.000000e+00 -0.000000e+00
    outer loop
      vertex   2.700000e+00 2.675000e+00 1.142500e+01
      vertex   2.700000e+00 3.175000e+00 1.007500e+01
      vertex   2.700000e+00 2.175000e+00 1.007500e+01
    endloop
  endfacet
  facet normal -1.000000e+00 -0.000000e+00 0.000000e+00
    outer loop
      vertex   2.700000e+00 2.675000e+00 1.142500e+01
      vertex   2.700000e+00 2.175000e+00 1.007500e+01
      vertex   2.700000e+00 2.506767e+00 1.144715e+01
    endloop
  endfacet
  facet normal -1.000000e+00 0.000000e+00 0.000000e+00
    outer loop
      vertex   2.700000e+00 2.506767e+00 1.144715e+01
      vertex   2.700000e+00 2.175000e+00 1.007500e+01
      vertex   2.700000e+00 1.914528e+00 1.009779e+01
    endloop
  endfacet
  facet normal -1.000000e+00 0.000000e+00 0.000000e+00
    outer loop
      vertex   2.700000e+00 2.506767e+00 1.144715e+01
      vertex   2.700000e+00 1.914528e+00 1.009779e+01
      vertex   2.700000e+00 1.661970e+00 1.016546e+01
    endloop
  endfacet
  facet normal -1.000000e+00 0.000000e+00 -0.000000e+00
    outer loop
      vertex   2.700000e+00 3.000000e+00 1.151208e+01
      vertex   2.700000e+00 4.324066e+00 1.061082e+01
      vertex   2.700000e+00 2.843232e+00 1.144715e+01
    endloop
  endfacet
  facet normal -1.000000e+00 0.000000e+00 0.000000e+00
    outer loop
      vertex   2.700000e+00 2.843232e+00 1.144715e+01
      vertex   2.700000e+00 4.324066e+00 1.061082e+01
      vertex   2.700000e+00 4.139181e+00 1.042593e+01
    endloop
  endfacet
  facet normal -1.000000e+00 0.000000e+00 0.000000e+00
    outer loop
      vertex   2.700000e+00 2.843232e+00 1.144715e+01
      vertex   2.700000e+00 4.139181e+00 1.042593e+01
      vertex   2.700000e+00 3.925000e+00 1.027596e+01
    endloop
  endfacet
  facet normal -1.000000e+00 0.000000e+00 -0.000000e+00
    outer loop
      vertex   2.700000e+00 3.134619e+00 1.161538e+01
      vertex   2.700000e+00 4.584539e+00 1.106197e+01
      vertex   2.700000e+00 3.000000e+00 1.151208e+01
    endloop
  endfacet
  facet normal -1.000000e+00 0.000000e+00 0.000000e+00
    outer loop
      vertex   2.700000e+00 3.000000e+00 1.151208e+01
      vertex   2.700000e+00 4.584539e+00 1.106197e+01
      vertex   2.700000e+00 4.474038e+00 1.082500e+01
    endloop
  endfacet
  facet normal -1.000000e+00 0.000000e+00 0.000000e+00
    outer loop
      vertex   2.700000e+00 3.000000e+00 1.151208e+01
      vertex   2.700000e+00 4.474038e+00 1.082500e+01
      vertex   2.700000e+00 4.324066e+00 1.061082e+01
    endloop
  endfacet
  facet normal -1.000000e+00 0.000000e+00 0.000000e+00
    outer loop
      vertex   2.700000e+00 4.584539e+00 1.106197e+01
      vertex   2.700000e+00 3.134619e+00 1.161538e+01
      vertex   2.700000e+00 4.652211e+00 1.131453e+01
    endloop
  endfacet
  facet normal -1.000000e+00 0.000000e+00 0.000000e+00
    outer loop
      vertex   2.700000e+00 4.652211e+00 1.131453e+01
      vertex   2.700000e+00 3.134619e+00 1.161538e+01
      vertex   2.700000e+00 3.237916e+00 1.175000e+01
    endloop
  endfacet
  facet normal -1.000000e+00 0.000000e+00 0.000000e+00
    outer loop
      vertex   2.700000e+00 4.652211e+00 1.131453e+01
      vertex   2.700000e+00 3.237916e+00 1.175000e+01
      vertex   2.700000e+00 4.675000e+00 1.157500e+01
    endloop
  endfacet
  facet normal -1.000000e+00 0.000000e+00 0.000000e+00
    outer loop
      vertex   2.700000e+00 4.675000e+00 1.157500e+01
      vertex   2.700000e+00 3.237916e+00 1.175000e+01
      vertex   2.700000e+00 3.302852e+00 1.190677e+01
    endloop
  endfacet
  facet normal -1.000000e+00 0.000000e+00 0.000000e+00
    outer loop
      vertex   2.700000e+00 4.675000e+00 1.157500e+01
      vertex   2.700000e+00 3.302852e+00 1.190677e+01
      vertex   2.700000e+00 3.325000e+00 1.207500e+01
    endloop
  endfacet
  facet normal -1.000000e+00 0.000000e+00 0.000000e+00
    outer loop
      vertex   2.700000e+00 4.675000e+00 1.157500e+01
      vertex   2.700000e+00 3.325000e+00 1.207500e+01
      vertex   2.700000e+00 4.675000e+00 1.257500e+01
    endloop
  endfacet
  facet normal -1.000000e+00 0.000000e+00 0.000000e+00
    outer loop
      vertex   2.700000e+00 4.675000e+00 1.257500e+01
      vertex   2.700000e+00 3.325000e+00 1.207500e+01
      vertex   2.700000e+00 3.302852e+00 1.224323e+01
    endloop
  endfacet
  facet normal -1.000000e+00 0.000000e+00 0.000000e+00
    outer loop
      vertex   2.700000e+00 4.675000e+00 1.257500e+01
      vertex   2.700000e+00 3.302852e+00 1.224323e+01
      vertex   2.700000e+00 3.237916e+00 1.240000e+01
    endloop
  endfacet
  facet normal -1.000000e+00 0.000000e+00 0.000000e+00
    outer loop
      vertex   2.700000e+00 3.237916e+00 1.240000e+01
      vertex   2.700000e+00 3.134619e+00 1.253462e+01
      vertex   2.700000e+00 4.675000e+00 1.257500e+01
    endloop
  endfacet
  facet normal -1.000000e+00 -4.479717e-17 1.708858e-15
    outer loop
      vertex   2.700000e+00 4.675000e+00 1.257500e+01
      vertex   2.700000e+00 3.134619e+00 1.253462e+01
      vertex   2.700000e+00 4.697788e+00 1.283547e+01
    endloop
  endfacet
  facet normal -1.000000e+00 2.271268e-16 2.959974e-16
    outer loop
      vertex   2.700000e+00 4.697788e+00 1.283547e+01
      vertex   2.700000e+00 3.134619e+00 1.253462e+01
      vertex   2.700000e+00 3.000000e+00 1.263792e+01
    endloop
  endfacet
  facet normal -1.000000e+00 2.699871e-16 -7.234282e-17
    outer loop
      vertex   2.700000e+00 4.697788e+00 1.283547e+01
      vertex   2.700000e+00 3.000000e+00 1.263792e+01
      vertex   2.700000e+00 4.765461e+00 1.308803e+01
    endloop
  endfacet
  facet normal -1.000000e+00 1.557043e-16 3.759035e-16
    outer loop
      vertex   2.700000e+00 4.765461e+00 1.308803e+01
      vertex   2.700000e+00 3.000000e+00 1.263792e+01
      vertex   2.700000e+00 2.843232e+00 1.270285e+01
    endloop
  endfacet
  facet normal -1.000000e+00 2.548404e-16 -1.188340e-16
    outer loop
      vertex   2.700000e+00 4.765461e+00 1.308803e+01
      vertex   2.700000e+00 2.843232e+00 1.270285e+01
      vertex   2.700000e+00 4.875962e+00 1.332500e+01
    endloop
  endfacet
  facet normal -1.000000e+00 6.570908e-17 4.991100e-16
    outer loop
      vertex   2.700000e+00 4.875962e+00 1.332500e+01
      vertex   2.700000e+00 2.843232e+00 1.270285e+01
      vertex   2.700000e+00 2.675000e+00 1.272500e+01
    endloop
  endfacet
  facet normal -1.000000e+00 2.493710e-16 -1.746115e-16
    outer loop
      vertex   2.700000e+00 4.875962e+00 1.332500e+01
      vertex   2.700000e+00 2.675000e+00 1.272500e+01
      vertex   2.700000e+00 5.025933e+00 1.353918e+01
    endloop
  endfacet
  facet normal -1.000000e+00 9.444955e-17 2.727213e-16
    outer loop
      vertex   2.700000e+00 5.025933e+00 1.353918e+01
      vertex   2.700000e+00 2.675000e+00 1.272500e+01
      vertex   2.700000e+00 3.240665e-01 1.353918e+01
    endloop
  endfacet
  facet normal -1.000000e+00 9.444955e-17 -9.444955e-17
    outer loop
      vertex   2.700000e+00 5.025933e+00 1.353918e+01
      vertex   2.700000e+00 3.240665e-01 1.353918e+01
      vertex   2.700000e+00 5.210818e+00 1.372407e+01
    endloop
  endfacet
  facet normal -1.000000e+00 8.756328e-17 8.756328e-17
    outer loop
      vertex   2.700000e+00 5.210818e+00 1.372407e+01
      vertex   2.700000e+00 3.240665e-01 1.353918e+01
      vertex   2.700000e+00 1.391812e-01 1.372407e+01
    endloop
  endfacet
  facet normal -1.000000e+00 8.756328e-17 -1.250533e-16
    outer loop
      vertex   2.700000e+00 5.210818e+00 1.372407e+01
      vertex   2.700000e+00 1.391812e-01 1.372407e+01
      vertex   2.700000e+00 5.425000e+00 1.387404e+01
    endloop
  endfacet
  facet normal -1.000000e+00 8.074349e-17 1.153137e-16
    outer loop
      vertex   2.700000e+00 5.425000e+00 1.387404e+01
      vertex   2.700000e+00 1.391812e-01 1.372407e+01
      vertex   2.700000e+00 -7.500021e-02 1.387404e+01
    endloop
  endfacet
  facet normal -1.000000e+00 8.074349e-17 -1.007678e-16
    outer loop
      vertex   2.700000e+00 5.425000e+00 1.387404e+01
      vertex   2.700000e+00 -7.500021e-02 1.387404e+01
      vertex   2.700000e+00 6.175000e+00 1.447500e+01
    endloop
  endfacet
  facet normal -1.000000e+00 6.344132e-17 7.917472e-17
    outer loop
      vertex   2.700000e+00 6.175000e+00 1.447500e+01
      vertex   2.700000e+00 -7.500021e-02 1.387404e+01
      vertex   2.700000e+00 -8.250002e-01 1.447500e+01
    endloop
  endfacet
  facet normal -1.000000e+00 0.000000e+00 0.000000e+00
    outer loop
      vertex   2.700000e+00 -8.250002e-01 1.447500e+01
      vertex   2.700000e+00 -7.500021e-02 1.387404e+01
      vertex   2.700000e+00 -3.119700e-01 1.398454e+01
    endloop
  endfacet
  facet normal -1.000000e+00 0.000000e+00 0.000000e+00
    outer loop
      vertex   2.700000e+00 -8.250002e-01 1.447500e+01
      vertex   2.700000e+00 -3.119700e-01 1.398454e+01
      vertex   2.700000e+00 -5.645279e-01 1.405221e+01
    endloop
  endfacet
  facet normal -1.000000e+00 0.000000e+00 0.000000e+00
    outer loop
      vertex   2.700000e+00 3.240665e-01 1.353918e+01
      vertex   2.700000e+00 2.675000e+00 1.272500e+01
      vertex   2.700000e+00 4.740379e-01 1.332500e+01
    endloop
  endfacet
  facet normal -1.000000e+00 0.000000e+00 0.000000e+00
    outer loop
      vertex   2.700000e+00 4.740379e-01 1.332500e+01
      vertex   2.700000e+00 2.675000e+00 1.272500e+01
      vertex   2.700000e+00 2.506767e+00 1.270285e+01
    endloop
  endfacet
  facet normal -1.000000e+00 0.000000e+00 0.000000e+00
    outer loop
      vertex   2.700000e+00 4.740379e-01 1.332500e+01
      vertex   2.700000e+00 2.506767e+00 1.270285e+01
      vertex   2.700000e+00 5.845387e-01 1.308803e+01
    endloop
  endfacet
  facet normal -1.000000e+00 0.000000e+00 0.000000e+00
    outer loop
      vertex   2.700000e+00 5.845387e-01 1.308803e+01
      vertex   2.700000e+00 2.506767e+00 1.270285e+01
      vertex   2.700000e+00 2.350000e+00 1.263792e+01
    endloop
  endfacet
  facet normal -1.000000e+00 0.000000e+00 0.000000e+00
    outer loop
      vertex   2.700000e+00 5.845387e-01 1.308803e+01
      vertex   2.700000e+00 2.350000e+00 1.263792e+01
      vertex   2.700000e+00 6.522114e-01 1.283547e+01
    endloop
  endfacet
  facet normal -1.000000e+00 0.000000e+00 0.000000e+00
    outer loop
      vertex   2.700000e+00 6.522114e-01 1.283547e+01
      vertex   2.700000e+00 2.350000e+00 1.263792e+01
      vertex   2.700000e+00 2.215380e+00 1.253462e+01
    endloop
  endfacet
  facet normal -1.000000e+00 0.000000e+00 0.000000e+00
    outer loop
      vertex   2.700000e+00 6.522114e-01 1.283547e+01
      vertex   2.700000e+00 2.215380e+00 1.253462e+01
      vertex   2.700000e+00 6.749998e-01 1.257500e+01
    endloop
  endfacet
  facet normal -1.000000e+00 0.000000e+00 0.000000e+00
    outer loop
      vertex   2.700000e+00 6.749998e-01 1.257500e+01
      vertex   2.700000e+00 2.215380e+00 1.253462e+01
      vertex   2.700000e+00 2.112083e+00 1.240000e+01
    endloop
  endfacet
  facet normal -1.000000e+00 0.000000e+00 0.000000e+00
    outer loop
      vertex   2.700000e+00 6.749998e-01 1.257500e+01
      vertex   2.700000e+00 2.112083e+00 1.240000e+01
      vertex   2.700000e+00 2.047148e+00 1.224323e+01
    endloop
  endfacet
  facet normal -1.000000e+00 -0.000000e+00 0.000000e+00
    outer loop
      vertex   2.700000e+00 2.047148e+00 1.224323e+01
      vertex   2.700000e+00 2.025000e+00 1.207500e+01
      vertex   2.700000e+00 6.749998e-01 1.257500e+01
    endloop
  endfacet
  facet normal -1.000000e+00 0.000000e+00 0.000000e+00
    outer loop
      vertex   2.700000e+00 6.749998e-01 1.257500e+01
      vertex   2.700000e+00 2.025000e+00 1.207500e+01
      vertex   2.700000e+00 6.749998e-01 1.157500e+01
    endloop
  endfacet
  facet normal -1.000000e+00 0.000000e+00 0.000000e+00
    outer loop
      vertex   2.700000e+00 6.749998e-01 1.157500e+01
      vertex   2.700000e+00 2.025000e+00 1.207500e+01
      vertex   2.700000e+00 2.047148e+00 1.190677e+01
    endloop
  endfacet
  facet normal -1.000000e+00 0.000000e+00 0.000000e+00
    outer loop
      vertex   2.700000e+00 6.749998e-01 1.157500e+01
      vertex   2.700000e+00 2.047148e+00 1.190677e+01
      vertex   2.700000e+00 2.112083e+00 1.175000e+01
    endloop
  endfacet
  facet normal -1.000000e+00 0.000000e+00 0.000000e+00
    outer loop
      vertex   2.700000e+00 6.749998e-01 1.157500e+01
      vertex   2.700000e+00 2.112083e+00 1.175000e+01
      vertex   2.700000e+00 6.977882e-01 1.131453e+01
    endloop
  endfacet
  facet normal -1.000000e+00 0.000000e+00 0.000000e+00
    outer loop
      vertex   2.700000e+00 6.977882e-01 1.131453e+01
      vertex   2.700000e+00 2.112083e+00 1.175000e+01
      vertex   2.700000e+00 2.215380e+00 1.161538e+01
    endloop
  endfacet
  facet normal -1.000000e+00 0.000000e+00 0.000000e+00
    outer loop
      vertex   2.700000e+00 6.977882e-01 1.131453e+01
      vertex   2.700000e+00 2.215380e+00 1.161538e+01
      vertex   2.700000e+00 7.654609e-01 1.106197e+01
    endloop
  endfacet
  facet normal -1.000000e+00 0.000000e+00 0.000000e+00
    outer loop
      vertex   2.700000e+00 7.654609e-01 1.106197e+01
      vertex   2.700000e+00 2.215380e+00 1.161538e+01
      vertex   2.700000e+00 2.350000e+00 1.151208e+01
    endloop
  endfacet
  facet normal -1.000000e+00 0.000000e+00 0.000000e+00
    outer loop
      vertex   2.700000e+00 7.654609e-01 1.106197e+01
      vertex   2.700000e+00 2.350000e+00 1.151208e+01
      vertex   2.700000e+00 8.759617e-01 1.082500e+01
    endloop
  endfacet
  facet normal -1.000000e+00 0.000000e+00 0.000000e+00
    outer loop
      vertex   2.700000e+00 8.759617e-01 1.082500e+01
      vertex   2.700000e+00 2.350000e+00 1.151208e+01
      vertex   2.700000e+00 1.025933e+00 1.061082e+01
    endloop
  endfacet
  facet normal -1.000000e+00 0.000000e+00 0.000000e+00
    outer loop
      vertex   2.700000e+00 1.025933e+00 1.061082e+01
      vertex   2.700000e+00 2.350000e+00 1.151208e+01
      vertex   2.700000e+00 2.506767e+00 1.144715e+01
    endloop
  endfacet
  facet normal -1.000000e+00 0.000000e+00 0.000000e+00
    outer loop
      vertex   2.700000e+00 1.025933e+00 1.061082e+01
      vertex   2.700000e+00 2.506767e+00 1.144715e+01
      vertex   2.700000e+00 1.210818e+00 1.042593e+01
    endloop
  endfacet
  facet normal -1.000000e+00 0.000000e+00 0.000000e+00
    outer loop
      vertex   2.700000e+00 1.210818e+00 1.042593e+01
      vertex   2.700000e+00 2.506767e+00 1.144715e+01
      vertex   2.700000e+00 1.425000e+00 1.027596e+01
    endloop
  endfacet
  facet normal -1.000000e+00 0.000000e+00 0.000000e+00
    outer loop
      vertex   2.700000e+00 1.425000e+00 1.027596e+01
      vertex   2.700000e+00 2.506767e+00 1.144715e+01
      vertex   2.700000e+00 1.661970e+00 1.016546e+01
    endloop
  endfacet
  facet normal -1.000000e+00 -0.000000e+00 0.000000e+00
    outer loop
      vertex   2.700000e+00 3.925000e+00 1.027596e+01
      vertex   2.700000e+00 3.688030e+00 1.016546e+01
      vertex   2.700000e+00 2.843232e+00 1.144715e+01
    endloop
  endfacet
  facet normal -1.000000e+00 0.000000e+00 0.000000e+00
    outer loop
      vertex   2.700000e+00 2.843232e+00 1.144715e+01
      vertex   2.700000e+00 3.688030e+00 1.016546e+01
      vertex   2.700000e+00 3.435472e+00 1.009779e+01
    endloop
  endfacet
  facet normal -1.000000e+00 0.000000e+00 0.000000e+00
    outer loop
      vertex   2.700000e+00 2.843232e+00 1.144715e+01
      vertex   2.700000e+00 3.435472e+00 1.009779e+01
      vertex   2.700000e+00 3.175000e+00 1.007500e+01
    endloop
  endfacet
  facet normal -1.000000e+00 0.000000e+00 0.000000e+00
    outer loop
      vertex   2.700000e+00 -5.645279e-01 1.405221e+01
      vertex   2.700000e+00 -8.250002e-01 1.407500e+01
      vertex   2.700000e+00 -8.250002e-01 1.447500e+01
    endloop
  endfacet
  facet normal -1.000000e+00 -0.000000e+00 0.000000e+00
    outer loop
      vertex   2.700000e+00 6.175000e+00 1.407500e+01
      vertex   2.700000e+00 5.914528e+00 1.405221e+01
      vertex   2.700000e+00 6.175000e+00 1.447500e+01
    endloop
  endfacet
  facet normal -1.000000e+00 0.000000e+00 0.000000e+00
    outer loop
      vertex   2.700000e+00 6.175000e+00 1.447500e+01
      vertex   2.700000e+00 5.914528e+00 1.405221e+01
      vertex   2.700000e+00 5.661970e+00 1.398454e+01
    endloop
  endfacet
  facet normal -1.000000e+00 0.000000e+00 0.000000e+00
    outer loop
      vertex   2.700000e+00 6.175000e+00 1.447500e+01
      vertex   2.700000e+00 5.661970e+00 1.398454e+01
      vertex   2.700000e+00 5.425000e+00 1.387404e+01
    endloop
  endfacet
  facet normal 0.000000e+00 9.961947e-01 -8.715574e-02
    outer loop
      vertex   4.500000e+00 4.675000e+00 1.257500e+01
      vertex   2.700000e+00 4.675000e+00 1.257500e+01
      vertex   4.500000e+00 4.697788e+00 1.283547e+01
    endloop
  endfacet
  facet normal 0.000000e+00 9.961947e-01 -8.715574e-02
    outer loop
      vertex   4.500000e+00 4.697788e+00 1.283547e+01
      vertex   2.700000e+00 4.675000e+00 1.257500e+01
      vertex   2.700000e+00 4.697788e+00 1.283547e+01
    endloop
  endfacet
  facet normal 0.000000e+00 9.659258e-01 -2.588190e-01
    outer loop
      vertex   4.500000e+00 4.697788e+00 1.283547e+01
      vertex   2.700000e+00 4.697788e+00 1.283547e+01
      vertex   4.500000e+00 4.765461e+00 1.308803e+01
    endloop
  endfacet
  facet normal 0.000000e+00 9.659258e-01 -2.588190e-01
    outer loop
      vertex   4.500000e+00 4.765461e+00 1.308803e+01
      vertex   2.700000e+00 4.697788e+00 1.283547e+01
      vertex   2.700000e+00 4.765461e+00 1.308803e+01
    endloop
  endfacet
  facet normal 0.000000e+00 9.063078e-01 -4.226183e-01
    outer loop
      vertex   4.500000e+00 4.765461e+00 1.308803e+01
      vertex   2.700000e+00 4.765461e+00 1.308803e+01
      vertex   4.500000e+00 4.875962e+00 1.332500e+01
    endloop
  endfacet
  facet normal 0.000000e+00 9.063078e-01 -4.226183e-01
    outer loop
      vertex   4.500000e+00 4.875962e+00 1.332500e+01
      vertex   2.700000e+00 4.765461e+00 1.308803e+01
      vertex   2.700000e+00 4.875962e+00 1.332500e+01
    endloop
  endfacet
  facet normal 0.000000e+00 8.191520e-01 -5.735764e-01
    outer loop
      vertex   4.500000e+00 4.875962e+00 1.332500e+01
      vertex   2.700000e+00 4.875962e+00 1.332500e+01
      vertex   4.500000e+00 5.025933e+00 1.353918e+01
    endloop
  endfacet
  facet normal 0.000000e+00 8.191520e-01 -5.735764e-01
    outer loop
      vertex   4.500000e+00 5.025933e+00 1.353918e+01
      vertex   2.700000e+00 4.875962e+00 1.332500e+01
      vertex   2.700000e+00 5.025933e+00 1.353918e+01
    endloop
  endfacet
  facet normal 0.000000e+00 7.071068e-01 -7.071068e-01
    outer loop
      vertex   4.500000e+00 5.025933e+00 1.353918e+01
      vertex   2.700000e+00 5.025933e+00 1.353918e+01
      vertex   4.500000e+00 5.210818e+00 1.372407e+01
    endloop
  endfacet
  facet normal 0.000000e+00 7.071068e-01 -7.071068e-01
    outer loop
      vertex   4.500000e+00 5.210818e+00 1.372407e+01
      vertex   2.700000e+00 5.025933e+00 1.353918e+01
      vertex   2.700000e+00 5.210818e+00 1.372407e+01
    endloop
  endfacet
  facet normal 0.000000e+00 5.735764e-01 -8.191520e-01
    outer loop
      vertex   4.500000e+00 5.210818e+00 1.372407e+01
      vertex   2.700000e+00 5.210818e+00 1.372407e+01
      vertex   4.500000e+00 5.425000e+00 1.387404e+01
    endloop
  endfacet
  facet normal -2.830212e-16 5.735764e-01 -8.191520e-01
    outer loop
      vertex   4.500000e+00 5.425000e+00 1.387404e+01
      vertex   2.700000e+00 5.210818e+00 1.372407e+01
      vertex   2.700000e+00 5.425000e+00 1.387404e+01
    endloop
  endfacet
  facet normal -2.085336e-16 4.226183e-01 -9.063078e-01
    outer loop
      vertex   4.500000e+00 5.425000e+00 1.387404e+01
      vertex   2.700000e+00 5.425000e+00 1.387404e+01
      vertex   4.500000e+00 5.661970e+00 1.398454e+01
    endloop
  endfacet
  facet normal -2.085336e-16 4.226183e-01 -9.063078e-01
    outer loop
      vertex   4.500000e+00 5.661970e+00 1.398454e+01
      vertex   2.700000e+00 5.425000e+00 1.387404e+01
      vertex   2.700000e+00 5.661970e+00 1.398454e+01
    endloop
  endfacet
  facet normal -1.277097e-16 2.588190e-01 -9.659258e-01
    outer loop
      vertex   4.500000e+00 5.661970e+00 1.398454e+01
      vertex   2.700000e+00 5.661970e+00 1.398454e+01
      vertex   4.500000e+00 5.914528e+00 1.405221e+01
    endloop
  endfacet
  facet normal 0.000000e+00 2.588190e-01 -9.659258e-01
    outer loop
      vertex   4.500000e+00 5.914528e+00 1.405221e+01
      vertex   2.700000e+00 5.661970e+00 1.398454e+01
      vertex   2.700000e+00 5.914528e+00 1.405221e+01
    endloop
  endfacet
  facet normal 0.000000e+00 8.715574e-02 -9.961947e-01
    outer loop
      vertex   4.500000e+00 5.914528e+00 1.405221e+01
      vertex   2.700000e+00 5.914528e+00 1.405221e+01
      vertex   4.500000e+00 6.175000e+00 1.407500e+01
    endloop
  endfacet
  facet normal 0.000000e+00 8.715574e-02 -9.961947e-01
    outer loop
      vertex   4.500000e+00 6.175000e+00 1.407500e+01
      vertex   2.700000e+00 5.914528e+00 1.405221e+01
      vertex   2.700000e+00 6.175000e+00 1.407500e+01
    endloop
  endfacet
  facet normal -0.000000e+00 -9.961947e-01 -8.715574e-02
    outer loop
      vertex   4.500000e+00 6.749998e-01 1.157500e+01
      vertex   2.700000e+00 6.749998e-01 1.157500e+01
      vertex   4.500000e+00 6.977882e-01 1.131453e+01
    endloop
  endfacet
  facet normal -0.000000e+00 -9.961947e-01 -8.715574e-02
    outer loop
      vertex   4.500000e+00 6.977882e-01 1.131453e+01
      vertex   2.700000e+00 6.749998e-01 1.157500e+01
      vertex   2.700000e+00 6.977882e-01 1.131453e+01
    endloop
  endfacet
  facet normal -0.000000e+00 -9.659258e-01 -2.588190e-01
    outer loop
      vertex   4.500000e+00 6.977882e-01 1.131453e+01
      vertex   2.700000e+00 6.977882e-01 1.131453e+01
      vertex   4.500000e+00 7.654609e-01 1.106197e+01
    endloop
  endfacet
  facet normal 5.957739e-17 -9.659258e-01 -2.588190e-01
    outer loop
      vertex   4.500000e+00 7.654609e-01 1.106197e+01
      vertex   2.700000e+00 6.977882e-01 1.131453e+01
      vertex   2.700000e+00 7.654609e-01 1.106197e+01
    endloop
  endfacet
  facet normal 5.590021e-17 -9.063078e-01 -4.226183e-01
    outer loop
      vertex   4.500000e+00 7.654609e-01 1.106197e+01
      vertex   2.700000e+00 7.654609e-01 1.106197e+01
      vertex   4.500000e+00 8.759617e-01 1.082500e+01
    endloop
  endfacet
  facet normal -0.000000e+00 -9.063078e-01 -4.226183e-01
    outer loop
      vertex   4.500000e+00 8.759617e-01 1.082500e+01
      vertex   2.700000e+00 7.654609e-01 1.106197e+01
      vertex   2.700000e+00 8.759617e-01 1.082500e+01
    endloop
  endfacet
  facet normal -0.000000e+00 -8.191520e-01 -5.735764e-01
    outer loop
      vertex   4.500000e+00 8.759617e-01 1.082500e+01
      vertex   2.700000e+00 8.759617e-01 1.082500e+01
      vertex   4.500000e+00 1.025933e+00 1.061082e+01
    endloop
  endfacet
  facet normal -0.000000e+00 -8.191520e-01 -5.735764e-01
    outer loop
      vertex   4.500000e+00 1.025933e+00 1.061082e+01
      vertex   2.700000e+00 8.759617e-01 1.082500e+01
      vertex   2.700000e+00 1.025933e+00 1.061082e+01
    endloop
  endfacet
  facet normal -0.000000e+00 -7.071068e-01 -7.071068e-01
    outer loop
      vertex   4.500000e+00 1.025933e+00 1.061082e+01
      vertex   2.700000e+00 1.025933e+00 1.061082e+01
      vertex   4.500000e+00 1.210818e+00 1.042593e+01
    endloop
  endfacet
  facet normal -0.000000e+00 -7.071068e-01 -7.071068e-01
    outer loop
      vertex   4.500000e+00 1.210818e+00 1.042593e+01
      vertex   2.700000e+00 1.025933e+00 1.061082e+01
      vertex   2.700000e+00 1.210818e+00 1.042593e+01
    endloop
  endfacet
  facet normal -0.000000e+00 -5.735764e-01 -8.191520e-01
    outer loop
      vertex   4.500000e+00 1.210818e+00 1.042593e+01
      vertex   2.700000e+00 1.210818e+00 1.042593e+01
      vertex   4.500000e+00 1.425000e+00 1.027596e+01
    endloop
  endfacet
  facet normal 7.075531e-17 -5.735764e-01 -8.191520e-01
    outer loop
      vertex   4.500000e+00 1.425000e+00 1.027596e+01
      vertex   2.700000e+00 1.210818e+00 1.042593e+01
      vertex   2.700000e+00 1.425000e+00 1.027596e+01
    endloop
  endfacet
  facet normal 5.213339e-17 -4.226183e-01 -9.063078e-01
    outer loop
      vertex   4.500000e+00 1.425000e+00 1.027596e+01
      vertex   2.700000e+00 1.425000e+00 1.027596e+01
      vertex   4.500000e+00 1.661970e+00 1.016546e+01
    endloop
  endfacet
  facet normal 5.213339e-17 -4.226183e-01 -9.063078e-01
    outer loop
      vertex   4.500000e+00 1.661970e+00 1.016546e+01
      vertex   2.700000e+00 1.425000e+00 1.027596e+01
      vertex   2.700000e+00 1.661970e+00 1.016546e+01
    endloop
  endfacet
  facet normal 3.192743e-17 -2.588190e-01 -9.659258e-01
    outer loop
      vertex   4.500000e+00 1.661970e+00 1.016546e+01
      vertex   2.700000e+00 1.661970e+00 1.016546e+01
      vertex   4.500000e+00 1.914528e+00 1.009779e+01
    endloop
  endfacet
  facet normal -0.000000e+00 -2.588190e-01 -9.659258e-01
    outer loop
      vertex   4.500000e+00 1.914528e+00 1.009779e+01
      vertex   2.700000e+00 1.661970e+00 1.016546e+01
      vertex   2.700000e+00 1.914528e+00 1.009779e+01
    endloop
  endfacet
  facet normal -0.000000e+00 -8.715574e-02 -9.961947e-01
    outer loop
      vertex   4.500000e+00 1.914528e+00 1.009779e+01
      vertex   2.700000e+00 1.914528e+00 1.009779e+01
      vertex   4.500000e+00 2.175000e+00 1.007500e+01
    endloop
  endfacet
  facet normal -0.000000e+00 -8.715574e-02 -9.961947e-01
    outer loop
      vertex   4.500000e+00 2.175000e+00 1.007500e+01
      vertex   2.700000e+00 1.914528e+00 1.009779e+01
      vertex   2.700000e+00 2.175000e+00 1.007500e+01
    endloop
  endfacet
  facet normal 0.000000e+00 -1.000000e+00 0.000000e+00
    outer loop
      vertex   2.700000e+00 6.749998e-01 1.157500e+01
      vertex   4.500000e+00 6.749998e-01 1.157500e+01
      vertex   2.700000e+00 6.749998e-01 1.257500e+01
    endloop
  endfacet
  facet normal 0.000000e+00 -1.000000e+00 0.000000e+00
    outer loop
      vertex   2.700000e+00 6.749998e-01 1.257500e+01
      vertex   4.500000e+00 6.749998e-01 1.157500e+01
      vertex   4.500000e+00 6.749998e-01 1.257500e+01
    endloop
  endfacet
  facet normal -2.687842e-17 -8.715574e-02 -9.961947e-01
    outer loop
      vertex   4.500000e+00 -8.250002e-01 1.407500e+01
      vertex   2.700000e+00 -8.250002e-01 1.407500e+01
      vertex   4.500000e+00 -5.645279e-01 1.405221e+01
    endloop
  endfacet
  facet normal 9.562312e-16 -8.715574e-02 -9.961947e-01
    outer loop
      vertex   4.500000e+00 -5.645279e-01 1.405221e+01
      vertex   2.700000e+00 -8.250002e-01 1.407500e+01
      vertex   2.700000e+00 -5.645279e-01 1.405221e+01
    endloop
  endfacet
  facet normal 8.734197e-16 -2.588190e-01 -9.659258e-01
    outer loop
      vertex   4.500000e+00 -5.645279e-01 1.405221e+01
      vertex   2.700000e+00 -5.645279e-01 1.405221e+01
      vertex   4.500000e+00 -3.119700e-01 1.398454e+01
    endloop
  endfacet
  facet normal 1.826658e-15 -2.588190e-01 -9.659258e-01
    outer loop
      vertex   4.500000e+00 -3.119700e-01 1.398454e+01
      vertex   2.700000e+00 -5.645279e-01 1.405221e+01
      vertex   2.700000e+00 -3.119700e-01 1.398454e+01
    endloop
  endfacet
  facet normal 1.658473e-15 -4.226183e-01 -9.063078e-01
    outer loop
      vertex   4.500000e+00 -3.119700e-01 1.398454e+01
      vertex   2.700000e+00 -3.119700e-01 1.398454e+01
      vertex   4.500000e+00 -7.500021e-02 1.387404e+01
    endloop
  endfacet
  facet normal -9.775011e-17 -4.226183e-01 -9.063078e-01
    outer loop
      vertex   4.500000e+00 -7.500021e-02 1.387404e+01
      vertex   2.700000e+00 -3.119700e-01 1.398454e+01
      vertex   2.700000e+00 -7.500021e-02 1.387404e+01
    endloop
  endfacet
  facet normal -1.326662e-16 -5.735764e-01 -8.191520e-01
    outer loop
      vertex   4.500000e+00 -7.500021e-02 1.387404e+01
      vertex   2.700000e+00 -7.500021e-02 1.387404e+01
      vertex   4.500000e+00 1.391812e-01 1.372407e+01
    endloop
  endfacet
  facet normal -1.149774e-16 -5.735764e-01 -8.191520e-01
    outer loop
      vertex   4.500000e+00 1.391812e-01 1.372407e+01
      vertex   2.700000e+00 -7.500021e-02 1.387404e+01
      vertex   2.700000e+00 1.391812e-01 1.372407e+01
    endloop
  endfacet
  facet normal -1.417445e-16 -7.071068e-01 -7.071068e-01
    outer loop
      vertex   4.500000e+00 1.391812e-01 1.372407e+01
      vertex   2.700000e+00 1.391812e-01 1.372407e+01
      vertex   4.500000e+00 3.240665e-01 1.353918e+01
    endloop
  endfacet
  facet normal -6.542052e-17 -7.071068e-01 -7.071068e-01
    outer loop
      vertex   4.500000e+00 3.240665e-01 1.353918e+01
      vertex   2.700000e+00 1.391812e-01 1.372407e+01
      vertex   2.700000e+00 3.240665e-01 1.353918e+01
    endloop
  endfacet
  facet normal -7.578679e-17 -8.191520e-01 -5.735764e-01
    outer loop
      vertex   4.500000e+00 3.240665e-01 1.353918e+01
      vertex   2.700000e+00 3.240665e-01 1.353918e+01
      vertex   4.500000e+00 4.740379e-01 1.332500e+01
    endloop
  endfacet
  facet normal -7.578679e-17 -8.191520e-01 -5.735764e-01
    outer loop
      vertex   4.500000e+00 4.740379e-01 1.332500e+01
      vertex   2.700000e+00 3.240665e-01 1.353918e+01
      vertex   2.700000e+00 4.740379e-01 1.332500e+01
    endloop
  endfacet
  facet normal -8.385031e-17 -9.063078e-01 -4.226183e-01
    outer loop
      vertex   4.500000e+00 4.740379e-01 1.332500e+01
      vertex   2.700000e+00 4.740379e-01 1.332500e+01
      vertex   4.500000e+00 5.845387e-01 1.308803e+01
    endloop
  endfacet
  facet normal -0.000000e+00 -9.063078e-01 -4.226183e-01
    outer loop
      vertex   4.500000e+00 5.845387e-01 1.308803e+01
      vertex   2.700000e+00 4.740379e-01 1.332500e+01
      vertex   2.700000e+00 5.845387e-01 1.308803e+01
    endloop
  endfacet
  facet normal -0.000000e+00 -9.659258e-01 -2.588190e-01
    outer loop
      vertex   4.500000e+00 5.845387e-01 1.308803e+01
      vertex   2.700000e+00 5.845387e-01 1.308803e+01
      vertex   4.500000e+00 6.522114e-01 1.283547e+01
    endloop
  endfacet
  facet normal -0.000000e+00 -9.659258e-01 -2.588190e-01
    outer loop
      vertex   4.500000e+00 6.522114e-01 1.283547e+01
      vertex   2.700000e+00 5.845387e-01 1.308803e+01
      vertex   2.700000e+00 6.522114e-01 1.283547e+01
    endloop
  endfacet
  facet normal -0.000000e+00 -9.961947e-01 -8.715574e-02
    outer loop
      vertex   4.500000e+00 6.522114e-01 1.283547e+01
      vertex   2.700000e+00 6.522114e-01 1.283547e+01
      vertex   4.500000e+00 6.749998e-01 1.257500e+01
    endloop
  endfacet
  facet normal -0.000000e+00 -9.961947e-01 -8.715574e-02
    outer loop
      vertex   4.500000e+00 6.749998e-01 1.257500e+01
      vertex   2.700000e+00 6.522114e-01 1.283547e+01
      vertex   2.700000e+00 6.749998e-01 1.257500e+01
    endloop
  endfacet
  facet normal -0.000000e+00 -9.961947e-01 -8.715574e-02
    outer loop
      vertex   -8.000000e-01 6.749998e-01 1.157500e+01
      vertex   -2.600000e+00 6.749998e-01 1.157500e+01
      vertex   -8.000000e-01 6.977882e-01 1.131453e+01
    endloop
  endfacet
  facet normal -0.000000e+00 -9.961947e-01 -8.715574e-02
    outer loop
      vertex   -8.000000e-01 6.977882e-01 1.131453e+01
      vertex   -2.600000e+00 6.749998e-01 1.157500e+01
      vertex   -2.600000e+00 6.977882e-01 1.131453e+01
    endloop
  endfacet
  facet normal -0.000000e+00 -9.659258e-01 -2.588190e-01
    outer loop
      vertex   -8.000000e-01 6.977882e-01 1.131453e+01
      vertex   -2.600000e+00 6.977882e-01 1.131453e+01
      vertex   -8.000000e-01 7.654609e-01 1.106197e+01
    endloop
  endfacet
  facet normal 5.957739e-17 -9.659258e-01 -2.588190e-01
    outer loop
      vertex   -8.000000e-01 7.654609e-01 1.106197e+01
      vertex   -2.600000e+00 6.977882e-01 1.131453e+01
      vertex   -2.600000e+00 7.654609e-01 1.106197e+01
    endloop
  endfacet
  facet normal 5.590021e-17 -9.063078e-01 -4.226183e-01
    outer loop
      vertex   -8.000000e-01 7.654609e-01 1.106197e+01
      vertex   -2.600000e+00 7.654609e-01 1.106197e+01
      vertex   -8.000000e-01 8.759617e-01 1.082500e+01
    endloop
  endfacet
  facet normal -0.000000e+00 -9.063078e-01 -4.226183e-01
    outer loop
      vertex   -8.000000e-01 8.759617e-01 1.082500e+01
      vertex   -2.600000e+00 7.654609e-01 1.106197e+01
      vertex   -2.600000e+00 8.759617e-01 1.082500e+01
    endloop
  endfacet
  facet normal -0.000000e+00 -8.191520e-01 -5.735764e-01
    outer loop
      vertex   -8.000000e-01 8.759617e-01 1.082500e+01
      vertex   -2.600000e+00 8.759617e-01 1.082500e+01
      vertex   -8.000000e-01 1.025933e+00 1.061082e+01
    endloop
  endfacet
  facet normal -0.000000e+00 -8.191520e-01 -5.735764e-01
    outer loop
      vertex   -8.000000e-01 1.025933e+00 1.061082e+01
      vertex   -2.600000e+00 8.759617e-01 1.082500e+01
      vertex   -2.600000e+00 1.025933e+00 1.061082e+01
    endloop
  endfacet
  facet normal -0.000000e+00 -7.071068e-01 -7.071068e-01
    outer loop
      vertex   -8.000000e-01 1.025933e+00 1.061082e+01
      vertex   -2.600000e+00 1.025933e+00 1.061082e+01
      vertex   -8.000000e-01 1.210818e+00 1.042593e+01
    endloop
  endfacet
  facet normal -0.000000e+00 -7.071068e-01 -7.071068e-01
    outer loop
      vertex   -8.000000e-01 1.210818e+00 1.042593e+01
      vertex   -2.600000e+00 1.025933e+00 1.061082e+01
      vertex   -2.600000e+00 1.210818e+00 1.042593e+01
    endloop
  endfacet
  facet normal -0.000000e+00 -5.735764e-01 -8.191520e-01
    outer loop
      vertex   -8.000000e-01 1.210818e+00 1.042593e+01
      vertex   -2.600000e+00 1.210818e+00 1.042593e+01
      vertex   -8.000000e-01 1.425000e+00 1.027596e+01
    endloop
  endfacet
  facet normal 7.075531e-17 -5.735764e-01 -8.191520e-01
    outer loop
      vertex   -8.000000e-01 1.425000e+00 1.027596e+01
      vertex   -2.600000e+00 1.210818e+00 1.042593e+01
      vertex   -2.600000e+00 1.425000e+00 1.027596e+01
    endloop
  endfacet
  facet normal 5.213339e-17 -4.226183e-01 -9.063078e-01
    outer loop
      vertex   -8.000000e-01 1.425000e+00 1.027596e+01
      vertex   -2.600000e+00 1.425000e+00 1.027596e+01
      vertex   -8.000000e-01 1.661970e+00 1.016546e+01
    endloop
  endfacet
  facet normal 5.213339e-17 -4.226183e-01 -9.063078e-01
    outer loop
      vertex   -8.000000e-01 1.661970e+00 1.016546e+01
      vertex   -2.600000e+00 1.425000e+00 1.027596e+01
      vertex   -2.600000e+00 1.661970e+00 1.016546e+01
    endloop
  endfacet
  facet normal 3.192743e-17 -2.588190e-01 -9.659258e-01
    outer loop
      vertex   -8.000000e-01 1.661970e+00 1.016546e+01
      vertex   -2.600000e+00 1.661970e+00 1.016546e+01
      vertex   -8.000000e-01 1.914528e+00 1.009779e+01
    endloop
  endfacet
  facet normal -0.000000e+00 -2.588190e-01 -9.659258e-01
    outer loop
      vertex   -8.000000e-01 1.914528e+00 1.009779e+01
      vertex   -2.600000e+00 1.661970e+00 1.016546e+01
      vertex   -2.600000e+00 1.914528e+00 1.009779e+01
    endloop
  endfacet
  facet normal -0.000000e+00 -8.715574e-02 -9.961947e-01
    outer loop
      vertex   -8.000000e-01 1.914528e+00 1.009779e+01
      vertex   -2.600000e+00 1.914528e+00 1.009779e+01
      vertex   -8.000000e-01 2.175000e+00 1.007500e+01
    endloop
  endfacet
  facet normal -0.000000e+00 -8.715574e-02 -9.961947e-01
    outer loop
      vertex   -8.000000e-01 2.175000e+00 1.007500e+01
      vertex   -2.600000e+00 1.914528e+00 1.009779e+01
      vertex   -2.600000e+00 2.175000e+00 1.007500e+01
    endloop
  endfacet
  facet normal -1.000000e+00 9.441476e-16 -2.715822e-15
    outer loop
      vertex   -2.600000e+00 5.661704e+00 1.398444e+01
      vertex   -2.600000e+00 5.661704e+00 1.447500e+01
      vertex   -2.600000e+00 5.703292e+00 1.399890e+01
    endloop
  endfacet
  facet normal -1.000000e+00 8.580387e-16 -2.723344e-15
    outer loop
      vertex   -2.600000e+00 5.703292e+00 1.399890e+01
      vertex   -2.600000e+00 5.661704e+00 1.447500e+01
      vertex   -2.600000e+00 5.745287e+00 1.401213e+01
    endloop
  endfacet
  facet normal -1.000000e+00 -1.057788e-14 -4.788406e-15
    outer loop
      vertex   -2.600000e+00 5.745287e+00 1.401213e+01
      vertex   -2.600000e+00 5.661704e+00 1.447500e+01
      vertex   -2.600000e+00 5.787652e+00 1.447500e+01
    endloop
  endfacet
  facet normal -1.000000e+00 1.672954e-15 -5.909693e-15
    outer loop
      vertex   -2.600000e+00 5.745287e+00 1.401213e+01
      vertex   -2.600000e+00 5.787652e+00 1.447500e+01
      vertex   -2.600000e+00 5.787652e+00 1.402412e+01
    endloop
  endfacet
  facet normal 0.000000e+00 -1.000000e+00 0.000000e+00
    outer loop
      vertex   -2.600000e+00 6.749998e-01 1.157500e+01
      vertex   -8.000000e-01 6.749998e-01 1.157500e+01
      vertex   -2.600000e+00 6.749998e-01 1.257500e+01
    endloop
  endfacet
  facet normal 0.000000e+00 -1.000000e+00 0.000000e+00
    outer loop
      vertex   -2.600000e+00 6.749998e-01 1.257500e+01
      vertex   -8.000000e-01 6.749998e-01 1.157500e+01
      vertex   -8.000000e-01 6.749998e-01 1.257500e+01
    endloop
  endfacet
  facet normal 1.378680e-03 -1.105575e-01 -9.938688e-01
    outer loop
      vertex   -2.600000e+00 -5.318974e-01 1.404608e+01
      vertex   -8.000000e-01 -5.645279e-01 1.405221e+01
      vertex   -2.600000e+00 -7.876525e-01 1.407453e+01
    endloop
  endfacet
  facet normal -1.551006e-03 -8.715564e-02 -9.961935e-01
    outer loop
      vertex   -2.600000e+00 -7.876525e-01 1.407453e+01
      vertex   -8.000000e-01 -5.645279e-01 1.405221e+01
      vertex   -8.000000e-01 -8.250002e-01 1.407500e+01
    endloop
  endfacet
  facet normal 0.000000e+00 -1.245020e-02 -9.999225e-01
    outer loop
      vertex   -2.600000e+00 -7.876525e-01 1.407453e+01
      vertex   -8.000000e-01 -8.250002e-01 1.407500e+01
      vertex   -2.556294e+00 -8.250002e-01 1.407500e+01
    endloop
  endfacet
  facet normal -1.404124e-03 -2.588188e-01 -9.659249e-01
    outer loop
      vertex   -8.000000e-01 -5.645279e-01 1.405221e+01
      vertex   -2.600000e+00 -5.318974e-01 1.404608e+01
      vertex   -8.000000e-01 -3.119700e-01 1.398454e+01
    endloop
  endfacet
  facet normal 1.228614e-03 -2.788055e-01 -9.603468e-01
    outer loop
      vertex   -8.000000e-01 -3.119700e-01 1.398454e+01
      vertex   -2.600000e+00 -5.318974e-01 1.404608e+01
      vertex   -2.600000e+00 -2.847687e-01 1.397434e+01
    endloop
  endfacet
  facet normal -1.250875e-03 -4.226179e-01 -9.063071e-01
    outer loop
      vertex   -8.000000e-01 -3.119700e-01 1.398454e+01
      vertex   -2.600000e+00 -2.847687e-01 1.397434e+01
      vertex   -8.000000e-01 -7.500021e-02 1.387404e+01
    endloop
  endfacet
  facet normal 1.072183e-03 -4.388479e-01 -8.985607e-01
    outer loop
      vertex   -8.000000e-01 -7.500021e-02 1.387404e+01
      vertex   -2.600000e+00 -2.847687e-01 1.397434e+01
      vertex   -2.600000e+00 -5.353960e-02 1.386141e+01
    endloop
  endfacet
  facet normal -1.091262e-03 -5.735761e-01 -8.191516e-01
    outer loop
      vertex   -8.000000e-01 -7.500021e-02 1.387404e+01
      vertex   -2.600000e+00 -5.353960e-02 1.386141e+01
      vertex   -8.000000e-01 1.391812e-01 1.372407e+01
    endloop
  endfacet
  facet normal 9.093887e-04 -5.859746e-01 -8.103289e-01
    outer loop
      vertex   -8.000000e-01 1.391812e-01 1.372407e+01
      vertex   -2.600000e+00 -5.353960e-02 1.386141e+01
      vertex   -2.600000e+00 1.549845e-01 1.371062e+01
    endloop
  endfacet
  facet normal -9.252860e-04 -7.071065e-01 -7.071065e-01
    outer loop
      vertex   -8.000000e-01 1.391812e-01 1.372407e+01
      vertex   -2.600000e+00 1.549845e-01 1.371062e+01
      vertex   -8.000000e-01 3.240665e-01 1.353918e+01
    endloop
  endfacet
  facet normal 7.402311e-04 -7.158554e-01 -6.982482e-01
    outer loop
      vertex   -8.000000e-01 3.240665e-01 1.353918e+01
      vertex   -2.600000e+00 1.549845e-01 1.371062e+01
      vertex   -2.600000e+00 3.346666e-01 1.352641e+01
    endloop
  endfacet
  facet normal -7.529476e-04 -8.191518e-01 -5.735763e-01
    outer loop
      vertex   -8.000000e-01 3.240665e-01 1.353918e+01
      vertex   -2.600000e+00 3.346666e-01 1.352641e+01
      vertex   -8.000000e-01 4.740379e-01 1.332500e+01
    endloop
  endfacet
  facet normal 5.647120e-04 -8.246678e-01 -5.656171e-01
    outer loop
      vertex   -8.000000e-01 4.740379e-01 1.332500e+01
      vertex   -2.600000e+00 3.346666e-01 1.352641e+01
      vertex   -2.600000e+00 4.802183e-01 1.331419e+01
    endloop
  endfacet
  facet normal -5.742484e-04 -9.063076e-01 -4.226182e-01
    outer loop
      vertex   -8.000000e-01 4.740379e-01 1.332500e+01
      vertex   -2.600000e+00 4.802183e-01 1.331419e+01
      vertex   -8.000000e-01 5.845387e-01 1.308803e+01
    endloop
  endfacet
  facet normal 3.828329e-04 -9.092092e-01 -4.163393e-01
    outer loop
      vertex   -8.000000e-01 5.845387e-01 1.308803e+01
      vertex   -2.600000e+00 4.802183e-01 1.331419e+01
      vertex   -2.600000e+00 5.873560e-01 1.308022e+01
    endloop
  endfacet
  facet normal -3.891897e-04 -9.659258e-01 -2.588190e-01
    outer loop
      vertex   -8.000000e-01 5.845387e-01 1.308803e+01
      vertex   -2.600000e+00 5.873560e-01 1.308022e+01
      vertex   -8.000000e-01 6.522114e-01 1.283547e+01
    endloop
  endfacet
  facet normal 1.945951e-04 -9.669916e-01 -2.548081e-01
    outer loop
      vertex   -8.000000e-01 6.522114e-01 1.283547e+01
      vertex   -2.600000e+00 5.873560e-01 1.308022e+01
      vertex   -2.600000e+00 6.529264e-01 1.283138e+01
    endloop
  endfacet
  facet normal -1.977731e-04 -9.961947e-01 -8.715574e-02
    outer loop
      vertex   -8.000000e-01 6.522114e-01 1.283547e+01
      vertex   -2.600000e+00 6.529264e-01 1.283138e+01
      vertex   -8.000000e-01 6.749998e-01 1.257500e+01
    endloop
  endfacet
  facet normal -0.000000e+00 -9.963143e-01 -8.577753e-02
    outer loop
      vertex   -8.000000e-01 6.749998e-01 1.257500e+01
      vertex   -2.600000e+00 6.529264e-01 1.283138e+01
      vertex   -2.600000e+00 6.749998e-01 1.257500e+01
    endloop
  endfacet
  facet normal 0.000000e+00 -9.505604e-02 9.954719e-01
    outer loop
      vertex   -1.600000e+00 2.911564e+00 1.084759e+01
      vertex   -2.600000e+00 2.911564e+00 1.084759e+01
      vertex   -1.600000e+00 2.675000e+00 1.082500e+01
    endloop
  endfacet
  facet normal 0.000000e+00 -9.505604e-02 9.954719e-01
    outer loop
      vertex   -1.600000e+00 2.675000e+00 1.082500e+01
      vertex   -2.600000e+00 2.911564e+00 1.084759e+01
      vertex   -2.600000e+00 2.675000e+00 1.082500e+01
    endloop
  endfacet
  facet normal 0.000000e+00 9.505604e-02 9.954719e-01
    outer loop
      vertex   -1.600000e+00 2.675000e+00 1.082500e+01
      vertex   -2.600000e+00 2.675000e+00 1.082500e+01
      vertex   -1.600000e+00 2.438436e+00 1.084759e+01
    endloop
  endfacet
  facet normal 0.000000e+00 9.505604e-02 9.954719e-01
    outer loop
      vertex   -1.600000e+00 2.438436e+00 1.084759e+01
      vertex   -2.600000e+00 2.675000e+00 1.082500e+01
      vertex   -2.600000e+00 2.438436e+00 1.084759e+01
    endloop
  endfacet
  facet normal 0.000000e+00 2.817326e-01 9.594930e-01
    outer loop
      vertex   -1.600000e+00 2.438436e+00 1.084759e+01
      vertex   -2.600000e+00 2.438436e+00 1.084759e+01
      vertex   -1.600000e+00 2.210422e+00 1.091454e+01
    endloop
  endfacet
  facet normal 0.000000e+00 2.817326e-01 9.594930e-01
    outer loop
      vertex   -1.600000e+00 2.210422e+00 1.091454e+01
      vertex   -2.600000e+00 2.438436e+00 1.084759e+01
      vertex   -2.600000e+00 2.210422e+00 1.091454e+01
    endloop
  endfacet
  facet normal 0.000000e+00 4.582265e-01 8.888354e-01
    outer loop
      vertex   -1.600000e+00 2.210422e+00 1.091454e+01
      vertex   -2.600000e+00 2.210422e+00 1.091454e+01
      vertex   -1.600000e+00 1.999199e+00 1.102343e+01
    endloop
  endfacet
  facet normal 0.000000e+00 4.582265e-01 8.888354e-01
    outer loop
      vertex   -1.600000e+00 1.999199e+00 1.102343e+01
      vertex   -2.600000e+00 2.210422e+00 1.091454e+01
      vertex   -2.600000e+00 1.999199e+00 1.102343e+01
    endloop
  endfacet
  facet normal 0.000000e+00 6.181590e-01 7.860531e-01
    outer loop
      vertex   -1.600000e+00 1.999199e+00 1.102343e+01
      vertex   -2.600000e+00 1.999199e+00 1.102343e+01
      vertex   -1.600000e+00 1.812401e+00 1.117033e+01
    endloop
  endfacet
  facet normal 0.000000e+00 6.181590e-01 7.860531e-01
    outer loop
      vertex   -1.600000e+00 1.812401e+00 1.117033e+01
      vertex   -2.600000e+00 1.999199e+00 1.102343e+01
      vertex   -2.600000e+00 1.812401e+00 1.117033e+01
    endloop
  endfacet
  facet normal 0.000000e+00 7.557496e-01 6.548607e-01
    outer loop
      vertex   -1.600000e+00 1.812401e+00 1.117033e+01
      vertex   -2.600000e+00 1.812401e+00 1.117033e+01
      vertex   -1.600000e+00 1.656780e+00 1.134993e+01
    endloop
  endfacet
  facet normal 0.000000e+00 7.557496e-01 6.548607e-01
    outer loop
      vertex   -1.600000e+00 1.656780e+00 1.134993e+01
      vertex   -2.600000e+00 1.812401e+00 1.117033e+01
      vertex   -2.600000e+00 1.656780e+00 1.134993e+01
    endloop
  endfacet
  facet normal 0.000000e+00 8.660254e-01 5.000000e-01
    outer loop
      vertex   -1.600000e+00 1.656780e+00 1.134993e+01
      vertex   -2.600000e+00 1.656780e+00 1.134993e+01
      vertex   -1.600000e+00 1.537960e+00 1.155573e+01
    endloop
  endfacet
  facet normal 0.000000e+00 8.660254e-01 5.000000e-01
    outer loop
      vertex   -1.600000e+00 1.537960e+00 1.155573e+01
      vertex   -2.600000e+00 1.656780e+00 1.134993e+01
      vertex   -2.600000e+00 1.537960e+00 1.155573e+01
    endloop
  endfacet
  facet normal 0.000000e+00 9.450008e-01 3.270680e-01
    outer loop
      vertex   -1.600000e+00 1.537960e+00 1.155573e+01
      vertex   -2.600000e+00 1.537960e+00 1.155573e+01
      vertex   -1.600000e+00 1.460235e+00 1.178030e+01
    endloop
  endfacet
  facet normal 0.000000e+00 9.450008e-01 3.270680e-01
    outer loop
      vertex   -1.600000e+00 1.460235e+00 1.178030e+01
      vertex   -2.600000e+00 1.537960e+00 1.155573e+01
      vertex   -2.600000e+00 1.460235e+00 1.178030e+01
    endloop
  endfacet
  facet normal 0.000000e+00 9.898214e-01 1.423148e-01
    outer loop
      vertex   -1.600000e+00 1.460235e+00 1.178030e+01
      vertex   -2.600000e+00 1.460235e+00 1.178030e+01
      vertex   -1.600000e+00 1.426416e+00 1.201552e+01
    endloop
  endfacet
  facet normal 0.000000e+00 9.898214e-01 1.423148e-01
    outer loop
      vertex   -1.600000e+00 1.426416e+00 1.201552e+01
      vertex   -2.600000e+00 1.460235e+00 1.178030e+01
      vertex   -2.600000e+00 1.426416e+00 1.201552e+01
    endloop
  endfacet
  facet normal 0.000000e+00 9.988673e-01 -4.758192e-02
    outer loop
      vertex   -1.600000e+00 1.426416e+00 1.201552e+01
      vertex   -2.600000e+00 1.426416e+00 1.201552e+01
      vertex   -1.600000e+00 1.437723e+00 1.225289e+01
    endloop
  endfacet
  facet normal 0.000000e+00 9.988673e-01 -4.758192e-02
    outer loop
      vertex   -1.600000e+00 1.437723e+00 1.225289e+01
      vertex   -2.600000e+00 1.426416e+00 1.201552e+01
      vertex   -2.600000e+00 1.437723e+00 1.225289e+01
    endloop
  endfacet
  facet normal 0.000000e+00 9.718116e-01 -2.357589e-01
    outer loop
      vertex   -1.600000e+00 1.437723e+00 1.225289e+01
      vertex   -2.600000e+00 1.437723e+00 1.225289e+01
      vertex   -1.600000e+00 1.493749e+00 1.248383e+01
    endloop
  endfacet
  facet normal 0.000000e+00 9.718116e-01 -2.357589e-01
    outer loop
      vertex   -1.600000e+00 1.493749e+00 1.248383e+01
      vertex   -2.600000e+00 1.437723e+00 1.225289e+01
      vertex   -2.600000e+00 1.493749e+00 1.248383e+01
    endloop
  endfacet
  facet normal 0.000000e+00 9.096320e-01 -4.154150e-01
    outer loop
      vertex   -1.600000e+00 1.493749e+00 1.248383e+01
      vertex   -2.600000e+00 1.493749e+00 1.248383e+01
      vertex   -1.600000e+00 1.592468e+00 1.270000e+01
    endloop
  endfacet
  facet normal 0.000000e+00 9.096320e-01 -4.154150e-01
    outer loop
      vertex   -1.600000e+00 1.592468e+00 1.270000e+01
      vertex   -2.600000e+00 1.493749e+00 1.248383e+01
      vertex   -2.600000e+00 1.592468e+00 1.270000e+01
    endloop
  endfacet
  facet normal 0.000000e+00 8.145760e-01 -5.800569e-01
    outer loop
      vertex   -1.600000e+00 1.592468e+00 1.270000e+01
      vertex   -2.600000e+00 1.592468e+00 1.270000e+01
      vertex   -1.600000e+00 1.730313e+00 1.289358e+01
    endloop
  endfacet
  facet normal 0.000000e+00 8.145760e-01 -5.800569e-01
    outer loop
      vertex   -1.600000e+00 1.730313e+00 1.289358e+01
      vertex   -2.600000e+00 1.592468e+00 1.270000e+01
      vertex   -2.600000e+00 1.730313e+00 1.289358e+01
    endloop
  endfacet
  facet normal 0.000000e+00 6.900790e-01 -7.237340e-01
    outer loop
      vertex   -1.600000e+00 1.730313e+00 1.289358e+01
      vertex   -2.600000e+00 1.730313e+00 1.289358e+01
      vertex   -1.600000e+00 1.902301e+00 1.305757e+01
    endloop
  endfacet
  facet normal 0.000000e+00 6.900790e-01 -7.237340e-01
    outer loop
      vertex   -1.600000e+00 1.902301e+00 1.305757e+01
      vertex   -2.600000e+00 1.730313e+00 1.289358e+01
      vertex   -2.600000e+00 1.902301e+00 1.305757e+01
    endloop
  endfacet
  facet normal 0.000000e+00 5.406408e-01 -8.412535e-01
    outer loop
      vertex   -1.600000e+00 1.902301e+00 1.305757e+01
      vertex   -2.600000e+00 1.902301e+00 1.305757e+01
      vertex   -1.600000e+00 2.102217e+00 1.318604e+01
    endloop
  endfacet
  facet normal 0.000000e+00 5.406408e-01 -8.412535e-01
    outer loop
      vertex   -1.600000e+00 2.102217e+00 1.318604e+01
      vertex   -2.600000e+00 1.902301e+00 1.305757e+01
      vertex   -2.600000e+00 2.102217e+00 1.318604e+01
    endloop
  endfacet
  facet normal 0.000000e+00 3.716625e-01 -9.283679e-01
    outer loop
      vertex   -1.600000e+00 2.102217e+00 1.318604e+01
      vertex   -2.600000e+00 2.102217e+00 1.318604e+01
      vertex   -1.600000e+00 2.322834e+00 1.327437e+01
    endloop
  endfacet
  facet normal 0.000000e+00 3.716625e-01 -9.283679e-01
    outer loop
      vertex   -1.600000e+00 2.322834e+00 1.327437e+01
      vertex   -2.600000e+00 2.102217e+00 1.318604e+01
      vertex   -2.600000e+00 2.322834e+00 1.327437e+01
    endloop
  endfacet
  facet normal 0.000000e+00 1.892512e-01 -9.819287e-01
    outer loop
      vertex   -1.600000e+00 2.322834e+00 1.327437e+01
      vertex   -2.600000e+00 2.322834e+00 1.327437e+01
      vertex   -1.600000e+00 2.556180e+00 1.331934e+01
    endloop
  endfacet
  facet normal 0.000000e+00 1.892512e-01 -9.819287e-01
    outer loop
      vertex   -1.600000e+00 2.556180e+00 1.331934e+01
      vertex   -2.600000e+00 2.322834e+00 1.327437e+01
      vertex   -2.600000e+00 2.556180e+00 1.331934e+01
    endloop
  endfacet
  facet normal 0.000000e+00 0.000000e+00 -1.000000e+00
    outer loop
      vertex   -1.600000e+00 2.556180e+00 1.331934e+01
      vertex   -2.600000e+00 2.556180e+00 1.331934e+01
      vertex   -1.600000e+00 2.793820e+00 1.331934e+01
    endloop
  endfacet
  facet normal -0.000000e+00 0.000000e+00 -1.000000e+00
    outer loop
      vertex   -1.600000e+00 2.793820e+00 1.331934e+01
      vertex   -2.600000e+00 2.556180e+00 1.331934e+01
      vertex   -2.600000e+00 2.793820e+00 1.331934e+01
    endloop
  endfacet
  facet normal -0.000000e+00 -1.892512e-01 -9.819287e-01
    outer loop
      vertex   -1.600000e+00 2.793820e+00 1.331934e+01
      vertex   -2.600000e+00 2.793820e+00 1.331934e+01
      vertex   -1.600000e+00 3.027165e+00 1.327437e+01
    endloop
  endfacet
  facet normal -0.000000e+00 -1.892512e-01 -9.819287e-01
    outer loop
      vertex   -1.600000e+00 3.027165e+00 1.327437e+01
      vertex   -2.600000e+00 2.793820e+00 1.331934e+01
      vertex   -2.600000e+00 3.027165e+00 1.327437e+01
    endloop
  endfacet
  facet normal -0.000000e+00 -3.716625e-01 -9.283679e-01
    outer loop
      vertex   -1.600000e+00 3.027165e+00 1.327437e+01
      vertex   -2.600000e+00 3.027165e+00 1.327437e+01
      vertex   -1.600000e+00 3.247783e+00 1.318604e+01
    endloop
  endfacet
  facet normal -0.000000e+00 -3.716625e-01 -9.283679e-01
    outer loop
      vertex   -1.600000e+00 3.247783e+00 1.318604e+01
      vertex   -2.600000e+00 3.027165e+00 1.327437e+01
      vertex   -2.600000e+00 3.247783e+00 1.318604e+01
    endloop
  endfacet
  facet normal -0.000000e+00 -5.406408e-01 -8.412535e-01
    outer loop
      vertex   -1.600000e+00 3.247783e+00 1.318604e+01
      vertex   -2.600000e+00 3.247783e+00 1.318604e+01
      vertex   -1.600000e+00 3.447699e+00 1.305757e+01
    endloop
  endfacet
  facet normal -0.000000e+00 -5.406408e-01 -8.412535e-01
    outer loop
      vertex   -1.600000e+00 3.447699e+00 1.305757e+01
      vertex   -2.600000e+00 3.247783e+00 1.318604e+01
      vertex   -2.600000e+00 3.447699e+00 1.305757e+01
    endloop
  endfacet
  facet normal -0.000000e+00 -6.900790e-01 -7.237340e-01
    outer loop
      vertex   -1.600000e+00 3.447699e+00 1.305757e+01
      vertex   -2.600000e+00 3.447699e+00 1.305757e+01
      vertex   -1.600000e+00 3.619687e+00 1.289358e+01
    endloop
  endfacet
  facet normal -0.000000e+00 -6.900790e-01 -7.237340e-01
    outer loop
      vertex   -1.600000e+00 3.619687e+00 1.289358e+01
      vertex   -2.600000e+00 3.447699e+00 1.305757e+01
      vertex   -2.600000e+00 3.619687e+00 1.289358e+01
    endloop
  endfacet
  facet normal -0.000000e+00 -8.145760e-01 -5.800569e-01
    outer loop
      vertex   -1.600000e+00 3.619687e+00 1.289358e+01
      vertex   -2.600000e+00 3.619687e+00 1.289358e+01
      vertex   -1.600000e+00 3.757532e+00 1.270000e+01
    endloop
  endfacet
  facet normal -0.000000e+00 -8.145760e-01 -5.800569e-01
    outer loop
      vertex   -1.600000e+00 3.757532e+00 1.270000e+01
      vertex   -2.600000e+00 3.619687e+00 1.289358e+01
      vertex   -2.600000e+00 3.757532e+00 1.270000e+01
    endloop
  endfacet
  facet normal -0.000000e+00 -9.096320e-01 -4.154150e-01
    outer loop
      vertex   -1.600000e+00 3.757532e+00 1.270000e+01
      vertex   -2.600000e+00 3.757532e+00 1.270000e+01
      vertex   -1.600000e+00 3.856251e+00 1.248383e+01
    endloop
  endfacet
  facet normal -0.000000e+00 -9.096320e-01 -4.154150e-01
    outer loop
      vertex   -1.600000e+00 3.856251e+00 1.248383e+01
      vertex   -2.600000e+00 3.757532e+00 1.270000e+01
      vertex   -2.600000e+00 3.856251e+00 1.248383e+01
    endloop
  endfacet
  facet normal -0.000000e+00 -9.718116e-01 -2.357589e-01
    outer loop
      vertex   -1.600000e+00 3.856251e+00 1.248383e+01
      vertex   -2.600000e+00 3.856251e+00 1.248383e+01
      vertex   -1.600000e+00 3.912277e+00 1.225289e+01
    endloop
  endfacet
  facet normal -0.000000e+00 -9.718116e-01 -2.357589e-01
    outer loop
      vertex   -1.600000e+00 3.912277e+00 1.225289e+01
      vertex   -2.600000e+00 3.856251e+00 1.248383e+01
      vertex   -2.600000e+00 3.912277e+00 1.225289e+01
    endloop
  endfacet
  facet normal -0.000000e+00 -9.988673e-01 -4.758192e-02
    outer loop
      vertex   -1.600000e+00 3.912277e+00 1.225289e+01
      vertex   -2.600000e+00 3.912277e+00 1.225289e+01
      vertex   -1.600000e+00 3.923584e+00 1.201552e+01
    endloop
  endfacet
  facet normal -0.000000e+00 -9.988673e-01 -4.758192e-02
    outer loop
      vertex   -1.600000e+00 3.923584e+00 1.201552e+01
      vertex   -2.600000e+00 3.912277e+00 1.225289e+01
      vertex   -2.600000e+00 3.923584e+00 1.201552e+01
    endloop
  endfacet
  facet normal 0.000000e+00 -9.898214e-01 1.423148e-01
    outer loop
      vertex   -1.600000e+00 3.923584e+00 1.201552e+01
      vertex   -2.600000e+00 3.923584e+00 1.201552e+01
      vertex   -1.600000e+00 3.889764e+00 1.178030e+01
    endloop
  endfacet
  facet normal 0.000000e+00 -9.898214e-01 1.423148e-01
    outer loop
      vertex   -1.600000e+00 3.889764e+00 1.178030e+01
      vertex   -2.600000e+00 3.923584e+00 1.201552e+01
      vertex   -2.600000e+00 3.889764e+00 1.178030e+01
    endloop
  endfacet
  facet normal 0.000000e+00 -9.450008e-01 3.270680e-01
    outer loop
      vertex   -1.600000e+00 3.889764e+00 1.178030e+01
      vertex   -2.600000e+00 3.889764e+00 1.178030e+01
      vertex   -1.600000e+00 3.812040e+00 1.155573e+01
    endloop
  endfacet
  facet normal 0.000000e+00 -9.450008e-01 3.270680e-01
    outer loop
      vertex   -1.600000e+00 3.812040e+00 1.155573e+01
      vertex   -2.600000e+00 3.889764e+00 1.178030e+01
      vertex   -2.600000e+00 3.812040e+00 1.155573e+01
    endloop
  endfacet
  facet normal 0.000000e+00 -8.660254e-01 5.000000e-01
    outer loop
      vertex   -1.600000e+00 3.812040e+00 1.155573e+01
      vertex   -2.600000e+00 3.812040e+00 1.155573e+01
      vertex   -1.600000e+00 3.693220e+00 1.134993e+01
    endloop
  endfacet
  facet normal 0.000000e+00 -8.660254e-01 5.000000e-01
    outer loop
      vertex   -1.600000e+00 3.693220e+00 1.134993e+01
      vertex   -2.600000e+00 3.812040e+00 1.155573e+01
      vertex   -2.600000e+00 3.693220e+00 1.134993e+01
    endloop
  endfacet
  facet normal 0.000000e+00 -7.557496e-01 6.548607e-01
    outer loop
      vertex   -1.600000e+00 3.693220e+00 1.134993e+01
      vertex   -2.600000e+00 3.693220e+00 1.134993e+01
      vertex   -1.600000e+00 3.537599e+00 1.117033e+01
    endloop
  endfacet
  facet normal 0.000000e+00 -7.557496e-01 6.548607e-01
    outer loop
      vertex   -1.600000e+00 3.537599e+00 1.117033e+01
      vertex   -2.600000e+00 3.693220e+00 1.134993e+01
      vertex   -2.600000e+00 3.537599e+00 1.117033e+01
    endloop
  endfacet
  facet normal 0.000000e+00 -6.181590e-01 7.860531e-01
    outer loop
      vertex   -1.600000e+00 3.537599e+00 1.117033e+01
      vertex   -2.600000e+00 3.537599e+00 1.117033e+01
      vertex   -1.600000e+00 3.350801e+00 1.102343e+01
    endloop
  endfacet
  facet normal 0.000000e+00 -6.181590e-01 7.860531e-01
    outer loop
      vertex   -1.600000e+00 3.350801e+00 1.102343e+01
      vertex   -2.600000e+00 3.537599e+00 1.117033e+01
      vertex   -2.600000e+00 3.350801e+00 1.102343e+01
    endloop
  endfacet
  facet normal 0.000000e+00 -4.582265e-01 8.888354e-01
    outer loop
      vertex   -1.600000e+00 3.350801e+00 1.102343e+01
      vertex   -2.600000e+00 3.350801e+00 1.102343e+01
      vertex   -1.600000e+00 3.139578e+00 1.091454e+01
    endloop
  endfacet
  facet normal 0.000000e+00 -4.582265e-01 8.888354e-01
    outer loop
      vertex   -1.600000e+00 3.139578e+00 1.091454e+01
      vertex   -2.600000e+00 3.350801e+00 1.102343e+01
      vertex   -2.600000e+00 3.139578e+00 1.091454e+01
    endloop
  endfacet
  facet normal 0.000000e+00 -2.817326e-01 9.594930e-01
    outer loop
      vertex   -1.600000e+00 3.139578e+00 1.091454e+01
      vertex   -2.600000e+00 3.139578e+00 1.091454e+01
      vertex   -1.600000e+00 2.911564e+00 1.084759e+01
    endloop
  endfacet
  facet normal 0.000000e+00 -2.817326e-01 9.594930e-01
    outer loop
      vertex   -1.600000e+00 2.911564e+00 1.084759e+01
      vertex   -2.600000e+00 3.139578e+00 1.091454e+01
      vertex   -2.600000e+00 2.911564e+00 1.084759e+01
    endloop
  endfacet
  facet normal -1.000000e+00 0.000000e+00 -0.000000e+00
    outer loop
      vertex   -1.600000e+00 2.843232e+00 1.144715e+01
      vertex   -1.600000e+00 2.911564e+00 1.084759e+01
      vertex   -1.600000e+00 2.675000e+00 1.142500e+01
    endloop
  endfacet
  facet normal -1.000000e+00 0.000000e+00 0.000000e+00
    outer loop
      vertex   -1.600000e+00 2.675000e+00 1.142500e+01
      vertex   -1.600000e+00 2.911564e+00 1.084759e+01
      vertex   -1.600000e+00 2.675000e+00 1.082500e+01
    endloop
  endfacet
  facet normal -1.000000e+00 0.000000e+00 -0.000000e+00
    outer loop
      vertex   -1.600000e+00 2.675000e+00 1.142500e+01
      vertex   -1.600000e+00 2.675000e+00 1.082500e+01
      vertex   -1.600000e+00 2.438436e+00 1.084759e+01
    endloop
  endfacet
  facet normal -1.000000e+00 0.000000e+00 0.000000e+00
    outer loop
      vertex   -1.600000e+00 2.911564e+00 1.084759e+01
      vertex   -1.600000e+00 2.843232e+00 1.144715e+01
      vertex   -1.600000e+00 3.139578e+00 1.091454e+01
    endloop
  endfacet
  facet normal -1.000000e+00 0.000000e+00 0.000000e+00
    outer loop
      vertex   -1.600000e+00 3.139578e+00 1.091454e+01
      vertex   -1.600000e+00 2.843232e+00 1.144715e+01
      vertex   -1.600000e+00 3.000000e+00 1.151208e+01
    endloop
  endfacet
  facet normal -1.000000e+00 0.000000e+00 0.000000e+00
    outer loop
      vertex   -1.600000e+00 3.139578e+00 1.091454e+01
      vertex   -1.600000e+00 3.000000e+00 1.151208e+01
      vertex   -1.600000e+00 3.350801e+00 1.102343e+01
    endloop
  endfacet
  facet normal -1.000000e+00 0.000000e+00 0.000000e+00
    outer loop
      vertex   -1.600000e+00 3.350801e+00 1.102343e+01
      vertex   -1.600000e+00 3.000000e+00 1.151208e+01
      vertex   -1.600000e+00 3.134619e+00 1.161538e+01
    endloop
  endfacet
  facet normal -1.000000e+00 0.000000e+00 0.000000e+00
    outer loop
      vertex   -1.600000e+00 3.350801e+00 1.102343e+01
      vertex   -1.600000e+00 3.134619e+00 1.161538e+01
      vertex   -1.600000e+00 3.537599e+00 1.117033e+01
    endloop
  endfacet
  facet normal -1.000000e+00 0.000000e+00 0.000000e+00
    outer loop
      vertex   -1.600000e+00 3.537599e+00 1.117033e+01
      vertex   -1.600000e+00 3.134619e+00 1.161538e+01
      vertex   -1.600000e+00 3.693220e+00 1.134993e+01
    endloop
  endfacet
  facet normal -1.000000e+00 0.000000e+00 0.000000e+00
    outer loop
      vertex   -1.600000e+00 3.693220e+00 1.134993e+01
      vertex   -1.600000e+00 3.134619e+00 1.161538e+01
      vertex   -1.600000e+00 3.237916e+00 1.175000e+01
    endloop
  endfacet
  facet normal -1.000000e+00 0.000000e+00 0.000000e+00
    outer loop
      vertex   -1.600000e+00 3.693220e+00 1.134993e+01
      vertex   -1.600000e+00 3.237916e+00 1.175000e+01
      vertex   -1.600000e+00 3.812040e+00 1.155573e+01
    endloop
  endfacet
  facet normal -1.000000e+00 0.000000e+00 0.000000e+00
    outer loop
      vertex   -1.600000e+00 3.812040e+00 1.155573e+01
      vertex   -1.600000e+00 3.237916e+00 1.175000e+01
      vertex   -1.600000e+00 3.302852e+00 1.190677e+01
    endloop
  endfacet
  facet normal -1.000000e+00 0.000000e+00 0.000000e+00
    outer loop
      vertex   -1.600000e+00 3.812040e+00 1.155573e+01
      vertex   -1.600000e+00 3.302852e+00 1.190677e+01
      vertex   -1.600000e+00 3.889764e+00 1.178030e+01
    endloop
  endfacet
  facet normal -1.000000e+00 0.000000e+00 0.000000e+00
    outer loop
      vertex   -1.600000e+00 3.889764e+00 1.178030e+01
      vertex   -1.600000e+00 3.302852e+00 1.190677e+01
      vertex   -1.600000e+00 3.923584e+00 1.201552e+01
    endloop
  endfacet
  facet normal -1.000000e+00 -0.000000e+00 0.000000e+00
    outer loop
      vertex   -1.600000e+00 3.923584e+00 1.201552e+01
      vertex   -1.600000e+00 3.302852e+00 1.190677e+01
      vertex   -1.600000e+00 3.325000e+00 1.207500e+01
    endloop
  endfacet
  facet normal -1.000000e+00 0.000000e+00 0.000000e+00
    outer loop
      vertex   -1.600000e+00 3.923584e+00 1.201552e+01
      vertex   -1.600000e+00 3.325000e+00 1.207500e+01
      vertex   -1.600000e+00 3.912277e+00 1.225289e+01
    endloop
  endfacet
  facet normal -1.000000e+00 0.000000e+00 0.000000e+00
    outer loop
      vertex   -1.600000e+00 3.912277e+00 1.225289e+01
      vertex   -1.600000e+00 3.325000e+00 1.207500e+01
      vertex   -1.600000e+00 3.302852e+00 1.224323e+01
    endloop
  endfacet
  facet normal -1.000000e+00 -0.000000e+00 0.000000e+00
    outer loop
      vertex   -1.600000e+00 3.912277e+00 1.225289e+01
      vertex   -1.600000e+00 3.302852e+00 1.224323e+01
      vertex   -1.600000e+00 3.856251e+00 1.248383e+01
    endloop
  endfacet
  facet normal -1.000000e+00 0.000000e+00 0.000000e+00
    outer loop
      vertex   -1.600000e+00 3.856251e+00 1.248383e+01
      vertex   -1.600000e+00 3.302852e+00 1.224323e+01
      vertex   -1.600000e+00 3.237916e+00 1.240000e+01
    endloop
  endfacet
  facet normal -1.000000e+00 -0.000000e+00 0.000000e+00
    outer loop
      vertex   -1.600000e+00 3.856251e+00 1.248383e+01
      vertex   -1.600000e+00 3.237916e+00 1.240000e+01
      vertex   -1.600000e+00 3.757532e+00 1.270000e+01
    endloop
  endfacet
  facet normal -1.000000e+00 -0.000000e+00 0.000000e+00
    outer loop
      vertex   -1.600000e+00 3.757532e+00 1.270000e+01
      vertex   -1.600000e+00 3.237916e+00 1.240000e+01
      vertex   -1.600000e+00 3.619687e+00 1.289358e+01
    endloop
  endfacet
  facet normal -1.000000e+00 0.000000e+00 0.000000e+00
    outer loop
      vertex   -1.600000e+00 3.619687e+00 1.289358e+01
      vertex   -1.600000e+00 3.237916e+00 1.240000e+01
      vertex   -1.600000e+00 3.134619e+00 1.253462e+01
    endloop
  endfacet
  facet normal -1.000000e+00 -0.000000e+00 0.000000e+00
    outer loop
      vertex   -1.600000e+00 3.619687e+00 1.289358e+01
      vertex   -1.600000e+00 3.134619e+00 1.253462e+01
      vertex   -1.600000e+00 3.447699e+00 1.305757e+01
    endloop
  endfacet
  facet normal -1.000000e+00 0.000000e+00 0.000000e+00
    outer loop
      vertex   -1.600000e+00 3.447699e+00 1.305757e+01
      vertex   -1.600000e+00 3.134619e+00 1.253462e+01
      vertex   -1.600000e+00 3.000000e+00 1.263792e+01
    endloop
  endfacet
  facet normal -1.000000e+00 -0.000000e+00 0.000000e+00
    outer loop
      vertex   -1.600000e+00 3.447699e+00 1.305757e+01
      vertex   -1.600000e+00 3.000000e+00 1.263792e+01
      vertex   -1.600000e+00 3.247783e+00 1.318604e+01
    endloop
  endfacet
  facet normal -1.000000e+00 0.000000e+00 0.000000e+00
    outer loop
      vertex   -1.600000e+00 3.247783e+00 1.318604e+01
      vertex   -1.600000e+00 3.000000e+00 1.263792e+01
      vertex   -1.600000e+00 2.843232e+00 1.270285e+01
    endloop
  endfacet
  facet normal -1.000000e+00 -0.000000e+00 0.000000e+00
    outer loop
      vertex   -1.600000e+00 3.247783e+00 1.318604e+01
      vertex   -1.600000e+00 2.843232e+00 1.270285e+01
      vertex   -1.600000e+00 3.027165e+00 1.327437e+01
    endloop
  endfacet
  facet normal -1.000000e+00 -0.000000e+00 0.000000e+00
    outer loop
      vertex   -1.600000e+00 3.027165e+00 1.327437e+01
      vertex   -1.600000e+00 2.843232e+00 1.270285e+01
      vertex   -1.600000e+00 2.793820e+00 1.331934e+01
    endloop
  endfacet
  facet normal -1.000000e+00 0.000000e+00 -0.000000e+00
    outer loop
      vertex   -1.600000e+00 2.793820e+00 1.331934e+01
      vertex   -1.600000e+00 2.843232e+00 1.270285e+01
      vertex   -1.600000e+00 2.675000e+00 1.272500e+01
    endloop
  endfacet
  facet normal -1.000000e+00 -0.000000e+00 0.000000e+00
    outer loop
      vertex   -1.600000e+00 2.793820e+00 1.331934e+01
      vertex   -1.600000e+00 2.675000e+00 1.272500e+01
      vertex   -1.600000e+00 2.556180e+00 1.331934e+01
    endloop
  endfacet
  facet normal -1.000000e+00 0.000000e+00 -0.000000e+00
    outer loop
      vertex   -1.600000e+00 2.556180e+00 1.331934e+01
      vertex   -1.600000e+00 2.675000e+00 1.272500e+01
      vertex   -1.600000e+00 2.506767e+00 1.270285e+01
    endloop
  endfacet
  facet normal -1.000000e+00 0.000000e+00 0.000000e+00
    outer loop
      vertex   -1.600000e+00 2.556180e+00 1.331934e+01
      vertex   -1.600000e+00 2.506767e+00 1.270285e+01
      vertex   -1.600000e+00 2.322834e+00 1.327437e+01
    endloop
  endfacet
  facet normal -1.000000e+00 0.000000e+00 -0.000000e+00
    outer loop
      vertex   -1.600000e+00 2.322834e+00 1.327437e+01
      vertex   -1.600000e+00 2.506767e+00 1.270285e+01
      vertex   -1.600000e+00 2.102217e+00 1.318604e+01
    endloop
  endfacet
  facet normal -1.000000e+00 0.000000e+00 0.000000e+00
    outer loop
      vertex   -1.600000e+00 2.102217e+00 1.318604e+01
      vertex   -1.600000e+00 2.506767e+00 1.270285e+01
      vertex   -1.600000e+00 2.350000e+00 1.263792e+01
    endloop
  endfacet
  facet normal -1.000000e+00 0.000000e+00 -0.000000e+00
    outer loop
      vertex   -1.600000e+00 2.102217e+00 1.318604e+01
      vertex   -1.600000e+00 2.350000e+00 1.263792e+01
      vertex   -1.600000e+00 1.902301e+00 1.305757e+01
    endloop
  endfacet
  facet normal -1.000000e+00 0.000000e+00 0.000000e+00
    outer loop
      vertex   -1.600000e+00 1.902301e+00 1.305757e+01
      vertex   -1.600000e+00 2.350000e+00 1.263792e+01
      vertex   -1.600000e+00 2.215380e+00 1.253462e+01
    endloop
  endfacet
  facet normal -1.000000e+00 0.000000e+00 -0.000000e+00
    outer loop
      vertex   -1.600000e+00 1.902301e+00 1.305757e+01
      vertex   -1.600000e+00 2.215380e+00 1.253462e+01
      vertex   -1.600000e+00 1.730313e+00 1.289358e+01
    endloop
  endfacet
  facet normal -1.000000e+00 0.000000e+00 0.000000e+00
    outer loop
      vertex   -1.600000e+00 1.730313e+00 1.289358e+01
      vertex   -1.600000e+00 2.215380e+00 1.253462e+01
      vertex   -1.600000e+00 2.112083e+00 1.240000e+01
    endloop
  endfacet
  facet normal -1.000000e+00 0.000000e+00 -0.000000e+00
    outer loop
      vertex   -1.600000e+00 1.730313e+00 1.289358e+01
      vertex   -1.600000e+00 2.112083e+00 1.240000e+01
      vertex   -1.600000e+00 1.592468e+00 1.270000e+01
    endloop
  endfacet
  facet normal -1.000000e+00 0.000000e+00 -0.000000e+00
    outer loop
      vertex   -1.600000e+00 1.592468e+00 1.270000e+01
      vertex   -1.600000e+00 2.112083e+00 1.240000e+01
      vertex   -1.600000e+00 1.493749e+00 1.248383e+01
    endloop
  endfacet
  facet normal -1.000000e+00 0.000000e+00 0.000000e+00
    outer loop
      vertex   -1.600000e+00 1.493749e+00 1.248383e+01
      vertex   -1.600000e+00 2.112083e+00 1.240000e+01
      vertex   -1.600000e+00 2.047148e+00 1.224323e+01
    endloop
  endfacet
  facet normal -1.000000e+00 0.000000e+00 -0.000000e+00
    outer loop
      vertex   -1.600000e+00 1.493749e+00 1.248383e+01
      vertex   -1.600000e+00 2.047148e+00 1.224323e+01
      vertex   -1.600000e+00 1.437723e+00 1.225289e+01
    endloop
  endfacet
  facet normal -1.000000e+00 0.000000e+00 0.000000e+00
    outer loop
      vertex   -1.600000e+00 1.437723e+00 1.225289e+01
      vertex   -1.600000e+00 2.047148e+00 1.224323e+01
      vertex   -1.600000e+00 2.025000e+00 1.207500e+01
    endloop
  endfacet
  facet normal -1.000000e+00 0.000000e+00 -0.000000e+00
    outer loop
      vertex   -1.600000e+00 1.437723e+00 1.225289e+01
      vertex   -1.600000e+00 2.025000e+00 1.207500e+01
      vertex   -1.600000e+00 1.426416e+00 1.201552e+01
    endloop
  endfacet
  facet normal -1.000000e+00 0.000000e+00 0.000000e+00
    outer loop
      vertex   -1.600000e+00 1.426416e+00 1.201552e+01
      vertex   -1.600000e+00 2.025000e+00 1.207500e+01
      vertex   -1.600000e+00 2.047148e+00 1.190677e+01
    endloop
  endfacet
  facet normal -1.000000e+00 0.000000e+00 0.000000e+00
    outer loop
      vertex   -1.600000e+00 1.426416e+00 1.201552e+01
      vertex   -1.600000e+00 2.047148e+00 1.190677e+01
      vertex   -1.600000e+00 1.460235e+00 1.178030e+01
    endloop
  endfacet
  facet normal -1.000000e+00 0.000000e+00 0.000000e+00
    outer loop
      vertex   -1.600000e+00 1.460235e+00 1.178030e+01
      vertex   -1.600000e+00 2.047148e+00 1.190677e+01
      vertex   -1.600000e+00 1.537960e+00 1.155573e+01
    endloop
  endfacet
  facet normal -1.000000e+00 0.000000e+00 0.000000e+00
    outer loop
      vertex   -1.600000e+00 1.537960e+00 1.155573e+01
      vertex   -1.600000e+00 2.047148e+00 1.190677e+01
      vertex   -1.600000e+00 2.112083e+00 1.175000e+01
    endloop
  endfacet
  facet normal -1.000000e+00 0.000000e+00 0.000000e+00
    outer loop
      vertex   -1.600000e+00 1.537960e+00 1.155573e+01
      vertex   -1.600000e+00 2.112083e+00 1.175000e+01
      vertex   -1.600000e+00 1.656780e+00 1.134993e+01
    endloop
  endfacet
  facet normal -1.000000e+00 0.000000e+00 0.000000e+00
    outer loop
      vertex   -1.600000e+00 1.656780e+00 1.134993e+01
      vertex   -1.600000e+00 2.112083e+00 1.175000e+01
      vertex   -1.600000e+00 2.215380e+00 1.161538e+01
    endloop
  endfacet
  facet normal -1.000000e+00 0.000000e+00 0.000000e+00
    outer loop
      vertex   -1.600000e+00 1.656780e+00 1.134993e+01
      vertex   -1.600000e+00 2.215380e+00 1.161538e+01
      vertex   -1.600000e+00 1.812401e+00 1.117033e+01
    endloop
  endfacet
  facet normal -1.000000e+00 0.000000e+00 0.000000e+00
    outer loop
      vertex   -1.600000e+00 1.812401e+00 1.117033e+01
      vertex   -1.600000e+00 2.215380e+00 1.161538e+01
      vertex   -1.600000e+00 1.999199e+00 1.102343e+01
    endloop
  endfacet
  facet normal -1.000000e+00 0.000000e+00 0.000000e+00
    outer loop
      vertex   -1.600000e+00 1.999199e+00 1.102343e+01
      vertex   -1.600000e+00 2.215380e+00 1.161538e+01
      vertex   -1.600000e+00 2.350000e+00 1.151208e+01
    endloop
  endfacet
  facet normal -1.000000e+00 0.000000e+00 0.000000e+00
    outer loop
      vertex   -1.600000e+00 1.999199e+00 1.102343e+01
      vertex   -1.600000e+00 2.350000e+00 1.151208e+01
      vertex   -1.600000e+00 2.210422e+00 1.091454e+01
    endloop
  endfacet
  facet normal -1.000000e+00 0.000000e+00 0.000000e+00
    outer loop
      vertex   -1.600000e+00 2.210422e+00 1.091454e+01
      vertex   -1.600000e+00 2.350000e+00 1.151208e+01
      vertex   -1.600000e+00 2.506767e+00 1.144715e+01
    endloop
  endfacet
  facet normal -1.000000e+00 0.000000e+00 0.000000e+00
    outer loop
      vertex   -1.600000e+00 2.210422e+00 1.091454e+01
      vertex   -1.600000e+00 2.506767e+00 1.144715e+01
      vertex   -1.600000e+00 2.438436e+00 1.084759e+01
    endloop
  endfacet
  facet normal -1.000000e+00 0.000000e+00 0.000000e+00
    outer loop
      vertex   -1.600000e+00 2.438436e+00 1.084759e+01
      vertex   -1.600000e+00 2.506767e+00 1.144715e+01
      vertex   -1.600000e+00 2.675000e+00 1.142500e+01
    endloop
  endfacet
  facet normal -0.000000e+00 -5.000000e-01 -8.660254e-01
    outer loop
      vertex   4.500000e+00 3.775000e+00 1.271009e+01
      vertex   4.500000e+00 2.675000e+00 1.334517e+01
      vertex   3.200000e+00 3.775000e+00 1.271009e+01
    endloop
  endfacet
  facet normal 0.000000e+00 -5.000000e-01 -8.660254e-01
    outer loop
      vertex   3.200000e+00 3.775000e+00 1.271009e+01
      vertex   4.500000e+00 2.675000e+00 1.334517e+01
      vertex   3.200000e+00 2.675000e+00 1.334517e+01
    endloop
  endfacet
  facet normal 0.000000e+00 5.000000e-01 -8.660254e-01
    outer loop
      vertex   4.500000e+00 2.675000e+00 1.334517e+01
      vertex   4.500000e+00 1.575000e+00 1.271009e+01
      vertex   3.200000e+00 2.675000e+00 1.334517e+01
    endloop
  endfacet
  facet normal 0.000000e+00 5.000000e-01 -8.660254e-01
    outer loop
      vertex   3.200000e+00 2.675000e+00 1.334517e+01
      vertex   4.500000e+00 1.575000e+00 1.271009e+01
      vertex   3.200000e+00 1.575000e+00 1.271009e+01
    endloop
  endfacet
  facet normal 0.000000e+00 1.000000e+00 5.244444e-16
    outer loop
      vertex   4.500000e+00 1.575000e+00 1.271009e+01
      vertex   4.500000e+00 1.575000e+00 1.143991e+01
      vertex   3.200000e+00 1.575000e+00 1.271009e+01
    endloop
  endfacet
  facet normal 0.000000e+00 1.000000e+00 5.244444e-16
    outer loop
      vertex   3.200000e+00 1.575000e+00 1.271009e+01
      vertex   4.500000e+00 1.575000e+00 1.143991e+01
      vertex   3.200000e+00 1.575000e+00 1.143991e+01
    endloop
  endfacet
  facet normal 0.000000e+00 5.000000e-01 8.660254e-01
    outer loop
      vertex   4.500000e+00 1.575000e+00 1.143991e+01
      vertex   4.500000e+00 2.675000e+00 1.080483e+01
      vertex   3.200000e+00 1.575000e+00 1.143991e+01
    endloop
  endfacet
  facet normal 0.000000e+00 5.000000e-01 8.660254e-01
    outer loop
      vertex   3.200000e+00 1.575000e+00 1.143991e+01
      vertex   4.500000e+00 2.675000e+00 1.080483e+01
      vertex   3.200000e+00 2.675000e+00 1.080483e+01
    endloop
  endfacet
  facet normal 0.000000e+00 -5.000000e-01 8.660254e-01
    outer loop
      vertex   4.500000e+00 2.675000e+00 1.080483e+01
      vertex   4.500000e+00 3.775000e+00 1.143991e+01
      vertex   3.200000e+00 2.675000e+00 1.080483e+01
    endloop
  endfacet
  facet normal 0.000000e+00 -5.000000e-01 8.660254e-01
    outer loop
      vertex   3.200000e+00 2.675000e+00 1.080483e+01
      vertex   4.500000e+00 3.775000e+00 1.143991e+01
      vertex   3.200000e+00 3.775000e+00 1.143991e+01
    endloop
  endfacet
  facet normal -0.000000e+00 -1.000000e+00 -6.992592e-16
    outer loop
      vertex   4.500000e+00 3.775000e+00 1.143991e+01
      vertex   4.500000e+00 3.775000e+00 1.271009e+01
      vertex   3.200000e+00 3.775000e+00 1.143991e+01
    endloop
  endfacet
  facet normal 0.000000e+00 -1.000000e+00 -6.992592e-16
    outer loop
      vertex   3.200000e+00 3.775000e+00 1.143991e+01
      vertex   4.500000e+00 3.775000e+00 1.271009e+01
      vertex   3.200000e+00 3.775000e+00 1.271009e+01
    endloop
  endfacet
  facet normal 1.000000e+00 -2.639737e-15 -1.890252e-30
    outer loop
      vertex   3.200000e+00 2.506767e+00 1.270285e+01
      vertex   3.200000e+00 2.675000e+00 1.272500e+01
      vertex   3.200000e+00 2.675000e+00 1.334517e+01
    endloop
  endfacet
  facet normal 1.000000e+00 2.639737e-15 1.890252e-30
    outer loop
      vertex   3.200000e+00 2.675000e+00 1.334517e+01
      vertex   3.200000e+00 2.675000e+00 1.272500e+01
      vertex   3.200000e+00 2.843232e+00 1.270285e+01
    endloop
  endfacet
  facet normal 1.000000e+00 -3.212306e-16 -7.755192e-16
    outer loop
      vertex   3.200000e+00 2.675000e+00 1.334517e+01
      vertex   3.200000e+00 2.843232e+00 1.270285e+01
      vertex   3.200000e+00 3.000000e+00 1.263792e+01
    endloop
  endfacet
  facet normal 1.000000e+00 -4.934325e-16 -8.546501e-16
    outer loop
      vertex   3.200000e+00 2.675000e+00 1.334517e+01
      vertex   3.200000e+00 3.000000e+00 1.263792e+01
      vertex   3.200000e+00 3.775000e+00 1.271009e+01
    endloop
  endfacet
  facet normal 1.000000e+00 -5.110041e-16 -6.659535e-16
    outer loop
      vertex   3.200000e+00 3.775000e+00 1.271009e+01
      vertex   3.200000e+00 3.000000e+00 1.263792e+01
      vertex   3.200000e+00 3.134619e+00 1.253462e+01
    endloop
  endfacet
  facet normal 1.000000e+00 -5.730033e-16 -4.396809e-16
    outer loop
      vertex   3.200000e+00 3.775000e+00 1.271009e+01
      vertex   3.200000e+00 3.134619e+00 1.253462e+01
      vertex   3.200000e+00 3.237916e+00 1.240000e+01
    endloop
  endfacet
  facet normal 1.000000e+00 -6.672765e-16 -2.763950e-16
    outer loop
      vertex   3.200000e+00 3.237916e+00 1.240000e+01
      vertex   3.200000e+00 3.302852e+00 1.224323e+01
      vertex   3.200000e+00 3.775000e+00 1.271009e+01
    endloop
  endfacet
  facet normal 1.000000e+00 -8.322347e-16 -1.095658e-16
    outer loop
      vertex   3.200000e+00 3.775000e+00 1.271009e+01
      vertex   3.200000e+00 3.302852e+00 1.224323e+01
      vertex   3.200000e+00 3.325000e+00 1.207500e+01
    endloop
  endfacet
  facet normal 1.000000e+00 -9.868649e-16 -6.900743e-31
    outer loop
      vertex   3.200000e+00 3.775000e+00 1.271009e+01
      vertex   3.200000e+00 3.325000e+00 1.207500e+01
      vertex   3.200000e+00 3.775000e+00 1.143991e+01
    endloop
  endfacet
  facet normal 1.000000e+00 -8.322347e-16 1.095658e-16
    outer loop
      vertex   3.200000e+00 3.775000e+00 1.143991e+01
      vertex   3.200000e+00 3.325000e+00 1.207500e+01
      vertex   3.200000e+00 3.302852e+00 1.190677e+01
    endloop
  endfacet
  facet normal 1.000000e+00 -6.672765e-16 2.763950e-16
    outer loop
      vertex   3.200000e+00 3.775000e+00 1.143991e+01
      vertex   3.200000e+00 3.302852e+00 1.190677e+01
      vertex   3.200000e+00 3.237916e+00 1.175000e+01
    endloop
  endfacet
  facet normal 1.000000e+00 -5.730033e-16 4.396809e-16
    outer loop
      vertex   3.200000e+00 3.237916e+00 1.175000e+01
      vertex   3.200000e+00 3.134619e+00 1.161538e+01
      vertex   3.200000e+00 3.775000e+00 1.143991e+01
    endloop
  endfacet
  facet normal 1.000000e+00 -5.110041e-16 6.659535e-16
    outer loop
      vertex   3.200000e+00 3.775000e+00 1.143991e+01
      vertex   3.200000e+00 3.134619e+00 1.161538e+01
      vertex   3.200000e+00 3.000000e+00 1.151208e+01
    endloop
  endfacet
  facet normal 1.000000e+00 -4.934325e-16 8.546501e-16
    outer loop
      vertex   3.200000e+00 3.775000e+00 1.143991e+01
      vertex   3.200000e+00 3.000000e+00 1.151208e+01
      vertex   3.200000e+00 2.675000e+00 1.080483e+01
    endloop
  endfacet
  facet normal 1.000000e+00 -3.212306e-16 7.755192e-16
    outer loop
      vertex   3.200000e+00 2.675000e+00 1.080483e+01
      vertex   3.200000e+00 3.000000e+00 1.151208e+01
      vertex   3.200000e+00 2.843232e+00 1.144715e+01
    endloop
  endfacet
  facet normal 1.000000e+00 -9.427318e-17 7.160759e-16
    outer loop
      vertex   3.200000e+00 2.675000e+00 1.080483e+01
      vertex   3.200000e+00 2.843232e+00 1.144715e+01
      vertex   3.200000e+00 2.675000e+00 1.142500e+01
    endloop
  endfacet
  facet normal 1.000000e+00 9.427318e-17 7.160759e-16
    outer loop
      vertex   3.200000e+00 2.675000e+00 1.142500e+01
      vertex   3.200000e+00 2.506767e+00 1.144715e+01
      vertex   3.200000e+00 2.675000e+00 1.080483e+01
    endloop
  endfacet
  facet normal 1.000000e+00 3.212306e-16 7.755192e-16
    outer loop
      vertex   3.200000e+00 2.675000e+00 1.080483e+01
      vertex   3.200000e+00 2.506767e+00 1.144715e+01
      vertex   3.200000e+00 2.350000e+00 1.151208e+01
    endloop
  endfacet
  facet normal 1.000000e+00 4.934325e-16 8.546501e-16
    outer loop
      vertex   3.200000e+00 2.675000e+00 1.080483e+01
      vertex   3.200000e+00 2.350000e+00 1.151208e+01
      vertex   3.200000e+00 1.575000e+00 1.143991e+01
    endloop
  endfacet
  facet normal 1.000000e+00 5.110041e-16 6.659535e-16
    outer loop
      vertex   3.200000e+00 1.575000e+00 1.143991e+01
      vertex   3.200000e+00 2.350000e+00 1.151208e+01
      vertex   3.200000e+00 2.215380e+00 1.161538e+01
    endloop
  endfacet
  facet normal 1.000000e+00 5.730033e-16 4.396809e-16
    outer loop
      vertex   3.200000e+00 1.575000e+00 1.143991e+01
      vertex   3.200000e+00 2.215380e+00 1.161538e+01
      vertex   3.200000e+00 2.112083e+00 1.175000e+01
    endloop
  endfacet
  facet normal 1.000000e+00 6.672765e-16 2.763950e-16
    outer loop
      vertex   3.200000e+00 2.112083e+00 1.175000e+01
      vertex   3.200000e+00 2.047148e+00 1.190677e+01
      vertex   3.200000e+00 1.575000e+00 1.143991e+01
    endloop
  endfacet
  facet normal 1.000000e+00 8.322347e-16 1.095658e-16
    outer loop
      vertex   3.200000e+00 1.575000e+00 1.143991e+01
      vertex   3.200000e+00 2.047148e+00 1.190677e+01
      vertex   3.200000e+00 2.025000e+00 1.207500e+01
    endloop
  endfacet
  facet normal 1.000000e+00 9.868649e-16 5.175557e-31
    outer loop
      vertex   3.200000e+00 1.575000e+00 1.143991e+01
      vertex   3.200000e+00 2.025000e+00 1.207500e+01
      vertex   3.200000e+00 1.575000e+00 1.271009e+01
    endloop
  endfacet
  facet normal 1.000000e+00 8.322347e-16 -1.095658e-16
    outer loop
      vertex   3.200000e+00 1.575000e+00 1.271009e+01
      vertex   3.200000e+00 2.025000e+00 1.207500e+01
      vertex   3.200000e+00 2.047148e+00 1.224323e+01
    endloop
  endfacet
  facet normal 1.000000e+00 6.672765e-16 -2.763950e-16
    outer loop
      vertex   3.200000e+00 1.575000e+00 1.271009e+01
      vertex   3.200000e+00 2.047148e+00 1.224323e+01
      vertex   3.200000e+00 2.112083e+00 1.240000e+01
    endloop
  endfacet
  facet normal 1.000000e+00 5.730033e-16 -4.396809e-16
    outer loop
      vertex   3.200000e+00 2.112083e+00 1.240000e+01
      vertex   3.200000e+00 2.215380e+00 1.253462e+01
      vertex   3.200000e+00 1.575000e+00 1.271009e+01
    endloop
  endfacet
  facet normal 1.000000e+00 5.110041e-16 -6.659535e-16
    outer loop
      vertex   3.200000e+00 1.575000e+00 1.271009e+01
      vertex   3.200000e+00 2.215380e+00 1.253462e+01
      vertex   3.200000e+00 2.350000e+00 1.263792e+01
    endloop
  endfacet
  facet normal 1.000000e+00 4.934325e-16 -8.546501e-16
    outer loop
      vertex   3.200000e+00 1.575000e+00 1.271009e+01
      vertex   3.200000e+00 2.350000e+00 1.263792e+01
      vertex   3.200000e+00 2.675000e+00 1.334517e+01
    endloop
  endfacet
  facet normal 1.000000e+00 3.212306e-16 -7.755192e-16
    outer loop
      vertex   3.200000e+00 2.675000e+00 1.334517e+01
      vertex   3.200000e+00 2.350000e+00 1.263792e+01
      vertex   3.200000e+00 2.506767e+00 1.270285e+01
    endloop
  endfacet
  facet normal -0.000000e+00 1.305262e-01 9.914449e-01
    outer loop
      vertex   -1.600000e+00 2.506767e+00 1.144715e+01
      vertex   -8.000000e-01 2.506767e+00 1.144715e+01
      vertex   -1.600000e+00 2.675000e+00 1.142500e+01
    endloop
  endfacet
  facet normal -0.000000e+00 1.305262e-01 9.914449e-01
    outer loop
      vertex   -1.600000e+00 2.675000e+00 1.142500e+01
      vertex   -8.000000e-01 2.506767e+00 1.144715e+01
      vertex   -8.000000e-01 2.675000e+00 1.142500e+01
    endloop
  endfacet
  facet normal 0.000000e+00 -1.305262e-01 9.914449e-01
    outer loop
      vertex   -1.600000e+00 2.675000e+00 1.142500e+01
      vertex   -8.000000e-01 2.675000e+00 1.142500e+01
      vertex   -1.600000e+00 2.843232e+00 1.144715e+01
    endloop
  endfacet
  facet normal 0.000000e+00 -1.305262e-01 9.914449e-01
    outer loop
      vertex   -1.600000e+00 2.843232e+00 1.144715e+01
      vertex   -8.000000e-01 2.675000e+00 1.142500e+01
      vertex   -8.000000e-01 2.843232e+00 1.144715e+01
    endloop
  endfacet
  facet normal 0.000000e+00 -3.826834e-01 9.238795e-01
    outer loop
      vertex   -1.600000e+00 2.843232e+00 1.144715e+01
      vertex   -8.000000e-01 2.843232e+00 1.144715e+01
      vertex   -1.600000e+00 3.000000e+00 1.151208e+01
    endloop
  endfacet
  facet normal 0.000000e+00 -3.826834e-01 9.238795e-01
    outer loop
      vertex   -1.600000e+00 3.000000e+00 1.151208e+01
      vertex   -8.000000e-01 2.843232e+00 1.144715e+01
      vertex   -8.000000e-01 3.000000e+00 1.151208e+01
    endloop
  endfacet
  facet normal 0.000000e+00 -6.087614e-01 7.933533e-01
    outer loop
      vertex   -1.600000e+00 3.000000e+00 1.151208e+01
      vertex   -8.000000e-01 3.000000e+00 1.151208e+01
      vertex   -1.600000e+00 3.134619e+00 1.161538e+01
    endloop
  endfacet
  facet normal 0.000000e+00 -6.087614e-01 7.933533e-01
    outer loop
      vertex   -1.600000e+00 3.134619e+00 1.161538e+01
      vertex   -8.000000e-01 3.000000e+00 1.151208e+01
      vertex   -8.000000e-01 3.134619e+00 1.161538e+01
    endloop
  endfacet
  facet normal 0.000000e+00 -7.933533e-01 6.087614e-01
    outer loop
      vertex   -1.600000e+00 3.134619e+00 1.161538e+01
      vertex   -8.000000e-01 3.134619e+00 1.161538e+01
      vertex   -1.600000e+00 3.237916e+00 1.175000e+01
    endloop
  endfacet
  facet normal 0.000000e+00 -7.933533e-01 6.087614e-01
    outer loop
      vertex   -1.600000e+00 3.237916e+00 1.175000e+01
      vertex   -8.000000e-01 3.134619e+00 1.161538e+01
      vertex   -8.000000e-01 3.237916e+00 1.175000e+01
    endloop
  endfacet
  facet normal 0.000000e+00 -9.238795e-01 3.826834e-01
    outer loop
      vertex   -1.600000e+00 3.237916e+00 1.175000e+01
      vertex   -8.000000e-01 3.237916e+00 1.175000e+01
      vertex   -1.600000e+00 3.302852e+00 1.190677e+01
    endloop
  endfacet
  facet normal 0.000000e+00 -9.238795e-01 3.826834e-01
    outer loop
      vertex   -1.600000e+00 3.302852e+00 1.190677e+01
      vertex   -8.000000e-01 3.237916e+00 1.175000e+01
      vertex   -8.000000e-01 3.302852e+00 1.190677e+01
    endloop
  endfacet
  facet normal 0.000000e+00 -9.914449e-01 1.305262e-01
    outer loop
      vertex   -1.600000e+00 3.302852e+00 1.190677e+01
      vertex   -8.000000e-01 3.302852e+00 1.190677e+01
      vertex   -1.600000e+00 3.325000e+00 1.207500e+01
    endloop
  endfacet
  facet normal 0.000000e+00 -9.914449e-01 1.305262e-01
    outer loop
      vertex   -1.600000e+00 3.325000e+00 1.207500e+01
      vertex   -8.000000e-01 3.302852e+00 1.190677e+01
      vertex   -8.000000e-01 3.325000e+00 1.207500e+01
    endloop
  endfacet
  facet normal 0.000000e+00 -9.914449e-01 -1.305262e-01
    outer loop
      vertex   -1.600000e+00 3.325000e+00 1.207500e+01
      vertex   -8.000000e-01 3.325000e+00 1.207500e+01
      vertex   -1.600000e+00 3.302852e+00 1.224323e+01
    endloop
  endfacet
  facet normal 0.000000e+00 -9.914449e-01 -1.305262e-01
    outer loop
      vertex   -1.600000e+00 3.302852e+00 1.224323e+01
      vertex   -8.000000e-01 3.325000e+00 1.207500e+01
      vertex   -8.000000e-01 3.302852e+00 1.224323e+01
    endloop
  endfacet
  facet normal 0.000000e+00 -9.238795e-01 -3.826834e-01
    outer loop
      vertex   -1.600000e+00 3.302852e+00 1.224323e+01
      vertex   -8.000000e-01 3.302852e+00 1.224323e+01
      vertex   -1.600000e+00 3.237916e+00 1.240000e+01
    endloop
  endfacet
  facet normal 0.000000e+00 -9.238795e-01 -3.826834e-01
    outer loop
      vertex   -1.600000e+00 3.237916e+00 1.240000e+01
      vertex   -8.000000e-01 3.302852e+00 1.224323e+01
      vertex   -8.000000e-01 3.237916e+00 1.240000e+01
    endloop
  endfacet
  facet normal 0.000000e+00 -7.933533e-01 -6.087614e-01
    outer loop
      vertex   -1.600000e+00 3.237916e+00 1.240000e+01
      vertex   -8.000000e-01 3.237916e+00 1.240000e+01
      vertex   -1.600000e+00 3.134619e+00 1.253462e+01
    endloop
  endfacet
  facet normal 0.000000e+00 -7.933533e-01 -6.087614e-01
    outer loop
      vertex   -1.600000e+00 3.134619e+00 1.253462e+01
      vertex   -8.000000e-01 3.237916e+00 1.240000e+01
      vertex   -8.000000e-01 3.134619e+00 1.253462e+01
    endloop
  endfacet
  facet normal 0.000000e+00 -6.087614e-01 -7.933533e-01
    outer loop
      vertex   -1.600000e+00 3.134619e+00 1.253462e+01
      vertex   -8.000000e-01 3.134619e+00 1.253462e+01
      vertex   -1.600000e+00 3.000000e+00 1.263792e+01
    endloop
  endfacet
  facet normal 0.000000e+00 -6.087614e-01 -7.933533e-01
    outer loop
      vertex   -1.600000e+00 3.000000e+00 1.263792e+01
      vertex   -8.000000e-01 3.134619e+00 1.253462e+01
      vertex   -8.000000e-01 3.000000e+00 1.263792e+01
    endloop
  endfacet
  facet normal 0.000000e+00 -3.826834e-01 -9.238795e-01
    outer loop
      vertex   -1.600000e+00 3.000000e+00 1.263792e+01
      vertex   -8.000000e-01 3.000000e+00 1.263792e+01
      vertex   -1.600000e+00 2.843232e+00 1.270285e+01
    endloop
  endfacet
  facet normal 0.000000e+00 -3.826834e-01 -9.238795e-01
    outer loop
      vertex   -1.600000e+00 2.843232e+00 1.270285e+01
      vertex   -8.000000e-01 3.000000e+00 1.263792e+01
      vertex   -8.000000e-01 2.843232e+00 1.270285e+01
    endloop
  endfacet
  facet normal 0.000000e+00 -1.305262e-01 -9.914449e-01
    outer loop
      vertex   -1.600000e+00 2.843232e+00 1.270285e+01
      vertex   -8.000000e-01 2.843232e+00 1.270285e+01
      vertex   -1.600000e+00 2.675000e+00 1.272500e+01
    endloop
  endfacet
  facet normal 0.000000e+00 -1.305262e-01 -9.914449e-01
    outer loop
      vertex   -1.600000e+00 2.675000e+00 1.272500e+01
      vertex   -8.000000e-01 2.843232e+00 1.270285e+01
      vertex   -8.000000e-01 2.675000e+00 1.272500e+01
    endloop
  endfacet
  facet normal 0.000000e+00 1.305262e-01 -9.914449e-01
    outer loop
      vertex   -1.600000e+00 2.675000e+00 1.272500e+01
      vertex   -8.000000e-01 2.675000e+00 1.272500e+01
      vertex   -1.600000e+00 2.506767e+00 1.270285e+01
    endloop
  endfacet
  facet normal 0.000000e+00 1.305262e-01 -9.914449e-01
    outer loop
      vertex   -1.600000e+00 2.506767e+00 1.270285e+01
      vertex   -8.000000e-01 2.675000e+00 1.272500e+01
      vertex   -8.000000e-01 2.506767e+00 1.270285e+01
    endloop
  endfacet
  facet normal 0.000000e+00 3.826834e-01 -9.238795e-01
    outer loop
      vertex   -1.600000e+00 2.506767e+00 1.270285e+01
      vertex   -8.000000e-01 2.506767e+00 1.270285e+01
      vertex   -1.600000e+00 2.350000e+00 1.263792e+01
    endloop
  endfacet
  facet normal 0.000000e+00 3.826834e-01 -9.238795e-01
    outer loop
      vertex   -1.600000e+00 2.350000e+00 1.263792e+01
      vertex   -8.000000e-01 2.506767e+00 1.270285e+01
      vertex   -8.000000e-01 2.350000e+00 1.263792e+01
    endloop
  endfacet
  facet normal 0.000000e+00 6.087614e-01 -7.933533e-01
    outer loop
      vertex   -1.600000e+00 2.350000e+00 1.263792e+01
      vertex   -8.000000e-01 2.350000e+00 1.263792e+01
      vertex   -1.600000e+00 2.215380e+00 1.253462e+01
    endloop
  endfacet
  facet normal 0.000000e+00 6.087614e-01 -7.933533e-01
    outer loop
      vertex   -1.600000e+00 2.215380e+00 1.253462e+01
      vertex   -8.000000e-01 2.350000e+00 1.263792e+01
      vertex   -8.000000e-01 2.215380e+00 1.253462e+01
    endloop
  endfacet
  facet normal 0.000000e+00 7.933533e-01 -6.087614e-01
    outer loop
      vertex   -1.600000e+00 2.215380e+00 1.253462e+01
      vertex   -8.000000e-01 2.215380e+00 1.253462e+01
      vertex   -1.600000e+00 2.112083e+00 1.240000e+01
    endloop
  endfacet
  facet normal 0.000000e+00 7.933533e-01 -6.087614e-01
    outer loop
      vertex   -1.600000e+00 2.112083e+00 1.240000e+01
      vertex   -8.000000e-01 2.215380e+00 1.253462e+01
      vertex   -8.000000e-01 2.112083e+00 1.240000e+01
    endloop
  endfacet
  facet normal 0.000000e+00 9.238795e-01 -3.826834e-01
    outer loop
      vertex   -1.600000e+00 2.112083e+00 1.240000e+01
      vertex   -8.000000e-01 2.112083e+00 1.240000e+01
      vertex   -1.600000e+00 2.047148e+00 1.224323e+01
    endloop
  endfacet
  facet normal 0.000000e+00 9.238795e-01 -3.826834e-01
    outer loop
      vertex   -1.600000e+00 2.047148e+00 1.224323e+01
      vertex   -8.000000e-01 2.112083e+00 1.240000e+01
      vertex   -8.000000e-01 2.047148e+00 1.224323e+01
    endloop
  endfacet
  facet normal 0.000000e+00 9.914449e-01 -1.305262e-01
    outer loop
      vertex   -1.600000e+00 2.047148e+00 1.224323e+01
      vertex   -8.000000e-01 2.047148e+00 1.224323e+01
      vertex   -1.600000e+00 2.025000e+00 1.207500e+01
    endloop
  endfacet
  facet normal 0.000000e+00 9.914449e-01 -1.305262e-01
    outer loop
      vertex   -1.600000e+00 2.025000e+00 1.207500e+01
      vertex   -8.000000e-01 2.047148e+00 1.224323e+01
      vertex   -8.000000e-01 2.025000e+00 1.207500e+01
    endloop
  endfacet
  facet normal -0.000000e+00 9.914449e-01 1.305262e-01
    outer loop
      vertex   -1.600000e+00 2.025000e+00 1.207500e+01
      vertex   -8.000000e-01 2.025000e+00 1.207500e+01
      vertex   -1.600000e+00 2.047148e+00 1.190677e+01
    endloop
  endfacet
  facet normal -0.000000e+00 9.914449e-01 1.305262e-01
    outer loop
      vertex   -1.600000e+00 2.047148e+00 1.190677e+01
      vertex   -8.000000e-01 2.025000e+00 1.207500e+01
      vertex   -8.000000e-01 2.047148e+00 1.190677e+01
    endloop
  endfacet
  facet normal -0.000000e+00 9.238795e-01 3.826834e-01
    outer loop
      vertex   -1.600000e+00 2.047148e+00 1.190677e+01
      vertex   -8.000000e-01 2.047148e+00 1.190677e+01
      vertex   -1.600000e+00 2.112083e+00 1.175000e+01
    endloop
  endfacet
  facet normal -0.000000e+00 9.238795e-01 3.826834e-01
    outer loop
      vertex   -1.600000e+00 2.112083e+00 1.175000e+01
      vertex   -8.000000e-01 2.047148e+00 1.190677e+01
      vertex   -8.000000e-01 2.112083e+00 1.175000e+01
    endloop
  endfacet
  facet normal -0.000000e+00 7.933533e-01 6.087614e-01
    outer loop
      vertex   -1.600000e+00 2.112083e+00 1.175000e+01
      vertex   -8.000000e-01 2.112083e+00 1.175000e+01
      vertex   -1.600000e+00 2.215380e+00 1.161538e+01
    endloop
  endfacet
  facet normal -0.000000e+00 7.933533e-01 6.087614e-01
    outer loop
      vertex   -1.600000e+00 2.215380e+00 1.161538e+01
      vertex   -8.000000e-01 2.112083e+00 1.175000e+01
      vertex   -8.000000e-01 2.215380e+00 1.161538e+01
    endloop
  endfacet
  facet normal -0.000000e+00 6.087614e-01 7.933533e-01
    outer loop
      vertex   -1.600000e+00 2.215380e+00 1.161538e+01
      vertex   -8.000000e-01 2.215380e+00 1.161538e+01
      vertex   -1.600000e+00 2.350000e+00 1.151208e+01
    endloop
  endfacet
  facet normal -0.000000e+00 6.087614e-01 7.933533e-01
    outer loop
      vertex   -1.600000e+00 2.350000e+00 1.151208e+01
      vertex   -8.000000e-01 2.215380e+00 1.161538e+01
      vertex   -8.000000e-01 2.350000e+00 1.151208e+01
    endloop
  endfacet
  facet normal -0.000000e+00 3.826834e-01 9.238795e-01
    outer loop
      vertex   -1.600000e+00 2.350000e+00 1.151208e+01
      vertex   -8.000000e-01 2.350000e+00 1.151208e+01
      vertex   -1.600000e+00 2.506767e+00 1.144715e+01
    endloop
  endfacet
  facet normal -0.000000e+00 3.826834e-01 9.238795e-01
    outer loop
      vertex   -1.600000e+00 2.506767e+00 1.144715e+01
      vertex   -8.000000e-01 2.350000e+00 1.151208e+01
      vertex   -8.000000e-01 2.506767e+00 1.144715e+01
    endloop
  endfacet
  facet normal 2.318611e-16 1.305262e-01 -9.914449e-01
    outer loop
      vertex   3.200000e+00 2.506767e+00 1.270285e+01
      vertex   2.700000e+00 2.506767e+00 1.270285e+01
      vertex   3.200000e+00 2.675000e+00 1.272500e+01
    endloop
  endfacet
  facet normal 0.000000e+00 1.305262e-01 -9.914449e-01
    outer loop
      vertex   3.200000e+00 2.675000e+00 1.272500e+01
      vertex   2.700000e+00 2.506767e+00 1.270285e+01
      vertex   2.700000e+00 2.675000e+00 1.272500e+01
    endloop
  endfacet
  facet normal -0.000000e+00 -1.305262e-01 -9.914449e-01
    outer loop
      vertex   3.200000e+00 2.675000e+00 1.272500e+01
      vertex   2.700000e+00 2.675000e+00 1.272500e+01
      vertex   3.200000e+00 2.843232e+00 1.270285e+01
    endloop
  endfacet
  facet normal 1.159305e-16 -1.305262e-01 -9.914449e-01
    outer loop
      vertex   3.200000e+00 2.843232e+00 1.270285e+01
      vertex   2.700000e+00 2.675000e+00 1.272500e+01
      vertex   2.700000e+00 2.843232e+00 1.270285e+01
    endloop
  endfacet
  facet normal 3.398912e-16 -3.826834e-01 -9.238795e-01
    outer loop
      vertex   3.200000e+00 2.843232e+00 1.270285e+01
      vertex   2.700000e+00 2.843232e+00 1.270285e+01
      vertex   3.200000e+00 3.000000e+00 1.263792e+01
    endloop
  endfacet
  facet normal -0.000000e+00 -3.826834e-01 -9.238795e-01
    outer loop
      vertex   3.200000e+00 3.000000e+00 1.263792e+01
      vertex   2.700000e+00 2.843232e+00 1.270285e+01
      vertex   2.700000e+00 3.000000e+00 1.263792e+01
    endloop
  endfacet
  facet normal -0.000000e+00 -6.087614e-01 -7.933533e-01
    outer loop
      vertex   3.200000e+00 3.000000e+00 1.263792e+01
      vertex   2.700000e+00 3.000000e+00 1.263792e+01
      vertex   3.200000e+00 3.134619e+00 1.253462e+01
    endloop
  endfacet
  facet normal -0.000000e+00 -6.087614e-01 -7.933533e-01
    outer loop
      vertex   3.200000e+00 3.134619e+00 1.253462e+01
      vertex   2.700000e+00 3.000000e+00 1.263792e+01
      vertex   2.700000e+00 3.134619e+00 1.253462e+01
    endloop
  endfacet
  facet normal -0.000000e+00 -7.933533e-01 -6.087614e-01
    outer loop
      vertex   3.200000e+00 3.134619e+00 1.253462e+01
      vertex   2.700000e+00 3.134619e+00 1.253462e+01
      vertex   3.200000e+00 3.237916e+00 1.240000e+01
    endloop
  endfacet
  facet normal 1.409279e-15 -7.933533e-01 -6.087614e-01
    outer loop
      vertex   3.200000e+00 3.237916e+00 1.240000e+01
      vertex   2.700000e+00 3.134619e+00 1.253462e+01
      vertex   2.700000e+00 3.237916e+00 1.240000e+01
    endloop
  endfacet
  facet normal 1.641140e-15 -9.238795e-01 -3.826834e-01
    outer loop
      vertex   3.200000e+00 3.237916e+00 1.240000e+01
      vertex   2.700000e+00 3.237916e+00 1.240000e+01
      vertex   3.200000e+00 3.302852e+00 1.224323e+01
    endloop
  endfacet
  facet normal -0.000000e+00 -9.238795e-01 -3.826834e-01
    outer loop
      vertex   3.200000e+00 3.302852e+00 1.224323e+01
      vertex   2.700000e+00 3.237916e+00 1.240000e+01
      vertex   2.700000e+00 3.302852e+00 1.224323e+01
    endloop
  endfacet
  facet normal -0.000000e+00 -9.914449e-01 -1.305262e-01
    outer loop
      vertex   3.200000e+00 3.302852e+00 1.224323e+01
      vertex   2.700000e+00 3.302852e+00 1.224323e+01
      vertex   3.200000e+00 3.325000e+00 1.207500e+01
    endloop
  endfacet
  facet normal -0.000000e+00 -9.914449e-01 -1.305262e-01
    outer loop
      vertex   3.200000e+00 3.325000e+00 1.207500e+01
      vertex   2.700000e+00 3.302852e+00 1.224323e+01
      vertex   2.700000e+00 3.325000e+00 1.207500e+01
    endloop
  endfacet
  facet normal 0.000000e+00 -9.914449e-01 1.305262e-01
    outer loop
      vertex   3.200000e+00 3.325000e+00 1.207500e+01
      vertex   2.700000e+00 3.325000e+00 1.207500e+01
      vertex   3.200000e+00 3.302852e+00 1.190677e+01
    endloop
  endfacet
  facet normal 4.686445e-17 -9.914449e-01 1.305262e-01
    outer loop
      vertex   3.200000e+00 3.302852e+00 1.190677e+01
      vertex   2.700000e+00 3.325000e+00 1.207500e+01
      vertex   2.700000e+00 3.302852e+00 1.190677e+01
    endloop
  endfacet
  facet normal 1.898559e-15 -9.238795e-01 3.826834e-01
    outer loop
      vertex   3.200000e+00 3.302852e+00 1.190677e+01
      vertex   2.700000e+00 3.302852e+00 1.190677e+01
      vertex   3.200000e+00 3.237916e+00 1.175000e+01
    endloop
  endfacet
  facet normal 0.000000e+00 -9.238795e-01 3.826834e-01
    outer loop
      vertex   3.200000e+00 3.237916e+00 1.175000e+01
      vertex   2.700000e+00 3.302852e+00 1.190677e+01
      vertex   2.700000e+00 3.237916e+00 1.175000e+01
    endloop
  endfacet
  facet normal 0.000000e+00 -7.933533e-01 6.087614e-01
    outer loop
      vertex   3.200000e+00 3.237916e+00 1.175000e+01
      vertex   2.700000e+00 3.237916e+00 1.175000e+01
      vertex   3.200000e+00 3.134619e+00 1.161538e+01
    endloop
  endfacet
  facet normal 1.458116e-15 -7.933533e-01 6.087614e-01
    outer loop
      vertex   3.200000e+00 3.134619e+00 1.161538e+01
      vertex   2.700000e+00 3.237916e+00 1.175000e+01
      vertex   2.700000e+00 3.134619e+00 1.161538e+01
    endloop
  endfacet
  facet normal 2.277869e-15 -6.087614e-01 7.933533e-01
    outer loop
      vertex   3.200000e+00 3.134619e+00 1.161538e+01
      vertex   2.700000e+00 3.134619e+00 1.161538e+01
      vertex   3.200000e+00 3.000000e+00 1.151208e+01
    endloop
  endfacet
  facet normal 0.000000e+00 -6.087614e-01 7.933533e-01
    outer loop
      vertex   3.200000e+00 3.000000e+00 1.151208e+01
      vertex   2.700000e+00 3.134619e+00 1.161538e+01
      vertex   2.700000e+00 3.000000e+00 1.151208e+01
    endloop
  endfacet
  facet normal 0.000000e+00 -3.826834e-01 9.238795e-01
    outer loop
      vertex   3.200000e+00 3.000000e+00 1.151208e+01
      vertex   2.700000e+00 3.000000e+00 1.151208e+01
      vertex   3.200000e+00 2.843232e+00 1.144715e+01
    endloop
  endfacet
  facet normal -6.797823e-16 -3.826834e-01 9.238795e-01
    outer loop
      vertex   3.200000e+00 2.843232e+00 1.144715e+01
      vertex   2.700000e+00 3.000000e+00 1.151208e+01
      vertex   2.700000e+00 2.843232e+00 1.144715e+01
    endloop
  endfacet
  facet normal -2.318611e-16 -1.305262e-01 9.914449e-01
    outer loop
      vertex   3.200000e+00 2.843232e+00 1.144715e+01
      vertex   2.700000e+00 2.843232e+00 1.144715e+01
      vertex   3.200000e+00 2.675000e+00 1.142500e+01
    endloop
  endfacet
  facet normal 0.000000e+00 -1.305262e-01 9.914449e-01
    outer loop
      vertex   3.200000e+00 2.675000e+00 1.142500e+01
      vertex   2.700000e+00 2.843232e+00 1.144715e+01
      vertex   2.700000e+00 2.675000e+00 1.142500e+01
    endloop
  endfacet
  facet normal 0.000000e+00 1.305262e-01 9.914449e-01
    outer loop
      vertex   3.200000e+00 2.675000e+00 1.142500e+01
      vertex   2.700000e+00 2.675000e+00 1.142500e+01
      vertex   3.200000e+00 2.506767e+00 1.144715e+01
    endloop
  endfacet
  facet normal -1.159305e-16 1.305262e-01 9.914449e-01
    outer loop
      vertex   3.200000e+00 2.506767e+00 1.144715e+01
      vertex   2.700000e+00 2.675000e+00 1.142500e+01
      vertex   2.700000e+00 2.506767e+00 1.144715e+01
    endloop
  endfacet
  facet normal -3.398912e-16 3.826834e-01 9.238795e-01
    outer loop
      vertex   3.200000e+00 2.506767e+00 1.144715e+01
      vertex   2.700000e+00 2.506767e+00 1.144715e+01
      vertex   3.200000e+00 2.350000e+00 1.151208e+01
    endloop
  endfacet
  facet normal 0.000000e+00 3.826834e-01 9.238795e-01
    outer loop
      vertex   3.200000e+00 2.350000e+00 1.151208e+01
      vertex   2.700000e+00 2.506767e+00 1.144715e+01
      vertex   2.700000e+00 2.350000e+00 1.151208e+01
    endloop
  endfacet
  facet normal 0.000000e+00 6.087614e-01 7.933533e-01
    outer loop
      vertex   3.200000e+00 2.350000e+00 1.151208e+01
      vertex   2.700000e+00 2.350000e+00 1.151208e+01
      vertex   3.200000e+00 2.215380e+00 1.161538e+01
    endloop
  endfacet
  facet normal 0.000000e+00 6.087614e-01 7.933533e-01
    outer loop
      vertex   3.200000e+00 2.215380e+00 1.161538e+01
      vertex   2.700000e+00 2.350000e+00 1.151208e+01
      vertex   2.700000e+00 2.215380e+00 1.161538e+01
    endloop
  endfacet
  facet normal 0.000000e+00 7.933533e-01 6.087614e-01
    outer loop
      vertex   3.200000e+00 2.215380e+00 1.161538e+01
      vertex   2.700000e+00 2.215380e+00 1.161538e+01
      vertex   3.200000e+00 2.112083e+00 1.175000e+01
    endloop
  endfacet
  facet normal -7.046393e-16 7.933533e-01 6.087614e-01
    outer loop
      vertex   3.200000e+00 2.112083e+00 1.175000e+01
      vertex   2.700000e+00 2.215380e+00 1.161538e+01
      vertex   2.700000e+00 2.112083e+00 1.175000e+01
    endloop
  endfacet
  facet normal -8.205699e-16 9.238795e-01 3.826834e-01
    outer loop
      vertex   3.200000e+00 2.112083e+00 1.175000e+01
      vertex   2.700000e+00 2.112083e+00 1.175000e+01
      vertex   3.200000e+00 2.047148e+00 1.190677e+01
    endloop
  endfacet
  facet normal -8.205699e-16 9.238795e-01 3.826834e-01
    outer loop
      vertex   3.200000e+00 2.047148e+00 1.190677e+01
      vertex   2.700000e+00 2.112083e+00 1.175000e+01
      vertex   2.700000e+00 2.047148e+00 1.190677e+01
    endloop
  endfacet
  facet normal -8.805799e-16 9.914449e-01 1.305262e-01
    outer loop
      vertex   3.200000e+00 2.047148e+00 1.190677e+01
      vertex   2.700000e+00 2.047148e+00 1.190677e+01
      vertex   3.200000e+00 2.025000e+00 1.207500e+01
    endloop
  endfacet
  facet normal 0.000000e+00 9.914449e-01 1.305262e-01
    outer loop
      vertex   3.200000e+00 2.025000e+00 1.207500e+01
      vertex   2.700000e+00 2.047148e+00 1.190677e+01
      vertex   2.700000e+00 2.025000e+00 1.207500e+01
    endloop
  endfacet
  facet normal 0.000000e+00 9.914449e-01 -1.305262e-01
    outer loop
      vertex   3.200000e+00 2.025000e+00 1.207500e+01
      vertex   2.700000e+00 2.025000e+00 1.207500e+01
      vertex   3.200000e+00 2.047148e+00 1.224323e+01
    endloop
  endfacet
  facet normal -9.274444e-16 9.914449e-01 -1.305262e-01
    outer loop
      vertex   3.200000e+00 2.047148e+00 1.224323e+01
      vertex   2.700000e+00 2.025000e+00 1.207500e+01
      vertex   2.700000e+00 2.047148e+00 1.224323e+01
    endloop
  endfacet
  facet normal -2.719129e-15 9.238795e-01 -3.826834e-01
    outer loop
      vertex   3.200000e+00 2.047148e+00 1.224323e+01
      vertex   2.700000e+00 2.047148e+00 1.224323e+01
      vertex   3.200000e+00 2.112083e+00 1.240000e+01
    endloop
  endfacet
  facet normal 0.000000e+00 9.238795e-01 -3.826834e-01
    outer loop
      vertex   3.200000e+00 2.112083e+00 1.240000e+01
      vertex   2.700000e+00 2.047148e+00 1.224323e+01
      vertex   2.700000e+00 2.112083e+00 1.240000e+01
    endloop
  endfacet
  facet normal 0.000000e+00 7.933533e-01 -6.087614e-01
    outer loop
      vertex   3.200000e+00 2.112083e+00 1.240000e+01
      vertex   2.700000e+00 2.112083e+00 1.240000e+01
      vertex   3.200000e+00 2.215380e+00 1.253462e+01
    endloop
  endfacet
  facet normal -2.162755e-15 7.933533e-01 -6.087614e-01
    outer loop
      vertex   3.200000e+00 2.215380e+00 1.253462e+01
      vertex   2.700000e+00 2.112083e+00 1.240000e+01
      vertex   2.700000e+00 2.215380e+00 1.253462e+01
    endloop
  endfacet
  facet normal -2.818557e-15 6.087614e-01 -7.933533e-01
    outer loop
      vertex   3.200000e+00 2.215380e+00 1.253462e+01
      vertex   2.700000e+00 2.215380e+00 1.253462e+01
      vertex   3.200000e+00 2.350000e+00 1.263792e+01
    endloop
  endfacet
  facet normal 0.000000e+00 6.087614e-01 -7.933533e-01
    outer loop
      vertex   3.200000e+00 2.350000e+00 1.263792e+01
      vertex   2.700000e+00 2.215380e+00 1.253462e+01
      vertex   2.700000e+00 2.350000e+00 1.263792e+01
    endloop
  endfacet
  facet normal 0.000000e+00 3.826834e-01 -9.238795e-01
    outer loop
      vertex   3.200000e+00 2.350000e+00 1.263792e+01
      vertex   2.700000e+00 2.350000e+00 1.263792e+01
      vertex   3.200000e+00 2.506767e+00 1.270285e+01
    endloop
  endfacet
  facet normal 6.797823e-16 3.826834e-01 -9.238795e-01
    outer loop
      vertex   3.200000e+00 2.506767e+00 1.270285e+01
      vertex   2.700000e+00 2.350000e+00 1.263792e+01
      vertex   2.700000e+00 2.506767e+00 1.270285e+01
    endloop
  endfacet
  facet normal 0.000000e+00 0.000000e+00 -1.000000e+00
    outer loop
      vertex   2.700000e+00 3.175000e+00 1.007500e+01
      vertex   4.500000e+00 3.175000e+00 1.007500e+01
      vertex   2.700000e+00 2.175000e+00 1.007500e+01
    endloop
  endfacet
  facet normal 0.000000e+00 0.000000e+00 -1.000000e+00
    outer loop
      vertex   2.700000e+00 2.175000e+00 1.007500e+01
      vertex   4.500000e+00 3.175000e+00 1.007500e+01
      vertex   4.500000e+00 2.175000e+00 1.007500e+01
    endloop
  endfacet
  facet normal 4.934325e-16 1.000000e+00 0.000000e+00
    outer loop
      vertex   -2.600000e+00 4.675000e+00 1.257500e+01
      vertex   -8.000000e-01 4.675000e+00 1.257500e+01
      vertex   -2.600000e+00 4.675000e+00 1.157500e+01
    endloop
  endfacet
  facet normal 4.934325e-16 1.000000e+00 0.000000e+00
    outer loop
      vertex   -2.600000e+00 4.675000e+00 1.157500e+01
      vertex   -8.000000e-01 4.675000e+00 1.257500e+01
      vertex   -8.000000e-01 4.675000e+00 1.157500e+01
    endloop
  endfacet
  facet normal 1.000000e+00 3.409877e-15 -0.000000e+00
    outer loop
      vertex   4.500000e+00 -8.250002e-01 1.407500e+01
      vertex   4.500000e+00 -5.645279e-01 1.405221e+01
      vertex   4.500000e+00 -8.250002e-01 1.447500e+01
    endloop
  endfacet
  facet normal 1.000000e+00 -6.741927e-16 -2.516122e-15
    outer loop
      vertex   4.500000e+00 -8.250002e-01 1.447500e+01
      vertex   4.500000e+00 -5.645279e-01 1.405221e+01
      vertex   4.500000e+00 -3.119700e-01 1.398454e+01
    endloop
  endfacet
  facet normal 1.000000e+00 -1.648539e-15 -3.535304e-15
    outer loop
      vertex   4.500000e+00 -8.250002e-01 1.447500e+01
      vertex   4.500000e+00 -3.119700e-01 1.398454e+01
      vertex   4.500000e+00 -7.500021e-02 1.387404e+01
    endloop
  endfacet
  facet normal 1.000000e+00 -7.989605e-16 -2.475030e-15
    outer loop
      vertex   4.500000e+00 -8.250002e-01 1.447500e+01
      vertex   4.500000e+00 -7.500021e-02 1.387404e+01
      vertex   4.500000e+00 2.675000e+00 1.334517e+01
    endloop
  endfacet
  facet normal 1.000000e+00 -4.452694e-16 -6.359106e-16
    outer loop
      vertex   4.500000e+00 2.675000e+00 1.334517e+01
      vertex   4.500000e+00 -7.500021e-02 1.387404e+01
      vertex   4.500000e+00 1.391812e-01 1.372407e+01
    endloop
  endfacet
  facet normal 1.000000e+00 -4.117804e-16 -4.117804e-16
    outer loop
      vertex   4.500000e+00 2.675000e+00 1.334517e+01
      vertex   4.500000e+00 1.391812e-01 1.372407e+01
      vertex   4.500000e+00 3.240665e-01 1.353918e+01
    endloop
  endfacet
  facet normal 1.000000e+00 -4.009680e-16 -2.807608e-16
    outer loop
      vertex   4.500000e+00 3.240665e-01 1.353918e+01
      vertex   4.500000e+00 4.740379e-01 1.332500e+01
      vertex   4.500000e+00 2.675000e+00 1.334517e+01
    endloop
  endfacet
  facet normal 1.000000e+00 -4.018239e-16 -1.873735e-16
    outer loop
      vertex   4.500000e+00 2.675000e+00 1.334517e+01
      vertex   4.500000e+00 4.740379e-01 1.332500e+01
      vertex   4.500000e+00 5.845387e-01 1.308803e+01
    endloop
  endfacet
  facet normal 1.000000e+00 -5.398995e-16 9.351334e-16
    outer loop
      vertex   4.500000e+00 2.675000e+00 1.334517e+01
      vertex   4.500000e+00 5.845387e-01 1.308803e+01
      vertex   4.500000e+00 1.575000e+00 1.271009e+01
    endloop
  endfacet
  facet normal 1.000000e+00 -9.988612e-16 -2.676441e-16
    outer loop
      vertex   4.500000e+00 1.575000e+00 1.271009e+01
      vertex   4.500000e+00 5.845387e-01 1.308803e+01
      vertex   4.500000e+00 6.522114e-01 1.283547e+01
    endloop
  endfacet
  facet normal 1.000000e+00 -5.051710e-16 3.365680e-15
    outer loop
      vertex   4.500000e+00 1.575000e+00 1.271009e+01
      vertex   4.500000e+00 6.522114e-01 1.283547e+01
      vertex   4.500000e+00 6.749998e-01 1.257500e+01
    endloop
  endfacet
  facet normal 1.000000e+00 -0.000000e+00 0.000000e+00
    outer loop
      vertex   4.500000e+00 6.749998e-01 1.257500e+01
      vertex   4.500000e+00 6.749998e-01 1.157500e+01
      vertex   4.500000e+00 1.575000e+00 1.271009e+01
    endloop
  endfacet
  facet normal 1.000000e+00 0.000000e+00 0.000000e+00
    outer loop
      vertex   4.500000e+00 1.575000e+00 1.271009e+01
      vertex   4.500000e+00 6.749998e-01 1.157500e+01
      vertex   4.500000e+00 1.575000e+00 1.143991e+01
    endloop
  endfacet
  facet normal 1.000000e+00 0.000000e+00 0.000000e+00
    outer loop
      vertex   4.500000e+00 1.575000e+00 1.143991e+01
      vertex   4.500000e+00 6.749998e-01 1.157500e+01
      vertex   4.500000e+00 6.977882e-01 1.131453e+01
    endloop
  endfacet
  facet normal 1.000000e+00 0.000000e+00 0.000000e+00
    outer loop
      vertex   4.500000e+00 1.575000e+00 1.143991e+01
      vertex   4.500000e+00 6.977882e-01 1.131453e+01
      vertex   4.500000e+00 7.654609e-01 1.106197e+01
    endloop
  endfacet
  facet normal 1.000000e+00 -0.000000e+00 0.000000e+00
    outer loop
      vertex   4.500000e+00 7.654609e-01 1.106197e+01
      vertex   4.500000e+00 8.759617e-01 1.082500e+01
      vertex   4.500000e+00 1.575000e+00 1.143991e+01
    endloop
  endfacet
  facet normal 1.000000e+00 0.000000e+00 0.000000e+00
    outer loop
      vertex   4.500000e+00 1.575000e+00 1.143991e+01
      vertex   4.500000e+00 8.759617e-01 1.082500e+01
      vertex   4.500000e+00 1.025933e+00 1.061082e+01
    endloop
  endfacet
  facet normal 1.000000e+00 0.000000e+00 0.000000e+00
    outer loop
      vertex   4.500000e+00 1.575000e+00 1.143991e+01
      vertex   4.500000e+00 1.025933e+00 1.061082e+01
      vertex   4.500000e+00 2.675000e+00 1.080483e+01
    endloop
  endfacet
  facet normal 1.000000e+00 0.000000e+00 0.000000e+00
    outer loop
      vertex   4.500000e+00 2.675000e+00 1.080483e+01
      vertex   4.500000e+00 1.025933e+00 1.061082e+01
      vertex   4.500000e+00 1.210818e+00 1.042593e+01
    endloop
  endfacet
  facet normal 1.000000e+00 0.000000e+00 0.000000e+00
    outer loop
      vertex   4.500000e+00 2.675000e+00 1.080483e+01
      vertex   4.500000e+00 1.210818e+00 1.042593e+01
      vertex   4.500000e+00 1.425000e+00 1.027596e+01
    endloop
  endfacet
  facet normal 1.000000e+00 -0.000000e+00 0.000000e+00
    outer loop
      vertex   4.500000e+00 1.425000e+00 1.027596e+01
      vertex   4.500000e+00 1.661970e+00 1.016546e+01
      vertex   4.500000e+00 2.675000e+00 1.080483e+01
    endloop
  endfacet
  facet normal 1.000000e+00 0.000000e+00 0.000000e+00
    outer loop
      vertex   4.500000e+00 2.675000e+00 1.080483e+01
      vertex   4.500000e+00 1.661970e+00 1.016546e+01
      vertex   4.500000e+00 1.914528e+00 1.009779e+01
    endloop
  endfacet
  facet normal 1.000000e+00 0.000000e+00 0.000000e+00
    outer loop
      vertex   4.500000e+00 2.675000e+00 1.080483e+01
      vertex   4.500000e+00 1.914528e+00 1.009779e+01
      vertex   4.500000e+00 2.175000e+00 1.007500e+01
    endloop
  endfacet
  facet normal 1.000000e+00 0.000000e+00 0.000000e+00
    outer loop
      vertex   4.500000e+00 2.175000e+00 1.007500e+01
      vertex   4.500000e+00 3.175000e+00 1.007500e+01
      vertex   4.500000e+00 2.675000e+00 1.080483e+01
    endloop
  endfacet
  facet normal 1.000000e+00 0.000000e+00 0.000000e+00
    outer loop
      vertex   4.500000e+00 2.675000e+00 1.080483e+01
      vertex   4.500000e+00 3.175000e+00 1.007500e+01
      vertex   4.500000e+00 3.435472e+00 1.009779e+01
    endloop
  endfacet
  facet normal 1.000000e+00 0.000000e+00 0.000000e+00
    outer loop
      vertex   4.500000e+00 2.675000e+00 1.080483e+01
      vertex   4.500000e+00 3.435472e+00 1.009779e+01
      vertex   4.500000e+00 3.688030e+00 1.016546e+01
    endloop
  endfacet
  facet normal 1.000000e+00 0.000000e+00 -0.000000e+00
    outer loop
      vertex   4.500000e+00 3.688030e+00 1.016546e+01
      vertex   4.500000e+00 3.925000e+00 1.027596e+01
      vertex   4.500000e+00 2.675000e+00 1.080483e+01
    endloop
  endfacet
  facet normal 1.000000e+00 0.000000e+00 0.000000e+00
    outer loop
      vertex   4.500000e+00 2.675000e+00 1.080483e+01
      vertex   4.500000e+00 3.925000e+00 1.027596e+01
      vertex   4.500000e+00 4.139181e+00 1.042593e+01
    endloop
  endfacet
  facet normal 1.000000e+00 0.000000e+00 0.000000e+00
    outer loop
      vertex   4.500000e+00 2.675000e+00 1.080483e+01
      vertex   4.500000e+00 4.139181e+00 1.042593e+01
      vertex   4.500000e+00 4.324066e+00 1.061082e+01
    endloop
  endfacet
  facet normal 1.000000e+00 -0.000000e+00 0.000000e+00
    outer loop
      vertex   4.500000e+00 2.675000e+00 1.080483e+01
      vertex   4.500000e+00 4.324066e+00 1.061082e+01
      vertex   4.500000e+00 3.775000e+00 1.143991e+01
    endloop
  endfacet
  facet normal 1.000000e+00 0.000000e+00 0.000000e+00
    outer loop
      vertex   4.500000e+00 3.775000e+00 1.143991e+01
      vertex   4.500000e+00 4.324066e+00 1.061082e+01
      vertex   4.500000e+00 4.474038e+00 1.082500e+01
    endloop
  endfacet
  facet normal 1.000000e+00 0.000000e+00 0.000000e+00
    outer loop
      vertex   4.500000e+00 3.775000e+00 1.143991e+01
      vertex   4.500000e+00 4.474038e+00 1.082500e+01
      vertex   4.500000e+00 4.584539e+00 1.106197e+01
    endloop
  endfacet
  facet normal 1.000000e+00 0.000000e+00 -0.000000e+00
    outer loop
      vertex   4.500000e+00 4.584539e+00 1.106197e+01
      vertex   4.500000e+00 4.652211e+00 1.131453e+01
      vertex   4.500000e+00 3.775000e+00 1.143991e+01
    endloop
  endfacet
  facet normal 1.000000e+00 -0.000000e+00 0.000000e+00
    outer loop
      vertex   4.500000e+00 3.775000e+00 1.143991e+01
      vertex   4.500000e+00 4.652211e+00 1.131453e+01
      vertex   4.500000e+00 4.675000e+00 1.157500e+01
    endloop
  endfacet
  facet normal 1.000000e+00 0.000000e+00 0.000000e+00
    outer loop
      vertex   4.500000e+00 3.775000e+00 1.143991e+01
      vertex   4.500000e+00 4.675000e+00 1.157500e+01
      vertex   4.500000e+00 4.675000e+00 1.257500e+01
    endloop
  endfacet
  facet normal 1.000000e+00 0.000000e+00 -0.000000e+00
    outer loop
      vertex   4.500000e+00 3.775000e+00 1.143991e+01
      vertex   4.500000e+00 4.675000e+00 1.257500e+01
      vertex   4.500000e+00 3.775000e+00 1.271009e+01
    endloop
  endfacet
  facet normal 1.000000e+00 -0.000000e+00 0.000000e+00
    outer loop
      vertex   4.500000e+00 3.775000e+00 1.271009e+01
      vertex   4.500000e+00 4.675000e+00 1.257500e+01
      vertex   4.500000e+00 4.697788e+00 1.283547e+01
    endloop
  endfacet
  facet normal 1.000000e+00 0.000000e+00 0.000000e+00
    outer loop
      vertex   4.500000e+00 3.775000e+00 1.271009e+01
      vertex   4.500000e+00 4.697788e+00 1.283547e+01
      vertex   4.500000e+00 4.765461e+00 1.308803e+01
    endloop
  endfacet
  facet normal 1.000000e+00 0.000000e+00 -0.000000e+00
    outer loop
      vertex   4.500000e+00 3.775000e+00 1.271009e+01
      vertex   4.500000e+00 4.765461e+00 1.308803e+01
      vertex   4.500000e+00 2.675000e+00 1.334517e+01
    endloop
  endfacet
  facet normal 1.000000e+00 0.000000e+00 0.000000e+00
    outer loop
      vertex   4.500000e+00 2.675000e+00 1.334517e+01
      vertex   4.500000e+00 4.765461e+00 1.308803e+01
      vertex   4.500000e+00 4.875962e+00 1.332500e+01
    endloop
  endfacet
  facet normal 1.000000e+00 -0.000000e+00 0.000000e+00
    outer loop
      vertex   4.500000e+00 2.675000e+00 1.334517e+01
      vertex   4.500000e+00 4.875962e+00 1.332500e+01
      vertex   4.500000e+00 5.025933e+00 1.353918e+01
    endloop
  endfacet
  facet normal 1.000000e+00 0.000000e+00 -0.000000e+00
    outer loop
      vertex   4.500000e+00 5.025933e+00 1.353918e+01
      vertex   4.500000e+00 5.210818e+00 1.372407e+01
      vertex   4.500000e+00 2.675000e+00 1.334517e+01
    endloop
  endfacet
  facet normal 1.000000e+00 0.000000e+00 0.000000e+00
    outer loop
      vertex   4.500000e+00 2.675000e+00 1.334517e+01
      vertex   4.500000e+00 5.210818e+00 1.372407e+01
      vertex   4.500000e+00 5.425000e+00 1.387404e+01
    endloop
  endfacet
  facet normal 1.000000e+00 0.000000e+00 0.000000e+00
    outer loop
      vertex   4.500000e+00 2.675000e+00 1.334517e+01
      vertex   4.500000e+00 5.425000e+00 1.387404e+01
      vertex   4.500000e+00 6.175000e+00 1.447500e+01
    endloop
  endfacet
  facet normal 1.000000e+00 0.000000e+00 0.000000e+00
    outer loop
      vertex   4.500000e+00 6.175000e+00 1.447500e+01
      vertex   4.500000e+00 5.425000e+00 1.387404e+01
      vertex   4.500000e+00 5.661970e+00 1.398454e+01
    endloop
  endfacet
  facet normal 1.000000e+00 0.000000e+00 0.000000e+00
    outer loop
      vertex   4.500000e+00 6.175000e+00 1.447500e+01
      vertex   4.500000e+00 5.661970e+00 1.398454e+01
      vertex   4.500000e+00 5.914528e+00 1.405221e+01
    endloop
  endfacet
  facet normal 1.000000e+00 0.000000e+00 0.000000e+00
    outer loop
      vertex   4.500000e+00 5.914528e+00 1.405221e+01
      vertex   4.500000e+00 6.175000e+00 1.407500e+01
      vertex   4.500000e+00 6.175000e+00 1.447500e+01
    endloop
  endfacet
  facet normal 1.000000e+00 0.000000e+00 0.000000e+00
    outer loop
      vertex   4.500000e+00 6.175000e+00 1.447500e+01
      vertex   4.500000e+00 -8.250002e-01 1.447500e+01
      vertex   4.500000e+00 2.675000e+00 1.334517e+01
    endloop
  endfacet
  facet normal -3.156554e-01 -9.488739e-01 0.000000e+00
    outer loop
      vertex   -2.350000e+01 -2.500002e-01 1.657500e+01
      vertex   -2.349118e+01 -2.529354e-01 1.673449e+01
      vertex   -2.350000e+01 -2.500002e-01 1.907500e+01
    endloop
  endfacet
  facet normal -3.437471e-01 -9.390622e-01 -1.182033e-04
    outer loop
      vertex   -2.350000e+01 -2.500002e-01 1.907500e+01
      vertex   -2.349118e+01 -2.529354e-01 1.673449e+01
      vertex   -2.346490e+01 -2.625726e-01 1.689533e+01
    endloop
  endfacet
  facet normal -3.733181e-01 -9.277032e-01 -6.598497e-04
    outer loop
      vertex   -2.350000e+01 -2.500002e-01 1.907500e+01
      vertex   -2.346490e+01 -2.625726e-01 1.689533e+01
      vertex   -2.342148e+01 -2.801589e-01 1.705348e+01
    endloop
  endfacet
  facet normal -4.031715e-01 -9.151222e-01 -2.007081e-03
    outer loop
      vertex   -2.342148e+01 -2.801589e-01 1.705348e+01
      vertex   -2.336125e+01 -3.070268e-01 1.720488e+01
      vertex   -2.350000e+01 -2.500002e-01 1.907500e+01
    endloop
  endfacet
  facet normal -4.048098e-01 -9.143984e-01 -2.150706e-03
    outer loop
      vertex   -2.350000e+01 -2.500002e-01 1.907500e+01
      vertex   -2.336125e+01 -3.070268e-01 1.720488e+01
      vertex   -2.328916e+01 -3.433404e-01 1.907500e+01
    endloop
  endfacet
  facet normal -4.521072e-01 -8.919636e-01 1.081833e-04
    outer loop
      vertex   -2.328916e+01 -3.433404e-01 1.907500e+01
      vertex   -2.336125e+01 -3.070268e-01 1.720488e+01
      vertex   -2.328613e+01 -3.450871e-01 1.734603e+01
    endloop
  endfacet
  facet normal -5.049099e-01 -8.631720e-01 -1.351661e-05
    outer loop
      vertex   -2.328916e+01 -3.433404e-01 1.907500e+01
      vertex   -2.328613e+01 -3.450871e-01 1.734603e+01
      vertex   -2.319998e+01 -3.954780e-01 1.747435e+01
    endloop
  endfacet
  facet normal -5.401703e-01 -8.415514e-01 -2.682187e-03
    outer loop
      vertex   -2.328916e+01 -3.433404e-01 1.907500e+01
      vertex   -2.319998e+01 -3.954780e-01 1.747435e+01
      vertex   -2.309512e+01 -4.678918e-01 1.907500e+01
    endloop
  endfacet
  facet normal -5.638069e-01 -8.259065e-01 -4.258252e-04
    outer loop
      vertex   -2.309512e+01 -4.678918e-01 1.907500e+01
      vertex   -2.319998e+01 -3.954780e-01 1.747435e+01
      vertex   -2.310682e+01 -4.591376e-01 1.758737e+01
    endloop
  endfacet
  facet normal -6.337771e-01 -7.735156e-01 4.328024e-04
    outer loop
      vertex   -2.309512e+01 -4.678918e-01 1.907500e+01
      vertex   -2.310682e+01 -4.591376e-01 1.758737e+01
      vertex   -2.300721e+01 -5.406967e-01 1.768581e+01
    endloop
  endfacet
  facet normal -6.627675e-01 -7.488204e-01 -2.695945e-03
    outer loop
      vertex   -2.309512e+01 -4.678918e-01 1.907500e+01
      vertex   -2.300721e+01 -5.406967e-01 1.768581e+01
      vertex   -2.292246e+01 -6.207115e-01 1.907500e+01
    endloop
  endfacet
  facet normal -7.009647e-01 -7.131939e-01 1.686435e-03
    outer loop
      vertex   -2.292246e+01 -6.207115e-01 1.907500e+01
      vertex   -2.300721e+01 -5.406967e-01 1.768581e+01
      vertex   -2.290246e+01 -6.434444e-01 1.777209e+01
    endloop
  endfacet
  facet normal -7.616576e-01 -6.479796e-01 -3.828212e-04
    outer loop
      vertex   -2.292246e+01 -6.207115e-01 1.907500e+01
      vertex   -2.290246e+01 -6.434444e-01 1.777209e+01
      vertex   -2.280371e+01 -7.595627e-01 1.784138e+01
    endloop
  endfacet
  facet normal -7.697048e-01 -6.383960e-01 -2.236129e-03
    outer loop
      vertex   -2.292246e+01 -6.207115e-01 1.907500e+01
      vertex   -2.280371e+01 -7.595627e-01 1.784138e+01
      vertex   -2.277526e+01 -7.981884e-01 1.907500e+01
    endloop
  endfacet
  facet normal -8.273273e-01 -5.617182e-01 1.493727e-03
    outer loop
      vertex   -2.277526e+01 -7.981884e-01 1.907500e+01
      vertex   -2.280371e+01 -7.595627e-01 1.784138e+01
      vertex   -2.271848e+01 -8.849608e-01 1.789171e+01
    endloop
  endfacet
  facet normal -8.584505e-01 -5.128840e-01 -3.580740e-03
    outer loop
      vertex   -2.277526e+01 -7.981884e-01 1.907500e+01
      vertex   -2.271848e+01 -8.849608e-01 1.789171e+01
      vertex   -2.265699e+01 -9.961288e-01 1.907500e+01
    endloop
  endfacet
  facet normal -8.814122e-01 -4.723457e-01 1.420809e-03
    outer loop
      vertex   -2.265699e+01 -9.961288e-01 1.907500e+01
      vertex   -2.271848e+01 -8.849608e-01 1.789171e+01
      vertex   -2.264295e+01 -1.025786e+00 1.793018e+01
    endloop
  endfacet
  facet normal -9.262417e-01 -3.769266e-01 -1.601189e-03
    outer loop
      vertex   -2.265699e+01 -9.961288e-01 1.907500e+01
      vertex   -2.264295e+01 -1.025786e+00 1.793018e+01
      vertex   -2.258073e+01 -1.178799e+00 1.795802e+01
    endloop
  endfacet
  facet normal -9.269188e-01 -3.752570e-01 -1.920457e-03
    outer loop
      vertex   -2.265699e+01 -9.961288e-01 1.907500e+01
      vertex   -2.258073e+01 -1.178799e+00 1.795802e+01
      vertex   -2.257047e+01 -1.209856e+00 1.907500e+01
    endloop
  endfacet
  facet normal -9.631004e-01 -2.691391e-01 1.362412e-03
    outer loop
      vertex   -2.257047e+01 -1.209856e+00 1.907500e+01
      vertex   -2.258073e+01 -1.178799e+00 1.795802e+01
      vertex   -2.253572e+01 -1.339767e+00 1.797618e+01
    endloop
  endfacet
  facet normal -9.734758e-01 -2.287595e-01 -3.739695e-03
    outer loop
      vertex   -2.257047e+01 -1.209856e+00 1.907500e+01
      vertex   -2.253572e+01 -1.339767e+00 1.797618e+01
      vertex   -2.251772e+01 -1.434319e+00 1.907500e+01
    endloop
  endfacet
  facet normal -9.868487e-01 -1.616309e-01 2.255601e-03
    outer loop
      vertex   -2.251772e+01 -1.434319e+00 1.907500e+01
      vertex   -2.253572e+01 -1.339767e+00 1.797618e+01
      vertex   -2.250889e+01 -1.503440e+00 1.798616e+01
    endloop
  endfacet
  facet normal -9.970368e-01 -7.685869e-02 -3.208551e-03
    outer loop
      vertex   -2.251772e+01 -1.434319e+00 1.907500e+01
      vertex   -2.250889e+01 -1.503440e+00 1.798616e+01
      vertex   -2.250000e+01 -1.664214e+00 1.907500e+01
    endloop
  endfacet
  facet normal -9.984749e-01 -5.520825e-02 -0.000000e+00
    outer loop
      vertex   -2.250000e+01 -1.664214e+00 1.907500e+01
      vertex   -2.250889e+01 -1.503440e+00 1.798616e+01
      vertex   -2.250000e+01 -1.664214e+00 1.798921e+01
    endloop
  endfacet
  facet normal 0.000000e+00 -1.000000e+00 0.000000e+00
    outer loop
      vertex   -2.347879e+01 -2.500002e-01 1.632365e+01
      vertex   -2.264068e+01 -2.500002e-01 1.646531e+01
      vertex   -2.350000e+01 -2.500002e-01 1.657500e+01
    endloop
  endfacet
  facet normal 0.000000e+00 -1.000000e+00 0.000000e+00
    outer loop
      vertex   -2.350000e+01 -2.500002e-01 1.657500e+01
      vertex   -2.264068e+01 -2.500002e-01 1.646531e+01
      vertex   -2.264724e+01 -2.500002e-01 1.663487e+01
    endloop
  endfacet
  facet normal 0.000000e+00 -1.000000e+00 0.000000e+00
    outer loop
      vertex   -2.350000e+01 -2.500002e-01 1.657500e+01
      vertex   -2.264724e+01 -2.500002e-01 1.663487e+01
      vertex   -2.347879e+01 -2.500002e-01 1.682635e+01
    endloop
  endfacet
  facet normal 0.000000e+00 -1.000000e+00 0.000000e+00
    outer loop
      vertex   -2.347879e+01 -2.500002e-01 1.682635e+01
      vertex   -2.264724e+01 -2.500002e-01 1.663487e+01
      vertex   -2.260969e+01 -2.500002e-01 1.680035e+01
    endloop
  endfacet
  facet normal 0.000000e+00 -1.000000e+00 0.000000e+00
    outer loop
      vertex   -2.347879e+01 -2.500002e-01 1.682635e+01
      vertex   -2.260969e+01 -2.500002e-01 1.680035e+01
      vertex   -2.341577e+01 -2.500002e-01 1.707058e+01
    endloop
  endfacet
  facet normal 0.000000e+00 -1.000000e+00 0.000000e+00
    outer loop
      vertex   -2.341577e+01 -2.500002e-01 1.707058e+01
      vertex   -2.260969e+01 -2.500002e-01 1.680035e+01
      vertex   -2.331271e+01 -2.500002e-01 1.730081e+01
    endloop
  endfacet
  facet normal 0.000000e+00 -1.000000e+00 0.000000e+00
    outer loop
      vertex   -2.331271e+01 -2.500002e-01 1.730081e+01
      vertex   -2.260969e+01 -2.500002e-01 1.680035e+01
      vertex   -2.253059e+01 -2.500002e-01 1.695047e+01
    endloop
  endfacet
  facet normal 0.000000e+00 -1.000000e+00 0.000000e+00
    outer loop
      vertex   -2.331271e+01 -2.500002e-01 1.730081e+01
      vertex   -2.253059e+01 -2.500002e-01 1.695047e+01
      vertex   -2.317253e+01 -2.500002e-01 1.751051e+01
    endloop
  endfacet
  facet normal 0.000000e+00 -1.000000e+00 0.000000e+00
    outer loop
      vertex   -2.317253e+01 -2.500002e-01 1.751051e+01
      vertex   -2.253059e+01 -2.500002e-01 1.695047e+01
      vertex   -2.241533e+01 -2.500002e-01 1.707500e+01
    endloop
  endfacet
  facet normal 0.000000e+00 -1.000000e+00 0.000000e+00
    outer loop
      vertex   -2.317253e+01 -2.500002e-01 1.751051e+01
      vertex   -2.241533e+01 -2.500002e-01 1.707500e+01
      vertex   -2.299920e+01 -2.500002e-01 1.769375e+01
    endloop
  endfacet
  facet normal 0.000000e+00 -1.000000e+00 0.000000e+00
    outer loop
      vertex   -2.299920e+01 -2.500002e-01 1.769375e+01
      vertex   -2.241533e+01 -2.500002e-01 1.707500e+01
      vertex   -2.279761e+01 -2.500002e-01 1.784536e+01
    endloop
  endfacet
  facet normal 0.000000e+00 -1.000000e+00 0.000000e+00
    outer loop
      vertex   -2.279761e+01 -2.500002e-01 1.784536e+01
      vertex   -2.241533e+01 -2.500002e-01 1.707500e+01
      vertex   -2.227177e+01 -2.500002e-01 1.716546e+01
    endloop
  endfacet
  facet normal 0.000000e+00 -1.000000e+00 0.000000e+00
    outer loop
      vertex   -2.279761e+01 -2.500002e-01 1.784536e+01
      vertex   -2.227177e+01 -2.500002e-01 1.716546e+01
      vertex   -2.257346e+01 -2.500002e-01 1.796105e+01
    endloop
  endfacet
  facet normal 0.000000e+00 -1.000000e+00 0.000000e+00
    outer loop
      vertex   -2.257346e+01 -2.500002e-01 1.796105e+01
      vertex   -2.227177e+01 -2.500002e-01 1.716546e+01
      vertex   -2.233310e+01 -2.500002e-01 1.803755e+01
    endloop
  endfacet
  facet normal 0.000000e+00 -1.000000e+00 0.000000e+00
    outer loop
      vertex   -2.233310e+01 -2.500002e-01 1.803755e+01
      vertex   -2.227177e+01 -2.500002e-01 1.716546e+01
      vertex   -2.210969e+01 -2.500002e-01 1.721568e+01
    endloop
  endfacet
  facet normal 0.000000e+00 -1.000000e+00 0.000000e+00
    outer loop
      vertex   -2.233310e+01 -2.500002e-01 1.803755e+01
      vertex   -2.210969e+01 -2.500002e-01 1.721568e+01
      vertex   -2.208332e+01 -2.500002e-01 1.807268e+01
    endloop
  endfacet
  facet normal 0.000000e+00 -1.000000e+00 -0.000000e+00
    outer loop
      vertex   -2.208332e+01 -2.500002e-01 1.807268e+01
      vertex   -2.210969e+01 -2.500002e-01 1.721568e+01
      vertex   -2.194013e+01 -2.500002e-01 1.722224e+01
    endloop
  endfacet
  facet normal 0.000000e+00 -1.000000e+00 0.000000e+00
    outer loop
      vertex   -2.208332e+01 -2.500002e-01 1.807268e+01
      vertex   -2.194013e+01 -2.500002e-01 1.722224e+01
      vertex   -2.183119e+01 -2.500002e-01 1.806547e+01
    endloop
  endfacet
  facet normal 0.000000e+00 -1.000000e+00 -0.000000e+00
    outer loop
      vertex   -2.183119e+01 -2.500002e-01 1.806547e+01
      vertex   -2.194013e+01 -2.500002e-01 1.722224e+01
      vertex   -2.158383e+01 -2.500002e-01 1.801611e+01
    endloop
  endfacet
  facet normal 0.000000e+00 -1.000000e+00 0.000000e+00
    outer loop
      vertex   -2.158383e+01 -2.500002e-01 1.801611e+01
      vertex   -2.194013e+01 -2.500002e-01 1.722224e+01
      vertex   -2.177465e+01 -2.500002e-01 1.718469e+01
    endloop
  endfacet
  facet normal 0.000000e+00 -1.000000e+00 -0.000000e+00
    outer loop
      vertex   -2.158383e+01 -2.500002e-01 1.801611e+01
      vertex   -2.177465e+01 -2.500002e-01 1.718469e+01
      vertex   -2.134823e+01 -2.500002e-01 1.792600e+01
    endloop
  endfacet
  facet normal 0.000000e+00 -1.000000e+00 0.000000e+00
    outer loop
      vertex   -2.134823e+01 -2.500002e-01 1.792600e+01
      vertex   -2.177465e+01 -2.500002e-01 1.718469e+01
      vertex   -2.162453e+01 -2.500002e-01 1.710559e+01
    endloop
  endfacet
  facet normal 0.000000e+00 -1.000000e+00 -0.000000e+00
    outer loop
      vertex   -2.134823e+01 -2.500002e-01 1.792600e+01
      vertex   -2.162453e+01 -2.500002e-01 1.710559e+01
      vertex   -2.113107e+01 -2.500002e-01 1.779769e+01
    endloop
  endfacet
  facet normal 0.000000e+00 -1.000000e+00 -0.000000e+00
    outer loop
      vertex   -2.113107e+01 -2.500002e-01 1.779769e+01
      vertex   -2.162453e+01 -2.500002e-01 1.710559e+01
      vertex   -2.093848e+01 -2.500002e-01 1.763480e+01
    endloop
  endfacet
  facet normal 0.000000e+00 -1.000000e+00 0.000000e+00
    outer loop
      vertex   -2.093848e+01 -2.500002e-01 1.763480e+01
      vertex   -2.162453e+01 -2.500002e-01 1.710559e+01
      vertex   -2.150000e+01 -2.500002e-01 1.699033e+01
    endloop
  endfacet
  facet normal 0.000000e+00 -1.000000e+00 -0.000000e+00
    outer loop
      vertex   -2.093848e+01 -2.500002e-01 1.763480e+01
      vertex   -2.150000e+01 -2.500002e-01 1.699033e+01
      vertex   -2.077590e+01 -2.500002e-01 1.744194e+01
    endloop
  endfacet
  facet normal 0.000000e+00 -1.000000e+00 0.000000e+00
    outer loop
      vertex   -2.077590e+01 -2.500002e-01 1.744194e+01
      vertex   -2.150000e+01 -2.500002e-01 1.699033e+01
      vertex   -2.140954e+01 -2.500002e-01 1.684677e+01
    endloop
  endfacet
  facet normal 0.000000e+00 -1.000000e+00 -0.000000e+00
    outer loop
      vertex   -2.077590e+01 -2.500002e-01 1.744194e+01
      vertex   -2.140954e+01 -2.500002e-01 1.684677e+01
      vertex   -2.064794e+01 -2.500002e-01 1.722457e+01
    endloop
  endfacet
  facet normal 0.000000e+00 -1.000000e+00 -0.000000e+00
    outer loop
      vertex   -2.064794e+01 -2.500002e-01 1.722457e+01
      vertex   -2.140954e+01 -2.500002e-01 1.684677e+01
      vertex   -2.055822e+01 -2.500002e-01 1.698883e+01
    endloop
  endfacet
  facet normal 0.000000e+00 -1.000000e+00 0.000000e+00
    outer loop
      vertex   -2.055822e+01 -2.500002e-01 1.698883e+01
      vertex   -2.140954e+01 -2.500002e-01 1.684677e+01
      vertex   -2.135932e+01 -2.500002e-01 1.668469e+01
    endloop
  endfacet
  facet normal 0.000000e+00 -1.000000e+00 -0.000000e+00
    outer loop
      vertex   -2.055822e+01 -2.500002e-01 1.698883e+01
      vertex   -2.135932e+01 -2.500002e-01 1.668469e+01
      vertex   -2.050926e+01 -2.500002e-01 1.674139e+01
    endloop
  endfacet
  facet normal 0.000000e+00 -1.000000e+00 0.000000e+00
    outer loop
      vertex   -2.050926e+01 -2.500002e-01 1.674139e+01
      vertex   -2.135932e+01 -2.500002e-01 1.668469e+01
      vertex   -2.135276e+01 -2.500002e-01 1.651513e+01
    endloop
  endfacet
  facet normal 0.000000e+00 -1.000000e+00 -0.000000e+00
    outer loop
      vertex   -2.050926e+01 -2.500002e-01 1.674139e+01
      vertex   -2.135276e+01 -2.500002e-01 1.651513e+01
      vertex   -2.050926e+01 -2.500002e-01 1.640861e+01
    endloop
  endfacet
  facet normal -0.000000e+00 -1.000000e+00 0.000000e+00
    outer loop
      vertex   -2.050926e+01 -2.500002e-01 1.640861e+01
      vertex   -2.135276e+01 -2.500002e-01 1.651513e+01
      vertex   -2.055822e+01 -2.500002e-01 1.616117e+01
    endloop
  endfacet
  facet normal 0.000000e+00 -1.000000e+00 0.000000e+00
    outer loop
      vertex   -2.055822e+01 -2.500002e-01 1.616117e+01
      vertex   -2.135276e+01 -2.500002e-01 1.651513e+01
      vertex   -2.139031e+01 -2.500002e-01 1.634965e+01
    endloop
  endfacet
  facet normal -0.000000e+00 -1.000000e+00 0.000000e+00
    outer loop
      vertex   -2.055822e+01 -2.500002e-01 1.616117e+01
      vertex   -2.139031e+01 -2.500002e-01 1.634965e+01
      vertex   -2.064794e+01 -2.500002e-01 1.592543e+01
    endloop
  endfacet
  facet normal 0.000000e+00 -1.000000e+00 0.000000e+00
    outer loop
      vertex   -2.064794e+01 -2.500002e-01 1.592543e+01
      vertex   -2.139031e+01 -2.500002e-01 1.634965e+01
      vertex   -2.146941e+01 -2.500002e-01 1.619953e+01
    endloop
  endfacet
  facet normal -0.000000e+00 -1.000000e+00 0.000000e+00
    outer loop
      vertex   -2.064794e+01 -2.500002e-01 1.592543e+01
      vertex   -2.146941e+01 -2.500002e-01 1.619953e+01
      vertex   -2.077590e+01 -2.500002e-01 1.570806e+01
    endloop
  endfacet
  facet normal -0.000000e+00 -1.000000e+00 0.000000e+00
    outer loop
      vertex   -2.077590e+01 -2.500002e-01 1.570806e+01
      vertex   -2.146941e+01 -2.500002e-01 1.619953e+01
      vertex   -2.093848e+01 -2.500002e-01 1.551520e+01
    endloop
  endfacet
  facet normal 0.000000e+00 -1.000000e+00 0.000000e+00
    outer loop
      vertex   -2.093848e+01 -2.500002e-01 1.551520e+01
      vertex   -2.146941e+01 -2.500002e-01 1.619953e+01
      vertex   -2.158467e+01 -2.500002e-01 1.607500e+01
    endloop
  endfacet
  facet normal -0.000000e+00 -1.000000e+00 0.000000e+00
    outer loop
      vertex   -2.093848e+01 -2.500002e-01 1.551520e+01
      vertex   -2.158467e+01 -2.500002e-01 1.607500e+01
      vertex   -2.113107e+01 -2.500002e-01 1.535231e+01
    endloop
  endfacet
  facet normal 0.000000e+00 -1.000000e+00 0.000000e+00
    outer loop
      vertex   -2.113107e+01 -2.500002e-01 1.535231e+01
      vertex   -2.158467e+01 -2.500002e-01 1.607500e+01
      vertex   -2.172823e+01 -2.500002e-01 1.598454e+01
    endloop
  endfacet
  facet normal -0.000000e+00 -1.000000e+00 0.000000e+00
    outer loop
      vertex   -2.113107e+01 -2.500002e-01 1.535231e+01
      vertex   -2.172823e+01 -2.500002e-01 1.598454e+01
      vertex   -2.134823e+01 -2.500002e-01 1.522400e+01
    endloop
  endfacet
  facet normal -0.000000e+00 -1.000000e+00 0.000000e+00
    outer loop
      vertex   -2.134823e+01 -2.500002e-01 1.522400e+01
      vertex   -2.172823e+01 -2.500002e-01 1.598454e+01
      vertex   -2.158383e+01 -2.500002e-01 1.513389e+01
    endloop
  endfacet
  facet normal 0.000000e+00 -1.000000e+00 0.000000e+00
    outer loop
      vertex   -2.158383e+01 -2.500002e-01 1.513389e+01
      vertex   -2.172823e+01 -2.500002e-01 1.598454e+01
      vertex   -2.189031e+01 -2.500002e-01 1.593432e+01
    endloop
  endfacet
  facet normal -0.000000e+00 -1.000000e+00 0.000000e+00
    outer loop
      vertex   -2.158383e+01 -2.500002e-01 1.513389e+01
      vertex   -2.189031e+01 -2.500002e-01 1.593432e+01
      vertex   -2.183119e+01 -2.500002e-01 1.508453e+01
    endloop
  endfacet
  facet normal 0.000000e+00 -1.000000e+00 0.000000e+00
    outer loop
      vertex   -2.183119e+01 -2.500002e-01 1.508453e+01
      vertex   -2.189031e+01 -2.500002e-01 1.593432e+01
      vertex   -2.205987e+01 -2.500002e-01 1.592776e+01
    endloop
  endfacet
  facet normal -0.000000e+00 -1.000000e+00 0.000000e+00
    outer loop
      vertex   -2.183119e+01 -2.500002e-01 1.508453e+01
      vertex   -2.205987e+01 -2.500002e-01 1.592776e+01
      vertex   -2.208332e+01 -2.500002e-01 1.507732e+01
    endloop
  endfacet
  facet normal 0.000000e+00 -1.000000e+00 0.000000e+00
    outer loop
      vertex   -2.208332e+01 -2.500002e-01 1.507732e+01
      vertex   -2.205987e+01 -2.500002e-01 1.592776e+01
      vertex   -2.233310e+01 -2.500002e-01 1.511245e+01
    endloop
  endfacet
  facet normal 0.000000e+00 -1.000000e+00 0.000000e+00
    outer loop
      vertex   -2.233310e+01 -2.500002e-01 1.511245e+01
      vertex   -2.205987e+01 -2.500002e-01 1.592776e+01
      vertex   -2.222535e+01 -2.500002e-01 1.596531e+01
    endloop
  endfacet
  facet normal 0.000000e+00 -1.000000e+00 0.000000e+00
    outer loop
      vertex   -2.233310e+01 -2.500002e-01 1.511245e+01
      vertex   -2.222535e+01 -2.500002e-01 1.596531e+01
      vertex   -2.257346e+01 -2.500002e-01 1.518895e+01
    endloop
  endfacet
  facet normal 0.000000e+00 -1.000000e+00 0.000000e+00
    outer loop
      vertex   -2.257346e+01 -2.500002e-01 1.518895e+01
      vertex   -2.222535e+01 -2.500002e-01 1.596531e+01
      vertex   -2.279761e+01 -2.500002e-01 1.530464e+01
    endloop
  endfacet
  facet normal 0.000000e+00 -1.000000e+00 0.000000e+00
    outer loop
      vertex   -2.279761e+01 -2.500002e-01 1.530464e+01
      vertex   -2.222535e+01 -2.500002e-01 1.596531e+01
      vertex   -2.237547e+01 -2.500002e-01 1.604441e+01
    endloop
  endfacet
  facet normal 0.000000e+00 -1.000000e+00 0.000000e+00
    outer loop
      vertex   -2.279761e+01 -2.500002e-01 1.530464e+01
      vertex   -2.237547e+01 -2.500002e-01 1.604441e+01
      vertex   -2.299920e+01 -2.500002e-01 1.545625e+01
    endloop
  endfacet
  facet normal 2.249605e-15 -1.000000e+00 -2.385634e-15
    outer loop
      vertex   -2.299920e+01 -2.500002e-01 1.545625e+01
      vertex   -2.237547e+01 -2.500002e-01 1.604441e+01
      vertex   -2.250000e+01 -2.500002e-01 1.615967e+01
    endloop
  endfacet
  facet normal -4.766665e-16 -1.000000e+00 -4.508841e-16
    outer loop
      vertex   -2.299920e+01 -2.500002e-01 1.545625e+01
      vertex   -2.250000e+01 -2.500002e-01 1.615967e+01
      vertex   -2.317253e+01 -2.500002e-01 1.563949e+01
    endloop
  endfacet
  facet normal -5.440919e-16 -1.000000e+00 -3.637103e-16
    outer loop
      vertex   -2.317253e+01 -2.500002e-01 1.563949e+01
      vertex   -2.250000e+01 -2.500002e-01 1.615967e+01
      vertex   -2.331271e+01 -2.500002e-01 1.584919e+01
    endloop
  endfacet
  facet normal -1.741108e-15 -1.000000e+00 2.769637e-15
    outer loop
      vertex   -2.331271e+01 -2.500002e-01 1.584919e+01
      vertex   -2.250000e+01 -2.500002e-01 1.615967e+01
      vertex   -2.259046e+01 -2.500002e-01 1.630323e+01
    endloop
  endfacet
  facet normal 0.000000e+00 -1.000000e+00 0.000000e+00
    outer loop
      vertex   -2.331271e+01 -2.500002e-01 1.584919e+01
      vertex   -2.259046e+01 -2.500002e-01 1.630323e+01
      vertex   -2.341577e+01 -2.500002e-01 1.607942e+01
    endloop
  endfacet
  facet normal 0.000000e+00 -1.000000e+00 0.000000e+00
    outer loop
      vertex   -2.341577e+01 -2.500002e-01 1.607942e+01
      vertex   -2.259046e+01 -2.500002e-01 1.630323e+01
      vertex   -2.264068e+01 -2.500002e-01 1.646531e+01
    endloop
  endfacet
  facet normal 0.000000e+00 -1.000000e+00 0.000000e+00
    outer loop
      vertex   -2.341577e+01 -2.500002e-01 1.607942e+01
      vertex   -2.264068e+01 -2.500002e-01 1.646531e+01
      vertex   -2.347879e+01 -2.500002e-01 1.632365e+01
    endloop
  endfacet
  facet normal -1.000000e+00 -0.000000e+00 -0.000000e+00
    outer loop
      vertex   -2.250000e+01 -1.664214e+00 1.907500e+01
      vertex   -2.250000e+01 -1.664214e+00 1.798921e+01
      vertex   -2.250000e+01 -3.250000e+00 1.907500e+01
    endloop
  endfacet
  facet normal -1.000000e+00 0.000000e+00 0.000000e+00
    outer loop
      vertex   -2.250000e+01 -3.250000e+00 1.907500e+01
      vertex   -2.250000e+01 -1.664214e+00 1.798921e+01
      vertex   -2.250000e+01 -3.250000e+00 1.798921e+01
    endloop
  endfacet
  facet normal 0.000000e+00 -1.000000e+00 0.000000e+00
    outer loop
      vertex   -2.250000e+01 -3.250000e+00 1.798921e+01
      vertex   -2.226301e+01 -3.250000e+00 1.805176e+01
      vertex   -2.250000e+01 -3.250000e+00 1.907500e+01
    endloop
  endfacet
  facet normal 0.000000e+00 -1.000000e+00 0.000000e+00
    outer loop
      vertex   -2.250000e+01 -3.250000e+00 1.907500e+01
      vertex   -2.226301e+01 -3.250000e+00 1.805176e+01
      vertex   -2.201899e+01 -3.250000e+00 1.807488e+01
    endloop
  endfacet
  facet normal 0.000000e+00 -1.000000e+00 0.000000e+00
    outer loop
      vertex   -2.250000e+01 -3.250000e+00 1.907500e+01
      vertex   -2.201899e+01 -3.250000e+00 1.807488e+01
      vertex   -2.177446e+01 -3.250000e+00 1.805795e+01
    endloop
  endfacet
  facet normal 0.000000e+00 -1.000000e+00 0.000000e+00
    outer loop
      vertex   -2.250000e+01 -3.250000e+00 1.907500e+01
      vertex   -2.177446e+01 -3.250000e+00 1.805795e+01
      vertex   -2.050926e+01 -3.250000e+00 1.907500e+01
    endloop
  endfacet
  facet normal 0.000000e+00 -1.000000e+00 0.000000e+00
    outer loop
      vertex   -2.050926e+01 -3.250000e+00 1.907500e+01
      vertex   -2.177446e+01 -3.250000e+00 1.805795e+01
      vertex   -2.153596e+01 -3.250000e+00 1.800142e+01
    endloop
  endfacet
  facet normal 0.000000e+00 -1.000000e+00 0.000000e+00
    outer loop
      vertex   -2.050926e+01 -3.250000e+00 1.907500e+01
      vertex   -2.153596e+01 -3.250000e+00 1.800142e+01
      vertex   -2.130985e+01 -3.250000e+00 1.790680e+01
    endloop
  endfacet
  facet normal 0.000000e+00 -1.000000e+00 0.000000e+00
    outer loop
      vertex   -2.130985e+01 -3.250000e+00 1.790680e+01
      vertex   -2.110217e+01 -3.250000e+00 1.777662e+01
      vertex   -2.050926e+01 -3.250000e+00 1.907500e+01
    endloop
  endfacet
  facet normal 0.000000e+00 -1.000000e+00 0.000000e+00
    outer loop
      vertex   -2.050926e+01 -3.250000e+00 1.907500e+01
      vertex   -2.110217e+01 -3.250000e+00 1.777662e+01
      vertex   -2.091846e+01 -3.250000e+00 1.761436e+01
    endloop
  endfacet
  facet normal 0.000000e+00 -1.000000e+00 0.000000e+00
    outer loop
      vertex   -2.050926e+01 -3.250000e+00 1.907500e+01
      vertex   -2.091846e+01 -3.250000e+00 1.761436e+01
      vertex   -2.076363e+01 -3.250000e+00 1.742434e+01
    endloop
  endfacet
  facet normal 0.000000e+00 -1.000000e+00 0.000000e+00
    outer loop
      vertex   -2.076363e+01 -3.250000e+00 1.742434e+01
      vertex   -2.064181e+01 -3.250000e+00 1.721165e+01
      vertex   -2.050926e+01 -3.250000e+00 1.907500e+01
    endloop
  endfacet
  facet normal 0.000000e+00 -1.000000e+00 0.000000e+00
    outer loop
      vertex   -2.050926e+01 -3.250000e+00 1.907500e+01
      vertex   -2.064181e+01 -3.250000e+00 1.721165e+01
      vertex   -2.055626e+01 -3.250000e+00 1.698195e+01
    endloop
  endfacet
  facet normal 0.000000e+00 -1.000000e+00 -0.000000e+00
    outer loop
      vertex   -2.050926e+01 -3.250000e+00 1.907500e+01
      vertex   -2.055626e+01 -3.250000e+00 1.698195e+01
      vertex   -2.050926e+01 -3.250000e+00 1.674139e+01
    endloop
  endfacet
  facet normal 2.551879e-01 1.380862e-03 -9.668905e-01
    outer loop
      vertex   -2.226301e+01 -3.250000e+00 1.805176e+01
      vertex   -2.250000e+01 -3.250000e+00 1.798921e+01
      vertex   -2.233310e+01 -2.500002e-01 1.803755e+01
    endloop
  endfacet
  facet normal 2.781679e-01 0.000000e+00 -9.605325e-01
    outer loop
      vertex   -2.233310e+01 -2.500002e-01 1.803755e+01
      vertex   -2.250000e+01 -3.250000e+00 1.798921e+01
      vertex   -2.250000e+01 -1.664214e+00 1.798921e+01
    endloop
  endfacet
  facet normal 3.032610e-01 -3.222098e-03 -9.529021e-01
    outer loop
      vertex   -2.233310e+01 -2.500002e-01 1.803755e+01
      vertex   -2.250000e+01 -1.664214e+00 1.798921e+01
      vertex   -2.257346e+01 -2.500002e-01 1.796105e+01
    endloop
  endfacet
  facet normal -2.642277e-01 -3.292001e-02 -9.638983e-01
    outer loop
      vertex   -2.257346e+01 -2.500002e-01 1.796105e+01
      vertex   -2.250000e+01 -1.664214e+00 1.798921e+01
      vertex   -2.250889e+01 -1.503440e+00 1.798616e+01
    endloop
  endfacet
  facet normal 3.424098e-01 -1.180087e-03 -9.395500e-01
    outer loop
      vertex   -2.257346e+01 -2.500002e-01 1.796105e+01
      vertex   -2.250889e+01 -1.503440e+00 1.798616e+01
      vertex   -2.253572e+01 -1.339767e+00 1.797618e+01
    endloop
  endfacet
  facet normal 3.743498e-01 9.632285e-05 -9.272876e-01
    outer loop
      vertex   -2.253572e+01 -1.339767e+00 1.797618e+01
      vertex   -2.258073e+01 -1.178799e+00 1.795802e+01
      vertex   -2.257346e+01 -2.500002e-01 1.796105e+01
    endloop
  endfacet
  facet normal 4.080107e-01 -2.136409e-04 -9.129771e-01
    outer loop
      vertex   -2.257346e+01 -2.500002e-01 1.796105e+01
      vertex   -2.258073e+01 -1.178799e+00 1.795802e+01
      vertex   -2.264295e+01 -1.025786e+00 1.793018e+01
    endloop
  endfacet
  facet normal 4.472646e-01 -4.469068e-03 -8.943905e-01
    outer loop
      vertex   -2.257346e+01 -2.500002e-01 1.796105e+01
      vertex   -2.264295e+01 -1.025786e+00 1.793018e+01
      vertex   -2.271848e+01 -8.849608e-01 1.789171e+01
    endloop
  endfacet
  facet normal 4.586335e-01 -7.698775e-03 -8.885922e-01
    outer loop
      vertex   -2.257346e+01 -2.500002e-01 1.796105e+01
      vertex   -2.271848e+01 -8.849608e-01 1.789171e+01
      vertex   -2.279761e+01 -2.500002e-01 1.784536e+01
    endloop
  endfacet
  facet normal 5.091521e-01 6.343772e-04 -8.606763e-01
    outer loop
      vertex   -2.279761e+01 -2.500002e-01 1.784536e+01
      vertex   -2.271848e+01 -8.849608e-01 1.789171e+01
      vertex   -2.280371e+01 -7.595627e-01 1.784138e+01
    endloop
  endfacet
  facet normal 5.740015e-01 -4.690814e-04 -8.188541e-01
    outer loop
      vertex   -2.279761e+01 -2.500002e-01 1.784536e+01
      vertex   -2.280371e+01 -7.595627e-01 1.784138e+01
      vertex   -2.290246e+01 -6.434444e-01 1.777209e+01
    endloop
  endfacet
  facet normal 6.010237e-01 -1.134009e-02 -7.991507e-01
    outer loop
      vertex   -2.279761e+01 -2.500002e-01 1.784536e+01
      vertex   -2.290246e+01 -6.434444e-01 1.777209e+01
      vertex   -2.299920e+01 -2.500002e-01 1.769375e+01
    endloop
  endfacet
  facet normal 6.378174e-01 3.474540e-03 -7.701798e-01
    outer loop
      vertex   -2.299920e+01 -2.500002e-01 1.769375e+01
      vertex   -2.290246e+01 -6.434444e-01 1.777209e+01
      vertex   -2.300721e+01 -5.406967e-01 1.768581e+01
    endloop
  endfacet
  facet normal 7.029286e-01 6.933736e-05 -7.112605e-01
    outer loop
      vertex   -2.299920e+01 -2.500002e-01 1.769375e+01
      vertex   -2.300721e+01 -5.406967e-01 1.768581e+01
      vertex   -2.310682e+01 -4.591376e-01 1.758737e+01
    endloop
  endfacet
  facet normal 7.262668e-01 -2.428911e-02 -6.869837e-01
    outer loop
      vertex   -2.299920e+01 -2.500002e-01 1.769375e+01
      vertex   -2.310682e+01 -4.591376e-01 1.758737e+01
      vertex   -2.317253e+01 -2.500002e-01 1.751051e+01
    endloop
  endfacet
  facet normal 7.745960e-01 1.097232e-02 -6.323612e-01
    outer loop
      vertex   -2.317253e+01 -2.500002e-01 1.751051e+01
      vertex   -2.310682e+01 -4.591376e-01 1.758737e+01
      vertex   -2.319998e+01 -3.954780e-01 1.747435e+01
    endloop
  endfacet
  facet normal 8.271488e-01 -1.649567e-02 -5.617408e-01
    outer loop
      vertex   -2.317253e+01 -2.500002e-01 1.751051e+01
      vertex   -2.319998e+01 -3.954780e-01 1.747435e+01
      vertex   -2.328613e+01 -3.450871e-01 1.734603e+01
    endloop
  endfacet
  facet normal 8.309341e-01 -3.188833e-02 -5.554563e-01
    outer loop
      vertex   -2.317253e+01 -2.500002e-01 1.751051e+01
      vertex   -2.328613e+01 -3.450871e-01 1.734603e+01
      vertex   -2.331271e+01 -2.500002e-01 1.730081e+01
    endloop
  endfacet
  facet normal 8.854202e-01 2.683259e-02 -4.640163e-01
    outer loop
      vertex   -2.331271e+01 -2.500002e-01 1.730081e+01
      vertex   -2.328613e+01 -3.450871e-01 1.734603e+01
      vertex   -2.336125e+01 -3.070268e-01 1.720488e+01
    endloop
  endfacet
  facet normal 9.090772e-01 -8.930408e-02 -4.069440e-01
    outer loop
      vertex   -2.331271e+01 -2.500002e-01 1.730081e+01
      vertex   -2.336125e+01 -3.070268e-01 1.720488e+01
      vertex   -2.341577e+01 -2.500002e-01 1.707058e+01
    endloop
  endfacet
  facet normal 9.305905e-01 3.055010e-02 -3.647848e-01
    outer loop
      vertex   -2.341577e+01 -2.500002e-01 1.707058e+01
      vertex   -2.336125e+01 -3.070268e-01 1.720488e+01
      vertex   -2.342148e+01 -2.801589e-01 1.705348e+01
    endloop
  endfacet
  facet normal 9.629872e-01 -3.058364e-02 -2.678065e-01
    outer loop
      vertex   -2.341577e+01 -2.500002e-01 1.707058e+01
      vertex   -2.342148e+01 -2.801589e-01 1.705348e+01
      vertex   -2.346490e+01 -2.625726e-01 1.689533e+01
    endloop
  endfacet
  facet normal 9.270793e-01 -2.886064e-01 -2.392285e-01
    outer loop
      vertex   -2.341577e+01 -2.500002e-01 1.707058e+01
      vertex   -2.346490e+01 -2.625726e-01 1.689533e+01
      vertex   -2.347879e+01 -2.500002e-01 1.682635e+01
    endloop
  endfacet
  facet normal 9.460507e-01 2.936632e-01 -1.369309e-01
    outer loop
      vertex   -2.347879e+01 -2.500002e-01 1.682635e+01
      vertex   -2.346490e+01 -2.625726e-01 1.689533e+01
      vertex   -2.349118e+01 -2.529354e-01 1.673449e+01
    endloop
  endfacet
  facet normal 5.345638e-01 -8.439236e-01 -4.510483e-02
    outer loop
      vertex   -2.347879e+01 -2.500002e-01 1.682635e+01
      vertex   -2.349118e+01 -2.529354e-01 1.673449e+01
      vertex   -2.350000e+01 -2.500002e-01 1.657500e+01
    endloop
  endfacet
  facet normal 1.393024e-01 -1.437610e-03 -9.902489e-01
    outer loop
      vertex   -2.233310e+01 -2.500002e-01 1.803755e+01
      vertex   -2.208332e+01 -2.500002e-01 1.807268e+01
      vertex   -2.226301e+01 -3.250000e+00 1.805176e+01
    endloop
  endfacet
  facet normal 9.431305e-02 1.293873e-03 -9.955417e-01
    outer loop
      vertex   -2.226301e+01 -3.250000e+00 1.805176e+01
      vertex   -2.208332e+01 -2.500002e-01 1.807268e+01
      vertex   -2.201899e+01 -3.250000e+00 1.807488e+01
    endloop
  endfacet
  facet normal -2.859663e-02 -1.344940e-03 -9.995901e-01
    outer loop
      vertex   -2.201899e+01 -3.250000e+00 1.807488e+01
      vertex   -2.208332e+01 -2.500002e-01 1.807268e+01
      vertex   -2.183119e+01 -2.500002e-01 1.806547e+01
    endloop
  endfacet
  facet normal -6.908015e-02 1.195522e-03 -9.976104e-01
    outer loop
      vertex   -2.201899e+01 -3.250000e+00 1.807488e+01
      vertex   -2.183119e+01 -2.500002e-01 1.806547e+01
      vertex   -2.177446e+01 -3.250000e+00 1.805795e+01
    endloop
  endfacet
  facet normal -1.956870e-01 -1.240909e-03 -9.806656e-01
    outer loop
      vertex   -2.177446e+01 -3.250000e+00 1.805795e+01
      vertex   -2.183119e+01 -2.500002e-01 1.806547e+01
      vertex   -2.158383e+01 -2.500002e-01 1.801611e+01
    endloop
  endfacet
  facet normal -2.306288e-01 1.085811e-03 -9.730412e-01
    outer loop
      vertex   -2.177446e+01 -3.250000e+00 1.805795e+01
      vertex   -2.158383e+01 -2.500002e-01 1.801611e+01
      vertex   -2.153596e+01 -3.250000e+00 1.800142e+01
    endloop
  endfacet
  facet normal -3.572439e-01 -1.125519e-03 -9.340104e-01
    outer loop
      vertex   -2.153596e+01 -3.250000e+00 1.800142e+01
      vertex   -2.158383e+01 -2.500002e-01 1.801611e+01
      vertex   -2.134823e+01 -2.500002e-01 1.792600e+01
    endloop
  endfacet
  facet normal -3.860194e-01 9.647424e-04 -9.224902e-01
    outer loop
      vertex   -2.153596e+01 -3.250000e+00 1.800142e+01
      vertex   -2.134823e+01 -2.500002e-01 1.792600e+01
      vertex   -2.130985e+01 -3.250000e+00 1.790680e+01
    endloop
  endfacet
  facet normal -5.086990e-01 -9.987728e-04 -8.609439e-01
    outer loop
      vertex   -2.130985e+01 -3.250000e+00 1.790680e+01
      vertex   -2.134823e+01 -2.500002e-01 1.792600e+01
      vertex   -2.113107e+01 -2.500002e-01 1.779769e+01
    endloop
  endfacet
  facet normal -5.311026e-01 8.323194e-04 -8.473071e-01
    outer loop
      vertex   -2.130985e+01 -3.250000e+00 1.790680e+01
      vertex   -2.113107e+01 -2.500002e-01 1.779769e+01
      vertex   -2.110217e+01 -3.250000e+00 1.777662e+01
    endloop
  endfacet
  facet normal -6.457694e-01 -8.606737e-04 -7.635320e-01
    outer loop
      vertex   -2.110217e+01 -3.250000e+00 1.777662e+01
      vertex   -2.113107e+01 -2.500002e-01 1.779769e+01
      vertex   -2.093848e+01 -2.500002e-01 1.763480e+01
    endloop
  endfacet
  facet normal -6.620046e-01 6.885449e-04 -7.494995e-01
    outer loop
      vertex   -2.110217e+01 -3.250000e+00 1.777662e+01
      vertex   -2.093848e+01 -2.500002e-01 1.763480e+01
      vertex   -2.091846e+01 -3.250000e+00 1.761436e+01
    endloop
  endfacet
  facet normal -7.645791e-01 -7.112246e-04 -6.445295e-01
    outer loop
      vertex   -2.091846e+01 -3.250000e+00 1.761436e+01
      vertex   -2.093848e+01 -2.500002e-01 1.763480e+01
      vertex   -2.077590e+01 -2.500002e-01 1.744194e+01
    endloop
  endfacet
  facet normal -7.752299e-01 5.334220e-04 -6.316790e-01
    outer loop
      vertex   -2.091846e+01 -3.250000e+00 1.761436e+01
      vertex   -2.077590e+01 -2.500002e-01 1.744194e+01
      vertex   -2.076363e+01 -3.250000e+00 1.742434e+01
    endloop
  endfacet
  facet normal -8.617686e-01 -5.504289e-04 -5.073013e-01
    outer loop
      vertex   -2.076363e+01 -3.250000e+00 1.742434e+01
      vertex   -2.077590e+01 -2.500002e-01 1.744194e+01
      vertex   -2.064794e+01 -2.500002e-01 1.722457e+01
    endloop
  endfacet
  facet normal -8.677553e-01 3.669543e-04 -4.969915e-01
    outer loop
      vertex   -2.076363e+01 -3.250000e+00 1.742434e+01
      vertex   -2.064794e+01 -2.500002e-01 1.722457e+01
      vertex   -2.064181e+01 -3.250000e+00 1.721165e+01
    endloop
  endfacet
  facet normal -9.345895e-01 -3.782902e-04 -3.557279e-01
    outer loop
      vertex   -2.064181e+01 -3.250000e+00 1.721165e+01
      vertex   -2.064794e+01 -2.500002e-01 1.722457e+01
      vertex   -2.055822e+01 -2.500002e-01 1.698883e+01
    endloop
  endfacet
  facet normal -9.371102e-01 1.891457e-04 -3.490336e-01
    outer loop
      vertex   -2.064181e+01 -3.250000e+00 1.721165e+01
      vertex   -2.055822e+01 -2.500002e-01 1.698883e+01
      vertex   -2.055626e+01 -3.250000e+00 1.698195e+01
    endloop
  endfacet
  facet normal -9.809826e-01 -1.948125e-04 -1.940954e-01
    outer loop
      vertex   -2.055626e+01 -3.250000e+00 1.698195e+01
      vertex   -2.055822e+01 -2.500002e-01 1.698883e+01
      vertex   -2.050926e+01 -2.500002e-01 1.674139e+01
    endloop
  endfacet
  facet normal -9.814427e-01 0.000000e+00 -1.917558e-01
    outer loop
      vertex   -2.055626e+01 -3.250000e+00 1.698195e+01
      vertex   -2.050926e+01 -2.500002e-01 1.674139e+01
      vertex   -2.050926e+01 -3.250000e+00 1.674139e+01
    endloop
  endfacet
  facet normal 2.933165e-01 -1.942175e-03 9.560134e-01
    outer loop
      vertex   -2.250889e+01 -1.503440e+00 1.516384e+01
      vertex   -2.250000e+01 -1.664214e+00 1.516079e+01
      vertex   -2.233310e+01 -2.500002e-01 1.511245e+01
    endloop
  endfacet
  facet normal 2.781679e-01 0.000000e+00 9.605325e-01
    outer loop
      vertex   -2.233310e+01 -2.500002e-01 1.511245e+01
      vertex   -2.250000e+01 -1.664214e+00 1.516079e+01
      vertex   -2.250000e+01 -3.250000e+00 1.516079e+01
    endloop
  endfacet
  facet normal 2.551879e-01 1.380862e-03 9.668905e-01
    outer loop
      vertex   -2.233310e+01 -2.500002e-01 1.511245e+01
      vertex   -2.250000e+01 -3.250000e+00 1.516079e+01
      vertex   -2.226301e+01 -3.250000e+00 1.509824e+01
    endloop
  endfacet
  facet normal 1.393024e-01 -1.437610e-03 9.902489e-01
    outer loop
      vertex   -2.233310e+01 -2.500002e-01 1.511245e+01
      vertex   -2.226301e+01 -3.250000e+00 1.509824e+01
      vertex   -2.208332e+01 -2.500002e-01 1.507732e+01
    endloop
  endfacet
  facet normal 9.431305e-02 1.293873e-03 9.955417e-01
    outer loop
      vertex   -2.208332e+01 -2.500002e-01 1.507732e+01
      vertex   -2.226301e+01 -3.250000e+00 1.509824e+01
      vertex   -2.201899e+01 -3.250000e+00 1.507512e+01
    endloop
  endfacet
  facet normal -2.859663e-02 -1.344940e-03 9.995901e-01
    outer loop
      vertex   -2.208332e+01 -2.500002e-01 1.507732e+01
      vertex   -2.201899e+01 -3.250000e+00 1.507512e+01
      vertex   -2.183119e+01 -2.500002e-01 1.508453e+01
    endloop
  endfacet
  facet normal -6.908015e-02 1.195522e-03 9.976104e-01
    outer loop
      vertex   -2.183119e+01 -2.500002e-01 1.508453e+01
      vertex   -2.201899e+01 -3.250000e+00 1.507512e+01
      vertex   -2.177446e+01 -3.250000e+00 1.509205e+01
    endloop
  endfacet
  facet normal -1.956870e-01 -1.240909e-03 9.806656e-01
    outer loop
      vertex   -2.183119e+01 -2.500002e-01 1.508453e+01
      vertex   -2.177446e+01 -3.250000e+00 1.509205e+01
      vertex   -2.158383e+01 -2.500002e-01 1.513389e+01
    endloop
  endfacet
  facet normal -2.306288e-01 1.085811e-03 9.730412e-01
    outer loop
      vertex   -2.158383e+01 -2.500002e-01 1.513389e+01
      vertex   -2.177446e+01 -3.250000e+00 1.509205e+01
      vertex   -2.153596e+01 -3.250000e+00 1.514858e+01
    endloop
  endfacet
  facet normal -3.572439e-01 -1.125519e-03 9.340104e-01
    outer loop
      vertex   -2.158383e+01 -2.500002e-01 1.513389e+01
      vertex   -2.153596e+01 -3.250000e+00 1.514858e+01
      vertex   -2.134823e+01 -2.500002e-01 1.522400e+01
    endloop
  endfacet
  facet normal -3.860194e-01 9.647424e-04 9.224902e-01
    outer loop
      vertex   -2.134823e+01 -2.500002e-01 1.522400e+01
      vertex   -2.153596e+01 -3.250000e+00 1.514858e+01
      vertex   -2.130985e+01 -3.250000e+00 1.524320e+01
    endloop
  endfacet
  facet normal -5.086990e-01 -9.987728e-04 8.609439e-01
    outer loop
      vertex   -2.134823e+01 -2.500002e-01 1.522400e+01
      vertex   -2.130985e+01 -3.250000e+00 1.524320e+01
      vertex   -2.113107e+01 -2.500002e-01 1.535231e+01
    endloop
  endfacet
  facet normal -5.311026e-01 8.323194e-04 8.473071e-01
    outer loop
      vertex   -2.113107e+01 -2.500002e-01 1.535231e+01
      vertex   -2.130985e+01 -3.250000e+00 1.524320e+01
      vertex   -2.110217e+01 -3.250000e+00 1.537338e+01
    endloop
  endfacet
  facet normal -6.457694e-01 -8.606737e-04 7.635320e-01
    outer loop
      vertex   -2.113107e+01 -2.500002e-01 1.535231e+01
      vertex   -2.110217e+01 -3.250000e+00 1.537338e+01
      vertex   -2.093848e+01 -2.500002e-01 1.551520e+01
    endloop
  endfacet
  facet normal -6.620046e-01 6.885449e-04 7.494995e-01
    outer loop
      vertex   -2.093848e+01 -2.500002e-01 1.551520e+01
      vertex   -2.110217e+01 -3.250000e+00 1.537338e+01
      vertex   -2.091846e+01 -3.250000e+00 1.553564e+01
    endloop
  endfacet
  facet normal -7.645791e-01 -7.112246e-04 6.445295e-01
    outer loop
      vertex   -2.093848e+01 -2.500002e-01 1.551520e+01
      vertex   -2.091846e+01 -3.250000e+00 1.553564e+01
      vertex   -2.077590e+01 -2.500002e-01 1.570806e+01
    endloop
  endfacet
  facet normal -7.752299e-01 5.334220e-04 6.316790e-01
    outer loop
      vertex   -2.077590e+01 -2.500002e-01 1.570806e+01
      vertex   -2.091846e+01 -3.250000e+00 1.553564e+01
      vertex   -2.076363e+01 -3.250000e+00 1.572566e+01
    endloop
  endfacet
  facet normal -8.617686e-01 -5.504289e-04 5.073013e-01
    outer loop
      vertex   -2.077590e+01 -2.500002e-01 1.570806e+01
      vertex   -2.076363e+01 -3.250000e+00 1.572566e+01
      vertex   -2.064794e+01 -2.500002e-01 1.592543e+01
    endloop
  endfacet
  facet normal -8.677553e-01 3.669543e-04 4.969915e-01
    outer loop
      vertex   -2.064794e+01 -2.500002e-01 1.592543e+01
      vertex   -2.076363e+01 -3.250000e+00 1.572566e+01
      vertex   -2.064181e+01 -3.250000e+00 1.593835e+01
    endloop
  endfacet
  facet normal -9.345895e-01 -3.782902e-04 3.557279e-01
    outer loop
      vertex   -2.064794e+01 -2.500002e-01 1.592543e+01
      vertex   -2.064181e+01 -3.250000e+00 1.593835e+01
      vertex   -2.055822e+01 -2.500002e-01 1.616117e+01
    endloop
  endfacet
  facet normal -9.371102e-01 1.891457e-04 3.490336e-01
    outer loop
      vertex   -2.055822e+01 -2.500002e-01 1.616117e+01
      vertex   -2.064181e+01 -3.250000e+00 1.593835e+01
      vertex   -2.055626e+01 -3.250000e+00 1.616805e+01
    endloop
  endfacet
  facet normal -9.809826e-01 -1.948125e-04 1.940954e-01
    outer loop
      vertex   -2.055822e+01 -2.500002e-01 1.616117e+01
      vertex   -2.055626e+01 -3.250000e+00 1.616805e+01
      vertex   -2.050926e+01 -2.500002e-01 1.640861e+01
    endloop
  endfacet
  facet normal -9.814427e-01 0.000000e+00 1.917558e-01
    outer loop
      vertex   -2.050926e+01 -2.500002e-01 1.640861e+01
      vertex   -2.055626e+01 -3.250000e+00 1.616805e+01
      vertex   -2.050926e+01 -3.250000e+00 1.640861e+01
    endloop
  endfacet
  facet normal 3.032607e-01 -3.464374e-03 9.529013e-01
    outer loop
      vertex   -2.233310e+01 -2.500002e-01 1.511245e+01
      vertex   -2.257346e+01 -2.500002e-01 1.518895e+01
      vertex   -2.250889e+01 -1.503440e+00 1.516384e+01
    endloop
  endfacet
  facet normal 3.424098e-01 -1.180087e-03 9.395500e-01
    outer loop
      vertex   -2.250889e+01 -1.503440e+00 1.516384e+01
      vertex   -2.257346e+01 -2.500002e-01 1.518895e+01
      vertex   -2.253572e+01 -1.339767e+00 1.517382e+01
    endloop
  endfacet
  facet normal 3.743498e-01 9.632285e-05 9.272876e-01
    outer loop
      vertex   -2.253572e+01 -1.339767e+00 1.517382e+01
      vertex   -2.257346e+01 -2.500002e-01 1.518895e+01
      vertex   -2.258073e+01 -1.178799e+00 1.519198e+01
    endloop
  endfacet
  facet normal 4.080107e-01 -2.136409e-04 9.129771e-01
    outer loop
      vertex   -2.258073e+01 -1.178799e+00 1.519198e+01
      vertex   -2.257346e+01 -2.500002e-01 1.518895e+01
      vertex   -2.264295e+01 -1.025786e+00 1.521982e+01
    endloop
  endfacet
  facet normal 4.472646e-01 -4.469068e-03 8.943905e-01
    outer loop
      vertex   -2.264295e+01 -1.025786e+00 1.521982e+01
      vertex   -2.257346e+01 -2.500002e-01 1.518895e+01
      vertex   -2.271848e+01 -8.849608e-01 1.525829e+01
    endloop
  endfacet
  facet normal 4.586335e-01 -7.698775e-03 8.885922e-01
    outer loop
      vertex   -2.271848e+01 -8.849608e-01 1.525829e+01
      vertex   -2.257346e+01 -2.500002e-01 1.518895e+01
      vertex   -2.279761e+01 -2.500002e-01 1.530464e+01
    endloop
  endfacet
  facet normal 5.091521e-01 6.343772e-04 8.606763e-01
    outer loop
      vertex   -2.271848e+01 -8.849608e-01 1.525829e+01
      vertex   -2.279761e+01 -2.500002e-01 1.530464e+01
      vertex   -2.280371e+01 -7.595627e-01 1.530862e+01
    endloop
  endfacet
  facet normal 5.740015e-01 -4.690814e-04 8.188541e-01
    outer loop
      vertex   -2.280371e+01 -7.595627e-01 1.530862e+01
      vertex   -2.279761e+01 -2.500002e-01 1.530464e+01
      vertex   -2.290246e+01 -6.434444e-01 1.537791e+01
    endloop
  endfacet
  facet normal 6.010237e-01 -1.134009e-02 7.991507e-01
    outer loop
      vertex   -2.290246e+01 -6.434444e-01 1.537791e+01
      vertex   -2.279761e+01 -2.500002e-01 1.530464e+01
      vertex   -2.299920e+01 -2.500002e-01 1.545625e+01
    endloop
  endfacet
  facet normal 6.378174e-01 3.474540e-03 7.701798e-01
    outer loop
      vertex   -2.290246e+01 -6.434444e-01 1.537791e+01
      vertex   -2.299920e+01 -2.500002e-01 1.545625e+01
      vertex   -2.300721e+01 -5.406967e-01 1.546419e+01
    endloop
  endfacet
  facet normal 7.029286e-01 6.933736e-05 7.112605e-01
    outer loop
      vertex   -2.300721e+01 -5.406967e-01 1.546419e+01
      vertex   -2.299920e+01 -2.500002e-01 1.545625e+01
      vertex   -2.310682e+01 -4.591376e-01 1.556263e+01
    endloop
  endfacet
  facet normal 7.262668e-01 -2.428911e-02 6.869837e-01
    outer loop
      vertex   -2.310682e+01 -4.591376e-01 1.556263e+01
      vertex   -2.299920e+01 -2.500002e-01 1.545625e+01
      vertex   -2.317253e+01 -2.500002e-01 1.563949e+01
    endloop
  endfacet
  facet normal 7.745960e-01 1.097232e-02 6.323612e-01
    outer loop
      vertex   -2.310682e+01 -4.591376e-01 1.556263e+01
      vertex   -2.317253e+01 -2.500002e-01 1.563949e+01
      vertex   -2.319998e+01 -3.954780e-01 1.567565e+01
    endloop
  endfacet
  facet normal 8.271488e-01 -1.649567e-02 5.617408e-01
    outer loop
      vertex   -2.319998e+01 -3.954780e-01 1.567565e+01
      vertex   -2.317253e+01 -2.500002e-01 1.563949e+01
      vertex   -2.328613e+01 -3.450871e-01 1.580397e+01
    endloop
  endfacet
  facet normal 8.309341e-01 -3.188833e-02 5.554563e-01
    outer loop
      vertex   -2.328613e+01 -3.450871e-01 1.580397e+01
      vertex   -2.317253e+01 -2.500002e-01 1.563949e+01
      vertex   -2.331271e+01 -2.500002e-01 1.584919e+01
    endloop
  endfacet
  facet normal 8.854202e-01 2.683259e-02 4.640163e-01
    outer loop
      vertex   -2.328613e+01 -3.450871e-01 1.580397e+01
      vertex   -2.331271e+01 -2.500002e-01 1.584919e+01
      vertex   -2.336125e+01 -3.070268e-01 1.594512e+01
    endloop
  endfacet
  facet normal 9.090772e-01 -8.930408e-02 4.069440e-01
    outer loop
      vertex   -2.336125e+01 -3.070268e-01 1.594512e+01
      vertex   -2.331271e+01 -2.500002e-01 1.584919e+01
      vertex   -2.341577e+01 -2.500002e-01 1.607942e+01
    endloop
  endfacet
  facet normal 9.305905e-01 3.055010e-02 3.647848e-01
    outer loop
      vertex   -2.336125e+01 -3.070268e-01 1.594512e+01
      vertex   -2.341577e+01 -2.500002e-01 1.607942e+01
      vertex   -2.342148e+01 -2.801589e-01 1.609652e+01
    endloop
  endfacet
  facet normal 9.629872e-01 -3.058364e-02 2.678065e-01
    outer loop
      vertex   -2.342148e+01 -2.801589e-01 1.609652e+01
      vertex   -2.341577e+01 -2.500002e-01 1.607942e+01
      vertex   -2.346490e+01 -2.625726e-01 1.625467e+01
    endloop
  endfacet
  facet normal 9.270793e-01 -2.886064e-01 2.392285e-01
    outer loop
      vertex   -2.346490e+01 -2.625726e-01 1.625467e+01
      vertex   -2.341577e+01 -2.500002e-01 1.607942e+01
      vertex   -2.347879e+01 -2.500002e-01 1.632365e+01
    endloop
  endfacet
  facet normal 9.460507e-01 2.936632e-01 1.369309e-01
    outer loop
      vertex   -2.346490e+01 -2.625726e-01 1.625467e+01
      vertex   -2.347879e+01 -2.500002e-01 1.632365e+01
      vertex   -2.349118e+01 -2.529354e-01 1.641551e+01
    endloop
  endfacet
  facet normal 5.345638e-01 -8.439236e-01 4.510483e-02
    outer loop
      vertex   -2.349118e+01 -2.529354e-01 1.641551e+01
      vertex   -2.347879e+01 -2.500002e-01 1.632365e+01
      vertex   -2.350000e+01 -2.500002e-01 1.657500e+01
    endloop
  endfacet
  facet normal -1.000000e+00 0.000000e+00 0.000000e+00
    outer loop
      vertex   -2.050926e+01 -3.250000e+00 1.640861e+01
      vertex   -2.050926e+01 -3.250000e+00 1.674139e+01
      vertex   -2.050926e+01 -2.500002e-01 1.640861e+01
    endloop
  endfacet
  facet normal -1.000000e+00 0.000000e+00 0.000000e+00
    outer loop
      vertex   -2.050926e+01 -2.500002e-01 1.640861e+01
      vertex   -2.050926e+01 -3.250000e+00 1.674139e+01
      vertex   -2.050926e+01 -2.500002e-01 1.674139e+01
    endloop
  endfacet
  facet normal 5.000000e-01 -0.000000e+00 8.660254e-01
    outer loop
      vertex   -2.303431e+01 4.525000e+00 1.593991e+01
      vertex   -2.193431e+01 4.525000e+00 1.530483e+01
      vertex   -2.303431e+01 5.825000e+00 1.593991e+01
    endloop
  endfacet
  facet normal 5.000000e-01 0.000000e+00 8.660254e-01
    outer loop
      vertex   -2.303431e+01 5.825000e+00 1.593991e+01
      vertex   -2.193431e+01 4.525000e+00 1.530483e+01
      vertex   -2.193431e+01 5.825000e+00 1.530483e+01
    endloop
  endfacet
  facet normal -5.000000e-01 0.000000e+00 8.660254e-01
    outer loop
      vertex   -2.193431e+01 4.525000e+00 1.530483e+01
      vertex   -2.083431e+01 4.525000e+00 1.593991e+01
      vertex   -2.193431e+01 5.825000e+00 1.530483e+01
    endloop
  endfacet
  facet normal -5.000000e-01 0.000000e+00 8.660254e-01
    outer loop
      vertex   -2.193431e+01 5.825000e+00 1.530483e+01
      vertex   -2.083431e+01 4.525000e+00 1.593991e+01
      vertex   -2.083431e+01 5.825000e+00 1.593991e+01
    endloop
  endfacet
  facet normal -1.000000e+00 0.000000e+00 0.000000e+00
    outer loop
      vertex   -2.083431e+01 4.525000e+00 1.593991e+01
      vertex   -2.083431e+01 4.525000e+00 1.907500e+01
      vertex   -2.083431e+01 5.825000e+00 1.593991e+01
    endloop
  endfacet
  facet normal -1.000000e+00 0.000000e+00 0.000000e+00
    outer loop
      vertex   -2.083431e+01 5.825000e+00 1.593991e+01
      vertex   -2.083431e+01 4.525000e+00 1.907500e+01
      vertex   -2.083431e+01 5.825000e+00 1.907500e+01
    endloop
  endfacet
  facet normal 1.000000e+00 -0.000000e+00 0.000000e+00
    outer loop
      vertex   -2.303431e+01 4.525000e+00 1.907500e+01
      vertex   -2.303431e+01 4.525000e+00 1.593991e+01
      vertex   -2.303431e+01 5.825000e+00 1.907500e+01
    endloop
  endfacet
  facet normal 1.000000e+00 0.000000e+00 0.000000e+00
    outer loop
      vertex   -2.303431e+01 5.825000e+00 1.907500e+01
      vertex   -2.303431e+01 4.525000e+00 1.593991e+01
      vertex   -2.303431e+01 5.825000e+00 1.593991e+01
    endloop
  endfacet
  facet normal 0.000000e+00 1.000000e+00 0.000000e+00
    outer loop
      vertex   -2.262785e+01 4.525000e+00 1.674323e+01
      vertex   -2.265000e+01 4.525000e+00 1.657500e+01
      vertex   -2.303431e+01 4.525000e+00 1.593991e+01
    endloop
  endfacet
  facet normal 0.000000e+00 1.000000e+00 0.000000e+00
    outer loop
      vertex   -2.303431e+01 4.525000e+00 1.593991e+01
      vertex   -2.265000e+01 4.525000e+00 1.657500e+01
      vertex   -2.262785e+01 4.525000e+00 1.640677e+01
    endloop
  endfacet
  facet normal 0.000000e+00 1.000000e+00 0.000000e+00
    outer loop
      vertex   -2.303431e+01 4.525000e+00 1.593991e+01
      vertex   -2.262785e+01 4.525000e+00 1.640677e+01
      vertex   -2.256292e+01 4.525000e+00 1.625000e+01
    endloop
  endfacet
  facet normal 0.000000e+00 1.000000e+00 0.000000e+00
    outer loop
      vertex   -2.256292e+01 4.525000e+00 1.625000e+01
      vertex   -2.245962e+01 4.525000e+00 1.611538e+01
      vertex   -2.303431e+01 4.525000e+00 1.593991e+01
    endloop
  endfacet
  facet normal 0.000000e+00 1.000000e+00 0.000000e+00
    outer loop
      vertex   -2.303431e+01 4.525000e+00 1.593991e+01
      vertex   -2.245962e+01 4.525000e+00 1.611538e+01
      vertex   -2.232500e+01 4.525000e+00 1.601208e+01
    endloop
  endfacet
  facet normal -0.000000e+00 1.000000e+00 0.000000e+00
    outer loop
      vertex   -2.303431e+01 4.525000e+00 1.593991e+01
      vertex   -2.232500e+01 4.525000e+00 1.601208e+01
      vertex   -2.193431e+01 4.525000e+00 1.530483e+01
    endloop
  endfacet
  facet normal 0.000000e+00 1.000000e+00 0.000000e+00
    outer loop
      vertex   -2.193431e+01 4.525000e+00 1.530483e+01
      vertex   -2.232500e+01 4.525000e+00 1.601208e+01
      vertex   -2.216823e+01 4.525000e+00 1.594715e+01
    endloop
  endfacet
  facet normal 0.000000e+00 1.000000e+00 0.000000e+00
    outer loop
      vertex   -2.193431e+01 4.525000e+00 1.530483e+01
      vertex   -2.216823e+01 4.525000e+00 1.594715e+01
      vertex   -2.200000e+01 4.525000e+00 1.592500e+01
    endloop
  endfacet
  facet normal -0.000000e+00 1.000000e+00 0.000000e+00
    outer loop
      vertex   -2.200000e+01 4.525000e+00 1.592500e+01
      vertex   -2.183177e+01 4.525000e+00 1.594715e+01
      vertex   -2.193431e+01 4.525000e+00 1.530483e+01
    endloop
  endfacet
  facet normal 0.000000e+00 1.000000e+00 0.000000e+00
    outer loop
      vertex   -2.193431e+01 4.525000e+00 1.530483e+01
      vertex   -2.183177e+01 4.525000e+00 1.594715e+01
      vertex   -2.167500e+01 4.525000e+00 1.601208e+01
    endloop
  endfacet
  facet normal 0.000000e+00 1.000000e+00 0.000000e+00
    outer loop
      vertex   -2.193431e+01 4.525000e+00 1.530483e+01
      vertex   -2.167500e+01 4.525000e+00 1.601208e+01
      vertex   -2.154038e+01 4.525000e+00 1.611538e+01
    endloop
  endfacet
  facet normal 0.000000e+00 1.000000e+00 0.000000e+00
    outer loop
      vertex   -2.193431e+01 4.525000e+00 1.530483e+01
      vertex   -2.154038e+01 4.525000e+00 1.611538e+01
      vertex   -2.083431e+01 4.525000e+00 1.593991e+01
    endloop
  endfacet
  facet normal 0.000000e+00 1.000000e+00 0.000000e+00
    outer loop
      vertex   -2.083431e+01 4.525000e+00 1.593991e+01
      vertex   -2.154038e+01 4.525000e+00 1.611538e+01
      vertex   -2.143708e+01 4.525000e+00 1.625000e+01
    endloop
  endfacet
  facet normal 0.000000e+00 1.000000e+00 0.000000e+00
    outer loop
      vertex   -2.083431e+01 4.525000e+00 1.593991e+01
      vertex   -2.143708e+01 4.525000e+00 1.625000e+01
      vertex   -2.137215e+01 4.525000e+00 1.640677e+01
    endloop
  endfacet
  facet normal -0.000000e+00 1.000000e+00 0.000000e+00
    outer loop
      vertex   -2.137215e+01 4.525000e+00 1.640677e+01
      vertex   -2.135000e+01 4.525000e+00 1.657500e+01
      vertex   -2.083431e+01 4.525000e+00 1.593991e+01
    endloop
  endfacet
  facet normal 0.000000e+00 1.000000e+00 0.000000e+00
    outer loop
      vertex   -2.083431e+01 4.525000e+00 1.593991e+01
      vertex   -2.135000e+01 4.525000e+00 1.657500e+01
      vertex   -2.137215e+01 4.525000e+00 1.674323e+01
    endloop
  endfacet
  facet normal 0.000000e+00 1.000000e+00 -0.000000e+00
    outer loop
      vertex   -2.083431e+01 4.525000e+00 1.593991e+01
      vertex   -2.137215e+01 4.525000e+00 1.674323e+01
      vertex   -2.083431e+01 4.525000e+00 1.907500e+01
    endloop
  endfacet
  facet normal 0.000000e+00 1.000000e+00 0.000000e+00
    outer loop
      vertex   -2.083431e+01 4.525000e+00 1.907500e+01
      vertex   -2.137215e+01 4.525000e+00 1.674323e+01
      vertex   -2.143708e+01 4.525000e+00 1.690000e+01
    endloop
  endfacet
  facet normal 0.000000e+00 1.000000e+00 0.000000e+00
    outer loop
      vertex   -2.083431e+01 4.525000e+00 1.907500e+01
      vertex   -2.143708e+01 4.525000e+00 1.690000e+01
      vertex   -2.154038e+01 4.525000e+00 1.703462e+01
    endloop
  endfacet
  facet normal 0.000000e+00 1.000000e+00 -0.000000e+00
    outer loop
      vertex   -2.154038e+01 4.525000e+00 1.703462e+01
      vertex   -2.167500e+01 4.525000e+00 1.713792e+01
      vertex   -2.083431e+01 4.525000e+00 1.907500e+01
    endloop
  endfacet
  facet normal 0.000000e+00 1.000000e+00 0.000000e+00
    outer loop
      vertex   -2.083431e+01 4.525000e+00 1.907500e+01
      vertex   -2.167500e+01 4.525000e+00 1.713792e+01
      vertex   -2.183177e+01 4.525000e+00 1.720285e+01
    endloop
  endfacet
  facet normal 0.000000e+00 1.000000e+00 0.000000e+00
    outer loop
      vertex   -2.083431e+01 4.525000e+00 1.907500e+01
      vertex   -2.183177e+01 4.525000e+00 1.720285e+01
      vertex   -2.200000e+01 4.525000e+00 1.722500e+01
    endloop
  endfacet
  facet normal 0.000000e+00 1.000000e+00 0.000000e+00
    outer loop
      vertex   -2.083431e+01 4.525000e+00 1.907500e+01
      vertex   -2.200000e+01 4.525000e+00 1.722500e+01
      vertex   -2.303431e+01 4.525000e+00 1.907500e+01
    endloop
  endfacet
  facet normal 0.000000e+00 1.000000e+00 0.000000e+00
    outer loop
      vertex   -2.303431e+01 4.525000e+00 1.907500e+01
      vertex   -2.200000e+01 4.525000e+00 1.722500e+01
      vertex   -2.216823e+01 4.525000e+00 1.720285e+01
    endloop
  endfacet
  facet normal 0.000000e+00 1.000000e+00 0.000000e+00
    outer loop
      vertex   -2.303431e+01 4.525000e+00 1.907500e+01
      vertex   -2.216823e+01 4.525000e+00 1.720285e+01
      vertex   -2.232500e+01 4.525000e+00 1.713792e+01
    endloop
  endfacet
  facet normal 0.000000e+00 1.000000e+00 0.000000e+00
    outer loop
      vertex   -2.232500e+01 4.525000e+00 1.713792e+01
      vertex   -2.245962e+01 4.525000e+00 1.703462e+01
      vertex   -2.303431e+01 4.525000e+00 1.907500e+01
    endloop
  endfacet
  facet normal 0.000000e+00 1.000000e+00 0.000000e+00
    outer loop
      vertex   -2.303431e+01 4.525000e+00 1.907500e+01
      vertex   -2.245962e+01 4.525000e+00 1.703462e+01
      vertex   -2.256292e+01 4.525000e+00 1.690000e+01
    endloop
  endfacet
  facet normal 0.000000e+00 1.000000e+00 0.000000e+00
    outer loop
      vertex   -2.303431e+01 4.525000e+00 1.907500e+01
      vertex   -2.256292e+01 4.525000e+00 1.690000e+01
      vertex   -2.262785e+01 4.525000e+00 1.674323e+01
    endloop
  endfacet
  facet normal 0.000000e+00 1.000000e+00 0.000000e+00
    outer loop
      vertex   -2.303431e+01 4.525000e+00 1.907500e+01
      vertex   -2.262785e+01 4.525000e+00 1.674323e+01
      vertex   -2.303431e+01 4.525000e+00 1.593991e+01
    endloop
  endfacet
  facet normal -0.000000e+00 -1.000000e+00 0.000000e+00
    outer loop
      vertex   -2.262785e+01 5.825000e+00 1.640677e+01
      vertex   -2.265000e+01 5.825000e+00 1.657500e+01
      vertex   -2.303431e+01 5.825000e+00 1.593991e+01
    endloop
  endfacet
  facet normal 0.000000e+00 -1.000000e+00 0.000000e+00
    outer loop
      vertex   -2.303431e+01 5.825000e+00 1.593991e+01
      vertex   -2.265000e+01 5.825000e+00 1.657500e+01
      vertex   -2.262785e+01 5.825000e+00 1.674323e+01
    endloop
  endfacet
  facet normal 0.000000e+00 -1.000000e+00 0.000000e+00
    outer loop
      vertex   -2.303431e+01 5.825000e+00 1.593991e+01
      vertex   -2.262785e+01 5.825000e+00 1.674323e+01
      vertex   -2.303431e+01 5.825000e+00 1.907500e+01
    endloop
  endfacet
  facet normal 0.000000e+00 -1.000000e+00 0.000000e+00
    outer loop
      vertex   -2.303431e+01 5.825000e+00 1.907500e+01
      vertex   -2.262785e+01 5.825000e+00 1.674323e+01
      vertex   -2.256292e+01 5.825000e+00 1.690000e+01
    endloop
  endfacet
  facet normal 0.000000e+00 -1.000000e+00 0.000000e+00
    outer loop
      vertex   -2.303431e+01 5.825000e+00 1.907500e+01
      vertex   -2.256292e+01 5.825000e+00 1.690000e+01
      vertex   -2.245962e+01 5.825000e+00 1.703462e+01
    endloop
  endfacet
  facet normal 0.000000e+00 -1.000000e+00 0.000000e+00
    outer loop
      vertex   -2.245962e+01 5.825000e+00 1.703462e+01
      vertex   -2.232500e+01 5.825000e+00 1.713792e+01
      vertex   -2.303431e+01 5.825000e+00 1.907500e+01
    endloop
  endfacet
  facet normal 0.000000e+00 -1.000000e+00 0.000000e+00
    outer loop
      vertex   -2.303431e+01 5.825000e+00 1.907500e+01
      vertex   -2.232500e+01 5.825000e+00 1.713792e+01
      vertex   -2.216823e+01 5.825000e+00 1.720285e+01
    endloop
  endfacet
  facet normal 0.000000e+00 -1.000000e+00 0.000000e+00
    outer loop
      vertex   -2.303431e+01 5.825000e+00 1.907500e+01
      vertex   -2.216823e+01 5.825000e+00 1.720285e+01
      vertex   -2.200000e+01 5.825000e+00 1.722500e+01
    endloop
  endfacet
  facet normal 0.000000e+00 -1.000000e+00 0.000000e+00
    outer loop
      vertex   -2.303431e+01 5.825000e+00 1.907500e+01
      vertex   -2.200000e+01 5.825000e+00 1.722500e+01
      vertex   -2.083431e+01 5.825000e+00 1.907500e+01
    endloop
  endfacet
  facet normal 0.000000e+00 -1.000000e+00 0.000000e+00
    outer loop
      vertex   -2.083431e+01 5.825000e+00 1.907500e+01
      vertex   -2.200000e+01 5.825000e+00 1.722500e+01
      vertex   -2.183177e+01 5.825000e+00 1.720285e+01
    endloop
  endfacet
  facet normal 0.000000e+00 -1.000000e+00 0.000000e+00
    outer loop
      vertex   -2.083431e+01 5.825000e+00 1.907500e+01
      vertex   -2.183177e+01 5.825000e+00 1.720285e+01
      vertex   -2.167500e+01 5.825000e+00 1.713792e+01
    endloop
  endfacet
  facet normal 0.000000e+00 -1.000000e+00 0.000000e+00
    outer loop
      vertex   -2.167500e+01 5.825000e+00 1.713792e+01
      vertex   -2.154038e+01 5.825000e+00 1.703462e+01
      vertex   -2.083431e+01 5.825000e+00 1.907500e+01
    endloop
  endfacet
  facet normal 0.000000e+00 -1.000000e+00 0.000000e+00
    outer loop
      vertex   -2.083431e+01 5.825000e+00 1.907500e+01
      vertex   -2.154038e+01 5.825000e+00 1.703462e+01
      vertex   -2.143708e+01 5.825000e+00 1.690000e+01
    endloop
  endfacet
  facet normal 0.000000e+00 -1.000000e+00 0.000000e+00
    outer loop
      vertex   -2.083431e+01 5.825000e+00 1.907500e+01
      vertex   -2.143708e+01 5.825000e+00 1.690000e+01
      vertex   -2.137215e+01 5.825000e+00 1.674323e+01
    endloop
  endfacet
  facet normal 0.000000e+00 -1.000000e+00 -0.000000e+00
    outer loop
      vertex   -2.083431e+01 5.825000e+00 1.907500e+01
      vertex   -2.137215e+01 5.825000e+00 1.674323e+01
      vertex   -2.083431e+01 5.825000e+00 1.593991e+01
    endloop
  endfacet
  facet normal 0.000000e+00 -1.000000e+00 0.000000e+00
    outer loop
      vertex   -2.083431e+01 5.825000e+00 1.593991e+01
      vertex   -2.137215e+01 5.825000e+00 1.674323e+01
      vertex   -2.135000e+01 5.825000e+00 1.657500e+01
    endloop
  endfacet
  facet normal 0.000000e+00 -1.000000e+00 0.000000e+00
    outer loop
      vertex   -2.083431e+01 5.825000e+00 1.593991e+01
      vertex   -2.135000e+01 5.825000e+00 1.657500e+01
      vertex   -2.137215e+01 5.825000e+00 1.640677e+01
    endloop
  endfacet
  facet normal 0.000000e+00 -1.000000e+00 -0.000000e+00
    outer loop
      vertex   -2.137215e+01 5.825000e+00 1.640677e+01
      vertex   -2.143708e+01 5.825000e+00 1.625000e+01
      vertex   -2.083431e+01 5.825000e+00 1.593991e+01
    endloop
  endfacet
  facet normal 0.000000e+00 -1.000000e+00 0.000000e+00
    outer loop
      vertex   -2.083431e+01 5.825000e+00 1.593991e+01
      vertex   -2.143708e+01 5.825000e+00 1.625000e+01
      vertex   -2.154038e+01 5.825000e+00 1.611538e+01
    endloop
  endfacet
  facet normal -0.000000e+00 -1.000000e+00 0.000000e+00
    outer loop
      vertex   -2.083431e+01 5.825000e+00 1.593991e+01
      vertex   -2.154038e+01 5.825000e+00 1.611538e+01
      vertex   -2.193431e+01 5.825000e+00 1.530483e+01
    endloop
  endfacet
  facet normal 0.000000e+00 -1.000000e+00 0.000000e+00
    outer loop
      vertex   -2.193431e+01 5.825000e+00 1.530483e+01
      vertex   -2.154038e+01 5.825000e+00 1.611538e+01
      vertex   -2.167500e+01 5.825000e+00 1.601208e+01
    endloop
  endfacet
  facet normal 0.000000e+00 -1.000000e+00 0.000000e+00
    outer loop
      vertex   -2.193431e+01 5.825000e+00 1.530483e+01
      vertex   -2.167500e+01 5.825000e+00 1.601208e+01
      vertex   -2.183177e+01 5.825000e+00 1.594715e+01
    endloop
  endfacet
  facet normal 0.000000e+00 -1.000000e+00 0.000000e+00
    outer loop
      vertex   -2.183177e+01 5.825000e+00 1.594715e+01
      vertex   -2.200000e+01 5.825000e+00 1.592500e+01
      vertex   -2.193431e+01 5.825000e+00 1.530483e+01
    endloop
  endfacet
  facet normal 0.000000e+00 -1.000000e+00 0.000000e+00
    outer loop
      vertex   -2.193431e+01 5.825000e+00 1.530483e+01
      vertex   -2.200000e+01 5.825000e+00 1.592500e+01
      vertex   -2.216823e+01 5.825000e+00 1.594715e+01
    endloop
  endfacet
  facet normal 0.000000e+00 -1.000000e+00 0.000000e+00
    outer loop
      vertex   -2.193431e+01 5.825000e+00 1.530483e+01
      vertex   -2.216823e+01 5.825000e+00 1.594715e+01
      vertex   -2.232500e+01 5.825000e+00 1.601208e+01
    endloop
  endfacet
  facet normal 0.000000e+00 -1.000000e+00 0.000000e+00
    outer loop
      vertex   -2.193431e+01 5.825000e+00 1.530483e+01
      vertex   -2.232500e+01 5.825000e+00 1.601208e+01
      vertex   -2.303431e+01 5.825000e+00 1.593991e+01
    endloop
  endfacet
  facet normal 0.000000e+00 -1.000000e+00 0.000000e+00
    outer loop
      vertex   -2.303431e+01 5.825000e+00 1.593991e+01
      vertex   -2.232500e+01 5.825000e+00 1.601208e+01
      vertex   -2.245962e+01 5.825000e+00 1.611538e+01
    endloop
  endfacet
  facet normal 0.000000e+00 -1.000000e+00 0.000000e+00
    outer loop
      vertex   -2.303431e+01 5.825000e+00 1.593991e+01
      vertex   -2.245962e+01 5.825000e+00 1.611538e+01
      vertex   -2.256292e+01 5.825000e+00 1.625000e+01
    endloop
  endfacet
  facet normal -0.000000e+00 -1.000000e+00 0.000000e+00
    outer loop
      vertex   -2.256292e+01 5.825000e+00 1.625000e+01
      vertex   -2.262785e+01 5.825000e+00 1.640677e+01
      vertex   -2.303431e+01 5.825000e+00 1.593991e+01
    endloop
  endfacet
  facet normal 9.914449e-01 0.000000e+00 -1.305262e-01
    outer loop
      vertex   -2.262785e+01 8.300000e+00 1.674323e+01
      vertex   -2.262785e+01 5.825000e+00 1.674323e+01
      vertex   -2.265000e+01 8.300000e+00 1.657500e+01
    endloop
  endfacet
  facet normal 9.914449e-01 0.000000e+00 -1.305262e-01
    outer loop
      vertex   -2.265000e+01 8.300000e+00 1.657500e+01
      vertex   -2.262785e+01 5.825000e+00 1.674323e+01
      vertex   -2.265000e+01 5.825000e+00 1.657500e+01
    endloop
  endfacet
  facet normal 9.914449e-01 0.000000e+00 1.305262e-01
    outer loop
      vertex   -2.265000e+01 8.300000e+00 1.657500e+01
      vertex   -2.265000e+01 5.825000e+00 1.657500e+01
      vertex   -2.262785e+01 8.300000e+00 1.640677e+01
    endloop
  endfacet
  facet normal 9.914449e-01 0.000000e+00 1.305262e-01
    outer loop
      vertex   -2.262785e+01 8.300000e+00 1.640677e+01
      vertex   -2.265000e+01 5.825000e+00 1.657500e+01
      vertex   -2.262785e+01 5.825000e+00 1.640677e+01
    endloop
  endfacet
  facet normal 9.238795e-01 0.000000e+00 3.826834e-01
    outer loop
      vertex   -2.262785e+01 8.300000e+00 1.640677e+01
      vertex   -2.262785e+01 5.825000e+00 1.640677e+01
      vertex   -2.256292e+01 8.300000e+00 1.625000e+01
    endloop
  endfacet
  facet normal 9.238795e-01 0.000000e+00 3.826834e-01
    outer loop
      vertex   -2.256292e+01 8.300000e+00 1.625000e+01
      vertex   -2.262785e+01 5.825000e+00 1.640677e+01
      vertex   -2.256292e+01 5.825000e+00 1.625000e+01
    endloop
  endfacet
  facet normal 7.933533e-01 0.000000e+00 6.087614e-01
    outer loop
      vertex   -2.256292e+01 8.300000e+00 1.625000e+01
      vertex   -2.256292e+01 5.825000e+00 1.625000e+01
      vertex   -2.245962e+01 8.300000e+00 1.611538e+01
    endloop
  endfacet
  facet normal 7.933533e-01 0.000000e+00 6.087614e-01
    outer loop
      vertex   -2.245962e+01 8.300000e+00 1.611538e+01
      vertex   -2.256292e+01 5.825000e+00 1.625000e+01
      vertex   -2.245962e+01 5.825000e+00 1.611538e+01
    endloop
  endfacet
  facet normal 6.087614e-01 0.000000e+00 7.933533e-01
    outer loop
      vertex   -2.245962e+01 8.300000e+00 1.611538e+01
      vertex   -2.245962e+01 5.825000e+00 1.611538e+01
      vertex   -2.232500e+01 8.300000e+00 1.601208e+01
    endloop
  endfacet
  facet normal 6.087614e-01 0.000000e+00 7.933533e-01
    outer loop
      vertex   -2.232500e+01 8.300000e+00 1.601208e+01
      vertex   -2.245962e+01 5.825000e+00 1.611538e+01
      vertex   -2.232500e+01 5.825000e+00 1.601208e+01
    endloop
  endfacet
  facet normal 3.826834e-01 0.000000e+00 9.238795e-01
    outer loop
      vertex   -2.232500e+01 8.300000e+00 1.601208e+01
      vertex   -2.232500e+01 5.825000e+00 1.601208e+01
      vertex   -2.216823e+01 8.300000e+00 1.594715e+01
    endloop
  endfacet
  facet normal 3.826834e-01 0.000000e+00 9.238795e-01
    outer loop
      vertex   -2.216823e+01 8.300000e+00 1.594715e+01
      vertex   -2.232500e+01 5.825000e+00 1.601208e+01
      vertex   -2.216823e+01 5.825000e+00 1.594715e+01
    endloop
  endfacet
  facet normal 1.305262e-01 0.000000e+00 9.914449e-01
    outer loop
      vertex   -2.216823e+01 8.300000e+00 1.594715e+01
      vertex   -2.216823e+01 5.825000e+00 1.594715e+01
      vertex   -2.200000e+01 8.300000e+00 1.592500e+01
    endloop
  endfacet
  facet normal 1.305262e-01 0.000000e+00 9.914449e-01
    outer loop
      vertex   -2.200000e+01 8.300000e+00 1.592500e+01
      vertex   -2.216823e+01 5.825000e+00 1.594715e+01
      vertex   -2.200000e+01 5.825000e+00 1.592500e+01
    endloop
  endfacet
  facet normal -1.305262e-01 0.000000e+00 9.914449e-01
    outer loop
      vertex   -2.200000e+01 8.300000e+00 1.592500e+01
      vertex   -2.200000e+01 5.825000e+00 1.592500e+01
      vertex   -2.183177e+01 8.300000e+00 1.594715e+01
    endloop
  endfacet
  facet normal -1.305262e-01 0.000000e+00 9.914449e-01
    outer loop
      vertex   -2.183177e+01 8.300000e+00 1.594715e+01
      vertex   -2.200000e+01 5.825000e+00 1.592500e+01
      vertex   -2.183177e+01 5.825000e+00 1.594715e+01
    endloop
  endfacet
  facet normal -3.826834e-01 0.000000e+00 9.238795e-01
    outer loop
      vertex   -2.183177e+01 8.300000e+00 1.594715e+01
      vertex   -2.183177e+01 5.825000e+00 1.594715e+01
      vertex   -2.167500e+01 8.300000e+00 1.601208e+01
    endloop
  endfacet
  facet normal -3.826834e-01 0.000000e+00 9.238795e-01
    outer loop
      vertex   -2.167500e+01 8.300000e+00 1.601208e+01
      vertex   -2.183177e+01 5.825000e+00 1.594715e+01
      vertex   -2.167500e+01 5.825000e+00 1.601208e+01
    endloop
  endfacet
  facet normal -6.087614e-01 0.000000e+00 7.933533e-01
    outer loop
      vertex   -2.167500e+01 8.300000e+00 1.601208e+01
      vertex   -2.167500e+01 5.825000e+00 1.601208e+01
      vertex   -2.154038e+01 8.300000e+00 1.611538e+01
    endloop
  endfacet
  facet normal -6.087614e-01 0.000000e+00 7.933533e-01
    outer loop
      vertex   -2.154038e+01 8.300000e+00 1.611538e+01
      vertex   -2.167500e+01 5.825000e+00 1.601208e+01
      vertex   -2.154038e+01 5.825000e+00 1.611538e+01
    endloop
  endfacet
  facet normal -7.933533e-01 0.000000e+00 6.087614e-01
    outer loop
      vertex   -2.154038e+01 8.300000e+00 1.611538e+01
      vertex   -2.154038e+01 5.825000e+00 1.611538e+01
      vertex   -2.143708e+01 8.300000e+00 1.625000e+01
    endloop
  endfacet
  facet normal -7.933533e-01 0.000000e+00 6.087614e-01
    outer loop
      vertex   -2.143708e+01 8.300000e+00 1.625000e+01
      vertex   -2.154038e+01 5.825000e+00 1.611538e+01
      vertex   -2.143708e+01 5.825000e+00 1.625000e+01
    endloop
  endfacet
  facet normal -9.238795e-01 0.000000e+00 3.826834e-01
    outer loop
      vertex   -2.143708e+01 8.300000e+00 1.625000e+01
      vertex   -2.143708e+01 5.825000e+00 1.625000e+01
      vertex   -2.137215e+01 8.300000e+00 1.640677e+01
    endloop
  endfacet
  facet normal -9.238795e-01 0.000000e+00 3.826834e-01
    outer loop
      vertex   -2.137215e+01 8.300000e+00 1.640677e+01
      vertex   -2.143708e+01 5.825000e+00 1.625000e+01
      vertex   -2.137215e+01 5.825000e+00 1.640677e+01
    endloop
  endfacet
  facet normal -9.914449e-01 0.000000e+00 1.305262e-01
    outer loop
      vertex   -2.137215e+01 8.300000e+00 1.640677e+01
      vertex   -2.137215e+01 5.825000e+00 1.640677e+01
      vertex   -2.135000e+01 8.300000e+00 1.657500e+01
    endloop
  endfacet
  facet normal -9.914449e-01 0.000000e+00 1.305262e-01
    outer loop
      vertex   -2.135000e+01 8.300000e+00 1.657500e+01
      vertex   -2.137215e+01 5.825000e+00 1.640677e+01
      vertex   -2.135000e+01 5.825000e+00 1.657500e+01
    endloop
  endfacet
  facet normal -9.914449e-01 -0.000000e+00 -1.305262e-01
    outer loop
      vertex   -2.135000e+01 8.300000e+00 1.657500e+01
      vertex   -2.135000e+01 5.825000e+00 1.657500e+01
      vertex   -2.137215e+01 8.300000e+00 1.674323e+01
    endloop
  endfacet
  facet normal -9.914449e-01 -0.000000e+00 -1.305262e-01
    outer loop
      vertex   -2.137215e+01 8.300000e+00 1.674323e+01
      vertex   -2.135000e+01 5.825000e+00 1.657500e+01
      vertex   -2.137215e+01 5.825000e+00 1.674323e+01
    endloop
  endfacet
  facet normal -9.238795e-01 -0.000000e+00 -3.826834e-01
    outer loop
      vertex   -2.137215e+01 8.300000e+00 1.674323e+01
      vertex   -2.137215e+01 5.825000e+00 1.674323e+01
      vertex   -2.143708e+01 8.300000e+00 1.690000e+01
    endloop
  endfacet
  facet normal -9.238795e-01 -0.000000e+00 -3.826834e-01
    outer loop
      vertex   -2.143708e+01 8.300000e+00 1.690000e+01
      vertex   -2.137215e+01 5.825000e+00 1.674323e+01
      vertex   -2.143708e+01 5.825000e+00 1.690000e+01
    endloop
  endfacet
  facet normal -7.933533e-01 -0.000000e+00 -6.087614e-01
    outer loop
      vertex   -2.143708e+01 8.300000e+00 1.690000e+01
      vertex   -2.143708e+01 5.825000e+00 1.690000e+01
      vertex   -2.154038e+01 8.300000e+00 1.703462e+01
    endloop
  endfacet
  facet normal -7.933533e-01 -0.000000e+00 -6.087614e-01
    outer loop
      vertex   -2.154038e+01 8.300000e+00 1.703462e+01
      vertex   -2.143708e+01 5.825000e+00 1.690000e+01
      vertex   -2.154038e+01 5.825000e+00 1.703462e+01
    endloop
  endfacet
  facet normal -6.087614e-01 -0.000000e+00 -7.933533e-01
    outer loop
      vertex   -2.154038e+01 8.300000e+00 1.703462e+01
      vertex   -2.154038e+01 5.825000e+00 1.703462e+01
      vertex   -2.167500e+01 8.300000e+00 1.713792e+01
    endloop
  endfacet
  facet normal -6.087614e-01 -0.000000e+00 -7.933533e-01
    outer loop
      vertex   -2.167500e+01 8.300000e+00 1.713792e+01
      vertex   -2.154038e+01 5.825000e+00 1.703462e+01
      vertex   -2.167500e+01 5.825000e+00 1.713792e+01
    endloop
  endfacet
  facet normal -3.826834e-01 -0.000000e+00 -9.238795e-01
    outer loop
      vertex   -2.167500e+01 8.300000e+00 1.713792e+01
      vertex   -2.167500e+01 5.825000e+00 1.713792e+01
      vertex   -2.183177e+01 8.300000e+00 1.720285e+01
    endloop
  endfacet
  facet normal -3.826834e-01 -0.000000e+00 -9.238795e-01
    outer loop
      vertex   -2.183177e+01 8.300000e+00 1.720285e+01
      vertex   -2.167500e+01 5.825000e+00 1.713792e+01
      vertex   -2.183177e+01 5.825000e+00 1.720285e+01
    endloop
  endfacet
  facet normal -1.305262e-01 -0.000000e+00 -9.914449e-01
    outer loop
      vertex   -2.183177e+01 8.300000e+00 1.720285e+01
      vertex   -2.183177e+01 5.825000e+00 1.720285e+01
      vertex   -2.200000e+01 8.300000e+00 1.722500e+01
    endloop
  endfacet
  facet normal -1.305262e-01 -0.000000e+00 -9.914449e-01
    outer loop
      vertex   -2.200000e+01 8.300000e+00 1.722500e+01
      vertex   -2.183177e+01 5.825000e+00 1.720285e+01
      vertex   -2.200000e+01 5.825000e+00 1.722500e+01
    endloop
  endfacet
  facet normal 1.305262e-01 0.000000e+00 -9.914449e-01
    outer loop
      vertex   -2.200000e+01 8.300000e+00 1.722500e+01
      vertex   -2.200000e+01 5.825000e+00 1.722500e+01
      vertex   -2.216823e+01 8.300000e+00 1.720285e+01
    endloop
  endfacet
  facet normal 1.305262e-01 0.000000e+00 -9.914449e-01
    outer loop
      vertex   -2.216823e+01 8.300000e+00 1.720285e+01
      vertex   -2.200000e+01 5.825000e+00 1.722500e+01
      vertex   -2.216823e+01 5.825000e+00 1.720285e+01
    endloop
  endfacet
  facet normal 3.826834e-01 0.000000e+00 -9.238795e-01
    outer loop
      vertex   -2.216823e+01 8.300000e+00 1.720285e+01
      vertex   -2.216823e+01 5.825000e+00 1.720285e+01
      vertex   -2.232500e+01 8.300000e+00 1.713792e+01
    endloop
  endfacet
  facet normal 3.826834e-01 0.000000e+00 -9.238795e-01
    outer loop
      vertex   -2.232500e+01 8.300000e+00 1.713792e+01
      vertex   -2.216823e+01 5.825000e+00 1.720285e+01
      vertex   -2.232500e+01 5.825000e+00 1.713792e+01
    endloop
  endfacet
  facet normal 6.087614e-01 0.000000e+00 -7.933533e-01
    outer loop
      vertex   -2.232500e+01 8.300000e+00 1.713792e+01
      vertex   -2.232500e+01 5.825000e+00 1.713792e+01
      vertex   -2.245962e+01 8.300000e+00 1.703462e+01
    endloop
  endfacet
  facet normal 6.087614e-01 0.000000e+00 -7.933533e-01
    outer loop
      vertex   -2.245962e+01 8.300000e+00 1.703462e+01
      vertex   -2.232500e+01 5.825000e+00 1.713792e+01
      vertex   -2.245962e+01 5.825000e+00 1.703462e+01
    endloop
  endfacet
  facet normal 7.933533e-01 0.000000e+00 -6.087614e-01
    outer loop
      vertex   -2.245962e+01 8.300000e+00 1.703462e+01
      vertex   -2.245962e+01 5.825000e+00 1.703462e+01
      vertex   -2.256292e+01 8.300000e+00 1.690000e+01
    endloop
  endfacet
  facet normal 7.933533e-01 0.000000e+00 -6.087614e-01
    outer loop
      vertex   -2.256292e+01 8.300000e+00 1.690000e+01
      vertex   -2.245962e+01 5.825000e+00 1.703462e+01
      vertex   -2.256292e+01 5.825000e+00 1.690000e+01
    endloop
  endfacet
  facet normal 9.238795e-01 0.000000e+00 -3.826834e-01
    outer loop
      vertex   -2.256292e+01 8.300000e+00 1.690000e+01
      vertex   -2.256292e+01 5.825000e+00 1.690000e+01
      vertex   -2.262785e+01 8.300000e+00 1.674323e+01
    endloop
  endfacet
  facet normal 9.238795e-01 0.000000e+00 -3.826834e-01
    outer loop
      vertex   -2.262785e+01 8.300000e+00 1.674323e+01
      vertex   -2.256292e+01 5.825000e+00 1.690000e+01
      vertex   -2.262785e+01 5.825000e+00 1.674323e+01
    endloop
  endfacet
  facet normal 9.841564e-01 -1.773024e-01 -3.800463e-16
    outer loop
      vertex   -1.596863e+01 3.025000e+00 1.907500e+01
      vertex   -1.596863e+01 3.025000e+00 1.447500e+01
      vertex   -1.589360e+01 3.441434e+00 1.907500e+01
    endloop
  endfacet
  facet normal 9.841564e-01 -1.773024e-01 6.846790e-17
    outer loop
      vertex   -1.589360e+01 3.441434e+00 1.907500e+01
      vertex   -1.596863e+01 3.025000e+00 1.447500e+01
      vertex   -1.589360e+01 3.441434e+00 1.447500e+01
    endloop
  endfacet
  facet normal 9.599203e-01 -2.802731e-01 1.082315e-16
    outer loop
      vertex   -1.589360e+01 3.441434e+00 1.907500e+01
      vertex   -1.589360e+01 3.441434e+00 1.447500e+01
      vertex   -1.577501e+01 3.847612e+00 1.907500e+01
    endloop
  endfacet
  facet normal 9.599203e-01 -2.802731e-01 -6.331428e-16
    outer loop
      vertex   -1.577501e+01 3.847612e+00 1.907500e+01
      vertex   -1.589360e+01 3.441434e+00 1.447500e+01
      vertex   -1.577501e+01 3.847612e+00 1.447500e+01
    endloop
  endfacet
  facet normal 9.249423e-01 -3.801075e-01 -5.675758e-16
    outer loop
      vertex   -1.577501e+01 3.847612e+00 1.907500e+01
      vertex   -1.577501e+01 3.847612e+00 1.447500e+01
      vertex   -1.561417e+01 4.238991e+00 1.907500e+01
    endloop
  endfacet
  facet normal 9.249423e-01 -3.801075e-01 -6.361189e-17
    outer loop
      vertex   -1.561417e+01 4.238991e+00 1.907500e+01
      vertex   -1.577501e+01 3.847612e+00 1.447500e+01
      vertex   -1.561417e+01 4.238991e+00 1.447500e+01
    endloop
  endfacet
  facet normal 8.796139e-01 -4.756883e-01 2.771216e-17
    outer loop
      vertex   -1.561417e+01 4.238991e+00 1.907500e+01
      vertex   -1.561417e+01 4.238991e+00 1.447500e+01
      vertex   -1.541289e+01 4.611189e+00 1.907500e+01
    endloop
  endfacet
  facet normal 8.796139e-01 -4.756883e-01 9.184697e-17
    outer loop
      vertex   -1.541289e+01 4.611189e+00 1.907500e+01
      vertex   -1.561417e+01 4.238991e+00 1.447500e+01
      vertex   -1.541289e+01 4.611189e+00 1.447500e+01
    endloop
  endfacet
  facet normal 8.244424e-01 -5.659459e-01 1.092741e-16
    outer loop
      vertex   -1.541289e+01 4.611189e+00 1.907500e+01
      vertex   -1.541289e+01 4.611189e+00 1.447500e+01
      vertex   -1.517342e+01 4.960041e+00 1.907500e+01
    endloop
  endfacet
  facet normal 8.244424e-01 -5.659459e-01 -5.274667e-16
    outer loop
      vertex   -1.517342e+01 4.960041e+00 1.907500e+01
      vertex   -1.541289e+01 4.611189e+00 1.447500e+01
      vertex   -1.517342e+01 4.960041e+00 1.447500e+01
    endloop
  endfacet
  facet normal 7.600450e-01 -6.498705e-01 -4.615263e-16
    outer loop
      vertex   -1.517342e+01 4.960041e+00 1.907500e+01
      vertex   -1.517342e+01 4.960041e+00 1.447500e+01
      vertex   -1.489843e+01 5.281645e+00 1.907500e+01
    endloop
  endfacet
  facet normal 7.600450e-01 -6.498705e-01 1.254785e-16
    outer loop
      vertex   -1.489843e+01 5.281645e+00 1.907500e+01
      vertex   -1.517342e+01 4.960041e+00 1.447500e+01
      vertex   -1.489843e+01 5.281645e+00 1.447500e+01
    endloop
  endfacet
  facet normal 6.871424e-01 -7.265228e-01 1.402787e-16
    outer loop
      vertex   -1.489843e+01 5.281645e+00 1.907500e+01
      vertex   -1.489843e+01 5.281645e+00 1.447500e+01
      vertex   -1.459101e+01 5.572401e+00 1.907500e+01
    endloop
  endfacet
  facet normal 6.871424e-01 -7.265228e-01 1.554860e-16
    outer loop
      vertex   -1.459101e+01 5.572401e+00 1.907500e+01
      vertex   -1.489843e+01 5.281645e+00 1.447500e+01
      vertex   -1.459101e+01 5.572401e+00 1.447500e+01
    endloop
  endfacet
  facet normal 6.065505e-01 -7.950450e-01 2.262990e-16
    outer loop
      vertex   -1.459101e+01 5.572401e+00 1.907500e+01
      vertex   -1.459101e+01 5.572401e+00 1.447500e+01
      vertex   -1.425460e+01 5.829056e+00 1.907500e+01
    endloop
  endfacet
  facet normal 6.065505e-01 -7.950450e-01 0.000000e+00
    outer loop
      vertex   -1.425460e+01 5.829056e+00 1.907500e+01
      vertex   -1.459101e+01 5.572401e+00 1.447500e+01
      vertex   -1.425460e+01 5.829056e+00 1.447500e+01
    endloop
  endfacet
  facet normal 5.191710e-01 -8.546704e-01 0.000000e+00
    outer loop
      vertex   -1.425460e+01 5.829056e+00 1.907500e+01
      vertex   -1.425460e+01 5.829056e+00 1.447500e+01
      vertex   -1.389296e+01 6.048737e+00 1.907500e+01
    endloop
  endfacet
  facet normal 5.191710e-01 -8.546704e-01 2.945796e-16
    outer loop
      vertex   -1.389296e+01 6.048737e+00 1.907500e+01
      vertex   -1.425460e+01 5.829056e+00 1.447500e+01
      vertex   -1.389296e+01 6.048737e+00 1.447500e+01
    endloop
  endfacet
  facet normal 4.259819e-01 -9.047317e-01 3.595638e-16
    outer loop
      vertex   -1.389296e+01 6.048737e+00 1.907500e+01
      vertex   -1.389296e+01 6.048737e+00 1.447500e+01
      vertex   -1.351013e+01 6.228986e+00 1.907500e+01
    endloop
  endfacet
  facet normal 4.259819e-01 -9.047317e-01 1.018855e-17
    outer loop
      vertex   -1.351013e+01 6.228986e+00 1.907500e+01
      vertex   -1.389296e+01 6.048737e+00 1.447500e+01
      vertex   -1.351013e+01 6.228986e+00 1.447500e+01
    endloop
  endfacet
  facet normal 3.280259e-01 -9.446687e-01 5.572683e-17
    outer loop
      vertex   -1.351013e+01 6.228986e+00 1.907500e+01
      vertex   -1.351013e+01 6.228986e+00 1.447500e+01
      vertex   -1.311040e+01 6.367786e+00 1.907500e+01
    endloop
  endfacet
  facet normal 3.280259e-01 -9.446687e-01 -1.266719e-16
    outer loop
      vertex   -1.311040e+01 6.367786e+00 1.907500e+01
      vertex   -1.351013e+01 6.228986e+00 1.447500e+01
      vertex   -1.311040e+01 6.367786e+00 1.447500e+01
    endloop
  endfacet
  facet normal 2.263991e-01 -9.740346e-01 -8.742730e-17
    outer loop
      vertex   -1.311040e+01 6.367786e+00 1.907500e+01
      vertex   -1.311040e+01 6.367786e+00 1.447500e+01
      vertex   -1.269825e+01 6.463584e+00 1.907500e+01
    endloop
  endfacet
  facet normal 2.263991e-01 -9.740346e-01 -1.748546e-16
    outer loop
      vertex   -1.269825e+01 6.463584e+00 1.907500e+01
      vertex   -1.311040e+01 6.367786e+00 1.447500e+01
      vertex   -1.269825e+01 6.463584e+00 1.447500e+01
    endloop
  endfacet
  facet normal 1.222388e-01 -9.925007e-01 -9.440861e-17
    outer loop
      vertex   -1.269825e+01 6.463584e+00 1.907500e+01
      vertex   -1.269825e+01 6.463584e+00 1.447500e+01
      vertex   -1.227829e+01 6.515308e+00 1.907500e+01
    endloop
  endfacet
  facet normal 1.222388e-01 -9.925007e-01 -9.440861e-17
    outer loop
      vertex   -1.227829e+01 6.515308e+00 1.907500e+01
      vertex   -1.269825e+01 6.463584e+00 1.447500e+01
      vertex   -1.227829e+01 6.515308e+00 1.447500e+01
    endloop
  endfacet
  facet normal 1.671070e-02 -9.998604e-01 -1.290616e-17
    outer loop
      vertex   -1.227829e+01 6.515308e+00 1.907500e+01
      vertex   -1.227829e+01 6.515308e+00 1.447500e+01
      vertex   -1.185521e+01 6.522379e+00 1.907500e+01
    endloop
  endfacet
  facet normal 1.671070e-02 -9.998604e-01 -1.290616e-17
    outer loop
      vertex   -1.185521e+01 6.522379e+00 1.907500e+01
      vertex   -1.227829e+01 6.515308e+00 1.447500e+01
      vertex   -1.185521e+01 6.522379e+00 1.447500e+01
    endloop
  endfacet
  facet normal -8.900445e-02 -9.960312e-01 6.874072e-17
    outer loop
      vertex   -1.185521e+01 6.522379e+00 1.907500e+01
      vertex   -1.185521e+01 6.522379e+00 1.447500e+01
      vertex   -1.143375e+01 6.484717e+00 1.907500e+01
    endloop
  endfacet
  facet normal -8.900445e-02 -9.960312e-01 3.437036e-17
    outer loop
      vertex   -1.143375e+01 6.484717e+00 1.907500e+01
      vertex   -1.185521e+01 6.522379e+00 1.447500e+01
      vertex   -1.143375e+01 6.484717e+00 1.447500e+01
    endloop
  endfacet
  facet normal -1.937236e-01 -9.810561e-01 7.480918e-17
    outer loop
      vertex   -1.143375e+01 6.484717e+00 1.907500e+01
      vertex   -1.143375e+01 6.484717e+00 1.447500e+01
      vertex   -1.101863e+01 6.402746e+00 1.907500e+01
    endloop
  endfacet
  facet normal -1.937236e-01 -9.810561e-01 -1.894245e-16
    outer loop
      vertex   -1.101863e+01 6.402746e+00 1.907500e+01
      vertex   -1.143375e+01 6.484717e+00 1.447500e+01
      vertex   -1.101863e+01 6.402746e+00 1.447500e+01
    endloop
  endfacet
  facet normal -2.962749e-01 -9.551027e-01 -1.844134e-16
    outer loop
      vertex   -1.101863e+01 6.402746e+00 1.907500e+01
      vertex   -1.101863e+01 6.402746e+00 1.447500e+01
      vertex   -1.061449e+01 6.277381e+00 1.907500e+01
    endloop
  endfacet
  facet normal -2.962749e-01 -9.551027e-01 -0.000000e+00
    outer loop
      vertex   -1.061449e+01 6.277381e+00 1.907500e+01
      vertex   -1.101863e+01 6.402746e+00 1.447500e+01
      vertex   -1.061449e+01 6.277381e+00 1.447500e+01
    endloop
  endfacet
  facet normal -3.955108e-01 -9.184613e-01 -0.000000e+00
    outer loop
      vertex   -1.061449e+01 6.277381e+00 1.907500e+01
      vertex   -1.061449e+01 6.277381e+00 1.447500e+01
      vertex   -1.022585e+01 6.110025e+00 1.907500e+01
    endloop
  endfacet
  facet normal -3.955108e-01 -9.184613e-01 -2.460635e-17
    outer loop
      vertex   -1.022585e+01 6.110025e+00 1.907500e+01
      vertex   -1.061449e+01 6.277381e+00 1.447500e+01
      vertex   -1.022585e+01 6.110025e+00 1.447500e+01
    endloop
  endfacet
  facet normal -4.903208e-01 -8.715420e-01 2.106519e-17
    outer loop
      vertex   -1.022585e+01 6.110025e+00 1.907500e+01
      vertex   -1.022585e+01 6.110025e+00 1.447500e+01
      vertex   -9.857071e+00 5.902552e+00 1.907500e+01
    endloop
  endfacet
  facet normal -4.903208e-01 -8.715420e-01 1.893445e-16
    outer loop
      vertex   -9.857071e+00 5.902552e+00 1.907500e+01
      vertex   -1.022585e+01 6.110025e+00 1.447500e+01
      vertex   -9.857071e+00 5.902552e+00 1.447500e+01
    endloop
  endfacet
  facet normal -5.796439e-01 -8.148699e-01 2.238379e-16
    outer loop
      vertex   -9.857071e+00 5.902552e+00 1.907500e+01
      vertex   -9.857071e+00 5.902552e+00 1.447500e+01
      vertex   -9.512269e+00 5.657282e+00 1.907500e+01
    endloop
  endfacet
  facet normal -5.796439e-01 -8.148699e-01 -1.573369e-16
    outer loop
      vertex   -9.512269e+00 5.657282e+00 1.907500e+01
      vertex   -9.857071e+00 5.902552e+00 1.447500e+01
      vertex   -9.512269e+00 5.657282e+00 1.447500e+01
    endloop
  endfacet
  facet normal -6.624806e-01 -7.490790e-01 -1.446339e-16
    outer loop
      vertex   -9.512269e+00 5.657282e+00 1.907500e+01
      vertex   -9.512269e+00 5.657282e+00 1.447500e+01
      vertex   -9.195305e+00 5.376962e+00 1.907500e+01
    endloop
  endfacet
  facet normal -6.624806e-01 -7.490790e-01 -1.446339e-16
    outer loop
      vertex   -9.195305e+00 5.376962e+00 1.907500e+01
      vertex   -9.512269e+00 5.657282e+00 1.447500e+01
      vertex   -9.195305e+00 5.376962e+00 1.447500e+01
    endloop
  endfacet
  facet normal -7.379039e-01 -6.749058e-01 -1.303123e-16
    outer loop
      vertex   -9.195305e+00 5.376962e+00 1.907500e+01
      vertex   -9.195305e+00 5.376962e+00 1.447500e+01
      vertex   -8.909727e+00 5.064727e+00 1.907500e+01
    endloop
  endfacet
  facet normal -7.379039e-01 -6.749058e-01 2.432766e-17
    outer loop
      vertex   -8.909727e+00 5.064727e+00 1.907500e+01
      vertex   -9.195305e+00 5.376962e+00 1.447500e+01
      vertex   -8.909727e+00 5.064727e+00 1.447500e+01
    endloop
  endfacet
  facet normal -8.050698e-01 -5.931800e-01 8.182433e-17
    outer loop
      vertex   -8.909727e+00 5.064727e+00 1.907500e+01
      vertex   -8.909727e+00 5.064727e+00 1.447500e+01
      vertex   -8.658730e+00 4.724071e+00 1.907500e+01
    endloop
  endfacet
  facet normal -8.050698e-01 -5.931800e-01 8.182433e-17
    outer loop
      vertex   -8.658730e+00 4.724071e+00 1.907500e+01
      vertex   -8.909727e+00 5.064727e+00 1.447500e+01
      vertex   -8.658730e+00 4.724071e+00 1.447500e+01
    endloop
  endfacet
  facet normal -8.632267e-01 -5.048164e-01 1.384054e-16
    outer loop
      vertex   -8.658730e+00 4.724071e+00 1.907500e+01
      vertex   -8.658730e+00 4.724071e+00 1.447500e+01
      vertex   -8.445123e+00 4.358807e+00 1.907500e+01
    endloop
  endfacet
  facet normal -8.632267e-01 -5.048164e-01 -1.949422e-16
    outer loop
      vertex   -8.445123e+00 4.358807e+00 1.907500e+01
      vertex   -8.658730e+00 4.724071e+00 1.447500e+01
      vertex   -8.445123e+00 4.358807e+00 1.447500e+01
    endloop
  endfacet
  facet normal -9.117238e-01 -4.108037e-01 -1.586378e-16
    outer loop
      vertex   -8.445123e+00 4.358807e+00 1.907500e+01
      vertex   -8.445123e+00 4.358807e+00 1.447500e+01
      vertex   -8.271296e+00 3.973022e+00 1.907500e+01
    endloop
  endfacet
  facet normal -9.117238e-01 -4.108037e-01 1.537781e-16
    outer loop
      vertex   -8.271296e+00 3.973022e+00 1.907500e+01
      vertex   -8.445123e+00 4.358807e+00 1.447500e+01
      vertex   -8.271296e+00 3.973022e+00 1.447500e+01
    endloop
  endfacet
  facet normal -9.500184e-01 -3.121940e-01 2.161656e-16
    outer loop
      vertex   -8.271296e+00 3.973022e+00 1.907500e+01
      vertex   -8.271296e+00 3.973022e+00 1.447500e+01
      vertex   -8.139195e+00 3.571034e+00 1.907500e+01
    endloop
  endfacet
  facet normal -9.500184e-01 -3.121940e-01 -1.808374e-16
    outer loop
      vertex   -8.139195e+00 3.571034e+00 1.907500e+01
      vertex   -8.271296e+00 3.973022e+00 1.447500e+01
      vertex   -8.139195e+00 3.571034e+00 1.447500e+01
    endloop
  endfacet
  facet normal -9.776819e-01 -2.100907e-01 -1.216944e-16
    outer loop
      vertex   -8.139195e+00 3.571034e+00 1.907500e+01
      vertex   -8.139195e+00 3.571034e+00 1.447500e+01
      vertex   -8.050298e+00 3.157339e+00 1.907500e+01
    endloop
  endfacet
  facet normal -9.776819e-01 -2.100907e-01 -8.112957e-17
    outer loop
      vertex   -8.050298e+00 3.157339e+00 1.907500e+01
      vertex   -8.139195e+00 3.571034e+00 1.447500e+01
      vertex   -8.050298e+00 3.157339e+00 1.447500e+01
    endloop
  endfacet
  facet normal -9.944048e-01 -1.056364e-01 -4.079303e-17
    outer loop
      vertex   -8.050298e+00 3.157339e+00 1.907500e+01
      vertex   -8.050298e+00 3.157339e+00 1.447500e+01
      vertex   -8.005599e+00 2.736569e+00 1.907500e+01
    endloop
  endfacet
  facet normal -9.944048e-01 -1.056364e-01 -4.079303e-17
    outer loop
      vertex   -8.005599e+00 2.736569e+00 1.907500e+01
      vertex   -8.050298e+00 3.157339e+00 1.447500e+01
      vertex   -8.005599e+00 2.736569e+00 1.447500e+01
    endloop
  endfacet
  facet normal -1.000000e+00 -0.000000e+00 -0.000000e+00
    outer loop
      vertex   -8.005599e+00 2.736569e+00 1.907500e+01
      vertex   -8.005599e+00 2.736569e+00 1.447500e+01
      vertex   -8.005599e+00 2.313431e+00 1.907500e+01
    endloop
  endfacet
  facet normal -1.000000e+00 0.000000e+00 0.000000e+00
    outer loop
      vertex   -8.005599e+00 2.313431e+00 1.907500e+01
      vertex   -8.005599e+00 2.736569e+00 1.447500e+01
      vertex   -8.005599e+00 2.313431e+00 1.447500e+01
    endloop
  endfacet
  facet normal -9.944048e-01 1.056364e-01 4.079303e-17
    outer loop
      vertex   -8.005599e+00 2.313431e+00 1.907500e+01
      vertex   -8.005599e+00 2.313431e+00 1.447500e+01
      vertex   -8.050298e+00 1.892661e+00 1.907500e+01
    endloop
  endfacet
  facet normal -9.944048e-01 1.056364e-01 4.589216e-17
    outer loop
      vertex   -8.050298e+00 1.892661e+00 1.907500e+01
      vertex   -8.005599e+00 2.313431e+00 1.447500e+01
      vertex   -8.050298e+00 1.892661e+00 1.447500e+01
    endloop
  endfacet
  facet normal -9.776819e-01 2.100907e-01 9.127076e-17
    outer loop
      vertex   -8.050298e+00 1.892661e+00 1.907500e+01
      vertex   -8.050298e+00 1.892661e+00 1.447500e+01
      vertex   -8.139195e+00 1.478966e+00 1.907500e+01
    endloop
  endfacet
  facet normal -9.776819e-01 2.100907e-01 -2.862753e-16
    outer loop
      vertex   -8.139195e+00 1.478966e+00 1.907500e+01
      vertex   -8.050298e+00 1.892661e+00 1.447500e+01
      vertex   -8.139195e+00 1.478966e+00 1.447500e+01
    endloop
  endfacet
  facet normal -9.500184e-01 3.121940e-01 -2.312354e-16
    outer loop
      vertex   -8.139195e+00 1.478966e+00 1.907500e+01
      vertex   -8.139195e+00 1.478966e+00 1.447500e+01
      vertex   -8.271296e+00 1.076978e+00 1.907500e+01
    endloop
  endfacet
  facet normal -9.500184e-01 3.121940e-01 1.205582e-16
    outer loop
      vertex   -8.271296e+00 1.076978e+00 1.907500e+01
      vertex   -8.139195e+00 1.478966e+00 1.447500e+01
      vertex   -8.271296e+00 1.076978e+00 1.447500e+01
    endloop
  endfacet
  facet normal -9.117238e-01 4.108037e-01 1.586378e-16
    outer loop
      vertex   -8.271296e+00 1.076978e+00 1.907500e+01
      vertex   -8.271296e+00 1.076978e+00 1.447500e+01
      vertex   -8.445123e+00 6.911929e-01 1.907500e+01
    endloop
  endfacet
  facet normal -9.117238e-01 4.108037e-01 -2.033524e-16
    outer loop
      vertex   -8.445123e+00 6.911929e-01 1.907500e+01
      vertex   -8.271296e+00 1.076978e+00 1.447500e+01
      vertex   -8.445123e+00 6.911929e-01 1.447500e+01
    endloop
  endfacet
  facet normal -8.632267e-01 5.048164e-01 -1.505892e-16
    outer loop
      vertex   -8.445123e+00 6.911929e-01 1.907500e+01
      vertex   -8.445123e+00 6.911929e-01 1.447500e+01
      vertex   -8.658730e+00 3.259289e-01 1.907500e+01
    endloop
  endfacet
  facet normal -8.632267e-01 5.048164e-01 1.522986e-16
    outer loop
      vertex   -8.658730e+00 3.259289e-01 1.907500e+01
      vertex   -8.445123e+00 6.911929e-01 1.447500e+01
      vertex   -8.658730e+00 3.259289e-01 1.447500e+01
    endloop
  endfacet
  facet normal -8.050698e-01 5.931800e-01 1.789571e-16
    outer loop
      vertex   -8.658730e+00 3.259289e-01 1.907500e+01
      vertex   -8.658730e+00 3.259289e-01 1.447500e+01
      vertex   -8.909727e+00 -1.472660e-02 1.907500e+01
    endloop
  endfacet
  facet normal -8.050698e-01 5.931800e-01 -9.614090e-17
    outer loop
      vertex   -8.909727e+00 -1.472660e-02 1.907500e+01
      vertex   -8.658730e+00 3.259289e-01 1.447500e+01
      vertex   -8.909727e+00 -1.472660e-02 1.447500e+01
    endloop
  endfacet
  facet normal -7.379039e-01 6.749058e-01 -4.061671e-17
    outer loop
      vertex   -8.909727e+00 -1.472660e-02 1.907500e+01
      vertex   -8.909727e+00 -1.472660e-02 1.447500e+01
      vertex   -9.195305e+00 -3.269617e-01 1.907500e+01
    endloop
  endfacet
  facet normal -7.379039e-01 6.749058e-01 -4.061671e-17
    outer loop
      vertex   -9.195305e+00 -3.269617e-01 1.907500e+01
      vertex   -8.909727e+00 -1.472660e-02 1.447500e+01
      vertex   -9.195305e+00 -3.269617e-01 1.447500e+01
    endloop
  endfacet
  facet normal -6.624806e-01 7.490790e-01 1.536200e-17
    outer loop
      vertex   -9.195305e+00 -3.269617e-01 1.907500e+01
      vertex   -9.195305e+00 -3.269617e-01 1.447500e+01
      vertex   -9.512269e+00 -6.072823e-01 1.907500e+01
    endloop
  endfacet
  facet normal -6.624806e-01 7.490790e-01 2.711885e-16
    outer loop
      vertex   -9.512269e+00 -6.072823e-01 1.907500e+01
      vertex   -9.195305e+00 -3.269617e-01 1.447500e+01
      vertex   -9.512269e+00 -6.072823e-01 1.447500e+01
    endloop
  endfacet
  facet normal -5.796439e-01 8.148699e-01 2.950067e-16
    outer loop
      vertex   -9.512269e+00 -6.072823e-01 1.907500e+01
      vertex   -9.512269e+00 -6.072823e-01 1.447500e+01
      vertex   -9.857071e+00 -8.525516e-01 1.907500e+01
    endloop
  endfacet
  facet normal -5.796439e-01 8.148699e-01 1.966712e-16
    outer loop
      vertex   -9.857071e+00 -8.525516e-01 1.907500e+01
      vertex   -9.512269e+00 -6.072823e-01 1.447500e+01
      vertex   -9.857071e+00 -8.525516e-01 1.447500e+01
    endloop
  endfacet
  facet normal -4.903208e-01 8.715420e-01 2.103491e-16
    outer loop
      vertex   -9.857071e+00 -8.525516e-01 1.907500e+01
      vertex   -9.857071e+00 -8.525516e-01 1.447500e+01
      vertex   -1.022585e+01 -1.060025e+00 1.907500e+01
    endloop
  endfacet
  facet normal -4.903208e-01 8.715420e-01 1.682793e-16
    outer loop
      vertex   -1.022585e+01 -1.060025e+00 1.907500e+01
      vertex   -9.857071e+00 -8.525516e-01 1.447500e+01
      vertex   -1.022585e+01 -1.060025e+00 1.447500e+01
    endloop
  endfacet
  facet normal -3.955108e-01 9.184613e-01 1.773386e-16
    outer loop
      vertex   -1.022585e+01 -1.060025e+00 1.907500e+01
      vertex   -1.022585e+01 -1.060025e+00 1.447500e+01
      vertex   -1.061449e+01 -1.227381e+00 1.907500e+01
    endloop
  endfacet
  facet normal -3.955108e-01 9.184613e-01 -6.406295e-17
    outer loop
      vertex   -1.061449e+01 -1.227381e+00 1.907500e+01
      vertex   -1.022585e+01 -1.060025e+00 1.447500e+01
      vertex   -1.061449e+01 -1.227381e+00 1.447500e+01
    endloop
  endfacet
  facet normal -2.962749e-01 9.551027e-01 -2.220417e-17
    outer loop
      vertex   -1.061449e+01 -1.227381e+00 1.907500e+01
      vertex   -1.061449e+01 -1.227381e+00 1.447500e+01
      vertex   -1.101863e+01 -1.352746e+00 1.907500e+01
    endloop
  endfacet
  facet normal -2.962749e-01 9.551027e-01 -1.144109e-16
    outer loop
      vertex   -1.101863e+01 -1.352746e+00 1.907500e+01
      vertex   -1.061449e+01 -1.227381e+00 1.447500e+01
      vertex   -1.101863e+01 -1.352746e+00 1.447500e+01
    endloop
  endfacet
  facet normal -1.937236e-01 9.810561e-01 -7.480918e-17
    outer loop
      vertex   -1.101863e+01 -1.352746e+00 1.907500e+01
      vertex   -1.101863e+01 -1.352746e+00 1.447500e+01
      vertex   -1.143375e+01 -1.434717e+00 1.907500e+01
    endloop
  endfacet
  facet normal -1.937236e-01 9.810561e-01 6.725923e-17
    outer loop
      vertex   -1.143375e+01 -1.434717e+00 1.907500e+01
      vertex   -1.101863e+01 -1.352746e+00 1.447500e+01
      vertex   -1.143375e+01 -1.434717e+00 1.447500e+01
    endloop
  endfacet
  facet normal -8.900445e-02 9.960312e-01 1.098666e-16
    outer loop
      vertex   -1.143375e+01 -1.434717e+00 1.907500e+01
      vertex   -1.143375e+01 -1.434717e+00 1.447500e+01
      vertex   -1.185521e+01 -1.472379e+00 1.907500e+01
    endloop
  endfacet
  facet normal -8.900445e-02 9.960312e-01 -3.437036e-17
    outer loop
      vertex   -1.185521e+01 -1.472379e+00 1.907500e+01
      vertex   -1.143375e+01 -1.434717e+00 1.447500e+01
      vertex   -1.185521e+01 -1.472379e+00 1.447500e+01
    endloop
  endfacet
  facet normal 1.671070e-02 9.998604e-01 6.453078e-18
    outer loop
      vertex   -1.185521e+01 -1.472379e+00 1.907500e+01
      vertex   -1.185521e+01 -1.472379e+00 1.447500e+01
      vertex   -1.227829e+01 -1.465308e+00 1.907500e+01
    endloop
  endfacet
  facet normal 1.671070e-02 9.998604e-01 6.453078e-18
    outer loop
      vertex   -1.227829e+01 -1.465308e+00 1.907500e+01
      vertex   -1.185521e+01 -1.472379e+00 1.447500e+01
      vertex   -1.227829e+01 -1.465308e+00 1.447500e+01
    endloop
  endfacet
  facet normal 1.222388e-01 9.925007e-01 4.720430e-17
    outer loop
      vertex   -1.227829e+01 -1.465308e+00 1.907500e+01
      vertex   -1.227829e+01 -1.465308e+00 1.447500e+01
      vertex   -1.269825e+01 -1.413584e+00 1.907500e+01
    endloop
  endfacet
  facet normal 1.222388e-01 9.925007e-01 -4.861284e-17
    outer loop
      vertex   -1.269825e+01 -1.413584e+00 1.907500e+01
      vertex   -1.227829e+01 -1.465308e+00 1.447500e+01
      vertex   -1.269825e+01 -1.413584e+00 1.447500e+01
    endloop
  endfacet
  facet normal 2.263991e-01 9.740346e-01 -6.607108e-18
    outer loop
      vertex   -1.269825e+01 -1.413584e+00 1.907500e+01
      vertex   -1.269825e+01 -1.413584e+00 1.447500e+01
      vertex   -1.311040e+01 -1.317786e+00 1.907500e+01
    endloop
  endfacet
  facet normal 2.263991e-01 9.740346e-01 0.000000e+00
    outer loop
      vertex   -1.311040e+01 -1.317786e+00 1.907500e+01
      vertex   -1.269825e+01 -1.413584e+00 1.447500e+01
      vertex   -1.311040e+01 -1.317786e+00 1.447500e+01
    endloop
  endfacet
  facet normal 3.280259e-01 9.446687e-01 0.000000e+00
    outer loop
      vertex   -1.311040e+01 -1.317786e+00 1.907500e+01
      vertex   -1.311040e+01 -1.317786e+00 1.447500e+01
      vertex   -1.351013e+01 -1.178986e+00 1.907500e+01
    endloop
  endfacet
  facet normal 3.280259e-01 9.446687e-01 -9.119939e-17
    outer loop
      vertex   -1.351013e+01 -1.178986e+00 1.907500e+01
      vertex   -1.311040e+01 -1.317786e+00 1.447500e+01
      vertex   -1.351013e+01 -1.178986e+00 1.447500e+01
    endloop
  endfacet
  facet normal 4.259819e-01 9.047317e-01 -8.734382e-17
    outer loop
      vertex   -1.351013e+01 -1.178986e+00 1.907500e+01
      vertex   -1.351013e+01 -1.178986e+00 1.447500e+01
      vertex   -1.389296e+01 -9.987365e-01 1.907500e+01
    endloop
  endfacet
  facet normal 4.259819e-01 9.047317e-01 -2.183596e-16
    outer loop
      vertex   -1.389296e+01 -9.987365e-01 1.907500e+01
      vertex   -1.351013e+01 -1.178986e+00 1.447500e+01
      vertex   -1.389296e+01 -9.987365e-01 1.447500e+01
    endloop
  endfacet
  facet normal 5.191710e-01 8.546704e-01 -2.062771e-16
    outer loop
      vertex   -1.389296e+01 -9.987365e-01 1.907500e+01
      vertex   -1.389296e+01 -9.987365e-01 1.447500e+01
      vertex   -1.425460e+01 -7.790556e-01 1.907500e+01
    endloop
  endfacet
  facet normal 5.191710e-01 8.546704e-01 9.734688e-17
    outer loop
      vertex   -1.425460e+01 -7.790556e-01 1.907500e+01
      vertex   -1.389296e+01 -9.987365e-01 1.447500e+01
      vertex   -1.425460e+01 -7.790556e-01 1.447500e+01
    endloop
  endfacet
  facet normal 6.065505e-01 7.950450e-01 1.382851e-16
    outer loop
      vertex   -1.425460e+01 -7.790556e-01 1.907500e+01
      vertex   -1.425460e+01 -7.790556e-01 1.447500e+01
      vertex   -1.459101e+01 -5.224011e-01 1.907500e+01
    endloop
  endfacet
  facet normal 6.065505e-01 7.950450e-01 1.806270e-16
    outer loop
      vertex   -1.459101e+01 -5.224011e-01 1.907500e+01
      vertex   -1.425460e+01 -7.790556e-01 1.447500e+01
      vertex   -1.459101e+01 -5.224011e-01 1.447500e+01
    endloop
  endfacet
  facet normal 6.871424e-01 7.265228e-01 2.676776e-16
    outer loop
      vertex   -1.459101e+01 -5.224011e-01 1.907500e+01
      vertex   -1.459101e+01 -5.224011e-01 1.447500e+01
      vertex   -1.489843e+01 -2.316452e-01 1.907500e+01
    endloop
  endfacet
  facet normal 6.871424e-01 7.265228e-01 -1.753483e-16
    outer loop
      vertex   -1.489843e+01 -2.316452e-01 1.907500e+01
      vertex   -1.459101e+01 -5.224011e-01 1.447500e+01
      vertex   -1.489843e+01 -2.316452e-01 1.447500e+01
    endloop
  endfacet
  facet normal 7.600450e-01 6.498705e-01 -1.568481e-16
    outer loop
      vertex   -1.489843e+01 -2.316452e-01 1.907500e+01
      vertex   -1.489843e+01 -2.316452e-01 1.447500e+01
      vertex   -1.517342e+01 8.995864e-02 1.907500e+01
    endloop
  endfacet
  facet normal 7.600450e-01 6.498705e-01 -2.352721e-16
    outer loop
      vertex   -1.517342e+01 8.995864e-02 1.907500e+01
      vertex   -1.489843e+01 -2.316452e-01 1.447500e+01
      vertex   -1.517342e+01 8.995864e-02 1.447500e+01
    endloop
  endfacet
  facet normal 8.244424e-01 5.659459e-01 -2.048890e-16
    outer loop
      vertex   -1.517342e+01 8.995864e-02 1.907500e+01
      vertex   -1.517342e+01 8.995864e-02 1.447500e+01
      vertex   -1.541289e+01 4.388114e-01 1.907500e+01
    endloop
  endfacet
  facet normal 8.244424e-01 5.659459e-01 -1.707408e-16
    outer loop
      vertex   -1.541289e+01 4.388114e-01 1.907500e+01
      vertex   -1.517342e+01 8.995864e-02 1.447500e+01
      vertex   -1.541289e+01 4.388114e-01 1.447500e+01
    endloop
  endfacet
  facet normal 8.796139e-01 4.756883e-01 -1.435109e-16
    outer loop
      vertex   -1.541289e+01 4.388114e-01 1.907500e+01
      vertex   -1.541289e+01 4.388114e-01 1.447500e+01
      vertex   -1.561417e+01 8.110094e-01 1.907500e+01
    endloop
  endfacet
  facet normal 8.796139e-01 4.756883e-01 -1.607322e-16
    outer loop
      vertex   -1.561417e+01 8.110094e-01 1.907500e+01
      vertex   -1.541289e+01 4.388114e-01 1.447500e+01
      vertex   -1.561417e+01 8.110094e-01 1.447500e+01
    endloop
  endfacet
  facet normal 9.249423e-01 3.801075e-01 -1.284360e-16
    outer loop
      vertex   -1.561417e+01 8.110094e-01 1.907500e+01
      vertex   -1.561417e+01 8.110094e-01 1.447500e+01
      vertex   -1.577501e+01 1.202388e+00 1.907500e+01
    endloop
  endfacet
  facet normal 9.249423e-01 3.801075e-01 -1.467840e-16
    outer loop
      vertex   -1.577501e+01 1.202388e+00 1.907500e+01
      vertex   -1.561417e+01 8.110094e-01 1.447500e+01
      vertex   -1.577501e+01 1.202388e+00 1.447500e+01
    endloop
  endfacet
  facet normal 9.599203e-01 2.802731e-01 -1.082315e-16
    outer loop
      vertex   -1.577501e+01 1.202388e+00 1.907500e+01
      vertex   -1.577501e+01 1.202388e+00 1.447500e+01
      vertex   -1.589360e+01 1.608566e+00 1.907500e+01
    endloop
  endfacet
  facet normal 9.599203e-01 2.802731e-01 -9.470259e-17
    outer loop
      vertex   -1.589360e+01 1.608566e+00 1.907500e+01
      vertex   -1.577501e+01 1.202388e+00 1.447500e+01
      vertex   -1.589360e+01 1.608566e+00 1.447500e+01
    endloop
  endfacet
  facet normal 9.841564e-01 1.773024e-01 -5.990942e-17
    outer loop
      vertex   -1.589360e+01 1.608566e+00 1.907500e+01
      vertex   -1.589360e+01 1.608566e+00 1.447500e+01
      vertex   -1.596863e+01 2.025000e+00 1.907500e+01
    endloop
  endfacet
  facet normal 9.841564e-01 1.773024e-01 -3.800463e-16
    outer loop
      vertex   -1.596863e+01 2.025000e+00 1.907500e+01
      vertex   -1.589360e+01 1.608566e+00 1.447500e+01
      vertex   -1.596863e+01 2.025000e+00 1.447500e+01
    endloop
  endfacet
  facet normal 6.792452e-01 2.230808e-03 7.339081e-01
    outer loop
      vertex   -2.237547e+01 -2.500002e-01 1.604441e+01
      vertex   -2.245962e+01 2.025000e+00 1.611538e+01
      vertex   -2.250000e+01 -2.500002e-01 1.615967e+01
    endloop
  endfacet
  facet normal 7.933514e-01 -2.230808e-03 6.087599e-01
    outer loop
      vertex   -2.250000e+01 -2.500002e-01 1.615967e+01
      vertex   -2.245962e+01 2.025000e+00 1.611538e+01
      vertex   -2.256292e+01 2.025000e+00 1.625000e+01
    endloop
  endfacet
  facet normal 8.460498e-01 2.230808e-03 5.330992e-01
    outer loop
      vertex   -2.250000e+01 -2.500002e-01 1.615967e+01
      vertex   -2.256292e+01 2.025000e+00 1.625000e+01
      vertex   -2.259046e+01 -2.500002e-01 1.630323e+01
    endloop
  endfacet
  facet normal 9.238772e-01 -2.230808e-03 3.826825e-01
    outer loop
      vertex   -2.259046e+01 -2.500002e-01 1.630323e+01
      vertex   -2.256292e+01 2.025000e+00 1.625000e+01
      vertex   -2.262785e+01 2.025000e+00 1.640677e+01
    endloop
  endfacet
  facet normal 9.551976e-01 2.230808e-03 2.959604e-01
    outer loop
      vertex   -2.259046e+01 -2.500002e-01 1.630323e+01
      vertex   -2.262785e+01 2.025000e+00 1.640677e+01
      vertex   -2.264068e+01 -2.500002e-01 1.646531e+01
    endloop
  endfacet
  facet normal 9.914424e-01 -2.230808e-03 1.305259e-01
    outer loop
      vertex   -2.264068e+01 -2.500002e-01 1.646531e+01
      vertex   -2.262785e+01 2.025000e+00 1.640677e+01
      vertex   -2.265000e+01 2.025000e+00 1.657500e+01
    endloop
  endfacet
  facet normal 9.992502e-01 2.230808e-03 3.865250e-02
    outer loop
      vertex   -2.264068e+01 -2.500002e-01 1.646531e+01
      vertex   -2.265000e+01 2.025000e+00 1.657500e+01
      vertex   -2.264724e+01 -2.500002e-01 1.663487e+01
    endloop
  endfacet
  facet normal 9.914424e-01 -2.230808e-03 -1.305259e-01
    outer loop
      vertex   -2.264724e+01 -2.500002e-01 1.663487e+01
      vertex   -2.265000e+01 2.025000e+00 1.657500e+01
      vertex   -2.262785e+01 2.025000e+00 1.674323e+01
    endloop
  endfacet
  facet normal 9.752056e-01 2.230808e-03 -2.212895e-01
    outer loop
      vertex   -2.264724e+01 -2.500002e-01 1.663487e+01
      vertex   -2.262785e+01 2.025000e+00 1.674323e+01
      vertex   -2.260969e+01 -2.500002e-01 1.680035e+01
    endloop
  endfacet
  facet normal 9.238772e-01 -2.230808e-03 -3.826825e-01
    outer loop
      vertex   -2.260969e+01 -2.500002e-01 1.680035e+01
      vertex   -2.262785e+01 2.025000e+00 1.674323e+01
      vertex   -2.256292e+01 2.025000e+00 1.690000e+01
    endloop
  endfacet
  facet normal 8.847023e-01 2.230808e-03 -4.661511e-01
    outer loop
      vertex   -2.260969e+01 -2.500002e-01 1.680035e+01
      vertex   -2.256292e+01 2.025000e+00 1.690000e+01
      vertex   -2.253059e+01 -2.500002e-01 1.695047e+01
    endloop
  endfacet
  facet normal 7.933514e-01 -2.230808e-03 -6.087599e-01
    outer loop
      vertex   -2.253059e+01 -2.500002e-01 1.695047e+01
      vertex   -2.256292e+01 2.025000e+00 1.690000e+01
      vertex   -2.245962e+01 2.025000e+00 1.703462e+01
    endloop
  endfacet
  facet normal 7.339081e-01 2.230808e-03 -6.792452e-01
    outer loop
      vertex   -2.253059e+01 -2.500002e-01 1.695047e+01
      vertex   -2.245962e+01 2.025000e+00 1.703462e+01
      vertex   -2.241533e+01 -2.500002e-01 1.707500e+01
    endloop
  endfacet
  facet normal 6.087599e-01 -2.230808e-03 -7.933514e-01
    outer loop
      vertex   -2.241533e+01 -2.500002e-01 1.707500e+01
      vertex   -2.245962e+01 2.025000e+00 1.703462e+01
      vertex   -2.232500e+01 2.025000e+00 1.713792e+01
    endloop
  endfacet
  facet normal 5.330992e-01 2.230808e-03 -8.460498e-01
    outer loop
      vertex   -2.241533e+01 -2.500002e-01 1.707500e+01
      vertex   -2.232500e+01 2.025000e+00 1.713792e+01
      vertex   -2.227177e+01 -2.500002e-01 1.716546e+01
    endloop
  endfacet
  facet normal 3.826825e-01 -2.230808e-03 -9.238772e-01
    outer loop
      vertex   -2.227177e+01 -2.500002e-01 1.716546e+01
      vertex   -2.232500e+01 2.025000e+00 1.713792e+01
      vertex   -2.216823e+01 2.025000e+00 1.720285e+01
    endloop
  endfacet
  facet normal 2.959604e-01 2.230808e-03 -9.551976e-01
    outer loop
      vertex   -2.227177e+01 -2.500002e-01 1.716546e+01
      vertex   -2.216823e+01 2.025000e+00 1.720285e+01
      vertex   -2.210969e+01 -2.500002e-01 1.721568e+01
    endloop
  endfacet
  facet normal 1.305259e-01 -2.230808e-03 -9.914424e-01
    outer loop
      vertex   -2.210969e+01 -2.500002e-01 1.721568e+01
      vertex   -2.216823e+01 2.025000e+00 1.720285e+01
      vertex   -2.200000e+01 2.025000e+00 1.722500e+01
    endloop
  endfacet
  facet normal 3.865250e-02 2.230808e-03 -9.992502e-01
    outer loop
      vertex   -2.210969e+01 -2.500002e-01 1.721568e+01
      vertex   -2.200000e+01 2.025000e+00 1.722500e+01
      vertex   -2.194013e+01 -2.500002e-01 1.722224e+01
    endloop
  endfacet
  facet normal -1.305259e-01 -2.230808e-03 -9.914424e-01
    outer loop
      vertex   -2.194013e+01 -2.500002e-01 1.722224e+01
      vertex   -2.200000e+01 2.025000e+00 1.722500e+01
      vertex   -2.183177e+01 2.025000e+00 1.720285e+01
    endloop
  endfacet
  facet normal -2.212895e-01 2.230808e-03 -9.752056e-01
    outer loop
      vertex   -2.194013e+01 -2.500002e-01 1.722224e+01
      vertex   -2.183177e+01 2.025000e+00 1.720285e+01
      vertex   -2.177465e+01 -2.500002e-01 1.718469e+01
    endloop
  endfacet
  facet normal -3.826825e-01 -2.230808e-03 -9.238772e-01
    outer loop
      vertex   -2.177465e+01 -2.500002e-01 1.718469e+01
      vertex   -2.183177e+01 2.025000e+00 1.720285e+01
      vertex   -2.167500e+01 2.025000e+00 1.713792e+01
    endloop
  endfacet
  facet normal -4.661511e-01 2.230808e-03 -8.847023e-01
    outer loop
      vertex   -2.177465e+01 -2.500002e-01 1.718469e+01
      vertex   -2.167500e+01 2.025000e+00 1.713792e+01
      vertex   -2.162453e+01 -2.500002e-01 1.710559e+01
    endloop
  endfacet
  facet normal -6.087599e-01 -2.230808e-03 -7.933514e-01
    outer loop
      vertex   -2.162453e+01 -2.500002e-01 1.710559e+01
      vertex   -2.167500e+01 2.025000e+00 1.713792e+01
      vertex   -2.154038e+01 2.025000e+00 1.703462e+01
    endloop
  endfacet
  facet normal -6.792452e-01 2.230808e-03 -7.339081e-01
    outer loop
      vertex   -2.162453e+01 -2.500002e-01 1.710559e+01
      vertex   -2.154038e+01 2.025000e+00 1.703462e+01
      vertex   -2.150000e+01 -2.500002e-01 1.699033e+01
    endloop
  endfacet
  facet normal -7.933514e-01 -2.230808e-03 -6.087599e-01
    outer loop
      vertex   -2.150000e+01 -2.500002e-01 1.699033e+01
      vertex   -2.154038e+01 2.025000e+00 1.703462e+01
      vertex   -2.143708e+01 2.025000e+00 1.690000e+01
    endloop
  endfacet
  facet normal -8.460498e-01 2.230808e-03 -5.330992e-01
    outer loop
      vertex   -2.150000e+01 -2.500002e-01 1.699033e+01
      vertex   -2.143708e+01 2.025000e+00 1.690000e+01
      vertex   -2.140954e+01 -2.500002e-01 1.684677e+01
    endloop
  endfacet
  facet normal -9.238772e-01 -2.230808e-03 -3.826825e-01
    outer loop
      vertex   -2.140954e+01 -2.500002e-01 1.684677e+01
      vertex   -2.143708e+01 2.025000e+00 1.690000e+01
      vertex   -2.137215e+01 2.025000e+00 1.674323e+01
    endloop
  endfacet
  facet normal -9.551976e-01 2.230808e-03 -2.959604e-01
    outer loop
      vertex   -2.140954e+01 -2.500002e-01 1.684677e+01
      vertex   -2.137215e+01 2.025000e+00 1.674323e+01
      vertex   -2.135932e+01 -2.500002e-01 1.668469e+01
    endloop
  endfacet
  facet normal -9.914424e-01 -2.230808e-03 -1.305259e-01
    outer loop
      vertex   -2.135932e+01 -2.500002e-01 1.668469e+01
      vertex   -2.137215e+01 2.025000e+00 1.674323e+01
      vertex   -2.135000e+01 2.025000e+00 1.657500e+01
    endloop
  endfacet
  facet normal -9.992502e-01 2.230808e-03 -3.865250e-02
    outer loop
      vertex   -2.135932e+01 -2.500002e-01 1.668469e+01
      vertex   -2.135000e+01 2.025000e+00 1.657500e+01
      vertex   -2.135276e+01 -2.500002e-01 1.651513e+01
    endloop
  endfacet
  facet normal -9.914424e-01 -2.230808e-03 1.305259e-01
    outer loop
      vertex   -2.135276e+01 -2.500002e-01 1.651513e+01
      vertex   -2.135000e+01 2.025000e+00 1.657500e+01
      vertex   -2.137215e+01 2.025000e+00 1.640677e+01
    endloop
  endfacet
  facet normal -9.752056e-01 2.230808e-03 2.212895e-01
    outer loop
      vertex   -2.135276e+01 -2.500002e-01 1.651513e+01
      vertex   -2.137215e+01 2.025000e+00 1.640677e+01
      vertex   -2.139031e+01 -2.500002e-01 1.634965e+01
    endloop
  endfacet
  facet normal -9.238772e-01 -2.230808e-03 3.826825e-01
    outer loop
      vertex   -2.139031e+01 -2.500002e-01 1.634965e+01
      vertex   -2.137215e+01 2.025000e+00 1.640677e+01
      vertex   -2.143708e+01 2.025000e+00 1.625000e+01
    endloop
  endfacet
  facet normal -8.847023e-01 2.230808e-03 4.661511e-01
    outer loop
      vertex   -2.139031e+01 -2.500002e-01 1.634965e+01
      vertex   -2.143708e+01 2.025000e+00 1.625000e+01
      vertex   -2.146941e+01 -2.500002e-01 1.619953e+01
    endloop
  endfacet
  facet normal -7.933514e-01 -2.230808e-03 6.087599e-01
    outer loop
      vertex   -2.146941e+01 -2.500002e-01 1.619953e+01
      vertex   -2.143708e+01 2.025000e+00 1.625000e+01
      vertex   -2.154038e+01 2.025000e+00 1.611538e+01
    endloop
  endfacet
  facet normal -7.339081e-01 2.230808e-03 6.792452e-01
    outer loop
      vertex   -2.146941e+01 -2.500002e-01 1.619953e+01
      vertex   -2.154038e+01 2.025000e+00 1.611538e+01
      vertex   -2.158467e+01 -2.500002e-01 1.607500e+01
    endloop
  endfacet
  facet normal -6.087599e-01 -2.230808e-03 7.933514e-01
    outer loop
      vertex   -2.158467e+01 -2.500002e-01 1.607500e+01
      vertex   -2.154038e+01 2.025000e+00 1.611538e+01
      vertex   -2.167500e+01 2.025000e+00 1.601208e+01
    endloop
  endfacet
  facet normal -5.330992e-01 2.230808e-03 8.460498e-01
    outer loop
      vertex   -2.158467e+01 -2.500002e-01 1.607500e+01
      vertex   -2.167500e+01 2.025000e+00 1.601208e+01
      vertex   -2.172823e+01 -2.500002e-01 1.598454e+01
    endloop
  endfacet
  facet normal -3.826825e-01 -2.230808e-03 9.238772e-01
    outer loop
      vertex   -2.172823e+01 -2.500002e-01 1.598454e+01
      vertex   -2.167500e+01 2.025000e+00 1.601208e+01
      vertex   -2.183177e+01 2.025000e+00 1.594715e+01
    endloop
  endfacet
  facet normal -2.959604e-01 2.230808e-03 9.551976e-01
    outer loop
      vertex   -2.172823e+01 -2.500002e-01 1.598454e+01
      vertex   -2.183177e+01 2.025000e+00 1.594715e+01
      vertex   -2.189031e+01 -2.500002e-01 1.593432e+01
    endloop
  endfacet
  facet normal -1.305259e-01 -2.230808e-03 9.914424e-01
    outer loop
      vertex   -2.189031e+01 -2.500002e-01 1.593432e+01
      vertex   -2.183177e+01 2.025000e+00 1.594715e+01
      vertex   -2.200000e+01 2.025000e+00 1.592500e+01
    endloop
  endfacet
  facet normal -3.865250e-02 2.230808e-03 9.992502e-01
    outer loop
      vertex   -2.189031e+01 -2.500002e-01 1.593432e+01
      vertex   -2.200000e+01 2.025000e+00 1.592500e+01
      vertex   -2.205987e+01 -2.500002e-01 1.592776e+01
    endloop
  endfacet
  facet normal 1.305259e-01 -2.230808e-03 9.914424e-01
    outer loop
      vertex   -2.205987e+01 -2.500002e-01 1.592776e+01
      vertex   -2.200000e+01 2.025000e+00 1.592500e+01
      vertex   -2.216823e+01 2.025000e+00 1.594715e+01
    endloop
  endfacet
  facet normal 2.212895e-01 2.230808e-03 9.752056e-01
    outer loop
      vertex   -2.205987e+01 -2.500002e-01 1.592776e+01
      vertex   -2.216823e+01 2.025000e+00 1.594715e+01
      vertex   -2.222535e+01 -2.500002e-01 1.596531e+01
    endloop
  endfacet
  facet normal 3.826825e-01 -2.230808e-03 9.238772e-01
    outer loop
      vertex   -2.222535e+01 -2.500002e-01 1.596531e+01
      vertex   -2.216823e+01 2.025000e+00 1.594715e+01
      vertex   -2.232500e+01 2.025000e+00 1.601208e+01
    endloop
  endfacet
  facet normal 4.661511e-01 2.230808e-03 8.847023e-01
    outer loop
      vertex   -2.222535e+01 -2.500002e-01 1.596531e+01
      vertex   -2.232500e+01 2.025000e+00 1.601208e+01
      vertex   -2.237547e+01 -2.500002e-01 1.604441e+01
    endloop
  endfacet
  facet normal 6.087599e-01 -2.230808e-03 7.933514e-01
    outer loop
      vertex   -2.237547e+01 -2.500002e-01 1.604441e+01
      vertex   -2.232500e+01 2.025000e+00 1.601208e+01
      vertex   -2.245962e+01 2.025000e+00 1.611538e+01
    endloop
  endfacet
  facet normal 9.914449e-01 0.000000e+00 -1.305262e-01
    outer loop
      vertex   -2.262785e+01 4.525000e+00 1.674323e+01
      vertex   -2.262785e+01 3.025000e+00 1.674323e+01
      vertex   -2.265000e+01 4.525000e+00 1.657500e+01
    endloop
  endfacet
  facet normal 9.914449e-01 0.000000e+00 -1.305262e-01
    outer loop
      vertex   -2.265000e+01 4.525000e+00 1.657500e+01
      vertex   -2.262785e+01 3.025000e+00 1.674323e+01
      vertex   -2.265000e+01 3.025000e+00 1.657500e+01
    endloop
  endfacet
  facet normal 9.914449e-01 0.000000e+00 1.305262e-01
    outer loop
      vertex   -2.265000e+01 4.525000e+00 1.657500e+01
      vertex   -2.265000e+01 3.025000e+00 1.657500e+01
      vertex   -2.262785e+01 4.525000e+00 1.640677e+01
    endloop
  endfacet
  facet normal 9.914449e-01 0.000000e+00 1.305262e-01
    outer loop
      vertex   -2.262785e+01 4.525000e+00 1.640677e+01
      vertex   -2.265000e+01 3.025000e+00 1.657500e+01
      vertex   -2.262785e+01 3.025000e+00 1.640677e+01
    endloop
  endfacet
  facet normal 9.238795e-01 0.000000e+00 3.826834e-01
    outer loop
      vertex   -2.262785e+01 4.525000e+00 1.640677e+01
      vertex   -2.262785e+01 3.025000e+00 1.640677e+01
      vertex   -2.256292e+01 4.525000e+00 1.625000e+01
    endloop
  endfacet
  facet normal 9.238795e-01 0.000000e+00 3.826834e-01
    outer loop
      vertex   -2.256292e+01 4.525000e+00 1.625000e+01
      vertex   -2.262785e+01 3.025000e+00 1.640677e+01
      vertex   -2.256292e+01 3.025000e+00 1.625000e+01
    endloop
  endfacet
  facet normal 7.933533e-01 0.000000e+00 6.087614e-01
    outer loop
      vertex   -2.256292e+01 4.525000e+00 1.625000e+01
      vertex   -2.256292e+01 3.025000e+00 1.625000e+01
      vertex   -2.245962e+01 4.525000e+00 1.611538e+01
    endloop
  endfacet
  facet normal 7.933533e-01 0.000000e+00 6.087614e-01
    outer loop
      vertex   -2.245962e+01 4.525000e+00 1.611538e+01
      vertex   -2.256292e+01 3.025000e+00 1.625000e+01
      vertex   -2.245962e+01 3.025000e+00 1.611538e+01
    endloop
  endfacet
  facet normal 6.087614e-01 0.000000e+00 7.933533e-01
    outer loop
      vertex   -2.245962e+01 4.525000e+00 1.611538e+01
      vertex   -2.245962e+01 3.025000e+00 1.611538e+01
      vertex   -2.232500e+01 4.525000e+00 1.601208e+01
    endloop
  endfacet
  facet normal 6.087614e-01 0.000000e+00 7.933533e-01
    outer loop
      vertex   -2.232500e+01 4.525000e+00 1.601208e+01
      vertex   -2.245962e+01 3.025000e+00 1.611538e+01
      vertex   -2.232500e+01 3.025000e+00 1.601208e+01
    endloop
  endfacet
  facet normal 3.826834e-01 0.000000e+00 9.238795e-01
    outer loop
      vertex   -2.232500e+01 4.525000e+00 1.601208e+01
      vertex   -2.232500e+01 3.025000e+00 1.601208e+01
      vertex   -2.216823e+01 4.525000e+00 1.594715e+01
    endloop
  endfacet
  facet normal 3.826834e-01 0.000000e+00 9.238795e-01
    outer loop
      vertex   -2.216823e+01 4.525000e+00 1.594715e+01
      vertex   -2.232500e+01 3.025000e+00 1.601208e+01
      vertex   -2.216823e+01 3.025000e+00 1.594715e+01
    endloop
  endfacet
  facet normal 1.305262e-01 0.000000e+00 9.914449e-01
    outer loop
      vertex   -2.216823e+01 4.525000e+00 1.594715e+01
      vertex   -2.216823e+01 3.025000e+00 1.594715e+01
      vertex   -2.200000e+01 4.525000e+00 1.592500e+01
    endloop
  endfacet
  facet normal 1.305262e-01 0.000000e+00 9.914449e-01
    outer loop
      vertex   -2.200000e+01 4.525000e+00 1.592500e+01
      vertex   -2.216823e+01 3.025000e+00 1.594715e+01
      vertex   -2.200000e+01 3.025000e+00 1.592500e+01
    endloop
  endfacet
  facet normal -1.305262e-01 0.000000e+00 9.914449e-01
    outer loop
      vertex   -2.200000e+01 4.525000e+00 1.592500e+01
      vertex   -2.200000e+01 3.025000e+00 1.592500e+01
      vertex   -2.183177e+01 4.525000e+00 1.594715e+01
    endloop
  endfacet
  facet normal -1.305262e-01 0.000000e+00 9.914449e-01
    outer loop
      vertex   -2.183177e+01 4.525000e+00 1.594715e+01
      vertex   -2.200000e+01 3.025000e+00 1.592500e+01
      vertex   -2.183177e+01 3.025000e+00 1.594715e+01
    endloop
  endfacet
  facet normal -3.826834e-01 0.000000e+00 9.238795e-01
    outer loop
      vertex   -2.183177e+01 4.525000e+00 1.594715e+01
      vertex   -2.183177e+01 3.025000e+00 1.594715e+01
      vertex   -2.167500e+01 4.525000e+00 1.601208e+01
    endloop
  endfacet
  facet normal -3.826834e-01 0.000000e+00 9.238795e-01
    outer loop
      vertex   -2.167500e+01 4.525000e+00 1.601208e+01
      vertex   -2.183177e+01 3.025000e+00 1.594715e+01
      vertex   -2.167500e+01 3.025000e+00 1.601208e+01
    endloop
  endfacet
  facet normal -6.087614e-01 0.000000e+00 7.933533e-01
    outer loop
      vertex   -2.167500e+01 4.525000e+00 1.601208e+01
      vertex   -2.167500e+01 3.025000e+00 1.601208e+01
      vertex   -2.154038e+01 4.525000e+00 1.611538e+01
    endloop
  endfacet
  facet normal -6.087614e-01 0.000000e+00 7.933533e-01
    outer loop
      vertex   -2.154038e+01 4.525000e+00 1.611538e+01
      vertex   -2.167500e+01 3.025000e+00 1.601208e+01
      vertex   -2.154038e+01 3.025000e+00 1.611538e+01
    endloop
  endfacet
  facet normal -7.933533e-01 0.000000e+00 6.087614e-01
    outer loop
      vertex   -2.154038e+01 4.525000e+00 1.611538e+01
      vertex   -2.154038e+01 3.025000e+00 1.611538e+01
      vertex   -2.143708e+01 4.525000e+00 1.625000e+01
    endloop
  endfacet
  facet normal -7.933533e-01 0.000000e+00 6.087614e-01
    outer loop
      vertex   -2.143708e+01 4.525000e+00 1.625000e+01
      vertex   -2.154038e+01 3.025000e+00 1.611538e+01
      vertex   -2.143708e+01 3.025000e+00 1.625000e+01
    endloop
  endfacet
  facet normal -9.238795e-01 0.000000e+00 3.826834e-01
    outer loop
      vertex   -2.143708e+01 4.525000e+00 1.625000e+01
      vertex   -2.143708e+01 3.025000e+00 1.625000e+01
      vertex   -2.137215e+01 4.525000e+00 1.640677e+01
    endloop
  endfacet
  facet normal -9.238795e-01 0.000000e+00 3.826834e-01
    outer loop
      vertex   -2.137215e+01 4.525000e+00 1.640677e+01
      vertex   -2.143708e+01 3.025000e+00 1.625000e+01
      vertex   -2.137215e+01 3.025000e+00 1.640677e+01
    endloop
  endfacet
  facet normal -9.914449e-01 0.000000e+00 1.305262e-01
    outer loop
      vertex   -2.137215e+01 4.525000e+00 1.640677e+01
      vertex   -2.137215e+01 3.025000e+00 1.640677e+01
      vertex   -2.135000e+01 4.525000e+00 1.657500e+01
    endloop
  endfacet
  facet normal -9.914449e-01 0.000000e+00 1.305262e-01
    outer loop
      vertex   -2.135000e+01 4.525000e+00 1.657500e+01
      vertex   -2.137215e+01 3.025000e+00 1.640677e+01
      vertex   -2.135000e+01 3.025000e+00 1.657500e+01
    endloop
  endfacet
  facet normal -9.914449e-01 -0.000000e+00 -1.305262e-01
    outer loop
      vertex   -2.135000e+01 4.525000e+00 1.657500e+01
      vertex   -2.135000e+01 3.025000e+00 1.657500e+01
      vertex   -2.137215e+01 4.525000e+00 1.674323e+01
    endloop
  endfacet
  facet normal -9.914449e-01 -0.000000e+00 -1.305262e-01
    outer loop
      vertex   -2.137215e+01 4.525000e+00 1.674323e+01
      vertex   -2.135000e+01 3.025000e+00 1.657500e+01
      vertex   -2.137215e+01 3.025000e+00 1.674323e+01
    endloop
  endfacet
  facet normal -9.238795e-01 -0.000000e+00 -3.826834e-01
    outer loop
      vertex   -2.137215e+01 4.525000e+00 1.674323e+01
      vertex   -2.137215e+01 3.025000e+00 1.674323e+01
      vertex   -2.143708e+01 4.525000e+00 1.690000e+01
    endloop
  endfacet
  facet normal -9.238795e-01 -0.000000e+00 -3.826834e-01
    outer loop
      vertex   -2.143708e+01 4.525000e+00 1.690000e+01
      vertex   -2.137215e+01 3.025000e+00 1.674323e+01
      vertex   -2.143708e+01 3.025000e+00 1.690000e+01
    endloop
  endfacet
  facet normal -7.933533e-01 -0.000000e+00 -6.087614e-01
    outer loop
      vertex   -2.143708e+01 4.525000e+00 1.690000e+01
      vertex   -2.143708e+01 3.025000e+00 1.690000e+01
      vertex   -2.154038e+01 4.525000e+00 1.703462e+01
    endloop
  endfacet
  facet normal -7.933533e-01 -0.000000e+00 -6.087614e-01
    outer loop
      vertex   -2.154038e+01 4.525000e+00 1.703462e+01
      vertex   -2.143708e+01 3.025000e+00 1.690000e+01
      vertex   -2.154038e+01 3.025000e+00 1.703462e+01
    endloop
  endfacet
  facet normal -6.087614e-01 -0.000000e+00 -7.933533e-01
    outer loop
      vertex   -2.154038e+01 4.525000e+00 1.703462e+01
      vertex   -2.154038e+01 3.025000e+00 1.703462e+01
      vertex   -2.167500e+01 4.525000e+00 1.713792e+01
    endloop
  endfacet
  facet normal -6.087614e-01 -0.000000e+00 -7.933533e-01
    outer loop
      vertex   -2.167500e+01 4.525000e+00 1.713792e+01
      vertex   -2.154038e+01 3.025000e+00 1.703462e+01
      vertex   -2.167500e+01 3.025000e+00 1.713792e+01
    endloop
  endfacet
  facet normal -3.826834e-01 -0.000000e+00 -9.238795e-01
    outer loop
      vertex   -2.167500e+01 4.525000e+00 1.713792e+01
      vertex   -2.167500e+01 3.025000e+00 1.713792e+01
      vertex   -2.183177e+01 4.525000e+00 1.720285e+01
    endloop
  endfacet
  facet normal -3.826834e-01 -0.000000e+00 -9.238795e-01
    outer loop
      vertex   -2.183177e+01 4.525000e+00 1.720285e+01
      vertex   -2.167500e+01 3.025000e+00 1.713792e+01
      vertex   -2.183177e+01 3.025000e+00 1.720285e+01
    endloop
  endfacet
  facet normal -1.305262e-01 -0.000000e+00 -9.914449e-01
    outer loop
      vertex   -2.183177e+01 4.525000e+00 1.720285e+01
      vertex   -2.183177e+01 3.025000e+00 1.720285e+01
      vertex   -2.200000e+01 4.525000e+00 1.722500e+01
    endloop
  endfacet
  facet normal -1.305262e-01 -0.000000e+00 -9.914449e-01
    outer loop
      vertex   -2.200000e+01 4.525000e+00 1.722500e+01
      vertex   -2.183177e+01 3.025000e+00 1.720285e+01
      vertex   -2.200000e+01 3.025000e+00 1.722500e+01
    endloop
  endfacet
  facet normal 1.305262e-01 0.000000e+00 -9.914449e-01
    outer loop
      vertex   -2.200000e+01 4.525000e+00 1.722500e+01
      vertex   -2.200000e+01 3.025000e+00 1.722500e+01
      vertex   -2.216823e+01 4.525000e+00 1.720285e+01
    endloop
  endfacet
  facet normal 1.305262e-01 0.000000e+00 -9.914449e-01
    outer loop
      vertex   -2.216823e+01 4.525000e+00 1.720285e+01
      vertex   -2.200000e+01 3.025000e+00 1.722500e+01
      vertex   -2.216823e+01 3.025000e+00 1.720285e+01
    endloop
  endfacet
  facet normal 3.826834e-01 0.000000e+00 -9.238795e-01
    outer loop
      vertex   -2.216823e+01 4.525000e+00 1.720285e+01
      vertex   -2.216823e+01 3.025000e+00 1.720285e+01
      vertex   -2.232500e+01 4.525000e+00 1.713792e+01
    endloop
  endfacet
  facet normal 3.826834e-01 0.000000e+00 -9.238795e-01
    outer loop
      vertex   -2.232500e+01 4.525000e+00 1.713792e+01
      vertex   -2.216823e+01 3.025000e+00 1.720285e+01
      vertex   -2.232500e+01 3.025000e+00 1.713792e+01
    endloop
  endfacet
  facet normal 6.087614e-01 0.000000e+00 -7.933533e-01
    outer loop
      vertex   -2.232500e+01 4.525000e+00 1.713792e+01
      vertex   -2.232500e+01 3.025000e+00 1.713792e+01
      vertex   -2.245962e+01 4.525000e+00 1.703462e+01
    endloop
  endfacet
  facet normal 6.087614e-01 0.000000e+00 -7.933533e-01
    outer loop
      vertex   -2.245962e+01 4.525000e+00 1.703462e+01
      vertex   -2.232500e+01 3.025000e+00 1.713792e+01
      vertex   -2.245962e+01 3.025000e+00 1.703462e+01
    endloop
  endfacet
  facet normal 7.933533e-01 0.000000e+00 -6.087614e-01
    outer loop
      vertex   -2.245962e+01 4.525000e+00 1.703462e+01
      vertex   -2.245962e+01 3.025000e+00 1.703462e+01
      vertex   -2.256292e+01 4.525000e+00 1.690000e+01
    endloop
  endfacet
  facet normal 7.933533e-01 0.000000e+00 -6.087614e-01
    outer loop
      vertex   -2.256292e+01 4.525000e+00 1.690000e+01
      vertex   -2.245962e+01 3.025000e+00 1.703462e+01
      vertex   -2.256292e+01 3.025000e+00 1.690000e+01
    endloop
  endfacet
  facet normal 9.238795e-01 0.000000e+00 -3.826834e-01
    outer loop
      vertex   -2.256292e+01 4.525000e+00 1.690000e+01
      vertex   -2.256292e+01 3.025000e+00 1.690000e+01
      vertex   -2.262785e+01 4.525000e+00 1.674323e+01
    endloop
  endfacet
  facet normal 9.238795e-01 0.000000e+00 -3.826834e-01
    outer loop
      vertex   -2.262785e+01 4.525000e+00 1.674323e+01
      vertex   -2.256292e+01 3.025000e+00 1.690000e+01
      vertex   -2.262785e+01 3.025000e+00 1.674323e+01
    endloop
  endfacet
  facet normal 2.956809e-03 9.999956e-01 0.000000e+00
    outer loop
      vertex   -9.705209e+00 1.029996e+01 1.907500e+01
      vertex   -9.705209e+00 1.029996e+01 1.447500e+01
      vertex   -9.712306e+00 1.029998e+01 1.907500e+01
    endloop
  endfacet
  facet normal 2.956809e-03 9.999956e-01 0.000000e+00
    outer loop
      vertex   -9.712306e+00 1.029998e+01 1.907500e+01
      vertex   -9.705209e+00 1.029996e+01 1.447500e+01
      vertex   -9.712306e+00 1.029998e+01 1.447500e+01
    endloop
  endfacet
  facet normal 1.774087e-03 9.999984e-01 0.000000e+00
    outer loop
      vertex   -9.712306e+00 1.029998e+01 1.907500e+01
      vertex   -9.712306e+00 1.029998e+01 1.447500e+01
      vertex   -9.719402e+00 1.030000e+01 1.907500e+01
    endloop
  endfacet
  facet normal 1.774087e-03 9.999984e-01 0.000000e+00
    outer loop
      vertex   -9.719402e+00 1.030000e+01 1.907500e+01
      vertex   -9.712306e+00 1.029998e+01 1.447500e+01
      vertex   -9.719402e+00 1.030000e+01 1.447500e+01
    endloop
  endfacet
  facet normal 5.913626e-04 9.999998e-01 0.000000e+00
    outer loop
      vertex   -9.719402e+00 1.030000e+01 1.907500e+01
      vertex   -9.719402e+00 1.030000e+01 1.447500e+01
      vertex   -9.726498e+00 1.030000e+01 1.907500e+01
    endloop
  endfacet
  facet normal 5.913626e-04 9.999998e-01 -3.861645e-16
    outer loop
      vertex   -9.726498e+00 1.030000e+01 1.907500e+01
      vertex   -9.719402e+00 1.030000e+01 1.447500e+01
      vertex   -9.726498e+00 1.030000e+01 1.447500e+01
    endloop
  endfacet
  facet normal -4.182248e-02 9.991251e-01 -3.696763e-16
    outer loop
      vertex   -1.327350e+01 1.030000e+01 1.907500e+01
      vertex   -1.327350e+01 1.030000e+01 1.447500e+01
      vertex   -1.377493e+01 1.027901e+01 1.907500e+01
    endloop
  endfacet
  facet normal -4.182248e-02 9.991251e-01 1.615036e-17
    outer loop
      vertex   -1.377493e+01 1.027901e+01 1.907500e+01
      vertex   -1.327350e+01 1.030000e+01 1.447500e+01
      vertex   -1.377493e+01 1.027901e+01 1.447500e+01
    endloop
  endfacet
  facet normal -1.251748e-01 9.921347e-01 4.833808e-17
    outer loop
      vertex   -1.377493e+01 1.027901e+01 1.907500e+01
      vertex   -1.377493e+01 1.027901e+01 1.447500e+01
      vertex   -1.427285e+01 1.021619e+01 1.907500e+01
    endloop
  endfacet
  facet normal -1.251748e-01 9.921347e-01 4.833808e-17
    outer loop
      vertex   -1.427285e+01 1.021619e+01 1.907500e+01
      vertex   -1.377493e+01 1.027901e+01 1.447500e+01
      vertex   -1.427285e+01 1.021619e+01 1.447500e+01
    endloop
  endfacet
  facet normal -2.076514e-01 9.782029e-01 8.018760e-17
    outer loop
      vertex   -1.427285e+01 1.021619e+01 1.907500e+01
      vertex   -1.427285e+01 1.021619e+01 1.447500e+01
      vertex   -1.476379e+01 1.011198e+01 1.907500e+01
    endloop
  endfacet
  facet normal -2.076514e-01 9.782029e-01 3.777473e-16
    outer loop
      vertex   -1.476379e+01 1.011198e+01 1.907500e+01
      vertex   -1.427285e+01 1.021619e+01 1.447500e+01
      vertex   -1.476379e+01 1.011198e+01 1.447500e+01
    endloop
  endfacet
  facet normal -2.886751e-01 9.574271e-01 3.697244e-16
    outer loop
      vertex   -1.476379e+01 1.011198e+01 1.907500e+01
      vertex   -1.476379e+01 1.011198e+01 1.447500e+01
      vertex   -1.524429e+01 9.967098e+00 1.907500e+01
    endloop
  endfacet
  facet normal -2.886751e-01 9.574271e-01 -7.394488e-16
    outer loop
      vertex   -1.524429e+01 9.967098e+00 1.907500e+01
      vertex   -1.476379e+01 1.011198e+01 1.447500e+01
      vertex   -1.524429e+01 9.967098e+00 1.447500e+01
    endloop
  endfacet
  facet normal -3.676792e-01 9.299527e-01 -7.182295e-16
    outer loop
      vertex   -1.524429e+01 9.967098e+00 1.907500e+01
      vertex   -1.524429e+01 9.967098e+00 1.447500e+01
      vertex   -1.571100e+01 9.782571e+00 1.907500e+01
    endloop
  endfacet
  facet normal -3.676792e-01 9.299527e-01 0.000000e+00
    outer loop
      vertex   -1.571100e+01 9.782571e+00 1.907500e+01
      vertex   -1.524429e+01 9.967098e+00 1.447500e+01
      vertex   -1.571100e+01 9.782571e+00 1.447500e+01
    endloop
  endfacet
  facet normal -4.441107e-01 8.959719e-01 0.000000e+00
    outer loop
      vertex   -1.571100e+01 9.782571e+00 1.907500e+01
      vertex   -1.571100e+01 9.782571e+00 1.447500e+01
      vertex   -1.616067e+01 9.559685e+00 1.907500e+01
    endloop
  endfacet
  facet normal -4.441107e-01 8.959719e-01 0.000000e+00
    outer loop
      vertex   -1.616067e+01 9.559685e+00 1.907500e+01
      vertex   -1.571100e+01 9.782571e+00 1.447500e+01
      vertex   -1.616067e+01 9.559685e+00 1.447500e+01
    endloop
  endfacet
  facet normal -5.174351e-01 8.557225e-01 0.000000e+00
    outer loop
      vertex   -1.616067e+01 9.559685e+00 1.907500e+01
      vertex   -1.616067e+01 9.559685e+00 1.447500e+01
      vertex   -1.659013e+01 9.300000e+00 1.907500e+01
    endloop
  endfacet
  facet normal -5.174351e-01 8.557225e-01 0.000000e+00
    outer loop
      vertex   -1.659013e+01 9.300000e+00 1.907500e+01
      vertex   -1.616067e+01 9.559685e+00 1.447500e+01
      vertex   -1.659013e+01 9.300000e+00 1.447500e+01
    endloop
  endfacet
  facet normal 5.008049e-16 1.000000e+00 -3.861645e-16
    outer loop
      vertex   -1.327350e+01 1.030000e+01 1.447500e+01
      vertex   -1.327350e+01 1.030000e+01 1.907500e+01
      vertex   -9.726498e+00 1.030000e+01 1.447500e+01
    endloop
  endfacet
  facet normal 5.008049e-16 1.000000e+00 -3.861645e-16
    outer loop
      vertex   -9.726498e+00 1.030000e+01 1.447500e+01
      vertex   -1.327350e+01 1.030000e+01 1.907500e+01
      vertex   -9.726498e+00 1.030000e+01 1.907500e+01
    endloop
  endfacet
  facet normal -5.174351e-01 8.557225e-01 0.000000e+00
    outer loop
      vertex   -1.659013e+01 9.300000e+00 1.907500e+01
      vertex   -1.659013e+01 9.300000e+00 1.447500e+01
      vertex   -1.701959e+01 9.040315e+00 1.907500e+01
    endloop
  endfacet
  facet normal -5.174351e-01 8.557225e-01 0.000000e+00
    outer loop
      vertex   -1.701959e+01 9.040315e+00 1.907500e+01
      vertex   -1.659013e+01 9.300000e+00 1.447500e+01
      vertex   -1.701959e+01 9.040315e+00 1.447500e+01
    endloop
  endfacet
  facet normal -4.441107e-01 8.959719e-01 0.000000e+00
    outer loop
      vertex   -1.701959e+01 9.040315e+00 1.907500e+01
      vertex   -1.701959e+01 9.040315e+00 1.447500e+01
      vertex   -1.746925e+01 8.817429e+00 1.907500e+01
    endloop
  endfacet
  facet normal -4.441107e-01 8.959719e-01 3.429996e-16
    outer loop
      vertex   -1.746925e+01 8.817429e+00 1.907500e+01
      vertex   -1.701959e+01 9.040315e+00 1.447500e+01
      vertex   -1.746925e+01 8.817429e+00 1.447500e+01
    endloop
  endfacet
  facet normal -3.676792e-01 9.299527e-01 2.839693e-16
    outer loop
      vertex   -1.746925e+01 8.817429e+00 1.907500e+01
      vertex   -1.746925e+01 8.817429e+00 1.447500e+01
      vertex   -1.793596e+01 8.632902e+00 1.907500e+01
    endloop
  endfacet
  facet normal -3.676792e-01 9.299527e-01 0.000000e+00
    outer loop
      vertex   -1.793596e+01 8.632902e+00 1.907500e+01
      vertex   -1.746925e+01 8.817429e+00 1.447500e+01
      vertex   -1.793596e+01 8.632902e+00 1.447500e+01
    endloop
  endfacet
  facet normal -2.886751e-01 9.574271e-01 0.000000e+00
    outer loop
      vertex   -1.793596e+01 8.632902e+00 1.907500e+01
      vertex   -1.793596e+01 8.632902e+00 1.447500e+01
      vertex   -1.841647e+01 8.488025e+00 1.907500e+01
    endloop
  endfacet
  facet normal -2.886751e-01 9.574271e-01 -5.164966e-16
    outer loop
      vertex   -1.841647e+01 8.488025e+00 1.907500e+01
      vertex   -1.793596e+01 8.632902e+00 1.447500e+01
      vertex   -1.841647e+01 8.488025e+00 1.447500e+01
    endloop
  endfacet
  facet normal -2.076514e-01 9.782029e-01 -5.951193e-16
    outer loop
      vertex   -1.841647e+01 8.488025e+00 1.907500e+01
      vertex   -1.841647e+01 8.488025e+00 1.447500e+01
      vertex   -1.890740e+01 8.383811e+00 1.907500e+01
    endloop
  endfacet
  facet normal -2.076514e-01 9.782029e-01 3.777473e-16
    outer loop
      vertex   -1.890740e+01 8.383811e+00 1.907500e+01
      vertex   -1.841647e+01 8.488025e+00 1.447500e+01
      vertex   -1.890740e+01 8.383811e+00 1.447500e+01
    endloop
  endfacet
  facet normal -1.251748e-01 9.921347e-01 3.831272e-16
    outer loop
      vertex   -1.890740e+01 8.383811e+00 1.907500e+01
      vertex   -1.890740e+01 8.383811e+00 1.447500e+01
      vertex   -1.940532e+01 8.320989e+00 1.907500e+01
    endloop
  endfacet
  facet normal -1.251748e-01 9.921347e-01 9.667616e-17
    outer loop
      vertex   -1.940532e+01 8.320989e+00 1.907500e+01
      vertex   -1.890740e+01 8.383811e+00 1.447500e+01
      vertex   -1.940532e+01 8.320989e+00 1.447500e+01
    endloop
  endfacet
  facet normal -4.182248e-02 9.991251e-01 3.230072e-17
    outer loop
      vertex   -1.940532e+01 8.320989e+00 1.907500e+01
      vertex   -1.940532e+01 8.320989e+00 1.447500e+01
      vertex   -1.990675e+01 8.300000e+00 1.907500e+01
    endloop
  endfacet
  facet normal -4.182248e-02 9.991251e-01 8.039540e-16
    outer loop
      vertex   -1.990675e+01 8.300000e+00 1.907500e+01
      vertex   -1.940532e+01 8.320989e+00 1.447500e+01
      vertex   -1.990675e+01 8.300000e+00 1.447500e+01
    endloop
  endfacet
  facet normal -9.887192e-16 1.000000e+00 1.120412e-15
    outer loop
      vertex   -2.350000e+01 8.300000e+00 1.447500e+01
      vertex   -2.183177e+01 8.300000e+00 1.594715e+01
      vertex   -1.990675e+01 8.300000e+00 1.447500e+01
    endloop
  endfacet
  facet normal -6.484123e-16 1.000000e+00 1.565406e-15
    outer loop
      vertex   -1.990675e+01 8.300000e+00 1.447500e+01
      vertex   -2.183177e+01 8.300000e+00 1.594715e+01
      vertex   -2.167500e+01 8.300000e+00 1.601208e+01
    endloop
  endfacet
  facet normal -9.420108e-16 1.000000e+00 1.227652e-15
    outer loop
      vertex   -1.990675e+01 8.300000e+00 1.447500e+01
      vertex   -2.167500e+01 8.300000e+00 1.601208e+01
      vertex   -2.154038e+01 8.300000e+00 1.611538e+01
    endloop
  endfacet
  facet normal 0.000000e+00 1.000000e+00 0.000000e+00
    outer loop
      vertex   -2.350000e+01 8.300000e+00 1.907500e+01
      vertex   -2.265000e+01 8.300000e+00 1.657500e+01
      vertex   -2.350000e+01 8.300000e+00 1.447500e+01
    endloop
  endfacet
  facet normal 0.000000e+00 1.000000e+00 0.000000e+00
    outer loop
      vertex   -2.350000e+01 8.300000e+00 1.447500e+01
      vertex   -2.265000e+01 8.300000e+00 1.657500e+01
      vertex   -2.262785e+01 8.300000e+00 1.640677e+01
    endloop
  endfacet
  facet normal 0.000000e+00 1.000000e+00 0.000000e+00
    outer loop
      vertex   -2.350000e+01 8.300000e+00 1.447500e+01
      vertex   -2.262785e+01 8.300000e+00 1.640677e+01
      vertex   -2.256292e+01 8.300000e+00 1.625000e+01
    endloop
  endfacet
  facet normal 0.000000e+00 1.000000e+00 0.000000e+00
    outer loop
      vertex   -1.990675e+01 8.300000e+00 1.907500e+01
      vertex   -2.183177e+01 8.300000e+00 1.720285e+01
      vertex   -2.350000e+01 8.300000e+00 1.907500e+01
    endloop
  endfacet
  facet normal 0.000000e+00 1.000000e+00 0.000000e+00
    outer loop
      vertex   -2.350000e+01 8.300000e+00 1.907500e+01
      vertex   -2.183177e+01 8.300000e+00 1.720285e+01
      vertex   -2.200000e+01 8.300000e+00 1.722500e+01
    endloop
  endfacet
  facet normal 0.000000e+00 1.000000e+00 0.000000e+00
    outer loop
      vertex   -2.350000e+01 8.300000e+00 1.907500e+01
      vertex   -2.200000e+01 8.300000e+00 1.722500e+01
      vertex   -2.216823e+01 8.300000e+00 1.720285e+01
    endloop
  endfacet
  facet normal -1.337831e-15 1.000000e+00 7.723291e-16
    outer loop
      vertex   -1.990675e+01 8.300000e+00 1.447500e+01
      vertex   -2.135000e+01 8.300000e+00 1.657500e+01
      vertex   -1.990675e+01 8.300000e+00 1.907500e+01
    endloop
  endfacet
  facet normal 0.000000e+00 1.000000e+00 0.000000e+00
    outer loop
      vertex   -1.990675e+01 8.300000e+00 1.907500e+01
      vertex   -2.135000e+01 8.300000e+00 1.657500e+01
      vertex   -2.137215e+01 8.300000e+00 1.674323e+01
    endloop
  endfacet
  facet normal 0.000000e+00 1.000000e+00 0.000000e+00
    outer loop
      vertex   -1.990675e+01 8.300000e+00 1.907500e+01
      vertex   -2.137215e+01 8.300000e+00 1.674323e+01
      vertex   -2.143708e+01 8.300000e+00 1.690000e+01
    endloop
  endfacet
  facet normal 0.000000e+00 1.000000e+00 0.000000e+00
    outer loop
      vertex   -2.256292e+01 8.300000e+00 1.625000e+01
      vertex   -2.245962e+01 8.300000e+00 1.611538e+01
      vertex   -2.350000e+01 8.300000e+00 1.447500e+01
    endloop
  endfacet
  facet normal 0.000000e+00 1.000000e+00 0.000000e+00
    outer loop
      vertex   -2.350000e+01 8.300000e+00 1.447500e+01
      vertex   -2.245962e+01 8.300000e+00 1.611538e+01
      vertex   -2.232500e+01 8.300000e+00 1.601208e+01
    endloop
  endfacet
  facet normal 0.000000e+00 1.000000e+00 0.000000e+00
    outer loop
      vertex   -2.350000e+01 8.300000e+00 1.447500e+01
      vertex   -2.232500e+01 8.300000e+00 1.601208e+01
      vertex   -2.216823e+01 8.300000e+00 1.594715e+01
    endloop
  endfacet
  facet normal 0.000000e+00 1.000000e+00 0.000000e+00
    outer loop
      vertex   -2.216823e+01 8.300000e+00 1.594715e+01
      vertex   -2.200000e+01 8.300000e+00 1.592500e+01
      vertex   -2.350000e+01 8.300000e+00 1.447500e+01
    endloop
  endfacet
  facet normal 0.000000e+00 1.000000e+00 0.000000e+00
    outer loop
      vertex   -2.350000e+01 8.300000e+00 1.447500e+01
      vertex   -2.200000e+01 8.300000e+00 1.592500e+01
      vertex   -2.183177e+01 8.300000e+00 1.594715e+01
    endloop
  endfacet
  facet normal -1.228319e-15 1.000000e+00 9.425224e-16
    outer loop
      vertex   -2.154038e+01 8.300000e+00 1.611538e+01
      vertex   -2.143708e+01 8.300000e+00 1.625000e+01
      vertex   -1.990675e+01 8.300000e+00 1.447500e+01
    endloop
  endfacet
  facet normal -1.568138e-15 1.000000e+00 6.495442e-16
    outer loop
      vertex   -1.990675e+01 8.300000e+00 1.447500e+01
      vertex   -2.143708e+01 8.300000e+00 1.625000e+01
      vertex   -2.137215e+01 8.300000e+00 1.640677e+01
    endloop
  endfacet
  facet normal -2.065869e-15 1.000000e+00 2.719768e-16
    outer loop
      vertex   -1.990675e+01 8.300000e+00 1.447500e+01
      vertex   -2.137215e+01 8.300000e+00 1.640677e+01
      vertex   -2.135000e+01 8.300000e+00 1.657500e+01
    endloop
  endfacet
  facet normal 0.000000e+00 1.000000e+00 -0.000000e+00
    outer loop
      vertex   -2.143708e+01 8.300000e+00 1.690000e+01
      vertex   -2.154038e+01 8.300000e+00 1.703462e+01
      vertex   -1.990675e+01 8.300000e+00 1.907500e+01
    endloop
  endfacet
  facet normal 0.000000e+00 1.000000e+00 0.000000e+00
    outer loop
      vertex   -1.990675e+01 8.300000e+00 1.907500e+01
      vertex   -2.154038e+01 8.300000e+00 1.703462e+01
      vertex   -2.167500e+01 8.300000e+00 1.713792e+01
    endloop
  endfacet
  facet normal 0.000000e+00 1.000000e+00 0.000000e+00
    outer loop
      vertex   -1.990675e+01 8.300000e+00 1.907500e+01
      vertex   -2.167500e+01 8.300000e+00 1.713792e+01
      vertex   -2.183177e+01 8.300000e+00 1.720285e+01
    endloop
  endfacet
  facet normal 0.000000e+00 1.000000e+00 0.000000e+00
    outer loop
      vertex   -2.216823e+01 8.300000e+00 1.720285e+01
      vertex   -2.232500e+01 8.300000e+00 1.713792e+01
      vertex   -2.350000e+01 8.300000e+00 1.907500e+01
    endloop
  endfacet
  facet normal 0.000000e+00 1.000000e+00 0.000000e+00
    outer loop
      vertex   -2.350000e+01 8.300000e+00 1.907500e+01
      vertex   -2.232500e+01 8.300000e+00 1.713792e+01
      vertex   -2.245962e+01 8.300000e+00 1.703462e+01
    endloop
  endfacet
  facet normal 0.000000e+00 1.000000e+00 0.000000e+00
    outer loop
      vertex   -2.350000e+01 8.300000e+00 1.907500e+01
      vertex   -2.245962e+01 8.300000e+00 1.703462e+01
      vertex   -2.256292e+01 8.300000e+00 1.690000e+01
    endloop
  endfacet
  facet normal 0.000000e+00 1.000000e+00 0.000000e+00
    outer loop
      vertex   -2.256292e+01 8.300000e+00 1.690000e+01
      vertex   -2.262785e+01 8.300000e+00 1.674323e+01
      vertex   -2.350000e+01 8.300000e+00 1.907500e+01
    endloop
  endfacet
  facet normal 0.000000e+00 1.000000e+00 0.000000e+00
    outer loop
      vertex   -2.350000e+01 8.300000e+00 1.907500e+01
      vertex   -2.262785e+01 8.300000e+00 1.674323e+01
      vertex   -2.265000e+01 8.300000e+00 1.657500e+01
    endloop
  endfacet
  facet normal 0.000000e+00 -1.000000e+00 0.000000e+00
    outer loop
      vertex   -1.596863e+01 3.025000e+00 1.447500e+01
      vertex   -2.183177e+01 3.025000e+00 1.594715e+01
      vertex   -2.350000e+01 3.025000e+00 1.447500e+01
    endloop
  endfacet
  facet normal 0.000000e+00 -1.000000e+00 0.000000e+00
    outer loop
      vertex   -2.350000e+01 3.025000e+00 1.447500e+01
      vertex   -2.183177e+01 3.025000e+00 1.594715e+01
      vertex   -2.200000e+01 3.025000e+00 1.592500e+01
    endloop
  endfacet
  facet normal 0.000000e+00 -1.000000e+00 0.000000e+00
    outer loop
      vertex   -2.350000e+01 3.025000e+00 1.447500e+01
      vertex   -2.200000e+01 3.025000e+00 1.592500e+01
      vertex   -2.216823e+01 3.025000e+00 1.594715e+01
    endloop
  endfacet
  facet normal 0.000000e+00 -1.000000e+00 0.000000e+00
    outer loop
      vertex   -1.596863e+01 3.025000e+00 1.907500e+01
      vertex   -2.135000e+01 3.025000e+00 1.657500e+01
      vertex   -1.596863e+01 3.025000e+00 1.447500e+01
    endloop
  endfacet
  facet normal 0.000000e+00 -1.000000e+00 0.000000e+00
    outer loop
      vertex   -1.596863e+01 3.025000e+00 1.447500e+01
      vertex   -2.135000e+01 3.025000e+00 1.657500e+01
      vertex   -2.137215e+01 3.025000e+00 1.640677e+01
    endloop
  endfacet
  facet normal 0.000000e+00 -1.000000e+00 0.000000e+00
    outer loop
      vertex   -1.596863e+01 3.025000e+00 1.447500e+01
      vertex   -2.137215e+01 3.025000e+00 1.640677e+01
      vertex   -2.143708e+01 3.025000e+00 1.625000e+01
    endloop
  endfacet
  facet normal 0.000000e+00 -1.000000e+00 0.000000e+00
    outer loop
      vertex   -2.350000e+01 3.025000e+00 1.907500e+01
      vertex   -2.183177e+01 3.025000e+00 1.720285e+01
      vertex   -1.596863e+01 3.025000e+00 1.907500e+01
    endloop
  endfacet
  facet normal 0.000000e+00 -1.000000e+00 0.000000e+00
    outer loop
      vertex   -1.596863e+01 3.025000e+00 1.907500e+01
      vertex   -2.183177e+01 3.025000e+00 1.720285e+01
      vertex   -2.167500e+01 3.025000e+00 1.713792e+01
    endloop
  endfacet
  facet normal 0.000000e+00 -1.000000e+00 0.000000e+00
    outer loop
      vertex   -1.596863e+01 3.025000e+00 1.907500e+01
      vertex   -2.167500e+01 3.025000e+00 1.713792e+01
      vertex   -2.154038e+01 3.025000e+00 1.703462e+01
    endloop
  endfacet
  facet normal 0.000000e+00 -1.000000e+00 0.000000e+00
    outer loop
      vertex   -2.350000e+01 3.025000e+00 1.447500e+01
      vertex   -2.265000e+01 3.025000e+00 1.657500e+01
      vertex   -2.350000e+01 3.025000e+00 1.907500e+01
    endloop
  endfacet
  facet normal 0.000000e+00 -1.000000e+00 0.000000e+00
    outer loop
      vertex   -2.350000e+01 3.025000e+00 1.907500e+01
      vertex   -2.265000e+01 3.025000e+00 1.657500e+01
      vertex   -2.262785e+01 3.025000e+00 1.674323e+01
    endloop
  endfacet
  facet normal 0.000000e+00 -1.000000e+00 0.000000e+00
    outer loop
      vertex   -2.350000e+01 3.025000e+00 1.907500e+01
      vertex   -2.262785e+01 3.025000e+00 1.674323e+01
      vertex   -2.256292e+01 3.025000e+00 1.690000e+01
    endloop
  endfacet
  facet normal 0.000000e+00 -1.000000e+00 0.000000e+00
    outer loop
      vertex   -2.256292e+01 3.025000e+00 1.690000e+01
      vertex   -2.245962e+01 3.025000e+00 1.703462e+01
      vertex   -2.350000e+01 3.025000e+00 1.907500e+01
    endloop
  endfacet
  facet normal 0.000000e+00 -1.000000e+00 0.000000e+00
    outer loop
      vertex   -2.350000e+01 3.025000e+00 1.907500e+01
      vertex   -2.245962e+01 3.025000e+00 1.703462e+01
      vertex   -2.232500e+01 3.025000e+00 1.713792e+01
    endloop
  endfacet
  facet normal 0.000000e+00 -1.000000e+00 0.000000e+00
    outer loop
      vertex   -2.350000e+01 3.025000e+00 1.907500e+01
      vertex   -2.232500e+01 3.025000e+00 1.713792e+01
      vertex   -2.216823e+01 3.025000e+00 1.720285e+01
    endloop
  endfacet
  facet normal 0.000000e+00 -1.000000e+00 0.000000e+00
    outer loop
      vertex   -2.216823e+01 3.025000e+00 1.720285e+01
      vertex   -2.200000e+01 3.025000e+00 1.722500e+01
      vertex   -2.350000e+01 3.025000e+00 1.907500e+01
    endloop
  endfacet
  facet normal 0.000000e+00 -1.000000e+00 0.000000e+00
    outer loop
      vertex   -2.350000e+01 3.025000e+00 1.907500e+01
      vertex   -2.200000e+01 3.025000e+00 1.722500e+01
      vertex   -2.183177e+01 3.025000e+00 1.720285e+01
    endloop
  endfacet
  facet normal 0.000000e+00 -1.000000e+00 0.000000e+00
    outer loop
      vertex   -2.154038e+01 3.025000e+00 1.703462e+01
      vertex   -2.143708e+01 3.025000e+00 1.690000e+01
      vertex   -1.596863e+01 3.025000e+00 1.907500e+01
    endloop
  endfacet
  facet normal 0.000000e+00 -1.000000e+00 0.000000e+00
    outer loop
      vertex   -1.596863e+01 3.025000e+00 1.907500e+01
      vertex   -2.143708e+01 3.025000e+00 1.690000e+01
      vertex   -2.137215e+01 3.025000e+00 1.674323e+01
    endloop
  endfacet
  facet normal 0.000000e+00 -1.000000e+00 0.000000e+00
    outer loop
      vertex   -1.596863e+01 3.025000e+00 1.907500e+01
      vertex   -2.137215e+01 3.025000e+00 1.674323e+01
      vertex   -2.135000e+01 3.025000e+00 1.657500e+01
    endloop
  endfacet
  facet normal 0.000000e+00 -1.000000e+00 -0.000000e+00
    outer loop
      vertex   -2.143708e+01 3.025000e+00 1.625000e+01
      vertex   -2.154038e+01 3.025000e+00 1.611538e+01
      vertex   -1.596863e+01 3.025000e+00 1.447500e+01
    endloop
  endfacet
  facet normal 0.000000e+00 -1.000000e+00 0.000000e+00
    outer loop
      vertex   -1.596863e+01 3.025000e+00 1.447500e+01
      vertex   -2.154038e+01 3.025000e+00 1.611538e+01
      vertex   -2.167500e+01 3.025000e+00 1.601208e+01
    endloop
  endfacet
  facet normal 0.000000e+00 -1.000000e+00 0.000000e+00
    outer loop
      vertex   -1.596863e+01 3.025000e+00 1.447500e+01
      vertex   -2.167500e+01 3.025000e+00 1.601208e+01
      vertex   -2.183177e+01 3.025000e+00 1.594715e+01
    endloop
  endfacet
  facet normal -0.000000e+00 -1.000000e+00 0.000000e+00
    outer loop
      vertex   -2.216823e+01 3.025000e+00 1.594715e+01
      vertex   -2.232500e+01 3.025000e+00 1.601208e+01
      vertex   -2.350000e+01 3.025000e+00 1.447500e+01
    endloop
  endfacet
  facet normal 0.000000e+00 -1.000000e+00 0.000000e+00
    outer loop
      vertex   -2.350000e+01 3.025000e+00 1.447500e+01
      vertex   -2.232500e+01 3.025000e+00 1.601208e+01
      vertex   -2.245962e+01 3.025000e+00 1.611538e+01
    endloop
  endfacet
  facet normal 0.000000e+00 -1.000000e+00 0.000000e+00
    outer loop
      vertex   -2.350000e+01 3.025000e+00 1.447500e+01
      vertex   -2.245962e+01 3.025000e+00 1.611538e+01
      vertex   -2.256292e+01 3.025000e+00 1.625000e+01
    endloop
  endfacet
  facet normal -0.000000e+00 -1.000000e+00 0.000000e+00
    outer loop
      vertex   -2.256292e+01 3.025000e+00 1.625000e+01
      vertex   -2.262785e+01 3.025000e+00 1.640677e+01
      vertex   -2.350000e+01 3.025000e+00 1.447500e+01
    endloop
  endfacet
  facet normal 0.000000e+00 -1.000000e+00 0.000000e+00
    outer loop
      vertex   -2.350000e+01 3.025000e+00 1.447500e+01
      vertex   -2.262785e+01 3.025000e+00 1.640677e+01
      vertex   -2.265000e+01 3.025000e+00 1.657500e+01
    endloop
  endfacet
  facet normal 0.000000e+00 1.000000e+00 0.000000e+00
    outer loop
      vertex   -2.350000e+01 2.025000e+00 1.447500e+01
      vertex   -2.183177e+01 2.025000e+00 1.594715e+01
      vertex   -1.596863e+01 2.025000e+00 1.447500e+01
    endloop
  endfacet
  facet normal 0.000000e+00 1.000000e+00 0.000000e+00
    outer loop
      vertex   -1.596863e+01 2.025000e+00 1.447500e+01
      vertex   -2.183177e+01 2.025000e+00 1.594715e+01
      vertex   -2.167500e+01 2.025000e+00 1.601208e+01
    endloop
  endfacet
  facet normal 0.000000e+00 1.000000e+00 0.000000e+00
    outer loop
      vertex   -1.596863e+01 2.025000e+00 1.447500e+01
      vertex   -2.167500e+01 2.025000e+00 1.601208e+01
      vertex   -2.154038e+01 2.025000e+00 1.611538e+01
    endloop
  endfacet
  facet normal 0.000000e+00 1.000000e+00 0.000000e+00
    outer loop
      vertex   -2.350000e+01 2.025000e+00 1.907500e+01
      vertex   -2.265000e+01 2.025000e+00 1.657500e+01
      vertex   -2.350000e+01 2.025000e+00 1.447500e+01
    endloop
  endfacet
  facet normal 0.000000e+00 1.000000e+00 0.000000e+00
    outer loop
      vertex   -2.350000e+01 2.025000e+00 1.447500e+01
      vertex   -2.265000e+01 2.025000e+00 1.657500e+01
      vertex   -2.262785e+01 2.025000e+00 1.640677e+01
    endloop
  endfacet
  facet normal 0.000000e+00 1.000000e+00 0.000000e+00
    outer loop
      vertex   -2.350000e+01 2.025000e+00 1.447500e+01
      vertex   -2.262785e+01 2.025000e+00 1.640677e+01
      vertex   -2.256292e+01 2.025000e+00 1.625000e+01
    endloop
  endfacet
  facet normal 0.000000e+00 1.000000e+00 0.000000e+00
    outer loop
      vertex   -1.596863e+01 2.025000e+00 1.907500e+01
      vertex   -2.183177e+01 2.025000e+00 1.720285e+01
      vertex   -2.350000e+01 2.025000e+00 1.907500e+01
    endloop
  endfacet
  facet normal 0.000000e+00 1.000000e+00 0.000000e+00
    outer loop
      vertex   -2.350000e+01 2.025000e+00 1.907500e+01
      vertex   -2.183177e+01 2.025000e+00 1.720285e+01
      vertex   -2.200000e+01 2.025000e+00 1.722500e+01
    endloop
  endfacet
  facet normal 0.000000e+00 1.000000e+00 0.000000e+00
    outer loop
      vertex   -2.350000e+01 2.025000e+00 1.907500e+01
      vertex   -2.200000e+01 2.025000e+00 1.722500e+01
      vertex   -2.216823e+01 2.025000e+00 1.720285e+01
    endloop
  endfacet
  facet normal 0.000000e+00 1.000000e+00 -0.000000e+00
    outer loop
      vertex   -1.596863e+01 2.025000e+00 1.447500e+01
      vertex   -2.135000e+01 2.025000e+00 1.657500e+01
      vertex   -1.596863e+01 2.025000e+00 1.907500e+01
    endloop
  endfacet
  facet normal 0.000000e+00 1.000000e+00 0.000000e+00
    outer loop
      vertex   -1.596863e+01 2.025000e+00 1.907500e+01
      vertex   -2.135000e+01 2.025000e+00 1.657500e+01
      vertex   -2.137215e+01 2.025000e+00 1.674323e+01
    endloop
  endfacet
  facet normal 0.000000e+00 1.000000e+00 0.000000e+00
    outer loop
      vertex   -1.596863e+01 2.025000e+00 1.907500e+01
      vertex   -2.137215e+01 2.025000e+00 1.674323e+01
      vertex   -2.143708e+01 2.025000e+00 1.690000e+01
    endloop
  endfacet
  facet normal 0.000000e+00 1.000000e+00 0.000000e+00
    outer loop
      vertex   -2.256292e+01 2.025000e+00 1.625000e+01
      vertex   -2.245962e+01 2.025000e+00 1.611538e+01
      vertex   -2.350000e+01 2.025000e+00 1.447500e+01
    endloop
  endfacet
  facet normal 0.000000e+00 1.000000e+00 0.000000e+00
    outer loop
      vertex   -2.350000e+01 2.025000e+00 1.447500e+01
      vertex   -2.245962e+01 2.025000e+00 1.611538e+01
      vertex   -2.232500e+01 2.025000e+00 1.601208e+01
    endloop
  endfacet
  facet normal 0.000000e+00 1.000000e+00 0.000000e+00
    outer loop
      vertex   -2.350000e+01 2.025000e+00 1.447500e+01
      vertex   -2.232500e+01 2.025000e+00 1.601208e+01
      vertex   -2.216823e+01 2.025000e+00 1.594715e+01
    endloop
  endfacet
  facet normal 0.000000e+00 1.000000e+00 0.000000e+00
    outer loop
      vertex   -2.216823e+01 2.025000e+00 1.594715e+01
      vertex   -2.200000e+01 2.025000e+00 1.592500e+01
      vertex   -2.350000e+01 2.025000e+00 1.447500e+01
    endloop
  endfacet
  facet normal 0.000000e+00 1.000000e+00 0.000000e+00
    outer loop
      vertex   -2.350000e+01 2.025000e+00 1.447500e+01
      vertex   -2.200000e+01 2.025000e+00 1.592500e+01
      vertex   -2.183177e+01 2.025000e+00 1.594715e+01
    endloop
  endfacet
  facet normal -0.000000e+00 1.000000e+00 0.000000e+00
    outer loop
      vertex   -2.154038e+01 2.025000e+00 1.611538e+01
      vertex   -2.143708e+01 2.025000e+00 1.625000e+01
      vertex   -1.596863e+01 2.025000e+00 1.447500e+01
    endloop
  endfacet
  facet normal 0.000000e+00 1.000000e+00 0.000000e+00
    outer loop
      vertex   -1.596863e+01 2.025000e+00 1.447500e+01
      vertex   -2.143708e+01 2.025000e+00 1.625000e+01
      vertex   -2.137215e+01 2.025000e+00 1.640677e+01
    endloop
  endfacet
  facet normal 0.000000e+00 1.000000e+00 0.000000e+00
    outer loop
      vertex   -1.596863e+01 2.025000e+00 1.447500e+01
      vertex   -2.137215e+01 2.025000e+00 1.640677e+01
      vertex   -2.135000e+01 2.025000e+00 1.657500e+01
    endloop
  endfacet
  facet normal 0.000000e+00 1.000000e+00 -0.000000e+00
    outer loop
      vertex   -2.143708e+01 2.025000e+00 1.690000e+01
      vertex   -2.154038e+01 2.025000e+00 1.703462e+01
      vertex   -1.596863e+01 2.025000e+00 1.907500e+01
    endloop
  endfacet
  facet normal 0.000000e+00 1.000000e+00 0.000000e+00
    outer loop
      vertex   -1.596863e+01 2.025000e+00 1.907500e+01
      vertex   -2.154038e+01 2.025000e+00 1.703462e+01
      vertex   -2.167500e+01 2.025000e+00 1.713792e+01
    endloop
  endfacet
  facet normal 0.000000e+00 1.000000e+00 0.000000e+00
    outer loop
      vertex   -1.596863e+01 2.025000e+00 1.907500e+01
      vertex   -2.167500e+01 2.025000e+00 1.713792e+01
      vertex   -2.183177e+01 2.025000e+00 1.720285e+01
    endloop
  endfacet
  facet normal 0.000000e+00 1.000000e+00 0.000000e+00
    outer loop
      vertex   -2.216823e+01 2.025000e+00 1.720285e+01
      vertex   -2.232500e+01 2.025000e+00 1.713792e+01
      vertex   -2.350000e+01 2.025000e+00 1.907500e+01
    endloop
  endfacet
  facet normal 0.000000e+00 1.000000e+00 0.000000e+00
    outer loop
      vertex   -2.350000e+01 2.025000e+00 1.907500e+01
      vertex   -2.232500e+01 2.025000e+00 1.713792e+01
      vertex   -2.245962e+01 2.025000e+00 1.703462e+01
    endloop
  endfacet
  facet normal 0.000000e+00 1.000000e+00 0.000000e+00
    outer loop
      vertex   -2.350000e+01 2.025000e+00 1.907500e+01
      vertex   -2.245962e+01 2.025000e+00 1.703462e+01
      vertex   -2.256292e+01 2.025000e+00 1.690000e+01
    endloop
  endfacet
  facet normal 0.000000e+00 1.000000e+00 0.000000e+00
    outer loop
      vertex   -2.256292e+01 2.025000e+00 1.690000e+01
      vertex   -2.262785e+01 2.025000e+00 1.674323e+01
      vertex   -2.350000e+01 2.025000e+00 1.907500e+01
    endloop
  endfacet
  facet normal 0.000000e+00 1.000000e+00 0.000000e+00
    outer loop
      vertex   -2.350000e+01 2.025000e+00 1.907500e+01
      vertex   -2.262785e+01 2.025000e+00 1.674323e+01
      vertex   -2.265000e+01 2.025000e+00 1.657500e+01
    endloop
  endfacet
  facet normal -9.598079e-01 2.806576e-01 0.000000e+00
    outer loop
      vertex   -2.362132e+00 6.175000e+00 1.407500e+01
      vertex   -2.395262e+00 6.061703e+00 1.407071e+01
      vertex   -2.362132e+00 6.175000e+00 1.447500e+01
    endloop
  endfacet
  facet normal -9.515108e-01 3.075059e-01 -8.203783e-03
    outer loop
      vertex   -2.362132e+00 6.175000e+00 1.447500e+01
      vertex   -2.395262e+00 6.061703e+00 1.407071e+01
      vertex   -2.409620e+00 6.028060e+00 1.447500e+01
    endloop
  endfacet
  facet normal -8.929023e-01 4.502137e-01 5.753452e-03
    outer loop
      vertex   -2.409620e+00 6.028060e+00 1.447500e+01
      vertex   -2.395262e+00 6.061703e+00 1.407071e+01
      vertex   -2.448432e+00 5.956401e+00 1.405893e+01
    endloop
  endfacet
  facet normal -8.521008e-01 5.232696e-01 -1.063489e-02
    outer loop
      vertex   -2.409620e+00 6.028060e+00 1.447500e+01
      vertex   -2.448432e+00 5.956401e+00 1.405893e+01
      vertex   -2.490430e+00 5.896468e+00 1.447500e+01
    endloop
  endfacet
  facet normal -7.997513e-01 6.003039e-01 5.745883e-03
    outer loop
      vertex   -2.490430e+00 5.896468e+00 1.447500e+01
      vertex   -2.448432e+00 5.956401e+00 1.405893e+01
      vertex   -2.517636e+00 5.864363e+00 1.404247e+01
    endloop
  endfacet
  facet normal -7.046341e-01 7.095217e-01 -8.343813e-03
    outer loop
      vertex   -2.490430e+00 5.896468e+00 1.447500e+01
      vertex   -2.517636e+00 5.864363e+00 1.404247e+01
      vertex   -2.600000e+00 5.787652e+00 1.447500e+01
    endloop
  endfacet
  facet normal -6.815447e-01 7.317765e-01 -2.586195e-15
    outer loop
      vertex   -2.600000e+00 5.787652e+00 1.447500e+01
      vertex   -2.517636e+00 5.864363e+00 1.404247e+01
      vertex   -2.600000e+00 5.787652e+00 1.402412e+01
    endloop
  endfacet
  facet normal -6.269404e-01 -7.790672e-01 -1.390471e-15
    outer loop
      vertex   -2.600000e+00 -7.876525e-01 1.447500e+01
      vertex   -2.600000e+00 -7.876525e-01 1.407453e+01
      vertex   -2.585066e+00 -7.996702e-01 1.447500e+01
    endloop
  endfacet
  facet normal -6.496484e-01 -7.602335e-01 1.411997e-03
    outer loop
      vertex   -2.585066e+00 -7.996702e-01 1.447500e+01
      vertex   -2.600000e+00 -7.876525e-01 1.407453e+01
      vertex   -2.556294e+00 -8.250002e-01 1.407500e+01
    endloop
  endfacet
  facet normal -6.496397e-01 -7.602409e-01 1.413092e-03
    outer loop
      vertex   -2.585066e+00 -7.996702e-01 1.447500e+01
      vertex   -2.556294e+00 -8.250002e-01 1.407500e+01
      vertex   -2.570493e+00 -8.121231e-01 1.447500e+01
    endloop
  endfacet
  facet normal -6.717753e-01 -7.407549e-01 1.491788e-15
    outer loop
      vertex   -2.570493e+00 -8.121231e-01 1.447500e+01
      vertex   -2.556294e+00 -8.250002e-01 1.407500e+01
      vertex   -2.556294e+00 -8.250002e-01 1.447500e+01
    endloop
  endfacet
  facet normal -1.000000e+00 0.000000e+00 0.000000e+00
    outer loop
      vertex   -2.350000e+01 8.300000e+00 1.447500e+01
      vertex   -2.350000e+01 3.025000e+00 1.447500e+01
      vertex   -2.350000e+01 8.300000e+00 1.907500e+01
    endloop
  endfacet
  facet normal -1.000000e+00 -0.000000e+00 0.000000e+00
    outer loop
      vertex   -2.350000e+01 8.300000e+00 1.907500e+01
      vertex   -2.350000e+01 3.025000e+00 1.447500e+01
      vertex   -2.350000e+01 3.025000e+00 1.907500e+01
    endloop
  endfacet
endsolid
