ISO-10303-21;
HEADER;
/* Generated by software containing ST-Developer
 * from STEP Tools, Inc. (www.steptools.com) 
 */

FILE_DESCRIPTION(
/* description */ (''),
/* implementation_level */ '2;1');

FILE_NAME(
/* name */ 'mouse_base.step',
/* time_stamp */ '2026-08-05T15:28:51-04:00',
/* author */ (''),
/* organization */ (''),
/* preprocessor_version */ 'ST-DEVELOPER v20.1',
/* originating_system */ 'Autodesk Translation Framework v15.8.0.0',
/* authorisation */ '');

FILE_SCHEMA (('AUTOMOTIVE_DESIGN { 1 0 10303 214 3 1 1 }'));
ENDSEC;

DATA;
#10=MECHANICAL_DESIGN_GEOMETRIC_PRESENTATION_REPRESENTATION('',(#13),#2411);
#11=SHAPE_REPRESENTATION_RELATIONSHIP('SRR','None',#2418,#12);
#12=ADVANCED_BREP_SHAPE_REPRESENTATION('',(#14),#2410);
#13=STYLED_ITEM('',(#2427),#14);
#14=MANIFOLD_SOLID_BREP('Body12',#1479);
#15=PLANE('',#1503);
#16=PLANE('',#1504);
#17=PLANE('',#1505);
#18=PLANE('',#1506);
#19=PLANE('',#1507);
#20=PLANE('',#1517);
#21=PLANE('',#1518);
#22=PLANE('',#1519);
#23=PLANE('',#1520);
#24=PLANE('',#1521);
#25=PLANE('',#1522);
#26=PLANE('',#1523);
#27=PLANE('',#1524);
#28=PLANE('',#1525);
#29=PLANE('',#1526);
#30=PLANE('',#1527);
#31=PLANE('',#1528);
#32=PLANE('',#1529);
#33=PLANE('',#1530);
#34=PLANE('',#1531);
#35=PLANE('',#1532);
#36=PLANE('',#1533);
#37=PLANE('',#1534);
#38=PLANE('',#1535);
#39=PLANE('',#1536);
#40=PLANE('',#1537);
#41=PLANE('',#1539);
#42=PLANE('',#1540);
#43=PLANE('',#1541);
#44=PLANE('',#1542);
#45=PLANE('',#1543);
#46=PLANE('',#1544);
#47=PLANE('',#1545);
#48=PLANE('',#1546);
#49=PLANE('',#1547);
#50=PLANE('',#1549);
#51=PLANE('',#1550);
#52=PLANE('',#1551);
#53=PLANE('',#1552);
#54=PLANE('',#1553);
#55=PLANE('',#1554);
#56=PLANE('',#1555);
#57=PLANE('',#1556);
#58=PLANE('',#1557);
#59=PLANE('',#1558);
#60=PLANE('',#1559);
#61=PLANE('',#1560);
#62=PLANE('',#1561);
#63=PLANE('',#1562);
#64=PLANE('',#1563);
#65=PLANE('',#1564);
#66=PLANE('',#1565);
#67=PLANE('',#1566);
#68=PLANE('',#1567);
#69=PLANE('',#1568);
#70=PLANE('',#1569);
#71=PLANE('',#1570);
#72=PLANE('',#1571);
#73=PLANE('',#1572);
#74=PLANE('',#1574);
#75=PLANE('',#1575);
#76=PLANE('',#1576);
#77=PLANE('',#1577);
#78=PLANE('',#1578);
#79=PLANE('',#1580);
#80=PLANE('',#1582);
#81=PLANE('',#1583);
#82=PLANE('',#1585);
#83=PLANE('',#1587);
#84=PLANE('',#1590);
#85=PLANE('',#1591);
#86=PLANE('',#1592);
#87=PLANE('',#1593);
#88=PLANE('',#1594);
#89=PLANE('',#1595);
#90=PLANE('',#1596);
#91=FACE_OUTER_BOUND('',#171,.T.);
#92=FACE_OUTER_BOUND('',#172,.T.);
#93=FACE_OUTER_BOUND('',#173,.T.);
#94=FACE_OUTER_BOUND('',#174,.T.);
#95=FACE_OUTER_BOUND('',#175,.T.);
#96=FACE_OUTER_BOUND('',#176,.T.);
#97=FACE_OUTER_BOUND('',#177,.T.);
#98=FACE_OUTER_BOUND('',#178,.T.);
#99=FACE_OUTER_BOUND('',#179,.T.);
#100=FACE_OUTER_BOUND('',#180,.T.);
#101=FACE_OUTER_BOUND('',#181,.T.);
#102=FACE_OUTER_BOUND('',#182,.T.);
#103=FACE_OUTER_BOUND('',#183,.T.);
#104=FACE_OUTER_BOUND('',#184,.T.);
#105=FACE_OUTER_BOUND('',#185,.T.);
#106=FACE_OUTER_BOUND('',#186,.T.);
#107=FACE_OUTER_BOUND('',#187,.T.);
#108=FACE_OUTER_BOUND('',#188,.T.);
#109=FACE_OUTER_BOUND('',#189,.T.);
#110=FACE_OUTER_BOUND('',#190,.T.);
#111=FACE_OUTER_BOUND('',#191,.T.);
#112=FACE_OUTER_BOUND('',#192,.T.);
#113=FACE_OUTER_BOUND('',#193,.T.);
#114=FACE_OUTER_BOUND('',#194,.T.);
#115=FACE_OUTER_BOUND('',#195,.T.);
#116=FACE_OUTER_BOUND('',#196,.T.);
#117=FACE_OUTER_BOUND('',#197,.T.);
#118=FACE_OUTER_BOUND('',#198,.T.);
#119=FACE_OUTER_BOUND('',#199,.T.);
#120=FACE_OUTER_BOUND('',#200,.T.);
#121=FACE_OUTER_BOUND('',#201,.T.);
#122=FACE_OUTER_BOUND('',#202,.T.);
#123=FACE_OUTER_BOUND('',#203,.T.);
#124=FACE_OUTER_BOUND('',#204,.T.);
#125=FACE_OUTER_BOUND('',#205,.T.);
#126=FACE_OUTER_BOUND('',#206,.T.);
#127=FACE_OUTER_BOUND('',#207,.T.);
#128=FACE_OUTER_BOUND('',#208,.T.);
#129=FACE_OUTER_BOUND('',#209,.T.);
#130=FACE_OUTER_BOUND('',#210,.T.);
#131=FACE_OUTER_BOUND('',#211,.T.);
#132=FACE_OUTER_BOUND('',#212,.T.);
#133=FACE_OUTER_BOUND('',#213,.T.);
#134=FACE_OUTER_BOUND('',#214,.T.);
#135=FACE_OUTER_BOUND('',#215,.T.);
#136=FACE_OUTER_BOUND('',#216,.T.);
#137=FACE_OUTER_BOUND('',#217,.T.);
#138=FACE_OUTER_BOUND('',#218,.T.);
#139=FACE_OUTER_BOUND('',#219,.T.);
#140=FACE_OUTER_BOUND('',#220,.T.);
#141=FACE_OUTER_BOUND('',#221,.T.);
#142=FACE_OUTER_BOUND('',#222,.T.);
#143=FACE_OUTER_BOUND('',#223,.T.);
#144=FACE_OUTER_BOUND('',#224,.T.);
#145=FACE_OUTER_BOUND('',#225,.T.);
#146=FACE_OUTER_BOUND('',#226,.T.);
#147=FACE_OUTER_BOUND('',#227,.T.);
#148=FACE_OUTER_BOUND('',#228,.T.);
#149=FACE_OUTER_BOUND('',#229,.T.);
#150=FACE_OUTER_BOUND('',#230,.T.);
#151=FACE_OUTER_BOUND('',#231,.T.);
#152=FACE_OUTER_BOUND('',#232,.T.);
#153=FACE_OUTER_BOUND('',#233,.T.);
#154=FACE_OUTER_BOUND('',#234,.T.);
#155=FACE_OUTER_BOUND('',#235,.T.);
#156=FACE_OUTER_BOUND('',#236,.T.);
#157=FACE_OUTER_BOUND('',#237,.T.);
#158=FACE_OUTER_BOUND('',#238,.T.);
#159=FACE_OUTER_BOUND('',#239,.T.);
#160=FACE_OUTER_BOUND('',#240,.T.);
#161=FACE_OUTER_BOUND('',#241,.T.);
#162=FACE_OUTER_BOUND('',#242,.T.);
#163=FACE_OUTER_BOUND('',#243,.T.);
#164=FACE_OUTER_BOUND('',#244,.T.);
#165=FACE_OUTER_BOUND('',#245,.T.);
#166=FACE_OUTER_BOUND('',#246,.T.);
#167=FACE_OUTER_BOUND('',#247,.T.);
#168=FACE_OUTER_BOUND('',#248,.T.);
#169=FACE_OUTER_BOUND('',#249,.T.);
#170=FACE_OUTER_BOUND('',#250,.T.);
#171=EDGE_LOOP('',(#979,#980,#981,#982,#983,#984,#985,#986));
#172=EDGE_LOOP('',(#987,#988,#989,#990));
#173=EDGE_LOOP('',(#991,#992,#993,#994,#995,#996));
#174=EDGE_LOOP('',(#997,#998,#999,#1000,#1001));
#175=EDGE_LOOP('',(#1002,#1003,#1004,#1005));
#176=EDGE_LOOP('',(#1006,#1007,#1008,#1009,#1010));
#177=EDGE_LOOP('',(#1011,#1012,#1013,#1014,#1015,#1016,#1017,#1018,#1019,
#1020));
#178=EDGE_LOOP('',(#1021,#1022,#1023,#1024,#1025,#1026,#1027,#1028,#1029,
#1030,#1031,#1032));
#179=EDGE_LOOP('',(#1033,#1034,#1035,#1036,#1037,#1038,#1039,#1040));
#180=EDGE_LOOP('',(#1041,#1042,#1043,#1044));
#181=EDGE_LOOP('',(#1045,#1046,#1047,#1048));
#182=EDGE_LOOP('',(#1049,#1050,#1051,#1052,#1053));
#183=EDGE_LOOP('',(#1054,#1055,#1056,#1057));
#184=EDGE_LOOP('',(#1058,#1059,#1060,#1061,#1062,#1063));
#185=EDGE_LOOP('',(#1064,#1065,#1066,#1067));
#186=EDGE_LOOP('',(#1068,#1069,#1070,#1071));
#187=EDGE_LOOP('',(#1072,#1073,#1074,#1075,#1076,#1077,#1078,#1079));
#188=EDGE_LOOP('',(#1080,#1081,#1082,#1083,#1084,#1085,#1086,#1087,#1088,
#1089));
#189=EDGE_LOOP('',(#1090,#1091,#1092,#1093,#1094));
#190=EDGE_LOOP('',(#1095,#1096,#1097,#1098));
#191=EDGE_LOOP('',(#1099,#1100,#1101,#1102));
#192=EDGE_LOOP('',(#1103,#1104,#1105,#1106));
#193=EDGE_LOOP('',(#1107,#1108,#1109,#1110));
#194=EDGE_LOOP('',(#1111,#1112,#1113,#1114));
#195=EDGE_LOOP('',(#1115,#1116,#1117,#1118));
#196=EDGE_LOOP('',(#1119,#1120,#1121,#1122));
#197=EDGE_LOOP('',(#1123,#1124,#1125,#1126));
#198=EDGE_LOOP('',(#1127,#1128,#1129,#1130));
#199=EDGE_LOOP('',(#1131,#1132,#1133,#1134,#1135));
#200=EDGE_LOOP('',(#1136,#1137,#1138,#1139,#1140));
#201=EDGE_LOOP('',(#1141,#1142,#1143,#1144));
#202=EDGE_LOOP('',(#1145,#1146,#1147,#1148));
#203=EDGE_LOOP('',(#1149,#1150,#1151,#1152));
#204=EDGE_LOOP('',(#1153,#1154,#1155,#1156));
#205=EDGE_LOOP('',(#1157,#1158,#1159,#1160));
#206=EDGE_LOOP('',(#1161,#1162,#1163,#1164));
#207=EDGE_LOOP('',(#1165,#1166,#1167,#1168));
#208=EDGE_LOOP('',(#1169,#1170,#1171,#1172,#1173));
#209=EDGE_LOOP('',(#1174,#1175,#1176,#1177,#1178));
#210=EDGE_LOOP('',(#1179,#1180,#1181,#1182));
#211=EDGE_LOOP('',(#1183,#1184,#1185,#1186));
#212=EDGE_LOOP('',(#1187,#1188,#1189,#1190));
#213=EDGE_LOOP('',(#1191,#1192,#1193,#1194));
#214=EDGE_LOOP('',(#1195,#1196,#1197,#1198));
#215=EDGE_LOOP('',(#1199,#1200,#1201,#1202));
#216=EDGE_LOOP('',(#1203,#1204,#1205,#1206));
#217=EDGE_LOOP('',(#1207,#1208,#1209,#1210,#1211));
#218=EDGE_LOOP('',(#1212,#1213,#1214,#1215));
#219=EDGE_LOOP('',(#1216,#1217,#1218,#1219));
#220=EDGE_LOOP('',(#1220,#1221,#1222,#1223));
#221=EDGE_LOOP('',(#1224,#1225,#1226,#1227));
#222=EDGE_LOOP('',(#1228,#1229,#1230,#1231));
#223=EDGE_LOOP('',(#1232,#1233,#1234,#1235));
#224=EDGE_LOOP('',(#1236,#1237,#1238,#1239));
#225=EDGE_LOOP('',(#1240,#1241,#1242,#1243));
#226=EDGE_LOOP('',(#1244,#1245,#1246,#1247));
#227=EDGE_LOOP('',(#1248,#1249,#1250,#1251));
#228=EDGE_LOOP('',(#1252,#1253,#1254,#1255));
#229=EDGE_LOOP('',(#1256,#1257,#1258,#1259,#1260,#1261,#1262,#1263,#1264,
#1265,#1266,#1267));
#230=EDGE_LOOP('',(#1268,#1269,#1270,#1271));
#231=EDGE_LOOP('',(#1272,#1273,#1274,#1275));
#232=EDGE_LOOP('',(#1276,#1277,#1278,#1279));
#233=EDGE_LOOP('',(#1280,#1281,#1282,#1283,#1284,#1285,#1286,#1287,#1288,
#1289,#1290,#1291));
#234=EDGE_LOOP('',(#1292,#1293,#1294,#1295));
#235=EDGE_LOOP('',(#1296,#1297,#1298,#1299));
#236=EDGE_LOOP('',(#1300,#1301,#1302,#1303));
#237=EDGE_LOOP('',(#1304,#1305,#1306,#1307));
#238=EDGE_LOOP('',(#1308,#1309,#1310,#1311,#1312));
#239=EDGE_LOOP('',(#1313,#1314,#1315,#1316,#1317,#1318,#1319,#1320,#1321,
#1322,#1323,#1324));
#240=EDGE_LOOP('',(#1325,#1326,#1327,#1328,#1329));
#241=EDGE_LOOP('',(#1330,#1331,#1332,#1333));
#242=EDGE_LOOP('',(#1334,#1335,#1336,#1337));
#243=EDGE_LOOP('',(#1338,#1339,#1340,#1341,#1342,#1343,#1344,#1345,#1346,
#1347,#1348,#1349));
#244=EDGE_LOOP('',(#1350,#1351,#1352,#1353));
#245=EDGE_LOOP('',(#1354,#1355,#1356,#1357,#1358));
#246=EDGE_LOOP('',(#1359,#1360,#1361,#1362));
#247=EDGE_LOOP('',(#1363,#1364,#1365,#1366));
#248=EDGE_LOOP('',(#1367,#1368,#1369,#1370,#1371,#1372,#1373,#1374));
#249=EDGE_LOOP('',(#1375,#1376,#1377,#1378,#1379,#1380,#1381,#1382));
#250=EDGE_LOOP('',(#1383,#1384,#1385,#1386,#1387,#1388,#1389,#1390,#1391,
#1392,#1393,#1394));
#251=CIRCLE('',#1498,16.);
#252=CIRCLE('',#1501,16.);
#253=ELLIPSE('',#1494,33.6629196555965,16.);
#254=ELLIPSE('',#1495,16.678585348109,16.);
#255=ELLIPSE('',#1496,33.6629196555965,16.);
#256=ELLIPSE('',#1497,32.2933092494329,16.);
#257=ELLIPSE('',#1499,32.2933092494329,16.);
#258=ELLIPSE('',#1502,16.678585348109,16.);
#259=ELLIPSE('',#1509,1.49217101864867,1.3);
#260=ELLIPSE('',#1510,1.49217101864867,1.3);
#261=ELLIPSE('',#1511,3.89923078045641,1.3);
#262=ELLIPSE('',#1512,1.49217101864867,1.3);
#263=ELLIPSE('',#1513,2.21715196775015,1.3);
#264=ELLIPSE('',#1514,2.21715196775015,1.3);
#265=ELLIPSE('',#1515,1.49217101864867,1.3);
#266=ELLIPSE('',#1516,3.89923078045641,1.3);
#267=ELLIPSE('',#1538,2.22374319092665,1.3);
#268=ELLIPSE('',#1548,2.22374319092665,1.3);
#269=ELLIPSE('',#1573,1.49660699432579,1.3);
#270=ELLIPSE('',#1579,3.91082254352205,1.3);
#271=ELLIPSE('',#1581,1.49660699432579,1.3);
#272=ELLIPSE('',#1584,1.49660699432579,1.3);
#273=ELLIPSE('',#1586,3.91082254352206,1.3);
#274=ELLIPSE('',#1588,1.49660699432579,1.3);
#275=LINE('',#1995,#459);
#276=LINE('',#2003,#460);
#277=LINE('',#2014,#461);
#278=LINE('',#2017,#462);
#279=LINE('',#2020,#463);
#280=LINE('',#2022,#464);
#281=LINE('',#2024,#465);
#282=LINE('',#2026,#466);
#283=LINE('',#2027,#467);
#284=LINE('',#2030,#468);
#285=LINE('',#2032,#469);
#286=LINE('',#2034,#470);
#287=LINE('',#2035,#471);
#288=LINE('',#2038,#472);
#289=LINE('',#2039,#473);
#290=LINE('',#2042,#474);
#291=LINE('',#2044,#475);
#292=LINE('',#2045,#476);
#293=LINE('',#2048,#477);
#294=LINE('',#2050,#478);
#295=LINE('',#2052,#479);
#296=LINE('',#2053,#480);
#297=LINE('',#2055,#481);
#298=LINE('',#2056,#482);
#299=LINE('',#2062,#483);
#300=LINE('',#2070,#484);
#301=LINE('',#2074,#485);
#302=LINE('',#2078,#486);
#303=LINE('',#2084,#487);
#304=LINE('',#2086,#488);
#305=LINE('',#2088,#489);
#306=LINE('',#2090,#490);
#307=LINE('',#2092,#491);
#308=LINE('',#2094,#492);
#309=LINE('',#2095,#493);
#310=LINE('',#2098,#494);
#311=LINE('',#2099,#495);
#312=LINE('',#2102,#496);
#313=LINE('',#2103,#497);
#314=LINE('',#2106,#498);
#315=LINE('',#2108,#499);
#316=LINE('',#2109,#500);
#317=LINE('',#2111,#501);
#318=LINE('',#2112,#502);
#319=LINE('',#2115,#503);
#320=LINE('',#2117,#504);
#321=LINE('',#2119,#505);
#322=LINE('',#2120,#506);
#323=LINE('',#2124,#507);
#324=LINE('',#2125,#508);
#325=LINE('',#2126,#509);
#326=LINE('',#2130,#510);
#327=LINE('',#2131,#511);
#328=LINE('',#2132,#512);
#329=LINE('',#2135,#513);
#330=LINE('',#2137,#514);
#331=LINE('',#2139,#515);
#332=LINE('',#2141,#516);
#333=LINE('',#2143,#517);
#334=LINE('',#2145,#518);
#335=LINE('',#2146,#519);
#336=LINE('',#2149,#520);
#337=LINE('',#2150,#521);
#338=LINE('',#2152,#522);
#339=LINE('',#2154,#523);
#340=LINE('',#2155,#524);
#341=LINE('',#2158,#525);
#342=LINE('',#2159,#526);
#343=LINE('',#2161,#527);
#344=LINE('',#2164,#528);
#345=LINE('',#2165,#529);
#346=LINE('',#2168,#530);
#347=LINE('',#2169,#531);
#348=LINE('',#2172,#532);
#349=LINE('',#2173,#533);
#350=LINE('',#2175,#534);
#351=LINE('',#2176,#535);
#352=LINE('',#2180,#536);
#353=LINE('',#2181,#537);
#354=LINE('',#2184,#538);
#355=LINE('',#2185,#539);
#356=LINE('',#2188,#540);
#357=LINE('',#2189,#541);
#358=LINE('',#2192,#542);
#359=LINE('',#2196,#543);
#360=LINE('',#2197,#544);
#361=LINE('',#2200,#545);
#362=LINE('',#2201,#546);
#363=LINE('',#2204,#547);
#364=LINE('',#2205,#548);
#365=LINE('',#2208,#549);
#366=LINE('',#2209,#550);
#367=LINE('',#2212,#551);
#368=LINE('',#2213,#552);
#369=LINE('',#2216,#553);
#370=LINE('',#2217,#554);
#371=LINE('',#2220,#555);
#372=LINE('',#2221,#556);
#373=LINE('',#2225,#557);
#374=LINE('',#2227,#558);
#375=LINE('',#2229,#559);
#376=LINE('',#2230,#560);
#377=LINE('',#2232,#561);
#378=LINE('',#2236,#562);
#379=LINE('',#2237,#563);
#380=LINE('',#2240,#564);
#381=LINE('',#2241,#565);
#382=LINE('',#2244,#566);
#383=LINE('',#2245,#567);
#384=LINE('',#2248,#568);
#385=LINE('',#2249,#569);
#386=LINE('',#2251,#570);
#387=LINE('',#2254,#571);
#388=LINE('',#2255,#572);
#389=LINE('',#2258,#573);
#390=LINE('',#2259,#574);
#391=LINE('',#2262,#575);
#392=LINE('',#2263,#576);
#393=LINE('',#2265,#577);
#394=LINE('',#2268,#578);
#395=LINE('',#2270,#579);
#396=LINE('',#2272,#580);
#397=LINE('',#2276,#581);
#398=LINE('',#2277,#582);
#399=LINE('',#2278,#583);
#400=LINE('',#2281,#584);
#401=LINE('',#2282,#585);
#402=LINE('',#2285,#586);
#403=LINE('',#2286,#587);
#404=LINE('',#2290,#588);
#405=LINE('',#2291,#589);
#406=LINE('',#2292,#590);
#407=LINE('',#2295,#591);
#408=LINE('',#2296,#592);
#409=LINE('',#2299,#593);
#410=LINE('',#2300,#594);
#411=LINE('',#2303,#595);
#412=LINE('',#2304,#596);
#413=LINE('',#2308,#597);
#414=LINE('',#2310,#598);
#415=LINE('',#2312,#599);
#416=LINE('',#2314,#600);
#417=LINE('',#2316,#601);
#418=LINE('',#2318,#602);
#419=LINE('',#2319,#603);
#420=LINE('',#2321,#604);
#421=LINE('',#2323,#605);
#422=LINE('',#2324,#606);
#423=LINE('',#2328,#607);
#424=LINE('',#2330,#608);
#425=LINE('',#2332,#609);
#426=LINE('',#2333,#610);
#427=LINE('',#2335,#611);
#428=LINE('',#2336,#612);
#429=LINE('',#2341,#613);
#430=LINE('',#2342,#614);
#431=LINE('',#2345,#615);
#432=LINE('',#2347,#616);
#433=LINE('',#2348,#617);
#434=LINE('',#2349,#618);
#435=LINE('',#2352,#619);
#436=LINE('',#2353,#620);
#437=LINE('',#2357,#621);
#438=LINE('',#2358,#622);
#439=LINE('',#2359,#623);
#440=LINE('',#2362,#624);
#441=LINE('',#2363,#625);
#442=LINE('',#2367,#626);
#443=LINE('',#2371,#627);
#444=LINE('',#2374,#628);
#445=LINE('',#2375,#629);
#446=LINE('',#2376,#630);
#447=LINE('',#2377,#631);
#448=LINE('',#2381,#632);
#449=LINE('',#2385,#633);
#450=LINE('',#2390,#634);
#451=LINE('',#2393,#635);
#452=LINE('',#2394,#636);
#453=LINE('',#2397,#637);
#454=LINE('',#2398,#638);
#455=LINE('',#2401,#639);
#456=LINE('',#2402,#640);
#457=LINE('',#2404,#641);
#458=LINE('',#2406,#642);
#459=VECTOR('',#1601,10.);
#460=VECTOR('',#1608,10.);
#461=VECTOR('',#1619,10.);
#462=VECTOR('',#1622,10.);
#463=VECTOR('',#1625,10.);
#464=VECTOR('',#1626,10.);
#465=VECTOR('',#1627,10.);
#466=VECTOR('',#1628,10.);
#467=VECTOR('',#1629,10.);
#468=VECTOR('',#1632,10.);
#469=VECTOR('',#1633,10.);
#470=VECTOR('',#1634,10.);
#471=VECTOR('',#1635,10.);
#472=VECTOR('',#1638,10.);
#473=VECTOR('',#1639,10.);
#474=VECTOR('',#1642,10.);
#475=VECTOR('',#1643,10.);
#476=VECTOR('',#1644,10.);
#477=VECTOR('',#1647,10.);
#478=VECTOR('',#1648,10.);
#479=VECTOR('',#1649,10.);
#480=VECTOR('',#1650,10.);
#481=VECTOR('',#1651,10.);
#482=VECTOR('',#1652,10.);
#483=VECTOR('',#1657,10.);
#484=VECTOR('',#1664,10.);
#485=VECTOR('',#1667,10.);
#486=VECTOR('',#1670,10.);
#487=VECTOR('',#1677,10.);
#488=VECTOR('',#1678,10.);
#489=VECTOR('',#1679,10.);
#490=VECTOR('',#1680,10.);
#491=VECTOR('',#1681,10.);
#492=VECTOR('',#1682,10.);
#493=VECTOR('',#1683,10.);
#494=VECTOR('',#1686,10.);
#495=VECTOR('',#1687,10.);
#496=VECTOR('',#1690,10.);
#497=VECTOR('',#1691,10.);
#498=VECTOR('',#1694,10.);
#499=VECTOR('',#1695,10.);
#500=VECTOR('',#1696,10.);
#501=VECTOR('',#1699,10.);
#502=VECTOR('',#1700,10.);
#503=VECTOR('',#1703,10.);
#504=VECTOR('',#1704,10.);
#505=VECTOR('',#1705,10.);
#506=VECTOR('',#1706,10.);
#507=VECTOR('',#1709,10.);
#508=VECTOR('',#1710,10.);
#509=VECTOR('',#1711,10.);
#510=VECTOR('',#1714,10.);
#511=VECTOR('',#1715,10.);
#512=VECTOR('',#1716,10.);
#513=VECTOR('',#1719,10.);
#514=VECTOR('',#1720,10.);
#515=VECTOR('',#1721,10.);
#516=VECTOR('',#1722,10.);
#517=VECTOR('',#1723,10.);
#518=VECTOR('',#1724,10.);
#519=VECTOR('',#1725,10.);
#520=VECTOR('',#1728,10.);
#521=VECTOR('',#1729,10.);
#522=VECTOR('',#1730,10.);
#523=VECTOR('',#1731,10.);
#524=VECTOR('',#1732,10.);
#525=VECTOR('',#1735,10.);
#526=VECTOR('',#1736,10.);
#527=VECTOR('',#1739,10.);
#528=VECTOR('',#1742,10.);
#529=VECTOR('',#1743,10.);
#530=VECTOR('',#1746,10.);
#531=VECTOR('',#1747,10.);
#532=VECTOR('',#1750,10.);
#533=VECTOR('',#1751,10.);
#534=VECTOR('',#1754,10.);
#535=VECTOR('',#1755,10.);
#536=VECTOR('',#1760,10.);
#537=VECTOR('',#1761,10.);
#538=VECTOR('',#1764,10.);
#539=VECTOR('',#1765,10.);
#540=VECTOR('',#1768,10.);
#541=VECTOR('',#1769,10.);
#542=VECTOR('',#1772,10.);
#543=VECTOR('',#1777,10.);
#544=VECTOR('',#1778,10.);
#545=VECTOR('',#1781,10.);
#546=VECTOR('',#1782,10.);
#547=VECTOR('',#1785,10.);
#548=VECTOR('',#1786,10.);
#549=VECTOR('',#1789,10.);
#550=VECTOR('',#1790,10.);
#551=VECTOR('',#1793,10.);
#552=VECTOR('',#1794,10.);
#553=VECTOR('',#1797,10.);
#554=VECTOR('',#1798,10.);
#555=VECTOR('',#1801,10.);
#556=VECTOR('',#1802,10.);
#557=VECTOR('',#1805,10.);
#558=VECTOR('',#1806,10.);
#559=VECTOR('',#1807,10.);
#560=VECTOR('',#1808,10.);
#561=VECTOR('',#1811,10.);
#562=VECTOR('',#1816,10.);
#563=VECTOR('',#1817,10.);
#564=VECTOR('',#1820,10.);
#565=VECTOR('',#1821,10.);
#566=VECTOR('',#1824,10.);
#567=VECTOR('',#1825,10.);
#568=VECTOR('',#1828,10.);
#569=VECTOR('',#1829,10.);
#570=VECTOR('',#1832,10.);
#571=VECTOR('',#1835,10.);
#572=VECTOR('',#1836,10.);
#573=VECTOR('',#1839,10.);
#574=VECTOR('',#1840,10.);
#575=VECTOR('',#1843,10.);
#576=VECTOR('',#1844,10.);
#577=VECTOR('',#1847,10.);
#578=VECTOR('',#1852,10.);
#579=VECTOR('',#1855,10.);
#580=VECTOR('',#1858,10.);
#581=VECTOR('',#1861,10.);
#582=VECTOR('',#1862,10.);
#583=VECTOR('',#1863,10.);
#584=VECTOR('',#1866,10.);
#585=VECTOR('',#1867,10.);
#586=VECTOR('',#1870,10.);
#587=VECTOR('',#1871,10.);
#588=VECTOR('',#1874,10.);
#589=VECTOR('',#1875,10.);
#590=VECTOR('',#1876,10.);
#591=VECTOR('',#1879,10.);
#592=VECTOR('',#1880,10.);
#593=VECTOR('',#1883,10.);
#594=VECTOR('',#1884,10.);
#595=VECTOR('',#1887,10.);
#596=VECTOR('',#1888,10.);
#597=VECTOR('',#1891,10.);
#598=VECTOR('',#1892,10.);
#599=VECTOR('',#1893,10.);
#600=VECTOR('',#1894,10.);
#601=VECTOR('',#1895,10.);
#602=VECTOR('',#1896,10.);
#603=VECTOR('',#1897,10.);
#604=VECTOR('',#1898,10.);
#605=VECTOR('',#1899,10.);
#606=VECTOR('',#1900,10.);
#607=VECTOR('',#1903,10.);
#608=VECTOR('',#1904,10.);
#609=VECTOR('',#1905,10.);
#610=VECTOR('',#1906,10.);
#611=VECTOR('',#1909,10.);
#612=VECTOR('',#1910,10.);
#613=VECTOR('',#1915,10.);
#614=VECTOR('',#1916,10.);
#615=VECTOR('',#1919,10.);
#616=VECTOR('',#1920,10.);
#617=VECTOR('',#1921,10.);
#618=VECTOR('',#1922,10.);
#619=VECTOR('',#1925,10.);
#620=VECTOR('',#1926,10.);
#621=VECTOR('',#1929,10.);
#622=VECTOR('',#1930,10.);
#623=VECTOR('',#1931,10.);
#624=VECTOR('',#1934,10.);
#625=VECTOR('',#1935,10.);
#626=VECTOR('',#1940,10.);
#627=VECTOR('',#1945,10.);
#628=VECTOR('',#1948,10.);
#629=VECTOR('',#1949,10.);
#630=VECTOR('',#1950,10.);
#631=VECTOR('',#1951,10.);
#632=VECTOR('',#1956,10.);
#633=VECTOR('',#1961,10.);
#634=VECTOR('',#1970,10.);
#635=VECTOR('',#1973,10.);
#636=VECTOR('',#1974,10.);
#637=VECTOR('',#1977,10.);
#638=VECTOR('',#1978,10.);
#639=VECTOR('',#1981,10.);
#640=VECTOR('',#1982,10.);
#641=VECTOR('',#1985,10.);
#642=VECTOR('',#1988,10.);
#643=VERTEX_POINT('',#1993);
#644=VERTEX_POINT('',#1994);
#645=VERTEX_POINT('',#1996);
#646=VERTEX_POINT('',#1998);
#647=VERTEX_POINT('',#2000);
#648=VERTEX_POINT('',#2002);
#649=VERTEX_POINT('',#2004);
#650=VERTEX_POINT('',#2006);
#651=VERTEX_POINT('',#2010);
#652=VERTEX_POINT('',#2011);
#653=VERTEX_POINT('',#2013);
#654=VERTEX_POINT('',#2015);
#655=VERTEX_POINT('',#2019);
#656=VERTEX_POINT('',#2021);
#657=VERTEX_POINT('',#2023);
#658=VERTEX_POINT('',#2025);
#659=VERTEX_POINT('',#2029);
#660=VERTEX_POINT('',#2031);
#661=VERTEX_POINT('',#2033);
#662=VERTEX_POINT('',#2037);
#663=VERTEX_POINT('',#2041);
#664=VERTEX_POINT('',#2043);
#665=VERTEX_POINT('',#2047);
#666=VERTEX_POINT('',#2049);
#667=VERTEX_POINT('',#2051);
#668=VERTEX_POINT('',#2054);
#669=VERTEX_POINT('',#2058);
#670=VERTEX_POINT('',#2059);
#671=VERTEX_POINT('',#2061);
#672=VERTEX_POINT('',#2063);
#673=VERTEX_POINT('',#2065);
#674=VERTEX_POINT('',#2067);
#675=VERTEX_POINT('',#2069);
#676=VERTEX_POINT('',#2071);
#677=VERTEX_POINT('',#2073);
#678=VERTEX_POINT('',#2075);
#679=VERTEX_POINT('',#2077);
#680=VERTEX_POINT('',#2079);
#681=VERTEX_POINT('',#2083);
#682=VERTEX_POINT('',#2085);
#683=VERTEX_POINT('',#2087);
#684=VERTEX_POINT('',#2089);
#685=VERTEX_POINT('',#2091);
#686=VERTEX_POINT('',#2093);
#687=VERTEX_POINT('',#2097);
#688=VERTEX_POINT('',#2101);
#689=VERTEX_POINT('',#2105);
#690=VERTEX_POINT('',#2107);
#691=VERTEX_POINT('',#2114);
#692=VERTEX_POINT('',#2116);
#693=VERTEX_POINT('',#2118);
#694=VERTEX_POINT('',#2122);
#695=VERTEX_POINT('',#2123);
#696=VERTEX_POINT('',#2128);
#697=VERTEX_POINT('',#2129);
#698=VERTEX_POINT('',#2134);
#699=VERTEX_POINT('',#2136);
#700=VERTEX_POINT('',#2138);
#701=VERTEX_POINT('',#2140);
#702=VERTEX_POINT('',#2142);
#703=VERTEX_POINT('',#2144);
#704=VERTEX_POINT('',#2148);
#705=VERTEX_POINT('',#2151);
#706=VERTEX_POINT('',#2153);
#707=VERTEX_POINT('',#2157);
#708=VERTEX_POINT('',#2163);
#709=VERTEX_POINT('',#2167);
#710=VERTEX_POINT('',#2171);
#711=VERTEX_POINT('',#2179);
#712=VERTEX_POINT('',#2183);
#713=VERTEX_POINT('',#2187);
#714=VERTEX_POINT('',#2191);
#715=VERTEX_POINT('',#2195);
#716=VERTEX_POINT('',#2199);
#717=VERTEX_POINT('',#2203);
#718=VERTEX_POINT('',#2207);
#719=VERTEX_POINT('',#2211);
#720=VERTEX_POINT('',#2215);
#721=VERTEX_POINT('',#2219);
#722=VERTEX_POINT('',#2223);
#723=VERTEX_POINT('',#2224);
#724=VERTEX_POINT('',#2226);
#725=VERTEX_POINT('',#2228);
#726=VERTEX_POINT('',#2235);
#727=VERTEX_POINT('',#2239);
#728=VERTEX_POINT('',#2243);
#729=VERTEX_POINT('',#2247);
#730=VERTEX_POINT('',#2253);
#731=VERTEX_POINT('',#2257);
#732=VERTEX_POINT('',#2261);
#733=VERTEX_POINT('',#2274);
#734=VERTEX_POINT('',#2275);
#735=VERTEX_POINT('',#2280);
#736=VERTEX_POINT('',#2284);
#737=VERTEX_POINT('',#2288);
#738=VERTEX_POINT('',#2289);
#739=VERTEX_POINT('',#2294);
#740=VERTEX_POINT('',#2298);
#741=VERTEX_POINT('',#2302);
#742=VERTEX_POINT('',#2306);
#743=VERTEX_POINT('',#2307);
#744=VERTEX_POINT('',#2309);
#745=VERTEX_POINT('',#2311);
#746=VERTEX_POINT('',#2313);
#747=VERTEX_POINT('',#2315);
#748=VERTEX_POINT('',#2317);
#749=VERTEX_POINT('',#2320);
#750=VERTEX_POINT('',#2322);
#751=VERTEX_POINT('',#2326);
#752=VERTEX_POINT('',#2327);
#753=VERTEX_POINT('',#2329);
#754=VERTEX_POINT('',#2331);
#755=VERTEX_POINT('',#2338);
#756=VERTEX_POINT('',#2340);
#757=VERTEX_POINT('',#2344);
#758=VERTEX_POINT('',#2346);
#759=VERTEX_POINT('',#2351);
#760=VERTEX_POINT('',#2355);
#761=VERTEX_POINT('',#2356);
#762=VERTEX_POINT('',#2361);
#763=VERTEX_POINT('',#2365);
#764=VERTEX_POINT('',#2369);
#765=VERTEX_POINT('',#2373);
#766=VERTEX_POINT('',#2379);
#767=VERTEX_POINT('',#2383);
#768=VERTEX_POINT('',#2392);
#769=VERTEX_POINT('',#2396);
#770=VERTEX_POINT('',#2400);
#771=EDGE_CURVE('',#643,#644,#275,.T.);
#772=EDGE_CURVE('',#645,#643,#253,.T.);
#773=EDGE_CURVE('',#646,#645,#254,.T.);
#774=EDGE_CURVE('',#647,#646,#255,.T.);
#775=EDGE_CURVE('',#648,#647,#276,.T.);
#776=EDGE_CURVE('',#649,#648,#256,.T.);
#777=EDGE_CURVE('',#650,#649,#251,.T.);
#778=EDGE_CURVE('',#644,#650,#257,.T.);
#779=EDGE_CURVE('',#651,#652,#252,.T.);
#780=EDGE_CURVE('',#653,#651,#277,.T.);
#781=EDGE_CURVE('',#654,#653,#258,.T.);
#782=EDGE_CURVE('',#652,#654,#278,.T.);
#783=EDGE_CURVE('',#653,#655,#279,.T.);
#784=EDGE_CURVE('',#655,#656,#280,.T.);
#785=EDGE_CURVE('',#657,#656,#281,.T.);
#786=EDGE_CURVE('',#658,#657,#282,.T.);
#787=EDGE_CURVE('',#658,#654,#283,.T.);
#788=EDGE_CURVE('',#646,#659,#284,.T.);
#789=EDGE_CURVE('',#660,#659,#285,.T.);
#790=EDGE_CURVE('',#661,#660,#286,.T.);
#791=EDGE_CURVE('',#661,#647,#287,.T.);
#792=EDGE_CURVE('',#645,#662,#288,.T.);
#793=EDGE_CURVE('',#659,#662,#289,.T.);
#794=EDGE_CURVE('',#643,#663,#290,.T.);
#795=EDGE_CURVE('',#663,#664,#291,.T.);
#796=EDGE_CURVE('',#662,#664,#292,.T.);
#797=EDGE_CURVE('',#651,#665,#293,.T.);
#798=EDGE_CURVE('',#665,#666,#294,.T.);
#799=EDGE_CURVE('',#666,#667,#295,.T.);
#800=EDGE_CURVE('',#667,#648,#296,.T.);
#801=EDGE_CURVE('',#668,#661,#297,.T.);
#802=EDGE_CURVE('',#655,#668,#298,.T.);
#803=EDGE_CURVE('',#669,#670,#259,.T.);
#804=EDGE_CURVE('',#670,#671,#299,.T.);
#805=EDGE_CURVE('',#671,#672,#260,.T.);
#806=EDGE_CURVE('',#672,#673,#261,.T.);
#807=EDGE_CURVE('',#673,#674,#262,.T.);
#808=EDGE_CURVE('',#674,#675,#300,.T.);
#809=EDGE_CURVE('',#676,#675,#263,.T.);
#810=EDGE_CURVE('',#677,#676,#301,.T.);
#811=EDGE_CURVE('',#678,#677,#264,.T.);
#812=EDGE_CURVE('',#678,#679,#302,.T.);
#813=EDGE_CURVE('',#679,#680,#265,.T.);
#814=EDGE_CURVE('',#680,#669,#266,.T.);
#815=EDGE_CURVE('',#681,#674,#303,.T.);
#816=EDGE_CURVE('',#682,#681,#304,.T.);
#817=EDGE_CURVE('',#683,#682,#305,.T.);
#818=EDGE_CURVE('',#684,#683,#306,.T.);
#819=EDGE_CURVE('',#684,#685,#307,.T.);
#820=EDGE_CURVE('',#685,#686,#308,.T.);
#821=EDGE_CURVE('',#686,#675,#309,.T.);
#822=EDGE_CURVE('',#673,#687,#310,.T.);
#823=EDGE_CURVE('',#681,#687,#311,.T.);
#824=EDGE_CURVE('',#688,#672,#312,.T.);
#825=EDGE_CURVE('',#687,#688,#313,.T.);
#826=EDGE_CURVE('',#689,#671,#314,.T.);
#827=EDGE_CURVE('',#690,#689,#315,.T.);
#828=EDGE_CURVE('',#688,#690,#316,.T.);
#829=EDGE_CURVE('',#656,#677,#317,.T.);
#830=EDGE_CURVE('',#657,#676,#318,.T.);
#831=EDGE_CURVE('',#691,#652,#319,.T.);
#832=EDGE_CURVE('',#691,#692,#320,.T.);
#833=EDGE_CURVE('',#692,#693,#321,.T.);
#834=EDGE_CURVE('',#665,#693,#322,.T.);
#835=EDGE_CURVE('',#694,#695,#323,.T.);
#836=EDGE_CURVE('',#695,#693,#324,.T.);
#837=EDGE_CURVE('',#694,#692,#325,.T.);
#838=EDGE_CURVE('',#696,#697,#326,.T.);
#839=EDGE_CURVE('',#697,#695,#327,.T.);
#840=EDGE_CURVE('',#696,#694,#328,.T.);
#841=EDGE_CURVE('',#678,#698,#329,.T.);
#842=EDGE_CURVE('',#698,#699,#330,.T.);
#843=EDGE_CURVE('',#699,#700,#331,.T.);
#844=EDGE_CURVE('',#701,#700,#332,.T.);
#845=EDGE_CURVE('',#702,#701,#333,.T.);
#846=EDGE_CURVE('',#703,#702,#334,.T.);
#847=EDGE_CURVE('',#679,#703,#335,.T.);
#848=EDGE_CURVE('',#704,#658,#336,.T.);
#849=EDGE_CURVE('',#663,#704,#337,.T.);
#850=EDGE_CURVE('',#644,#705,#338,.T.);
#851=EDGE_CURVE('',#705,#706,#339,.T.);
#852=EDGE_CURVE('',#706,#691,#340,.T.);
#853=EDGE_CURVE('',#656,#707,#341,.T.);
#854=EDGE_CURVE('',#707,#698,#342,.T.);
#855=EDGE_CURVE('',#668,#707,#343,.T.);
#856=EDGE_CURVE('',#693,#708,#344,.T.);
#857=EDGE_CURVE('',#666,#708,#345,.T.);
#858=EDGE_CURVE('',#695,#709,#346,.T.);
#859=EDGE_CURVE('',#709,#708,#347,.T.);
#860=EDGE_CURVE('',#697,#710,#348,.T.);
#861=EDGE_CURVE('',#710,#709,#349,.T.);
#862=EDGE_CURVE('',#707,#660,#350,.T.);
#863=EDGE_CURVE('',#660,#699,#351,.T.);
#864=EDGE_CURVE('',#708,#711,#352,.T.);
#865=EDGE_CURVE('',#667,#711,#353,.T.);
#866=EDGE_CURVE('',#709,#712,#354,.T.);
#867=EDGE_CURVE('',#712,#711,#355,.T.);
#868=EDGE_CURVE('',#710,#713,#356,.T.);
#869=EDGE_CURVE('',#713,#712,#357,.T.);
#870=EDGE_CURVE('',#659,#714,#358,.T.);
#871=EDGE_CURVE('',#714,#700,#267,.T.);
#872=EDGE_CURVE('',#711,#715,#359,.T.);
#873=EDGE_CURVE('',#649,#715,#360,.T.);
#874=EDGE_CURVE('',#712,#716,#361,.T.);
#875=EDGE_CURVE('',#716,#715,#362,.T.);
#876=EDGE_CURVE('',#713,#717,#363,.T.);
#877=EDGE_CURVE('',#717,#716,#364,.T.);
#878=EDGE_CURVE('',#662,#718,#365,.T.);
#879=EDGE_CURVE('',#718,#714,#366,.T.);
#880=EDGE_CURVE('',#715,#719,#367,.T.);
#881=EDGE_CURVE('',#650,#719,#368,.T.);
#882=EDGE_CURVE('',#716,#720,#369,.T.);
#883=EDGE_CURVE('',#720,#719,#370,.T.);
#884=EDGE_CURVE('',#717,#721,#371,.T.);
#885=EDGE_CURVE('',#721,#720,#372,.T.);
#886=EDGE_CURVE('',#722,#723,#373,.T.);
#887=EDGE_CURVE('',#723,#724,#374,.T.);
#888=EDGE_CURVE('',#724,#725,#375,.T.);
#889=EDGE_CURVE('',#722,#725,#376,.T.);
#890=EDGE_CURVE('',#664,#685,#377,.T.);
#891=EDGE_CURVE('',#684,#718,#268,.T.);
#892=EDGE_CURVE('',#719,#726,#378,.T.);
#893=EDGE_CURVE('',#705,#726,#379,.T.);
#894=EDGE_CURVE('',#720,#727,#380,.T.);
#895=EDGE_CURVE('',#727,#726,#381,.T.);
#896=EDGE_CURVE('',#721,#728,#382,.T.);
#897=EDGE_CURVE('',#728,#727,#383,.T.);
#898=EDGE_CURVE('',#664,#729,#384,.T.);
#899=EDGE_CURVE('',#729,#686,#385,.T.);
#900=EDGE_CURVE('',#704,#729,#386,.T.);
#901=EDGE_CURVE('',#726,#730,#387,.T.);
#902=EDGE_CURVE('',#706,#730,#388,.T.);
#903=EDGE_CURVE('',#727,#731,#389,.T.);
#904=EDGE_CURVE('',#731,#730,#390,.T.);
#905=EDGE_CURVE('',#728,#732,#391,.T.);
#906=EDGE_CURVE('',#732,#731,#392,.T.);
#907=EDGE_CURVE('',#729,#657,#393,.T.);
#908=EDGE_CURVE('',#730,#692,#394,.T.);
#909=EDGE_CURVE('',#731,#694,#395,.T.);
#910=EDGE_CURVE('',#732,#696,#396,.T.);
#911=EDGE_CURVE('',#733,#734,#397,.T.);
#912=EDGE_CURVE('',#734,#696,#398,.F.);
#913=EDGE_CURVE('',#733,#732,#399,.T.);
#914=EDGE_CURVE('',#735,#733,#400,.T.);
#915=EDGE_CURVE('',#735,#728,#401,.T.);
#916=EDGE_CURVE('',#721,#736,#402,.F.);
#917=EDGE_CURVE('',#736,#735,#403,.T.);
#918=EDGE_CURVE('',#737,#738,#404,.T.);
#919=EDGE_CURVE('',#738,#717,#405,.F.);
#920=EDGE_CURVE('',#737,#713,#406,.T.);
#921=EDGE_CURVE('',#739,#737,#407,.T.);
#922=EDGE_CURVE('',#739,#710,#408,.T.);
#923=EDGE_CURVE('',#697,#740,#409,.F.);
#924=EDGE_CURVE('',#740,#739,#410,.T.);
#925=EDGE_CURVE('',#703,#741,#411,.T.);
#926=EDGE_CURVE('',#741,#680,#412,.T.);
#927=EDGE_CURVE('',#742,#743,#413,.T.);
#928=EDGE_CURVE('',#743,#744,#414,.T.);
#929=EDGE_CURVE('',#745,#744,#415,.T.);
#930=EDGE_CURVE('',#746,#745,#416,.T.);
#931=EDGE_CURVE('',#746,#747,#417,.T.);
#932=EDGE_CURVE('',#747,#748,#418,.T.);
#933=EDGE_CURVE('',#748,#741,#419,.T.);
#934=EDGE_CURVE('',#702,#749,#420,.T.);
#935=EDGE_CURVE('',#749,#750,#421,.T.);
#936=EDGE_CURVE('',#750,#742,#422,.T.);
#937=EDGE_CURVE('',#751,#752,#423,.T.);
#938=EDGE_CURVE('',#753,#751,#424,.T.);
#939=EDGE_CURVE('',#754,#753,#425,.T.);
#940=EDGE_CURVE('',#754,#752,#426,.T.);
#941=EDGE_CURVE('',#752,#689,#427,.T.);
#942=EDGE_CURVE('',#690,#754,#428,.T.);
#943=EDGE_CURVE('',#683,#755,#269,.T.);
#944=EDGE_CURVE('',#682,#756,#429,.T.);
#945=EDGE_CURVE('',#756,#755,#430,.T.);
#946=EDGE_CURVE('',#724,#757,#431,.T.);
#947=EDGE_CURVE('',#757,#758,#432,.T.);
#948=EDGE_CURVE('',#758,#756,#433,.T.);
#949=EDGE_CURVE('',#725,#753,#434,.T.);
#950=EDGE_CURVE('',#723,#759,#435,.T.);
#951=EDGE_CURVE('',#757,#759,#436,.T.);
#952=EDGE_CURVE('',#760,#761,#437,.T.);
#953=EDGE_CURVE('',#744,#761,#438,.T.);
#954=EDGE_CURVE('',#743,#760,#439,.T.);
#955=EDGE_CURVE('',#762,#760,#440,.T.);
#956=EDGE_CURVE('',#762,#742,#441,.T.);
#957=EDGE_CURVE('',#755,#763,#270,.T.);
#958=EDGE_CURVE('',#758,#763,#442,.T.);
#959=EDGE_CURVE('',#763,#764,#271,.T.);
#960=EDGE_CURVE('',#759,#764,#443,.T.);
#961=EDGE_CURVE('',#764,#765,#444,.T.);
#962=EDGE_CURVE('',#736,#722,#445,.T.);
#963=EDGE_CURVE('',#761,#738,#446,.T.);
#964=EDGE_CURVE('',#765,#762,#447,.T.);
#965=EDGE_CURVE('',#765,#766,#272,.T.);
#966=EDGE_CURVE('',#766,#750,#448,.T.);
#967=EDGE_CURVE('',#766,#767,#273,.T.);
#968=EDGE_CURVE('',#767,#749,#449,.T.);
#969=EDGE_CURVE('',#767,#701,#274,.T.);
#970=EDGE_CURVE('',#748,#669,#450,.T.);
#971=EDGE_CURVE('',#747,#768,#451,.T.);
#972=EDGE_CURVE('',#670,#768,#452,.T.);
#973=EDGE_CURVE('',#768,#769,#453,.T.);
#974=EDGE_CURVE('',#769,#746,#454,.T.);
#975=EDGE_CURVE('',#769,#770,#455,.T.);
#976=EDGE_CURVE('',#770,#745,#456,.T.);
#977=EDGE_CURVE('',#734,#751,#457,.T.);
#978=EDGE_CURVE('',#770,#740,#458,.T.);
#979=ORIENTED_EDGE('',*,*,#771,.F.);
#980=ORIENTED_EDGE('',*,*,#772,.F.);
#981=ORIENTED_EDGE('',*,*,#773,.F.);
#982=ORIENTED_EDGE('',*,*,#774,.F.);
#983=ORIENTED_EDGE('',*,*,#775,.F.);
#984=ORIENTED_EDGE('',*,*,#776,.F.);
#985=ORIENTED_EDGE('',*,*,#777,.F.);
#986=ORIENTED_EDGE('',*,*,#778,.F.);
#987=ORIENTED_EDGE('',*,*,#779,.F.);
#988=ORIENTED_EDGE('',*,*,#780,.F.);
#989=ORIENTED_EDGE('',*,*,#781,.F.);
#990=ORIENTED_EDGE('',*,*,#782,.F.);
#991=ORIENTED_EDGE('',*,*,#781,.T.);
#992=ORIENTED_EDGE('',*,*,#783,.T.);
#993=ORIENTED_EDGE('',*,*,#784,.T.);
#994=ORIENTED_EDGE('',*,*,#785,.F.);
#995=ORIENTED_EDGE('',*,*,#786,.F.);
#996=ORIENTED_EDGE('',*,*,#787,.T.);
#997=ORIENTED_EDGE('',*,*,#774,.T.);
#998=ORIENTED_EDGE('',*,*,#788,.T.);
#999=ORIENTED_EDGE('',*,*,#789,.F.);
#1000=ORIENTED_EDGE('',*,*,#790,.F.);
#1001=ORIENTED_EDGE('',*,*,#791,.T.);
#1002=ORIENTED_EDGE('',*,*,#773,.T.);
#1003=ORIENTED_EDGE('',*,*,#792,.T.);
#1004=ORIENTED_EDGE('',*,*,#793,.F.);
#1005=ORIENTED_EDGE('',*,*,#788,.F.);
#1006=ORIENTED_EDGE('',*,*,#772,.T.);
#1007=ORIENTED_EDGE('',*,*,#794,.T.);
#1008=ORIENTED_EDGE('',*,*,#795,.T.);
#1009=ORIENTED_EDGE('',*,*,#796,.F.);
#1010=ORIENTED_EDGE('',*,*,#792,.F.);
#1011=ORIENTED_EDGE('',*,*,#780,.T.);
#1012=ORIENTED_EDGE('',*,*,#797,.T.);
#1013=ORIENTED_EDGE('',*,*,#798,.T.);
#1014=ORIENTED_EDGE('',*,*,#799,.T.);
#1015=ORIENTED_EDGE('',*,*,#800,.T.);
#1016=ORIENTED_EDGE('',*,*,#775,.T.);
#1017=ORIENTED_EDGE('',*,*,#791,.F.);
#1018=ORIENTED_EDGE('',*,*,#801,.F.);
#1019=ORIENTED_EDGE('',*,*,#802,.F.);
#1020=ORIENTED_EDGE('',*,*,#783,.F.);
#1021=ORIENTED_EDGE('',*,*,#803,.T.);
#1022=ORIENTED_EDGE('',*,*,#804,.T.);
#1023=ORIENTED_EDGE('',*,*,#805,.T.);
#1024=ORIENTED_EDGE('',*,*,#806,.T.);
#1025=ORIENTED_EDGE('',*,*,#807,.T.);
#1026=ORIENTED_EDGE('',*,*,#808,.T.);
#1027=ORIENTED_EDGE('',*,*,#809,.F.);
#1028=ORIENTED_EDGE('',*,*,#810,.F.);
#1029=ORIENTED_EDGE('',*,*,#811,.F.);
#1030=ORIENTED_EDGE('',*,*,#812,.T.);
#1031=ORIENTED_EDGE('',*,*,#813,.T.);
#1032=ORIENTED_EDGE('',*,*,#814,.T.);
#1033=ORIENTED_EDGE('',*,*,#808,.F.);
#1034=ORIENTED_EDGE('',*,*,#815,.F.);
#1035=ORIENTED_EDGE('',*,*,#816,.F.);
#1036=ORIENTED_EDGE('',*,*,#817,.F.);
#1037=ORIENTED_EDGE('',*,*,#818,.F.);
#1038=ORIENTED_EDGE('',*,*,#819,.T.);
#1039=ORIENTED_EDGE('',*,*,#820,.T.);
#1040=ORIENTED_EDGE('',*,*,#821,.T.);
#1041=ORIENTED_EDGE('',*,*,#807,.F.);
#1042=ORIENTED_EDGE('',*,*,#822,.T.);
#1043=ORIENTED_EDGE('',*,*,#823,.F.);
#1044=ORIENTED_EDGE('',*,*,#815,.T.);
#1045=ORIENTED_EDGE('',*,*,#806,.F.);
#1046=ORIENTED_EDGE('',*,*,#824,.F.);
#1047=ORIENTED_EDGE('',*,*,#825,.F.);
#1048=ORIENTED_EDGE('',*,*,#822,.F.);
#1049=ORIENTED_EDGE('',*,*,#805,.F.);
#1050=ORIENTED_EDGE('',*,*,#826,.F.);
#1051=ORIENTED_EDGE('',*,*,#827,.F.);
#1052=ORIENTED_EDGE('',*,*,#828,.F.);
#1053=ORIENTED_EDGE('',*,*,#824,.T.);
#1054=ORIENTED_EDGE('',*,*,#785,.T.);
#1055=ORIENTED_EDGE('',*,*,#829,.T.);
#1056=ORIENTED_EDGE('',*,*,#810,.T.);
#1057=ORIENTED_EDGE('',*,*,#830,.F.);
#1058=ORIENTED_EDGE('',*,*,#779,.T.);
#1059=ORIENTED_EDGE('',*,*,#831,.F.);
#1060=ORIENTED_EDGE('',*,*,#832,.T.);
#1061=ORIENTED_EDGE('',*,*,#833,.T.);
#1062=ORIENTED_EDGE('',*,*,#834,.F.);
#1063=ORIENTED_EDGE('',*,*,#797,.F.);
#1064=ORIENTED_EDGE('',*,*,#835,.T.);
#1065=ORIENTED_EDGE('',*,*,#836,.T.);
#1066=ORIENTED_EDGE('',*,*,#833,.F.);
#1067=ORIENTED_EDGE('',*,*,#837,.F.);
#1068=ORIENTED_EDGE('',*,*,#838,.T.);
#1069=ORIENTED_EDGE('',*,*,#839,.T.);
#1070=ORIENTED_EDGE('',*,*,#835,.F.);
#1071=ORIENTED_EDGE('',*,*,#840,.F.);
#1072=ORIENTED_EDGE('',*,*,#812,.F.);
#1073=ORIENTED_EDGE('',*,*,#841,.T.);
#1074=ORIENTED_EDGE('',*,*,#842,.T.);
#1075=ORIENTED_EDGE('',*,*,#843,.T.);
#1076=ORIENTED_EDGE('',*,*,#844,.F.);
#1077=ORIENTED_EDGE('',*,*,#845,.F.);
#1078=ORIENTED_EDGE('',*,*,#846,.F.);
#1079=ORIENTED_EDGE('',*,*,#847,.F.);
#1080=ORIENTED_EDGE('',*,*,#782,.T.);
#1081=ORIENTED_EDGE('',*,*,#787,.F.);
#1082=ORIENTED_EDGE('',*,*,#848,.F.);
#1083=ORIENTED_EDGE('',*,*,#849,.F.);
#1084=ORIENTED_EDGE('',*,*,#794,.F.);
#1085=ORIENTED_EDGE('',*,*,#771,.T.);
#1086=ORIENTED_EDGE('',*,*,#850,.T.);
#1087=ORIENTED_EDGE('',*,*,#851,.T.);
#1088=ORIENTED_EDGE('',*,*,#852,.T.);
#1089=ORIENTED_EDGE('',*,*,#831,.T.);
#1090=ORIENTED_EDGE('',*,*,#853,.T.);
#1091=ORIENTED_EDGE('',*,*,#854,.T.);
#1092=ORIENTED_EDGE('',*,*,#841,.F.);
#1093=ORIENTED_EDGE('',*,*,#811,.T.);
#1094=ORIENTED_EDGE('',*,*,#829,.F.);
#1095=ORIENTED_EDGE('',*,*,#802,.T.);
#1096=ORIENTED_EDGE('',*,*,#855,.T.);
#1097=ORIENTED_EDGE('',*,*,#853,.F.);
#1098=ORIENTED_EDGE('',*,*,#784,.F.);
#1099=ORIENTED_EDGE('',*,*,#834,.T.);
#1100=ORIENTED_EDGE('',*,*,#856,.T.);
#1101=ORIENTED_EDGE('',*,*,#857,.F.);
#1102=ORIENTED_EDGE('',*,*,#798,.F.);
#1103=ORIENTED_EDGE('',*,*,#858,.T.);
#1104=ORIENTED_EDGE('',*,*,#859,.T.);
#1105=ORIENTED_EDGE('',*,*,#856,.F.);
#1106=ORIENTED_EDGE('',*,*,#836,.F.);
#1107=ORIENTED_EDGE('',*,*,#860,.T.);
#1108=ORIENTED_EDGE('',*,*,#861,.T.);
#1109=ORIENTED_EDGE('',*,*,#858,.F.);
#1110=ORIENTED_EDGE('',*,*,#839,.F.);
#1111=ORIENTED_EDGE('',*,*,#862,.T.);
#1112=ORIENTED_EDGE('',*,*,#863,.T.);
#1113=ORIENTED_EDGE('',*,*,#842,.F.);
#1114=ORIENTED_EDGE('',*,*,#854,.F.);
#1115=ORIENTED_EDGE('',*,*,#801,.T.);
#1116=ORIENTED_EDGE('',*,*,#790,.T.);
#1117=ORIENTED_EDGE('',*,*,#862,.F.);
#1118=ORIENTED_EDGE('',*,*,#855,.F.);
#1119=ORIENTED_EDGE('',*,*,#857,.T.);
#1120=ORIENTED_EDGE('',*,*,#864,.T.);
#1121=ORIENTED_EDGE('',*,*,#865,.F.);
#1122=ORIENTED_EDGE('',*,*,#799,.F.);
#1123=ORIENTED_EDGE('',*,*,#866,.T.);
#1124=ORIENTED_EDGE('',*,*,#867,.T.);
#1125=ORIENTED_EDGE('',*,*,#864,.F.);
#1126=ORIENTED_EDGE('',*,*,#859,.F.);
#1127=ORIENTED_EDGE('',*,*,#868,.T.);
#1128=ORIENTED_EDGE('',*,*,#869,.T.);
#1129=ORIENTED_EDGE('',*,*,#866,.F.);
#1130=ORIENTED_EDGE('',*,*,#861,.F.);
#1131=ORIENTED_EDGE('',*,*,#789,.T.);
#1132=ORIENTED_EDGE('',*,*,#870,.T.);
#1133=ORIENTED_EDGE('',*,*,#871,.T.);
#1134=ORIENTED_EDGE('',*,*,#843,.F.);
#1135=ORIENTED_EDGE('',*,*,#863,.F.);
#1136=ORIENTED_EDGE('',*,*,#776,.T.);
#1137=ORIENTED_EDGE('',*,*,#800,.F.);
#1138=ORIENTED_EDGE('',*,*,#865,.T.);
#1139=ORIENTED_EDGE('',*,*,#872,.T.);
#1140=ORIENTED_EDGE('',*,*,#873,.F.);
#1141=ORIENTED_EDGE('',*,*,#874,.T.);
#1142=ORIENTED_EDGE('',*,*,#875,.T.);
#1143=ORIENTED_EDGE('',*,*,#872,.F.);
#1144=ORIENTED_EDGE('',*,*,#867,.F.);
#1145=ORIENTED_EDGE('',*,*,#876,.T.);
#1146=ORIENTED_EDGE('',*,*,#877,.T.);
#1147=ORIENTED_EDGE('',*,*,#874,.F.);
#1148=ORIENTED_EDGE('',*,*,#869,.F.);
#1149=ORIENTED_EDGE('',*,*,#793,.T.);
#1150=ORIENTED_EDGE('',*,*,#878,.T.);
#1151=ORIENTED_EDGE('',*,*,#879,.T.);
#1152=ORIENTED_EDGE('',*,*,#870,.F.);
#1153=ORIENTED_EDGE('',*,*,#777,.T.);
#1154=ORIENTED_EDGE('',*,*,#873,.T.);
#1155=ORIENTED_EDGE('',*,*,#880,.T.);
#1156=ORIENTED_EDGE('',*,*,#881,.F.);
#1157=ORIENTED_EDGE('',*,*,#882,.T.);
#1158=ORIENTED_EDGE('',*,*,#883,.T.);
#1159=ORIENTED_EDGE('',*,*,#880,.F.);
#1160=ORIENTED_EDGE('',*,*,#875,.F.);
#1161=ORIENTED_EDGE('',*,*,#884,.T.);
#1162=ORIENTED_EDGE('',*,*,#885,.T.);
#1163=ORIENTED_EDGE('',*,*,#882,.F.);
#1164=ORIENTED_EDGE('',*,*,#877,.F.);
#1165=ORIENTED_EDGE('',*,*,#886,.T.);
#1166=ORIENTED_EDGE('',*,*,#887,.T.);
#1167=ORIENTED_EDGE('',*,*,#888,.T.);
#1168=ORIENTED_EDGE('',*,*,#889,.F.);
#1169=ORIENTED_EDGE('',*,*,#796,.T.);
#1170=ORIENTED_EDGE('',*,*,#890,.T.);
#1171=ORIENTED_EDGE('',*,*,#819,.F.);
#1172=ORIENTED_EDGE('',*,*,#891,.T.);
#1173=ORIENTED_EDGE('',*,*,#878,.F.);
#1174=ORIENTED_EDGE('',*,*,#778,.T.);
#1175=ORIENTED_EDGE('',*,*,#881,.T.);
#1176=ORIENTED_EDGE('',*,*,#892,.T.);
#1177=ORIENTED_EDGE('',*,*,#893,.F.);
#1178=ORIENTED_EDGE('',*,*,#850,.F.);
#1179=ORIENTED_EDGE('',*,*,#894,.T.);
#1180=ORIENTED_EDGE('',*,*,#895,.T.);
#1181=ORIENTED_EDGE('',*,*,#892,.F.);
#1182=ORIENTED_EDGE('',*,*,#883,.F.);
#1183=ORIENTED_EDGE('',*,*,#896,.T.);
#1184=ORIENTED_EDGE('',*,*,#897,.T.);
#1185=ORIENTED_EDGE('',*,*,#894,.F.);
#1186=ORIENTED_EDGE('',*,*,#885,.F.);
#1187=ORIENTED_EDGE('',*,*,#898,.T.);
#1188=ORIENTED_EDGE('',*,*,#899,.T.);
#1189=ORIENTED_EDGE('',*,*,#820,.F.);
#1190=ORIENTED_EDGE('',*,*,#890,.F.);
#1191=ORIENTED_EDGE('',*,*,#849,.T.);
#1192=ORIENTED_EDGE('',*,*,#900,.T.);
#1193=ORIENTED_EDGE('',*,*,#898,.F.);
#1194=ORIENTED_EDGE('',*,*,#795,.F.);
#1195=ORIENTED_EDGE('',*,*,#893,.T.);
#1196=ORIENTED_EDGE('',*,*,#901,.T.);
#1197=ORIENTED_EDGE('',*,*,#902,.F.);
#1198=ORIENTED_EDGE('',*,*,#851,.F.);
#1199=ORIENTED_EDGE('',*,*,#903,.T.);
#1200=ORIENTED_EDGE('',*,*,#904,.T.);
#1201=ORIENTED_EDGE('',*,*,#901,.F.);
#1202=ORIENTED_EDGE('',*,*,#895,.F.);
#1203=ORIENTED_EDGE('',*,*,#905,.T.);
#1204=ORIENTED_EDGE('',*,*,#906,.T.);
#1205=ORIENTED_EDGE('',*,*,#903,.F.);
#1206=ORIENTED_EDGE('',*,*,#897,.F.);
#1207=ORIENTED_EDGE('',*,*,#907,.T.);
#1208=ORIENTED_EDGE('',*,*,#830,.T.);
#1209=ORIENTED_EDGE('',*,*,#809,.T.);
#1210=ORIENTED_EDGE('',*,*,#821,.F.);
#1211=ORIENTED_EDGE('',*,*,#899,.F.);
#1212=ORIENTED_EDGE('',*,*,#848,.T.);
#1213=ORIENTED_EDGE('',*,*,#786,.T.);
#1214=ORIENTED_EDGE('',*,*,#907,.F.);
#1215=ORIENTED_EDGE('',*,*,#900,.F.);
#1216=ORIENTED_EDGE('',*,*,#902,.T.);
#1217=ORIENTED_EDGE('',*,*,#908,.T.);
#1218=ORIENTED_EDGE('',*,*,#832,.F.);
#1219=ORIENTED_EDGE('',*,*,#852,.F.);
#1220=ORIENTED_EDGE('',*,*,#909,.T.);
#1221=ORIENTED_EDGE('',*,*,#837,.T.);
#1222=ORIENTED_EDGE('',*,*,#908,.F.);
#1223=ORIENTED_EDGE('',*,*,#904,.F.);
#1224=ORIENTED_EDGE('',*,*,#910,.T.);
#1225=ORIENTED_EDGE('',*,*,#840,.T.);
#1226=ORIENTED_EDGE('',*,*,#909,.F.);
#1227=ORIENTED_EDGE('',*,*,#906,.F.);
#1228=ORIENTED_EDGE('',*,*,#911,.T.);
#1229=ORIENTED_EDGE('',*,*,#912,.T.);
#1230=ORIENTED_EDGE('',*,*,#910,.F.);
#1231=ORIENTED_EDGE('',*,*,#913,.F.);
#1232=ORIENTED_EDGE('',*,*,#914,.T.);
#1233=ORIENTED_EDGE('',*,*,#913,.T.);
#1234=ORIENTED_EDGE('',*,*,#905,.F.);
#1235=ORIENTED_EDGE('',*,*,#915,.F.);
#1236=ORIENTED_EDGE('',*,*,#896,.F.);
#1237=ORIENTED_EDGE('',*,*,#916,.T.);
#1238=ORIENTED_EDGE('',*,*,#917,.T.);
#1239=ORIENTED_EDGE('',*,*,#915,.T.);
#1240=ORIENTED_EDGE('',*,*,#918,.T.);
#1241=ORIENTED_EDGE('',*,*,#919,.T.);
#1242=ORIENTED_EDGE('',*,*,#876,.F.);
#1243=ORIENTED_EDGE('',*,*,#920,.F.);
#1244=ORIENTED_EDGE('',*,*,#921,.T.);
#1245=ORIENTED_EDGE('',*,*,#920,.T.);
#1246=ORIENTED_EDGE('',*,*,#868,.F.);
#1247=ORIENTED_EDGE('',*,*,#922,.F.);
#1248=ORIENTED_EDGE('',*,*,#860,.F.);
#1249=ORIENTED_EDGE('',*,*,#923,.T.);
#1250=ORIENTED_EDGE('',*,*,#924,.T.);
#1251=ORIENTED_EDGE('',*,*,#922,.T.);
#1252=ORIENTED_EDGE('',*,*,#813,.F.);
#1253=ORIENTED_EDGE('',*,*,#847,.T.);
#1254=ORIENTED_EDGE('',*,*,#925,.T.);
#1255=ORIENTED_EDGE('',*,*,#926,.T.);
#1256=ORIENTED_EDGE('',*,*,#927,.T.);
#1257=ORIENTED_EDGE('',*,*,#928,.T.);
#1258=ORIENTED_EDGE('',*,*,#929,.F.);
#1259=ORIENTED_EDGE('',*,*,#930,.F.);
#1260=ORIENTED_EDGE('',*,*,#931,.T.);
#1261=ORIENTED_EDGE('',*,*,#932,.T.);
#1262=ORIENTED_EDGE('',*,*,#933,.T.);
#1263=ORIENTED_EDGE('',*,*,#925,.F.);
#1264=ORIENTED_EDGE('',*,*,#846,.T.);
#1265=ORIENTED_EDGE('',*,*,#934,.T.);
#1266=ORIENTED_EDGE('',*,*,#935,.T.);
#1267=ORIENTED_EDGE('',*,*,#936,.T.);
#1268=ORIENTED_EDGE('',*,*,#937,.F.);
#1269=ORIENTED_EDGE('',*,*,#938,.F.);
#1270=ORIENTED_EDGE('',*,*,#939,.F.);
#1271=ORIENTED_EDGE('',*,*,#940,.T.);
#1272=ORIENTED_EDGE('',*,*,#941,.F.);
#1273=ORIENTED_EDGE('',*,*,#940,.F.);
#1274=ORIENTED_EDGE('',*,*,#942,.F.);
#1275=ORIENTED_EDGE('',*,*,#827,.T.);
#1276=ORIENTED_EDGE('',*,*,#943,.F.);
#1277=ORIENTED_EDGE('',*,*,#817,.T.);
#1278=ORIENTED_EDGE('',*,*,#944,.T.);
#1279=ORIENTED_EDGE('',*,*,#945,.T.);
#1280=ORIENTED_EDGE('',*,*,#946,.T.);
#1281=ORIENTED_EDGE('',*,*,#947,.T.);
#1282=ORIENTED_EDGE('',*,*,#948,.T.);
#1283=ORIENTED_EDGE('',*,*,#944,.F.);
#1284=ORIENTED_EDGE('',*,*,#816,.T.);
#1285=ORIENTED_EDGE('',*,*,#823,.T.);
#1286=ORIENTED_EDGE('',*,*,#825,.T.);
#1287=ORIENTED_EDGE('',*,*,#828,.T.);
#1288=ORIENTED_EDGE('',*,*,#942,.T.);
#1289=ORIENTED_EDGE('',*,*,#939,.T.);
#1290=ORIENTED_EDGE('',*,*,#949,.F.);
#1291=ORIENTED_EDGE('',*,*,#888,.F.);
#1292=ORIENTED_EDGE('',*,*,#950,.T.);
#1293=ORIENTED_EDGE('',*,*,#951,.F.);
#1294=ORIENTED_EDGE('',*,*,#946,.F.);
#1295=ORIENTED_EDGE('',*,*,#887,.F.);
#1296=ORIENTED_EDGE('',*,*,#952,.T.);
#1297=ORIENTED_EDGE('',*,*,#953,.F.);
#1298=ORIENTED_EDGE('',*,*,#928,.F.);
#1299=ORIENTED_EDGE('',*,*,#954,.T.);
#1300=ORIENTED_EDGE('',*,*,#955,.T.);
#1301=ORIENTED_EDGE('',*,*,#954,.F.);
#1302=ORIENTED_EDGE('',*,*,#927,.F.);
#1303=ORIENTED_EDGE('',*,*,#956,.F.);
#1304=ORIENTED_EDGE('',*,*,#957,.F.);
#1305=ORIENTED_EDGE('',*,*,#945,.F.);
#1306=ORIENTED_EDGE('',*,*,#948,.F.);
#1307=ORIENTED_EDGE('',*,*,#958,.T.);
#1308=ORIENTED_EDGE('',*,*,#959,.F.);
#1309=ORIENTED_EDGE('',*,*,#958,.F.);
#1310=ORIENTED_EDGE('',*,*,#947,.F.);
#1311=ORIENTED_EDGE('',*,*,#951,.T.);
#1312=ORIENTED_EDGE('',*,*,#960,.T.);
#1313=ORIENTED_EDGE('',*,*,#961,.F.);
#1314=ORIENTED_EDGE('',*,*,#960,.F.);
#1315=ORIENTED_EDGE('',*,*,#950,.F.);
#1316=ORIENTED_EDGE('',*,*,#886,.F.);
#1317=ORIENTED_EDGE('',*,*,#962,.F.);
#1318=ORIENTED_EDGE('',*,*,#916,.F.);
#1319=ORIENTED_EDGE('',*,*,#884,.F.);
#1320=ORIENTED_EDGE('',*,*,#919,.F.);
#1321=ORIENTED_EDGE('',*,*,#963,.F.);
#1322=ORIENTED_EDGE('',*,*,#952,.F.);
#1323=ORIENTED_EDGE('',*,*,#955,.F.);
#1324=ORIENTED_EDGE('',*,*,#964,.F.);
#1325=ORIENTED_EDGE('',*,*,#965,.F.);
#1326=ORIENTED_EDGE('',*,*,#964,.T.);
#1327=ORIENTED_EDGE('',*,*,#956,.T.);
#1328=ORIENTED_EDGE('',*,*,#936,.F.);
#1329=ORIENTED_EDGE('',*,*,#966,.F.);
#1330=ORIENTED_EDGE('',*,*,#967,.F.);
#1331=ORIENTED_EDGE('',*,*,#966,.T.);
#1332=ORIENTED_EDGE('',*,*,#935,.F.);
#1333=ORIENTED_EDGE('',*,*,#968,.F.);
#1334=ORIENTED_EDGE('',*,*,#969,.F.);
#1335=ORIENTED_EDGE('',*,*,#968,.T.);
#1336=ORIENTED_EDGE('',*,*,#934,.F.);
#1337=ORIENTED_EDGE('',*,*,#845,.T.);
#1338=ORIENTED_EDGE('',*,*,#871,.F.);
#1339=ORIENTED_EDGE('',*,*,#879,.F.);
#1340=ORIENTED_EDGE('',*,*,#891,.F.);
#1341=ORIENTED_EDGE('',*,*,#818,.T.);
#1342=ORIENTED_EDGE('',*,*,#943,.T.);
#1343=ORIENTED_EDGE('',*,*,#957,.T.);
#1344=ORIENTED_EDGE('',*,*,#959,.T.);
#1345=ORIENTED_EDGE('',*,*,#961,.T.);
#1346=ORIENTED_EDGE('',*,*,#965,.T.);
#1347=ORIENTED_EDGE('',*,*,#967,.T.);
#1348=ORIENTED_EDGE('',*,*,#969,.T.);
#1349=ORIENTED_EDGE('',*,*,#844,.T.);
#1350=ORIENTED_EDGE('',*,*,#814,.F.);
#1351=ORIENTED_EDGE('',*,*,#926,.F.);
#1352=ORIENTED_EDGE('',*,*,#933,.F.);
#1353=ORIENTED_EDGE('',*,*,#970,.T.);
#1354=ORIENTED_EDGE('',*,*,#803,.F.);
#1355=ORIENTED_EDGE('',*,*,#970,.F.);
#1356=ORIENTED_EDGE('',*,*,#932,.F.);
#1357=ORIENTED_EDGE('',*,*,#971,.T.);
#1358=ORIENTED_EDGE('',*,*,#972,.F.);
#1359=ORIENTED_EDGE('',*,*,#973,.F.);
#1360=ORIENTED_EDGE('',*,*,#971,.F.);
#1361=ORIENTED_EDGE('',*,*,#931,.F.);
#1362=ORIENTED_EDGE('',*,*,#974,.F.);
#1363=ORIENTED_EDGE('',*,*,#975,.F.);
#1364=ORIENTED_EDGE('',*,*,#974,.T.);
#1365=ORIENTED_EDGE('',*,*,#930,.T.);
#1366=ORIENTED_EDGE('',*,*,#976,.F.);
#1367=ORIENTED_EDGE('',*,*,#977,.F.);
#1368=ORIENTED_EDGE('',*,*,#911,.F.);
#1369=ORIENTED_EDGE('',*,*,#914,.F.);
#1370=ORIENTED_EDGE('',*,*,#917,.F.);
#1371=ORIENTED_EDGE('',*,*,#962,.T.);
#1372=ORIENTED_EDGE('',*,*,#889,.T.);
#1373=ORIENTED_EDGE('',*,*,#949,.T.);
#1374=ORIENTED_EDGE('',*,*,#938,.T.);
#1375=ORIENTED_EDGE('',*,*,#978,.F.);
#1376=ORIENTED_EDGE('',*,*,#976,.T.);
#1377=ORIENTED_EDGE('',*,*,#929,.T.);
#1378=ORIENTED_EDGE('',*,*,#953,.T.);
#1379=ORIENTED_EDGE('',*,*,#963,.T.);
#1380=ORIENTED_EDGE('',*,*,#918,.F.);
#1381=ORIENTED_EDGE('',*,*,#921,.F.);
#1382=ORIENTED_EDGE('',*,*,#924,.F.);
#1383=ORIENTED_EDGE('',*,*,#804,.F.);
#1384=ORIENTED_EDGE('',*,*,#972,.T.);
#1385=ORIENTED_EDGE('',*,*,#973,.T.);
#1386=ORIENTED_EDGE('',*,*,#975,.T.);
#1387=ORIENTED_EDGE('',*,*,#978,.T.);
#1388=ORIENTED_EDGE('',*,*,#923,.F.);
#1389=ORIENTED_EDGE('',*,*,#838,.F.);
#1390=ORIENTED_EDGE('',*,*,#912,.F.);
#1391=ORIENTED_EDGE('',*,*,#977,.T.);
#1392=ORIENTED_EDGE('',*,*,#937,.T.);
#1393=ORIENTED_EDGE('',*,*,#941,.T.);
#1394=ORIENTED_EDGE('',*,*,#826,.T.);
#1395=CYLINDRICAL_SURFACE('',#1493,16.);
#1396=CYLINDRICAL_SURFACE('',#1500,16.);
#1397=CYLINDRICAL_SURFACE('',#1508,1.3);
#1398=CYLINDRICAL_SURFACE('',#1589,1.3);
#1399=ADVANCED_FACE('',(#91),#1395,.F.);
#1400=ADVANCED_FACE('',(#92),#1396,.F.);
#1401=ADVANCED_FACE('',(#93),#15,.T.);
#1402=ADVANCED_FACE('',(#94),#16,.T.);
#1403=ADVANCED_FACE('',(#95),#17,.T.);
#1404=ADVANCED_FACE('',(#96),#18,.T.);
#1405=ADVANCED_FACE('',(#97),#19,.T.);
#1406=ADVANCED_FACE('',(#98),#1397,.T.);
#1407=ADVANCED_FACE('',(#99),#20,.T.);
#1408=ADVANCED_FACE('',(#100),#21,.T.);
#1409=ADVANCED_FACE('',(#101),#22,.F.);
#1410=ADVANCED_FACE('',(#102),#23,.F.);
#1411=ADVANCED_FACE('',(#103),#24,.T.);
#1412=ADVANCED_FACE('',(#104),#25,.T.);
#1413=ADVANCED_FACE('',(#105),#26,.T.);
#1414=ADVANCED_FACE('',(#106),#27,.T.);
#1415=ADVANCED_FACE('',(#107),#28,.T.);
#1416=ADVANCED_FACE('',(#108),#29,.T.);
#1417=ADVANCED_FACE('',(#109),#30,.T.);
#1418=ADVANCED_FACE('',(#110),#31,.T.);
#1419=ADVANCED_FACE('',(#111),#32,.T.);
#1420=ADVANCED_FACE('',(#112),#33,.T.);
#1421=ADVANCED_FACE('',(#113),#34,.T.);
#1422=ADVANCED_FACE('',(#114),#35,.T.);
#1423=ADVANCED_FACE('',(#115),#36,.T.);
#1424=ADVANCED_FACE('',(#116),#37,.T.);
#1425=ADVANCED_FACE('',(#117),#38,.T.);
#1426=ADVANCED_FACE('',(#118),#39,.T.);
#1427=ADVANCED_FACE('',(#119),#40,.T.);
#1428=ADVANCED_FACE('',(#120),#41,.T.);
#1429=ADVANCED_FACE('',(#121),#42,.T.);
#1430=ADVANCED_FACE('',(#122),#43,.T.);
#1431=ADVANCED_FACE('',(#123),#44,.T.);
#1432=ADVANCED_FACE('',(#124),#45,.T.);
#1433=ADVANCED_FACE('',(#125),#46,.T.);
#1434=ADVANCED_FACE('',(#126),#47,.T.);
#1435=ADVANCED_FACE('',(#127),#48,.T.);
#1436=ADVANCED_FACE('',(#128),#49,.T.);
#1437=ADVANCED_FACE('',(#129),#50,.T.);
#1438=ADVANCED_FACE('',(#130),#51,.T.);
#1439=ADVANCED_FACE('',(#131),#52,.T.);
#1440=ADVANCED_FACE('',(#132),#53,.T.);
#1441=ADVANCED_FACE('',(#133),#54,.T.);
#1442=ADVANCED_FACE('',(#134),#55,.T.);
#1443=ADVANCED_FACE('',(#135),#56,.T.);
#1444=ADVANCED_FACE('',(#136),#57,.T.);
#1445=ADVANCED_FACE('',(#137),#58,.T.);
#1446=ADVANCED_FACE('',(#138),#59,.T.);
#1447=ADVANCED_FACE('',(#139),#60,.T.);
#1448=ADVANCED_FACE('',(#140),#61,.T.);
#1449=ADVANCED_FACE('',(#141),#62,.T.);
#1450=ADVANCED_FACE('',(#142),#63,.T.);
#1451=ADVANCED_FACE('',(#143),#64,.T.);
#1452=ADVANCED_FACE('',(#144),#65,.T.);
#1453=ADVANCED_FACE('',(#145),#66,.T.);
#1454=ADVANCED_FACE('',(#146),#67,.T.);
#1455=ADVANCED_FACE('',(#147),#68,.T.);
#1456=ADVANCED_FACE('',(#148),#69,.T.);
#1457=ADVANCED_FACE('',(#149),#70,.T.);
#1458=ADVANCED_FACE('',(#150),#71,.T.);
#1459=ADVANCED_FACE('',(#151),#72,.F.);
#1460=ADVANCED_FACE('',(#152),#73,.T.);
#1461=ADVANCED_FACE('',(#153),#74,.T.);
#1462=ADVANCED_FACE('',(#154),#75,.F.);
#1463=ADVANCED_FACE('',(#155),#76,.T.);
#1464=ADVANCED_FACE('',(#156),#77,.F.);
#1465=ADVANCED_FACE('',(#157),#78,.F.);
#1466=ADVANCED_FACE('',(#158),#79,.F.);
#1467=ADVANCED_FACE('',(#159),#80,.F.);
#1468=ADVANCED_FACE('',(#160),#81,.F.);
#1469=ADVANCED_FACE('',(#161),#82,.F.);
#1470=ADVANCED_FACE('',(#162),#83,.T.);
#1471=ADVANCED_FACE('',(#163),#1398,.T.);
#1472=ADVANCED_FACE('',(#164),#84,.F.);
#1473=ADVANCED_FACE('',(#165),#85,.F.);
#1474=ADVANCED_FACE('',(#166),#86,.F.);
#1475=ADVANCED_FACE('',(#167),#87,.T.);
#1476=ADVANCED_FACE('',(#168),#88,.T.);
#1477=ADVANCED_FACE('',(#169),#89,.T.);
#1478=ADVANCED_FACE('',(#170),#90,.T.);
#1479=CLOSED_SHELL('',(#1399,#1400,#1401,#1402,#1403,#1404,#1405,#1406,
#1407,#1408,#1409,#1410,#1411,#1412,#1413,#1414,#1415,#1416,#1417,#1418,
#1419,#1420,#1421,#1422,#1423,#1424,#1425,#1426,#1427,#1428,#1429,#1430,
#1431,#1432,#1433,#1434,#1435,#1436,#1437,#1438,#1439,#1440,#1441,#1442,
#1443,#1444,#1445,#1446,#1447,#1448,#1449,#1450,#1451,#1452,#1453,#1454,
#1455,#1456,#1457,#1458,#1459,#1460,#1461,#1462,#1463,#1464,#1465,#1466,
#1467,#1468,#1469,#1470,#1471,#1472,#1473,#1474,#1475,#1476,#1477,#1478));
#1480=DERIVED_UNIT_ELEMENT(#1482,1.);
#1481=DERIVED_UNIT_ELEMENT(#2413,-3.);
#1482=(
MASS_UNIT()
NAMED_UNIT(*)
SI_UNIT(.KILO.,.GRAM.)
);
#1483=DERIVED_UNIT((#1480,#1481));
#1484=MEASURE_REPRESENTATION_ITEM('density measure',
POSITIVE_RATIO_MEASURE(952.),#1483);
#1485=PROPERTY_DEFINITION_REPRESENTATION(#1490,#1487);
#1486=PROPERTY_DEFINITION_REPRESENTATION(#1491,#1488);
#1487=REPRESENTATION('material name',(#1489),#2410);
#1488=REPRESENTATION('density',(#1484),#2410);
#1489=DESCRIPTIVE_REPRESENTATION_ITEM('Plastic, Opaque White',
'Plastic, Opaque White');
#1490=PROPERTY_DEFINITION('material property','material name',#2420);
#1491=PROPERTY_DEFINITION('material property','density of part',#2420);
#1492=AXIS2_PLACEMENT_3D('',#1991,#1597,#1598);
#1493=AXIS2_PLACEMENT_3D('',#1992,#1599,#1600);
#1494=AXIS2_PLACEMENT_3D('',#1997,#1602,#1603);
#1495=AXIS2_PLACEMENT_3D('',#1999,#1604,#1605);
#1496=AXIS2_PLACEMENT_3D('',#2001,#1606,#1607);
#1497=AXIS2_PLACEMENT_3D('',#2005,#1609,#1610);
#1498=AXIS2_PLACEMENT_3D('',#2007,#1611,#1612);
#1499=AXIS2_PLACEMENT_3D('',#2008,#1613,#1614);
#1500=AXIS2_PLACEMENT_3D('',#2009,#1615,#1616);
#1501=AXIS2_PLACEMENT_3D('',#2012,#1617,#1618);
#1502=AXIS2_PLACEMENT_3D('',#2016,#1620,#1621);
#1503=AXIS2_PLACEMENT_3D('',#2018,#1623,#1624);
#1504=AXIS2_PLACEMENT_3D('',#2028,#1630,#1631);
#1505=AXIS2_PLACEMENT_3D('',#2036,#1636,#1637);
#1506=AXIS2_PLACEMENT_3D('',#2040,#1640,#1641);
#1507=AXIS2_PLACEMENT_3D('',#2046,#1645,#1646);
#1508=AXIS2_PLACEMENT_3D('',#2057,#1653,#1654);
#1509=AXIS2_PLACEMENT_3D('',#2060,#1655,#1656);
#1510=AXIS2_PLACEMENT_3D('',#2064,#1658,#1659);
#1511=AXIS2_PLACEMENT_3D('',#2066,#1660,#1661);
#1512=AXIS2_PLACEMENT_3D('',#2068,#1662,#1663);
#1513=AXIS2_PLACEMENT_3D('',#2072,#1665,#1666);
#1514=AXIS2_PLACEMENT_3D('',#2076,#1668,#1669);
#1515=AXIS2_PLACEMENT_3D('',#2080,#1671,#1672);
#1516=AXIS2_PLACEMENT_3D('',#2081,#1673,#1674);
#1517=AXIS2_PLACEMENT_3D('',#2082,#1675,#1676);
#1518=AXIS2_PLACEMENT_3D('',#2096,#1684,#1685);
#1519=AXIS2_PLACEMENT_3D('',#2100,#1688,#1689);
#1520=AXIS2_PLACEMENT_3D('',#2104,#1692,#1693);
#1521=AXIS2_PLACEMENT_3D('',#2110,#1697,#1698);
#1522=AXIS2_PLACEMENT_3D('',#2113,#1701,#1702);
#1523=AXIS2_PLACEMENT_3D('',#2121,#1707,#1708);
#1524=AXIS2_PLACEMENT_3D('',#2127,#1712,#1713);
#1525=AXIS2_PLACEMENT_3D('',#2133,#1717,#1718);
#1526=AXIS2_PLACEMENT_3D('',#2147,#1726,#1727);
#1527=AXIS2_PLACEMENT_3D('',#2156,#1733,#1734);
#1528=AXIS2_PLACEMENT_3D('',#2160,#1737,#1738);
#1529=AXIS2_PLACEMENT_3D('',#2162,#1740,#1741);
#1530=AXIS2_PLACEMENT_3D('',#2166,#1744,#1745);
#1531=AXIS2_PLACEMENT_3D('',#2170,#1748,#1749);
#1532=AXIS2_PLACEMENT_3D('',#2174,#1752,#1753);
#1533=AXIS2_PLACEMENT_3D('',#2177,#1756,#1757);
#1534=AXIS2_PLACEMENT_3D('',#2178,#1758,#1759);
#1535=AXIS2_PLACEMENT_3D('',#2182,#1762,#1763);
#1536=AXIS2_PLACEMENT_3D('',#2186,#1766,#1767);
#1537=AXIS2_PLACEMENT_3D('',#2190,#1770,#1771);
#1538=AXIS2_PLACEMENT_3D('',#2193,#1773,#1774);
#1539=AXIS2_PLACEMENT_3D('',#2194,#1775,#1776);
#1540=AXIS2_PLACEMENT_3D('',#2198,#1779,#1780);
#1541=AXIS2_PLACEMENT_3D('',#2202,#1783,#1784);
#1542=AXIS2_PLACEMENT_3D('',#2206,#1787,#1788);
#1543=AXIS2_PLACEMENT_3D('',#2210,#1791,#1792);
#1544=AXIS2_PLACEMENT_3D('',#2214,#1795,#1796);
#1545=AXIS2_PLACEMENT_3D('',#2218,#1799,#1800);
#1546=AXIS2_PLACEMENT_3D('',#2222,#1803,#1804);
#1547=AXIS2_PLACEMENT_3D('',#2231,#1809,#1810);
#1548=AXIS2_PLACEMENT_3D('',#2233,#1812,#1813);
#1549=AXIS2_PLACEMENT_3D('',#2234,#1814,#1815);
#1550=AXIS2_PLACEMENT_3D('',#2238,#1818,#1819);
#1551=AXIS2_PLACEMENT_3D('',#2242,#1822,#1823);
#1552=AXIS2_PLACEMENT_3D('',#2246,#1826,#1827);
#1553=AXIS2_PLACEMENT_3D('',#2250,#1830,#1831);
#1554=AXIS2_PLACEMENT_3D('',#2252,#1833,#1834);
#1555=AXIS2_PLACEMENT_3D('',#2256,#1837,#1838);
#1556=AXIS2_PLACEMENT_3D('',#2260,#1841,#1842);
#1557=AXIS2_PLACEMENT_3D('',#2264,#1845,#1846);
#1558=AXIS2_PLACEMENT_3D('',#2266,#1848,#1849);
#1559=AXIS2_PLACEMENT_3D('',#2267,#1850,#1851);
#1560=AXIS2_PLACEMENT_3D('',#2269,#1853,#1854);
#1561=AXIS2_PLACEMENT_3D('',#2271,#1856,#1857);
#1562=AXIS2_PLACEMENT_3D('',#2273,#1859,#1860);
#1563=AXIS2_PLACEMENT_3D('',#2279,#1864,#1865);
#1564=AXIS2_PLACEMENT_3D('',#2283,#1868,#1869);
#1565=AXIS2_PLACEMENT_3D('',#2287,#1872,#1873);
#1566=AXIS2_PLACEMENT_3D('',#2293,#1877,#1878);
#1567=AXIS2_PLACEMENT_3D('',#2297,#1881,#1882);
#1568=AXIS2_PLACEMENT_3D('',#2301,#1885,#1886);
#1569=AXIS2_PLACEMENT_3D('',#2305,#1889,#1890);
#1570=AXIS2_PLACEMENT_3D('',#2325,#1901,#1902);
#1571=AXIS2_PLACEMENT_3D('',#2334,#1907,#1908);
#1572=AXIS2_PLACEMENT_3D('',#2337,#1911,#1912);
#1573=AXIS2_PLACEMENT_3D('',#2339,#1913,#1914);
#1574=AXIS2_PLACEMENT_3D('',#2343,#1917,#1918);
#1575=AXIS2_PLACEMENT_3D('',#2350,#1923,#1924);
#1576=AXIS2_PLACEMENT_3D('',#2354,#1927,#1928);
#1577=AXIS2_PLACEMENT_3D('',#2360,#1932,#1933);
#1578=AXIS2_PLACEMENT_3D('',#2364,#1936,#1937);
#1579=AXIS2_PLACEMENT_3D('',#2366,#1938,#1939);
#1580=AXIS2_PLACEMENT_3D('',#2368,#1941,#1942);
#1581=AXIS2_PLACEMENT_3D('',#2370,#1943,#1944);
#1582=AXIS2_PLACEMENT_3D('',#2372,#1946,#1947);
#1583=AXIS2_PLACEMENT_3D('',#2378,#1952,#1953);
#1584=AXIS2_PLACEMENT_3D('',#2380,#1954,#1955);
#1585=AXIS2_PLACEMENT_3D('',#2382,#1957,#1958);
#1586=AXIS2_PLACEMENT_3D('',#2384,#1959,#1960);
#1587=AXIS2_PLACEMENT_3D('',#2386,#1962,#1963);
#1588=AXIS2_PLACEMENT_3D('',#2387,#1964,#1965);
#1589=AXIS2_PLACEMENT_3D('',#2388,#1966,#1967);
#1590=AXIS2_PLACEMENT_3D('',#2389,#1968,#1969);
#1591=AXIS2_PLACEMENT_3D('',#2391,#1971,#1972);
#1592=AXIS2_PLACEMENT_3D('',#2395,#1975,#1976);
#1593=AXIS2_PLACEMENT_3D('',#2399,#1979,#1980);
#1594=AXIS2_PLACEMENT_3D('',#2403,#1983,#1984);
#1595=AXIS2_PLACEMENT_3D('',#2405,#1986,#1987);
#1596=AXIS2_PLACEMENT_3D('',#2407,#1989,#1990);
#1597=DIRECTION('axis',(0.,0.,1.));
#1598=DIRECTION('refdir',(1.,0.,0.));
#1599=DIRECTION('center_axis',(0.,0.,-1.));
#1600=DIRECTION('ref_axis',(1.,0.,0.));
#1601=DIRECTION('',(0.,0.,1.));
#1602=DIRECTION('center_axis',(0.833290350526451,0.282341456842877,0.475300424434217));
#1603=DIRECTION('ref_axis',(0.450162137934416,0.152527187863881,-0.879823565570196));
#1604=DIRECTION('center_axis',(0.,0.282341456842876,0.959313974540058));
#1605=DIRECTION('ref_axis',(0.,-0.959313974540058,0.282341456842876));
#1606=DIRECTION('center_axis',(-0.833290350526451,0.282341456842877,0.475300424434217));
#1607=DIRECTION('ref_axis',(0.450162137934416,-0.152527187863881,0.879823565570196));
#1608=DIRECTION('',(0.,0.,-1.));
#1609=DIRECTION('center_axis',(0.868631514438191,0.,-0.495458668432408));
#1610=DIRECTION('ref_axis',(0.495458668432408,0.,0.868631514438191));
#1611=DIRECTION('center_axis',(0.,0.,-1.));
#1612=DIRECTION('ref_axis',(1.,0.,0.));
#1613=DIRECTION('center_axis',(-0.868631514438191,0.,-0.495458668432408));
#1614=DIRECTION('ref_axis',(0.495458668432408,0.,-0.868631514438191));
#1615=DIRECTION('center_axis',(0.,0.,-1.));
#1616=DIRECTION('ref_axis',(1.,0.,0.));
#1617=DIRECTION('center_axis',(0.,0.,1.));
#1618=DIRECTION('ref_axis',(1.,0.,0.));
#1619=DIRECTION('',(0.,0.,-1.));
#1620=DIRECTION('center_axis',(0.,0.282341456842877,-0.959313974540058));
#1621=DIRECTION('ref_axis',(0.,-0.959313974540058,-0.282341456842877));
#1622=DIRECTION('',(0.,0.,1.));
#1623=DIRECTION('center_axis',(0.,-0.282341456842877,0.959313974540058));
#1624=DIRECTION('ref_axis',(0.,-0.959313974540057,-0.282341456842877));
#1625=DIRECTION('',(1.,0.,0.));
#1626=DIRECTION('',(0.162786321493201,0.946518018252835,0.278575402104057));
#1627=DIRECTION('',(1.,0.,0.));
#1628=DIRECTION('',(-0.162786321493201,0.946518018252835,0.278575402104057));
#1629=DIRECTION('',(1.,0.,0.));
#1630=DIRECTION('center_axis',(0.833290350526451,-0.282341456842877,-0.475300424434217));
#1631=DIRECTION('ref_axis',(-0.245250687246113,-0.959313974540057,0.139888522250638));
#1632=DIRECTION('',(0.161835128791407,0.946668115922631,-0.278619578250641));
#1633=DIRECTION('',(-0.495458668432408,0.,-0.868631514438191));
#1634=DIRECTION('',(0.27449104809809,0.957591083078993,-0.087601267808259));
#1635=DIRECTION('',(-0.495458668432408,0.,-0.868631514438191));
#1636=DIRECTION('center_axis',(0.,-0.282341456842876,-0.959313974540058));
#1637=DIRECTION('ref_axis',(3.13461986193171E-17,-0.959313974540057,0.282341456842877));
#1638=DIRECTION('',(-0.161835128791407,0.946668115922631,-0.278619578250641));
#1639=DIRECTION('',(-1.,0.,4.93038065763132E-32));
#1640=DIRECTION('center_axis',(-0.833290350526451,-0.282341456842877,-0.475300424434217));
#1641=DIRECTION('ref_axis',(0.245250687246113,-0.959313974540057,0.139888522250638));
#1642=DIRECTION('',(-0.495458668432408,0.,0.868631514438191));
#1643=DIRECTION('',(-0.27449104809809,0.957591083078993,-0.0876012678082589));
#1644=DIRECTION('',(-0.495458668432408,0.,0.868631514438191));
#1645=DIRECTION('center_axis',(0.,-1.,0.));
#1646=DIRECTION('ref_axis',(0.,0.,-1.));
#1647=DIRECTION('',(1.,0.,0.));
#1648=DIRECTION('',(0.490903753615141,0.,-0.871213811120189));
#1649=DIRECTION('',(-0.0993197497436385,0.,-0.995055569961226));
#1650=DIRECTION('',(-0.495458668432408,0.,-0.868631514438191));
#1651=DIRECTION('',(-0.0993197497436385,0.,-0.995055569961226));
#1652=DIRECTION('',(0.490903753615141,0.,-0.871213811120189));
#1653=DIRECTION('center_axis',(1.,-5.95624852734164E-32,6.5928159761362E-17));
#1654=DIRECTION('ref_axis',(-4.66182488384092E-17,-0.707106781186548,0.707106781186547));
#1655=DIRECTION('center_axis',(-0.871213811120189,-6.16297582203915E-33,
-0.490903753615142));
#1656=DIRECTION('ref_axis',(-0.490903753615142,-9.30040031227948E-17,0.871213811120189));
#1657=DIRECTION('',(-1.,5.95624852734164E-32,-6.5928159761362E-17));
#1658=DIRECTION('center_axis',(0.871213811120189,0.,-0.490903753615141));
#1659=DIRECTION('ref_axis',(0.490903753615141,-3.72016012491179E-16,0.871213811120189));
#1660=DIRECTION('center_axis',(0.333399091563345,-0.923879532511287,-0.187860733394349));
#1661=DIRECTION('ref_axis',(-0.942785789956943,-0.326713236595662,-0.0664335403877482));
#1662=DIRECTION('center_axis',(0.871213811120189,0.,-0.490903753615141));
#1663=DIRECTION('ref_axis',(0.490903753615141,-9.30040031227948E-17,0.871213811120189));
#1664=DIRECTION('',(1.,-5.95624852734164E-32,6.5928159761362E-17));
#1665=DIRECTION('center_axis',(0.586337796826428,0.73963109497861,-0.330384369111909));
#1666=DIRECTION('ref_axis',(0.810066656524468,-0.535355533030728,0.239136917352078));
#1667=DIRECTION('',(-1.,5.95624852734164E-32,-6.5928159761362E-17));
#1668=DIRECTION('center_axis',(-0.586337796826428,0.73963109497861,-0.330384369111909));
#1669=DIRECTION('ref_axis',(-0.810066656524468,-0.535355533030728,0.239136917352078));
#1670=DIRECTION('',(1.,-5.95624852734164E-32,6.5928159761362E-17));
#1671=DIRECTION('center_axis',(-0.871213811120189,0.,-0.490903753615141));
#1672=DIRECTION('ref_axis',(-0.490903753615141,-3.72016012491179E-16,0.871213811120189));
#1673=DIRECTION('center_axis',(-0.333399091563345,-0.923879532511287,-0.187860733394349));
#1674=DIRECTION('ref_axis',(0.942785789956943,-0.326713236595662,-0.0664335403877481));
#1675=DIRECTION('center_axis',(0.,-1.,-9.03445287855944E-16));
#1676=DIRECTION('ref_axis',(0.,9.03445287855944E-16,-1.));
#1677=DIRECTION('',(0.490903753615141,0.,0.871213811120189));
#1678=DIRECTION('',(-0.0993197497436383,0.,0.995055569961226));
#1679=DIRECTION('',(-0.495458668432408,0.,0.868631514438191));
#1680=DIRECTION('',(-1.,0.,0.));
#1681=DIRECTION('',(-0.495458668432408,0.,0.868631514438191));
#1682=DIRECTION('',(-0.0993197497436383,0.,0.995055569961226));
#1683=DIRECTION('',(0.490903753615141,0.,0.871213811120189));
#1684=DIRECTION('center_axis',(-0.871213811120189,0.,0.490903753615141));
#1685=DIRECTION('ref_axis',(0.,-1.,0.));
#1686=DIRECTION('',(-0.490903753615141,-3.00424185609825E-17,-0.871213811120189));
#1687=DIRECTION('',(0.,1.,0.));
#1688=DIRECTION('center_axis',(0.333399091563345,-0.923879532511287,-0.187860733394349));
#1689=DIRECTION('ref_axis',(0.804896608535097,0.38268343236509,-0.453535930397992));
#1690=DIRECTION('',(0.490903753615141,0.,0.871213811120189));
#1691=DIRECTION('',(0.0966171336731425,0.23169393140568,-0.967978848751648));
#1692=DIRECTION('center_axis',(0.871213811120189,0.,-0.490903753615141));
#1693=DIRECTION('ref_axis',(-3.00591855277102E-17,1.,-5.33464602580653E-17));
#1694=DIRECTION('',(0.,-1.,0.));
#1695=DIRECTION('',(0.490903753615141,0.,0.871213811120189));
#1696=DIRECTION('',(0.,1.,0.));
#1697=DIRECTION('center_axis',(0.,-0.73963109497861,0.673012513509774));
#1698=DIRECTION('ref_axis',(0.,-0.673012513509774,-0.73963109497861));
#1699=DIRECTION('',(0.3967356631489,0.617780329979207,0.678931717830729));
#1700=DIRECTION('',(-0.3967356631489,0.617780329979207,0.678931717830729));
#1701=DIRECTION('center_axis',(0.,0.,-1.));
#1702=DIRECTION('ref_axis',(0.,1.,0.));
#1703=DIRECTION('',(1.,0.,0.));
#1704=DIRECTION('',(0.,1.,0.));
#1705=DIRECTION('',(1.,0.,0.));
#1706=DIRECTION('',(0.,1.,0.));
#1707=DIRECTION('center_axis',(0.,0.55249146943777,-0.833518551802234));
#1708=DIRECTION('ref_axis',(0.,0.833518551802234,0.55249146943777));
#1709=DIRECTION('',(1.,0.,0.));
#1710=DIRECTION('',(-0.307234893737796,-0.793204352708229,-0.525769507402859));
#1711=DIRECTION('',(0.307234893737796,-0.793204352708229,-0.525769507402859));
#1712=DIRECTION('center_axis',(0.,0.73963109497861,-0.673012513509773));
#1713=DIRECTION('ref_axis',(0.,0.673012513509773,0.73963109497861));
#1714=DIRECTION('',(1.,0.,0.));
#1715=DIRECTION('',(-0.3967356631489,-0.617780329979206,-0.67893171783073));
#1716=DIRECTION('',(0.3967356631489,-0.617780329979206,-0.67893171783073));
#1717=DIRECTION('center_axis',(0.,-1.,-9.03445287855944E-16));
#1718=DIRECTION('ref_axis',(0.,9.03445287855944E-16,-1.));
#1719=DIRECTION('',(0.490903753615141,0.,-0.871213811120189));
#1720=DIRECTION('',(-0.0993197497436385,0.,-0.995055569961226));
#1721=DIRECTION('',(-0.495458668432408,0.,-0.868631514438191));
#1722=DIRECTION('',(-1.,0.,0.));
#1723=DIRECTION('',(-0.495458668432408,0.,-0.868631514438191));
#1724=DIRECTION('',(-0.0993197497436385,0.,-0.995055569961226));
#1725=DIRECTION('',(0.490903753615141,0.,-0.871213811120189));
#1726=DIRECTION('center_axis',(0.,-1.,0.));
#1727=DIRECTION('ref_axis',(0.,0.,-1.));
#1728=DIRECTION('',(0.490903753615141,0.,0.871213811120189));
#1729=DIRECTION('',(-0.0993197497436383,0.,0.995055569961226));
#1730=DIRECTION('',(-0.495458668432408,0.,0.868631514438191));
#1731=DIRECTION('',(-0.0993197497436383,0.,0.995055569961226));
#1732=DIRECTION('',(0.490903753615141,0.,0.871213811120189));
#1733=DIRECTION('center_axis',(0.586337796826428,-0.73963109497861,0.330384369111909));
#1734=DIRECTION('ref_axis',(-0.644376825079313,-0.673012513509774,-0.363087680815476));
#1735=DIRECTION('',(0.490903753615141,0.,-0.871213811120189));
#1736=DIRECTION('',(0.739251260649526,0.655322929230838,0.155111031369146));
#1737=DIRECTION('center_axis',(0.8357675838199,-0.282341456842877,0.470930830997174));
#1738=DIRECTION('ref_axis',(-0.245979776653309,-0.959313974540057,-0.138602480965335));
#1739=DIRECTION('',(0.288665473947968,0.9555122835405,0.0605683098130831));
#1740=DIRECTION('center_axis',(-0.871213811120189,0.,-0.490903753615141));
#1741=DIRECTION('ref_axis',(0.,1.,0.));
#1742=DIRECTION('',(0.490903753615141,0.,-0.871213811120189));
#1743=DIRECTION('',(0.,1.,0.));
#1744=DIRECTION('center_axis',(-0.726172874155005,0.55249146943777,-0.409177385787573));
#1745=DIRECTION('ref_axis',(0.481338198700273,0.833518551802234,0.271220136187346));
#1746=DIRECTION('',(0.490903753615141,0.,-0.871213811120189));
#1747=DIRECTION('',(-0.558650017446245,-0.821078768391422,-0.117216953143027));
#1748=DIRECTION('center_axis',(-0.586337796826427,0.73963109497861,-0.330384369111908));
#1749=DIRECTION('ref_axis',(0.644376825079314,0.673012513509773,0.363087680815477));
#1750=DIRECTION('',(0.490903753615141,0.,-0.871213811120189));
#1751=DIRECTION('',(-0.739251260649526,-0.655322929230838,-0.155111031369147));
#1752=DIRECTION('center_axis',(0.669684850221505,-0.73963109497861,-0.0668434344161278));
#1753=DIRECTION('ref_axis',(-0.735974040774986,-0.673012513509773,0.0734599752558889));
#1754=DIRECTION('',(-0.0993197497436385,0.,-0.995055569961226));
#1755=DIRECTION('',(0.711619106689308,0.664846468883575,-0.227106626516604));
#1756=DIRECTION('center_axis',(0.954570713707726,-0.282341456842876,-0.0952788238768937));
#1757=DIRECTION('ref_axis',(-0.280945439262472,-0.959313974540057,0.0280420828358888));
#1758=DIRECTION('center_axis',(-0.995055569961226,0.,0.0993197497436385));
#1759=DIRECTION('ref_axis',(0.,1.,0.));
#1760=DIRECTION('',(-0.0993197497436385,0.,-0.995055569961226));
#1761=DIRECTION('',(0.,1.,0.));
#1762=DIRECTION('center_axis',(-0.829397277636828,0.55249146943777,0.0827848539716779));
#1763=DIRECTION('ref_axis',(0.549759714020116,0.833518551802234,-0.0548733144800545));
#1764=DIRECTION('',(-0.0993197497436385,0.,-0.995055569961226));
#1765=DIRECTION('',(-0.534423494943846,-0.827829740268366,0.17055629328528));
#1766=DIRECTION('center_axis',(-0.669684850221505,0.73963109497861,0.0668434344161278));
#1767=DIRECTION('ref_axis',(0.735974040774987,0.673012513509773,-0.0734599752558889));
#1768=DIRECTION('',(-0.0993197497436385,0.,-0.995055569961226));
#1769=DIRECTION('',(-0.711619106689308,-0.664846468883575,0.227106626516604));
#1770=DIRECTION('center_axis',(0.584599878845848,-0.73963109497861,-0.3334498837819));
#1771=DIRECTION('ref_axis',(-0.642466878156847,-0.673012513509773,0.366456637449306));
#1772=DIRECTION('',(0.394726807686929,0.618362911220595,-0.679571966255287));
#1773=DIRECTION('center_axis',(-0.584599878845848,0.73963109497861,0.3334498837819));
#1774=DIRECTION('ref_axis',(-0.811321749772197,-0.532943001511451,-0.240268132482329));
#1775=DIRECTION('center_axis',(-0.868631514438191,0.,0.495458668432408));
#1776=DIRECTION('ref_axis',(0.,1.,0.));
#1777=DIRECTION('',(-0.495458668432408,0.,-0.868631514438191));
#1778=DIRECTION('',(0.,1.,0.));
#1779=DIRECTION('center_axis',(-0.724020481964303,0.55249146943777,0.412973991789644));
#1780=DIRECTION('ref_axis',(0.479911501811912,0.833518551802234,-0.273736687767902));
#1781=DIRECTION('',(-0.495458668432408,0.,-0.868631514438191));
#1782=DIRECTION('',(-0.305563843139292,-0.793652685185449,0.526066681195333));
#1783=DIRECTION('center_axis',(-0.584599878845848,0.73963109497861,0.3334498837819));
#1784=DIRECTION('ref_axis',(0.642466878156848,0.673012513509773,-0.366456637449306));
#1785=DIRECTION('',(-0.495458668432408,0.,-0.868631514438191));
#1786=DIRECTION('',(-0.394726807686929,-0.618362911220595,0.679571966255287));
#1787=DIRECTION('center_axis',(0.,-0.739631094978609,-0.673012513509774));
#1788=DIRECTION('ref_axis',(8.21155471373968E-17,-0.673012513509773,0.73963109497861));
#1789=DIRECTION('',(-0.394726807686929,0.618362911220595,-0.679571966255287));
#1790=DIRECTION('',(1.,0.,0.));
#1791=DIRECTION('center_axis',(0.,0.,1.));
#1792=DIRECTION('ref_axis',(0.,1.,0.));
#1793=DIRECTION('',(-1.,0.,4.93038065763132E-32));
#1794=DIRECTION('',(0.,1.,0.));
#1795=DIRECTION('center_axis',(0.,0.55249146943777,0.833518551802234));
#1796=DIRECTION('ref_axis',(-6.13388750278798E-17,0.833518551802234,-0.55249146943777));
#1797=DIRECTION('',(-1.,0.,4.93038065763132E-32));
#1798=DIRECTION('',(0.305563843139292,-0.79365268518545,0.526066681195333));
#1799=DIRECTION('center_axis',(0.,0.73963109497861,0.673012513509773));
#1800=DIRECTION('ref_axis',(-8.21155471373969E-17,0.673012513509773,-0.73963109497861));
#1801=DIRECTION('',(-1.,0.,4.93038065763132E-32));
#1802=DIRECTION('',(0.394726807686929,-0.618362911220595,0.679571966255287));
#1803=DIRECTION('center_axis',(-0.868631514438191,0.,-0.495458668432408));
#1804=DIRECTION('ref_axis',(0.,-1.,0.));
#1805=DIRECTION('',(0.,-1.,0.));
#1806=DIRECTION('',(-0.495458668432408,2.4033934848786E-16,0.868631514438191));
#1807=DIRECTION('',(0.,1.,0.));
#1808=DIRECTION('',(-0.495458668432407,0.,0.868631514438191));
#1809=DIRECTION('center_axis',(-0.584599878845848,-0.73963109497861,-0.3334498837819));
#1810=DIRECTION('ref_axis',(0.642466878156847,-0.673012513509773,0.366456637449306));
#1811=DIRECTION('',(-0.711619106689308,0.664846468883575,-0.227106626516604));
#1812=DIRECTION('center_axis',(0.584599878845848,0.73963109497861,0.3334498837819));
#1813=DIRECTION('ref_axis',(0.811321749772197,-0.532943001511451,-0.240268132482329));
#1814=DIRECTION('center_axis',(0.868631514438191,0.,0.495458668432408));
#1815=DIRECTION('ref_axis',(0.,1.,0.));
#1816=DIRECTION('',(-0.495458668432408,0.,0.868631514438191));
#1817=DIRECTION('',(0.,1.,0.));
#1818=DIRECTION('center_axis',(0.724020481964303,0.55249146943777,0.412973991789644));
#1819=DIRECTION('ref_axis',(-0.479911501811912,0.833518551802234,-0.273736687767902));
#1820=DIRECTION('',(-0.495458668432408,0.,0.868631514438191));
#1821=DIRECTION('',(0.534423494943846,-0.827829740268366,0.17055629328528));
#1822=DIRECTION('center_axis',(0.584599878845848,0.73963109497861,0.3334498837819));
#1823=DIRECTION('ref_axis',(-0.642466878156848,0.673012513509773,-0.366456637449306));
#1824=DIRECTION('',(-0.495458668432408,0.,0.868631514438191));
#1825=DIRECTION('',(0.711619106689309,-0.664846468883575,0.227106626516604));
#1826=DIRECTION('center_axis',(-0.669684850221505,-0.73963109497861,-0.0668434344161277));
#1827=DIRECTION('ref_axis',(0.735974040774987,-0.673012513509773,0.0734599752558886));
#1828=DIRECTION('',(-0.0993197497436383,0.,0.995055569961226));
#1829=DIRECTION('',(-0.739251260649526,0.655322929230838,0.155111031369147));
#1830=DIRECTION('center_axis',(-0.954570713707726,-0.282341456842877,-0.0952788238768935));
#1831=DIRECTION('ref_axis',(0.280945439262472,-0.959313974540057,0.0280420828358887));
#1832=DIRECTION('',(-0.288665473947968,0.9555122835405,0.0605683098130832));
#1833=DIRECTION('center_axis',(0.995055569961226,0.,0.0993197497436383));
#1834=DIRECTION('ref_axis',(0.,1.,0.));
#1835=DIRECTION('',(-0.0993197497436383,0.,0.995055569961226));
#1836=DIRECTION('',(0.,1.,0.));
#1837=DIRECTION('center_axis',(0.829397277636828,0.55249146943777,0.0827848539716777));
#1838=DIRECTION('ref_axis',(-0.549759714020116,0.833518551802234,-0.0548733144800543));
#1839=DIRECTION('',(-0.0993197497436383,0.,0.995055569961226));
#1840=DIRECTION('',(0.558650017446245,-0.821078768391423,-0.117216953143027));
#1841=DIRECTION('center_axis',(0.669684850221505,0.73963109497861,0.0668434344161277));
#1842=DIRECTION('ref_axis',(-0.735974040774987,0.673012513509773,-0.0734599752558887));
#1843=DIRECTION('',(-0.0993197497436383,0.,0.995055569961226));
#1844=DIRECTION('',(0.739251260649526,-0.655322929230838,-0.155111031369147));
#1845=DIRECTION('center_axis',(-0.586337796826428,-0.73963109497861,0.330384369111909));
#1846=DIRECTION('ref_axis',(0.644376825079313,-0.673012513509773,-0.363087680815476));
#1847=DIRECTION('',(0.490903753615141,0.,0.871213811120189));
#1848=DIRECTION('center_axis',(-0.8357675838199,-0.282341456842877,0.470930830997174));
#1849=DIRECTION('ref_axis',(0.245979776653309,-0.959313974540057,-0.138602480965336));
#1850=DIRECTION('center_axis',(0.871213811120189,0.,-0.490903753615141));
#1851=DIRECTION('ref_axis',(0.,1.,0.));
#1852=DIRECTION('',(0.490903753615141,0.,0.871213811120189));
#1853=DIRECTION('center_axis',(0.726172874155005,0.55249146943777,-0.409177385787573));
#1854=DIRECTION('ref_axis',(-0.481338198700274,0.833518551802234,0.271220136187347));
#1855=DIRECTION('',(0.490903753615141,0.,0.871213811120189));
#1856=DIRECTION('center_axis',(0.586337796826427,0.73963109497861,-0.330384369111908));
#1857=DIRECTION('ref_axis',(-0.644376825079314,0.673012513509773,0.363087680815477));
#1858=DIRECTION('',(0.490903753615141,0.,0.871213811120189));
#1859=DIRECTION('center_axis',(0.616041193706462,0.707106781186547,-0.347121373091197));
#1860=DIRECTION('ref_axis',(-0.490903753615141,0.,-0.871213811120189));
#1861=DIRECTION('',(0.490903753615141,0.,0.871213811120189));
#1862=DIRECTION('',(-0.753989699956404,0.656886240044387,-1.1387155622954E-16));
#1863=DIRECTION('',(0.708325753855381,-0.690062368419067,-0.148622185817177));
#1864=DIRECTION('center_axis',(0.703610541177028,0.707106781186548,0.0702296685494773));
#1865=DIRECTION('ref_axis',(0.0993197497436381,0.,-0.995055569961226));
#1866=DIRECTION('',(-0.0993197497436381,0.,0.995055569961226));
#1867=DIRECTION('',(0.681033401138215,-0.699252778086876,0.217345482750163));
#1868=DIRECTION('center_axis',(0.614215234211586,0.707106781186547,0.350342184246213));
#1869=DIRECTION('ref_axis',(0.495458668432408,0.,-0.868631514438191));
#1870=DIRECTION('',(0.754954452515776,-0.655777229420635,0.));
#1871=DIRECTION('',(-0.495458668432408,0.,0.868631514438191));
#1872=DIRECTION('center_axis',(-0.614215234211586,0.707106781186548,0.350342184246212));
#1873=DIRECTION('ref_axis',(0.495458668432407,0.,0.868631514438192));
#1874=DIRECTION('',(-0.495458668432407,0.,-0.868631514438192));
#1875=DIRECTION('',(0.754954452515777,0.655777229420635,0.));
#1876=DIRECTION('',(-0.681033401138214,-0.699252778086875,0.217345482750167));
#1877=DIRECTION('center_axis',(-0.703610541177028,0.707106781186548,0.0702296685494776));
#1878=DIRECTION('ref_axis',(0.0993197497436384,0.,0.995055569961226));
#1879=DIRECTION('',(-0.0993197497436384,0.,-0.995055569961226));
#1880=DIRECTION('',(-0.70832575385538,-0.690062368419067,-0.148622185817178));
#1881=DIRECTION('center_axis',(-0.616041193706462,0.707106781186548,-0.347121373091196));
#1882=DIRECTION('ref_axis',(-0.490903753615141,0.,0.871213811120189));
#1883=DIRECTION('',(-0.753989699956404,-0.656886240044387,-1.1387155622954E-16));
#1884=DIRECTION('',(0.490903753615141,0.,-0.871213811120189));
#1885=DIRECTION('center_axis',(0.871213811120189,0.,0.490903753615141));
#1886=DIRECTION('ref_axis',(0.,-1.,0.));
#1887=DIRECTION('',(0.,1.,0.));
#1888=DIRECTION('',(-0.490903753615141,-2.70381767048843E-16,0.871213811120189));
#1889=DIRECTION('center_axis',(0.995055569961226,0.,-0.0993197497436385));
#1890=DIRECTION('ref_axis',(0.,-1.,0.));
#1891=DIRECTION('',(-0.0979395126288607,0.166134541238341,-0.981227377356312));
#1892=DIRECTION('',(0.,1.,0.));
#1893=DIRECTION('',(-0.0993197497436384,0.,-0.995055569961226));
#1894=DIRECTION('',(0.,1.,0.));
#1895=DIRECTION('',(-0.0966171336731427,-0.23169393140568,-0.967978848751648));
#1896=DIRECTION('',(1.06452108766991E-33,-1.,1.06651259227018E-32));
#1897=DIRECTION('',(0.0966171336731427,-0.23169393140568,0.967978848751648));
#1898=DIRECTION('',(0.,1.,0.));
#1899=DIRECTION('',(0.0979395126288607,0.166134541238341,0.981227377356312));
#1900=DIRECTION('',(1.5049178055171E-33,1.,1.50773320369701E-32));
#1901=DIRECTION('center_axis',(-0.871213811120189,0.,0.490903753615141));
#1902=DIRECTION('ref_axis',(0.,-1.,0.));
#1903=DIRECTION('',(0.,-1.,0.));
#1904=DIRECTION('',(0.490903753615141,0.,0.871213811120189));
#1905=DIRECTION('',(0.,1.,0.));
#1906=DIRECTION('',(0.490903753615141,-3.00424185609825E-17,0.871213811120189));
#1907=DIRECTION('center_axis',(0.333399091563345,0.923879532511287,-0.187860733394349));
#1908=DIRECTION('ref_axis',(-0.804896608535097,0.38268343236509,0.453535930397992));
#1909=DIRECTION('',(0.940626756577365,-0.339442638468926,6.20137910834443E-17));
#1910=DIRECTION('',(-0.0966171336731425,0.23169393140568,0.967978848751648));
#1911=DIRECTION('center_axis',(-0.868631514438191,0.,-0.495458668432408));
#1912=DIRECTION('ref_axis',(0.,-1.,0.));
#1913=DIRECTION('center_axis',(0.868631514438191,0.,0.495458668432408));
#1914=DIRECTION('ref_axis',(0.495458668432408,1.85456674470057E-16,-0.868631514438191));
#1915=DIRECTION('',(0.,1.,0.));
#1916=DIRECTION('',(0.495458668432408,2.4033934848786E-16,-0.868631514438191));
#1917=DIRECTION('center_axis',(-0.995055569961226,0.,-0.0993197497436383));
#1918=DIRECTION('ref_axis',(0.,-1.,0.));
#1919=DIRECTION('',(-0.0979395126288605,-0.166134541238341,0.981227377356312));
#1920=DIRECTION('',(-7.52458902758546E-34,-1.,7.53866601848504E-33));
#1921=DIRECTION('',(0.0979395126288605,-0.166134541238341,-0.981227377356312));
#1922=DIRECTION('',(-0.0993197497436382,0.,0.995055569961226));
#1923=DIRECTION('center_axis',(0.332410889405693,0.923879532511287,0.189603823830751));
#1924=DIRECTION('ref_axis',(0.802510877483728,-0.38268343236509,0.457744122969997));
#1925=DIRECTION('',(0.940947686059686,-0.338551993198862,0.));
#1926=DIRECTION('',(0.495458668432407,0.,-0.868631514438192));
#1927=DIRECTION('center_axis',(0.868631514438191,0.,-0.495458668432408));
#1928=DIRECTION('ref_axis',(0.,-1.,0.));
#1929=DIRECTION('',(0.,1.,0.));
#1930=DIRECTION('',(-0.495458668432408,0.,-0.868631514438191));
#1931=DIRECTION('',(-0.495458668432408,-1.50212092804912E-16,-0.868631514438191));
#1932=DIRECTION('center_axis',(-0.332410889405693,0.923879532511287,0.189603823830751));
#1933=DIRECTION('ref_axis',(-0.802510877483727,-0.38268343236509,0.457744122969997));
#1934=DIRECTION('',(0.940947686059686,0.338551993198862,0.));
#1935=DIRECTION('',(0.495458668432407,4.11193712824132E-17,0.868631514438192));
#1936=DIRECTION('center_axis',(0.332410889405693,-0.923879532511287,0.18960382383075));
#1937=DIRECTION('ref_axis',(-0.802510877483728,-0.38268343236509,-0.457744122969997));
#1938=DIRECTION('center_axis',(0.332410889405693,-0.923879532511287,0.18960382383075));
#1939=DIRECTION('ref_axis',(-0.943134667268952,-0.325624354361916,0.0668264860805154));
#1940=DIRECTION('',(0.495458668432407,0.,-0.868631514438192));
#1941=DIRECTION('center_axis',(0.868631514438192,3.08148791101958E-33,0.495458668432407));
#1942=DIRECTION('ref_axis',(3.03380936202779E-17,-1.,-5.31883401897625E-17));
#1943=DIRECTION('center_axis',(0.868631514438192,3.08148791101958E-33,0.495458668432407));
#1944=DIRECTION('ref_axis',(0.495458668432407,1.85456674470058E-16,-0.868631514438192));
#1945=DIRECTION('',(3.54752027735559E-33,-1.,0.));
#1946=DIRECTION('center_axis',(0.,0.,1.));
#1947=DIRECTION('ref_axis',(1.,0.,0.));
#1948=DIRECTION('',(1.,0.,0.));
#1949=DIRECTION('',(-1.,0.,0.));
#1950=DIRECTION('',(-1.,0.,0.));
#1951=DIRECTION('',(-7.09504055471118E-33,1.,0.));
#1952=DIRECTION('center_axis',(-0.868631514438191,-6.16297582203915E-33,
0.495458668432407));
#1953=DIRECTION('ref_axis',(3.03380936202779E-17,-1.,5.31883401897624E-17));
#1954=DIRECTION('center_axis',(-0.868631514438191,-6.16297582203915E-33,
0.495458668432407));
#1955=DIRECTION('ref_axis',(-0.495458668432407,-9.27283372350288E-17,-0.868631514438191));
#1956=DIRECTION('',(0.495458668432407,4.11193712824132E-17,0.868631514438192));
#1957=DIRECTION('center_axis',(-0.332410889405693,-0.923879532511287,0.18960382383075));
#1958=DIRECTION('ref_axis',(0.802510877483727,-0.382683432365089,-0.457744122969997));
#1959=DIRECTION('center_axis',(-0.332410889405693,-0.923879532511287,0.18960382383075));
#1960=DIRECTION('ref_axis',(0.943134667268952,-0.325624354361916,0.0668264860805153));
#1961=DIRECTION('',(0.495458668432408,-1.50212092804912E-16,0.868631514438191));
#1962=DIRECTION('center_axis',(0.868631514438191,0.,-0.495458668432408));
#1963=DIRECTION('ref_axis',(0.,-1.,0.));
#1964=DIRECTION('center_axis',(-0.868631514438191,0.,0.495458668432408));
#1965=DIRECTION('ref_axis',(-0.495458668432408,1.85456674470057E-16,-0.868631514438191));
#1966=DIRECTION('center_axis',(1.,0.,0.));
#1967=DIRECTION('ref_axis',(0.,-0.707106781186548,-0.707106781186547));
#1968=DIRECTION('center_axis',(-0.333399091563345,-0.923879532511287,-0.187860733394349));
#1969=DIRECTION('ref_axis',(0.804896608535097,-0.38268343236509,0.453535930397993));
#1970=DIRECTION('',(-0.490903753615142,0.,0.871213811120189));
#1971=DIRECTION('center_axis',(-0.871213811120189,-6.16297582203915E-33,
-0.490903753615142));
#1972=DIRECTION('ref_axis',(-3.00591855277102E-17,-1.,5.33464602580653E-17));
#1973=DIRECTION('',(-0.490903753615142,0.,0.871213811120189));
#1974=DIRECTION('',(-7.07401070021483E-33,1.,-4.66376507597347E-49));
#1975=DIRECTION('center_axis',(-0.333399091563345,0.923879532511287,-0.187860733394349));
#1976=DIRECTION('ref_axis',(-0.804896608535097,-0.38268343236509,-0.453535930397993));
#1977=DIRECTION('',(0.940626756577365,0.339442638468926,6.20137910834443E-17));
#1978=DIRECTION('',(0.490903753615141,-2.4033934848786E-16,-0.871213811120189));
#1979=DIRECTION('center_axis',(0.871213811120189,0.,0.490903753615141));
#1980=DIRECTION('ref_axis',(0.,-1.,0.));
#1981=DIRECTION('',(0.,1.,0.));
#1982=DIRECTION('',(0.490903753615141,0.,-0.871213811120189));
#1983=DIRECTION('center_axis',(0.,1.,0.));
#1984=DIRECTION('ref_axis',(0.,0.,1.));
#1985=DIRECTION('',(-1.,0.,-6.5928159761362E-17));
#1986=DIRECTION('center_axis',(0.,1.,0.));
#1987=DIRECTION('ref_axis',(0.,0.,1.));
#1988=DIRECTION('',(-1.,0.,-6.5928159761362E-17));
#1989=DIRECTION('center_axis',(-6.5928159761362E-17,0.,1.));
#1990=DIRECTION('ref_axis',(1.,0.,6.5928159761362E-17));
#1991=CARTESIAN_POINT('',(0.,0.,0.));
#1992=CARTESIAN_POINT('Origin',(-3.2964079880681E-16,-15.7,8.2744383405643));
#1993=CARTESIAN_POINT('',(-3.08382878902186,0.,-11.7068947798378));
#1994=CARTESIAN_POINT('',(-3.08382878902186,0.,-10.697728865793));
#1995=CARTESIAN_POINT('',(-3.08382878902186,0.,8.2744383405643));
#1996=CARTESIAN_POINT('',(-2.83317169959061,0.0471628594054629,-12.1743594672763));
#1997=CARTESIAN_POINT('Origin',(-3.2964079880681E-16,-15.7,-7.78719262075965));
#1998=CARTESIAN_POINT('',(2.83317169959062,0.0471628594054629,-12.1743594672763));
#1999=CARTESIAN_POINT('Origin',(-3.2964079880681E-16,-15.7,-7.53971739923154));
#2000=CARTESIAN_POINT('',(3.08382878902186,0.,-11.7068947798378));
#2001=CARTESIAN_POINT('Origin',(-3.2964079880681E-16,-15.7,-7.78719262075965));
#2002=CARTESIAN_POINT('',(3.08382878902186,0.,-10.697728865793));
#2003=CARTESIAN_POINT('',(3.08382878902186,0.,8.2744383405643));
#2004=CARTESIAN_POINT('',(2.53468598855142,0.0979545175773033,-11.6604786828962));
#2005=CARTESIAN_POINT('Origin',(-3.2964079880681E-16,-15.7,-16.1042562755392));
#2006=CARTESIAN_POINT('',(-2.53468598855142,0.0979545175773033,-11.6604786828962));
#2007=CARTESIAN_POINT('Origin',(-3.2964079880681E-16,-15.7,-11.6604786828962));
#2008=CARTESIAN_POINT('Origin',(-3.2964079880681E-16,-15.7,-16.1042562755392));
#2009=CARTESIAN_POINT('Origin',(-3.2964079880681E-16,-15.7,8.2744383405643));
#2010=CARTESIAN_POINT('',(3.08382878902186,0.,0.));
#2011=CARTESIAN_POINT('',(-3.08382878902186,0.,0.));
#2012=CARTESIAN_POINT('Origin',(-3.2964079880681E-16,-15.7,0.));
#2013=CARTESIAN_POINT('',(3.08382878902186,0.,0.5));
#2014=CARTESIAN_POINT('',(3.08382878902186,0.,8.2744383405643));
#2015=CARTESIAN_POINT('',(-3.08382878902186,0.,0.5));
#2016=CARTESIAN_POINT('Origin',(-3.2964079880681E-16,-15.7,-4.12076128366466));
#2017=CARTESIAN_POINT('',(-3.08382878902186,0.,8.2744383405643));
#2018=CARTESIAN_POINT('Origin',(-3.6,0.441284428288426,0.629877070147723));
#2019=CARTESIAN_POINT('',(3.8921764094455,0.,0.500000000000002));
#2020=CARTESIAN_POINT('',(-3.6,0.,0.5));
#2021=CARTESIAN_POINT('',(3.96807044149563,0.441284428288426,0.629877070147725));
#2022=CARTESIAN_POINT('',(3.87309684761381,-0.110937755017806,0.467349243102998));
#2023=CARTESIAN_POINT('',(-3.96807044149563,0.441284428288426,0.629877070147723));
#2024=CARTESIAN_POINT('',(-3.6,0.441284428288426,0.629877070147723));
#2025=CARTESIAN_POINT('',(-3.8921764094455,0.,0.5));
#2026=CARTESIAN_POINT('',(-3.87309684761381,-0.110937755017806,0.467349243102997));
#2027=CARTESIAN_POINT('',(-3.6,0.,0.5));
#2028=CARTESIAN_POINT('Origin',(5.06365173563336,0.441284428288426,-8.49803067959493));
#2029=CARTESIAN_POINT('',(2.90054770369052,0.441284428288426,-12.2903557530439));
#2030=CARTESIAN_POINT('',(2.80623013153277,-0.11043409537065,-12.1279761610946));
#2031=CARTESIAN_POINT('',(5.12998597386024,0.441284428288426,-8.38173437986033));
#2032=CARTESIAN_POINT('',(5.06365173563336,0.441284428288426,-8.49803067959493));
#2033=CARTESIAN_POINT('',(5.00349291500594,0.,-8.34136529532603));
#2034=CARTESIAN_POINT('',(4.98240506463851,-0.0735671986867432,-8.33463530380049));
#2035=CARTESIAN_POINT('',(4.95083641950014,0.,-8.43368195935964));
#2036=CARTESIAN_POINT('Origin',(2.53468598855142,0.441284428288426,-12.2903557530439));
#2037=CARTESIAN_POINT('',(-2.90054770369051,0.441284428288426,-12.2903557530439));
#2038=CARTESIAN_POINT('',(-2.80623013153276,-0.110434095370649,-12.1279761610946));
#2039=CARTESIAN_POINT('',(2.53468598855142,0.441284428288426,-12.2903557530439));
#2040=CARTESIAN_POINT('Origin',(-3.08181706190373,0.441284428288426,-11.9725567373477));
#2041=CARTESIAN_POINT('',(-5.00349291500594,0.,-8.34136529532604));
#2042=CARTESIAN_POINT('',(-2.96900174577051,0.,-11.9082080171124));
#2043=CARTESIAN_POINT('',(-5.12998597386023,0.441284428288426,-8.38173437986034));
#2044=CARTESIAN_POINT('',(-4.9824050646385,-0.0735671986867428,-8.33463530380049));
#2045=CARTESIAN_POINT('',(-3.08181706190373,0.441284428288426,-11.9725567373477));
#2046=CARTESIAN_POINT('Origin',(0.,0.,0.5));
#2047=CARTESIAN_POINT('',(3.6,0.,0.));
#2048=CARTESIAN_POINT('',(-3.6,0.,0.));
#2049=CARTESIAN_POINT('',(5.07271126084542,0.,-2.61364143336057));
#2050=CARTESIAN_POINT('',(3.6,0.,0.));
#2051=CARTESIAN_POINT('',(4.51652066228105,0.,-8.18595262514344));
#2052=CARTESIAN_POINT('',(5.07271126084542,0.,-2.61364143336057));
#2053=CARTESIAN_POINT('',(4.51652066228105,0.,-8.18595262514343));
#2054=CARTESIAN_POINT('',(5.58594440198755,0.,-2.50595393102823));
#2055=CARTESIAN_POINT('',(5.57023904582604,0.,-2.66330130823239));
#2056=CARTESIAN_POINT('',(4.03560690556009,0.,0.245451876807571));
#2057=CARTESIAN_POINT('Origin',(4.26727046093216E-16,3.05,1.9744383405643));
#2058=CARTESIAN_POINT('',(6.15783626171145,2.71603323097654,3.23080858742151));
#2059=CARTESIAN_POINT('',(6.13325215926298,3.05,3.2744383405643));
#2060=CARTESIAN_POINT('Origin',(6.86576451335334,3.05,1.9744383405643));
#2061=CARTESIAN_POINT('',(-6.13325215926298,3.05,3.2744383405643));
#2062=CARTESIAN_POINT('',(3.41020438403445E-16,3.05,3.2744383405643));
#2063=CARTESIAN_POINT('',(-6.15783626171145,2.71603323097654,3.23080858742151));
#2064=CARTESIAN_POINT('Origin',(-6.86576451335334,3.05,1.9744383405643));
#2065=CARTESIAN_POINT('',(-7.67985097358997,2.21897695612883,2.97413864593341));
#2066=CARTESIAN_POINT('Origin',(-5.94031189441279,3.05,1.9744383405643));
#2067=CARTESIAN_POINT('',(-8.24315314595211,1.75,1.9744383405643));
#2068=CARTESIAN_POINT('Origin',(-8.24315314595211,3.05,1.9744383405643));
#2069=CARTESIAN_POINT('',(-4.8613178273822,1.75,1.9744383405643));
#2070=CARTESIAN_POINT('',(4.26727046093216E-16,1.75,1.9744383405643));
#2071=CARTESIAN_POINT('',(-4.81088456610761,1.75367964852481,2.07218058501993));
#2072=CARTESIAN_POINT('Origin',(-6.50119236502323,3.05,1.9744383405643));
#2073=CARTESIAN_POINT('',(4.81088456610761,1.75367964852481,2.07218058501993));
#2074=CARTESIAN_POINT('',(5.51756226344695E-16,1.75367964852481,2.07218058501993));
#2075=CARTESIAN_POINT('',(4.86131782738221,1.75,1.9744383405643));
#2076=CARTESIAN_POINT('Origin',(6.50119236502323,3.05,1.9744383405643));
#2077=CARTESIAN_POINT('',(8.24315314595211,1.75,1.9744383405643));
#2078=CARTESIAN_POINT('',(4.26727046093216E-16,1.75,1.9744383405643));
#2079=CARTESIAN_POINT('',(7.67985097358998,2.21897695612883,2.97413864593341));
#2080=CARTESIAN_POINT('Origin',(8.24315314595211,3.05,1.9744383405643));
#2081=CARTESIAN_POINT('Origin',(5.94031189441279,3.05,1.9744383405643));
#2082=CARTESIAN_POINT('Origin',(0.,1.75,5.0144383405643));
#2083=CARTESIAN_POINT('',(-10.219863142028,1.75,-1.53365675237078));
#2084=CARTESIAN_POINT('',(-9.44135919815565,1.75,-0.152034829705873));
#2085=CARTESIAN_POINT('',(-9.40030533199042,1.75,-9.74456712908965));
#2086=CARTESIAN_POINT('',(-9.50616546328669,1.75,-8.68398538623319));
#2087=CARTESIAN_POINT('',(-7.18128892933572,1.75,-13.6349170234605));
#2088=CARTESIAN_POINT('',(-6.89038515837272,1.75,-14.1449256260486));
#2089=CARTESIAN_POINT('',(-3.78939997815284,1.75,-13.6349170234605));
#2090=CARTESIAN_POINT('',(5.55111512312578E-16,1.75000000000002,-13.6349170234605));
#2091=CARTESIAN_POINT('',(-6.53077104175064,1.75,-8.82878192011465));
#2092=CARTESIAN_POINT('',(-4.3311347058922,1.75,-12.6851549404419));
#2093=CARTESIAN_POINT('',(-7.19558385475049,1.75,-2.16821648106952));
#2094=CARTESIAN_POINT('',(-6.5744316091292,1.75,-8.3913594450295));
#2095=CARTESIAN_POINT('',(-6.87450052073509,1.75,-1.59838536233248));
#2096=CARTESIAN_POINT('Origin',(-9.44135919815565,3.66603323097654,-0.152034829705873));
#2097=CARTESIAN_POINT('',(-10.219863142028,2.21897695612883,-1.53365675237078));
#2098=CARTESIAN_POINT('',(-7.98578018880977,2.21897695612883,2.43120175542922));
#2099=CARTESIAN_POINT('',(-10.219863142028,0.875,-1.53365675237078));
#2100=CARTESIAN_POINT('Origin',(-7.32318678434622,1.84195654148852,5.46126276532748));
#2101=CARTESIAN_POINT('',(-10.0125890358023,2.71603323097654,-3.61027549578288));
#2102=CARTESIAN_POINT('',(-5.48474460611966,2.71603323097654,4.42535383622613));
#2103=CARTESIAN_POINT('',(-10.1837680657323,2.30553520737693,-1.89528278152382));
#2104=CARTESIAN_POINT('Origin',(-5.48474460611966,2.71603323097654,4.42535383622613));
#2105=CARTESIAN_POINT('',(-6.13325215926298,3.71603323097654,3.2744383405643));
#2106=CARTESIAN_POINT('',(-6.13325215926298,2.52452492323241,3.2744383405643));
#2107=CARTESIAN_POINT('',(-10.0125890358023,3.71603323097654,-3.61027549578288));
#2108=CARTESIAN_POINT('',(-5.48474460611966,3.71603323097654,4.42535383622613));
#2109=CARTESIAN_POINT('',(-10.0125890358023,3.19103323097654,-3.61027549578288));
#2110=CARTESIAN_POINT('Origin',(-3.6,1.75,2.06813670409215));
#2111=CARTESIAN_POINT('',(3.7712273241159,0.134768485043505,0.293020446860957));
#2112=CARTESIAN_POINT('',(-3.7712273241159,0.134768485043506,0.293020446860956));
#2113=CARTESIAN_POINT('Origin',(-3.6,0.,0.));
#2114=CARTESIAN_POINT('',(-3.6,0.,0.));
#2115=CARTESIAN_POINT('',(-3.6,0.,0.));
#2116=CARTESIAN_POINT('',(-3.6,0.5,0.));
#2117=CARTESIAN_POINT('',(-3.6,0.,0.));
#2118=CARTESIAN_POINT('',(3.6,0.5,0.));
#2119=CARTESIAN_POINT('',(-3.6,0.5,0.));
#2120=CARTESIAN_POINT('',(3.6,0.,0.));
#2121=CARTESIAN_POINT('Origin',(-3.6,0.5,0.));
#2122=CARTESIAN_POINT('',(-3.78204641075029,0.969998715462552,0.311535094663833));
#2123=CARTESIAN_POINT('',(3.78204641075029,0.969998715462552,0.311535094663834));
#2124=CARTESIAN_POINT('',(-3.6,0.969998715462552,0.311535094663833));
#2125=CARTESIAN_POINT('',(3.62150621271587,0.555523711284739,0.0368034721842921));
#2126=CARTESIAN_POINT('',(-3.62150621271587,0.55552371128474,0.0368034721842916));
#2127=CARTESIAN_POINT('Origin',(-3.6,0.969998715462552,0.311535094663833));
#2128=CARTESIAN_POINT('',(-5.51342727459354,3.66603323097654,3.2744383405643));
#2129=CARTESIAN_POINT('',(5.51342727459354,3.66603323097654,3.2744383405643));
#2130=CARTESIAN_POINT('',(-3.6,3.66603323097654,3.2744383405643));
#2131=CARTESIAN_POINT('',(4.32199577163437,1.81078547935334,1.23554768334066));
#2132=CARTESIAN_POINT('',(-4.32199577163437,1.81078547935334,1.23554768334066));
#2133=CARTESIAN_POINT('Origin',(0.,1.75,5.0144383405643));
#2134=CARTESIAN_POINT('',(7.19558385475049,1.75,-2.16821648106952));
#2135=CARTESIAN_POINT('',(5.40178925988967,1.75,1.01525607102809));
#2136=CARTESIAN_POINT('',(6.53077104175065,1.75,-8.82878192011464));
#2137=CARTESIAN_POINT('',(7.13062220769358,1.75,-2.81904825324663));
#2138=CARTESIAN_POINT('',(3.78939997815284,1.75,-13.6349170234605));
#2139=CARTESIAN_POINT('',(6.31296937962183,1.75,-9.21062888268912));
#2140=CARTESIAN_POINT('',(7.18128892933572,1.75,-13.6349170234605));
#2141=CARTESIAN_POINT('',(5.55111512312578E-16,1.75000000000002,-13.6349170234605));
#2142=CARTESIAN_POINT('',(9.40030533199042,1.75,-9.74456712908965));
#2143=CARTESIAN_POINT('',(8.87221983210235,1.75,-10.6703995682958));
#2144=CARTESIAN_POINT('',(10.219863142028,1.75,-1.53365675237078));
#2145=CARTESIAN_POINT('',(10.0623560618511,1.75,-3.11167419445032));
#2146=CARTESIAN_POINT('',(7.96864793731022,1.75,2.46160660365469));
#2147=CARTESIAN_POINT('Origin',(0.,0.,0.5));
#2148=CARTESIAN_POINT('',(-5.58594440198754,0.,-2.50595393102823));
#2149=CARTESIAN_POINT('',(-5.50831816640551,0.,-2.368189556553));
#2150=CARTESIAN_POINT('',(-5.01404844726166,0.,-8.23561250001525));
#2151=CARTESIAN_POINT('',(-4.51652066228105,0.,-8.18595262514343));
#2152=CARTESIAN_POINT('',(-2.53468598855142,0.,-11.6604786828962));
#2153=CARTESIAN_POINT('',(-5.07271126084542,0.,-2.61364143336056));
#2154=CARTESIAN_POINT('',(-4.51652066228105,0.,-8.18595262514343));
#2155=CARTESIAN_POINT('',(-5.07271126084542,0.,-2.61364143336057));
#2156=CARTESIAN_POINT('Origin',(5.40178925988967,1.75,1.01525607102809));
#2157=CARTESIAN_POINT('',(5.71925883533605,0.441284428288426,-2.47798165643933));
#2158=CARTESIAN_POINT('',(4.14875760282062,0.441284428288426,0.309209018051625));
#2159=CARTESIAN_POINT('',(5.41115399075373,0.168159200088615,-2.54262877002153));
#2160=CARTESIAN_POINT('Origin',(4.14875760282062,0.441284428288426,0.309209018051625));
#2161=CARTESIAN_POINT('',(5.56158984075836,-0.080616092033645,-2.51106404894332));
#2162=CARTESIAN_POINT('Origin',(3.6,0.,0.));
#2163=CARTESIAN_POINT('',(5.07271126084542,0.5,-2.61364143336057));
#2164=CARTESIAN_POINT('',(3.6,0.5,0.));
#2165=CARTESIAN_POINT('',(5.07271126084542,0.,-2.61364143336057));
#2166=CARTESIAN_POINT('Origin',(3.6,0.5,0.));
#2167=CARTESIAN_POINT('',(5.39249153126608,0.969998715462552,-2.54654456089413));
#2168=CARTESIAN_POINT('',(3.87141367711977,0.969998715462552,0.152933747353324));
#2169=CARTESIAN_POINT('',(5.11319055664757,0.559494655517084,-2.60514799458652));
#2170=CARTESIAN_POINT('Origin',(3.87141367711977,0.969998715462552,0.152933747353324));
#2171=CARTESIAN_POINT('',(8.43381181085346,3.66603323097654,-1.90840926048732));
#2172=CARTESIAN_POINT('',(6.45273590596109,3.66603323097654,1.60743407236435));
#2173=CARTESIAN_POINT('',(6.49978618125233,1.95158050257112,-2.31421000249514));
#2174=CARTESIAN_POINT('Origin',(7.13062220769358,1.75,-2.81904825324663));
#2175=CARTESIAN_POINT('',(5.69947394788677,0.441284428288426,-2.6762006663369));
#2176=CARTESIAN_POINT('',(4.84704749232612,0.176942663725083,-8.29143719215287));
#2177=CARTESIAN_POINT('Origin',(5.69947394788677,0.441284428288426,-2.6762006663369));
#2178=CARTESIAN_POINT('Origin',(5.07271126084542,0.,-2.61364143336057));
#2179=CARTESIAN_POINT('',(4.51652066228105,0.5,-8.18595262514344));
#2180=CARTESIAN_POINT('',(5.07271126084542,0.5,-2.61364143336057));
#2181=CARTESIAN_POINT('',(4.51652066228105,0.,-8.18595262514344));
#2182=CARTESIAN_POINT('Origin',(5.07271126084542,0.5,-2.61364143336057));
#2183=CARTESIAN_POINT('',(4.81993855598367,0.969998715462552,-8.28278562697802));
#2184=CARTESIAN_POINT('',(5.38270599202907,0.969998715462552,-2.64458302099894));
#2185=CARTESIAN_POINT('',(4.55556291580898,0.560477016641856,-8.1984125976301));
#2186=CARTESIAN_POINT('Origin',(5.38270599202907,0.969998715462552,-2.64458302099894));
#2187=CARTESIAN_POINT('',(7.70564189250778,3.66603323097654,-9.2037310368542));
#2188=CARTESIAN_POINT('',(8.33095937011853,3.66603323097654,-2.93885782989639));
#2189=CARTESIAN_POINT('',(5.91021746234736,1.98861678541078,-8.63073801057609));
#2190=CARTESIAN_POINT('Origin',(6.31296937962183,1.75,-9.21062888268912));
#2191=CARTESIAN_POINT('',(3.73830424811996,1.75367964852482,-13.7326592679161));
#2192=CARTESIAN_POINT('',(2.70520696358207,0.135271595156381,-11.9540520405518));
#2193=CARTESIAN_POINT('Origin',(5.43414958940917,3.05000000000002,-13.6349170234605));
#2194=CARTESIAN_POINT('Origin',(4.51652066228105,0.,-8.18595262514343));
#2195=CARTESIAN_POINT('',(2.53468598855142,0.5,-11.6604786828962));
#2196=CARTESIAN_POINT('',(4.51652066228105,0.5,-8.18595262514343));
#2197=CARTESIAN_POINT('',(2.53468598855142,0.,-11.6604786828962));
#2198=CARTESIAN_POINT('Origin',(4.51652066228105,0.5,-8.18595262514343));
#2199=CARTESIAN_POINT('',(2.71563997062446,0.969998715462552,-11.97201377756));
#2200=CARTESIAN_POINT('',(4.78712986335954,0.969998715462552,-8.34030538831554));
#2201=CARTESIAN_POINT('',(2.55608731853493,0.555586494898913,-11.6973237707244));
#2202=CARTESIAN_POINT('Origin',(4.78712986335954,0.969998715462552,-8.34030538831554));
#2203=CARTESIAN_POINT('',(4.43663112066285,3.66603323097654,-14.9349170234605));
#2204=CARTESIAN_POINT('',(7.3608009969799,3.66603323097654,-9.80830148522345));
#2205=CARTESIAN_POINT('',(3.25370337425653,1.81290688944976,-12.8983577654917));
#2206=CARTESIAN_POINT('Origin',(2.53468598855142,1.75,-13.7286153869884));
#2207=CARTESIAN_POINT('',(-3.73830424811996,1.75367964852482,-13.7326592679161));
#2208=CARTESIAN_POINT('',(-2.70520696358206,0.135271595156381,-11.9540520405518));
#2209=CARTESIAN_POINT('',(5.55111512312578E-16,1.75367964852482,-13.7326592679161));
#2210=CARTESIAN_POINT('Origin',(2.53468598855142,0.,-11.6604786828962));
#2211=CARTESIAN_POINT('',(-2.53468598855142,0.5,-11.6604786828962));
#2212=CARTESIAN_POINT('',(2.53468598855142,0.5,-11.6604786828962));
#2213=CARTESIAN_POINT('',(-2.53468598855142,0.,-11.6604786828962));
#2214=CARTESIAN_POINT('Origin',(2.53468598855142,0.5,-11.6604786828962));
#2215=CARTESIAN_POINT('',(-2.71563997062446,0.969998715462552,-11.97201377756));
#2216=CARTESIAN_POINT('',(2.53468598855142,0.969998715462552,-11.97201377756));
#2217=CARTESIAN_POINT('',(-2.55608731853493,0.555586494898911,-11.6973237707244));
#2218=CARTESIAN_POINT('Origin',(2.53468598855142,0.969998715462552,-11.97201377756));
#2219=CARTESIAN_POINT('',(-4.43663112066284,3.66603323097654,-14.9349170234605));
#2220=CARTESIAN_POINT('',(2.53468598855142,3.66603323097654,-14.9349170234605));
#2221=CARTESIAN_POINT('',(-3.25370337425653,1.81290688944976,-12.8983577654917));
#2222=CARTESIAN_POINT('Origin',(-6.89038515837272,3.66603323097654,-14.1449256260486));
#2223=CARTESIAN_POINT('',(-6.43978202076044,4.66603323097654,-14.9349170234605));
#2224=CARTESIAN_POINT('',(-6.43978202076044,4.21308950582426,-14.9349170234605));
#2225=CARTESIAN_POINT('',(-6.43978202076044,2.99952492323241,-14.9349170234605));
#2226=CARTESIAN_POINT('',(-9.40030533199042,4.21308950582426,-9.74456712908965));
#2227=CARTESIAN_POINT('',(-6.16884435075081,4.21308950582426,-15.4099213247546));
#2228=CARTESIAN_POINT('',(-9.40030533199042,4.66603323097654,-9.74456712908965));
#2229=CARTESIAN_POINT('',(-9.40030533199042,0.875,-9.74456712908965));
#2230=CARTESIAN_POINT('',(-5.4473035431289,4.66603323097654,-16.6749170234605));
#2231=CARTESIAN_POINT('Origin',(-4.3311347058922,1.75,-12.6851549404419));
#2232=CARTESIAN_POINT('',(-4.84704749232611,0.176942663725084,-8.29143719215287));
#2233=CARTESIAN_POINT('Origin',(-5.43414958940917,3.05000000000002,-13.6349170234605));
#2234=CARTESIAN_POINT('Origin',(-2.53468598855142,0.,-11.6604786828962));
#2235=CARTESIAN_POINT('',(-4.51652066228105,0.5,-8.18595262514343));
#2236=CARTESIAN_POINT('',(-2.53468598855142,0.5,-11.6604786828962));
#2237=CARTESIAN_POINT('',(-4.51652066228105,0.,-8.18595262514343));
#2238=CARTESIAN_POINT('Origin',(-2.53468598855142,0.5,-11.6604786828962));
#2239=CARTESIAN_POINT('',(-4.81993855598367,0.969998715462552,-8.28278562697803));
#2240=CARTESIAN_POINT('',(-2.80529518962991,0.969998715462552,-11.8148314460683));
#2241=CARTESIAN_POINT('',(-4.55556291580898,0.560477016641857,-8.1984125976301));
#2242=CARTESIAN_POINT('Origin',(-2.80529518962991,0.969998715462552,-11.8148314460683));
#2243=CARTESIAN_POINT('',(-7.70564189250778,3.66603323097654,-9.2037310368542));
#2244=CARTESIAN_POINT('',(-5.37896632325027,3.66603323097654,-13.2828275429762));
#2245=CARTESIAN_POINT('',(-5.91021746234736,1.98861678541078,-8.63073801057609));
#2246=CARTESIAN_POINT('Origin',(-6.5744316091292,1.75,-8.3913594450295));
#2247=CARTESIAN_POINT('',(-5.71925883533605,0.441284428288426,-2.47798165643933));
#2248=CARTESIAN_POINT('',(-5.1432833493224,0.441284428288426,-8.24851185811976));
#2249=CARTESIAN_POINT('',(-5.41115399075372,0.168159200088616,-2.54262877002153));
#2250=CARTESIAN_POINT('Origin',(-5.1432833493224,0.441284428288426,-8.24851185811976));
#2251=CARTESIAN_POINT('',(-5.56158984075836,-0.0806160920336442,-2.51106404894332));
#2252=CARTESIAN_POINT('Origin',(-4.51652066228105,0.,-8.18595262514343));
#2253=CARTESIAN_POINT('',(-5.07271126084542,0.5,-2.61364143336056));
#2254=CARTESIAN_POINT('',(-4.51652066228105,0.5,-8.18595262514343));
#2255=CARTESIAN_POINT('',(-5.07271126084542,0.,-2.61364143336056));
#2256=CARTESIAN_POINT('Origin',(-4.51652066228105,0.5,-8.18595262514343));
#2257=CARTESIAN_POINT('',(-5.39249153126607,0.969998715462552,-2.54654456089413));
#2258=CARTESIAN_POINT('',(-4.82651539346469,0.969998715462552,-8.21689421278181));
#2259=CARTESIAN_POINT('',(-5.11319055664757,0.559494655517085,-2.60514799458652));
#2260=CARTESIAN_POINT('Origin',(-4.82651539346469,0.969998715462552,-8.21689421278181));
#2261=CARTESIAN_POINT('',(-8.43381181085345,3.66603323097654,-1.90840926048732));
#2262=CARTESIAN_POINT('',(-7.77476877155415,3.66603323097654,-8.51116902167925));
#2263=CARTESIAN_POINT('',(-6.49978618125232,1.95158050257112,-2.31421000249514));
#2264=CARTESIAN_POINT('Origin',(-6.87450052073509,1.75,-1.59838536233248));
#2265=CARTESIAN_POINT('',(-5.62146886366604,0.441284428288426,-2.30443241530894));
#2266=CARTESIAN_POINT('Origin',(-5.62146886366604,0.441284428288426,-2.30443241530894));
#2267=CARTESIAN_POINT('Origin',(-5.07271126084542,0.,-2.61364143336057));
#2268=CARTESIAN_POINT('',(-5.07271126084542,0.5,-2.61364143336057));
#2269=CARTESIAN_POINT('Origin',(-5.07271126084542,0.5,-2.61364143336057));
#2270=CARTESIAN_POINT('',(-5.34412493796519,0.969998715462552,-2.46070768600725));
#2271=CARTESIAN_POINT('Origin',(-5.34412493796519,0.969998715462552,-2.46070768600725));
#2272=CARTESIAN_POINT('',(-7.92544716680652,3.66603323097654,-1.00620736099622));
#2273=CARTESIAN_POINT('Origin',(-7.23165739448733,4.16603323097654,1.24360071955935));
#2274=CARTESIAN_POINT('',(-9.4602780931377,4.66603323097654,-1.69303425582264));
#2275=CARTESIAN_POINT('',(-6.66125113509251,4.66603323097654,3.2744383405643));
#2276=CARTESIAN_POINT('',(-7.66726430004743,4.66603323097654,1.48905259636692));
#2277=CARTESIAN_POINT('',(-2.99126996878188,1.46869495233574,3.2744383405643));
#2278=CARTESIAN_POINT('',(-9.4602780931377,4.66603323097654,-1.69303425582264));
#2279=CARTESIAN_POINT('Origin',(-8.69594766990628,4.16603323097654,-4.31639210357973));
#2280=CARTESIAN_POINT('',(-8.67958639795757,4.66603323097654,-9.5145563772194));
#2281=CARTESIAN_POINT('',(-9.1934754548869,4.66603323097654,-4.36605197845155));
#2282=CARTESIAN_POINT('',(-8.67958639795757,4.66603323097654,-9.5145563772194));
#2283=CARTESIAN_POINT('Origin',(-7.92009641115302,4.16603323097654,-9.83691815553688));
#2284=CARTESIAN_POINT('',(-5.58786727014422,4.66603323097654,-14.9349170234605));
#2285=CARTESIAN_POINT('',(-5.55311296955874,4.63584455022574,-14.9349170234605));
#2286=CARTESIAN_POINT('',(-8.35441216837211,4.66603323097654,-10.0846474897531));
#2287=CARTESIAN_POINT('Origin',(6.28559102523055,4.16603323097654,-12.70251114884));
#2288=CARTESIAN_POINT('',(8.67958639795758,4.66603323097654,-9.5145563772194));
#2289=CARTESIAN_POINT('',(5.58786727014422,4.66603323097654,-14.9349170234605));
#2290=CARTESIAN_POINT('',(6.71990678244965,4.66603323097654,-12.9502404830562));
#2291=CARTESIAN_POINT('',(2.55862918259519,2.03474156339497,-14.9349170234605));
#2292=CARTESIAN_POINT('',(8.67958639795758,4.66603323097654,-9.5145563772194));
#2293=CARTESIAN_POINT('Origin',(8.33186271073345,4.16603323097654,-7.96405299176317));
#2294=CARTESIAN_POINT('',(9.4602780931377,4.66603323097654,-1.69303425582264));
#2295=CARTESIAN_POINT('',(8.82939049571406,4.66603323097654,-8.01371286663499));
#2296=CARTESIAN_POINT('',(9.4602780931377,4.66603323097654,-1.69303425582264));
#2297=CARTESIAN_POINT('Origin',(8.6918496626173,4.16603323097654,-1.34782308096647));
#2298=CARTESIAN_POINT('',(6.66125113509251,4.66603323097654,3.2744383405643));
#2299=CARTESIAN_POINT('',(6.54071594632771,4.56102130979867,3.2744383405643));
#2300=CARTESIAN_POINT('',(9.12745656817739,4.66603323097654,-1.1023712041589));
#2301=CARTESIAN_POINT('Origin',(7.96864793731022,3.66603323097654,2.46160660365469));
#2302=CARTESIAN_POINT('',(10.219863142028,2.21897695612883,-1.53365675237078));
#2303=CARTESIAN_POINT('',(10.219863142028,0.875,-1.53365675237078));
#2304=CARTESIAN_POINT('',(7.24942455838706,2.21897695612883,3.7380224721095));
#2305=CARTESIAN_POINT('Origin',(10.0623560618511,3.66603323097654,-3.11167419445032));
#2306=CARTESIAN_POINT('',(9.69332958176316,3.71603323097654,-6.80884273769041));
#2307=CARTESIAN_POINT('',(9.40030533199042,4.21308950582426,-9.74456712908965));
#2308=CARTESIAN_POINT('',(9.35967608555436,4.28200879117024,-10.151619684839));
#2309=CARTESIAN_POINT('',(9.40030533199042,4.66603323097654,-9.74456712908965));
#2310=CARTESIAN_POINT('',(9.40030533199042,0.875,-9.74456712908965));
#2311=CARTESIAN_POINT('',(10.219863142028,4.66603323097654,-1.53365675237078));
#2312=CARTESIAN_POINT('',(10.219863142028,4.66603323097654,-1.53365675237078));
#2313=CARTESIAN_POINT('',(10.219863142028,4.21308950582426,-1.53365675237078));
#2314=CARTESIAN_POINT('',(10.219863142028,0.875,-1.53365675237078));
#2315=CARTESIAN_POINT('',(10.0125890358023,3.71603323097654,-3.61027549578288));
#2316=CARTESIAN_POINT('',(10.4512962857461,4.76808066409046,0.785004332909117));
#2317=CARTESIAN_POINT('',(10.0125890358023,2.71603323097654,-3.61027549578288));
#2318=CARTESIAN_POINT('',(10.0125890358023,3.69103323097654,-3.61027549578288));
#2319=CARTESIAN_POINT('',(10.3801296221085,1.83464790981284,0.0720063115589684));
#2320=CARTESIAN_POINT('',(9.40030533199042,2.21897695612883,-9.74456712908965));
#2321=CARTESIAN_POINT('',(9.40030533199042,0.875,-9.74456712908965));
#2322=CARTESIAN_POINT('',(9.69332958176316,2.71603323097654,-6.80884273769041));
#2323=CARTESIAN_POINT('',(9.40961439973283,2.23476790359455,-9.65130229775314));
#2324=CARTESIAN_POINT('',(9.69332958176316,3.69103323097654,-6.80884273769041));
#2325=CARTESIAN_POINT('Origin',(-9.44135919815565,3.66603323097654,-0.152034829705873));
#2326=CARTESIAN_POINT('',(-7.51064079186175,4.66603323097654,3.2744383405643));
#2327=CARTESIAN_POINT('',(-7.51064079186175,4.21308950582426,3.2744383405643));
#2328=CARTESIAN_POINT('',(-7.51064079186175,2.99952492323241,3.2744383405643));
#2329=CARTESIAN_POINT('',(-10.219863142028,4.66603323097654,-1.53365675237078));
#2330=CARTESIAN_POINT('',(-10.219863142028,4.66603323097654,-1.53365675237078));
#2331=CARTESIAN_POINT('',(-10.219863142028,4.21308950582426,-1.53365675237078));
#2332=CARTESIAN_POINT('',(-10.219863142028,0.875,-1.53365675237078));
#2333=CARTESIAN_POINT('',(-7.98578018880977,4.21308950582426,2.43120175542921));
#2334=CARTESIAN_POINT('Origin',(-5.48474460611966,3.71603323097654,4.42535383622613));
#2335=CARTESIAN_POINT('',(-2.91228302736975,2.55368668606739,3.2744383405643));
#2336=CARTESIAN_POINT('',(-10.127036577926,3.99048559740725,-2.46365899148783));
#2337=CARTESIAN_POINT('Origin',(-6.89038515837272,3.66603323097654,-14.1449256260486));
#2338=CARTESIAN_POINT('',(-6.61106994246187,2.21897695612883,-14.6346173288296));
#2339=CARTESIAN_POINT('Origin',(-7.18128892933572,3.05000000000002,-13.6349170234605));
#2340=CARTESIAN_POINT('',(-9.40030533199042,2.21897695612883,-9.74456712908965));
#2341=CARTESIAN_POINT('',(-9.40030533199042,0.875,-9.74456712908965));
#2342=CARTESIAN_POINT('',(-6.16884435075081,2.21897695612883,-15.4099213247546));
#2343=CARTESIAN_POINT('Origin',(-9.50616546328669,3.66603323097654,-8.68398538623319));
#2344=CARTESIAN_POINT('',(-9.69332958176315,3.71603323097654,-6.80884273769041));
#2345=CARTESIAN_POINT('',(-9.09540878488951,4.73028472783558,-12.7992366005473));
#2346=CARTESIAN_POINT('',(-9.69332958176315,2.71603323097654,-6.80884273769041));
#2347=CARTESIAN_POINT('',(-9.69332958176316,3.69103323097654,-6.80884273769041));
#2348=CARTESIAN_POINT('',(-9.13919472142649,1.7760557046939,-12.3605580884734));
#2349=CARTESIAN_POINT('',(-9.40030533199042,4.66603323097654,-9.74456712908965));
#2350=CARTESIAN_POINT('Origin',(-5.78141375124497,4.37241250669244,-16.865490121571));
#2351=CARTESIAN_POINT('',(-5.05829864138279,3.71603323097654,-14.9349170234605));
#2352=CARTESIAN_POINT('',(-3.02341202921261,2.98388315643967,-14.9349170234605));
#2353=CARTESIAN_POINT('',(-4.40494572580308,3.71603323097654,-16.0803666213416));
#2354=CARTESIAN_POINT('Origin',(8.87221983210235,3.66603323097654,-10.6703995682958));
#2355=CARTESIAN_POINT('',(6.43978202076044,4.21308950582426,-14.9349170234605));
#2356=CARTESIAN_POINT('',(6.43978202076044,4.66603323097654,-14.9349170234605));
#2357=CARTESIAN_POINT('',(6.43978202076044,2.99952492323241,-14.9349170234605));
#2358=CARTESIAN_POINT('',(9.40030533199042,4.66603323097654,-9.74456712908965));
#2359=CARTESIAN_POINT('',(7.15976168761563,4.21308950582426,-13.6726582958782));
#2360=CARTESIAN_POINT('Origin',(6.01365838825707,4.48316013309079,-16.9979601237433));
#2361=CARTESIAN_POINT('',(5.05829864138279,3.71603323097654,-14.9349170234605));
#2362=CARTESIAN_POINT('',(3.14386456956935,3.02722185446486,-14.9349170234605));
#2363=CARTESIAN_POINT('',(4.40494572580308,3.71603323097654,-16.0803666213416));
#2364=CARTESIAN_POINT('Origin',(-4.40494572580308,2.71603323097654,-16.0803666213416));
#2365=CARTESIAN_POINT('',(-5.08318461320957,2.71603323097654,-14.8912872703177));
#2366=CARTESIAN_POINT('Origin',(-4.8716017146645,3.05000000000002,-13.6349170234605));
#2367=CARTESIAN_POINT('',(-4.40494572580308,2.71603323097654,-16.0803666213416));
#2368=CARTESIAN_POINT('Origin',(-4.40494572580308,3.71603323097654,-16.0803666213416));
#2369=CARTESIAN_POINT('',(-5.05829864138279,3.05000000000002,-14.9349170234605));
#2370=CARTESIAN_POINT('Origin',(-5.79980554995807,3.05000000000002,-13.6349170234605));
#2371=CARTESIAN_POINT('',(-5.05829864138279,3.02452492323241,-14.9349170234605));
#2372=CARTESIAN_POINT('Origin',(1.11022302462516E-15,2.33301661548827,-14.9349170234605));
#2373=CARTESIAN_POINT('',(5.05829864138279,3.05000000000002,-14.9349170234605));
#2374=CARTESIAN_POINT('',(5.55111512312578E-16,3.05000000000002,-14.9349170234605));
#2375=CARTESIAN_POINT('',(1.66533453693773E-15,4.66603323097654,-14.9349170234605));
#2376=CARTESIAN_POINT('',(1.66533453693773E-15,4.66603323097654,-14.9349170234605));
#2377=CARTESIAN_POINT('',(5.05829864138279,3.02452492323241,-14.9349170234605));
#2378=CARTESIAN_POINT('Origin',(4.40494572580308,3.71603323097654,-16.0803666213416));
#2379=CARTESIAN_POINT('',(5.08318461320957,2.71603323097654,-14.8912872703177));
#2380=CARTESIAN_POINT('Origin',(5.79980554995807,3.05000000000002,-13.6349170234605));
#2381=CARTESIAN_POINT('',(4.40494572580308,2.71603323097654,-16.0803666213416));
#2382=CARTESIAN_POINT('Origin',(4.40494572580308,2.71603323097654,-16.0803666213416));
#2383=CARTESIAN_POINT('',(6.61106994246187,2.21897695612883,-14.6346173288296));
#2384=CARTESIAN_POINT('Origin',(4.87160171466449,3.05000000000002,-13.6349170234605));
#2385=CARTESIAN_POINT('',(7.15976168761563,2.21897695612883,-13.6726582958782));
#2386=CARTESIAN_POINT('Origin',(8.87221983210235,3.66603323097654,-10.6703995682958));
#2387=CARTESIAN_POINT('Origin',(7.18128892933572,3.05000000000002,-13.6349170234605));
#2388=CARTESIAN_POINT('Origin',(5.55111512312578E-16,3.05000000000002,-13.6349170234605));
#2389=CARTESIAN_POINT('Origin',(5.48474460611966,2.71603323097654,4.42535383622613));
#2390=CARTESIAN_POINT('',(5.48474460611966,2.71603323097654,4.42535383622613));
#2391=CARTESIAN_POINT('Origin',(5.48474460611966,3.71603323097654,4.42535383622613));
#2392=CARTESIAN_POINT('',(6.13325215926298,3.71603323097654,3.2744383405643));
#2393=CARTESIAN_POINT('',(5.48474460611966,3.71603323097654,4.42535383622613));
#2394=CARTESIAN_POINT('',(6.13325215926298,3.02452492323241,3.2744383405643));
#2395=CARTESIAN_POINT('Origin',(7.16599890339776,4.51537585254865,5.3726919463213));
#2396=CARTESIAN_POINT('',(7.51064079186175,4.21308950582426,3.2744383405643));
#2397=CARTESIAN_POINT('',(3.78366260351619,2.86814019312192,3.2744383405643));
#2398=CARTESIAN_POINT('',(7.24942455838706,4.21308950582426,3.7380224721095));
#2399=CARTESIAN_POINT('Origin',(7.96864793731022,3.66603323097654,2.46160660365469));
#2400=CARTESIAN_POINT('',(7.51064079186175,4.66603323097654,3.2744383405643));
#2401=CARTESIAN_POINT('',(7.51064079186175,2.99952492323241,3.2744383405643));
#2402=CARTESIAN_POINT('',(6.53020117946389,4.66603323097654,5.0144383405643));
#2403=CARTESIAN_POINT('Origin',(2.22044604925031E-15,4.66603323097654,-5.8302393414481));
#2404=CARTESIAN_POINT('',(1.09375864163851E-15,4.66603323097654,3.2744383405643));
#2405=CARTESIAN_POINT('Origin',(2.22044604925031E-15,4.66603323097654,-5.8302393414481));
#2406=CARTESIAN_POINT('',(1.09375864163851E-15,4.66603323097654,3.2744383405643));
#2407=CARTESIAN_POINT('Origin',(5.6732587882212E-16,2.33301661548827,3.2744383405643));
#2408=UNCERTAINTY_MEASURE_WITH_UNIT(LENGTH_MEASURE(0.01),#2412,
'DISTANCE_ACCURACY_VALUE',
'Maximum model space distance between geometric entities at asserted c
onnectivities');
#2409=UNCERTAINTY_MEASURE_WITH_UNIT(LENGTH_MEASURE(0.01),#2412,
'DISTANCE_ACCURACY_VALUE',
'Maximum model space distance between geometric entities at asserted c
onnectivities');
#2410=(
GEOMETRIC_REPRESENTATION_CONTEXT(3)
GLOBAL_UNCERTAINTY_ASSIGNED_CONTEXT((#2408))
GLOBAL_UNIT_ASSIGNED_CONTEXT((#2412,#2414,#2415))
REPRESENTATION_CONTEXT('','3D')
);
#2411=(
GEOMETRIC_REPRESENTATION_CONTEXT(3)
GLOBAL_UNCERTAINTY_ASSIGNED_CONTEXT((#2409))
GLOBAL_UNIT_ASSIGNED_CONTEXT((#2412,#2414,#2415))
REPRESENTATION_CONTEXT('','3D')
);
#2412=(
LENGTH_UNIT()
NAMED_UNIT(*)
SI_UNIT(.MILLI.,.METRE.)
);
#2413=(
LENGTH_UNIT()
NAMED_UNIT(*)
SI_UNIT($,.METRE.)
);
#2414=(
NAMED_UNIT(*)
PLANE_ANGLE_UNIT()
SI_UNIT($,.RADIAN.)
);
#2415=(
NAMED_UNIT(*)
SI_UNIT($,.STERADIAN.)
SOLID_ANGLE_UNIT()
);
#2416=SHAPE_DEFINITION_REPRESENTATION(#2417,#2418);
#2417=PRODUCT_DEFINITION_SHAPE('',$,#2420);
#2418=SHAPE_REPRESENTATION('',(#1492),#2410);
#2419=PRODUCT_DEFINITION_CONTEXT('part definition',#2424,'design');
#2420=PRODUCT_DEFINITION('2026-08-05-15-28-50-961','mouse_base',#2421,#2419);
#2421=PRODUCT_DEFINITION_FORMATION('',$,#2426);
#2422=PRODUCT_RELATED_PRODUCT_CATEGORY('mouse_base','mouse_base',(#2426));
#2423=APPLICATION_PROTOCOL_DEFINITION('international standard',
'automotive_design',2009,#2424);
#2424=APPLICATION_CONTEXT(
'Core Data for Automotive Mechanical Design Process');
#2425=PRODUCT_CONTEXT('part definition',#2424,'mechanical');
#2426=PRODUCT('2026-08-05-15-28-50-961','mouse_base',$,(#2425));
#2427=PRESENTATION_STYLE_ASSIGNMENT((#2428));
#2428=SURFACE_STYLE_USAGE(.BOTH.,#2429);
#2429=SURFACE_SIDE_STYLE('',(#2430));
#2430=SURFACE_STYLE_FILL_AREA(#2431);
#2431=FILL_AREA_STYLE('Plastic - Glossy (White)',(#2432));
#2432=FILL_AREA_STYLE_COLOUR('Plastic - Glossy (White)',#2433);
#2433=COLOUR_RGB('Plastic - Glossy (White)',0.964705882352941,0.964705882352941,
0.952941176470588);
ENDSEC;
END-ISO-10303-21;
