ISO-10303-21;
HEADER;
/* Generated by software containing ST-Developer
 * from STEP Tools, Inc. (www.steptools.com) 
 */

FILE_DESCRIPTION(
/* description */ (''),
/* implementation_level */ '2;1');

FILE_NAME(
/* name */ 'right_wall.step',
/* time_stamp */ '2026-08-05T15:29:25-04:00',
/* author */ (''),
/* organization */ (''),
/* preprocessor_version */ 'ST-DEVELOPER v20.1',
/* originating_system */ 'Autodesk Translation Framework v15.8.0.0',
/* authorisation */ '');

FILE_SCHEMA (('AUTOMOTIVE_DESIGN { 1 0 10303 214 3 1 1 }'));
ENDSEC;

DATA;
#10=MECHANICAL_DESIGN_GEOMETRIC_PRESENTATION_REPRESENTATION('',(#13),#5395);
#11=SHAPE_REPRESENTATION_RELATIONSHIP('SRR','None',#5402,#12);
#12=ADVANCED_BREP_SHAPE_REPRESENTATION('',(#14),#5394);
#13=STYLED_ITEM('',(#5411),#14);
#14=MANIFOLD_SOLID_BREP('Body1',#2131);
#15=ELLIPSE('',#2153,6.1111775534557,3.);
#16=ELLIPSE('',#2161,3.53208069915673,1.75);
#17=ELLIPSE('',#2200,0.975650281424128,0.85);
#18=ELLIPSE('',#2221,1.72685422422206,1.5);
#19=ELLIPSE('',#2222,2.01466326159241,1.75);
#20=ELLIPSE('',#2225,1.7890960410138,1.75);
#21=ELLIPSE('',#2226,1.53351089229754,1.5);
#22=ELLIPSE('',#2229,2.00869175587321,1.75);
#23=ELLIPSE('',#2230,1.72173579074846,1.5);
#24=ELLIPSE('',#2232,1.5732271603067,1.5);
#25=CYLINDRICAL_SURFACE('',#2151,3.);
#26=CYLINDRICAL_SURFACE('',#2160,1.75);
#27=CYLINDRICAL_SURFACE('',#2173,0.8);
#28=CYLINDRICAL_SURFACE('',#2175,0.5);
#29=CYLINDRICAL_SURFACE('',#2181,0.8);
#30=CYLINDRICAL_SURFACE('',#2184,0.399999999999999);
#31=CYLINDRICAL_SURFACE('',#2186,0.8);
#32=CYLINDRICAL_SURFACE('',#2193,0.8);
#33=CYLINDRICAL_SURFACE('',#2199,0.85);
#34=CYLINDRICAL_SURFACE('',#2202,0.5);
#35=CYLINDRICAL_SURFACE('',#2242,1.75);
#36=CYLINDRICAL_SURFACE('',#2248,1.75);
#37=CYLINDRICAL_SURFACE('',#2249,1.5);
#38=CYLINDRICAL_SURFACE('',#2250,1.5);
#39=FACE_BOUND('',#276,.T.);
#40=FACE_BOUND('',#295,.T.);
#41=FACE_BOUND('',#304,.T.);
#42=FACE_BOUND('',#312,.T.);
#43=FACE_BOUND('',#313,.T.);
#44=FACE_BOUND('',#317,.T.);
#45=FACE_BOUND('',#369,.T.);
#46=FACE_BOUND('',#374,.T.);
#47=FACE_BOUND('',#378,.T.);
#48=CIRCLE('',#2147,16.8444609378983);
#49=CIRCLE('',#2148,16.8444609378983);
#50=CIRCLE('',#2149,16.8444609378983);
#51=CIRCLE('',#2150,16.8444609378983);
#52=CIRCLE('',#2152,3.);
#53=CIRCLE('',#2154,3.);
#54=CIRCLE('',#2155,3.);
#55=CIRCLE('',#2162,1.75);
#56=CIRCLE('',#2163,1.75);
#57=CIRCLE('',#2164,1.75);
#58=CIRCLE('',#2168,0.800000000000001);
#59=CIRCLE('',#2171,0.8);
#60=CIRCLE('',#2172,0.5);
#61=CIRCLE('',#2174,0.8);
#62=CIRCLE('',#2176,0.5);
#63=CIRCLE('',#2179,0.8);
#64=CIRCLE('',#2180,0.399999999999999);
#65=CIRCLE('',#2182,0.8);
#66=CIRCLE('',#2185,0.399999999999999);
#67=CIRCLE('',#2187,0.8);
#68=CIRCLE('',#2188,0.8);
#69=CIRCLE('',#2191,0.8);
#70=CIRCLE('',#2192,0.5);
#71=CIRCLE('',#2194,0.8);
#72=CIRCLE('',#2197,0.85);
#73=CIRCLE('',#2198,0.5);
#74=CIRCLE('',#2238,1.75);
#75=PLANE('',#2145);
#76=PLANE('',#2146);
#77=PLANE('',#2156);
#78=PLANE('',#2157);
#79=PLANE('',#2158);
#80=PLANE('',#2159);
#81=PLANE('',#2165);
#82=PLANE('',#2166);
#83=PLANE('',#2167);
#84=PLANE('',#2169);
#85=PLANE('',#2170);
#86=PLANE('',#2177);
#87=PLANE('',#2178);
#88=PLANE('',#2183);
#89=PLANE('',#2189);
#90=PLANE('',#2190);
#91=PLANE('',#2195);
#92=PLANE('',#2196);
#93=PLANE('',#2201);
#94=PLANE('',#2203);
#95=PLANE('',#2204);
#96=PLANE('',#2205);
#97=PLANE('',#2206);
#98=PLANE('',#2207);
#99=PLANE('',#2208);
#100=PLANE('',#2209);
#101=PLANE('',#2210);
#102=PLANE('',#2211);
#103=PLANE('',#2212);
#104=PLANE('',#2213);
#105=PLANE('',#2214);
#106=PLANE('',#2215);
#107=PLANE('',#2216);
#108=PLANE('',#2217);
#109=PLANE('',#2218);
#110=PLANE('',#2219);
#111=PLANE('',#2220);
#112=PLANE('',#2223);
#113=PLANE('',#2224);
#114=PLANE('',#2227);
#115=PLANE('',#2228);
#116=PLANE('',#2231);
#117=PLANE('',#2233);
#118=PLANE('',#2234);
#119=PLANE('',#2235);
#120=PLANE('',#2236);
#121=PLANE('',#2237);
#122=PLANE('',#2239);
#123=PLANE('',#2240);
#124=PLANE('',#2241);
#125=PLANE('',#2243);
#126=PLANE('',#2244);
#127=PLANE('',#2245);
#128=PLANE('',#2246);
#129=PLANE('',#2247);
#130=PLANE('',#2251);
#131=PLANE('',#2252);
#132=PLANE('',#2253);
#133=PLANE('',#2254);
#134=PLANE('',#2255);
#135=PLANE('',#2256);
#136=PLANE('',#2257);
#137=B_SPLINE_SURFACE_WITH_KNOTS('',3,3,((#3276,#3277,#3278,#3279),(#3280,
#3281,#3282,#3283),(#3284,#3285,#3286,#3287),(#3288,#3289,#3290,#3291)),
 .UNSPECIFIED.,.F.,.F.,.F.,(4,4),(4,4),(0.,0.229863076850023),(0.,0.579524725139181),
 .UNSPECIFIED.);
#138=B_SPLINE_SURFACE_WITH_KNOTS('',3,3,((#3297,#3298,#3299,#3300),(#3301,
#3302,#3303,#3304),(#3305,#3306,#3307,#3308),(#3309,#3310,#3311,#3312)),
 .UNSPECIFIED.,.F.,.F.,.F.,(4,4),(4,4),(0.,0.4931289419524),(0.,1.),
 .UNSPECIFIED.);
#139=B_SPLINE_SURFACE_WITH_KNOTS('',3,3,((#3332,#3333,#3334,#3335),(#3336,
#3337,#3338,#3339),(#3340,#3341,#3342,#3343),(#3344,#3345,#3346,#3347)),
 .UNSPECIFIED.,.F.,.F.,.F.,(4,4),(4,4),(0.459904429246289,1.),(0.,1.),
 .UNSPECIFIED.);
#140=B_SPLINE_SURFACE_WITH_KNOTS('',3,3,((#3377,#3378,#3379,#3380),(#3381,
#3382,#3383,#3384),(#3385,#3386,#3387,#3388),(#3389,#3390,#3391,#3392)),
 .UNSPECIFIED.,.F.,.F.,.F.,(4,4),(4,4),(0.983860042005921,1.),(0.744271452693908,
1.),.UNSPECIFIED.);
#141=B_SPLINE_SURFACE_WITH_KNOTS('',3,3,((#3396,#3397,#3398,#3399),(#3400,
#3401,#3402,#3403),(#3404,#3405,#3406,#3407),(#3408,#3409,#3410,#3411)),
 .UNSPECIFIED.,.F.,.F.,.F.,(4,4),(4,4),(0.506313380209309,1.),(0.,1.),
 .UNSPECIFIED.);
#142=B_SPLINE_SURFACE_WITH_KNOTS('',3,3,((#3777,#3778,#3779,#3780),(#3781,
#3782,#3783,#3784),(#3785,#3786,#3787,#3788),(#3789,#3790,#3791,#3792),
(#3793,#3794,#3795,#3796),(#3797,#3798,#3799,#3800)),.UNSPECIFIED.,.F.,
 .F.,.F.,(4,2,4),(4,4),(0.,0.196397797185343,0.530201640111717),(0.,1.),
 .UNSPECIFIED.);
#143=B_SPLINE_SURFACE_WITH_KNOTS('',3,3,((#3824,#3825,#3826,#3827),(#3828,
#3829,#3830,#3831),(#3832,#3833,#3834,#3835),(#3836,#3837,#3838,#3839)),
 .UNSPECIFIED.,.F.,.F.,.F.,(4,4),(4,4),(0.,1.),(0.0772912979114362,1.),
 .UNSPECIFIED.);
#144=B_SPLINE_SURFACE_WITH_KNOTS('',3,3,((#3860,#3861,#3862,#3863),(#3864,
#3865,#3866,#3867),(#3868,#3869,#3870,#3871),(#3872,#3873,#3874,#3875)),
 .UNSPECIFIED.,.F.,.F.,.F.,(4,4),(4,4),(0.50306101956264,1.),(0.,1.),
 .UNSPECIFIED.);
#145=B_SPLINE_SURFACE_WITH_KNOTS('',3,3,((#3898,#3899,#3900,#3901),(#3902,
#3903,#3904,#3905),(#3906,#3907,#3908,#3909),(#3910,#3911,#3912,#3913)),
 .UNSPECIFIED.,.F.,.F.,.F.,(4,4),(4,4),(0.986009573512827,1.),(0.178037165353388,
0.341588769281159),.UNSPECIFIED.);
#146=B_SPLINE_SURFACE_WITH_KNOTS('',3,3,((#3915,#3916,#3917,#3918),(#3919,
#3920,#3921,#3922),(#3923,#3924,#3925,#3926),(#3927,#3928,#3929,#3930)),
 .UNSPECIFIED.,.F.,.F.,.F.,(4,4),(4,4),(0.503917757840917,1.),(0.,1.),
 .UNSPECIFIED.);
#147=B_SPLINE_SURFACE_WITH_KNOTS('',3,3,((#4032,#4033,#4034,#4035),(#4036,
#4037,#4038,#4039),(#4040,#4041,#4042,#4043),(#4044,#4045,#4046,#4047),
(#4048,#4049,#4050,#4051)),.UNSPECIFIED.,.F.,.F.,.F.,(4,1,4),(4,4),(0.,
0.571428571428571,1.),(-0.398340292600083,-0.198924954338692),
 .UNSPECIFIED.);
#148=B_SPLINE_SURFACE_WITH_KNOTS('',3,3,((#4156,#4157,#4158,#4159,#4160),
(#4161,#4162,#4163,#4164,#4165),(#4166,#4167,#4168,#4169,#4170),(#4171,
#4172,#4173,#4174,#4175),(#4176,#4177,#4178,#4179,#4180)),.UNSPECIFIED.,
 .F.,.F.,.F.,(4,1,4),(4,1,4),(0.,0.571428571428571,1.),(0.000810509712043802,
0.0985109993893308,0.171786366647296),.UNSPECIFIED.);
#149=B_SPLINE_SURFACE_WITH_KNOTS('',3,3,((#4311,#4312,#4313,#4314),(#4315,
#4316,#4317,#4318),(#4319,#4320,#4321,#4322),(#4323,#4324,#4325,#4326),
(#4327,#4328,#4329,#4330)),.UNSPECIFIED.,.F.,.F.,.F.,(4,1,4),(4,4),(0.,
0.571428571428571,1.),(-1.51333949927849,-1.29479401555974),
 .UNSPECIFIED.);
#150=B_SPLINE_SURFACE_WITH_KNOTS('',3,3,((#4382,#4383,#4384,#4385),(#4386,
#4387,#4388,#4389),(#4390,#4391,#4392,#4393),(#4394,#4395,#4396,#4397),
(#4398,#4399,#4400,#4401),(#4402,#4403,#4404,#4405),(#4406,#4407,#4408,
#4409),(#4410,#4411,#4412,#4413),(#4414,#4415,#4416,#4417),(#4418,#4419,
#4420,#4421),(#4422,#4423,#4424,#4425),(#4426,#4427,#4428,#4429),(#4430,
#4431,#4432,#4433)),.UNSPECIFIED.,.F.,.F.,.F.,(4,2,2,1,2,2,4),(4,4),(0.262390701182568,
0.263475475634198,0.295406829352905,0.314680258065043,0.333953686777181,
0.410277160163432,0.49875707117732),(0.,1.),.UNSPECIFIED.);
#151=B_SPLINE_SURFACE_WITH_KNOTS('',3,3,((#4474,#4475,#4476,#4477),(#4478,
#4479,#4480,#4481),(#4482,#4483,#4484,#4485),(#4486,#4487,#4488,#4489),
(#4490,#4491,#4492,#4493)),.UNSPECIFIED.,.F.,.F.,.F.,(4,1,4),(4,4),(0.,
0.571428571428571,1.),(2.3711955638674,2.56235882378347),.UNSPECIFIED.);
#152=B_SPLINE_SURFACE_WITH_KNOTS('',3,3,((#4592,#4593,#4594,#4595),(#4596,
#4597,#4598,#4599),(#4600,#4601,#4602,#4603),(#4604,#4605,#4606,#4607),
(#4608,#4609,#4610,#4611),(#4612,#4613,#4614,#4615),(#4616,#4617,#4618,
#4619),(#4620,#4621,#4622,#4623),(#4624,#4625,#4626,#4627),(#4628,#4629,
#4630,#4631)),.UNSPECIFIED.,.F.,.F.,.F.,(4,1,2,1,2,4),(4,4),(0.334643096636896,
0.618055433619617,0.806996991608098,0.866650069732923,0.956129686920161,
1.),(0.,1.),.UNSPECIFIED.);
#153=B_SPLINE_SURFACE_WITH_KNOTS('',3,3,((#4730,#4731,#4732,#4733),(#4734,
#4735,#4736,#4737),(#4738,#4739,#4740,#4741),(#4742,#4743,#4744,#4745),
(#4746,#4747,#4748,#4749)),.UNSPECIFIED.,.F.,.F.,.F.,(4,1,4),(4,4),(0.,
0.5,1.),(-0.314986769698645,-0.120230006591535),.UNSPECIFIED.);
#154=B_SPLINE_SURFACE_WITH_KNOTS('',3,3,((#4877,#4878,#4879,#4880),(#4881,
#4882,#4883,#4884),(#4885,#4886,#4887,#4888),(#4889,#4890,#4891,#4892)),
 .UNSPECIFIED.,.F.,.F.,.F.,(4,4),(4,4),(0.,0.183124841172077),(0.,1.),
 .UNSPECIFIED.);
#155=B_SPLINE_SURFACE_WITH_KNOTS('',3,3,((#4979,#4980,#4981,#4982),(#4983,
#4984,#4985,#4986),(#4987,#4988,#4989,#4990),(#4991,#4992,#4993,#4994)),
 .UNSPECIFIED.,.F.,.F.,.F.,(4,4),(4,4),(0.,1.),(0.325403384500971,1.),
 .UNSPECIFIED.);
#156=B_SPLINE_SURFACE_WITH_KNOTS('',3,3,((#5023,#5024,#5025,#5026),(#5027,
#5028,#5029,#5030),(#5031,#5032,#5033,#5034),(#5035,#5036,#5037,#5038)),
 .UNSPECIFIED.,.F.,.F.,.F.,(4,4),(4,4),(0.,0.0582271189915916),(0.,1.),
 .UNSPECIFIED.);
#157=B_SPLINE_SURFACE_WITH_KNOTS('',3,3,((#5055,#5056,#5057,#5058),(#5059,
#5060,#5061,#5062),(#5063,#5064,#5065,#5066),(#5067,#5068,#5069,#5070),
(#5071,#5072,#5073,#5074),(#5075,#5076,#5077,#5078),(#5079,#5080,#5081,
#5082)),.UNSPECIFIED.,.F.,.F.,.F.,(4,1,2,4),(4,4),(0.,0.0460590303986694,
0.115147575996674,0.140468476052008),(0.,1.),.UNSPECIFIED.);
#158=B_SPLINE_SURFACE_WITH_KNOTS('',3,3,((#5101,#5102,#5103,#5104),(#5105,
#5106,#5107,#5108),(#5109,#5110,#5111,#5112),(#5113,#5114,#5115,#5116),
(#5117,#5118,#5119,#5120),(#5121,#5122,#5123,#5124),(#5125,#5126,#5127,
#5128)),.UNSPECIFIED.,.F.,.F.,.F.,(4,2,1,4),(4,4),(0.85290753655211,0.884852424003327,
0.953940969601331,1.),(0.,1.),.UNSPECIFIED.);
#159=B_SPLINE_SURFACE_WITH_KNOTS('',3,3,((#5161,#5162,#5163,#5164),(#5165,
#5166,#5167,#5168),(#5169,#5170,#5171,#5172),(#5173,#5174,#5175,#5176)),
 .UNSPECIFIED.,.F.,.F.,.F.,(4,4),(4,4),(0.,0.634181024084843),(0.,1.),
 .UNSPECIFIED.);
#160=B_SPLINE_SURFACE_WITH_KNOTS('',3,3,((#5218,#5219,#5220,#5221),(#5222,
#5223,#5224,#5225),(#5226,#5227,#5228,#5229),(#5230,#5231,#5232,#5233)),
 .UNSPECIFIED.,.F.,.F.,.F.,(4,4),(4,4),(0.647438686948848,1.),(0.,1.),
 .UNSPECIFIED.);
#161=B_SPLINE_SURFACE_WITH_KNOTS('',3,3,((#5367,#5368,#5369,#5370),(#5371,
#5372,#5373,#5374),(#5375,#5376,#5377,#5378),(#5379,#5380,#5381,#5382)),
 .UNSPECIFIED.,.F.,.F.,.F.,(4,4),(4,4),(0.,0.49693829179317),(0.,1.),
 .UNSPECIFIED.);
#162=FACE_OUTER_BOUND('',#266,.T.);
#163=FACE_OUTER_BOUND('',#267,.T.);
#164=FACE_OUTER_BOUND('',#268,.T.);
#165=FACE_OUTER_BOUND('',#269,.T.);
#166=FACE_OUTER_BOUND('',#270,.T.);
#167=FACE_OUTER_BOUND('',#271,.T.);
#168=FACE_OUTER_BOUND('',#272,.T.);
#169=FACE_OUTER_BOUND('',#273,.T.);
#170=FACE_OUTER_BOUND('',#274,.T.);
#171=FACE_OUTER_BOUND('',#275,.T.);
#172=FACE_OUTER_BOUND('',#277,.T.);
#173=FACE_OUTER_BOUND('',#278,.T.);
#174=FACE_OUTER_BOUND('',#279,.T.);
#175=FACE_OUTER_BOUND('',#280,.T.);
#176=FACE_OUTER_BOUND('',#281,.T.);
#177=FACE_OUTER_BOUND('',#282,.T.);
#178=FACE_OUTER_BOUND('',#283,.T.);
#179=FACE_OUTER_BOUND('',#284,.T.);
#180=FACE_OUTER_BOUND('',#285,.T.);
#181=FACE_OUTER_BOUND('',#286,.T.);
#182=FACE_OUTER_BOUND('',#287,.T.);
#183=FACE_OUTER_BOUND('',#288,.T.);
#184=FACE_OUTER_BOUND('',#289,.T.);
#185=FACE_OUTER_BOUND('',#290,.T.);
#186=FACE_OUTER_BOUND('',#291,.T.);
#187=FACE_OUTER_BOUND('',#292,.T.);
#188=FACE_OUTER_BOUND('',#293,.T.);
#189=FACE_OUTER_BOUND('',#294,.T.);
#190=FACE_OUTER_BOUND('',#296,.T.);
#191=FACE_OUTER_BOUND('',#297,.T.);
#192=FACE_OUTER_BOUND('',#298,.T.);
#193=FACE_OUTER_BOUND('',#299,.T.);
#194=FACE_OUTER_BOUND('',#300,.T.);
#195=FACE_OUTER_BOUND('',#301,.T.);
#196=FACE_OUTER_BOUND('',#302,.T.);
#197=FACE_OUTER_BOUND('',#303,.T.);
#198=FACE_OUTER_BOUND('',#305,.T.);
#199=FACE_OUTER_BOUND('',#306,.T.);
#200=FACE_OUTER_BOUND('',#307,.T.);
#201=FACE_OUTER_BOUND('',#308,.T.);
#202=FACE_OUTER_BOUND('',#309,.T.);
#203=FACE_OUTER_BOUND('',#310,.T.);
#204=FACE_OUTER_BOUND('',#311,.T.);
#205=FACE_OUTER_BOUND('',#314,.T.);
#206=FACE_OUTER_BOUND('',#315,.T.);
#207=FACE_OUTER_BOUND('',#316,.T.);
#208=FACE_OUTER_BOUND('',#318,.T.);
#209=FACE_OUTER_BOUND('',#319,.T.);
#210=FACE_OUTER_BOUND('',#320,.T.);
#211=FACE_OUTER_BOUND('',#321,.T.);
#212=FACE_OUTER_BOUND('',#322,.T.);
#213=FACE_OUTER_BOUND('',#323,.T.);
#214=FACE_OUTER_BOUND('',#324,.T.);
#215=FACE_OUTER_BOUND('',#325,.T.);
#216=FACE_OUTER_BOUND('',#326,.T.);
#217=FACE_OUTER_BOUND('',#327,.T.);
#218=FACE_OUTER_BOUND('',#328,.T.);
#219=FACE_OUTER_BOUND('',#329,.T.);
#220=FACE_OUTER_BOUND('',#330,.T.);
#221=FACE_OUTER_BOUND('',#331,.T.);
#222=FACE_OUTER_BOUND('',#332,.T.);
#223=FACE_OUTER_BOUND('',#333,.T.);
#224=FACE_OUTER_BOUND('',#334,.T.);
#225=FACE_OUTER_BOUND('',#335,.T.);
#226=FACE_OUTER_BOUND('',#336,.T.);
#227=FACE_OUTER_BOUND('',#337,.T.);
#228=FACE_OUTER_BOUND('',#338,.T.);
#229=FACE_OUTER_BOUND('',#339,.T.);
#230=FACE_OUTER_BOUND('',#340,.T.);
#231=FACE_OUTER_BOUND('',#341,.T.);
#232=FACE_OUTER_BOUND('',#342,.T.);
#233=FACE_OUTER_BOUND('',#343,.T.);
#234=FACE_OUTER_BOUND('',#344,.T.);
#235=FACE_OUTER_BOUND('',#345,.T.);
#236=FACE_OUTER_BOUND('',#346,.T.);
#237=FACE_OUTER_BOUND('',#347,.T.);
#238=FACE_OUTER_BOUND('',#348,.T.);
#239=FACE_OUTER_BOUND('',#349,.T.);
#240=FACE_OUTER_BOUND('',#350,.T.);
#241=FACE_OUTER_BOUND('',#351,.T.);
#242=FACE_OUTER_BOUND('',#352,.T.);
#243=FACE_OUTER_BOUND('',#353,.T.);
#244=FACE_OUTER_BOUND('',#354,.T.);
#245=FACE_OUTER_BOUND('',#355,.T.);
#246=FACE_OUTER_BOUND('',#356,.T.);
#247=FACE_OUTER_BOUND('',#357,.T.);
#248=FACE_OUTER_BOUND('',#358,.T.);
#249=FACE_OUTER_BOUND('',#359,.T.);
#250=FACE_OUTER_BOUND('',#360,.T.);
#251=FACE_OUTER_BOUND('',#361,.T.);
#252=FACE_OUTER_BOUND('',#362,.T.);
#253=FACE_OUTER_BOUND('',#363,.T.);
#254=FACE_OUTER_BOUND('',#364,.T.);
#255=FACE_OUTER_BOUND('',#365,.T.);
#256=FACE_OUTER_BOUND('',#366,.T.);
#257=FACE_OUTER_BOUND('',#367,.T.);
#258=FACE_OUTER_BOUND('',#368,.T.);
#259=FACE_OUTER_BOUND('',#370,.T.);
#260=FACE_OUTER_BOUND('',#371,.T.);
#261=FACE_OUTER_BOUND('',#372,.T.);
#262=FACE_OUTER_BOUND('',#373,.T.);
#263=FACE_OUTER_BOUND('',#375,.T.);
#264=FACE_OUTER_BOUND('',#376,.T.);
#265=FACE_OUTER_BOUND('',#377,.T.);
#266=EDGE_LOOP('',(#1378,#1379,#1380,#1381,#1382,#1383,#1384,#1385,#1386,
#1387));
#267=EDGE_LOOP('',(#1388,#1389,#1390,#1391,#1392,#1393,#1394,#1395,#1396,
#1397,#1398,#1399,#1400,#1401,#1402,#1403,#1404,#1405,#1406));
#268=EDGE_LOOP('',(#1407,#1408,#1409,#1410));
#269=EDGE_LOOP('',(#1411,#1412,#1413,#1414,#1415,#1416,#1417));
#270=EDGE_LOOP('',(#1418,#1419,#1420,#1421,#1422));
#271=EDGE_LOOP('',(#1423,#1424,#1425));
#272=EDGE_LOOP('',(#1426,#1427,#1428));
#273=EDGE_LOOP('',(#1429,#1430,#1431));
#274=EDGE_LOOP('',(#1432,#1433,#1434,#1435,#1436,#1437,#1438,#1439));
#275=EDGE_LOOP('',(#1440,#1441,#1442,#1443,#1444,#1445,#1446,#1447,#1448,
#1449,#1450));
#276=EDGE_LOOP('',(#1451,#1452));
#277=EDGE_LOOP('',(#1453,#1454,#1455,#1456,#1457,#1458,#1459));
#278=EDGE_LOOP('',(#1460,#1461,#1462,#1463,#1464,#1465,#1466));
#279=EDGE_LOOP('',(#1467,#1468,#1469,#1470,#1471,#1472));
#280=EDGE_LOOP('',(#1473,#1474));
#281=EDGE_LOOP('',(#1475,#1476,#1477,#1478,#1479,#1480,#1481));
#282=EDGE_LOOP('',(#1482,#1483,#1484,#1485,#1486,#1487));
#283=EDGE_LOOP('',(#1488,#1489,#1490));
#284=EDGE_LOOP('',(#1491,#1492,#1493,#1494,#1495,#1496,#1497,#1498,#1499,
#1500,#1501,#1502,#1503,#1504));
#285=EDGE_LOOP('',(#1505,#1506,#1507,#1508,#1509));
#286=EDGE_LOOP('',(#1510,#1511,#1512,#1513));
#287=EDGE_LOOP('',(#1514,#1515,#1516,#1517,#1518,#1519));
#288=EDGE_LOOP('',(#1520,#1521,#1522,#1523,#1524));
#289=EDGE_LOOP('',(#1525,#1526,#1527,#1528));
#290=EDGE_LOOP('',(#1529,#1530,#1531,#1532));
#291=EDGE_LOOP('',(#1533,#1534,#1535,#1536));
#292=EDGE_LOOP('',(#1537,#1538,#1539,#1540));
#293=EDGE_LOOP('',(#1541,#1542,#1543));
#294=EDGE_LOOP('',(#1544,#1545,#1546,#1547,#1548,#1549,#1550,#1551));
#295=EDGE_LOOP('',(#1552));
#296=EDGE_LOOP('',(#1553,#1554,#1555,#1556,#1557,#1558));
#297=EDGE_LOOP('',(#1559,#1560,#1561,#1562,#1563));
#298=EDGE_LOOP('',(#1564,#1565,#1566,#1567,#1568,#1569,#1570,#1571,#1572,
#1573,#1574,#1575,#1576,#1577));
#299=EDGE_LOOP('',(#1578,#1579,#1580,#1581));
#300=EDGE_LOOP('',(#1582,#1583,#1584));
#301=EDGE_LOOP('',(#1585,#1586,#1587,#1588));
#302=EDGE_LOOP('',(#1589,#1590,#1591,#1592,#1593,#1594,#1595,#1596,#1597,
#1598,#1599,#1600,#1601,#1602,#1603,#1604,#1605));
#303=EDGE_LOOP('',(#1606,#1607,#1608,#1609,#1610,#1611,#1612));
#304=EDGE_LOOP('',(#1613));
#305=EDGE_LOOP('',(#1614,#1615,#1616,#1617));
#306=EDGE_LOOP('',(#1618,#1619,#1620,#1621));
#307=EDGE_LOOP('',(#1622,#1623,#1624,#1625));
#308=EDGE_LOOP('',(#1626,#1627,#1628,#1629));
#309=EDGE_LOOP('',(#1630,#1631,#1632,#1633));
#310=EDGE_LOOP('',(#1634,#1635,#1636,#1637,#1638,#1639));
#311=EDGE_LOOP('',(#1640,#1641,#1642,#1643,#1644,#1645,#1646,#1647,#1648,
#1649,#1650,#1651,#1652,#1653,#1654,#1655,#1656,#1657,#1658,#1659));
#312=EDGE_LOOP('',(#1660));
#313=EDGE_LOOP('',(#1661));
#314=EDGE_LOOP('',(#1662,#1663,#1664,#1665));
#315=EDGE_LOOP('',(#1666,#1667,#1668,#1669));
#316=EDGE_LOOP('',(#1670,#1671,#1672,#1673,#1674,#1675,#1676));
#317=EDGE_LOOP('',(#1677));
#318=EDGE_LOOP('',(#1678,#1679,#1680,#1681));
#319=EDGE_LOOP('',(#1682,#1683,#1684,#1685,#1686,#1687,#1688));
#320=EDGE_LOOP('',(#1689,#1690,#1691,#1692));
#321=EDGE_LOOP('',(#1693,#1694,#1695,#1696));
#322=EDGE_LOOP('',(#1697,#1698,#1699,#1700,#1701,#1702));
#323=EDGE_LOOP('',(#1703,#1704,#1705,#1706));
#324=EDGE_LOOP('',(#1707,#1708,#1709,#1710,#1711,#1712));
#325=EDGE_LOOP('',(#1713,#1714,#1715,#1716));
#326=EDGE_LOOP('',(#1717,#1718,#1719,#1720,#1721));
#327=EDGE_LOOP('',(#1722,#1723,#1724,#1725,#1726));
#328=EDGE_LOOP('',(#1727,#1728,#1729,#1730,#1731));
#329=EDGE_LOOP('',(#1732,#1733,#1734,#1735));
#330=EDGE_LOOP('',(#1736,#1737,#1738,#1739));
#331=EDGE_LOOP('',(#1740,#1741,#1742,#1743));
#332=EDGE_LOOP('',(#1744,#1745,#1746,#1747,#1748,#1749,#1750));
#333=EDGE_LOOP('',(#1751,#1752,#1753,#1754));
#334=EDGE_LOOP('',(#1755,#1756,#1757,#1758,#1759,#1760,#1761,#1762,#1763,
#1764,#1765));
#335=EDGE_LOOP('',(#1766,#1767,#1768,#1769,#1770,#1771,#1772,#1773,#1774,
#1775,#1776,#1777,#1778,#1779));
#336=EDGE_LOOP('',(#1780,#1781,#1782,#1783,#1784,#1785));
#337=EDGE_LOOP('',(#1786,#1787,#1788,#1789,#1790,#1791,#1792,#1793,#1794,
#1795,#1796));
#338=EDGE_LOOP('',(#1797,#1798,#1799,#1800,#1801,#1802));
#339=EDGE_LOOP('',(#1803,#1804,#1805,#1806,#1807,#1808,#1809,#1810,#1811));
#340=EDGE_LOOP('',(#1812,#1813,#1814,#1815));
#341=EDGE_LOOP('',(#1816,#1817,#1818,#1819,#1820,#1821,#1822,#1823,#1824,
#1825,#1826,#1827,#1828));
#342=EDGE_LOOP('',(#1829,#1830,#1831,#1832,#1833,#1834,#1835,#1836));
#343=EDGE_LOOP('',(#1837,#1838,#1839,#1840,#1841,#1842,#1843,#1844));
#344=EDGE_LOOP('',(#1845,#1846,#1847,#1848,#1849));
#345=EDGE_LOOP('',(#1850,#1851,#1852,#1853,#1854,#1855,#1856,#1857));
#346=EDGE_LOOP('',(#1858,#1859,#1860,#1861));
#347=EDGE_LOOP('',(#1862,#1863,#1864,#1865,#1866,#1867,#1868));
#348=EDGE_LOOP('',(#1869,#1870,#1871,#1872,#1873));
#349=EDGE_LOOP('',(#1874,#1875,#1876,#1877,#1878,#1879,#1880,#1881));
#350=EDGE_LOOP('',(#1882,#1883,#1884,#1885,#1886,#1887));
#351=EDGE_LOOP('',(#1888,#1889,#1890,#1891));
#352=EDGE_LOOP('',(#1892,#1893,#1894,#1895));
#353=EDGE_LOOP('',(#1896,#1897,#1898,#1899,#1900));
#354=EDGE_LOOP('',(#1901,#1902,#1903,#1904));
#355=EDGE_LOOP('',(#1905,#1906,#1907,#1908,#1909,#1910));
#356=EDGE_LOOP('',(#1911,#1912,#1913,#1914,#1915,#1916,#1917));
#357=EDGE_LOOP('',(#1918,#1919,#1920,#1921,#1922));
#358=EDGE_LOOP('',(#1923,#1924,#1925,#1926));
#359=EDGE_LOOP('',(#1927,#1928,#1929,#1930));
#360=EDGE_LOOP('',(#1931,#1932,#1933,#1934));
#361=EDGE_LOOP('',(#1935,#1936,#1937,#1938));
#362=EDGE_LOOP('',(#1939,#1940,#1941,#1942));
#363=EDGE_LOOP('',(#1943,#1944,#1945,#1946));
#364=EDGE_LOOP('',(#1947,#1948,#1949,#1950));
#365=EDGE_LOOP('',(#1951,#1952,#1953,#1954));
#366=EDGE_LOOP('',(#1955,#1956,#1957,#1958));
#367=EDGE_LOOP('',(#1959,#1960,#1961,#1962));
#368=EDGE_LOOP('',(#1963,#1964,#1965,#1966,#1967,#1968));
#369=EDGE_LOOP('',(#1969,#1970,#1971,#1972));
#370=EDGE_LOOP('',(#1973,#1974,#1975,#1976,#1977,#1978));
#371=EDGE_LOOP('',(#1979,#1980,#1981,#1982));
#372=EDGE_LOOP('',(#1983,#1984,#1985));
#373=EDGE_LOOP('',(#1986,#1987,#1988,#1989,#1990));
#374=EDGE_LOOP('',(#1991,#1992,#1993,#1994));
#375=EDGE_LOOP('',(#1995,#1996,#1997,#1998,#1999,#2000));
#376=EDGE_LOOP('',(#2001,#2002,#2003,#2004,#2005));
#377=EDGE_LOOP('',(#2006,#2007,#2008,#2009,#2010,#2011,#2012,#2013,#2014,
#2015,#2016,#2017,#2018,#2019,#2020,#2021,#2022));
#378=EDGE_LOOP('',(#2023));
#379=LINE('',#2845,#557);
#380=LINE('',#3081,#558);
#381=LINE('',#3292,#559);
#382=LINE('',#3314,#560);
#383=LINE('',#3316,#561);
#384=LINE('',#3364,#562);
#385=LINE('',#3367,#563);
#386=LINE('',#3394,#564);
#387=LINE('',#3426,#565);
#388=LINE('',#3427,#566);
#389=LINE('',#3572,#567);
#390=LINE('',#3807,#568);
#391=LINE('',#3809,#569);
#392=LINE('',#3811,#570);
#393=LINE('',#3841,#571);
#394=LINE('',#3853,#572);
#395=LINE('',#3859,#573);
#396=LINE('',#3877,#574);
#397=LINE('',#3914,#575);
#398=LINE('',#3946,#576);
#399=LINE('',#3948,#577);
#400=LINE('',#3950,#578);
#401=LINE('',#3960,#579);
#402=LINE('',#3966,#580);
#403=LINE('',#3970,#581);
#404=LINE('',#3971,#582);
#405=LINE('',#3975,#583);
#406=LINE('',#3977,#584);
#407=LINE('',#3979,#585);
#408=LINE('',#3981,#586);
#409=LINE('',#3983,#587);
#410=LINE('',#3985,#588);
#411=LINE('',#3987,#589);
#412=LINE('',#3989,#590);
#413=LINE('',#3991,#591);
#414=LINE('',#3993,#592);
#415=LINE('',#3995,#593);
#416=LINE('',#3997,#594);
#417=LINE('',#3999,#595);
#418=LINE('',#4000,#596);
#419=LINE('',#4003,#597);
#420=LINE('',#4004,#598);
#421=LINE('',#4005,#599);
#422=LINE('',#4008,#600);
#423=LINE('',#4009,#601);
#424=LINE('',#4015,#602);
#425=LINE('',#4021,#603);
#426=LINE('',#4025,#604);
#427=LINE('',#4026,#605);
#428=LINE('',#4027,#606);
#429=LINE('',#4030,#607);
#430=LINE('',#4031,#608);
#431=LINE('',#4152,#609);
#432=LINE('',#4154,#610);
#433=LINE('',#4155,#611);
#434=LINE('',#4235,#612);
#435=LINE('',#4237,#613);
#436=LINE('',#4310,#614);
#437=LINE('',#4471,#615);
#438=LINE('',#4473,#616);
#439=LINE('',#4633,#617);
#440=LINE('',#4679,#618);
#441=LINE('',#4722,#619);
#442=LINE('',#4725,#620);
#443=LINE('',#4790,#621);
#444=LINE('',#4796,#622);
#445=LINE('',#4799,#623);
#446=LINE('',#4802,#624);
#447=LINE('',#4804,#625);
#448=LINE('',#4805,#626);
#449=LINE('',#4806,#627);
#450=LINE('',#4809,#628);
#451=LINE('',#4823,#629);
#452=LINE('',#4825,#630);
#453=LINE('',#4827,#631);
#454=LINE('',#4830,#632);
#455=LINE('',#4835,#633);
#456=LINE('',#4838,#634);
#457=LINE('',#4840,#635);
#458=LINE('',#4843,#636);
#459=LINE('',#4845,#637);
#460=LINE('',#4851,#638);
#461=LINE('',#4854,#639);
#462=LINE('',#4855,#640);
#463=LINE('',#4857,#641);
#464=LINE('',#4862,#642);
#465=LINE('',#4863,#643);
#466=LINE('',#4864,#644);
#467=LINE('',#4866,#645);
#468=LINE('',#4867,#646);
#469=LINE('',#4870,#647);
#470=LINE('',#4871,#648);
#471=LINE('',#4874,#649);
#472=LINE('',#4875,#650);
#473=LINE('',#4876,#651);
#474=LINE('',#4906,#652);
#475=LINE('',#4908,#653);
#476=LINE('',#4910,#654);
#477=LINE('',#4917,#655);
#478=LINE('',#4918,#656);
#479=LINE('',#4929,#657);
#480=LINE('',#4930,#658);
#481=LINE('',#4966,#659);
#482=LINE('',#4970,#660);
#483=LINE('',#4972,#661);
#484=LINE('',#4974,#662);
#485=LINE('',#4975,#663);
#486=LINE('',#4977,#664);
#487=LINE('',#4978,#665);
#488=LINE('',#5130,#666);
#489=LINE('',#5178,#667);
#490=LINE('',#5191,#668);
#491=LINE('',#5193,#669);
#492=LINE('',#5195,#670);
#493=LINE('',#5197,#671);
#494=LINE('',#5198,#672);
#495=LINE('',#5201,#673);
#496=LINE('',#5202,#674);
#497=LINE('',#5204,#675);
#498=LINE('',#5205,#676);
#499=LINE('',#5209,#677);
#500=LINE('',#5210,#678);
#501=LINE('',#5211,#679);
#502=LINE('',#5213,#680);
#503=LINE('',#5215,#681);
#504=LINE('',#5216,#682);
#505=LINE('',#5217,#683);
#506=LINE('',#5251,#684);
#507=LINE('',#5252,#685);
#508=LINE('',#5254,#686);
#509=LINE('',#5256,#687);
#510=LINE('',#5260,#688);
#511=LINE('',#5261,#689);
#512=LINE('',#5262,#690);
#513=LINE('',#5264,#691);
#514=LINE('',#5268,#692);
#515=LINE('',#5271,#693);
#516=LINE('',#5274,#694);
#517=LINE('',#5276,#695);
#518=LINE('',#5277,#696);
#519=LINE('',#5280,#697);
#520=LINE('',#5286,#698);
#521=LINE('',#5288,#699);
#522=LINE('',#5290,#700);
#523=LINE('',#5292,#701);
#524=LINE('',#5293,#702);
#525=LINE('',#5296,#703);
#526=LINE('',#5298,#704);
#527=LINE('',#5304,#705);
#528=LINE('',#5305,#706);
#529=LINE('',#5308,#707);
#530=LINE('',#5310,#708);
#531=LINE('',#5311,#709);
#532=LINE('',#5315,#710);
#533=LINE('',#5317,#711);
#534=LINE('',#5319,#712);
#535=LINE('',#5320,#713);
#536=LINE('',#5322,#714);
#537=LINE('',#5324,#715);
#538=LINE('',#5325,#716);
#539=LINE('',#5327,#717);
#540=LINE('',#5330,#718);
#541=LINE('',#5332,#719);
#542=LINE('',#5333,#720);
#543=LINE('',#5336,#721);
#544=LINE('',#5337,#722);
#545=LINE('',#5342,#723);
#546=LINE('',#5344,#724);
#547=LINE('',#5346,#725);
#548=LINE('',#5347,#726);
#549=LINE('',#5350,#727);
#550=LINE('',#5351,#728);
#551=LINE('',#5354,#729);
#552=LINE('',#5355,#730);
#553=LINE('',#5357,#731);
#554=LINE('',#5386,#732);
#555=LINE('',#5388,#733);
#556=LINE('',#5390,#734);
#557=VECTOR('',#2260,10.);
#558=VECTOR('',#2261,10.);
#559=VECTOR('',#2262,13.018573473001);
#560=VECTOR('',#2263,3.44710217348286);
#561=VECTOR('',#2264,10.);
#562=VECTOR('',#2265,10.);
#563=VECTOR('',#2268,10.);
#564=VECTOR('',#2271,3.16340719046806);
#565=VECTOR('',#2276,10.);
#566=VECTOR('',#2277,3.16340719046806);
#567=VECTOR('',#2282,10.);
#568=VECTOR('',#2283,3.23679245174601);
#569=VECTOR('',#2284,10.);
#570=VECTOR('',#2285,10.);
#571=VECTOR('',#2286,13.1361274201193);
#572=VECTOR('',#2287,10.);
#573=VECTOR('',#2288,13.1361274201193);
#574=VECTOR('',#2289,12.4482500462699);
#575=VECTOR('',#2290,12.4482500462698);
#576=VECTOR('',#2291,10.);
#577=VECTOR('',#2292,10.);
#578=VECTOR('',#2293,3.09319069161252);
#579=VECTOR('',#2298,10.);
#580=VECTOR('',#2303,10.);
#581=VECTOR('',#2308,10.);
#582=VECTOR('',#2309,10.);
#583=VECTOR('',#2312,10.);
#584=VECTOR('',#2313,10.);
#585=VECTOR('',#2314,10.);
#586=VECTOR('',#2315,10.);
#587=VECTOR('',#2316,10.);
#588=VECTOR('',#2317,10.);
#589=VECTOR('',#2318,10.);
#590=VECTOR('',#2319,10.);
#591=VECTOR('',#2320,10.);
#592=VECTOR('',#2321,10.);
#593=VECTOR('',#2322,10.);
#594=VECTOR('',#2323,10.);
#595=VECTOR('',#2324,10.);
#596=VECTOR('',#2325,10.);
#597=VECTOR('',#2328,10.);
#598=VECTOR('',#2329,10.);
#599=VECTOR('',#2330,10.);
#600=VECTOR('',#2333,10.);
#601=VECTOR('',#2334,10.);
#602=VECTOR('',#2339,10.);
#603=VECTOR('',#2344,10.);
#604=VECTOR('',#2349,10.);
#605=VECTOR('',#2350,10.);
#606=VECTOR('',#2351,10.);
#607=VECTOR('',#2354,10.);
#608=VECTOR('',#2355,10.);
#609=VECTOR('',#2358,10.);
#610=VECTOR('',#2359,10.);
#611=VECTOR('',#2360,10.);
#612=VECTOR('',#2365,10.);
#613=VECTOR('',#2366,10.);
#614=VECTOR('',#2377,10.);
#615=VECTOR('',#2382,0.5);
#616=VECTOR('',#2385,10.);
#617=VECTOR('',#2386,13.4197885458398);
#618=VECTOR('',#2391,10.);
#619=VECTOR('',#2398,10.);
#620=VECTOR('',#2401,10.);
#621=VECTOR('',#2406,0.399999999999999);
#622=VECTOR('',#2411,10.);
#623=VECTOR('',#2414,10.);
#624=VECTOR('',#2417,10.);
#625=VECTOR('',#2418,10.);
#626=VECTOR('',#2419,10.);
#627=VECTOR('',#2420,10.);
#628=VECTOR('',#2423,10.);
#629=VECTOR('',#2424,10.);
#630=VECTOR('',#2425,10.);
#631=VECTOR('',#2426,10.);
#632=VECTOR('',#2429,10.);
#633=VECTOR('',#2434,10.);
#634=VECTOR('',#2437,10.);
#635=VECTOR('',#2440,10.);
#636=VECTOR('',#2443,10.);
#637=VECTOR('',#2444,10.);
#638=VECTOR('',#2451,10.);
#639=VECTOR('',#2456,10.);
#640=VECTOR('',#2457,10.);
#641=VECTOR('',#2460,0.5);
#642=VECTOR('',#2465,10.);
#643=VECTOR('',#2466,10.);
#644=VECTOR('',#2467,10.);
#645=VECTOR('',#2468,10.);
#646=VECTOR('',#2469,10.);
#647=VECTOR('',#2472,10.);
#648=VECTOR('',#2473,10.);
#649=VECTOR('',#2476,10.);
#650=VECTOR('',#2477,10.);
#651=VECTOR('',#2478,10.);
#652=VECTOR('',#2481,10.);
#653=VECTOR('',#2482,10.);
#654=VECTOR('',#2483,10.);
#655=VECTOR('',#2486,10.);
#656=VECTOR('',#2487,10.);
#657=VECTOR('',#2490,10.);
#658=VECTOR('',#2491,10.);
#659=VECTOR('',#2494,10.);
#660=VECTOR('',#2497,10.);
#661=VECTOR('',#2498,10.);
#662=VECTOR('',#2499,10.);
#663=VECTOR('',#2500,10.);
#664=VECTOR('',#2503,10.);
#665=VECTOR('',#2504,10.);
#666=VECTOR('',#2505,13.018573473001);
#667=VECTOR('',#2506,10.);
#668=VECTOR('',#2509,10.);
#669=VECTOR('',#2510,1.5);
#670=VECTOR('',#2511,10.);
#671=VECTOR('',#2512,10.);
#672=VECTOR('',#2513,10.);
#673=VECTOR('',#2516,10.);
#674=VECTOR('',#2517,10.);
#675=VECTOR('',#2518,10.);
#676=VECTOR('',#2519,10.);
#677=VECTOR('',#2522,10.);
#678=VECTOR('',#2523,10.);
#679=VECTOR('',#2524,10.);
#680=VECTOR('',#2525,10.);
#681=VECTOR('',#2526,10.);
#682=VECTOR('',#2527,10.);
#683=VECTOR('',#2528,1.5);
#684=VECTOR('',#2531,10.);
#685=VECTOR('',#2532,10.);
#686=VECTOR('',#2535,10.);
#687=VECTOR('',#2538,10.);
#688=VECTOR('',#2541,10.);
#689=VECTOR('',#2542,10.);
#690=VECTOR('',#2543,10.);
#691=VECTOR('',#2546,10.);
#692=VECTOR('',#2549,10.);
#693=VECTOR('',#2552,10.);
#694=VECTOR('',#2555,10.);
#695=VECTOR('',#2556,10.);
#696=VECTOR('',#2557,10.);
#697=VECTOR('',#2560,10.);
#698=VECTOR('',#2567,10.);
#699=VECTOR('',#2568,10.);
#700=VECTOR('',#2569,10.);
#701=VECTOR('',#2570,10.);
#702=VECTOR('',#2571,10.);
#703=VECTOR('',#2574,10.);
#704=VECTOR('',#2575,10.);
#705=VECTOR('',#2584,10.);
#706=VECTOR('',#2585,10.);
#707=VECTOR('',#2588,10.);
#708=VECTOR('',#2589,10.);
#709=VECTOR('',#2590,10.);
#710=VECTOR('',#2593,10.);
#711=VECTOR('',#2594,10.);
#712=VECTOR('',#2595,10.);
#713=VECTOR('',#2596,10.);
#714=VECTOR('',#2599,10.);
#715=VECTOR('',#2600,10.);
#716=VECTOR('',#2601,10.);
#717=VECTOR('',#2604,10.);
#718=VECTOR('',#2607,10.);
#719=VECTOR('',#2608,10.);
#720=VECTOR('',#2609,10.);
#721=VECTOR('',#2614,10.);
#722=VECTOR('',#2615,10.);
#723=VECTOR('',#2624,10.);
#724=VECTOR('',#2625,10.);
#725=VECTOR('',#2626,10.);
#726=VECTOR('',#2627,10.);
#727=VECTOR('',#2630,10.);
#728=VECTOR('',#2631,10.);
#729=VECTOR('',#2634,10.);
#730=VECTOR('',#2635,10.);
#731=VECTOR('',#2638,10.);
#732=VECTOR('',#2655,10.);
#733=VECTOR('',#2658,10.);
#734=VECTOR('',#2661,10.);
#735=B_SPLINE_CURVE_WITH_KNOTS('',3,(#2807,#2808,#2809,#2810,#2811,#2812,
#2813,#2814,#2815,#2816,#2817,#2818,#2819,#2820,#2821,#2822,#2823,#2824,
#2825,#2826,#2827,#2828,#2829,#2830,#2831,#2832,#2833,#2834,#2835,#2836,
#2837,#2838,#2839,#2840,#2841,#2842,#2843),.UNSPECIFIED.,.F.,.F.,(4,3,3,
3,3,3,3,3,3,3,3,3,4),(1.77896174303464,2.20769611800498,2.47286695334728,
2.67614709691132,2.82497609848442,2.95000858326028,3.04694799259251,3.14110938797146,
3.26308833693288,3.43364609547229,3.75587230698912,3.91047185334467,4.07809851850595),
 .UNSPECIFIED.);
#736=B_SPLINE_CURVE_WITH_KNOTS('',3,(#2847,#2848,#2849,#2850,#2851,#2852,
#2853,#2854,#2855,#2856,#2857,#2858,#2859,#2860,#2861,#2862),
 .UNSPECIFIED.,.F.,.F.,(4,3,3,3,3,4),(0.,0.103225975746934,0.159069794170726,
0.254216717117838,0.339575174418578,0.366621551285902),.UNSPECIFIED.);
#737=B_SPLINE_CURVE_WITH_KNOTS('',3,(#2864,#2865,#2866,#2867,#2868,#2869,
#2870,#2871,#2872,#2873),.UNSPECIFIED.,.F.,.F.,(4,2,2,2,4),(0.,0.180503773757262,
0.291968038125195,0.349377225682964,0.404147137426631),.UNSPECIFIED.);
#738=B_SPLINE_CURVE_WITH_KNOTS('',3,(#2875,#2876,#2877,#2878,#2879,#2880,
#2881,#2882),.UNSPECIFIED.,.F.,.F.,(4,2,2,4),(0.,0.254300803316108,0.484796303377771,
0.774321826714955),.UNSPECIFIED.);
#739=B_SPLINE_CURVE_WITH_KNOTS('',3,(#2884,#2885,#2886,#2887,#2888,#2889,
#2890,#2891,#2892,#2893,#2894,#2895,#2896,#2897,#2898,#2899,#2900,#2901,
#2902,#2903,#2904,#2905,#2906,#2907),.UNSPECIFIED.,.F.,.F.,(4,2,2,2,2,2,
2,2,2,2,2,4),(0.,0.172964539075621,0.258822775437152,0.340646452947603,
0.425517389178507,0.488062600341728,0.533404046593792,0.572973077003551,
0.618842005230334,0.692441338403219,0.845439557404208,1.06161662589171),
 .UNSPECIFIED.);
#740=B_SPLINE_CURVE_WITH_KNOTS('',3,(#2908,#2909,#2910,#2911,#2912,#2913,
#2914,#2915,#2916,#2917,#2918,#2919,#2920,#2921,#2922,#2923,#2924,#2925,
#2926,#2927,#2928,#2929,#2930,#2931,#2932,#2933,#2934,#2935),
 .UNSPECIFIED.,.F.,.F.,(4,3,3,3,3,3,3,3,3,4),(0.366621551285902,0.43899161385293,
0.520446472086781,0.609778489684835,0.675792908466155,0.725532680243214,
0.851202790560836,0.908341964065317,0.963232105375929,1.12308759805331),
 .UNSPECIFIED.);
#741=B_SPLINE_CURVE_WITH_KNOTS('',3,(#2937,#2938,#2939,#2940,#2941,#2942,
#2943,#2944,#2945,#2946,#2947,#2948,#2949,#2950,#2951,#2952,#2953,#2954,
#2955,#2956,#2957,#2958,#2959,#2960,#2961,#2962,#2963,#2964),
 .UNSPECIFIED.,.F.,.F.,(4,3,3,3,3,3,3,3,3,4),(0.,0.444740435758661,0.567370473727843,
0.674213072669891,0.871826310174762,1.04148694419919,1.2637015445368,1.53284717307659,
1.76418708470582,1.77896174303464),.UNSPECIFIED.);
#742=B_SPLINE_CURVE_WITH_KNOTS('',3,(#2965,#2966,#2967,#2968,#2969,#2970,
#2971,#2972,#2973,#2974,#2975,#2976,#2977,#2978,#2979,#2980,#2981,#2982,
#2983,#2984,#2985,#2986,#2987,#2988,#2989,#2990),.UNSPECIFIED.,.F.,.F.,
(4,2,2,2,2,2,2,2,2,2,2,2,4),(0.,0.18201871724002,0.274601831812347,0.328006879917832,
0.364647777763851,0.395724121516139,0.428669561586739,0.472963774878462,
0.534606081856151,0.602449539948325,0.677709538465948,0.788923167395269,
0.896240303822787),.UNSPECIFIED.);
#743=B_SPLINE_CURVE_WITH_KNOTS('',3,(#3073,#3074,#3075,#3076,#3077,#3078,
#3079),.UNSPECIFIED.,.F.,.F.,(4,3,4),(0.494366651706246,0.518455020956498,
0.52029846997574),.UNSPECIFIED.);
#744=B_SPLINE_CURVE_WITH_KNOTS('',3,(#3083,#3084,#3085,#3086,#3087,#3088,
#3089,#3090,#3091,#3092,#3093,#3094,#3095,#3096,#3097,#3098),
 .UNSPECIFIED.,.F.,.F.,(4,2,2,2,2,2,2,4),(0.,0.0518329353250958,0.347995822460318,
0.643604653252018,0.742047960731003,0.795215488517196,0.83848335695123,
0.84915176406341),.UNSPECIFIED.);
#745=B_SPLINE_CURVE_WITH_KNOTS('',3,(#3100,#3101,#3102,#3103,#3104,#3105,
#3106,#3107,#3108,#3109,#3110,#3111,#3112,#3113,#3114,#3115,#3116,#3117),
 .UNSPECIFIED.,.F.,.F.,(4,2,2,2,2,2,2,2,4),(0.,0.0223317835222532,0.053765915668088,
0.105951116037949,0.184404120213845,0.244569306560682,0.289177781490909,
0.336389764728824,0.408430256877016),.UNSPECIFIED.);
#746=B_SPLINE_CURVE_WITH_KNOTS('',3,(#3119,#3120,#3121,#3122,#3123,#3124,
#3125,#3126,#3127,#3128,#3129,#3130),.UNSPECIFIED.,.F.,.F.,(4,2,2,2,2,4),
(0.,0.154700316403703,0.193230791226665,0.220672697775897,0.247291306346487,
0.275300847737782),.UNSPECIFIED.);
#747=B_SPLINE_CURVE_WITH_KNOTS('',3,(#3132,#3133,#3134,#3135),
 .UNSPECIFIED.,.F.,.F.,(4,4),(0.,0.0777250159625828),.UNSPECIFIED.);
#748=B_SPLINE_CURVE_WITH_KNOTS('',3,(#3136,#3137,#3138,#3139,#3140,#3141,
#3142,#3143,#3144,#3145,#3146,#3147,#3148,#3149,#3150,#3151,#3152,#3153,
#3154,#3155,#3156,#3157),.UNSPECIFIED.,.F.,.F.,(4,2,2,2,2,2,2,2,2,2,4),
(0.84915176406341,0.886148114997067,0.957393311114262,1.07559385131507,
1.19278987830428,1.27812434683959,1.31717621202239,1.40397446037375,1.45054745304303,
1.48686733070769,1.54035882697869),.UNSPECIFIED.);
#749=B_SPLINE_CURVE_WITH_KNOTS('',3,(#3159,#3160,#3161,#3162,#3163,#3164,
#3165,#3166),.UNSPECIFIED.,.F.,.F.,(4,2,2,4),(0.435750133398291,0.446972778805553,
0.490908892957503,0.494366651706246),.UNSPECIFIED.);
#750=B_SPLINE_CURVE_WITH_KNOTS('',3,(#3168,#3169,#3170,#3171,#3172,#3173,
#3174,#3175),.UNSPECIFIED.,.F.,.F.,(4,2,2,4),(0.255406747726121,0.277649011870762,
0.317007885663638,0.322551952383146),.UNSPECIFIED.);
#751=B_SPLINE_CURVE_WITH_KNOTS('',3,(#3177,#3178,#3179,#3180,#3181,#3182,
#3183,#3184,#3185,#3186,#3187,#3188,#3189,#3190,#3191,#3192,#3193,#3194,
#3195,#3196),.UNSPECIFIED.,.F.,.F.,(4,2,2,2,2,2,2,2,2,4),(0.199087459018877,
0.201075891625662,0.30311010352949,0.352950211838352,0.398707228798031,
0.422491380022231,0.451011434970783,0.482576538034385,0.542976438750113,
0.577315841202917),.UNSPECIFIED.);
#752=B_SPLINE_CURVE_WITH_KNOTS('',3,(#3198,#3199,#3200,#3201),
 .UNSPECIFIED.,.F.,.F.,(4,4),(0.643735530642029,0.648234496246622),
 .UNSPECIFIED.);
#753=B_SPLINE_CURVE_WITH_KNOTS('',3,(#3203,#3204,#3205,#3206),
 .UNSPECIFIED.,.F.,.F.,(4,4),(0.0850435432315333,0.102882570217925),
 .UNSPECIFIED.);
#754=B_SPLINE_CURVE_WITH_KNOTS('',3,(#3208,#3209,#3210,#3211,#3212,#3213,
#3214,#3215,#3216,#3217),.UNSPECIFIED.,.F.,.F.,(4,2,2,2,4),(0.,0.0823643984790405,
0.122441461917948,0.157812053408325,0.184834403918737),.UNSPECIFIED.);
#755=B_SPLINE_CURVE_WITH_KNOTS('',3,(#3219,#3220,#3221,#3222,#3223,#3224,
#3225,#3226,#3227,#3228,#3229,#3230,#3231,#3232,#3233,#3234,#3235,#3236,
#3237,#3238),.UNSPECIFIED.,.F.,.F.,(4,2,2,2,2,2,2,2,2,4),(0.,0.0910954343645981,
0.124398894612426,0.142570416126796,0.157775008993422,0.17380127147301,
0.197614313872564,0.289221426470395,0.343928473922891,0.400983836276189),
 .UNSPECIFIED.);
#756=B_SPLINE_CURVE_WITH_KNOTS('',3,(#3240,#3241,#3242,#3243,#3244,#3245,
#3246,#3247,#3248,#3249,#3250,#3251,#3252,#3253),.UNSPECIFIED.,.F.,.F.,
(4,2,2,2,2,2,4),(0.,0.0728843393046982,0.204462733368731,0.31327436679628,
0.429563897609011,0.543827143351372,0.66244474164899),.UNSPECIFIED.);
#757=B_SPLINE_CURVE_WITH_KNOTS('',3,(#3255,#3256,#3257,#3258,#3259,#3260,
#3261,#3262),.UNSPECIFIED.,.F.,.F.,(4,2,2,4),(0.,0.123508266192161,0.278097795055065,
0.405721572319662),.UNSPECIFIED.);
#758=B_SPLINE_CURVE_WITH_KNOTS('',3,(#3264,#3265,#3266,#3267,#3268,#3269),
 .UNSPECIFIED.,.F.,.F.,(4,2,4),(0.629541643600521,0.631676862384649,0.67286209246883),
 .UNSPECIFIED.);
#759=B_SPLINE_CURVE_WITH_KNOTS('',3,(#3270,#3271,#3272,#3273,#3274,#3275),
 .UNSPECIFIED.,.F.,.F.,(4,2,4),(0.313592510456337,0.32369445100525,0.346332061035131),
 .UNSPECIFIED.);
#760=B_SPLINE_CURVE_WITH_KNOTS('',3,(#3293,#3294,#3295,#3296),
 .UNSPECIFIED.,.F.,.F.,(4,4),(0.130213613530646,0.224755425741416),
 .UNSPECIFIED.);
#761=B_SPLINE_CURVE_WITH_KNOTS('',3,(#3318,#3319,#3320,#3321,#3322,#3323,
#3324,#3325,#3326,#3327),.UNSPECIFIED.,.F.,.F.,(4,3,3,4),(-0.331314343462032,
-0.246813097776295,-0.168460073676386,0.),.UNSPECIFIED.);
#762=B_SPLINE_CURVE_WITH_KNOTS('',3,(#3328,#3329,#3330,#3331),
 .UNSPECIFIED.,.F.,.F.,(4,4),(0.376005425961119,0.488317085284278),
 .UNSPECIFIED.);
#763=B_SPLINE_CURVE_WITH_KNOTS('',3,(#3349,#3350,#3351,#3352),
 .UNSPECIFIED.,.F.,.F.,(4,4),(0.459904429246289,0.777438458089827),
 .UNSPECIFIED.);
#764=B_SPLINE_CURVE_WITH_KNOTS('',3,(#3354,#3355,#3356,#3357,#3358,#3359,
#3360,#3361,#3362,#3363),.UNSPECIFIED.,.F.,.F.,(4,3,3,4),(-0.332309654256651,
-0.210593084963629,-0.166034658683586,0.),.UNSPECIFIED.);
#765=B_SPLINE_CURVE_WITH_KNOTS('',3,(#3368,#3369,#3370,#3371),
 .UNSPECIFIED.,.F.,.F.,(4,4),(-0.169446812491449,-0.157856421290518),
 .UNSPECIFIED.);
#766=B_SPLINE_CURVE_WITH_KNOTS('',3,(#3373,#3374,#3375,#3376),
 .UNSPECIFIED.,.F.,.F.,(4,4),(-1.24890394635872,-1.23060120671287),
 .UNSPECIFIED.);
#767=B_SPLINE_CURVE_WITH_KNOTS('',3,(#3415,#3416,#3417,#3418,#3419,#3420,
#3421,#3422,#3423,#3424),.UNSPECIFIED.,.F.,.F.,(4,3,3,4),(-0.356444981908662,
-0.178336707529124,-0.024820877942389,0.),.UNSPECIFIED.);
#768=B_SPLINE_CURVE_WITH_KNOTS('',3,(#3563,#3564,#3565,#3566,#3567,#3568,
#3569,#3570),.UNSPECIFIED.,.F.,.F.,(4,2,2,4),(2.13518620705675,2.1450266936052,
2.17582710413186,2.21282319331101),.UNSPECIFIED.);
#769=B_SPLINE_CURVE_WITH_KNOTS('',3,(#3574,#3575,#3576,#3577,#3578,#3579,
#3580,#3581),.UNSPECIFIED.,.F.,.F.,(4,2,2,4),(0.,0.0852074078115047,0.163952173905532,
0.198041676578296),.UNSPECIFIED.);
#770=B_SPLINE_CURVE_WITH_KNOTS('',3,(#3583,#3584,#3585,#3586,#3587,#3588,
#3589,#3590,#3591,#3592,#3593,#3594,#3595,#3596,#3597,#3598),
 .UNSPECIFIED.,.F.,.F.,(4,2,2,2,2,2,2,4),(0.,0.120876220500999,0.240932480321909,
0.366802619555138,0.465626982720594,0.550006244507482,0.65277720754587,
0.92819707827326),.UNSPECIFIED.);
#771=B_SPLINE_CURVE_WITH_KNOTS('',3,(#3600,#3601,#3602,#3603,#3604,#3605,
#3606,#3607,#3608,#3609,#3610,#3611,#3612,#3613,#3614,#3615,#3616,#3617,
#3618,#3619,#3620,#3621,#3622,#3623,#3624,#3625,#3626,#3627),
 .UNSPECIFIED.,.F.,.F.,(4,3,3,3,3,3,3,3,3,4),(0.,0.0211222927475865,0.0442969466353256,
0.0744448150463166,0.103639238901974,0.127224661326744,0.150549013507979,
0.173376414227525,0.19513841638217,0.215750961376664),.UNSPECIFIED.);
#772=B_SPLINE_CURVE_WITH_KNOTS('',3,(#3629,#3630,#3631,#3632,#3633,#3634),
 .UNSPECIFIED.,.F.,.F.,(4,2,4),(0.,0.113049069210192,0.230348092152821),
 .UNSPECIFIED.);
#773=B_SPLINE_CURVE_WITH_KNOTS('',3,(#3636,#3637,#3638,#3639,#3640,#3641,
#3642,#3643,#3644,#3645,#3646,#3647,#3648,#3649,#3650,#3651,#3652,#3653,
#3654,#3655),.UNSPECIFIED.,.F.,.F.,(4,2,2,2,2,2,2,2,2,4),(0.,0.0565383430656589,
0.129411198946021,0.239870681082516,0.29902668255805,0.327816737604377,
0.360534536775806,0.401192786133473,0.558850963315161,0.639088085931519),
 .UNSPECIFIED.);
#774=B_SPLINE_CURVE_WITH_KNOTS('',3,(#3656,#3657,#3658,#3659,#3660,#3661,
#3662,#3663,#3664,#3665,#3666,#3667,#3668,#3669,#3670,#3671,#3672,#3673,
#3674,#3675,#3676,#3677,#3678,#3679,#3680,#3681,#3682,#3683,#3684,#3685,
#3686,#3687),.UNSPECIFIED.,.F.,.F.,(4,2,2,2,2,2,2,2,2,2,2,2,2,2,2,4),(0.198041676578296,
0.252559998883358,0.45618250342308,0.552268006053438,0.635625678882595,
0.683420329464171,0.787389366369472,0.862091693983773,0.893845038482969,
0.921312965532122,0.953092228380782,1.01031729580521,1.13241038899743,1.32052066858178,
1.45915244257345,1.56946125030042),.UNSPECIFIED.);
#775=B_SPLINE_CURVE_WITH_KNOTS('',3,(#3689,#3690,#3691,#3692,#3693,#3694,
#3695,#3696,#3697,#3698,#3699,#3700,#3701,#3702,#3703,#3704,#3705,#3706,
#3707,#3708,#3709,#3710,#3711,#3712,#3713,#3714,#3715,#3716,#3717,#3718,
#3719,#3720,#3721,#3722,#3723,#3724,#3725,#3726,#3727,#3728,#3729,#3730,
#3731,#3732,#3733,#3734,#3735,#3736,#3737,#3738),.UNSPECIFIED.,.F.,.F.,
(4,2,2,2,2,2,2,2,2,2,2,2,2,2,2,2,2,2,2,2,2,2,2,2,4),(0.,0.0768213913290391,
0.138652455942497,0.258320483794878,0.406334001960129,0.539053355442716,
0.751911738189595,0.865587913233796,0.948273161795491,1.02912924177632,
1.13050332449958,1.257054658202,1.39785387706284,1.56029610435038,1.62719349296279,
1.66643187071647,1.69143616297607,1.71379691912719,1.74331949743277,1.80755304740916,
1.9002347698537,1.97526456890534,2.03163504016861,2.07899398952689,2.13518620705675),
 .UNSPECIFIED.);
#776=B_SPLINE_CURVE_WITH_KNOTS('',3,(#3739,#3740,#3741,#3742,#3743,#3744,
#3745,#3746,#3747,#3748,#3749,#3750,#3751,#3752,#3753,#3754,#3755,#3756),
 .UNSPECIFIED.,.F.,.F.,(4,2,2,2,2,2,2,2,4),(0.,0.140082739081554,0.190518028102223,
0.234655678347617,0.280827496162879,0.309930855116119,0.369454178120752,
0.415873562492843,0.459494044030187),.UNSPECIFIED.);
#777=B_SPLINE_CURVE_WITH_KNOTS('',3,(#3759,#3760,#3761,#3762,#3763,#3764,
#3765,#3766),.UNSPECIFIED.,.F.,.F.,(4,2,2,4),(0.,0.109318082326751,0.179578680703435,
0.257496139872865),.UNSPECIFIED.);
#778=B_SPLINE_CURVE_WITH_KNOTS('',3,(#3767,#3768,#3769,#3770,#3771,#3772,
#3773,#3774,#3775,#3776),.UNSPECIFIED.,.F.,.F.,(4,2,2,2,4),(0.,0.0314624386756511,
0.0626037044227332,0.112211186819052,0.217041592926544),.UNSPECIFIED.);
#779=B_SPLINE_CURVE_WITH_KNOTS('',3,(#3802,#3803,#3804,#3805),
 .UNSPECIFIED.,.F.,.F.,(4,4),(2.45427637539744,2.56353064471671),
 .UNSPECIFIED.);
#780=B_SPLINE_CURVE_WITH_KNOTS('',3,(#3813,#3814,#3815,#3816,#3817,#3818,
#3819),.UNSPECIFIED.,.F.,.F.,(4,3,4),(-0.344196077334144,-0.172086032647295,
0.),.UNSPECIFIED.);
#781=B_SPLINE_CURVE_WITH_KNOTS('',3,(#3820,#3821,#3822,#3823),
 .UNSPECIFIED.,.F.,.F.,(4,4),(3.01341079742677,3.13225552248542),
 .UNSPECIFIED.);
#782=B_SPLINE_CURVE_WITH_KNOTS('',3,(#3843,#3844,#3845,#3846),
 .UNSPECIFIED.,.F.,.F.,(4,4),(-0.382356483732967,0.),.UNSPECIFIED.);
#783=B_SPLINE_CURVE_WITH_KNOTS('',3,(#3848,#3849,#3850,#3851),
 .UNSPECIFIED.,.F.,.F.,(4,4),(-0.071446029751245,0.),.UNSPECIFIED.);
#784=B_SPLINE_CURVE_WITH_KNOTS('',3,(#3855,#3856,#3857,#3858),
 .UNSPECIFIED.,.F.,.F.,(4,4),(0.,1.),.UNSPECIFIED.);
#785=B_SPLINE_CURVE_WITH_KNOTS('',3,(#3879,#3880,#3881,#3882),
 .UNSPECIFIED.,.F.,.F.,(4,4),(0.50306101956264,1.),.UNSPECIFIED.);
#786=B_SPLINE_CURVE_WITH_KNOTS('',3,(#3884,#3885,#3886,#3887,#3888,#3889,
#3890,#3891,#3892,#3893),.UNSPECIFIED.,.F.,.F.,(4,3,3,4),(-1.19653162995407,
-0.596500845630621,-0.062735606538691,0.),.UNSPECIFIED.);
#787=B_SPLINE_CURVE_WITH_KNOTS('',3,(#3894,#3895,#3896,#3897),
 .UNSPECIFIED.,.F.,.F.,(4,4),(0.503917758272952,0.60483342972308),
 .UNSPECIFIED.);
#788=B_SPLINE_CURVE_WITH_KNOTS('',3,(#3932,#3933,#3934,#3935,#3936,#3937,
#3938,#3939,#3940,#3941,#3942,#3943,#3944),.UNSPECIFIED.,.F.,.F.,(4,3,3,
3,4),(-0.349467565645456,-0.191644417718656,-0.174715511779017,-0.0175478252636252,
0.),.UNSPECIFIED.);
#789=B_SPLINE_CURVE_WITH_KNOTS('',3,(#3951,#3952,#3953,#3954),
 .UNSPECIFIED.,.F.,.F.,(4,4),(0.991437576910259,1.),.UNSPECIFIED.);
#790=B_SPLINE_CURVE_WITH_KNOTS('',3,(#4054,#4055,#4056,#4057,#4058,#4059,
#4060,#4061,#4062,#4063,#4064,#4065,#4066,#4067,#4068,#4069,#4070,#4071,
#4072,#4073,#4074,#4075,#4076,#4077,#4078,#4079,#4080,#4081,#4082,#4083,
#4084,#4085,#4086,#4087,#4088,#4089,#4090,#4091,#4092,#4093,#4094,#4095,
#4096),.UNSPECIFIED.,.F.,.F.,(4,3,3,3,3,3,3,3,3,3,3,3,3,3,4),(0.,0.011006744453926,
0.0223893325389853,0.03108792909657,0.0424515787907998,0.0538030506541768,
0.0622247074854353,0.0736205884536694,0.0771547884405111,0.0884821154111769,
0.0935293829728489,0.104898731872931,0.114322041133087,0.125644122668521,
0.135117361550908),.UNSPECIFIED.);
#791=B_SPLINE_CURVE_WITH_KNOTS('',3,(#4098,#4099,#4100,#4101),
 .UNSPECIFIED.,.F.,.F.,(4,4),(-0.389529793467972,-0.198924955932877),
 .UNSPECIFIED.);
#792=B_SPLINE_CURVE_WITH_KNOTS('',3,(#4103,#4104,#4105,#4106,#4107,#4108,
#4109,#4110,#4111,#4112,#4113,#4114,#4115,#4116,#4117,#4118,#4119,#4120,
#4121,#4122,#4123,#4124,#4125,#4126,#4127,#4128,#4129,#4130,#4131,#4132,
#4133,#4134,#4135,#4136,#4137,#4138,#4139,#4140,#4141,#4142,#4143,#4144,
#4145),.UNSPECIFIED.,.F.,.F.,(4,3,3,3,3,3,3,3,3,3,3,3,3,3,4),(0.,0.0111438900335379,
0.0225050097816246,0.0313528925387423,0.0427032432110532,0.0538828074390474,
0.0569330266607699,0.0626802114281503,0.073854393646774,0.0852703561191563,
0.09395273102781,0.105311080289322,0.113318617774562,0.124507371170908,
0.132681100936252),.UNSPECIFIED.);
#793=B_SPLINE_CURVE_WITH_KNOTS('',3,(#4146,#4147,#4148,#4149),
 .UNSPECIFIED.,.F.,.F.,(4,4),(0.203571963090161,0.398214218514038),
 .UNSPECIFIED.);
#794=B_SPLINE_CURVE_WITH_KNOTS('',3,(#4183,#4184,#4185,#4186,#4187,#4188,
#4189,#4190,#4191,#4192,#4193,#4194,#4195,#4196,#4197,#4198,#4199,#4200,
#4201,#4202,#4203,#4204,#4205,#4206,#4207,#4208,#4209,#4210,#4211,#4212,
#4213,#4214,#4215,#4216,#4217,#4218,#4219),.UNSPECIFIED.,.F.,.F.,(4,3,3,
3,3,3,3,3,3,3,3,3,4),(0.,0.0111554347485513,0.0224812614840998,0.03125071883538,
0.0425661317249256,0.0508646596978415,0.062502323472921,0.0737495889021548,
0.0851146891597374,0.0905706301193911,0.101942895378928,0.113055672307026,
0.118640304570339),.UNSPECIFIED.);
#795=B_SPLINE_CURVE_WITH_KNOTS('',3,(#4221,#4222,#4223,#4224,#4225),
 .UNSPECIFIED.,.F.,.F.,(4,1,4),(0.0012469001431437,0.0985109993893308,0.171786366647296),
 .UNSPECIFIED.);
#796=B_SPLINE_CURVE_WITH_KNOTS('',3,(#4228,#4229,#4230,#4231,#4232),
 .UNSPECIFIED.,.F.,.F.,(4,1,4),(-0.171786366647296,-0.0985109993893308,
-0.000810509712043802),.UNSPECIFIED.);
#797=B_SPLINE_CURVE_WITH_KNOTS('',3,(#4238,#4239,#4240,#4241),
 .UNSPECIFIED.,.F.,.F.,(4,4),(-1.32731160887563,-1.32295644326585),
 .UNSPECIFIED.);
#798=B_SPLINE_CURVE_WITH_KNOTS('',3,(#4245,#4246,#4247,#4248,#4249,#4250,
#4251),.UNSPECIFIED.,.F.,.F.,(4,3,4),(-0.602042756066303,-0.597741009811788,
-0.513183264852551),.UNSPECIFIED.);
#799=B_SPLINE_CURVE_WITH_KNOTS('',3,(#4253,#4254,#4255,#4256),
 .UNSPECIFIED.,.F.,.F.,(4,4),(-0.211162591076741,-0.0502950795259716),
 .UNSPECIFIED.);
#800=B_SPLINE_CURVE_WITH_KNOTS('',3,(#4258,#4259,#4260,#4261),
 .UNSPECIFIED.,.F.,.F.,(4,4),(-0.901988287597404,-0.762964947681999),
 .UNSPECIFIED.);
#801=B_SPLINE_CURVE_WITH_KNOTS('',3,(#4262,#4263,#4264,#4265,#4266,#4267,
#4268,#4269,#4270,#4271,#4272,#4273,#4274,#4275,#4276,#4277,#4278,#4279,
#4280,#4281,#4282,#4283,#4284,#4285,#4286,#4287,#4288,#4289,#4290,#4291,
#4292,#4293,#4294,#4295,#4296,#4297,#4298,#4299,#4300,#4301,#4302,#4303,
#4304),.UNSPECIFIED.,.F.,.F.,(4,3,3,3,3,3,3,3,3,3,3,3,3,3,4),(0.,0.0181149718821941,
0.0364596519487885,0.0546806396067177,0.0602512532548835,0.0789179395485684,
0.0975846258422532,0.115890309374175,0.120172265263627,0.138347664214652,
0.156555796456389,0.173324009684137,0.191537912299815,0.209306189339565,
0.226276182159419),.UNSPECIFIED.);
#802=B_SPLINE_CURVE_WITH_KNOTS('',3,(#4332,#4333,#4334,#4335),
 .UNSPECIFIED.,.F.,.F.,(4,4),(1.29479401555974,1.50450904780605),
 .UNSPECIFIED.);
#803=B_SPLINE_CURVE_WITH_KNOTS('',3,(#4336,#4337,#4338,#4339,#4340,#4341,
#4342,#4343,#4344,#4345,#4346,#4347,#4348,#4349,#4350,#4351,#4352,#4353,
#4354,#4355,#4356,#4357,#4358,#4359,#4360,#4361,#4362,#4363,#4364,#4365,
#4366,#4367,#4368,#4369,#4370,#4371,#4372,#4373,#4374,#4375,#4376,#4377,
#4378,#4379,#4380,#4381),.UNSPECIFIED.,.F.,.F.,(4,3,3,3,3,3,3,3,3,3,3,3,
3,3,3,4),(0.,0.0177106353441249,0.0357845324331948,0.0540205331123282,0.0584920409835703,
0.0767128631289095,0.0949564929378824,0.112814208024793,0.117060538041209,
0.129118020667407,0.147043877526373,0.165212440066931,0.171534057856782,
0.18963833161399,0.207769837753674,0.212132527519957),.UNSPECIFIED.);
#804=B_SPLINE_CURVE_WITH_KNOTS('',3,(#4434,#4435,#4436,#4437),
 .UNSPECIFIED.,.F.,.F.,(4,4),(-1.30592516418725,-0.927211081724448),
 .UNSPECIFIED.);
#805=B_SPLINE_CURVE_WITH_KNOTS('',3,(#4439,#4440,#4441,#4442),
 .UNSPECIFIED.,.F.,.F.,(4,4),(-0.523005330785668,0.),.UNSPECIFIED.);
#806=B_SPLINE_CURVE_WITH_KNOTS('',3,(#4444,#4445,#4446,#4447,#4448,#4449,
#4450,#4451,#4452,#4453,#4454,#4455,#4456),.UNSPECIFIED.,.F.,.F.,(4,2,2,
1,2,2,4),(0.262390701182568,0.263475475634198,0.295406829352905,0.314680258065043,
0.333953686777181,0.410277160163432,0.456041657358019),.UNSPECIFIED.);
#807=B_SPLINE_CURVE_WITH_KNOTS('',3,(#4458,#4459,#4460,#4461,#4462,#4463),
 .UNSPECIFIED.,.F.,.F.,(4,2,4),(-0.69294005491347,-0.4997037459968,0.),
 .UNSPECIFIED.);
#808=B_SPLINE_CURVE_WITH_KNOTS('',3,(#4464,#4465,#4466,#4467),
 .UNSPECIFIED.,.F.,.F.,(4,4),(2.36065841955544,2.45427637539744),
 .UNSPECIFIED.);
#809=B_SPLINE_CURVE_WITH_KNOTS('',3,(#4496,#4497,#4498,#4499,#4500,#4501,
#4502,#4503,#4504,#4505,#4506,#4507,#4508,#4509,#4510,#4511,#4512,#4513,
#4514,#4515,#4516,#4517,#4518,#4519,#4520,#4521,#4522,#4523,#4524,#4525,
#4526,#4527,#4528,#4529,#4530,#4531,#4532,#4533,#4534,#4535,#4536,#4537,
#4538),.UNSPECIFIED.,.F.,.F.,(4,3,3,3,3,3,3,3,3,3,3,3,3,3,4),(0.,0.0111179131157373,
0.0224651786059424,0.0312488787081213,0.042589974265446,0.0537593579955659,
0.0578714741252794,0.0624980116657702,0.0736369993527246,0.0850518463686024,
0.0937495898055444,0.105121643518199,0.114343626419908,0.125539826663231,
0.134936774306725),.UNSPECIFIED.);
#810=B_SPLINE_CURVE_WITH_KNOTS('',3,(#4540,#4541,#4542,#4543),
 .UNSPECIFIED.,.F.,.F.,(4,4),(-2.56120416473091,-2.3711955653882),
 .UNSPECIFIED.);
#811=B_SPLINE_CURVE_WITH_KNOTS('',3,(#4545,#4546,#4547,#4548,#4549,#4550,
#4551,#4552,#4553,#4554,#4555,#4556,#4557,#4558,#4559,#4560,#4561,#4562,
#4563,#4564,#4565,#4566,#4567,#4568,#4569,#4570,#4571,#4572,#4573,#4574,
#4575,#4576,#4577,#4578,#4579,#4580,#4581,#4582,#4583,#4584,#4585,#4586,
#4587),.UNSPECIFIED.,.F.,.F.,(4,3,3,3,3,3,3,3,3,3,3,3,3,3,4),(0.,0.0110238756916083,
0.0224115452877536,0.0312525240170172,0.0426261856307148,0.0539381602872165,
0.0625048261644973,0.0738518291567406,0.0762848335006392,0.0875994769817339,
0.0937566453839869,0.105076468349809,0.113593104741184,0.124842675500944,
0.13342954886074),.UNSPECIFIED.);
#812=B_SPLINE_CURVE_WITH_KNOTS('',3,(#4588,#4589,#4590,#4591),
 .UNSPECIFIED.,.F.,.F.,(4,4),(2.37161126441882,2.56234216389173),
 .UNSPECIFIED.);
#813=B_SPLINE_CURVE_WITH_KNOTS('',3,(#4635,#4636,#4637,#4638,#4639,#4640,
#4641,#4642,#4643,#4644),.UNSPECIFIED.,.F.,.F.,(4,1,2,1,2,4),(0.334643096636896,
0.618055433619617,0.806996991608098,0.866650069732923,0.956129686920161,
1.),.UNSPECIFIED.);
#814=B_SPLINE_CURVE_WITH_KNOTS('',3,(#4645,#4646,#4647,#4648),
 .UNSPECIFIED.,.F.,.F.,(4,4),(-1.12964719001655,-0.950758334243971),
 .UNSPECIFIED.);
#815=B_SPLINE_CURVE_WITH_KNOTS('',3,(#4650,#4651,#4652,#4653),
 .UNSPECIFIED.,.F.,.F.,(4,4),(-0.635014989744812,-0.542620162605848),
 .UNSPECIFIED.);
#816=B_SPLINE_CURVE_WITH_KNOTS('',3,(#4655,#4656,#4657,#4658),
 .UNSPECIFIED.,.F.,.F.,(4,4),(-0.216606045483004,-0.0531705692255812),
 .UNSPECIFIED.);
#817=B_SPLINE_CURVE_WITH_KNOTS('',3,(#4660,#4661,#4662,#4663),
 .UNSPECIFIED.,.F.,.F.,(4,4),(-0.794339588170177,-0.691397723777079),
 .UNSPECIFIED.);
#818=B_SPLINE_CURVE_WITH_KNOTS('',3,(#4665,#4666,#4667,#4668),
 .UNSPECIFIED.,.F.,.F.,(4,4),(0.120230006591535,0.314986769698645),
 .UNSPECIFIED.);
#819=B_SPLINE_CURVE_WITH_KNOTS('',3,(#4669,#4670,#4671,#4672,#4673,#4674),
 .UNSPECIFIED.,.F.,.F.,(4,2,4),(-0.623529583701079,-0.558861807896719,0.),
 .UNSPECIFIED.);
#820=B_SPLINE_CURVE_WITH_KNOTS('',3,(#4680,#4681,#4682,#4683,#4684,#4685,
#4686,#4687,#4688,#4689,#4690,#4691,#4692,#4693,#4694,#4695,#4696,#4697,
#4698,#4699,#4700,#4701,#4702,#4703,#4704,#4705,#4706,#4707,#4708,#4709,
#4710,#4711,#4712,#4713,#4714,#4715,#4716),.UNSPECIFIED.,.F.,.F.,(4,3,3,
3,3,3,3,3,3,3,3,3,4),(0.,0.0178832910832732,0.036016881654623,0.0540857046434831,
0.0585966710666474,0.0767493494172365,0.0900711190808859,0.108222381691338,
0.117193356120237,0.135307914062085,0.148594201504051,0.166617095459261,
0.17999505957656),.UNSPECIFIED.);
#821=B_SPLINE_CURVE_WITH_KNOTS('',3,(#4726,#4727,#4728,#4729),
 .UNSPECIFIED.,.F.,.F.,(4,4),(-0.314962135291078,-0.124959030150677),
 .UNSPECIFIED.);
#822=B_SPLINE_CURVE_WITH_KNOTS('',3,(#4750,#4751,#4752,#4753,#4754,#4755,
#4756,#4757,#4758,#4759,#4760,#4761,#4762,#4763,#4764,#4765,#4766,#4767,
#4768,#4769,#4770,#4771,#4772,#4773,#4774,#4775,#4776,#4777,#4778,#4779,
#4780,#4781,#4782,#4783,#4784,#4785,#4786),.UNSPECIFIED.,.F.,.F.,(4,3,3,
3,3,3,3,3,3,3,3,3,4),(0.,0.0178922030983312,0.0360340960307996,0.054110068715389,
0.0586569911199401,0.0768144263507629,0.090306528028477,0.108461958852154,
0.117298920797596,0.135416604998348,0.148869491837337,0.166891624800973,
0.180436630983464),.UNSPECIFIED.);
#823=B_SPLINE_CURVE_WITH_KNOTS('',3,(#4810,#4811,#4812,#4813,#4814,#4815,
#4816,#4817,#4818,#4819,#4820,#4821,#4822),.UNSPECIFIED.,.F.,.F.,(4,3,3,
3,4),(-1.28936470326338,-0.786644315513288,-0.645186845575552,-0.0403196385583461,
0.),.UNSPECIFIED.);
#824=B_SPLINE_CURVE_WITH_KNOTS('',3,(#4894,#4895,#4896,#4897,#4898,#4899),
 .UNSPECIFIED.,.F.,.F.,(4,2,4),(-0.304652815366869,-0.149909305353623,0.),
 .UNSPECIFIED.);
#825=B_SPLINE_CURVE_WITH_KNOTS('',3,(#4900,#4901,#4902,#4903),
 .UNSPECIFIED.,.F.,.F.,(4,4),(0.,0.0541160696731361),.UNSPECIFIED.);
#826=B_SPLINE_CURVE_WITH_KNOTS('',3,(#4911,#4912,#4913,#4914),
 .UNSPECIFIED.,.F.,.F.,(4,4),(-0.824927408991654,-0.698217242944204),
 .UNSPECIFIED.);
#827=B_SPLINE_CURVE_WITH_KNOTS('',3,(#4921,#4922,#4923,#4924,#4925,#4926,
#4927),.UNSPECIFIED.,.F.,.F.,(4,3,4),(-0.637613774027184,-0.522299321613244,
-0.468005366213654),.UNSPECIFIED.);
#828=B_SPLINE_CURVE_WITH_KNOTS('',3,(#4932,#4933,#4934,#4935,#4936,#4937,
#4938,#4939,#4940,#4941,#4942,#4943,#4944,#4945,#4946,#4947,#4948,#4949,
#4950,#4951,#4952,#4953,#4954,#4955,#4956,#4957,#4958,#4959,#4960,#4961,
#4962,#4963,#4964,#4965),.UNSPECIFIED.,.F.,.F.,(4,3,3,3,3,3,3,3,3,3,3,4),
(-0.244443341438655,-0.222736053691707,-0.203068195843367,-0.186473204361848,
-0.17085648258883,-0.169878212880328,-0.161454847993241,-0.155821494582825,
-0.144980348509524,-0.132100780848307,-0.117593735275981,-0.115261289521561),
 .UNSPECIFIED.);
#829=B_SPLINE_CURVE_WITH_KNOTS('',3,(#4995,#4996,#4997,#4998),
 .UNSPECIFIED.,.F.,.F.,(4,4),(0.,1.),.UNSPECIFIED.);
#830=B_SPLINE_CURVE_WITH_KNOTS('',3,(#5000,#5001,#5002,#5003),
 .UNSPECIFIED.,.F.,.F.,(4,4),(-0.0781766271106406,-0.0446234444279411),
 .UNSPECIFIED.);
#831=B_SPLINE_CURVE_WITH_KNOTS('',3,(#5004,#5005,#5006,#5007,#5008,#5009,
#5010,#5011,#5012,#5013,#5014,#5015,#5016,#5017,#5018,#5019,#5020,#5021,
#5022),.UNSPECIFIED.,.F.,.F.,(4,3,3,3,3,3,4),(-0.183195267650441,-0.148137654616956,
-0.127443151210025,-0.101233008480526,-0.0840811509611729,-0.0535078406392472,
-0.0396400281418575),.UNSPECIFIED.);
#832=B_SPLINE_CURVE_WITH_KNOTS('',3,(#5041,#5042,#5043,#5044,#5045,#5046),
 .UNSPECIFIED.,.F.,.F.,(4,2,4),(-1.31658026197795,-0.665454984275887,0.),
 .UNSPECIFIED.);
#833=B_SPLINE_CURVE_WITH_KNOTS('',3,(#5047,#5048,#5049,#5050),
 .UNSPECIFIED.,.F.,.F.,(4,4),(0.,0.0145199490714812),.UNSPECIFIED.);
#834=B_SPLINE_CURVE_WITH_KNOTS('',3,(#5051,#5052,#5053,#5054),
 .UNSPECIFIED.,.F.,.F.,(4,4),(0.72617038499573,1.00706746636203),
 .UNSPECIFIED.);
#835=B_SPLINE_CURVE_WITH_KNOTS('',3,(#5083,#5084,#5085,#5086),
 .UNSPECIFIED.,.F.,.F.,(4,4),(-3.2898358604202,-2.51659125997162),
 .UNSPECIFIED.);
#836=B_SPLINE_CURVE_WITH_KNOTS('',3,(#5088,#5089,#5090,#5091,#5092,#5093),
 .UNSPECIFIED.,.F.,.F.,(4,2,4),(-1.62602017987466,-0.938885770993634,0.),
 .UNSPECIFIED.);
#837=B_SPLINE_CURVE_WITH_KNOTS('',3,(#5094,#5095,#5096,#5097,#5098,#5099,
#5100),.UNSPECIFIED.,.F.,.F.,(4,1,2,4),(0.,0.0460590303986694,0.115147575996674,
0.140468476052008),.UNSPECIFIED.);
#838=B_SPLINE_CURVE_WITH_KNOTS('',3,(#5132,#5133,#5134,#5135,#5136,#5137,
#5138),.UNSPECIFIED.,.F.,.F.,(4,2,1,4),(0.880910581407385,0.884852424003327,
0.953940969601331,1.),.UNSPECIFIED.);
#839=B_SPLINE_CURVE_WITH_KNOTS('',3,(#5139,#5140,#5141,#5142,#5143,#5144,
#5145,#5146,#5147,#5148,#5149,#5150,#5151,#5152,#5153,#5154,#5155,#5156,
#5157,#5158,#5159,#5160),.UNSPECIFIED.,.F.,.F.,(4,3,3,3,3,3,3,4),(-1.30406332932513,
-1.07431534445261,-0.822388028582692,-0.647109249580144,-0.398131400718801,
-0.197968836438678,-0.0396757151015154,0.),.UNSPECIFIED.);
#840=B_SPLINE_CURVE_WITH_KNOTS('',3,(#5179,#5180,#5181,#5182,#5183,#5184,
#5185,#5186,#5187,#5188),.UNSPECIFIED.,.F.,.F.,(4,3,3,4),(-0.337041137855052,
-0.167410042852532,-0.0425084882976642,0.),.UNSPECIFIED.);
#841=B_SPLINE_CURVE_WITH_KNOTS('',3,(#5234,#5235,#5236,#5237,#5238,#5239,
#5240,#5241,#5242,#5243,#5244,#5245,#5246,#5247,#5248,#5249),
 .UNSPECIFIED.,.F.,.F.,(4,3,3,3,3,4),(-0.301224367158105,-0.243765211033303,
-0.160675562647618,-0.146365853429505,-0.0777086281653017,0.),
 .UNSPECIFIED.);
#842=B_SPLINE_CURVE_WITH_KNOTS('',3,(#5363,#5364,#5365,#5366),
 .UNSPECIFIED.,.F.,.F.,(4,4),(0.,0.49693829179317),.UNSPECIFIED.);
#843=VERTEX_POINT('',#2805);
#844=VERTEX_POINT('',#2806);
#845=VERTEX_POINT('',#2844);
#846=VERTEX_POINT('',#2846);
#847=VERTEX_POINT('',#2863);
#848=VERTEX_POINT('',#2874);
#849=VERTEX_POINT('',#2883);
#850=VERTEX_POINT('',#2936);
#851=VERTEX_POINT('',#3071);
#852=VERTEX_POINT('',#3072);
#853=VERTEX_POINT('',#3080);
#854=VERTEX_POINT('',#3082);
#855=VERTEX_POINT('',#3099);
#856=VERTEX_POINT('',#3118);
#857=VERTEX_POINT('',#3131);
#858=VERTEX_POINT('',#3158);
#859=VERTEX_POINT('',#3167);
#860=VERTEX_POINT('',#3176);
#861=VERTEX_POINT('',#3197);
#862=VERTEX_POINT('',#3202);
#863=VERTEX_POINT('',#3207);
#864=VERTEX_POINT('',#3218);
#865=VERTEX_POINT('',#3239);
#866=VERTEX_POINT('',#3254);
#867=VERTEX_POINT('',#3263);
#868=VERTEX_POINT('',#3313);
#869=VERTEX_POINT('',#3315);
#870=VERTEX_POINT('',#3317);
#871=VERTEX_POINT('',#3348);
#872=VERTEX_POINT('',#3353);
#873=VERTEX_POINT('',#3366);
#874=VERTEX_POINT('',#3393);
#875=VERTEX_POINT('',#3412);
#876=VERTEX_POINT('',#3414);
#877=VERTEX_POINT('',#3425);
#878=VERTEX_POINT('',#3428);
#879=VERTEX_POINT('',#3561);
#880=VERTEX_POINT('',#3562);
#881=VERTEX_POINT('',#3571);
#882=VERTEX_POINT('',#3573);
#883=VERTEX_POINT('',#3582);
#884=VERTEX_POINT('',#3599);
#885=VERTEX_POINT('',#3628);
#886=VERTEX_POINT('',#3635);
#887=VERTEX_POINT('',#3688);
#888=VERTEX_POINT('',#3757);
#889=VERTEX_POINT('',#3758);
#890=VERTEX_POINT('',#3801);
#891=VERTEX_POINT('',#3806);
#892=VERTEX_POINT('',#3808);
#893=VERTEX_POINT('',#3810);
#894=VERTEX_POINT('',#3812);
#895=VERTEX_POINT('',#3840);
#896=VERTEX_POINT('',#3842);
#897=VERTEX_POINT('',#3847);
#898=VERTEX_POINT('',#3852);
#899=VERTEX_POINT('',#3854);
#900=VERTEX_POINT('',#3876);
#901=VERTEX_POINT('',#3878);
#902=VERTEX_POINT('',#3883);
#903=VERTEX_POINT('',#3931);
#904=VERTEX_POINT('',#3945);
#905=VERTEX_POINT('',#3947);
#906=VERTEX_POINT('',#3949);
#907=VERTEX_POINT('',#3956);
#908=VERTEX_POINT('',#3957);
#909=VERTEX_POINT('',#3959);
#910=VERTEX_POINT('',#3961);
#911=VERTEX_POINT('',#3963);
#912=VERTEX_POINT('',#3965);
#913=VERTEX_POINT('',#3969);
#914=VERTEX_POINT('',#3973);
#915=VERTEX_POINT('',#3974);
#916=VERTEX_POINT('',#3976);
#917=VERTEX_POINT('',#3978);
#918=VERTEX_POINT('',#3980);
#919=VERTEX_POINT('',#3982);
#920=VERTEX_POINT('',#3984);
#921=VERTEX_POINT('',#3986);
#922=VERTEX_POINT('',#3988);
#923=VERTEX_POINT('',#3990);
#924=VERTEX_POINT('',#3992);
#925=VERTEX_POINT('',#3994);
#926=VERTEX_POINT('',#3996);
#927=VERTEX_POINT('',#3998);
#928=VERTEX_POINT('',#4002);
#929=VERTEX_POINT('',#4007);
#930=VERTEX_POINT('',#4011);
#931=VERTEX_POINT('',#4012);
#932=VERTEX_POINT('',#4014);
#933=VERTEX_POINT('',#4016);
#934=VERTEX_POINT('',#4018);
#935=VERTEX_POINT('',#4020);
#936=VERTEX_POINT('',#4024);
#937=VERTEX_POINT('',#4029);
#938=VERTEX_POINT('',#4052);
#939=VERTEX_POINT('',#4053);
#940=VERTEX_POINT('',#4097);
#941=VERTEX_POINT('',#4102);
#942=VERTEX_POINT('',#4151);
#943=VERTEX_POINT('',#4153);
#944=VERTEX_POINT('',#4181);
#945=VERTEX_POINT('',#4182);
#946=VERTEX_POINT('',#4220);
#947=VERTEX_POINT('',#4226);
#948=VERTEX_POINT('',#4234);
#949=VERTEX_POINT('',#4236);
#950=VERTEX_POINT('',#4244);
#951=VERTEX_POINT('',#4252);
#952=VERTEX_POINT('',#4257);
#953=VERTEX_POINT('',#4305);
#954=VERTEX_POINT('',#4308);
#955=VERTEX_POINT('',#4331);
#956=VERTEX_POINT('',#4438);
#957=VERTEX_POINT('',#4443);
#958=VERTEX_POINT('',#4457);
#959=VERTEX_POINT('',#4469);
#960=VERTEX_POINT('',#4494);
#961=VERTEX_POINT('',#4495);
#962=VERTEX_POINT('',#4539);
#963=VERTEX_POINT('',#4544);
#964=VERTEX_POINT('',#4632);
#965=VERTEX_POINT('',#4634);
#966=VERTEX_POINT('',#4649);
#967=VERTEX_POINT('',#4654);
#968=VERTEX_POINT('',#4659);
#969=VERTEX_POINT('',#4664);
#970=VERTEX_POINT('',#4676);
#971=VERTEX_POINT('',#4678);
#972=VERTEX_POINT('',#4717);
#973=VERTEX_POINT('',#4720);
#974=VERTEX_POINT('',#4724);
#975=VERTEX_POINT('',#4788);
#976=VERTEX_POINT('',#4792);
#977=VERTEX_POINT('',#4793);
#978=VERTEX_POINT('',#4795);
#979=VERTEX_POINT('',#4797);
#980=VERTEX_POINT('',#4801);
#981=VERTEX_POINT('',#4803);
#982=VERTEX_POINT('',#4808);
#983=VERTEX_POINT('',#4824);
#984=VERTEX_POINT('',#4826);
#985=VERTEX_POINT('',#4828);
#986=VERTEX_POINT('',#4831);
#987=VERTEX_POINT('',#4834);
#988=VERTEX_POINT('',#4836);
#989=VERTEX_POINT('',#4842);
#990=VERTEX_POINT('',#4844);
#991=VERTEX_POINT('',#4847);
#992=VERTEX_POINT('',#4850);
#993=VERTEX_POINT('',#4860);
#994=VERTEX_POINT('',#4861);
#995=VERTEX_POINT('',#4865);
#996=VERTEX_POINT('',#4869);
#997=VERTEX_POINT('',#4873);
#998=VERTEX_POINT('',#4893);
#999=VERTEX_POINT('',#4905);
#1000=VERTEX_POINT('',#4907);
#1001=VERTEX_POINT('',#4909);
#1002=VERTEX_POINT('',#4916);
#1003=VERTEX_POINT('',#4920);
#1004=VERTEX_POINT('',#4928);
#1005=VERTEX_POINT('',#4968);
#1006=VERTEX_POINT('',#4969);
#1007=VERTEX_POINT('',#4971);
#1008=VERTEX_POINT('',#4973);
#1009=VERTEX_POINT('',#4999);
#1010=VERTEX_POINT('',#5039);
#1011=VERTEX_POINT('',#5040);
#1012=VERTEX_POINT('',#5087);
#1013=VERTEX_POINT('',#5129);
#1014=VERTEX_POINT('',#5131);
#1015=VERTEX_POINT('',#5177);
#1016=VERTEX_POINT('',#5190);
#1017=VERTEX_POINT('',#5192);
#1018=VERTEX_POINT('',#5194);
#1019=VERTEX_POINT('',#5196);
#1020=VERTEX_POINT('',#5200);
#1021=VERTEX_POINT('',#5203);
#1022=VERTEX_POINT('',#5207);
#1023=VERTEX_POINT('',#5208);
#1024=VERTEX_POINT('',#5212);
#1025=VERTEX_POINT('',#5214);
#1026=VERTEX_POINT('',#5258);
#1027=VERTEX_POINT('',#5259);
#1028=VERTEX_POINT('',#5265);
#1029=VERTEX_POINT('',#5267);
#1030=VERTEX_POINT('',#5269);
#1031=VERTEX_POINT('',#5273);
#1032=VERTEX_POINT('',#5275);
#1033=VERTEX_POINT('',#5279);
#1034=VERTEX_POINT('',#5284);
#1035=VERTEX_POINT('',#5285);
#1036=VERTEX_POINT('',#5287);
#1037=VERTEX_POINT('',#5289);
#1038=VERTEX_POINT('',#5291);
#1039=VERTEX_POINT('',#5295);
#1040=VERTEX_POINT('',#5297);
#1041=VERTEX_POINT('',#5303);
#1042=VERTEX_POINT('',#5307);
#1043=VERTEX_POINT('',#5309);
#1044=VERTEX_POINT('',#5313);
#1045=VERTEX_POINT('',#5314);
#1046=VERTEX_POINT('',#5316);
#1047=VERTEX_POINT('',#5318);
#1048=VERTEX_POINT('',#5323);
#1049=VERTEX_POINT('',#5329);
#1050=VERTEX_POINT('',#5331);
#1051=VERTEX_POINT('',#5343);
#1052=VERTEX_POINT('',#5345);
#1053=VERTEX_POINT('',#5349);
#1054=VERTEX_POINT('',#5353);
#1055=EDGE_CURVE('',#843,#844,#735,.T.);
#1056=EDGE_CURVE('',#843,#845,#379,.T.);
#1057=EDGE_CURVE('',#846,#845,#736,.T.);
#1058=EDGE_CURVE('',#847,#846,#737,.T.);
#1059=EDGE_CURVE('',#848,#847,#738,.T.);
#1060=EDGE_CURVE('',#849,#848,#739,.T.);
#1061=EDGE_CURVE('',#845,#849,#740,.T.);
#1062=EDGE_CURVE('',#850,#843,#741,.T.);
#1063=EDGE_CURVE('',#844,#850,#742,.T.);
#1064=EDGE_CURVE('',#851,#852,#743,.T.);
#1065=EDGE_CURVE('',#853,#851,#380,.T.);
#1066=EDGE_CURVE('',#854,#853,#744,.T.);
#1067=EDGE_CURVE('',#855,#854,#745,.T.);
#1068=EDGE_CURVE('',#856,#855,#746,.T.);
#1069=EDGE_CURVE('',#857,#856,#747,.T.);
#1070=EDGE_CURVE('',#853,#857,#748,.T.);
#1071=EDGE_CURVE('',#858,#851,#749,.T.);
#1072=EDGE_CURVE('',#859,#858,#750,.T.);
#1073=EDGE_CURVE('',#860,#859,#751,.T.);
#1074=EDGE_CURVE('',#861,#860,#752,.T.);
#1075=EDGE_CURVE('',#862,#861,#753,.T.);
#1076=EDGE_CURVE('',#863,#862,#754,.T.);
#1077=EDGE_CURVE('',#864,#863,#755,.T.);
#1078=EDGE_CURVE('',#865,#864,#756,.T.);
#1079=EDGE_CURVE('',#866,#865,#757,.T.);
#1080=EDGE_CURVE('',#867,#866,#758,.T.);
#1081=EDGE_CURVE('',#852,#867,#759,.T.);
#1082=EDGE_CURVE('',#866,#847,#381,.T.);
#1083=EDGE_CURVE('',#865,#848,#760,.T.);
#1084=EDGE_CURVE('',#868,#864,#382,.T.);
#1085=EDGE_CURVE('',#868,#869,#383,.T.);
#1086=EDGE_CURVE('',#869,#870,#761,.T.);
#1087=EDGE_CURVE('',#849,#870,#762,.T.);
#1088=EDGE_CURVE('',#871,#863,#763,.T.);
#1089=EDGE_CURVE('',#871,#872,#764,.T.);
#1090=EDGE_CURVE('',#872,#868,#384,.T.);
#1091=EDGE_CURVE('',#873,#861,#385,.T.);
#1092=EDGE_CURVE('',#862,#873,#765,.T.);
#1093=EDGE_CURVE('',#873,#860,#766,.T.);
#1094=EDGE_CURVE('',#856,#874,#386,.T.);
#1095=EDGE_CURVE('',#857,#874,#48,.T.);
#1096=EDGE_CURVE('',#875,#850,#49,.T.);
#1097=EDGE_CURVE('',#875,#876,#767,.T.);
#1098=EDGE_CURVE('',#876,#877,#387,.T.);
#1099=EDGE_CURVE('',#877,#855,#388,.T.);
#1100=EDGE_CURVE('',#878,#854,#50,.T.);
#1101=EDGE_CURVE('',#844,#878,#51,.T.);
#1102=EDGE_CURVE('',#879,#880,#768,.T.);
#1103=EDGE_CURVE('',#879,#881,#389,.T.);
#1104=EDGE_CURVE('',#882,#881,#769,.T.);
#1105=EDGE_CURVE('',#883,#882,#770,.T.);
#1106=EDGE_CURVE('',#884,#883,#771,.T.);
#1107=EDGE_CURVE('',#885,#884,#772,.T.);
#1108=EDGE_CURVE('',#886,#885,#773,.T.);
#1109=EDGE_CURVE('',#881,#886,#774,.T.);
#1110=EDGE_CURVE('',#887,#879,#775,.T.);
#1111=EDGE_CURVE('',#880,#887,#776,.T.);
#1112=EDGE_CURVE('',#888,#889,#777,.T.);
#1113=EDGE_CURVE('',#889,#888,#778,.T.);
#1114=EDGE_CURVE('',#890,#887,#779,.T.);
#1115=EDGE_CURVE('',#891,#890,#390,.T.);
#1116=EDGE_CURVE('',#891,#892,#391,.T.);
#1117=EDGE_CURVE('',#892,#893,#392,.T.);
#1118=EDGE_CURVE('',#893,#894,#780,.T.);
#1119=EDGE_CURVE('',#880,#894,#781,.T.);
#1120=EDGE_CURVE('',#895,#888,#393,.T.);
#1121=EDGE_CURVE('',#896,#895,#782,.T.);
#1122=EDGE_CURVE('',#896,#897,#783,.T.);
#1123=EDGE_CURVE('',#897,#898,#394,.T.);
#1124=EDGE_CURVE('',#899,#898,#784,.T.);
#1125=EDGE_CURVE('',#889,#899,#395,.T.);
#1126=EDGE_CURVE('',#886,#900,#396,.T.);
#1127=EDGE_CURVE('',#901,#900,#785,.T.);
#1128=EDGE_CURVE('',#901,#902,#786,.T.);
#1129=EDGE_CURVE('',#902,#882,#787,.T.);
#1130=EDGE_CURVE('',#884,#885,#397,.T.);
#1131=EDGE_CURVE('',#902,#903,#788,.T.);
#1132=EDGE_CURVE('',#903,#904,#398,.T.);
#1133=EDGE_CURVE('',#904,#905,#399,.T.);
#1134=EDGE_CURVE('',#905,#906,#400,.T.);
#1135=EDGE_CURVE('',#883,#906,#789,.T.);
#1136=EDGE_CURVE('',#907,#908,#52,.T.);
#1137=EDGE_CURVE('',#907,#909,#401,.T.);
#1138=EDGE_CURVE('',#909,#910,#15,.T.);
#1139=EDGE_CURVE('',#911,#910,#53,.F.);
#1140=EDGE_CURVE('',#911,#912,#402,.T.);
#1141=EDGE_CURVE('',#912,#908,#54,.T.);
#1142=EDGE_CURVE('',#907,#913,#403,.T.);
#1143=EDGE_CURVE('',#909,#913,#404,.T.);
#1144=EDGE_CURVE('',#914,#915,#405,.T.);
#1145=EDGE_CURVE('',#915,#916,#406,.T.);
#1146=EDGE_CURVE('',#917,#916,#407,.T.);
#1147=EDGE_CURVE('',#918,#917,#408,.T.);
#1148=EDGE_CURVE('',#919,#918,#409,.T.);
#1149=EDGE_CURVE('',#920,#919,#410,.T.);
#1150=EDGE_CURVE('',#921,#920,#411,.T.);
#1151=EDGE_CURVE('',#921,#922,#412,.T.);
#1152=EDGE_CURVE('',#922,#923,#413,.T.);
#1153=EDGE_CURVE('',#923,#924,#414,.T.);
#1154=EDGE_CURVE('',#924,#925,#415,.T.);
#1155=EDGE_CURVE('',#926,#925,#416,.T.);
#1156=EDGE_CURVE('',#926,#927,#417,.T.);
#1157=EDGE_CURVE('',#927,#914,#418,.T.);
#1158=EDGE_CURVE('',#912,#928,#419,.T.);
#1159=EDGE_CURVE('',#915,#928,#420,.T.);
#1160=EDGE_CURVE('',#914,#908,#421,.T.);
#1161=EDGE_CURVE('',#928,#929,#422,.T.);
#1162=EDGE_CURVE('',#929,#911,#423,.T.);
#1163=EDGE_CURVE('',#930,#931,#16,.F.);
#1164=EDGE_CURVE('',#930,#932,#424,.T.);
#1165=EDGE_CURVE('',#933,#932,#55,.T.);
#1166=EDGE_CURVE('',#934,#933,#56,.F.);
#1167=EDGE_CURVE('',#935,#934,#425,.T.);
#1168=EDGE_CURVE('',#935,#931,#57,.T.);
#1169=EDGE_CURVE('',#922,#936,#426,.T.);
#1170=EDGE_CURVE('',#934,#936,#427,.T.);
#1171=EDGE_CURVE('',#923,#933,#428,.T.);
#1172=EDGE_CURVE('',#936,#937,#429,.T.);
#1173=EDGE_CURVE('',#937,#935,#430,.T.);
#1174=EDGE_CURVE('',#938,#939,#790,.T.);
#1175=EDGE_CURVE('',#939,#940,#791,.T.);
#1176=EDGE_CURVE('',#940,#941,#792,.T.);
#1177=EDGE_CURVE('',#941,#938,#793,.T.);
#1178=EDGE_CURVE('',#942,#939,#431,.T.);
#1179=EDGE_CURVE('',#943,#942,#432,.T.);
#1180=EDGE_CURVE('',#943,#940,#433,.T.);
#1181=EDGE_CURVE('',#944,#945,#794,.T.);
#1182=EDGE_CURVE('',#945,#946,#795,.T.);
#1183=EDGE_CURVE('',#947,#946,#58,.T.);
#1184=EDGE_CURVE('',#947,#944,#796,.T.);
#1185=EDGE_CURVE('',#948,#947,#434,.T.);
#1186=EDGE_CURVE('',#948,#949,#435,.T.);
#1187=EDGE_CURVE('',#947,#949,#797,.T.);
#1188=EDGE_CURVE('',#942,#948,#59,.T.);
#1189=EDGE_CURVE('',#950,#938,#798,.T.);
#1190=EDGE_CURVE('',#951,#950,#799,.T.);
#1191=EDGE_CURVE('',#952,#951,#800,.T.);
#1192=EDGE_CURVE('',#949,#952,#801,.T.);
#1193=EDGE_CURVE('',#953,#953,#60,.T.);
#1194=EDGE_CURVE('',#954,#943,#61,.T.);
#1195=EDGE_CURVE('',#946,#954,#436,.T.);
#1196=EDGE_CURVE('',#952,#955,#802,.T.);
#1197=EDGE_CURVE('',#955,#944,#803,.T.);
#1198=EDGE_CURVE('',#894,#955,#804,.T.);
#1199=EDGE_CURVE('',#941,#956,#805,.T.);
#1200=EDGE_CURVE('',#957,#956,#806,.T.);
#1201=EDGE_CURVE('',#957,#958,#807,.T.);
#1202=EDGE_CURVE('',#958,#890,#808,.T.);
#1203=EDGE_CURVE('',#959,#959,#62,.T.);
#1204=EDGE_CURVE('',#959,#953,#437,.T.);
#1205=EDGE_CURVE('',#945,#954,#438,.T.);
#1206=EDGE_CURVE('',#960,#961,#809,.T.);
#1207=EDGE_CURVE('',#961,#962,#810,.T.);
#1208=EDGE_CURVE('',#963,#962,#811,.F.);
#1209=EDGE_CURVE('',#963,#960,#812,.T.);
#1210=EDGE_CURVE('',#874,#964,#439,.T.);
#1211=EDGE_CURVE('',#965,#964,#813,.T.);
#1212=EDGE_CURVE('',#965,#960,#814,.T.);
#1213=EDGE_CURVE('',#963,#966,#815,.T.);
#1214=EDGE_CURVE('',#966,#967,#816,.T.);
#1215=EDGE_CURVE('',#967,#968,#817,.T.);
#1216=EDGE_CURVE('',#969,#968,#818,.T.);
#1217=EDGE_CURVE('',#969,#875,#819,.T.);
#1218=EDGE_CURVE('',#970,#962,#63,.T.);
#1219=EDGE_CURVE('',#970,#971,#440,.T.);
#1220=EDGE_CURVE('',#968,#971,#820,.T.);
#1221=EDGE_CURVE('',#972,#972,#64,.T.);
#1222=EDGE_CURVE('',#961,#973,#65,.T.);
#1223=EDGE_CURVE('',#973,#970,#441,.T.);
#1224=EDGE_CURVE('',#973,#974,#442,.T.);
#1225=EDGE_CURVE('',#971,#974,#821,.T.);
#1226=EDGE_CURVE('',#974,#969,#822,.T.);
#1227=EDGE_CURVE('',#975,#975,#66,.T.);
#1228=EDGE_CURVE('',#975,#972,#443,.T.);
#1229=EDGE_CURVE('',#976,#977,#67,.T.);
#1230=EDGE_CURVE('',#977,#978,#444,.T.);
#1231=EDGE_CURVE('',#978,#979,#68,.T.);
#1232=EDGE_CURVE('',#979,#976,#445,.T.);
#1233=EDGE_CURVE('',#977,#980,#446,.T.);
#1234=EDGE_CURVE('',#980,#981,#447,.T.);
#1235=EDGE_CURVE('',#981,#877,#448,.T.);
#1236=EDGE_CURVE('',#876,#978,#449,.T.);
#1237=EDGE_CURVE('',#982,#965,#450,.T.);
#1238=EDGE_CURVE('',#870,#982,#823,.T.);
#1239=EDGE_CURVE('',#916,#869,#451,.T.);
#1240=EDGE_CURVE('',#983,#929,#452,.T.);
#1241=EDGE_CURVE('',#984,#983,#453,.T.);
#1242=EDGE_CURVE('',#985,#984,#69,.T.);
#1243=EDGE_CURVE('',#985,#979,#454,.T.);
#1244=EDGE_CURVE('',#986,#986,#70,.T.);
#1245=EDGE_CURVE('',#984,#987,#455,.T.);
#1246=EDGE_CURVE('',#987,#988,#71,.T.);
#1247=EDGE_CURVE('',#988,#985,#456,.T.);
#1248=EDGE_CURVE('',#988,#976,#457,.T.);
#1249=EDGE_CURVE('',#987,#989,#458,.T.);
#1250=EDGE_CURVE('',#990,#989,#459,.T.);
#1251=EDGE_CURVE('',#990,#980,#72,.T.);
#1252=EDGE_CURVE('',#991,#991,#73,.T.);
#1253=EDGE_CURVE('',#992,#990,#460,.T.);
#1254=EDGE_CURVE('',#981,#992,#17,.T.);
#1255=EDGE_CURVE('',#989,#983,#461,.T.);
#1256=EDGE_CURVE('',#910,#992,#462,.T.);
#1257=EDGE_CURVE('',#991,#986,#463,.T.);
#1258=EDGE_CURVE('',#993,#994,#464,.T.);
#1259=EDGE_CURVE('',#905,#994,#465,.T.);
#1260=EDGE_CURVE('',#920,#905,#466,.T.);
#1261=EDGE_CURVE('',#919,#995,#467,.T.);
#1262=EDGE_CURVE('',#995,#993,#468,.T.);
#1263=EDGE_CURVE('',#996,#995,#469,.T.);
#1264=EDGE_CURVE('',#918,#996,#470,.T.);
#1265=EDGE_CURVE('',#997,#996,#471,.T.);
#1266=EDGE_CURVE('',#917,#868,#472,.T.);
#1267=EDGE_CURVE('',#872,#997,#473,.T.);
#1268=EDGE_CURVE('',#994,#998,#824,.T.);
#1269=EDGE_CURVE('',#906,#998,#825,.T.);
#1270=EDGE_CURVE('',#858,#999,#474,.T.);
#1271=EDGE_CURVE('',#1000,#999,#475,.T.);
#1272=EDGE_CURVE('',#1001,#1000,#476,.T.);
#1273=EDGE_CURVE('',#859,#1001,#826,.T.);
#1274=EDGE_CURVE('',#852,#1002,#477,.T.);
#1275=EDGE_CURVE('',#999,#1002,#478,.T.);
#1276=EDGE_CURVE('',#1003,#867,#827,.T.);
#1277=EDGE_CURVE('',#1003,#1004,#479,.T.);
#1278=EDGE_CURVE('',#1002,#1004,#480,.T.);
#1279=EDGE_CURVE('',#1001,#1003,#828,.T.);
#1280=EDGE_CURVE('',#1004,#1000,#481,.T.);
#1281=EDGE_CURVE('',#1005,#1006,#482,.T.);
#1282=EDGE_CURVE('',#1006,#1007,#483,.T.);
#1283=EDGE_CURVE('',#1008,#1007,#484,.T.);
#1284=EDGE_CURVE('',#1005,#1008,#485,.T.);
#1285=EDGE_CURVE('',#897,#1005,#486,.T.);
#1286=EDGE_CURVE('',#898,#1008,#487,.T.);
#1287=EDGE_CURVE('',#1007,#899,#829,.T.);
#1288=EDGE_CURVE('',#1006,#1009,#830,.T.);
#1289=EDGE_CURVE('',#895,#1009,#831,.T.);
#1290=EDGE_CURVE('',#1010,#1011,#832,.T.);
#1291=EDGE_CURVE('',#964,#1011,#833,.T.);
#1292=EDGE_CURVE('',#874,#1010,#834,.T.);
#1293=EDGE_CURVE('',#998,#896,#835,.T.);
#1294=EDGE_CURVE('',#1009,#1012,#836,.T.);
#1295=EDGE_CURVE('',#900,#1012,#837,.T.);
#1296=EDGE_CURVE('',#846,#1013,#488,.T.);
#1297=EDGE_CURVE('',#1014,#1013,#838,.T.);
#1298=EDGE_CURVE('',#1014,#871,#839,.T.);
#1299=EDGE_CURVE('',#877,#1015,#489,.T.);
#1300=EDGE_CURVE('',#1015,#1010,#840,.T.);
#1301=EDGE_CURVE('',#913,#1016,#490,.T.);
#1302=EDGE_CURVE('',#1017,#1016,#491,.T.);
#1303=EDGE_CURVE('',#1017,#1018,#492,.T.);
#1304=EDGE_CURVE('',#1018,#1019,#493,.T.);
#1305=EDGE_CURVE('',#1019,#1015,#494,.T.);
#1306=EDGE_CURVE('',#1020,#1018,#495,.T.);
#1307=EDGE_CURVE('',#926,#1017,#496,.T.);
#1308=EDGE_CURVE('',#925,#1021,#497,.T.);
#1309=EDGE_CURVE('',#1021,#1020,#498,.T.);
#1310=EDGE_CURVE('',#1022,#1023,#499,.T.);
#1311=EDGE_CURVE('',#1023,#930,#500,.T.);
#1312=EDGE_CURVE('',#931,#891,#501,.T.);
#1313=EDGE_CURVE('',#1024,#891,#502,.T.);
#1314=EDGE_CURVE('',#1024,#1025,#503,.T.);
#1315=EDGE_CURVE('',#1025,#1020,#504,.T.);
#1316=EDGE_CURVE('',#1022,#1021,#505,.T.);
#1317=EDGE_CURVE('',#958,#1024,#841,.T.);
#1318=EDGE_CURVE('',#1012,#957,#506,.T.);
#1319=EDGE_CURVE('',#1025,#993,#507,.T.);
#1320=EDGE_CURVE('',#1019,#997,#508,.T.);
#1321=EDGE_CURVE('',#1011,#1014,#509,.T.);
#1322=EDGE_CURVE('',#1026,#1027,#510,.T.);
#1323=EDGE_CURVE('',#924,#1027,#511,.T.);
#1324=EDGE_CURVE('',#933,#1026,#512,.T.);
#1325=EDGE_CURVE('',#1023,#932,#513,.T.);
#1326=EDGE_CURVE('',#1022,#1028,#18,.F.);
#1327=EDGE_CURVE('',#1028,#1029,#514,.T.);
#1328=EDGE_CURVE('',#1030,#1029,#19,.T.);
#1329=EDGE_CURVE('',#1026,#1030,#515,.T.);
#1330=EDGE_CURVE('',#1031,#1028,#516,.T.);
#1331=EDGE_CURVE('',#1031,#1032,#517,.T.);
#1332=EDGE_CURVE('',#1029,#1032,#518,.T.);
#1333=EDGE_CURVE('',#1027,#1033,#519,.T.);
#1334=EDGE_CURVE('',#1032,#1033,#20,.T.);
#1335=EDGE_CURVE('',#1031,#1021,#21,.F.);
#1336=EDGE_CURVE('',#1034,#1035,#520,.T.);
#1337=EDGE_CURVE('',#1034,#1036,#521,.T.);
#1338=EDGE_CURVE('',#1037,#1036,#522,.T.);
#1339=EDGE_CURVE('',#1038,#1037,#523,.T.);
#1340=EDGE_CURVE('',#1035,#1038,#524,.T.);
#1341=EDGE_CURVE('',#908,#1039,#525,.T.);
#1342=EDGE_CURVE('',#1039,#1040,#526,.T.);
#1343=EDGE_CURVE('',#1040,#1036,#22,.F.);
#1344=EDGE_CURVE('',#1016,#1034,#23,.T.);
#1345=EDGE_CURVE('',#1035,#1017,#24,.T.);
#1346=EDGE_CURVE('',#1041,#1038,#527,.T.);
#1347=EDGE_CURVE('',#927,#1041,#528,.T.);
#1348=EDGE_CURVE('',#1039,#1042,#529,.T.);
#1349=EDGE_CURVE('',#1042,#1043,#530,.T.);
#1350=EDGE_CURVE('',#1043,#1040,#531,.T.);
#1351=EDGE_CURVE('',#1044,#1045,#532,.T.);
#1352=EDGE_CURVE('',#1045,#1046,#533,.T.);
#1353=EDGE_CURVE('',#1046,#1047,#534,.T.);
#1354=EDGE_CURVE('',#1047,#1044,#535,.T.);
#1355=EDGE_CURVE('',#1043,#1047,#536,.T.);
#1356=EDGE_CURVE('',#1048,#1046,#537,.T.);
#1357=EDGE_CURVE('',#1040,#1048,#538,.T.);
#1358=EDGE_CURVE('',#1042,#1044,#539,.T.);
#1359=EDGE_CURVE('',#1045,#1049,#540,.T.);
#1360=EDGE_CURVE('',#1050,#1049,#541,.T.);
#1361=EDGE_CURVE('',#1037,#1050,#542,.T.);
#1362=EDGE_CURVE('',#1037,#1048,#74,.F.);
#1363=EDGE_CURVE('',#1049,#1039,#543,.T.);
#1364=EDGE_CURVE('',#1050,#1041,#544,.T.);
#1365=EDGE_CURVE('',#1033,#1030,#545,.T.);
#1366=EDGE_CURVE('',#1033,#1051,#546,.T.);
#1367=EDGE_CURVE('',#1052,#1051,#547,.T.);
#1368=EDGE_CURVE('',#1030,#1052,#548,.T.);
#1369=EDGE_CURVE('',#1053,#1026,#549,.T.);
#1370=EDGE_CURVE('',#1053,#1052,#550,.T.);
#1371=EDGE_CURVE('',#1054,#1053,#551,.T.);
#1372=EDGE_CURVE('',#1051,#1054,#552,.T.);
#1373=EDGE_CURVE('',#1027,#1054,#553,.T.);
#1374=EDGE_CURVE('',#1013,#982,#842,.T.);
#1375=EDGE_CURVE('',#956,#901,#554,.T.);
#1376=EDGE_CURVE('',#937,#893,#555,.T.);
#1377=EDGE_CURVE('',#903,#921,#556,.T.);
#1378=ORIENTED_EDGE('',*,*,#1055,.F.);
#1379=ORIENTED_EDGE('',*,*,#1056,.T.);
#1380=ORIENTED_EDGE('',*,*,#1057,.F.);
#1381=ORIENTED_EDGE('',*,*,#1058,.F.);
#1382=ORIENTED_EDGE('',*,*,#1059,.F.);
#1383=ORIENTED_EDGE('',*,*,#1060,.F.);
#1384=ORIENTED_EDGE('',*,*,#1061,.F.);
#1385=ORIENTED_EDGE('',*,*,#1056,.F.);
#1386=ORIENTED_EDGE('',*,*,#1062,.F.);
#1387=ORIENTED_EDGE('',*,*,#1063,.F.);
#1388=ORIENTED_EDGE('',*,*,#1064,.F.);
#1389=ORIENTED_EDGE('',*,*,#1065,.F.);
#1390=ORIENTED_EDGE('',*,*,#1066,.F.);
#1391=ORIENTED_EDGE('',*,*,#1067,.F.);
#1392=ORIENTED_EDGE('',*,*,#1068,.F.);
#1393=ORIENTED_EDGE('',*,*,#1069,.F.);
#1394=ORIENTED_EDGE('',*,*,#1070,.F.);
#1395=ORIENTED_EDGE('',*,*,#1065,.T.);
#1396=ORIENTED_EDGE('',*,*,#1071,.F.);
#1397=ORIENTED_EDGE('',*,*,#1072,.F.);
#1398=ORIENTED_EDGE('',*,*,#1073,.F.);
#1399=ORIENTED_EDGE('',*,*,#1074,.F.);
#1400=ORIENTED_EDGE('',*,*,#1075,.F.);
#1401=ORIENTED_EDGE('',*,*,#1076,.F.);
#1402=ORIENTED_EDGE('',*,*,#1077,.F.);
#1403=ORIENTED_EDGE('',*,*,#1078,.F.);
#1404=ORIENTED_EDGE('',*,*,#1079,.F.);
#1405=ORIENTED_EDGE('',*,*,#1080,.F.);
#1406=ORIENTED_EDGE('',*,*,#1081,.F.);
#1407=ORIENTED_EDGE('',*,*,#1059,.T.);
#1408=ORIENTED_EDGE('',*,*,#1082,.F.);
#1409=ORIENTED_EDGE('',*,*,#1079,.T.);
#1410=ORIENTED_EDGE('',*,*,#1083,.T.);
#1411=ORIENTED_EDGE('',*,*,#1060,.T.);
#1412=ORIENTED_EDGE('',*,*,#1083,.F.);
#1413=ORIENTED_EDGE('',*,*,#1078,.T.);
#1414=ORIENTED_EDGE('',*,*,#1084,.F.);
#1415=ORIENTED_EDGE('',*,*,#1085,.T.);
#1416=ORIENTED_EDGE('',*,*,#1086,.T.);
#1417=ORIENTED_EDGE('',*,*,#1087,.F.);
#1418=ORIENTED_EDGE('',*,*,#1077,.T.);
#1419=ORIENTED_EDGE('',*,*,#1088,.F.);
#1420=ORIENTED_EDGE('',*,*,#1089,.T.);
#1421=ORIENTED_EDGE('',*,*,#1090,.T.);
#1422=ORIENTED_EDGE('',*,*,#1084,.T.);
#1423=ORIENTED_EDGE('',*,*,#1075,.T.);
#1424=ORIENTED_EDGE('',*,*,#1091,.F.);
#1425=ORIENTED_EDGE('',*,*,#1092,.F.);
#1426=ORIENTED_EDGE('',*,*,#1074,.T.);
#1427=ORIENTED_EDGE('',*,*,#1093,.F.);
#1428=ORIENTED_EDGE('',*,*,#1091,.T.);
#1429=ORIENTED_EDGE('',*,*,#1069,.T.);
#1430=ORIENTED_EDGE('',*,*,#1094,.T.);
#1431=ORIENTED_EDGE('',*,*,#1095,.F.);
#1432=ORIENTED_EDGE('',*,*,#1063,.T.);
#1433=ORIENTED_EDGE('',*,*,#1096,.F.);
#1434=ORIENTED_EDGE('',*,*,#1097,.T.);
#1435=ORIENTED_EDGE('',*,*,#1098,.T.);
#1436=ORIENTED_EDGE('',*,*,#1099,.T.);
#1437=ORIENTED_EDGE('',*,*,#1067,.T.);
#1438=ORIENTED_EDGE('',*,*,#1100,.F.);
#1439=ORIENTED_EDGE('',*,*,#1101,.F.);
#1440=ORIENTED_EDGE('',*,*,#1102,.F.);
#1441=ORIENTED_EDGE('',*,*,#1103,.T.);
#1442=ORIENTED_EDGE('',*,*,#1104,.F.);
#1443=ORIENTED_EDGE('',*,*,#1105,.F.);
#1444=ORIENTED_EDGE('',*,*,#1106,.F.);
#1445=ORIENTED_EDGE('',*,*,#1107,.F.);
#1446=ORIENTED_EDGE('',*,*,#1108,.F.);
#1447=ORIENTED_EDGE('',*,*,#1109,.F.);
#1448=ORIENTED_EDGE('',*,*,#1103,.F.);
#1449=ORIENTED_EDGE('',*,*,#1110,.F.);
#1450=ORIENTED_EDGE('',*,*,#1111,.F.);
#1451=ORIENTED_EDGE('',*,*,#1112,.F.);
#1452=ORIENTED_EDGE('',*,*,#1113,.F.);
#1453=ORIENTED_EDGE('',*,*,#1111,.T.);
#1454=ORIENTED_EDGE('',*,*,#1114,.F.);
#1455=ORIENTED_EDGE('',*,*,#1115,.F.);
#1456=ORIENTED_EDGE('',*,*,#1116,.T.);
#1457=ORIENTED_EDGE('',*,*,#1117,.T.);
#1458=ORIENTED_EDGE('',*,*,#1118,.T.);
#1459=ORIENTED_EDGE('',*,*,#1119,.F.);
#1460=ORIENTED_EDGE('',*,*,#1113,.T.);
#1461=ORIENTED_EDGE('',*,*,#1120,.F.);
#1462=ORIENTED_EDGE('',*,*,#1121,.F.);
#1463=ORIENTED_EDGE('',*,*,#1122,.T.);
#1464=ORIENTED_EDGE('',*,*,#1123,.T.);
#1465=ORIENTED_EDGE('',*,*,#1124,.F.);
#1466=ORIENTED_EDGE('',*,*,#1125,.F.);
#1467=ORIENTED_EDGE('',*,*,#1109,.T.);
#1468=ORIENTED_EDGE('',*,*,#1126,.T.);
#1469=ORIENTED_EDGE('',*,*,#1127,.F.);
#1470=ORIENTED_EDGE('',*,*,#1128,.T.);
#1471=ORIENTED_EDGE('',*,*,#1129,.T.);
#1472=ORIENTED_EDGE('',*,*,#1104,.T.);
#1473=ORIENTED_EDGE('',*,*,#1107,.T.);
#1474=ORIENTED_EDGE('',*,*,#1130,.T.);
#1475=ORIENTED_EDGE('',*,*,#1105,.T.);
#1476=ORIENTED_EDGE('',*,*,#1129,.F.);
#1477=ORIENTED_EDGE('',*,*,#1131,.T.);
#1478=ORIENTED_EDGE('',*,*,#1132,.T.);
#1479=ORIENTED_EDGE('',*,*,#1133,.T.);
#1480=ORIENTED_EDGE('',*,*,#1134,.T.);
#1481=ORIENTED_EDGE('',*,*,#1135,.F.);
#1482=ORIENTED_EDGE('',*,*,#1136,.F.);
#1483=ORIENTED_EDGE('',*,*,#1137,.T.);
#1484=ORIENTED_EDGE('',*,*,#1138,.T.);
#1485=ORIENTED_EDGE('',*,*,#1139,.F.);
#1486=ORIENTED_EDGE('',*,*,#1140,.T.);
#1487=ORIENTED_EDGE('',*,*,#1141,.T.);
#1488=ORIENTED_EDGE('',*,*,#1137,.F.);
#1489=ORIENTED_EDGE('',*,*,#1142,.T.);
#1490=ORIENTED_EDGE('',*,*,#1143,.F.);
#1491=ORIENTED_EDGE('',*,*,#1144,.T.);
#1492=ORIENTED_EDGE('',*,*,#1145,.T.);
#1493=ORIENTED_EDGE('',*,*,#1146,.F.);
#1494=ORIENTED_EDGE('',*,*,#1147,.F.);
#1495=ORIENTED_EDGE('',*,*,#1148,.F.);
#1496=ORIENTED_EDGE('',*,*,#1149,.F.);
#1497=ORIENTED_EDGE('',*,*,#1150,.F.);
#1498=ORIENTED_EDGE('',*,*,#1151,.T.);
#1499=ORIENTED_EDGE('',*,*,#1152,.T.);
#1500=ORIENTED_EDGE('',*,*,#1153,.T.);
#1501=ORIENTED_EDGE('',*,*,#1154,.T.);
#1502=ORIENTED_EDGE('',*,*,#1155,.F.);
#1503=ORIENTED_EDGE('',*,*,#1156,.T.);
#1504=ORIENTED_EDGE('',*,*,#1157,.T.);
#1505=ORIENTED_EDGE('',*,*,#1158,.T.);
#1506=ORIENTED_EDGE('',*,*,#1159,.F.);
#1507=ORIENTED_EDGE('',*,*,#1144,.F.);
#1508=ORIENTED_EDGE('',*,*,#1160,.T.);
#1509=ORIENTED_EDGE('',*,*,#1141,.F.);
#1510=ORIENTED_EDGE('',*,*,#1161,.F.);
#1511=ORIENTED_EDGE('',*,*,#1158,.F.);
#1512=ORIENTED_EDGE('',*,*,#1140,.F.);
#1513=ORIENTED_EDGE('',*,*,#1162,.F.);
#1514=ORIENTED_EDGE('',*,*,#1163,.F.);
#1515=ORIENTED_EDGE('',*,*,#1164,.T.);
#1516=ORIENTED_EDGE('',*,*,#1165,.F.);
#1517=ORIENTED_EDGE('',*,*,#1166,.F.);
#1518=ORIENTED_EDGE('',*,*,#1167,.F.);
#1519=ORIENTED_EDGE('',*,*,#1168,.T.);
#1520=ORIENTED_EDGE('',*,*,#1152,.F.);
#1521=ORIENTED_EDGE('',*,*,#1169,.T.);
#1522=ORIENTED_EDGE('',*,*,#1170,.F.);
#1523=ORIENTED_EDGE('',*,*,#1166,.T.);
#1524=ORIENTED_EDGE('',*,*,#1171,.F.);
#1525=ORIENTED_EDGE('',*,*,#1172,.T.);
#1526=ORIENTED_EDGE('',*,*,#1173,.T.);
#1527=ORIENTED_EDGE('',*,*,#1167,.T.);
#1528=ORIENTED_EDGE('',*,*,#1170,.T.);
#1529=ORIENTED_EDGE('',*,*,#1174,.T.);
#1530=ORIENTED_EDGE('',*,*,#1175,.T.);
#1531=ORIENTED_EDGE('',*,*,#1176,.T.);
#1532=ORIENTED_EDGE('',*,*,#1177,.T.);
#1533=ORIENTED_EDGE('',*,*,#1175,.F.);
#1534=ORIENTED_EDGE('',*,*,#1178,.F.);
#1535=ORIENTED_EDGE('',*,*,#1179,.F.);
#1536=ORIENTED_EDGE('',*,*,#1180,.T.);
#1537=ORIENTED_EDGE('',*,*,#1181,.T.);
#1538=ORIENTED_EDGE('',*,*,#1182,.T.);
#1539=ORIENTED_EDGE('',*,*,#1183,.F.);
#1540=ORIENTED_EDGE('',*,*,#1184,.T.);
#1541=ORIENTED_EDGE('',*,*,#1185,.F.);
#1542=ORIENTED_EDGE('',*,*,#1186,.T.);
#1543=ORIENTED_EDGE('',*,*,#1187,.F.);
#1544=ORIENTED_EDGE('',*,*,#1188,.F.);
#1545=ORIENTED_EDGE('',*,*,#1178,.T.);
#1546=ORIENTED_EDGE('',*,*,#1174,.F.);
#1547=ORIENTED_EDGE('',*,*,#1189,.F.);
#1548=ORIENTED_EDGE('',*,*,#1190,.F.);
#1549=ORIENTED_EDGE('',*,*,#1191,.F.);
#1550=ORIENTED_EDGE('',*,*,#1192,.F.);
#1551=ORIENTED_EDGE('',*,*,#1186,.F.);
#1552=ORIENTED_EDGE('',*,*,#1193,.T.);
#1553=ORIENTED_EDGE('',*,*,#1194,.T.);
#1554=ORIENTED_EDGE('',*,*,#1179,.T.);
#1555=ORIENTED_EDGE('',*,*,#1188,.T.);
#1556=ORIENTED_EDGE('',*,*,#1185,.T.);
#1557=ORIENTED_EDGE('',*,*,#1183,.T.);
#1558=ORIENTED_EDGE('',*,*,#1195,.T.);
#1559=ORIENTED_EDGE('',*,*,#1184,.F.);
#1560=ORIENTED_EDGE('',*,*,#1187,.T.);
#1561=ORIENTED_EDGE('',*,*,#1192,.T.);
#1562=ORIENTED_EDGE('',*,*,#1196,.T.);
#1563=ORIENTED_EDGE('',*,*,#1197,.T.);
#1564=ORIENTED_EDGE('',*,*,#1102,.T.);
#1565=ORIENTED_EDGE('',*,*,#1119,.T.);
#1566=ORIENTED_EDGE('',*,*,#1198,.T.);
#1567=ORIENTED_EDGE('',*,*,#1196,.F.);
#1568=ORIENTED_EDGE('',*,*,#1191,.T.);
#1569=ORIENTED_EDGE('',*,*,#1190,.T.);
#1570=ORIENTED_EDGE('',*,*,#1189,.T.);
#1571=ORIENTED_EDGE('',*,*,#1177,.F.);
#1572=ORIENTED_EDGE('',*,*,#1199,.T.);
#1573=ORIENTED_EDGE('',*,*,#1200,.F.);
#1574=ORIENTED_EDGE('',*,*,#1201,.T.);
#1575=ORIENTED_EDGE('',*,*,#1202,.T.);
#1576=ORIENTED_EDGE('',*,*,#1114,.T.);
#1577=ORIENTED_EDGE('',*,*,#1110,.T.);
#1578=ORIENTED_EDGE('',*,*,#1203,.F.);
#1579=ORIENTED_EDGE('',*,*,#1204,.T.);
#1580=ORIENTED_EDGE('',*,*,#1193,.F.);
#1581=ORIENTED_EDGE('',*,*,#1204,.F.);
#1582=ORIENTED_EDGE('',*,*,#1182,.F.);
#1583=ORIENTED_EDGE('',*,*,#1205,.T.);
#1584=ORIENTED_EDGE('',*,*,#1195,.F.);
#1585=ORIENTED_EDGE('',*,*,#1206,.T.);
#1586=ORIENTED_EDGE('',*,*,#1207,.T.);
#1587=ORIENTED_EDGE('',*,*,#1208,.F.);
#1588=ORIENTED_EDGE('',*,*,#1209,.T.);
#1589=ORIENTED_EDGE('',*,*,#1055,.T.);
#1590=ORIENTED_EDGE('',*,*,#1101,.T.);
#1591=ORIENTED_EDGE('',*,*,#1100,.T.);
#1592=ORIENTED_EDGE('',*,*,#1066,.T.);
#1593=ORIENTED_EDGE('',*,*,#1070,.T.);
#1594=ORIENTED_EDGE('',*,*,#1095,.T.);
#1595=ORIENTED_EDGE('',*,*,#1210,.T.);
#1596=ORIENTED_EDGE('',*,*,#1211,.F.);
#1597=ORIENTED_EDGE('',*,*,#1212,.T.);
#1598=ORIENTED_EDGE('',*,*,#1209,.F.);
#1599=ORIENTED_EDGE('',*,*,#1213,.T.);
#1600=ORIENTED_EDGE('',*,*,#1214,.T.);
#1601=ORIENTED_EDGE('',*,*,#1215,.T.);
#1602=ORIENTED_EDGE('',*,*,#1216,.F.);
#1603=ORIENTED_EDGE('',*,*,#1217,.T.);
#1604=ORIENTED_EDGE('',*,*,#1096,.T.);
#1605=ORIENTED_EDGE('',*,*,#1062,.T.);
#1606=ORIENTED_EDGE('',*,*,#1218,.F.);
#1607=ORIENTED_EDGE('',*,*,#1219,.T.);
#1608=ORIENTED_EDGE('',*,*,#1220,.F.);
#1609=ORIENTED_EDGE('',*,*,#1215,.F.);
#1610=ORIENTED_EDGE('',*,*,#1214,.F.);
#1611=ORIENTED_EDGE('',*,*,#1213,.F.);
#1612=ORIENTED_EDGE('',*,*,#1208,.T.);
#1613=ORIENTED_EDGE('',*,*,#1221,.T.);
#1614=ORIENTED_EDGE('',*,*,#1207,.F.);
#1615=ORIENTED_EDGE('',*,*,#1222,.T.);
#1616=ORIENTED_EDGE('',*,*,#1223,.T.);
#1617=ORIENTED_EDGE('',*,*,#1218,.T.);
#1618=ORIENTED_EDGE('',*,*,#1223,.F.);
#1619=ORIENTED_EDGE('',*,*,#1224,.T.);
#1620=ORIENTED_EDGE('',*,*,#1225,.F.);
#1621=ORIENTED_EDGE('',*,*,#1219,.F.);
#1622=ORIENTED_EDGE('',*,*,#1220,.T.);
#1623=ORIENTED_EDGE('',*,*,#1225,.T.);
#1624=ORIENTED_EDGE('',*,*,#1226,.T.);
#1625=ORIENTED_EDGE('',*,*,#1216,.T.);
#1626=ORIENTED_EDGE('',*,*,#1227,.F.);
#1627=ORIENTED_EDGE('',*,*,#1228,.T.);
#1628=ORIENTED_EDGE('',*,*,#1221,.F.);
#1629=ORIENTED_EDGE('',*,*,#1228,.F.);
#1630=ORIENTED_EDGE('',*,*,#1229,.T.);
#1631=ORIENTED_EDGE('',*,*,#1230,.T.);
#1632=ORIENTED_EDGE('',*,*,#1231,.T.);
#1633=ORIENTED_EDGE('',*,*,#1232,.T.);
#1634=ORIENTED_EDGE('',*,*,#1230,.F.);
#1635=ORIENTED_EDGE('',*,*,#1233,.T.);
#1636=ORIENTED_EDGE('',*,*,#1234,.T.);
#1637=ORIENTED_EDGE('',*,*,#1235,.T.);
#1638=ORIENTED_EDGE('',*,*,#1098,.F.);
#1639=ORIENTED_EDGE('',*,*,#1236,.T.);
#1640=ORIENTED_EDGE('',*,*,#1212,.F.);
#1641=ORIENTED_EDGE('',*,*,#1237,.F.);
#1642=ORIENTED_EDGE('',*,*,#1238,.F.);
#1643=ORIENTED_EDGE('',*,*,#1086,.F.);
#1644=ORIENTED_EDGE('',*,*,#1239,.F.);
#1645=ORIENTED_EDGE('',*,*,#1145,.F.);
#1646=ORIENTED_EDGE('',*,*,#1159,.T.);
#1647=ORIENTED_EDGE('',*,*,#1161,.T.);
#1648=ORIENTED_EDGE('',*,*,#1240,.F.);
#1649=ORIENTED_EDGE('',*,*,#1241,.F.);
#1650=ORIENTED_EDGE('',*,*,#1242,.F.);
#1651=ORIENTED_EDGE('',*,*,#1243,.T.);
#1652=ORIENTED_EDGE('',*,*,#1231,.F.);
#1653=ORIENTED_EDGE('',*,*,#1236,.F.);
#1654=ORIENTED_EDGE('',*,*,#1097,.F.);
#1655=ORIENTED_EDGE('',*,*,#1217,.F.);
#1656=ORIENTED_EDGE('',*,*,#1226,.F.);
#1657=ORIENTED_EDGE('',*,*,#1224,.F.);
#1658=ORIENTED_EDGE('',*,*,#1222,.F.);
#1659=ORIENTED_EDGE('',*,*,#1206,.F.);
#1660=ORIENTED_EDGE('',*,*,#1227,.T.);
#1661=ORIENTED_EDGE('',*,*,#1244,.T.);
#1662=ORIENTED_EDGE('',*,*,#1242,.T.);
#1663=ORIENTED_EDGE('',*,*,#1245,.T.);
#1664=ORIENTED_EDGE('',*,*,#1246,.T.);
#1665=ORIENTED_EDGE('',*,*,#1247,.T.);
#1666=ORIENTED_EDGE('',*,*,#1232,.F.);
#1667=ORIENTED_EDGE('',*,*,#1243,.F.);
#1668=ORIENTED_EDGE('',*,*,#1247,.F.);
#1669=ORIENTED_EDGE('',*,*,#1248,.T.);
#1670=ORIENTED_EDGE('',*,*,#1246,.F.);
#1671=ORIENTED_EDGE('',*,*,#1249,.T.);
#1672=ORIENTED_EDGE('',*,*,#1250,.F.);
#1673=ORIENTED_EDGE('',*,*,#1251,.T.);
#1674=ORIENTED_EDGE('',*,*,#1233,.F.);
#1675=ORIENTED_EDGE('',*,*,#1229,.F.);
#1676=ORIENTED_EDGE('',*,*,#1248,.F.);
#1677=ORIENTED_EDGE('',*,*,#1252,.T.);
#1678=ORIENTED_EDGE('',*,*,#1253,.F.);
#1679=ORIENTED_EDGE('',*,*,#1254,.F.);
#1680=ORIENTED_EDGE('',*,*,#1234,.F.);
#1681=ORIENTED_EDGE('',*,*,#1251,.F.);
#1682=ORIENTED_EDGE('',*,*,#1253,.T.);
#1683=ORIENTED_EDGE('',*,*,#1250,.T.);
#1684=ORIENTED_EDGE('',*,*,#1255,.T.);
#1685=ORIENTED_EDGE('',*,*,#1240,.T.);
#1686=ORIENTED_EDGE('',*,*,#1162,.T.);
#1687=ORIENTED_EDGE('',*,*,#1139,.T.);
#1688=ORIENTED_EDGE('',*,*,#1256,.T.);
#1689=ORIENTED_EDGE('',*,*,#1252,.F.);
#1690=ORIENTED_EDGE('',*,*,#1257,.T.);
#1691=ORIENTED_EDGE('',*,*,#1244,.F.);
#1692=ORIENTED_EDGE('',*,*,#1257,.F.);
#1693=ORIENTED_EDGE('',*,*,#1245,.F.);
#1694=ORIENTED_EDGE('',*,*,#1241,.T.);
#1695=ORIENTED_EDGE('',*,*,#1255,.F.);
#1696=ORIENTED_EDGE('',*,*,#1249,.F.);
#1697=ORIENTED_EDGE('',*,*,#1258,.T.);
#1698=ORIENTED_EDGE('',*,*,#1259,.F.);
#1699=ORIENTED_EDGE('',*,*,#1260,.F.);
#1700=ORIENTED_EDGE('',*,*,#1149,.T.);
#1701=ORIENTED_EDGE('',*,*,#1261,.T.);
#1702=ORIENTED_EDGE('',*,*,#1262,.T.);
#1703=ORIENTED_EDGE('',*,*,#1263,.T.);
#1704=ORIENTED_EDGE('',*,*,#1261,.F.);
#1705=ORIENTED_EDGE('',*,*,#1148,.T.);
#1706=ORIENTED_EDGE('',*,*,#1264,.T.);
#1707=ORIENTED_EDGE('',*,*,#1265,.T.);
#1708=ORIENTED_EDGE('',*,*,#1264,.F.);
#1709=ORIENTED_EDGE('',*,*,#1147,.T.);
#1710=ORIENTED_EDGE('',*,*,#1266,.T.);
#1711=ORIENTED_EDGE('',*,*,#1090,.F.);
#1712=ORIENTED_EDGE('',*,*,#1267,.T.);
#1713=ORIENTED_EDGE('',*,*,#1268,.T.);
#1714=ORIENTED_EDGE('',*,*,#1269,.F.);
#1715=ORIENTED_EDGE('',*,*,#1134,.F.);
#1716=ORIENTED_EDGE('',*,*,#1259,.T.);
#1717=ORIENTED_EDGE('',*,*,#1072,.T.);
#1718=ORIENTED_EDGE('',*,*,#1270,.T.);
#1719=ORIENTED_EDGE('',*,*,#1271,.F.);
#1720=ORIENTED_EDGE('',*,*,#1272,.F.);
#1721=ORIENTED_EDGE('',*,*,#1273,.F.);
#1722=ORIENTED_EDGE('',*,*,#1064,.T.);
#1723=ORIENTED_EDGE('',*,*,#1274,.T.);
#1724=ORIENTED_EDGE('',*,*,#1275,.F.);
#1725=ORIENTED_EDGE('',*,*,#1270,.F.);
#1726=ORIENTED_EDGE('',*,*,#1071,.T.);
#1727=ORIENTED_EDGE('',*,*,#1081,.T.);
#1728=ORIENTED_EDGE('',*,*,#1276,.F.);
#1729=ORIENTED_EDGE('',*,*,#1277,.T.);
#1730=ORIENTED_EDGE('',*,*,#1278,.F.);
#1731=ORIENTED_EDGE('',*,*,#1274,.F.);
#1732=ORIENTED_EDGE('',*,*,#1279,.F.);
#1733=ORIENTED_EDGE('',*,*,#1272,.T.);
#1734=ORIENTED_EDGE('',*,*,#1280,.F.);
#1735=ORIENTED_EDGE('',*,*,#1277,.F.);
#1736=ORIENTED_EDGE('',*,*,#1281,.T.);
#1737=ORIENTED_EDGE('',*,*,#1282,.T.);
#1738=ORIENTED_EDGE('',*,*,#1283,.F.);
#1739=ORIENTED_EDGE('',*,*,#1284,.F.);
#1740=ORIENTED_EDGE('',*,*,#1285,.T.);
#1741=ORIENTED_EDGE('',*,*,#1284,.T.);
#1742=ORIENTED_EDGE('',*,*,#1286,.F.);
#1743=ORIENTED_EDGE('',*,*,#1123,.F.);
#1744=ORIENTED_EDGE('',*,*,#1112,.T.);
#1745=ORIENTED_EDGE('',*,*,#1125,.T.);
#1746=ORIENTED_EDGE('',*,*,#1287,.F.);
#1747=ORIENTED_EDGE('',*,*,#1282,.F.);
#1748=ORIENTED_EDGE('',*,*,#1288,.T.);
#1749=ORIENTED_EDGE('',*,*,#1289,.F.);
#1750=ORIENTED_EDGE('',*,*,#1120,.T.);
#1751=ORIENTED_EDGE('',*,*,#1290,.T.);
#1752=ORIENTED_EDGE('',*,*,#1291,.F.);
#1753=ORIENTED_EDGE('',*,*,#1210,.F.);
#1754=ORIENTED_EDGE('',*,*,#1292,.T.);
#1755=ORIENTED_EDGE('',*,*,#1108,.T.);
#1756=ORIENTED_EDGE('',*,*,#1130,.F.);
#1757=ORIENTED_EDGE('',*,*,#1106,.T.);
#1758=ORIENTED_EDGE('',*,*,#1135,.T.);
#1759=ORIENTED_EDGE('',*,*,#1269,.T.);
#1760=ORIENTED_EDGE('',*,*,#1293,.T.);
#1761=ORIENTED_EDGE('',*,*,#1121,.T.);
#1762=ORIENTED_EDGE('',*,*,#1289,.T.);
#1763=ORIENTED_EDGE('',*,*,#1294,.T.);
#1764=ORIENTED_EDGE('',*,*,#1295,.F.);
#1765=ORIENTED_EDGE('',*,*,#1126,.F.);
#1766=ORIENTED_EDGE('',*,*,#1058,.T.);
#1767=ORIENTED_EDGE('',*,*,#1296,.T.);
#1768=ORIENTED_EDGE('',*,*,#1297,.F.);
#1769=ORIENTED_EDGE('',*,*,#1298,.T.);
#1770=ORIENTED_EDGE('',*,*,#1088,.T.);
#1771=ORIENTED_EDGE('',*,*,#1076,.T.);
#1772=ORIENTED_EDGE('',*,*,#1092,.T.);
#1773=ORIENTED_EDGE('',*,*,#1093,.T.);
#1774=ORIENTED_EDGE('',*,*,#1073,.T.);
#1775=ORIENTED_EDGE('',*,*,#1273,.T.);
#1776=ORIENTED_EDGE('',*,*,#1279,.T.);
#1777=ORIENTED_EDGE('',*,*,#1276,.T.);
#1778=ORIENTED_EDGE('',*,*,#1080,.T.);
#1779=ORIENTED_EDGE('',*,*,#1082,.T.);
#1780=ORIENTED_EDGE('',*,*,#1068,.T.);
#1781=ORIENTED_EDGE('',*,*,#1099,.F.);
#1782=ORIENTED_EDGE('',*,*,#1299,.T.);
#1783=ORIENTED_EDGE('',*,*,#1300,.T.);
#1784=ORIENTED_EDGE('',*,*,#1292,.F.);
#1785=ORIENTED_EDGE('',*,*,#1094,.F.);
#1786=ORIENTED_EDGE('',*,*,#1254,.T.);
#1787=ORIENTED_EDGE('',*,*,#1256,.F.);
#1788=ORIENTED_EDGE('',*,*,#1138,.F.);
#1789=ORIENTED_EDGE('',*,*,#1143,.T.);
#1790=ORIENTED_EDGE('',*,*,#1301,.T.);
#1791=ORIENTED_EDGE('',*,*,#1302,.F.);
#1792=ORIENTED_EDGE('',*,*,#1303,.T.);
#1793=ORIENTED_EDGE('',*,*,#1304,.T.);
#1794=ORIENTED_EDGE('',*,*,#1305,.T.);
#1795=ORIENTED_EDGE('',*,*,#1299,.F.);
#1796=ORIENTED_EDGE('',*,*,#1235,.F.);
#1797=ORIENTED_EDGE('',*,*,#1306,.T.);
#1798=ORIENTED_EDGE('',*,*,#1303,.F.);
#1799=ORIENTED_EDGE('',*,*,#1307,.F.);
#1800=ORIENTED_EDGE('',*,*,#1155,.T.);
#1801=ORIENTED_EDGE('',*,*,#1308,.T.);
#1802=ORIENTED_EDGE('',*,*,#1309,.T.);
#1803=ORIENTED_EDGE('',*,*,#1310,.T.);
#1804=ORIENTED_EDGE('',*,*,#1311,.T.);
#1805=ORIENTED_EDGE('',*,*,#1163,.T.);
#1806=ORIENTED_EDGE('',*,*,#1312,.T.);
#1807=ORIENTED_EDGE('',*,*,#1313,.F.);
#1808=ORIENTED_EDGE('',*,*,#1314,.T.);
#1809=ORIENTED_EDGE('',*,*,#1315,.T.);
#1810=ORIENTED_EDGE('',*,*,#1309,.F.);
#1811=ORIENTED_EDGE('',*,*,#1316,.F.);
#1812=ORIENTED_EDGE('',*,*,#1317,.T.);
#1813=ORIENTED_EDGE('',*,*,#1313,.T.);
#1814=ORIENTED_EDGE('',*,*,#1115,.T.);
#1815=ORIENTED_EDGE('',*,*,#1202,.F.);
#1816=ORIENTED_EDGE('',*,*,#1314,.F.);
#1817=ORIENTED_EDGE('',*,*,#1317,.F.);
#1818=ORIENTED_EDGE('',*,*,#1201,.F.);
#1819=ORIENTED_EDGE('',*,*,#1318,.F.);
#1820=ORIENTED_EDGE('',*,*,#1294,.F.);
#1821=ORIENTED_EDGE('',*,*,#1288,.F.);
#1822=ORIENTED_EDGE('',*,*,#1281,.F.);
#1823=ORIENTED_EDGE('',*,*,#1285,.F.);
#1824=ORIENTED_EDGE('',*,*,#1122,.F.);
#1825=ORIENTED_EDGE('',*,*,#1293,.F.);
#1826=ORIENTED_EDGE('',*,*,#1268,.F.);
#1827=ORIENTED_EDGE('',*,*,#1258,.F.);
#1828=ORIENTED_EDGE('',*,*,#1319,.F.);
#1829=ORIENTED_EDGE('',*,*,#1315,.F.);
#1830=ORIENTED_EDGE('',*,*,#1319,.T.);
#1831=ORIENTED_EDGE('',*,*,#1262,.F.);
#1832=ORIENTED_EDGE('',*,*,#1263,.F.);
#1833=ORIENTED_EDGE('',*,*,#1265,.F.);
#1834=ORIENTED_EDGE('',*,*,#1320,.F.);
#1835=ORIENTED_EDGE('',*,*,#1304,.F.);
#1836=ORIENTED_EDGE('',*,*,#1306,.F.);
#1837=ORIENTED_EDGE('',*,*,#1305,.F.);
#1838=ORIENTED_EDGE('',*,*,#1320,.T.);
#1839=ORIENTED_EDGE('',*,*,#1267,.F.);
#1840=ORIENTED_EDGE('',*,*,#1089,.F.);
#1841=ORIENTED_EDGE('',*,*,#1298,.F.);
#1842=ORIENTED_EDGE('',*,*,#1321,.F.);
#1843=ORIENTED_EDGE('',*,*,#1290,.F.);
#1844=ORIENTED_EDGE('',*,*,#1300,.F.);
#1845=ORIENTED_EDGE('',*,*,#1322,.T.);
#1846=ORIENTED_EDGE('',*,*,#1323,.F.);
#1847=ORIENTED_EDGE('',*,*,#1153,.F.);
#1848=ORIENTED_EDGE('',*,*,#1171,.T.);
#1849=ORIENTED_EDGE('',*,*,#1324,.T.);
#1850=ORIENTED_EDGE('',*,*,#1165,.T.);
#1851=ORIENTED_EDGE('',*,*,#1325,.F.);
#1852=ORIENTED_EDGE('',*,*,#1310,.F.);
#1853=ORIENTED_EDGE('',*,*,#1326,.T.);
#1854=ORIENTED_EDGE('',*,*,#1327,.T.);
#1855=ORIENTED_EDGE('',*,*,#1328,.F.);
#1856=ORIENTED_EDGE('',*,*,#1329,.F.);
#1857=ORIENTED_EDGE('',*,*,#1324,.F.);
#1858=ORIENTED_EDGE('',*,*,#1330,.F.);
#1859=ORIENTED_EDGE('',*,*,#1331,.T.);
#1860=ORIENTED_EDGE('',*,*,#1332,.F.);
#1861=ORIENTED_EDGE('',*,*,#1327,.F.);
#1862=ORIENTED_EDGE('',*,*,#1154,.F.);
#1863=ORIENTED_EDGE('',*,*,#1323,.T.);
#1864=ORIENTED_EDGE('',*,*,#1333,.T.);
#1865=ORIENTED_EDGE('',*,*,#1334,.F.);
#1866=ORIENTED_EDGE('',*,*,#1331,.F.);
#1867=ORIENTED_EDGE('',*,*,#1335,.T.);
#1868=ORIENTED_EDGE('',*,*,#1308,.F.);
#1869=ORIENTED_EDGE('',*,*,#1336,.F.);
#1870=ORIENTED_EDGE('',*,*,#1337,.T.);
#1871=ORIENTED_EDGE('',*,*,#1338,.F.);
#1872=ORIENTED_EDGE('',*,*,#1339,.F.);
#1873=ORIENTED_EDGE('',*,*,#1340,.F.);
#1874=ORIENTED_EDGE('',*,*,#1136,.T.);
#1875=ORIENTED_EDGE('',*,*,#1341,.T.);
#1876=ORIENTED_EDGE('',*,*,#1342,.T.);
#1877=ORIENTED_EDGE('',*,*,#1343,.T.);
#1878=ORIENTED_EDGE('',*,*,#1337,.F.);
#1879=ORIENTED_EDGE('',*,*,#1344,.F.);
#1880=ORIENTED_EDGE('',*,*,#1301,.F.);
#1881=ORIENTED_EDGE('',*,*,#1142,.F.);
#1882=ORIENTED_EDGE('',*,*,#1156,.F.);
#1883=ORIENTED_EDGE('',*,*,#1307,.T.);
#1884=ORIENTED_EDGE('',*,*,#1345,.F.);
#1885=ORIENTED_EDGE('',*,*,#1340,.T.);
#1886=ORIENTED_EDGE('',*,*,#1346,.F.);
#1887=ORIENTED_EDGE('',*,*,#1347,.F.);
#1888=ORIENTED_EDGE('',*,*,#1342,.F.);
#1889=ORIENTED_EDGE('',*,*,#1348,.T.);
#1890=ORIENTED_EDGE('',*,*,#1349,.T.);
#1891=ORIENTED_EDGE('',*,*,#1350,.T.);
#1892=ORIENTED_EDGE('',*,*,#1351,.T.);
#1893=ORIENTED_EDGE('',*,*,#1352,.T.);
#1894=ORIENTED_EDGE('',*,*,#1353,.T.);
#1895=ORIENTED_EDGE('',*,*,#1354,.T.);
#1896=ORIENTED_EDGE('',*,*,#1350,.F.);
#1897=ORIENTED_EDGE('',*,*,#1355,.T.);
#1898=ORIENTED_EDGE('',*,*,#1353,.F.);
#1899=ORIENTED_EDGE('',*,*,#1356,.F.);
#1900=ORIENTED_EDGE('',*,*,#1357,.F.);
#1901=ORIENTED_EDGE('',*,*,#1358,.T.);
#1902=ORIENTED_EDGE('',*,*,#1354,.F.);
#1903=ORIENTED_EDGE('',*,*,#1355,.F.);
#1904=ORIENTED_EDGE('',*,*,#1349,.F.);
#1905=ORIENTED_EDGE('',*,*,#1359,.T.);
#1906=ORIENTED_EDGE('',*,*,#1360,.F.);
#1907=ORIENTED_EDGE('',*,*,#1361,.F.);
#1908=ORIENTED_EDGE('',*,*,#1362,.T.);
#1909=ORIENTED_EDGE('',*,*,#1356,.T.);
#1910=ORIENTED_EDGE('',*,*,#1352,.F.);
#1911=ORIENTED_EDGE('',*,*,#1363,.T.);
#1912=ORIENTED_EDGE('',*,*,#1341,.F.);
#1913=ORIENTED_EDGE('',*,*,#1160,.F.);
#1914=ORIENTED_EDGE('',*,*,#1157,.F.);
#1915=ORIENTED_EDGE('',*,*,#1347,.T.);
#1916=ORIENTED_EDGE('',*,*,#1364,.F.);
#1917=ORIENTED_EDGE('',*,*,#1360,.T.);
#1918=ORIENTED_EDGE('',*,*,#1359,.F.);
#1919=ORIENTED_EDGE('',*,*,#1351,.F.);
#1920=ORIENTED_EDGE('',*,*,#1358,.F.);
#1921=ORIENTED_EDGE('',*,*,#1348,.F.);
#1922=ORIENTED_EDGE('',*,*,#1363,.F.);
#1923=ORIENTED_EDGE('',*,*,#1361,.T.);
#1924=ORIENTED_EDGE('',*,*,#1364,.T.);
#1925=ORIENTED_EDGE('',*,*,#1346,.T.);
#1926=ORIENTED_EDGE('',*,*,#1339,.T.);
#1927=ORIENTED_EDGE('',*,*,#1343,.F.);
#1928=ORIENTED_EDGE('',*,*,#1357,.T.);
#1929=ORIENTED_EDGE('',*,*,#1362,.F.);
#1930=ORIENTED_EDGE('',*,*,#1338,.T.);
#1931=ORIENTED_EDGE('',*,*,#1365,.F.);
#1932=ORIENTED_EDGE('',*,*,#1366,.T.);
#1933=ORIENTED_EDGE('',*,*,#1367,.F.);
#1934=ORIENTED_EDGE('',*,*,#1368,.F.);
#1935=ORIENTED_EDGE('',*,*,#1369,.T.);
#1936=ORIENTED_EDGE('',*,*,#1329,.T.);
#1937=ORIENTED_EDGE('',*,*,#1368,.T.);
#1938=ORIENTED_EDGE('',*,*,#1370,.F.);
#1939=ORIENTED_EDGE('',*,*,#1371,.T.);
#1940=ORIENTED_EDGE('',*,*,#1370,.T.);
#1941=ORIENTED_EDGE('',*,*,#1367,.T.);
#1942=ORIENTED_EDGE('',*,*,#1372,.T.);
#1943=ORIENTED_EDGE('',*,*,#1373,.T.);
#1944=ORIENTED_EDGE('',*,*,#1372,.F.);
#1945=ORIENTED_EDGE('',*,*,#1366,.F.);
#1946=ORIENTED_EDGE('',*,*,#1333,.F.);
#1947=ORIENTED_EDGE('',*,*,#1373,.F.);
#1948=ORIENTED_EDGE('',*,*,#1322,.F.);
#1949=ORIENTED_EDGE('',*,*,#1369,.F.);
#1950=ORIENTED_EDGE('',*,*,#1371,.F.);
#1951=ORIENTED_EDGE('',*,*,#1334,.T.);
#1952=ORIENTED_EDGE('',*,*,#1365,.T.);
#1953=ORIENTED_EDGE('',*,*,#1328,.T.);
#1954=ORIENTED_EDGE('',*,*,#1332,.T.);
#1955=ORIENTED_EDGE('',*,*,#1345,.T.);
#1956=ORIENTED_EDGE('',*,*,#1302,.T.);
#1957=ORIENTED_EDGE('',*,*,#1344,.T.);
#1958=ORIENTED_EDGE('',*,*,#1336,.T.);
#1959=ORIENTED_EDGE('',*,*,#1326,.F.);
#1960=ORIENTED_EDGE('',*,*,#1316,.T.);
#1961=ORIENTED_EDGE('',*,*,#1335,.F.);
#1962=ORIENTED_EDGE('',*,*,#1330,.T.);
#1963=ORIENTED_EDGE('',*,*,#1237,.T.);
#1964=ORIENTED_EDGE('',*,*,#1211,.T.);
#1965=ORIENTED_EDGE('',*,*,#1291,.T.);
#1966=ORIENTED_EDGE('',*,*,#1321,.T.);
#1967=ORIENTED_EDGE('',*,*,#1297,.T.);
#1968=ORIENTED_EDGE('',*,*,#1374,.T.);
#1969=ORIENTED_EDGE('',*,*,#1275,.T.);
#1970=ORIENTED_EDGE('',*,*,#1278,.T.);
#1971=ORIENTED_EDGE('',*,*,#1280,.T.);
#1972=ORIENTED_EDGE('',*,*,#1271,.T.);
#1973=ORIENTED_EDGE('',*,*,#1061,.T.);
#1974=ORIENTED_EDGE('',*,*,#1087,.T.);
#1975=ORIENTED_EDGE('',*,*,#1238,.T.);
#1976=ORIENTED_EDGE('',*,*,#1374,.F.);
#1977=ORIENTED_EDGE('',*,*,#1296,.F.);
#1978=ORIENTED_EDGE('',*,*,#1057,.T.);
#1979=ORIENTED_EDGE('',*,*,#1239,.T.);
#1980=ORIENTED_EDGE('',*,*,#1085,.F.);
#1981=ORIENTED_EDGE('',*,*,#1266,.F.);
#1982=ORIENTED_EDGE('',*,*,#1146,.T.);
#1983=ORIENTED_EDGE('',*,*,#1164,.F.);
#1984=ORIENTED_EDGE('',*,*,#1311,.F.);
#1985=ORIENTED_EDGE('',*,*,#1325,.T.);
#1986=ORIENTED_EDGE('',*,*,#1375,.T.);
#1987=ORIENTED_EDGE('',*,*,#1127,.T.);
#1988=ORIENTED_EDGE('',*,*,#1295,.T.);
#1989=ORIENTED_EDGE('',*,*,#1318,.T.);
#1990=ORIENTED_EDGE('',*,*,#1200,.T.);
#1991=ORIENTED_EDGE('',*,*,#1287,.T.);
#1992=ORIENTED_EDGE('',*,*,#1124,.T.);
#1993=ORIENTED_EDGE('',*,*,#1286,.T.);
#1994=ORIENTED_EDGE('',*,*,#1283,.T.);
#1995=ORIENTED_EDGE('',*,*,#1376,.T.);
#1996=ORIENTED_EDGE('',*,*,#1117,.F.);
#1997=ORIENTED_EDGE('',*,*,#1116,.F.);
#1998=ORIENTED_EDGE('',*,*,#1312,.F.);
#1999=ORIENTED_EDGE('',*,*,#1168,.F.);
#2000=ORIENTED_EDGE('',*,*,#1173,.F.);
#2001=ORIENTED_EDGE('',*,*,#1377,.T.);
#2002=ORIENTED_EDGE('',*,*,#1150,.T.);
#2003=ORIENTED_EDGE('',*,*,#1260,.T.);
#2004=ORIENTED_EDGE('',*,*,#1133,.F.);
#2005=ORIENTED_EDGE('',*,*,#1132,.F.);
#2006=ORIENTED_EDGE('',*,*,#1181,.F.);
#2007=ORIENTED_EDGE('',*,*,#1197,.F.);
#2008=ORIENTED_EDGE('',*,*,#1198,.F.);
#2009=ORIENTED_EDGE('',*,*,#1118,.F.);
#2010=ORIENTED_EDGE('',*,*,#1376,.F.);
#2011=ORIENTED_EDGE('',*,*,#1172,.F.);
#2012=ORIENTED_EDGE('',*,*,#1169,.F.);
#2013=ORIENTED_EDGE('',*,*,#1151,.F.);
#2014=ORIENTED_EDGE('',*,*,#1377,.F.);
#2015=ORIENTED_EDGE('',*,*,#1131,.F.);
#2016=ORIENTED_EDGE('',*,*,#1128,.F.);
#2017=ORIENTED_EDGE('',*,*,#1375,.F.);
#2018=ORIENTED_EDGE('',*,*,#1199,.F.);
#2019=ORIENTED_EDGE('',*,*,#1176,.F.);
#2020=ORIENTED_EDGE('',*,*,#1180,.F.);
#2021=ORIENTED_EDGE('',*,*,#1194,.F.);
#2022=ORIENTED_EDGE('',*,*,#1205,.F.);
#2023=ORIENTED_EDGE('',*,*,#1203,.T.);
#2024=(
BOUNDED_SURFACE()
B_SPLINE_SURFACE(5,1,((#2665,#2666),(#2667,#2668),(#2669,#2670),(#2671,
#2672),(#2673,#2674),(#2675,#2676),(#2677,#2678),(#2679,#2680),(#2681,#2682),
(#2683,#2684),(#2685,#2686),(#2687,#2688),(#2689,#2690),(#2691,#2692),(#2693,
#2694),(#2695,#2696),(#2697,#2698),(#2699,#2700),(#2701,#2702),(#2703,#2704),
(#2705,#2706),(#2707,#2708),(#2709,#2710),(#2711,#2712),(#2713,#2714),(#2715,
#2716),(#2717,#2718),(#2719,#2720),(#2721,#2722),(#2723,#2724),(#2725,#2726),
(#2727,#2728),(#2729,#2730),(#2731,#2732),(#2733,#2734),(#2735,#2736),(#2737,
#2738),(#2739,#2740),(#2741,#2742),(#2743,#2744),(#2745,#2746),(#2747,#2748),
(#2749,#2750),(#2751,#2752),(#2753,#2754),(#2755,#2756),(#2757,#2758),(#2759,
#2760),(#2761,#2762),(#2763,#2764),(#2765,#2766),(#2767,#2768),(#2769,#2770),
(#2771,#2772),(#2773,#2774),(#2775,#2776),(#2777,#2778),(#2779,#2780),(#2781,
#2782),(#2783,#2784),(#2785,#2786),(#2787,#2788),(#2789,#2790),(#2791,#2792),
(#2793,#2794),(#2795,#2796),(#2797,#2798),(#2799,#2800),(#2801,#2802),(#2803,
#2804)),.UNSPECIFIED.,.T.,.F.,.F.)
B_SPLINE_SURFACE_WITH_KNOTS((6,1,1,1,1,1,1,1,1,1,1,1,1,1,1,1,1,1,1,1,1,
1,1,1,1,1,1,1,1,1,1,1,1,1,1,1,1,1,1,1,1,1,1,1,1,1,1,1,1,1,1,1,1,1,1,1,1,
1,1,1,1,1,1,1,1,6),(2,2),(0.,0.0153846153846154,0.0307692307692308,0.0461538461538462,
0.0615384615384615,0.0769230769230769,0.0923076923076923,0.107692307692308,
0.123076923076923,0.138461538461538,0.153846153846154,0.169230769230769,
0.184615384615385,0.2,0.215384615384615,0.230769230769231,0.246153846153846,
0.261538461538462,0.276923076923077,0.292307692307692,0.307692307692308,
0.323076923076923,0.338461538461538,0.353846153846154,0.369230769230769,
0.384615384615385,0.4,0.415384615384615,0.430769230769231,0.446153846153846,
0.461538461538462,0.476923076923077,0.492307692307692,0.507692307692308,
0.523076923076923,0.538461538461538,0.553846153846154,0.569230769230769,
0.584615384615384,0.6,0.615384615384615,0.63076923076923,0.646153846153846,
0.661538461538461,0.676923076923076,0.692307692307692,0.707692307692307,
0.723076923076922,0.738461538461538,0.753846153846153,0.769230769230768,
0.784615384615384,0.799999999999999,0.815384615384614,0.83076923076923,
0.846153846153845,0.86153846153846,0.876923076923076,0.892307692307691,
0.907692307692306,0.923076923076922,0.938461538461537,0.953846153846152,
0.969230769230768,0.984615384615383,1.),(0.,1.6),.UNSPECIFIED.)
GEOMETRIC_REPRESENTATION_ITEM()
RATIONAL_B_SPLINE_SURFACE(((1.,1.),(1.,1.),(1.,1.),(1.,1.),(1.,1.),(1.,
1.),(1.,1.),(1.,1.),(1.,1.),(1.,1.),(1.,1.),(1.,1.),(1.,1.),(1.,1.),(1.,
1.),(1.,1.),(1.,1.),(1.,1.),(1.,1.),(1.,1.),(1.,1.),(1.,1.),(1.,1.),(1.,
1.),(1.,1.),(1.,1.),(1.,1.),(1.,1.),(1.,1.),(1.,1.),(1.,1.),(1.,1.),(1.,
1.),(1.,1.),(1.,1.),(1.,1.),(1.,1.),(1.,1.),(1.,1.),(1.,1.),(1.,1.),(1.,
1.),(1.,1.),(1.,1.),(1.,1.),(1.,1.),(1.,1.),(1.,1.),(1.,1.),(1.,1.),(1.,
1.),(1.,1.),(1.,1.),(1.,1.),(1.,1.),(1.,1.),(1.,1.),(1.,1.),(1.,1.),(1.,
1.),(1.,1.),(1.,1.),(1.,1.),(1.,1.),(1.,1.),(1.,1.),(1.,1.),(1.,1.),(1.,
1.),(1.,1.)))
REPRESENTATION_ITEM('')
SURFACE()
);
#2025=(
BOUNDED_SURFACE()
B_SPLINE_SURFACE(5,1,((#2991,#2992),(#2993,#2994),(#2995,#2996),(#2997,
#2998),(#2999,#3000),(#3001,#3002),(#3003,#3004),(#3005,#3006),(#3007,#3008),
(#3009,#3010),(#3011,#3012),(#3013,#3014),(#3015,#3016),(#3017,#3018),(#3019,
#3020),(#3021,#3022),(#3023,#3024),(#3025,#3026),(#3027,#3028),(#3029,#3030),
(#3031,#3032),(#3033,#3034),(#3035,#3036),(#3037,#3038),(#3039,#3040),(#3041,
#3042),(#3043,#3044),(#3045,#3046),(#3047,#3048),(#3049,#3050),(#3051,#3052),
(#3053,#3054),(#3055,#3056),(#3057,#3058),(#3059,#3060),(#3061,#3062),(#3063,
#3064),(#3065,#3066),(#3067,#3068),(#3069,#3070)),.UNSPECIFIED.,.T.,.F.,
 .F.)
B_SPLINE_SURFACE_WITH_KNOTS((6,1,1,1,1,1,1,1,1,1,1,1,1,1,1,1,1,1,1,1,1,
1,1,1,1,1,1,1,1,1,1,1,1,1,1,6),(2,2),(-1.,-0.971428571428572,-0.942857142857143,
-0.914285714285714,-0.885714285714286,-0.857142857142857,-0.828571428571429,
-0.8,-0.771428571428572,-0.742857142857143,-0.714285714285714,-0.685714285714286,
-0.657142857142857,-0.628571428571429,-0.6,-0.571428571428572,-0.542857142857143,
-0.514285714285714,-0.485714285714286,-0.457142857142857,-0.428571428571429,
-0.4,-0.371428571428571,-0.342857142857143,-0.314285714285714,-0.285714285714286,
-0.257142857142857,-0.228571428571429,-0.2,-0.171428571428571,-0.142857142857143,
-0.114285714285714,-0.0857142857142857,-0.0571428571428571,-0.0285714285714286,
0.),(0.,1.6),.UNSPECIFIED.)
GEOMETRIC_REPRESENTATION_ITEM()
RATIONAL_B_SPLINE_SURFACE(((1.,1.),(1.,1.),(1.,1.),(1.,1.),(1.,1.),(1.,
1.),(1.,1.),(1.,1.),(1.,1.),(1.,1.),(1.,1.),(1.,1.),(1.,1.),(1.,1.),(1.,
1.),(1.,1.),(1.,1.),(1.,1.),(1.,1.),(1.,1.),(1.,1.),(1.,1.),(1.,1.),(1.,
1.),(1.,1.),(1.,1.),(1.,1.),(1.,1.),(1.,1.),(1.,1.),(1.,1.),(1.,1.),(1.,
1.),(1.,1.),(1.,1.),(1.,1.),(1.,1.),(1.,1.),(1.,1.),(1.,1.)))
REPRESENTATION_ITEM('')
SURFACE()
);
#2026=(
BOUNDED_SURFACE()
B_SPLINE_SURFACE(5,1,((#3431,#3432),(#3433,#3434),(#3435,#3436),(#3437,
#3438),(#3439,#3440),(#3441,#3442),(#3443,#3444),(#3445,#3446),(#3447,#3448),
(#3449,#3450),(#3451,#3452),(#3453,#3454),(#3455,#3456),(#3457,#3458),(#3459,
#3460),(#3461,#3462),(#3463,#3464),(#3465,#3466),(#3467,#3468),(#3469,#3470),
(#3471,#3472),(#3473,#3474),(#3475,#3476),(#3477,#3478),(#3479,#3480),(#3481,
#3482),(#3483,#3484),(#3485,#3486),(#3487,#3488),(#3489,#3490),(#3491,#3492),
(#3493,#3494),(#3495,#3496),(#3497,#3498),(#3499,#3500),(#3501,#3502),(#3503,
#3504),(#3505,#3506),(#3507,#3508),(#3509,#3510),(#3511,#3512),(#3513,#3514),
(#3515,#3516),(#3517,#3518),(#3519,#3520),(#3521,#3522),(#3523,#3524),(#3525,
#3526),(#3527,#3528),(#3529,#3530),(#3531,#3532),(#3533,#3534),(#3535,#3536),
(#3537,#3538),(#3539,#3540),(#3541,#3542),(#3543,#3544),(#3545,#3546),(#3547,
#3548),(#3549,#3550),(#3551,#3552),(#3553,#3554),(#3555,#3556),(#3557,#3558),
(#3559,#3560)),.UNSPECIFIED.,.T.,.F.,.F.)
B_SPLINE_SURFACE_WITH_KNOTS((6,1,1,1,1,1,1,1,1,1,1,1,1,1,1,1,1,1,1,1,1,
1,1,1,1,1,1,1,1,1,1,1,1,1,1,1,1,1,1,1,1,1,1,1,1,1,1,1,1,1,1,1,1,1,1,1,1,
1,1,1,6),(2,2),(-1.,-0.983333333333335,-0.966666666666668,-0.950000000000001,
-0.933333333333335,-0.916666666666668,-0.900000000000001,-0.883333333333334,
-0.866666666666668,-0.850000000000001,-0.833333333333334,-0.816666666666668,
-0.800000000000001,-0.783333333333334,-0.766666666666667,-0.750000000000001,
-0.733333333333334,-0.716666666666667,-0.700000000000001,-0.683333333333334,
-0.666666666666667,-0.65,-0.633333333333334,-0.616666666666667,-0.6,-0.583333333333333,
-0.566666666666667,-0.55,-0.533333333333333,-0.516666666666667,-0.5,-0.483333333333333,
-0.466666666666667,-0.45,-0.433333333333333,-0.416666666666667,-0.4,-0.383333333333333,
-0.366666666666667,-0.35,-0.333333333333333,-0.316666666666667,-0.3,-0.283333333333333,
-0.266666666666667,-0.25,-0.233333333333333,-0.216666666666667,-0.2,-0.183333333333333,
-0.166666666666667,-0.15,-0.133333333333333,-0.116666666666667,-0.1,-0.0833333333333333,
-0.0666666666666667,-0.05,-0.0333333333333333,-0.0166666666666667,0.),(0.,
1.4),.UNSPECIFIED.)
GEOMETRIC_REPRESENTATION_ITEM()
RATIONAL_B_SPLINE_SURFACE(((1.,1.),(1.,1.),(1.,1.),(1.,1.),(1.,1.),(1.,
1.),(1.,1.),(1.,1.),(1.,1.),(1.,1.),(1.,1.),(1.,1.),(1.,1.),(1.,1.),(1.,
1.),(1.,1.),(1.,1.),(1.,1.),(1.,1.),(1.,1.),(1.,1.),(1.,1.),(1.,1.),(1.,
1.),(1.,1.),(1.,1.),(1.,1.),(1.,1.),(1.,1.),(1.,1.),(1.,1.),(1.,1.),(1.,
1.),(1.,1.),(1.,1.),(1.,1.),(1.,1.),(1.,1.),(1.,1.),(1.,1.),(1.,1.),(1.,
1.),(1.,1.),(1.,1.),(1.,1.),(1.,1.),(1.,1.),(1.,1.),(1.,1.),(1.,1.),(1.,
1.),(1.,1.),(1.,1.),(1.,1.),(1.,1.),(1.,1.),(1.,1.),(1.,1.),(1.,1.),(1.,
1.),(1.,1.),(1.,1.),(1.,1.),(1.,1.),(1.,1.)))
REPRESENTATION_ITEM('')
SURFACE()
);
#2027=ADVANCED_FACE('',(#162),#2024,.F.);
#2028=ADVANCED_FACE('',(#163),#2025,.F.);
#2029=ADVANCED_FACE('',(#164),#137,.T.);
#2030=ADVANCED_FACE('',(#165),#138,.T.);
#2031=ADVANCED_FACE('',(#166),#139,.T.);
#2032=ADVANCED_FACE('',(#167),#75,.F.);
#2033=ADVANCED_FACE('',(#168),#76,.F.);
#2034=ADVANCED_FACE('',(#169),#140,.T.);
#2035=ADVANCED_FACE('',(#170),#141,.T.);
#2036=ADVANCED_FACE('',(#171,#39),#2026,.F.);
#2037=ADVANCED_FACE('',(#172),#142,.T.);
#2038=ADVANCED_FACE('',(#173),#143,.T.);
#2039=ADVANCED_FACE('',(#174),#144,.T.);
#2040=ADVANCED_FACE('',(#175),#145,.T.);
#2041=ADVANCED_FACE('',(#176),#146,.T.);
#2042=ADVANCED_FACE('',(#177),#25,.F.);
#2043=ADVANCED_FACE('',(#178),#77,.F.);
#2044=ADVANCED_FACE('',(#179),#78,.F.);
#2045=ADVANCED_FACE('',(#180),#79,.T.);
#2046=ADVANCED_FACE('',(#181),#80,.T.);
#2047=ADVANCED_FACE('',(#182),#26,.F.);
#2048=ADVANCED_FACE('',(#183),#81,.T.);
#2049=ADVANCED_FACE('',(#184),#82,.T.);
#2050=ADVANCED_FACE('',(#185),#147,.T.);
#2051=ADVANCED_FACE('',(#186),#83,.T.);
#2052=ADVANCED_FACE('',(#187),#148,.F.);
#2053=ADVANCED_FACE('',(#188),#84,.T.);
#2054=ADVANCED_FACE('',(#189,#40),#85,.T.);
#2055=ADVANCED_FACE('',(#190),#27,.T.);
#2056=ADVANCED_FACE('',(#191),#149,.T.);
#2057=ADVANCED_FACE('',(#192),#150,.T.);
#2058=ADVANCED_FACE('',(#193),#28,.F.);
#2059=ADVANCED_FACE('',(#194),#86,.T.);
#2060=ADVANCED_FACE('',(#195),#151,.T.);
#2061=ADVANCED_FACE('',(#196),#152,.T.);
#2062=ADVANCED_FACE('',(#197,#41),#87,.T.);
#2063=ADVANCED_FACE('',(#198),#29,.T.);
#2064=ADVANCED_FACE('',(#199),#88,.T.);
#2065=ADVANCED_FACE('',(#200),#153,.T.);
#2066=ADVANCED_FACE('',(#201),#30,.F.);
#2067=ADVANCED_FACE('',(#202),#31,.F.);
#2068=ADVANCED_FACE('',(#203),#89,.T.);
#2069=ADVANCED_FACE('',(#204,#42,#43),#90,.F.);
#2070=ADVANCED_FACE('',(#205),#32,.T.);
#2071=ADVANCED_FACE('',(#206),#91,.T.);
#2072=ADVANCED_FACE('',(#207,#44),#92,.T.);
#2073=ADVANCED_FACE('',(#208),#33,.F.);
#2074=ADVANCED_FACE('',(#209),#93,.T.);
#2075=ADVANCED_FACE('',(#210),#34,.F.);
#2076=ADVANCED_FACE('',(#211),#94,.T.);
#2077=ADVANCED_FACE('',(#212),#95,.T.);
#2078=ADVANCED_FACE('',(#213),#96,.T.);
#2079=ADVANCED_FACE('',(#214),#97,.T.);
#2080=ADVANCED_FACE('',(#215),#154,.T.);
#2081=ADVANCED_FACE('',(#216),#98,.F.);
#2082=ADVANCED_FACE('',(#217),#99,.F.);
#2083=ADVANCED_FACE('',(#218),#100,.F.);
#2084=ADVANCED_FACE('',(#219),#101,.F.);
#2085=ADVANCED_FACE('',(#220),#102,.T.);
#2086=ADVANCED_FACE('',(#221),#103,.T.);
#2087=ADVANCED_FACE('',(#222),#155,.T.);
#2088=ADVANCED_FACE('',(#223),#156,.T.);
#2089=ADVANCED_FACE('',(#224),#157,.T.);
#2090=ADVANCED_FACE('',(#225),#158,.T.);
#2091=ADVANCED_FACE('',(#226),#159,.T.);
#2092=ADVANCED_FACE('',(#227),#104,.T.);
#2093=ADVANCED_FACE('',(#228),#105,.T.);
#2094=ADVANCED_FACE('',(#229),#106,.T.);
#2095=ADVANCED_FACE('',(#230),#160,.T.);
#2096=ADVANCED_FACE('',(#231),#107,.F.);
#2097=ADVANCED_FACE('',(#232),#108,.F.);
#2098=ADVANCED_FACE('',(#233),#109,.F.);
#2099=ADVANCED_FACE('',(#234),#110,.T.);
#2100=ADVANCED_FACE('',(#235),#111,.T.);
#2101=ADVANCED_FACE('',(#236),#112,.T.);
#2102=ADVANCED_FACE('',(#237),#113,.T.);
#2103=ADVANCED_FACE('',(#238),#114,.T.);
#2104=ADVANCED_FACE('',(#239),#115,.T.);
#2105=ADVANCED_FACE('',(#240),#116,.T.);
#2106=ADVANCED_FACE('',(#241),#117,.F.);
#2107=ADVANCED_FACE('',(#242),#118,.T.);
#2108=ADVANCED_FACE('',(#243),#119,.T.);
#2109=ADVANCED_FACE('',(#244),#120,.T.);
#2110=ADVANCED_FACE('',(#245),#121,.T.);
#2111=ADVANCED_FACE('',(#246),#122,.T.);
#2112=ADVANCED_FACE('',(#247),#123,.F.);
#2113=ADVANCED_FACE('',(#248),#124,.T.);
#2114=ADVANCED_FACE('',(#249),#35,.F.);
#2115=ADVANCED_FACE('',(#250),#125,.T.);
#2116=ADVANCED_FACE('',(#251),#126,.T.);
#2117=ADVANCED_FACE('',(#252),#127,.T.);
#2118=ADVANCED_FACE('',(#253),#128,.T.);
#2119=ADVANCED_FACE('',(#254),#129,.F.);
#2120=ADVANCED_FACE('',(#255),#36,.F.);
#2121=ADVANCED_FACE('',(#256),#37,.F.);
#2122=ADVANCED_FACE('',(#257),#38,.F.);
#2123=ADVANCED_FACE('',(#258,#45),#130,.T.);
#2124=ADVANCED_FACE('',(#259),#161,.T.);
#2125=ADVANCED_FACE('',(#260),#131,.T.);
#2126=ADVANCED_FACE('',(#261),#132,.F.);
#2127=ADVANCED_FACE('',(#262,#46),#133,.T.);
#2128=ADVANCED_FACE('',(#263),#134,.T.);
#2129=ADVANCED_FACE('',(#264),#135,.T.);
#2130=ADVANCED_FACE('',(#265,#47),#136,.F.);
#2131=CLOSED_SHELL('',(#2027,#2028,#2029,#2030,#2031,#2032,#2033,#2034,
#2035,#2036,#2037,#2038,#2039,#2040,#2041,#2042,#2043,#2044,#2045,#2046,
#2047,#2048,#2049,#2050,#2051,#2052,#2053,#2054,#2055,#2056,#2057,#2058,
#2059,#2060,#2061,#2062,#2063,#2064,#2065,#2066,#2067,#2068,#2069,#2070,
#2071,#2072,#2073,#2074,#2075,#2076,#2077,#2078,#2079,#2080,#2081,#2082,
#2083,#2084,#2085,#2086,#2087,#2088,#2089,#2090,#2091,#2092,#2093,#2094,
#2095,#2096,#2097,#2098,#2099,#2100,#2101,#2102,#2103,#2104,#2105,#2106,
#2107,#2108,#2109,#2110,#2111,#2112,#2113,#2114,#2115,#2116,#2117,#2118,
#2119,#2120,#2121,#2122,#2123,#2124,#2125,#2126,#2127,#2128,#2129,#2130));
#2132=DERIVED_UNIT_ELEMENT(#2134,1.);
#2133=DERIVED_UNIT_ELEMENT(#5397,-3.);
#2134=(
MASS_UNIT()
NAMED_UNIT(*)
SI_UNIT(.KILO.,.GRAM.)
);
#2135=DERIVED_UNIT((#2132,#2133));
#2136=MEASURE_REPRESENTATION_ITEM('density measure',
POSITIVE_RATIO_MEASURE(7850.),#2135);
#2137=PROPERTY_DEFINITION_REPRESENTATION(#2142,#2139);
#2138=PROPERTY_DEFINITION_REPRESENTATION(#2143,#2140);
#2139=REPRESENTATION('material name',(#2141),#5394);
#2140=REPRESENTATION('density',(#2136),#5394);
#2141=DESCRIPTIVE_REPRESENTATION_ITEM('Steel','Steel');
#2142=PROPERTY_DEFINITION('material property','material name',#5404);
#2143=PROPERTY_DEFINITION('material property','density of part',#5404);
#2144=AXIS2_PLACEMENT_3D('',#2664,#2258,#2259);
#2145=AXIS2_PLACEMENT_3D('',#3365,#2266,#2267);
#2146=AXIS2_PLACEMENT_3D('',#3372,#2269,#2270);
#2147=AXIS2_PLACEMENT_3D('',#3395,#2272,#2273);
#2148=AXIS2_PLACEMENT_3D('',#3413,#2274,#2275);
#2149=AXIS2_PLACEMENT_3D('',#3429,#2278,#2279);
#2150=AXIS2_PLACEMENT_3D('',#3430,#2280,#2281);
#2151=AXIS2_PLACEMENT_3D('',#3955,#2294,#2295);
#2152=AXIS2_PLACEMENT_3D('',#3958,#2296,#2297);
#2153=AXIS2_PLACEMENT_3D('',#3962,#2299,#2300);
#2154=AXIS2_PLACEMENT_3D('',#3964,#2301,#2302);
#2155=AXIS2_PLACEMENT_3D('',#3967,#2304,#2305);
#2156=AXIS2_PLACEMENT_3D('',#3968,#2306,#2307);
#2157=AXIS2_PLACEMENT_3D('',#3972,#2310,#2311);
#2158=AXIS2_PLACEMENT_3D('',#4001,#2326,#2327);
#2159=AXIS2_PLACEMENT_3D('',#4006,#2331,#2332);
#2160=AXIS2_PLACEMENT_3D('',#4010,#2335,#2336);
#2161=AXIS2_PLACEMENT_3D('',#4013,#2337,#2338);
#2162=AXIS2_PLACEMENT_3D('',#4017,#2340,#2341);
#2163=AXIS2_PLACEMENT_3D('',#4019,#2342,#2343);
#2164=AXIS2_PLACEMENT_3D('',#4022,#2345,#2346);
#2165=AXIS2_PLACEMENT_3D('',#4023,#2347,#2348);
#2166=AXIS2_PLACEMENT_3D('',#4028,#2352,#2353);
#2167=AXIS2_PLACEMENT_3D('',#4150,#2356,#2357);
#2168=AXIS2_PLACEMENT_3D('',#4227,#2361,#2362);
#2169=AXIS2_PLACEMENT_3D('',#4233,#2363,#2364);
#2170=AXIS2_PLACEMENT_3D('',#4242,#2367,#2368);
#2171=AXIS2_PLACEMENT_3D('',#4243,#2369,#2370);
#2172=AXIS2_PLACEMENT_3D('',#4306,#2371,#2372);
#2173=AXIS2_PLACEMENT_3D('',#4307,#2373,#2374);
#2174=AXIS2_PLACEMENT_3D('',#4309,#2375,#2376);
#2175=AXIS2_PLACEMENT_3D('',#4468,#2378,#2379);
#2176=AXIS2_PLACEMENT_3D('',#4470,#2380,#2381);
#2177=AXIS2_PLACEMENT_3D('',#4472,#2383,#2384);
#2178=AXIS2_PLACEMENT_3D('',#4675,#2387,#2388);
#2179=AXIS2_PLACEMENT_3D('',#4677,#2389,#2390);
#2180=AXIS2_PLACEMENT_3D('',#4718,#2392,#2393);
#2181=AXIS2_PLACEMENT_3D('',#4719,#2394,#2395);
#2182=AXIS2_PLACEMENT_3D('',#4721,#2396,#2397);
#2183=AXIS2_PLACEMENT_3D('',#4723,#2399,#2400);
#2184=AXIS2_PLACEMENT_3D('',#4787,#2402,#2403);
#2185=AXIS2_PLACEMENT_3D('',#4789,#2404,#2405);
#2186=AXIS2_PLACEMENT_3D('',#4791,#2407,#2408);
#2187=AXIS2_PLACEMENT_3D('',#4794,#2409,#2410);
#2188=AXIS2_PLACEMENT_3D('',#4798,#2412,#2413);
#2189=AXIS2_PLACEMENT_3D('',#4800,#2415,#2416);
#2190=AXIS2_PLACEMENT_3D('',#4807,#2421,#2422);
#2191=AXIS2_PLACEMENT_3D('',#4829,#2427,#2428);
#2192=AXIS2_PLACEMENT_3D('',#4832,#2430,#2431);
#2193=AXIS2_PLACEMENT_3D('',#4833,#2432,#2433);
#2194=AXIS2_PLACEMENT_3D('',#4837,#2435,#2436);
#2195=AXIS2_PLACEMENT_3D('',#4839,#2438,#2439);
#2196=AXIS2_PLACEMENT_3D('',#4841,#2441,#2442);
#2197=AXIS2_PLACEMENT_3D('',#4846,#2445,#2446);
#2198=AXIS2_PLACEMENT_3D('',#4848,#2447,#2448);
#2199=AXIS2_PLACEMENT_3D('',#4849,#2449,#2450);
#2200=AXIS2_PLACEMENT_3D('',#4852,#2452,#2453);
#2201=AXIS2_PLACEMENT_3D('',#4853,#2454,#2455);
#2202=AXIS2_PLACEMENT_3D('',#4856,#2458,#2459);
#2203=AXIS2_PLACEMENT_3D('',#4858,#2461,#2462);
#2204=AXIS2_PLACEMENT_3D('',#4859,#2463,#2464);
#2205=AXIS2_PLACEMENT_3D('',#4868,#2470,#2471);
#2206=AXIS2_PLACEMENT_3D('',#4872,#2474,#2475);
#2207=AXIS2_PLACEMENT_3D('',#4904,#2479,#2480);
#2208=AXIS2_PLACEMENT_3D('',#4915,#2484,#2485);
#2209=AXIS2_PLACEMENT_3D('',#4919,#2488,#2489);
#2210=AXIS2_PLACEMENT_3D('',#4931,#2492,#2493);
#2211=AXIS2_PLACEMENT_3D('',#4967,#2495,#2496);
#2212=AXIS2_PLACEMENT_3D('',#4976,#2501,#2502);
#2213=AXIS2_PLACEMENT_3D('',#5189,#2507,#2508);
#2214=AXIS2_PLACEMENT_3D('',#5199,#2514,#2515);
#2215=AXIS2_PLACEMENT_3D('',#5206,#2520,#2521);
#2216=AXIS2_PLACEMENT_3D('',#5250,#2529,#2530);
#2217=AXIS2_PLACEMENT_3D('',#5253,#2533,#2534);
#2218=AXIS2_PLACEMENT_3D('',#5255,#2536,#2537);
#2219=AXIS2_PLACEMENT_3D('',#5257,#2539,#2540);
#2220=AXIS2_PLACEMENT_3D('',#5263,#2544,#2545);
#2221=AXIS2_PLACEMENT_3D('',#5266,#2547,#2548);
#2222=AXIS2_PLACEMENT_3D('',#5270,#2550,#2551);
#2223=AXIS2_PLACEMENT_3D('',#5272,#2553,#2554);
#2224=AXIS2_PLACEMENT_3D('',#5278,#2558,#2559);
#2225=AXIS2_PLACEMENT_3D('',#5281,#2561,#2562);
#2226=AXIS2_PLACEMENT_3D('',#5282,#2563,#2564);
#2227=AXIS2_PLACEMENT_3D('',#5283,#2565,#2566);
#2228=AXIS2_PLACEMENT_3D('',#5294,#2572,#2573);
#2229=AXIS2_PLACEMENT_3D('',#5299,#2576,#2577);
#2230=AXIS2_PLACEMENT_3D('',#5300,#2578,#2579);
#2231=AXIS2_PLACEMENT_3D('',#5301,#2580,#2581);
#2232=AXIS2_PLACEMENT_3D('',#5302,#2582,#2583);
#2233=AXIS2_PLACEMENT_3D('',#5306,#2586,#2587);
#2234=AXIS2_PLACEMENT_3D('',#5312,#2591,#2592);
#2235=AXIS2_PLACEMENT_3D('',#5321,#2597,#2598);
#2236=AXIS2_PLACEMENT_3D('',#5326,#2602,#2603);
#2237=AXIS2_PLACEMENT_3D('',#5328,#2605,#2606);
#2238=AXIS2_PLACEMENT_3D('',#5334,#2610,#2611);
#2239=AXIS2_PLACEMENT_3D('',#5335,#2612,#2613);
#2240=AXIS2_PLACEMENT_3D('',#5338,#2616,#2617);
#2241=AXIS2_PLACEMENT_3D('',#5339,#2618,#2619);
#2242=AXIS2_PLACEMENT_3D('',#5340,#2620,#2621);
#2243=AXIS2_PLACEMENT_3D('',#5341,#2622,#2623);
#2244=AXIS2_PLACEMENT_3D('',#5348,#2628,#2629);
#2245=AXIS2_PLACEMENT_3D('',#5352,#2632,#2633);
#2246=AXIS2_PLACEMENT_3D('',#5356,#2636,#2637);
#2247=AXIS2_PLACEMENT_3D('',#5358,#2639,#2640);
#2248=AXIS2_PLACEMENT_3D('',#5359,#2641,#2642);
#2249=AXIS2_PLACEMENT_3D('',#5360,#2643,#2644);
#2250=AXIS2_PLACEMENT_3D('',#5361,#2645,#2646);
#2251=AXIS2_PLACEMENT_3D('',#5362,#2647,#2648);
#2252=AXIS2_PLACEMENT_3D('',#5383,#2649,#2650);
#2253=AXIS2_PLACEMENT_3D('',#5384,#2651,#2652);
#2254=AXIS2_PLACEMENT_3D('',#5385,#2653,#2654);
#2255=AXIS2_PLACEMENT_3D('',#5387,#2656,#2657);
#2256=AXIS2_PLACEMENT_3D('',#5389,#2659,#2660);
#2257=AXIS2_PLACEMENT_3D('',#5391,#2662,#2663);
#2258=DIRECTION('axis',(0.,0.,1.));
#2259=DIRECTION('refdir',(1.,0.,0.));
#2260=DIRECTION('',(0.,0.,-1.));
#2261=DIRECTION('',(0.,0.,-1.));
#2262=DIRECTION('',(0.154106521050307,0.921759978148651,0.355822600256322));
#2263=DIRECTION('',(-0.357591906962449,0.87029622245542,0.338692357833455));
#2264=DIRECTION('',(-1.,0.,0.));
#2265=DIRECTION('',(-0.490903753615141,0.,0.871213811120189));
#2266=DIRECTION('center_axis',(0.542816748974127,-0.524538351023479,0.655903571677064));
#2267=DIRECTION('ref_axis',(0.770394321124687,0.,-0.637567714034229));
#2268=DIRECTION('',(0.319208270662694,0.851222055100517,0.416565832553493));
#2269=DIRECTION('center_axis',(0.770188660686196,0.0231049404746383,-0.637397512292028));
#2270=DIRECTION('ref_axis',(-0.637567714034228,0.,-0.770394321124688));
#2271=DIRECTION('',(-0.28013220897656,0.948344559954078,0.148891037673254));
#2272=DIRECTION('center_axis',(0.,1.,0.));
#2273=DIRECTION('ref_axis',(-0.470922453737414,0.,0.882174610021131));
#2274=DIRECTION('center_axis',(0.,1.,0.));
#2275=DIRECTION('ref_axis',(-0.470922453737414,0.,0.882174610021131));
#2276=DIRECTION('',(1.,0.,0.));
#2277=DIRECTION('',(-0.28013220897656,0.948344559954078,0.148891037673254));
#2278=DIRECTION('center_axis',(0.,1.,0.));
#2279=DIRECTION('ref_axis',(-0.470922453737414,0.,0.882174610021131));
#2280=DIRECTION('center_axis',(0.,1.,0.));
#2281=DIRECTION('ref_axis',(-0.470922453737414,0.,0.882174610021131));
#2282=DIRECTION('',(0.,0.,1.));
#2283=DIRECTION('',(-0.0367071171688372,0.92684348617463,0.373649220104649));
#2284=DIRECTION('',(-1.,0.,0.));
#2285=DIRECTION('',(-1.,0.,0.));
#2286=DIRECTION('',(0.282755988918406,0.91351123631922,-0.292482942834798));
#2287=DIRECTION('',(0.290958212793318,0.907639238115732,-0.302546412705244));
#2288=DIRECTION('',(0.282755988918406,0.91351123631922,-0.292482942834798));
#2289=DIRECTION('',(0.20285576433294,0.963990918835683,-0.171962342619642));
#2290=DIRECTION('',(0.20285576433294,0.963990918835683,-0.171962342619642));
#2291=DIRECTION('',(1.,0.,0.));
#2292=DIRECTION('',(1.,0.,0.));
#2293=DIRECTION('',(-0.101543639305594,0.969872309565262,0.221442074717342));
#2294=DIRECTION('center_axis',(0.,0.,-1.));
#2295=DIRECTION('ref_axis',(-0.866025403784439,0.5,0.));
#2296=DIRECTION('center_axis',(0.,0.,1.));
#2297=DIRECTION('ref_axis',(-0.866025403784439,0.5,0.));
#2298=DIRECTION('',(0.,0.,1.));
#2299=DIRECTION('center_axis',(0.871213811120189,0.,0.490903753615141));
#2300=DIRECTION('ref_axis',(-0.490903753615141,-4.54177208448704E-17,0.871213811120189));
#2301=DIRECTION('center_axis',(0.,0.,1.));
#2302=DIRECTION('ref_axis',(-0.866025403784439,0.5,0.));
#2303=DIRECTION('',(0.,0.,-1.));
#2304=DIRECTION('center_axis',(0.,0.,-1.));
#2305=DIRECTION('ref_axis',(-0.866025403784439,0.5,0.));
#2306=DIRECTION('center_axis',(0.,1.,0.));
#2307=DIRECTION('ref_axis',(1.,0.,0.));
#2308=DIRECTION('',(1.,0.,0.));
#2309=DIRECTION('',(0.490903753615141,0.,-0.871213811120189));
#2310=DIRECTION('center_axis',(0.,1.,0.));
#2311=DIRECTION('ref_axis',(1.,0.,0.));
#2312=DIRECTION('',(-1.,0.,0.));
#2313=DIRECTION('',(0.,0.,-1.));
#2314=DIRECTION('',(-1.,0.,0.));
#2315=DIRECTION('',(-0.490903753615141,0.,0.871213811120189));
#2316=DIRECTION('',(0.0993197497436384,0.,0.995055569961226));
#2317=DIRECTION('',(0.495458668432408,0.,0.868631514438191));
#2318=DIRECTION('',(1.,0.,0.));
#2319=DIRECTION('',(0.,0.,-1.));
#2320=DIRECTION('',(1.,0.,0.));
#2321=DIRECTION('',(0.495458668432407,0.,0.868631514438191));
#2322=DIRECTION('',(0.952661481253587,0.,-0.304033060925489));
#2323=DIRECTION('',(-0.0993197497436384,0.,-0.995055569961226));
#2324=DIRECTION('',(-0.978688559588688,0.,-0.205350196810765));
#2325=DIRECTION('',(-0.490903753615141,0.,0.871213811120189));
#2326=DIRECTION('center_axis',(0.,0.,-1.));
#2327=DIRECTION('ref_axis',(1.,0.,0.));
#2328=DIRECTION('',(-1.,0.,0.));
#2329=DIRECTION('',(0.,-1.,0.));
#2330=DIRECTION('',(0.,-1.,0.));
#2331=DIRECTION('center_axis',(0.,-1.,0.));
#2332=DIRECTION('ref_axis',(0.,0.,-1.));
#2333=DIRECTION('',(0.,0.,1.));
#2334=DIRECTION('',(1.,0.,0.));
#2335=DIRECTION('center_axis',(0.,0.,-1.));
#2336=DIRECTION('ref_axis',(-0.989743318610787,0.142857142857143,0.));
#2337=DIRECTION('center_axis',(0.868631514438191,0.,-0.495458668432407));
#2338=DIRECTION('ref_axis',(-0.495458668432407,-9.82267181149607E-18,-0.868631514438191));
#2339=DIRECTION('',(0.,0.,1.));
#2340=DIRECTION('center_axis',(0.,0.,-1.));
#2341=DIRECTION('ref_axis',(-0.989743318610787,0.142857142857143,0.));
#2342=DIRECTION('center_axis',(0.,0.,1.));
#2343=DIRECTION('ref_axis',(-0.989743318610787,0.142857142857143,0.));
#2344=DIRECTION('',(0.,0.,1.));
#2345=DIRECTION('center_axis',(0.,0.,-1.));
#2346=DIRECTION('ref_axis',(-0.989743318610787,0.142857142857143,0.));
#2347=DIRECTION('center_axis',(0.,0.,1.));
#2348=DIRECTION('ref_axis',(-1.,0.,0.));
#2349=DIRECTION('',(0.,-1.,0.));
#2350=DIRECTION('',(-1.,0.,0.));
#2351=DIRECTION('',(0.,-1.,0.));
#2352=DIRECTION('center_axis',(0.,-1.,0.));
#2353=DIRECTION('ref_axis',(0.,0.,-1.));
#2354=DIRECTION('',(0.,0.,-1.));
#2355=DIRECTION('',(1.,0.,0.));
#2356=DIRECTION('center_axis',(0.,1.,0.));
#2357=DIRECTION('ref_axis',(-1.,0.,0.));
#2358=DIRECTION('',(0.,0.,1.));
#2359=DIRECTION('',(1.,0.,0.));
#2360=DIRECTION('',(0.,0.,1.));
#2361=DIRECTION('center_axis',(1.,0.,0.));
#2362=DIRECTION('ref_axis',(0.,-1.,-1.32380495454498E-9));
#2363=DIRECTION('center_axis',(0.,-1.,0.));
#2364=DIRECTION('ref_axis',(1.,0.,0.));
#2365=DIRECTION('',(-1.,0.,0.));
#2366=DIRECTION('',(0.,0.,1.));
#2367=DIRECTION('center_axis',(1.,0.,0.));
#2368=DIRECTION('ref_axis',(0.,1.,0.));
#2369=DIRECTION('center_axis',(-1.,0.,0.));
#2370=DIRECTION('ref_axis',(0.,0.707106781186548,-0.707106781186548));
#2371=DIRECTION('center_axis',(-1.,0.,0.));
#2372=DIRECTION('ref_axis',(0.,0.,1.));
#2373=DIRECTION('center_axis',(-1.,0.,0.));
#2374=DIRECTION('ref_axis',(0.,0.707106781186548,-0.707106781186548));
#2375=DIRECTION('center_axis',(1.,0.,0.));
#2376=DIRECTION('ref_axis',(0.,0.707106781186548,-0.707106781186548));
#2377=DIRECTION('',(-1.,0.,0.));
#2378=DIRECTION('center_axis',(1.,0.,0.));
#2379=DIRECTION('ref_axis',(0.,0.,1.));
#2380=DIRECTION('center_axis',(1.,0.,0.));
#2381=DIRECTION('ref_axis',(0.,0.,1.));
#2382=DIRECTION('',(1.,0.,0.));
#2383=DIRECTION('center_axis',(0.,0.,-1.));
#2384=DIRECTION('ref_axis',(1.,0.,0.));
#2385=DIRECTION('',(-2.77555756156289E-16,1.,0.));
#2386=DIRECTION('',(0.373849062784613,0.894201869054044,0.246251691639509));
#2387=DIRECTION('center_axis',(1.,0.,0.));
#2388=DIRECTION('ref_axis',(0.,-1.,0.));
#2389=DIRECTION('center_axis',(-1.,0.,0.));
#2390=DIRECTION('ref_axis',(0.,-0.707106781186548,0.707106781186548));
#2391=DIRECTION('',(0.,0.,-1.));
#2392=DIRECTION('center_axis',(-1.,0.,0.));
#2393=DIRECTION('ref_axis',(0.,0.,1.));
#2394=DIRECTION('center_axis',(-1.,0.,0.));
#2395=DIRECTION('ref_axis',(0.,-0.707106781186548,0.707106781186548));
#2396=DIRECTION('center_axis',(1.,0.,0.));
#2397=DIRECTION('ref_axis',(0.,-0.707106781186548,0.707106781186548));
#2398=DIRECTION('',(1.,0.,0.));
#2399=DIRECTION('center_axis',(0.,-1.,0.));
#2400=DIRECTION('ref_axis',(-1.,0.,0.));
#2401=DIRECTION('',(0.,0.,-1.));
#2402=DIRECTION('center_axis',(1.,0.,0.));
#2403=DIRECTION('ref_axis',(0.,0.,1.));
#2404=DIRECTION('center_axis',(1.,0.,0.));
#2405=DIRECTION('ref_axis',(0.,0.,1.));
#2406=DIRECTION('',(1.,0.,0.));
#2407=DIRECTION('center_axis',(1.,0.,0.));
#2408=DIRECTION('ref_axis',(0.,-0.707106781186548,-0.707106781186547));
#2409=DIRECTION('center_axis',(1.,0.,0.));
#2410=DIRECTION('ref_axis',(0.,-0.707106781186548,-0.707106781186547));
#2411=DIRECTION('',(-1.,0.,0.));
#2412=DIRECTION('center_axis',(-1.,0.,0.));
#2413=DIRECTION('ref_axis',(0.,-0.707106781186548,-0.707106781186547));
#2414=DIRECTION('',(1.,0.,0.));
#2415=DIRECTION('center_axis',(0.,0.,1.));
#2416=DIRECTION('ref_axis',(1.,0.,0.));
#2417=DIRECTION('',(0.,-1.,0.));
#2418=DIRECTION('',(1.,0.,0.));
#2419=DIRECTION('',(0.,1.,0.));
#2420=DIRECTION('',(0.,-1.,0.));
#2421=DIRECTION('center_axis',(1.,0.,0.));
#2422=DIRECTION('ref_axis',(0.,1.,0.));
#2423=DIRECTION('',(0.,7.93979267167452E-34,1.));
#2424=DIRECTION('',(0.,1.,0.));
#2425=DIRECTION('',(0.,-1.,0.));
#2426=DIRECTION('',(0.,0.,-1.));
#2427=DIRECTION('center_axis',(1.,0.,0.));
#2428=DIRECTION('ref_axis',(0.,-0.707106781186548,0.707106781186548));
#2429=DIRECTION('',(0.,0.,-1.));
#2430=DIRECTION('center_axis',(1.,0.,0.));
#2431=DIRECTION('ref_axis',(0.,0.,-1.));
#2432=DIRECTION('center_axis',(-1.,0.,0.));
#2433=DIRECTION('ref_axis',(0.,0.707106781186548,0.707106781186548));
#2434=DIRECTION('',(1.,0.,0.));
#2435=DIRECTION('center_axis',(-1.,0.,0.));
#2436=DIRECTION('ref_axis',(0.,0.707106781186548,0.707106781186548));
#2437=DIRECTION('',(-1.,0.,0.));
#2438=DIRECTION('center_axis',(0.,1.,0.));
#2439=DIRECTION('ref_axis',(1.,0.,0.));
#2440=DIRECTION('',(0.,0.,-1.));
#2441=DIRECTION('center_axis',(1.,0.,0.));
#2442=DIRECTION('ref_axis',(0.,-1.,0.));
#2443=DIRECTION('',(0.,0.,-1.));
#2444=DIRECTION('',(0.,-1.,0.));
#2445=DIRECTION('center_axis',(1.,0.,0.));
#2446=DIRECTION('ref_axis',(0.,0.,-1.));
#2447=DIRECTION('center_axis',(-1.,0.,0.));
#2448=DIRECTION('ref_axis',(0.,0.,-1.));
#2449=DIRECTION('center_axis',(1.,0.,0.));
#2450=DIRECTION('ref_axis',(0.,0.,-1.));
#2451=DIRECTION('',(-1.,0.,0.));
#2452=DIRECTION('center_axis',(-0.871213811120189,0.,-0.490903753615141));
#2453=DIRECTION('ref_axis',(0.490903753615141,0.,-0.871213811120189));
#2454=DIRECTION('center_axis',(0.,0.,1.));
#2455=DIRECTION('ref_axis',(1.,0.,0.));
#2456=DIRECTION('',(-1.,0.,0.));
#2457=DIRECTION('',(0.,1.,0.));
#2458=DIRECTION('center_axis',(-1.,0.,0.));
#2459=DIRECTION('ref_axis',(0.,0.,-1.));
#2460=DIRECTION('',(-1.,0.,0.));
#2461=DIRECTION('center_axis',(0.,-1.,0.));
#2462=DIRECTION('ref_axis',(-1.,0.,0.));
#2463=DIRECTION('center_axis',(-0.868631514438191,0.,0.495458668432408));
#2464=DIRECTION('ref_axis',(0.495458668432408,0.,0.868631514438191));
#2465=DIRECTION('',(2.17079274003066E-16,1.,3.80580481368953E-16));
#2466=DIRECTION('',(0.495458668432408,0.,0.868631514438191));
#2467=DIRECTION('',(0.,1.,0.));
#2468=DIRECTION('',(0.,1.,0.));
#2469=DIRECTION('',(-0.495458668432408,0.,-0.868631514438191));
#2470=DIRECTION('center_axis',(-0.995055569961226,0.,0.0993197497436384));
#2471=DIRECTION('ref_axis',(0.0993197497436384,0.,0.995055569961226));
#2472=DIRECTION('',(-0.0993197497436384,0.,-0.995055569961226));
#2473=DIRECTION('',(0.,1.,0.));
#2474=DIRECTION('center_axis',(-0.871213811120189,0.,-0.490903753615141));
#2475=DIRECTION('ref_axis',(-0.490903753615141,0.,0.871213811120189));
#2476=DIRECTION('',(0.490903753615141,0.,-0.871213811120189));
#2477=DIRECTION('',(0.,1.,0.));
#2478=DIRECTION('',(0.204542653273528,-0.90905988199433,-0.363004729914473));
#2479=DIRECTION('center_axis',(0.770188660686196,0.0231049404746383,-0.637397512292028));
#2480=DIRECTION('ref_axis',(-0.637567714034228,0.,-0.770394321124688));
#2481=DIRECTION('',(0.319208270662694,0.851222055100517,0.416565832553493));
#2482=DIRECTION('',(0.637567714034228,-3.1713454490653E-32,0.770394321124688));
#2483=DIRECTION('',(0.312464911421408,0.857539291148283,0.408646599480911));
#2484=DIRECTION('center_axis',(0.542816748974127,-0.524538351023479,0.655903571677064));
#2485=DIRECTION('ref_axis',(0.770394321124687,0.,-0.637567714034229));
#2486=DIRECTION('',(0.308161663083133,0.850899001953034,0.425449500976517));
#2487=DIRECTION('',(-0.770394321124687,3.95657495741048E-32,0.637567714034229));
#2488=DIRECTION('center_axis',(-0.769785556953822,-0.0397463444365842,0.637063909203168));
#2489=DIRECTION('ref_axis',(0.637567714034229,0.,0.770394321124687));
#2490=DIRECTION('',(0.301338077701417,0.857208994798111,0.417598015038898));
#2491=DIRECTION('',(-0.637567714034229,3.17134544906531E-32,-0.770394321124687));
#2492=DIRECTION('center_axis',(-0.546846771412032,0.514137540336677,-0.660773182122873));
#2493=DIRECTION('ref_axis',(-0.77039432112469,0.,0.637567714034225));
#2494=DIRECTION('',(0.77039432112469,-3.9565749574105E-32,-0.637567714034225));
#2495=DIRECTION('center_axis',(-0.765164512177132,0.0479167725582685,-0.642049259957779));
#2496=DIRECTION('ref_axis',(-0.642787609686542,0.,0.766044443118976));
#2497=DIRECTION('',(0.0625004055480105,0.998044938520473,3.79836423129969E-16));
#2498=DIRECTION('',(0.294499250689693,0.91283572681286,-0.282844705089641));
#2499=DIRECTION('',(-0.642787609686542,3.31980073963297E-32,0.766044443118976));
#2500=DIRECTION('',(0.302381888197763,0.90714566459329,-0.292663521641411));
#2501=DIRECTION('center_axis',(-0.583654909660212,0.418957488357143,0.69557283542344));
#2502=DIRECTION('ref_axis',(0.766044443119266,0.,0.642787609686196));
#2503=DIRECTION('',(0.583136238182801,0.812374376576472,3.09173831289277E-16));
#2504=DIRECTION('',(0.766044443119266,-3.83286321175943E-32,0.642787609686196));
#2505=DIRECTION('',(0.154106521050307,0.921759978148651,0.355822600256322));
#2506=DIRECTION('',(0.490903753615141,0.,-0.871213811120189));
#2507=DIRECTION('center_axis',(0.871213811120189,0.,0.490903753615141));
#2508=DIRECTION('ref_axis',(0.490903753615141,0.,-0.871213811120189));
#2509=DIRECTION('',(0.,1.,0.));
#2510=DIRECTION('',(-0.490903753615141,0.,0.871213811120189));
#2511=DIRECTION('',(0.,1.,0.));
#2512=DIRECTION('',(-0.490903753615141,0.,0.871213811120189));
#2513=DIRECTION('',(-0.204542653273528,0.90905988199433,0.363004729914473));
#2514=DIRECTION('center_axis',(0.995055569961226,0.,-0.0993197497436384));
#2515=DIRECTION('ref_axis',(-0.0993197497436384,0.,-0.995055569961226));
#2516=DIRECTION('',(0.0993197497436384,0.,0.995055569961226));
#2517=DIRECTION('',(0.,1.,0.));
#2518=DIRECTION('',(0.,1.,0.));
#2519=DIRECTION('',(0.,1.,0.));
#2520=DIRECTION('center_axis',(0.868631514438191,0.,-0.495458668432407));
#2521=DIRECTION('ref_axis',(-0.495458668432407,0.,-0.868631514438191));
#2522=DIRECTION('',(0.,-1.,0.));
#2523=DIRECTION('',(-0.495458668432407,0.,-0.868631514438191));
#2524=DIRECTION('',(0.,1.,0.));
#2525=DIRECTION('',(-0.495458668432407,0.,-0.868631514438191));
#2526=DIRECTION('',(-2.17079274003066E-16,-1.,-3.80580481368953E-16));
#2527=DIRECTION('',(0.495458668432407,0.,0.868631514438191));
#2528=DIRECTION('',(0.495458668432408,0.,0.868631514438191));
#2529=DIRECTION('center_axis',(0.,3.80580481368953E-16,-1.));
#2530=DIRECTION('ref_axis',(0.,-1.,-3.80580481368953E-16));
#2531=DIRECTION('',(1.,-5.07007034666661E-32,-1.92956981310883E-47));
#2532=DIRECTION('',(-1.,0.,0.));
#2533=DIRECTION('center_axis',(0.,-1.,0.));
#2534=DIRECTION('ref_axis',(0.,0.,1.));
#2535=DIRECTION('',(-1.,0.,0.));
#2536=DIRECTION('center_axis',(0.,-0.370845269637931,0.928694667793011));
#2537=DIRECTION('ref_axis',(0.,0.928694667793011,0.370845269637931));
#2538=DIRECTION('',(-1.,5.07007034666661E-32,2.02457456686068E-32));
#2539=DIRECTION('center_axis',(-0.868631514438191,0.,0.495458668432407));
#2540=DIRECTION('ref_axis',(-0.495458668432407,0.,-0.868631514438191));
#2541=DIRECTION('',(0.495458668432407,0.,0.868631514438191));
#2542=DIRECTION('',(0.,-1.,0.));
#2543=DIRECTION('',(0.,-1.,0.));
#2544=DIRECTION('center_axis',(0.,0.,-1.));
#2545=DIRECTION('ref_axis',(1.,0.,0.));
#2546=DIRECTION('',(-1.,0.,0.));
#2547=DIRECTION('center_axis',(0.,0.,-1.));
#2548=DIRECTION('ref_axis',(-1.,-3.214582357481E-16,0.));
#2549=DIRECTION('',(0.,-1.,0.));
#2550=DIRECTION('center_axis',(0.,0.,-1.));
#2551=DIRECTION('ref_axis',(-1.,6.8883907660307E-17,0.));
#2552=DIRECTION('',(0.,-1.,0.));
#2553=DIRECTION('center_axis',(0.868631514438191,0.,-0.495458668432407));
#2554=DIRECTION('ref_axis',(0.495458668432407,0.,0.868631514438191));
#2555=DIRECTION('',(-0.495458668432407,0.,-0.868631514438191));
#2556=DIRECTION('',(0.,-1.,0.));
#2557=DIRECTION('',(0.495458668432407,0.,0.868631514438191));
#2558=DIRECTION('center_axis',(0.304033060925489,0.,0.952661481253587));
#2559=DIRECTION('ref_axis',(-0.952661481253587,0.,0.304033060925489));
#2560=DIRECTION('',(0.,-1.,0.));
#2561=DIRECTION('center_axis',(0.304033060925489,0.,0.952661481253587));
#2562=DIRECTION('ref_axis',(-0.952661481253587,-4.26627923785063E-16,0.304033060925489));
#2563=DIRECTION('center_axis',(0.304033060925489,0.,0.952661481253587));
#2564=DIRECTION('ref_axis',(-0.952661481253587,9.04968323180438E-16,0.304033060925489));
#2565=DIRECTION('center_axis',(0.871213811120189,0.,0.490903753615142));
#2566=DIRECTION('ref_axis',(-0.490903753615142,0.,0.871213811120189));
#2567=DIRECTION('',(0.490903753615142,0.,-0.871213811120189));
#2568=DIRECTION('',(0.,-1.,0.));
#2569=DIRECTION('',(-0.490903753615142,0.,0.871213811120189));
#2570=DIRECTION('',(-0.490903753615142,0.,0.871213811120189));
#2571=DIRECTION('',(0.,-1.,0.));
#2572=DIRECTION('center_axis',(0.,0.,1.));
#2573=DIRECTION('ref_axis',(-1.,0.,0.));
#2574=DIRECTION('',(0.,-1.,0.));
#2575=DIRECTION('',(0.,-1.,0.));
#2576=DIRECTION('center_axis',(0.,0.,1.));
#2577=DIRECTION('ref_axis',(-1.,-6.90886880340761E-17,0.));
#2578=DIRECTION('center_axis',(0.,0.,1.));
#2579=DIRECTION('ref_axis',(-1.,2.41810408119267E-16,3.00391394567582E-17));
#2580=DIRECTION('center_axis',(0.205350196810765,0.,-0.978688559588688));
#2581=DIRECTION('ref_axis',(0.978688559588688,0.,0.205350196810765));
#2582=DIRECTION('center_axis',(0.205350196810765,0.,-0.978688559588688));
#2583=DIRECTION('ref_axis',(-0.978688559588688,1.41139570004464E-15,-0.205350196810765));
#2584=DIRECTION('',(0.978688559588688,0.,0.205350196810765));
#2585=DIRECTION('',(0.,-1.,0.));
#2586=DIRECTION('center_axis',(-0.871213811120216,0.,-0.490903753615094));
#2587=DIRECTION('ref_axis',(-0.490903753615094,0.,0.871213811120216));
#2588=DIRECTION('',(-0.490903753615094,0.,0.871213811120216));
#2589=DIRECTION('',(0.,-1.,0.));
#2590=DIRECTION('',(0.490903753615141,0.,-0.871213811120189));
#2591=DIRECTION('center_axis',(-0.871213811120216,0.,-0.490903753615094));
#2592=DIRECTION('ref_axis',(-0.490903753615094,0.,0.871213811120216));
#2593=DIRECTION('',(0.490903753615094,2.40339348487859E-16,-0.871213811120216));
#2594=DIRECTION('',(2.09086529100494E-13,-1.,1.1781420433845E-13));
#2595=DIRECTION('',(-0.490903753615141,0.,0.871213811120189));
#2596=DIRECTION('',(0.,1.,0.));
#2597=DIRECTION('center_axis',(0.,-1.,0.));
#2598=DIRECTION('ref_axis',(-0.490903753615141,0.,0.871213811120189));
#2599=DIRECTION('',(-0.871213811120216,0.,-0.490903753615094));
#2600=DIRECTION('',(-0.871213811120216,0.,-0.490903753615094));
#2601=DIRECTION('',(0.490903753615141,0.,-0.871213811120189));
#2602=DIRECTION('center_axis',(-0.490903753615094,0.,0.871213811120216));
#2603=DIRECTION('ref_axis',(0.,1.,0.));
#2604=DIRECTION('',(-0.804896608535125,-0.382683432365081,-0.45353593039795));
#2605=DIRECTION('center_axis',(0.490903753615094,-1.31266454628776E-26,
-0.871213811120216));
#2606=DIRECTION('ref_axis',(2.09086529100494E-13,-1.,1.1781420433845E-13));
#2607=DIRECTION('',(0.804896608535125,0.382683432365081,0.45353593039795));
#2608=DIRECTION('',(6.4439195301018E-27,1.,-1.14361148209372E-26));
#2609=DIRECTION('',(-0.871213811120216,0.,-0.490903753615094));
#2610=DIRECTION('center_axis',(0.490903753615094,-1.31266454628776E-26,
-0.871213811120216));
#2611=DIRECTION('ref_axis',(-0.240458569638968,0.961156462697283,-0.135491440698032));
#2612=DIRECTION('center_axis',(-0.871213811120189,0.,-0.490903753615141));
#2613=DIRECTION('ref_axis',(0.490903753615141,0.,-0.871213811120189));
#2614=DIRECTION('',(-0.490903753615141,0.,0.871213811120189));
#2615=DIRECTION('',(0.490903753615141,0.,-0.871213811120189));
#2616=DIRECTION('center_axis',(0.333399091563348,-0.923879532511291,0.187860733394326));
#2617=DIRECTION('ref_axis',(-0.804896608535125,-0.382683432365081,-0.453535930397951));
#2618=DIRECTION('center_axis',(0.,-1.,0.));
#2619=DIRECTION('ref_axis',(0.,0.,-1.));
#2620=DIRECTION('center_axis',(-0.490903753615142,8.47984855862032E-17,
0.871213811120189));
#2621=DIRECTION('ref_axis',(-0.240458569638968,0.961156462697283,-0.135491440698032));
#2622=DIRECTION('center_axis',(0.,-1.,0.));
#2623=DIRECTION('ref_axis',(0.495458668432407,0.,0.868631514438191));
#2624=DIRECTION('',(-0.495458668432407,0.,-0.868631514438191));
#2625=DIRECTION('',(-0.868631514438191,0.,0.495458668432408));
#2626=DIRECTION('',(0.495458668432407,0.,0.868631514438191));
#2627=DIRECTION('',(-0.868631514438191,0.,0.495458668432408));
#2628=DIRECTION('center_axis',(-0.495458668432408,0.,-0.868631514438191));
#2629=DIRECTION('ref_axis',(0.,-1.,0.));
#2630=DIRECTION('',(0.802510877483727,0.382683432365091,-0.457744122969997));
#2631=DIRECTION('',(0.,-1.,0.));
#2632=DIRECTION('center_axis',(-0.868631514438191,0.,0.495458668432408));
#2633=DIRECTION('ref_axis',(0.495458668432408,0.,0.868631514438191));
#2634=DIRECTION('',(-0.495458668432408,3.33470846026906E-15,-0.868631514438191));
#2635=DIRECTION('',(0.,1.,0.));
#2636=DIRECTION('center_axis',(0.495458668432408,0.,0.868631514438191));
#2637=DIRECTION('ref_axis',(0.,1.,0.));
#2638=DIRECTION('',(-0.802510877483727,-0.382683432365091,0.457744122969997));
#2639=DIRECTION('center_axis',(0.332410889405693,-0.923879532511286,-0.189603823830754));
#2640=DIRECTION('ref_axis',(0.802510877483728,0.382683432365091,-0.457744122969996));
#2641=DIRECTION('center_axis',(0.495458668432407,-4.23992427930961E-17,
0.868631514438191));
#2642=DIRECTION('ref_axis',(-0.239745845209285,0.961156462697331,0.136748615788388));
#2643=DIRECTION('center_axis',(0.490903753615141,0.,-0.871213811120189));
#2644=DIRECTION('ref_axis',(-0.58080920741346,-0.74535599249993,-0.327269169076761));
#2645=DIRECTION('center_axis',(-0.495458668432407,0.,-0.868631514438191));
#2646=DIRECTION('ref_axis',(-0.579087676292128,-0.74535599249993,0.330305778954938));
#2647=DIRECTION('center_axis',(5.07007034666661E-32,1.,-7.93979267167452E-34));
#2648=DIRECTION('ref_axis',(0.,7.93979267167452E-34,1.));
#2649=DIRECTION('center_axis',(0.,0.,-1.));
#2650=DIRECTION('ref_axis',(-1.,0.,0.));
#2651=DIRECTION('center_axis',(0.,1.,0.));
#2652=DIRECTION('ref_axis',(1.,0.,0.));
#2653=DIRECTION('center_axis',(5.07007034666661E-32,1.,-7.93979267167452E-34));
#2654=DIRECTION('ref_axis',(0.,7.93979267167452E-34,1.));
#2655=DIRECTION('',(0.,7.93979267167452E-34,1.));
#2656=DIRECTION('center_axis',(0.,0.,-1.));
#2657=DIRECTION('ref_axis',(-1.,0.,0.));
#2658=DIRECTION('',(0.,1.,0.));
#2659=DIRECTION('center_axis',(0.,0.,1.));
#2660=DIRECTION('ref_axis',(1.,0.,0.));
#2661=DIRECTION('',(0.,-1.,0.));
#2662=DIRECTION('center_axis',(1.,0.,0.));
#2663=DIRECTION('ref_axis',(0.,1.,0.));
#2664=CARTESIAN_POINT('',(0.,0.,0.));
#2665=CARTESIAN_POINT('Ctrl Pts',(9.56551737671612,21.2061814581227,15.9744383405643));
#2666=CARTESIAN_POINT('Ctrl Pts',(9.56551737671612,21.2061814581227,-0.0255616594356955));
#2667=CARTESIAN_POINT('Ctrl Pts',(9.63729834025599,21.2807761138341,15.9744383405643));
#2668=CARTESIAN_POINT('Ctrl Pts',(9.63729834025599,21.2807761138341,-0.0255616594356955));
#2669=CARTESIAN_POINT('Ctrl Pts',(9.79560289349065,21.4194136659334,15.9744383405643));
#2670=CARTESIAN_POINT('Ctrl Pts',(9.79560289349065,21.4194136659334,-0.0255616594356955));
#2671=CARTESIAN_POINT('Ctrl Pts',(10.0760248016307,21.5901398690846,15.9744383405643));
#2672=CARTESIAN_POINT('Ctrl Pts',(10.0760248016307,21.5901398690846,-0.0255616594356955));
#2673=CARTESIAN_POINT('Ctrl Pts',(10.5243961617783,21.7241443199078,15.9744383405643));
#2674=CARTESIAN_POINT('Ctrl Pts',(10.5243961617783,21.7241443199078,-0.0255616594356955));
#2675=CARTESIAN_POINT('Ctrl Pts',(11.1696369053036,21.7489957866773,15.9744383405643));
#2676=CARTESIAN_POINT('Ctrl Pts',(11.1696369053036,21.7489957866773,-0.0255616594356955));
#2677=CARTESIAN_POINT('Ctrl Pts',(11.8513709823809,21.6672008426768,15.9744383405643));
#2678=CARTESIAN_POINT('Ctrl Pts',(11.8513709823809,21.6672008426768,-0.0255616594356955));
#2679=CARTESIAN_POINT('Ctrl Pts',(12.5215449963554,21.5296254887036,15.9744383405643));
#2680=CARTESIAN_POINT('Ctrl Pts',(12.5215449963554,21.5296254887036,-0.0255616594356955));
#2681=CARTESIAN_POINT('Ctrl Pts',(13.1379898143509,21.38200223214,15.9744383405643));
#2682=CARTESIAN_POINT('Ctrl Pts',(13.1379898143509,21.38200223214,-0.0255616594356955));
#2683=CARTESIAN_POINT('Ctrl Pts',(13.6724902239668,21.2481786764417,15.9744383405643));
#2684=CARTESIAN_POINT('Ctrl Pts',(13.6724902239668,21.2481786764417,-0.0255616594356955));
#2685=CARTESIAN_POINT('Ctrl Pts',(14.1150748624619,21.1181520564293,15.9744383405643));
#2686=CARTESIAN_POINT('Ctrl Pts',(14.1150748624619,21.1181520564293,-0.0255616594356955));
#2687=CARTESIAN_POINT('Ctrl Pts',(14.4665898096737,20.964170317863,15.9744383405643));
#2688=CARTESIAN_POINT('Ctrl Pts',(14.4665898096737,20.964170317863,-0.0255616594356955));
#2689=CARTESIAN_POINT('Ctrl Pts',(14.7328397874503,20.7525336030726,15.9744383405643));
#2690=CARTESIAN_POINT('Ctrl Pts',(14.7328397874503,20.7525336030726,-0.0255616594356955));
#2691=CARTESIAN_POINT('Ctrl Pts',(14.9185291774682,20.456346776562,15.9744383405643));
#2692=CARTESIAN_POINT('Ctrl Pts',(14.9185291774682,20.456346776562,-0.0255616594356955));
#2693=CARTESIAN_POINT('Ctrl Pts',(15.0202571302186,20.0697769575734,15.9744383405643));
#2694=CARTESIAN_POINT('Ctrl Pts',(15.0202571302186,20.0697769575734,-0.0255616594356955));
#2695=CARTESIAN_POINT('Ctrl Pts',(15.0294711274445,19.6042137291077,15.9744383405643));
#2696=CARTESIAN_POINT('Ctrl Pts',(15.0294711274445,19.6042137291077,-0.0255616594356955));
#2697=CARTESIAN_POINT('Ctrl Pts',(14.9375873125577,19.0805955537507,15.9744383405643));
#2698=CARTESIAN_POINT('Ctrl Pts',(14.9375873125577,19.0805955537507,-0.0255616594356955));
#2699=CARTESIAN_POINT('Ctrl Pts',(14.7399656573332,18.5235024914459,15.9744383405643));
#2700=CARTESIAN_POINT('Ctrl Pts',(14.7399656573332,18.5235024914459,-0.0255616594356955));
#2701=CARTESIAN_POINT('Ctrl Pts',(14.4412825399734,17.9535645970449,15.9744383405643));
#2702=CARTESIAN_POINT('Ctrl Pts',(14.4412825399734,17.9535645970449,-0.0255616594356955));
#2703=CARTESIAN_POINT('Ctrl Pts',(14.0570947018454,17.3839578224737,15.9744383405643));
#2704=CARTESIAN_POINT('Ctrl Pts',(14.0570947018454,17.3839578224737,-0.0255616594356955));
#2705=CARTESIAN_POINT('Ctrl Pts',(13.6099506934668,16.8225675724832,15.9744383405643));
#2706=CARTESIAN_POINT('Ctrl Pts',(13.6099506934668,16.8225675724832,-0.0255616594356955));
#2707=CARTESIAN_POINT('Ctrl Pts',(13.1267875029995,16.2728170734097,15.9744383405643));
#2708=CARTESIAN_POINT('Ctrl Pts',(13.1267875029995,16.2728170734097,-0.0255616594356955));
#2709=CARTESIAN_POINT('Ctrl Pts',(12.6358550548302,15.7350127388663,15.9744383405643));
#2710=CARTESIAN_POINT('Ctrl Pts',(12.6358550548302,15.7350127388663,-0.0255616594356955));
#2711=CARTESIAN_POINT('Ctrl Pts',(12.1637614163886,15.2074930578678,15.9744383405643));
#2712=CARTESIAN_POINT('Ctrl Pts',(12.1637614163886,15.2074930578678,-0.0255616594356955));
#2713=CARTESIAN_POINT('Ctrl Pts',(11.7326652707891,14.6877864746833,15.9744383405643));
#2714=CARTESIAN_POINT('Ctrl Pts',(11.7326652707891,14.6877864746833,-0.0255616594356955));
#2715=CARTESIAN_POINT('Ctrl Pts',(11.3568785068557,14.1739493181739,15.9744383405643));
#2716=CARTESIAN_POINT('Ctrl Pts',(11.3568785068557,14.1739493181739,-0.0255616594356955));
#2717=CARTESIAN_POINT('Ctrl Pts',(11.0434540230923,13.6644942430582,15.9744383405643));
#2718=CARTESIAN_POINT('Ctrl Pts',(11.0434540230923,13.6644942430582,-0.0255616594356955));
#2719=CARTESIAN_POINT('Ctrl Pts',(10.7938431013242,13.1579380149886,15.9744383405643));
#2720=CARTESIAN_POINT('Ctrl Pts',(10.7938431013242,13.1579380149886,-0.0255616594356955));
#2721=CARTESIAN_POINT('Ctrl Pts',(10.6051963183563,12.6524591767547,15.9744383405643));
#2722=CARTESIAN_POINT('Ctrl Pts',(10.6051963183563,12.6524591767547,-0.0255616594356955));
#2723=CARTESIAN_POINT('Ctrl Pts',(10.4717705426102,12.1455531369805,15.9744383405643));
#2724=CARTESIAN_POINT('Ctrl Pts',(10.4717705426102,12.1455531369805,-0.0255616594356955));
#2725=CARTESIAN_POINT('Ctrl Pts',(10.3863672276532,11.633583260043,15.9744383405643));
#2726=CARTESIAN_POINT('Ctrl Pts',(10.3863672276532,11.633583260043,-0.0255616594356955));
#2727=CARTESIAN_POINT('Ctrl Pts',(10.3415106846166,11.111679692996,15.9744383405643));
#2728=CARTESIAN_POINT('Ctrl Pts',(10.3415106846166,11.111679692996,-0.0255616594356955));
#2729=CARTESIAN_POINT('Ctrl Pts',(10.3277834217575,10.5771740090431,15.9744383405643));
#2730=CARTESIAN_POINT('Ctrl Pts',(10.3277834217575,10.5771740090431,-0.0255616594356955));
#2731=CARTESIAN_POINT('Ctrl Pts',(10.3324728582204,10.0326566050535,15.9744383405643));
#2732=CARTESIAN_POINT('Ctrl Pts',(10.3324728582204,10.0326566050535,-0.0255616594356955));
#2733=CARTESIAN_POINT('Ctrl Pts',(10.337946643531,9.48935447811456,15.9744383405643));
#2734=CARTESIAN_POINT('Ctrl Pts',(10.337946643531,9.48935447811456,-0.0255616594356955));
#2735=CARTESIAN_POINT('Ctrl Pts',(10.3204758070004,8.96999529996827,15.9744383405643));
#2736=CARTESIAN_POINT('Ctrl Pts',(10.3204758070004,8.96999529996827,-0.0255616594356955));
#2737=CARTESIAN_POINT('Ctrl Pts',(10.2479404212352,8.51295592409416,15.9744383405643));
#2738=CARTESIAN_POINT('Ctrl Pts',(10.2479404212352,8.51295592409416,-0.0255616594356955));
#2739=CARTESIAN_POINT('Ctrl Pts',(10.0900170048897,8.16245976080077,15.9744383405643));
#2740=CARTESIAN_POINT('Ctrl Pts',(10.0900170048897,8.16245976080077,-0.0255616594356955));
#2741=CARTESIAN_POINT('Ctrl Pts',(9.83039555717601,7.95671424775592,15.9744383405643));
#2742=CARTESIAN_POINT('Ctrl Pts',(9.83039555717601,7.95671424775592,-0.0255616594356955));
#2743=CARTESIAN_POINT('Ctrl Pts',(9.47738226470479,7.91741341087244,15.9744383405643));
#2744=CARTESIAN_POINT('Ctrl Pts',(9.47738226470479,7.91741341087244,-0.0255616594356955));
#2745=CARTESIAN_POINT('Ctrl Pts',(9.0775784861996,8.03698829487152,15.9744383405643));
#2746=CARTESIAN_POINT('Ctrl Pts',(9.0775784861996,8.03698829487152,-0.0255616594356955));
#2747=CARTESIAN_POINT('Ctrl Pts',(8.69819828192286,8.28774957424715,15.9744383405643));
#2748=CARTESIAN_POINT('Ctrl Pts',(8.69819828192286,8.28774957424715,-0.0255616594356955));
#2749=CARTESIAN_POINT('Ctrl Pts',(8.40532532380976,8.63375303623721,15.9744383405643));
#2750=CARTESIAN_POINT('Ctrl Pts',(8.40532532380976,8.63375303623721,-0.0255616594356955));
#2751=CARTESIAN_POINT('Ctrl Pts',(8.24424870125816,9.04139593226778,15.9744383405643));
#2752=CARTESIAN_POINT('Ctrl Pts',(8.24424870125816,9.04139593226778,-0.0255616594356955));
#2753=CARTESIAN_POINT('Ctrl Pts',(8.21723919866083,9.49129569914049,15.9744383405643));
#2754=CARTESIAN_POINT('Ctrl Pts',(8.21723919866083,9.49129569914049,-0.0255616594356955));
#2755=CARTESIAN_POINT('Ctrl Pts',(8.29551788013254,9.97468320435433,15.9744383405643));
#2756=CARTESIAN_POINT('Ctrl Pts',(8.29551788013254,9.97468320435433,-0.0255616594356955));
#2757=CARTESIAN_POINT('Ctrl Pts',(8.43368263023528,10.4887245219251,15.9744383405643));
#2758=CARTESIAN_POINT('Ctrl Pts',(8.43368263023528,10.4887245219251,-0.0255616594356955));
#2759=CARTESIAN_POINT('Ctrl Pts',(8.58281161736128,11.0323881026169,15.9744383405643));
#2760=CARTESIAN_POINT('Ctrl Pts',(8.58281161736128,11.0323881026169,-0.0255616594356955));
#2761=CARTESIAN_POINT('Ctrl Pts',(8.70505741573162,11.6017346375011,15.9744383405643));
#2762=CARTESIAN_POINT('Ctrl Pts',(8.70505741573162,11.6017346375011,-0.0255616594356955));
#2763=CARTESIAN_POINT('Ctrl Pts',(8.78479696682488,12.1865023433417,15.9744383405643));
#2764=CARTESIAN_POINT('Ctrl Pts',(8.78479696682488,12.1865023433417,-0.0255616594356955));
#2765=CARTESIAN_POINT('Ctrl Pts',(8.82195410929392,12.7734161790594,15.9744383405643));
#2766=CARTESIAN_POINT('Ctrl Pts',(8.82195410929392,12.7734161790594,-0.0255616594356955));
#2767=CARTESIAN_POINT('Ctrl Pts',(8.82759030067331,13.3485960515322,15.9744383405643));
#2768=CARTESIAN_POINT('Ctrl Pts',(8.82759030067331,13.3485960515322,-0.0255616594356955));
#2769=CARTESIAN_POINT('Ctrl Pts',(8.81850930198508,13.9004628592226,15.9744383405643));
#2770=CARTESIAN_POINT('Ctrl Pts',(8.81850930198508,13.9004628592226,-0.0255616594356955));
#2771=CARTESIAN_POINT('Ctrl Pts',(8.81259056595495,14.4220872329685,15.9744383405643));
#2772=CARTESIAN_POINT('Ctrl Pts',(8.81259056595495,14.4220872329685,-0.0255616594356955));
#2773=CARTESIAN_POINT('Ctrl Pts',(8.82307052186796,14.9146547615942,15.9744383405643));
#2774=CARTESIAN_POINT('Ctrl Pts',(8.82307052186796,14.9146547615942,-0.0255616594356955));
#2775=CARTESIAN_POINT('Ctrl Pts',(8.8566911585517,15.3864999573795,15.9744383405643));
#2776=CARTESIAN_POINT('Ctrl Pts',(8.8566911585517,15.3864999573795,-0.0255616594356955));
#2777=CARTESIAN_POINT('Ctrl Pts',(8.91439607425496,15.8493174534593,15.9744383405643));
#2778=CARTESIAN_POINT('Ctrl Pts',(8.91439607425496,15.8493174534593,-0.0255616594356955));
#2779=CARTESIAN_POINT('Ctrl Pts',(8.99114050739724,16.3151147162083,15.9744383405643));
#2780=CARTESIAN_POINT('Ctrl Pts',(8.99114050739724,16.3151147162083,-0.0255616594356955));
#2781=CARTESIAN_POINT('Ctrl Pts',(9.07632237272386,16.7930979173919,15.9744383405643));
#2782=CARTESIAN_POINT('Ctrl Pts',(9.07632237272386,16.7930979173919,-0.0255616594356955));
#2783=CARTESIAN_POINT('Ctrl Pts',(9.153254101833,17.2859698753943,15.9744383405643));
#2784=CARTESIAN_POINT('Ctrl Pts',(9.153254101833,17.2859698753943,-0.0255616594356955));
#2785=CARTESIAN_POINT('Ctrl Pts',(9.20411942039984,17.791147706006,15.9744383405643));
#2786=CARTESIAN_POINT('Ctrl Pts',(9.20411942039984,17.791147706006,-0.0255616594356955));
#2787=CARTESIAN_POINT('Ctrl Pts',(9.21606505790562,18.3032282082976,15.9744383405643));
#2788=CARTESIAN_POINT('Ctrl Pts',(9.21606505790562,18.3032282082976,-0.0255616594356955));
#2789=CARTESIAN_POINT('Ctrl Pts',(9.18722586828139,18.8160206004519,15.9744383405643));
#2790=CARTESIAN_POINT('Ctrl Pts',(9.18722586828139,18.8160206004519,-0.0255616594356955));
#2791=CARTESIAN_POINT('Ctrl Pts',(9.13208615170357,19.3247525333274,15.9744383405643));
#2792=CARTESIAN_POINT('Ctrl Pts',(9.13208615170357,19.3247525333274,-0.0255616594356955));
#2793=CARTESIAN_POINT('Ctrl Pts',(9.08902228076879,19.82833070816,15.9744383405643));
#2794=CARTESIAN_POINT('Ctrl Pts',(9.08902228076879,19.82833070816,-0.0255616594356955));
#2795=CARTESIAN_POINT('Ctrl Pts',(9.10982356056275,20.3251653227102,15.9744383405643));
#2796=CARTESIAN_POINT('Ctrl Pts',(9.10982356056275,20.3251653227102,-0.0255616594356955));
#2797=CARTESIAN_POINT('Ctrl Pts',(9.21717883950577,20.7061536945998,15.9744383405643));
#2798=CARTESIAN_POINT('Ctrl Pts',(9.21717883950577,20.7061536945998,-0.0255616594356955));
#2799=CARTESIAN_POINT('Ctrl Pts',(9.36491711225177,20.9718457316653,15.9744383405643));
#2800=CARTESIAN_POINT('Ctrl Pts',(9.36491711225177,20.9718457316653,-0.0255616594356955));
#2801=CARTESIAN_POINT('Ctrl Pts',(9.49373641317624,21.1315868024112,15.9744383405643));
#2802=CARTESIAN_POINT('Ctrl Pts',(9.49373641317624,21.1315868024112,-0.0255616594356955));
#2803=CARTESIAN_POINT('Ctrl Pts',(9.56551737671612,21.2061814581227,15.9744383405643));
#2804=CARTESIAN_POINT('Ctrl Pts',(9.56551737671612,21.2061814581227,-0.0255616594356955));
#2805=CARTESIAN_POINT('',(9.56551737671612,21.2061814581227,10.1011117861451));
#2806=CARTESIAN_POINT('',(10.3335929452497,10.6660332309765,5.64299582014424));
#2807=CARTESIAN_POINT('Ctrl Pts',(9.56551737671612,21.2061814581227,10.1011117861451));
#2808=CARTESIAN_POINT('Ctrl Pts',(9.93436604966446,21.5894883742096,10.2522437848212));
#2809=CARTESIAN_POINT('Ctrl Pts',(10.5244180308858,21.7336412120879,10.3090854134623));
#2810=CARTESIAN_POINT('Ctrl Pts',(11.0887111020261,21.7248677870283,10.3047151411765));
#2811=CARTESIAN_POINT('Ctrl Pts',(11.4377245560149,21.7194414517781,10.3020121417896));
#2812=CARTESIAN_POINT('Ctrl Pts',(11.7936628707979,21.6703136658363,10.2818023996355));
#2813=CARTESIAN_POINT('Ctrl Pts',(12.2030705655333,21.5902660603382,10.2478949182622));
#2814=CARTESIAN_POINT('Ctrl Pts',(12.5169227840648,21.5289015112669,10.2219014198726));
#2815=CARTESIAN_POINT('Ctrl Pts',(12.8374435875834,21.4561548125275,10.1910663049422));
#2816=CARTESIAN_POINT('Ctrl Pts',(13.3027541096641,21.3393612149506,10.1387290172351));
#2817=CARTESIAN_POINT('Ctrl Pts',(13.6434253587521,21.253852250756,10.1004109299988));
#2818=CARTESIAN_POINT('Ctrl Pts',(14.0170239236374,21.1534595150984,10.0538531425357));
#2819=CARTESIAN_POINT('Ctrl Pts',(14.2641771187624,21.0431181516294,10.0032477978308));
#2820=CARTESIAN_POINT('Ctrl Pts',(14.4718125781161,20.950419452436,9.96073382592669));
#2821=CARTESIAN_POINT('Ctrl Pts',(14.6203968194492,20.8643587435994,9.92150622210548));
#2822=CARTESIAN_POINT('Ctrl Pts',(14.7707632267805,20.6595217551424,9.82933430954541));
#2823=CARTESIAN_POINT('Ctrl Pts',(14.8873443755614,20.5007088138015,9.75787215491726));
#2824=CARTESIAN_POINT('Ctrl Pts',(14.9897404746151,20.2076952080676,9.62641001964979));
#2825=CARTESIAN_POINT('Ctrl Pts',(15.008238176174,19.9367454001377,9.50493339223962));
#2826=CARTESIAN_POINT('Ctrl Pts',(15.0262057850348,19.6735602603881,9.38693794723264));
#2827=CARTESIAN_POINT('Ctrl Pts',(14.9973025123397,19.3746955150037,9.25284350211446));
#2828=CARTESIAN_POINT('Ctrl Pts',(14.8988354706891,19.027308335253,9.09907044578992));
#2829=CARTESIAN_POINT('Ctrl Pts',(14.771278883411,18.5772945806974,8.89986910947193));
#2830=CARTESIAN_POINT('Ctrl Pts',(14.5409418572313,18.1324155354783,8.70745490299059));
#2831=CARTESIAN_POINT('Ctrl Pts',(14.2944057935798,17.7520793544475,8.54858598015843));
#2832=CARTESIAN_POINT('Ctrl Pts',(13.9496853416203,17.2202721280337,8.32644660602436));
#2833=CARTESIAN_POINT('Ctrl Pts',(13.5676310302695,16.7739270265078,8.15038483016412));
#2834=CARTESIAN_POINT('Ctrl Pts',(13.1598502340902,16.3151291385549,7.9749093283643));
#2835=CARTESIAN_POINT('Ctrl Pts',(12.3894504457286,15.4483453196714,7.64339227136742));
#2836=CARTESIAN_POINT('Ctrl Pts',(11.5814097792513,14.6249502682864,7.35004595715282));
#2837=CARTESIAN_POINT('Ctrl Pts',(11.036411461516,13.6234053656707,6.95329656444874));
#2838=CARTESIAN_POINT('Ctrl Pts',(10.7749290318595,13.1428783878367,6.76294185730014));
#2839=CARTESIAN_POINT('Ctrl Pts',(10.5912580969036,12.6346851109826,6.55268326284181));
#2840=CARTESIAN_POINT('Ctrl Pts',(10.4876885410177,12.1622731099186,6.3451554367877));
#2841=CARTESIAN_POINT('Ctrl Pts',(10.375391838507,11.6500539592983,6.12014056300782));
#2842=CARTESIAN_POINT('Ctrl Pts',(10.3417768880888,11.1556460980249,5.88864007487785));
#2843=CARTESIAN_POINT('Ctrl Pts',(10.3335929452497,10.6660332309765,5.64299582014424));
#2844=CARTESIAN_POINT('',(9.56551737671612,21.2061814581227,8.99227729108268));
#2845=CARTESIAN_POINT('',(9.56551737671612,21.2061814581227,15.9744383405643));
#2846=CARTESIAN_POINT('',(14.7247439847125,20.7176376686815,7.922118338578));
#2847=CARTESIAN_POINT('Ctrl Pts',(14.7247439847125,20.7176376686815,7.922118338578));
#2848=CARTESIAN_POINT('Ctrl Pts',(14.5244953759033,20.9523098668728,8.07451595210732));
#2849=CARTESIAN_POINT('Ctrl Pts',(14.2557233276577,21.070205464195,8.19270936804628));
#2850=CARTESIAN_POINT('Ctrl Pts',(13.843820972932,21.1935745368177,8.3373037098101));
#2851=CARTESIAN_POINT('Ctrl Pts',(13.6209875229288,21.2603154907374,8.41552723938334));
#2852=CARTESIAN_POINT('Ctrl Pts',(13.3332887233693,21.3337697361383,8.5084509402534));
#2853=CARTESIAN_POINT('Ctrl Pts',(12.9852608441748,21.4172075322902,8.61081226716018));
#2854=CARTESIAN_POINT('Ctrl Pts',(12.3922895406391,21.5593691857268,8.78521590858122));
#2855=CARTESIAN_POINT('Ctrl Pts',(11.7870205446023,21.6905668071901,8.93674948425634));
#2856=CARTESIAN_POINT('Ctrl Pts',(11.2467691892496,21.7193591853871,9.02137658466326));
#2857=CARTESIAN_POINT('Ctrl Pts',(10.7620974750294,21.7451894793031,9.09729747114936));
#2858=CARTESIAN_POINT('Ctrl Pts',(10.2905872347492,21.6932704792523,9.12684508330796));
#2859=CARTESIAN_POINT('Ctrl Pts',(9.90008049392062,21.4674879411609,9.07021073890291));
#2860=CARTESIAN_POINT('Ctrl Pts',(9.7763459183944,21.3959472900246,9.05226578217746));
#2861=CARTESIAN_POINT('Ctrl Pts',(9.66361060551874,21.3081197753214,9.02595697114713));
#2862=CARTESIAN_POINT('Ctrl Pts',(9.56551737671612,21.2061814581227,8.99227729108269));
#2863=CARTESIAN_POINT('',(14.2069136046377,17.6203299326467,6.72647943196865));
#2864=CARTESIAN_POINT('Ctrl Pts',(14.2069136046377,17.6203299326467,6.72647943196866));
#2865=CARTESIAN_POINT('Ctrl Pts',(14.5380633928981,18.1075178989541,6.8489768528235));
#2866=CARTESIAN_POINT('Ctrl Pts',(14.8093520241523,18.628937814239,6.97971285906978));
#2867=CARTESIAN_POINT('Ctrl Pts',(15.0168323435955,19.5156697122151,7.32085854072421));
#2868=CARTESIAN_POINT('Ctrl Pts',(15.0278724800439,19.8087173418692,7.4590634069398));
#2869=CARTESIAN_POINT('Ctrl Pts',(14.9818315874995,20.1702382933237,7.64028550056871));
#2870=CARTESIAN_POINT('Ctrl Pts',(14.9534300647002,20.2926313923809,7.7041315779592));
#2871=CARTESIAN_POINT('Ctrl Pts',(14.8646112553056,20.5182957491819,7.82213659391551));
#2872=CARTESIAN_POINT('Ctrl Pts',(14.8051784549138,20.6233761702135,7.87737099249301));
#2873=CARTESIAN_POINT('Ctrl Pts',(14.7247439847125,20.7176376686815,7.922118338578));
#2874=CARTESIAN_POINT('',(10.3335929452497,10.6660332309765,4.58607690320795));
#2875=CARTESIAN_POINT('Ctrl Pts',(10.3335929452497,10.6660332309765,4.58607690320795));
#2876=CARTESIAN_POINT('Ctrl Pts',(10.3466988540245,11.4501078141758,4.90794426804891));
#2877=CARTESIAN_POINT('Ctrl Pts',(10.4250916086007,12.2559695096556,5.23125132814378));
#2878=CARTESIAN_POINT('Ctrl Pts',(11.1284556414069,13.9093190158926,5.8106180309011));
#2879=CARTESIAN_POINT('Ctrl Pts',(11.6270378819658,14.5732561246641,6.00615589675263));
#2880=CARTESIAN_POINT('Ctrl Pts',(12.8673714598909,16.0160859695438,6.36954755053905));
#2881=CARTESIAN_POINT('Ctrl Pts',(13.6363231583646,16.7808765826252,6.51404795118484));
#2882=CARTESIAN_POINT('Ctrl Pts',(14.2069136046377,17.6203299326467,6.72647943196865));
#2883=CARTESIAN_POINT('',(8.48156110715286,10.6660332309765,4.76986771409948));
#2884=CARTESIAN_POINT('Ctrl Pts',(8.48156110715286,10.6660332309765,4.76986771409948));
#2885=CARTESIAN_POINT('Ctrl Pts',(8.35479191125723,10.1858450627345,4.47702471023052));
#2886=CARTESIAN_POINT('Ctrl Pts',(8.23476007339084,9.7660278469606,4.21328359613241));
#2887=CARTESIAN_POINT('Ctrl Pts',(8.24448202824465,9.17457161582335,3.83697621788702));
#2888=CARTESIAN_POINT('Ctrl Pts',(8.27916302529123,8.96173276019546,3.70063646998788));
#2889=CARTESIAN_POINT('Ctrl Pts',(8.48262253920153,8.54721091244805,3.43419693652653));
#2890=CARTESIAN_POINT('Ctrl Pts',(8.62179750948599,8.39283364534821,3.33472231794597));
#2891=CARTESIAN_POINT('Ctrl Pts',(8.89256080923868,8.16552278438018,3.18854204490431));
#2892=CARTESIAN_POINT('Ctrl Pts',(9.0471513908504,8.07601917744734,3.13115940094772));
#2893=CARTESIAN_POINT('Ctrl Pts',(9.31628320759581,7.97806827588095,3.06814102879627));
#2894=CARTESIAN_POINT('Ctrl Pts',(9.43169985864267,7.95413516028342,3.05262091053831));
#2895=CARTESIAN_POINT('Ctrl Pts',(9.62219793839416,7.95098843831349,3.04932595792166));
#2896=CARTESIAN_POINT('Ctrl Pts',(9.70111600351349,7.96129620583399,3.05508673442497));
#2897=CARTESIAN_POINT('Ctrl Pts',(9.84090504157011,8.00837642452491,3.08248172989114));
#2898=CARTESIAN_POINT('Ctrl Pts',(9.89906110571712,8.04034405642863,3.10125192237151));
#2899=CARTESIAN_POINT('Ctrl Pts',(10.0104826457734,8.12832972890015,3.15283898978353));
#2900=CARTESIAN_POINT('Ctrl Pts',(10.0588652053505,8.18529111802796,3.18619194723788));
#2901=CARTESIAN_POINT('Ctrl Pts',(10.1617132409576,8.34466766558482,3.27915692831441));
#2902=CARTESIAN_POINT('Ctrl Pts',(10.2044661044987,8.45744295516101,3.34460326873208));
#2903=CARTESIAN_POINT('Ctrl Pts',(10.2967231135304,8.79413899555369,3.53906408407887));
#2904=CARTESIAN_POINT('Ctrl Pts',(10.3197925648125,9.06427885193236,3.69387742649469));
#2905=CARTESIAN_POINT('Ctrl Pts',(10.3412620108767,9.74557723917697,4.08032495305563));
#2906=CARTESIAN_POINT('Ctrl Pts',(10.3258436219009,10.2024219256255,4.33716255066166));
#2907=CARTESIAN_POINT('Ctrl Pts',(10.3335929452497,10.6660332309765,4.58607690320795));
#2908=CARTESIAN_POINT('Ctrl Pts',(9.56551737671612,21.2061814581227,8.99227729108269));
#2909=CARTESIAN_POINT('Ctrl Pts',(9.30304180963103,20.9334172934495,8.90215799098354));
#2910=CARTESIAN_POINT('Ctrl Pts',(9.172228338197,20.5590125060341,8.75774760994066));
#2911=CARTESIAN_POINT('Ctrl Pts',(9.13081451911077,20.2734936544384,8.64414806250444));
#2912=CARTESIAN_POINT('Ctrl Pts',(9.08420191932937,19.9521329044973,8.51628807864335));
#2913=CARTESIAN_POINT('Ctrl Pts',(9.10674605710242,19.6378661653486,8.38663105585036));
#2914=CARTESIAN_POINT('Ctrl Pts',(9.13684786257651,19.3053535090195,8.24890667682079));
#2915=CARTESIAN_POINT('Ctrl Pts',(9.16986068801933,18.9406849415352,8.0978635479281));
#2916=CARTESIAN_POINT('Ctrl Pts',(9.20448301391928,18.6216168430574,7.96514361695122));
#2917=CARTESIAN_POINT('Ctrl Pts',(9.20670819952232,18.2373747557696,7.80818726920745));
#2918=CARTESIAN_POINT('Ctrl Pts',(9.2083525633038,17.9534282073131,7.69219994071158));
#2919=CARTESIAN_POINT('Ctrl Pts',(9.1923403463777,17.6320481333908,7.5622636018628));
#2920=CARTESIAN_POINT('Ctrl Pts',(9.1385505325709,17.2252012924451,7.400216756434));
#2921=CARTESIAN_POINT('Ctrl Pts',(9.0980216131004,16.9186550955621,7.27811959557706));
#2922=CARTESIAN_POINT('Ctrl Pts',(9.0496218842321,16.6488767768448,7.17155002654799));
#2923=CARTESIAN_POINT('Ctrl Pts',(9.01180931911198,16.4275418849185,7.08393394698776));
#2924=CARTESIAN_POINT('Ctrl Pts',(8.916273914339,15.8683278135272,6.86256738275656));
#2925=CARTESIAN_POINT('Ctrl Pts',(8.86503305887103,15.5394960538824,6.73184498602489));
#2926=CARTESIAN_POINT('Ctrl Pts',(8.83517436936605,15.0308927956254,6.52647509611017));
#2927=CARTESIAN_POINT('Ctrl Pts',(8.8215983421315,14.7996431393226,6.43309835168961));
#2928=CARTESIAN_POINT('Ctrl Pts',(8.81486773355372,14.5308905501176,6.32398604856227));
#2929=CARTESIAN_POINT('Ctrl Pts',(8.81661261241428,14.1857662759878,6.18316199874735));
#2930=CARTESIAN_POINT('Ctrl Pts',(8.8182888117947,13.8542263006114,6.04788086812918));
#2931=CARTESIAN_POINT('Ctrl Pts',(8.8250889042744,13.5245208341826,5.91298030529125));
#2932=CARTESIAN_POINT('Ctrl Pts',(8.82369893939249,13.2372185305506,5.79591768449592));
#2933=CARTESIAN_POINT('Ctrl Pts',(8.81965097165737,12.400513610544,5.45499848708579));
#2934=CARTESIAN_POINT('Ctrl Pts',(8.76738396323592,11.7486996684701,5.1940273463508));
#2935=CARTESIAN_POINT('Ctrl Pts',(8.48156110715286,10.6660332309765,4.76986771409948));
#2936=CARTESIAN_POINT('',(8.48156110715286,10.6660332309765,5.9073407722161));
#2937=CARTESIAN_POINT('Ctrl Pts',(8.48156110715286,10.6660332309765,5.9073407722161));
#2938=CARTESIAN_POINT('Ctrl Pts',(8.83387365865289,12.0005555300119,6.44830086673711));
#2939=CARTESIAN_POINT('Ctrl Pts',(8.83070674424105,12.5692152236936,6.68754242083867));
#2940=CARTESIAN_POINT('Ctrl Pts',(8.82301818766939,13.5432632544966,7.08234256428345));
#2941=CARTESIAN_POINT('Ctrl Pts',(8.82089819158065,13.8118413674748,7.19120236808853));
#2942=CARTESIAN_POINT('Ctrl Pts',(8.81371406401259,14.1111786653332,7.31182230511719));
#2943=CARTESIAN_POINT('Ctrl Pts',(8.81703243100138,14.4662215423938,7.4534784793531));
#2944=CARTESIAN_POINT('Ctrl Pts',(8.81992359012681,14.775556060667,7.57689778234114));
#2945=CARTESIAN_POINT('Ctrl Pts',(8.83586468960826,15.1047528860182,7.70721792280576));
#2946=CARTESIAN_POINT('Ctrl Pts',(8.86152714563036,15.3724816042794,7.81287069332384));
#2947=CARTESIAN_POINT('Ctrl Pts',(8.90899174371268,15.8676655413279,8.00828325573034));
#2948=CARTESIAN_POINT('Ctrl Pts',(8.98269262744413,16.2525185071653,8.15931932327697));
#2949=CARTESIAN_POINT('Ctrl Pts',(9.05242945911075,16.6657886996805,8.32158966267336));
#2950=CARTESIAN_POINT('Ctrl Pts',(9.11230194146468,17.0206013821244,8.46090668927017));
#2951=CARTESIAN_POINT('Ctrl Pts',(9.16860805705016,17.4147848486055,8.61559316040316));
#2952=CARTESIAN_POINT('Ctrl Pts',(9.19065153842192,17.7338227380709,8.74067909069987));
#2953=CARTESIAN_POINT('Ctrl Pts',(9.21952319407286,18.1516855941646,8.90451155642519));
#2954=CARTESIAN_POINT('Ctrl Pts',(9.20722203427516,18.515548657198,9.04694462387109));
#2955=CARTESIAN_POINT('Ctrl Pts',(9.17139901054012,18.929654235312,9.20873743631261));
#2956=CARTESIAN_POINT('Ctrl Pts',(9.12801027629532,19.4312176156388,9.40470038443408));
#2957=CARTESIAN_POINT('Ctrl Pts',(9.06611441493616,19.8826105444187,9.58078574366575));
#2958=CARTESIAN_POINT('Ctrl Pts',(9.13715500505652,20.3144800979425,9.7502231225977));
#2959=CARTESIAN_POINT('Ctrl Pts',(9.1982168321785,20.6856868119047,9.89586036917483));
#2960=CARTESIAN_POINT('Ctrl Pts',(9.33724205267589,20.9523231978402,10.0010239824522));
#2961=CARTESIAN_POINT('Ctrl Pts',(9.52816064798029,21.165904239781,10.0852314632487));
#2962=CARTESIAN_POINT('Ctrl Pts',(9.54035377537615,21.1795447175436,10.0906094231033));
#2963=CARTESIAN_POINT('Ctrl Pts',(9.55280644557553,21.1929722800141,10.0959036111693));
#2964=CARTESIAN_POINT('Ctrl Pts',(9.56551737671612,21.2061814581227,10.1011117861451));
#2965=CARTESIAN_POINT('Ctrl Pts',(10.3335929452497,10.6660332309765,5.64299582014425));
#2966=CARTESIAN_POINT('Ctrl Pts',(10.3246313809483,10.1298983535493,5.35909578008472));
#2967=CARTESIAN_POINT('Ctrl Pts',(10.3469791015764,9.60062788685645,5.06620778578538));
#2968=CARTESIAN_POINT('Ctrl Pts',(10.3065076139035,8.93160246674497,4.69648476338939));
#2969=CARTESIAN_POINT('Ctrl Pts',(10.2795817738569,8.71615706619736,4.57700945870915));
#2970=CARTESIAN_POINT('Ctrl Pts',(10.191995468338,8.42341498050916,4.41370801325292));
#2971=CARTESIAN_POINT('Ctrl Pts',(10.1466497736161,8.31378202125001,4.35227858794741));
#2972=CARTESIAN_POINT('Ctrl Pts',(10.034522655646,8.15480870588264,4.26269154822069));
#2973=CARTESIAN_POINT('Ctrl Pts',(9.978386137243,8.09650759198453,4.22966831065934));
#2974=CARTESIAN_POINT('Ctrl Pts',(9.84975151844724,8.01225441205872,4.18199321671706));
#2975=CARTESIAN_POINT('Ctrl Pts',(9.78428551125075,7.98486666693627,4.16653576808936));
#2976=CARTESIAN_POINT('Ctrl Pts',(9.63691655537483,7.95192606094814,4.14863169147501));
#2977=CARTESIAN_POINT('Ctrl Pts',(9.55842719947828,7.94872065760767,4.14755440956967));
#2978=CARTESIAN_POINT('Ctrl Pts',(9.37602308076262,7.96472723790647,4.15955799056656));
#2979=CARTESIAN_POINT('Ctrl Pts',(9.27283567833408,7.9919513592493,4.17760794730847));
#2980=CARTESIAN_POINT('Ctrl Pts',(9.04386506543823,8.08059389791333,4.23610719135198));
#2981=CARTESIAN_POINT('Ctrl Pts',(8.91164752364935,8.15634658961906,4.28590896487638));
#2982=CARTESIAN_POINT('Ctrl Pts',(8.65761673179698,8.35711098340379,4.41849910028232));
#2983=CARTESIAN_POINT('Ctrl Pts',(8.52796728794207,8.49449356591342,4.50952655201416));
#2984=CARTESIAN_POINT('Ctrl Pts',(8.31858451322025,8.85384293340381,4.74720215115008));
#2985=CARTESIAN_POINT('Ctrl Pts',(8.27221178941389,9.03795925525092,4.8685201804777));
#2986=CARTESIAN_POINT('Ctrl Pts',(8.22493560043245,9.42621151873433,5.12262872762026));
#2987=CARTESIAN_POINT('Ctrl Pts',(8.24865776596145,9.66457749210436,5.27710588064552));
#2988=CARTESIAN_POINT('Ctrl Pts',(8.34139836544519,10.1462773731839,5.58409891102115));
#2989=CARTESIAN_POINT('Ctrl Pts',(8.4096962122419,10.3938166881138,5.73947556243664));
#2990=CARTESIAN_POINT('Ctrl Pts',(8.48156110715286,10.6660332309765,5.9073407722161));
#2991=CARTESIAN_POINT('Ctrl Pts',(14.8396237075719,15.1593657729879,15.9744383405643));
#2992=CARTESIAN_POINT('Ctrl Pts',(14.8396237075719,15.1593657729879,-0.0255616594356955));
#2993=CARTESIAN_POINT('Ctrl Pts',(14.9115530730946,15.1360515678867,15.9744383405643));
#2994=CARTESIAN_POINT('Ctrl Pts',(14.9115530730946,15.1360515678867,-0.0255616594356955));
#2995=CARTESIAN_POINT('Ctrl Pts',(15.0426034703537,15.0637327581664,15.9744383405643));
#2996=CARTESIAN_POINT('Ctrl Pts',(15.0426034703537,15.0637327581664,-0.0255616594356955));
#2997=CARTESIAN_POINT('Ctrl Pts',(15.1971073541979,14.8806326110395,15.9744383405643));
#2998=CARTESIAN_POINT('Ctrl Pts',(15.1971073541979,14.8806326110395,-0.0255616594356955));
#2999=CARTESIAN_POINT('Ctrl Pts',(15.3072509091889,14.5087643585153,15.9744383405643));
#3000=CARTESIAN_POINT('Ctrl Pts',(15.3072509091889,14.5087643585153,-0.0255616594356955));
#3001=CARTESIAN_POINT('Ctrl Pts',(15.2732898329592,13.9188781599773,15.9744383405643));
#3002=CARTESIAN_POINT('Ctrl Pts',(15.2732898329592,13.9188781599773,-0.0255616594356955));
#3003=CARTESIAN_POINT('Ctrl Pts',(15.0769478815228,13.300547682722,15.9744383405643));
#3004=CARTESIAN_POINT('Ctrl Pts',(15.0769478815228,13.300547682722,-0.0255616594356955));
#3005=CARTESIAN_POINT('Ctrl Pts',(14.7511462038724,12.7361190746111,15.9744383405643));
#3006=CARTESIAN_POINT('Ctrl Pts',(14.7511462038724,12.7361190746111,-0.0255616594356955));
#3007=CARTESIAN_POINT('Ctrl Pts',(14.3581653363019,12.2652510394023,15.9744383405643));
#3008=CARTESIAN_POINT('Ctrl Pts',(14.3581653363019,12.2652510394023,-0.0255616594356955));
#3009=CARTESIAN_POINT('Ctrl Pts',(13.9860430075167,11.8728930012778,15.9744383405643));
#3010=CARTESIAN_POINT('Ctrl Pts',(13.9860430075167,11.8728930012778,-0.0255616594356955));
#3011=CARTESIAN_POINT('Ctrl Pts',(13.724329792177,11.5151090517894,15.9744383405643));
#3012=CARTESIAN_POINT('Ctrl Pts',(13.724329792177,11.5151090517894,-0.0255616594356955));
#3013=CARTESIAN_POINT('Ctrl Pts',(13.6424897042958,11.1381506724877,15.9744383405643));
#3014=CARTESIAN_POINT('Ctrl Pts',(13.6424897042958,11.1381506724877,-0.0255616594356955));
#3015=CARTESIAN_POINT('Ctrl Pts',(13.7702824237093,10.6981833250441,15.9744383405643));
#3016=CARTESIAN_POINT('Ctrl Pts',(13.7702824237093,10.6981833250441,-0.0255616594356955));
#3017=CARTESIAN_POINT('Ctrl Pts',(14.0694002449959,10.1855428469612,15.9744383405643));
#3018=CARTESIAN_POINT('Ctrl Pts',(14.0694002449959,10.1855428469612,-0.0255616594356955));
#3019=CARTESIAN_POINT('Ctrl Pts',(14.4426386788874,9.62588054187162,15.9744383405643));
#3020=CARTESIAN_POINT('Ctrl Pts',(14.4426386788874,9.62588054187162,-0.0255616594356955));
#3021=CARTESIAN_POINT('Ctrl Pts',(14.7687836036387,9.06479168151267,15.9744383405643));
#3022=CARTESIAN_POINT('Ctrl Pts',(14.7687836036387,9.06479168151267,-0.0255616594356955));
#3023=CARTESIAN_POINT('Ctrl Pts',(14.9309504216278,8.55716422909316,15.9744383405643));
#3024=CARTESIAN_POINT('Ctrl Pts',(14.9309504216278,8.55716422909316,-0.0255616594356955));
#3025=CARTESIAN_POINT('Ctrl Pts',(14.8448809147326,8.15534474233604,15.9744383405643));
#3026=CARTESIAN_POINT('Ctrl Pts',(14.8448809147326,8.15534474233604,-0.0255616594356955));
#3027=CARTESIAN_POINT('Ctrl Pts',(14.4939618887738,7.89614090785169,15.9744383405643));
#3028=CARTESIAN_POINT('Ctrl Pts',(14.4939618887738,7.89614090785169,-0.0255616594356955));
#3029=CARTESIAN_POINT('Ctrl Pts',(13.9396471456978,7.79390726411464,15.9744383405643));
#3030=CARTESIAN_POINT('Ctrl Pts',(13.9396471456978,7.79390726411464,-0.0255616594356955));
#3031=CARTESIAN_POINT('Ctrl Pts',(13.284342616562,7.84625570771892,15.9744383405643));
#3032=CARTESIAN_POINT('Ctrl Pts',(13.284342616562,7.84625570771892,-0.0255616594356955));
#3033=CARTESIAN_POINT('Ctrl Pts',(12.6436048866227,8.03681662690136,15.9744383405643));
#3034=CARTESIAN_POINT('Ctrl Pts',(12.6436048866227,8.03681662690136,-0.0255616594356955));
#3035=CARTESIAN_POINT('Ctrl Pts',(12.1175318150468,8.33923858621889,15.9744383405643));
#3036=CARTESIAN_POINT('Ctrl Pts',(12.1175318150468,8.33923858621889,-0.0255616594356955));
#3037=CARTESIAN_POINT('Ctrl Pts',(11.7556986365358,8.72020273484539,15.9744383405643));
#3038=CARTESIAN_POINT('Ctrl Pts',(11.7556986365358,8.72020273484539,-0.0255616594356955));
#3039=CARTESIAN_POINT('Ctrl Pts',(11.5497346725361,9.14418479175258,15.9744383405643));
#3040=CARTESIAN_POINT('Ctrl Pts',(11.5497346725361,9.14418479175258,-0.0255616594356955));
#3041=CARTESIAN_POINT('Ctrl Pts',(11.4614734263051,9.5799921892411,15.9744383405643));
#3042=CARTESIAN_POINT('Ctrl Pts',(11.4614734263051,9.5799921892411,-0.0255616594356955));
#3043=CARTESIAN_POINT('Ctrl Pts',(11.4420178658916,10.0069911138132,15.9744383405643));
#3044=CARTESIAN_POINT('Ctrl Pts',(11.4420178658916,10.0069911138132,-0.0255616594356955));
#3045=CARTESIAN_POINT('Ctrl Pts',(11.4539419312474,10.4212520158414,15.9744383405643));
#3046=CARTESIAN_POINT('Ctrl Pts',(11.4539419312474,10.4212520158414,-0.0255616594356955));
#3047=CARTESIAN_POINT('Ctrl Pts',(11.4933836985251,10.8424991990683,15.9744383405643));
#3048=CARTESIAN_POINT('Ctrl Pts',(11.4933836985251,10.8424991990683,-0.0255616594356955));
#3049=CARTESIAN_POINT('Ctrl Pts',(11.5790893606605,11.301869275174,15.9744383405643));
#3050=CARTESIAN_POINT('Ctrl Pts',(11.5790893606605,11.301869275174,-0.0255616594356955));
#3051=CARTESIAN_POINT('Ctrl Pts',(11.7395211483658,11.8286420156351,15.9744383405643));
#3052=CARTESIAN_POINT('Ctrl Pts',(11.7395211483658,11.8286420156351,-0.0255616594356955));
#3053=CARTESIAN_POINT('Ctrl Pts',(12.0009021264382,12.4375743658426,15.9744383405643));
#3054=CARTESIAN_POINT('Ctrl Pts',(12.0009021264382,12.4375743658426,-0.0255616594356955));
#3055=CARTESIAN_POINT('Ctrl Pts',(12.3745292574535,13.1154001923739,15.9744383405643));
#3056=CARTESIAN_POINT('Ctrl Pts',(12.3745292574535,13.1154001923739,-0.0255616594356955));
#3057=CARTESIAN_POINT('Ctrl Pts',(12.8452720188281,13.8089900470676,15.9744383405643));
#3058=CARTESIAN_POINT('Ctrl Pts',(12.8452720188281,13.8089900470676,-0.0255616594356955));
#3059=CARTESIAN_POINT('Ctrl Pts',(13.3790758504764,14.4427126500687,15.9744383405643));
#3060=CARTESIAN_POINT('Ctrl Pts',(13.3790758504764,14.4427126500687,-0.0255616594356955));
#3061=CARTESIAN_POINT('Ctrl Pts',(13.9294421101544,14.9342273604057,15.9744383405643));
#3062=CARTESIAN_POINT('Ctrl Pts',(13.9294421101544,14.9342273604057,-0.0255616594356955));
#3063=CARTESIAN_POINT('Ctrl Pts',(14.3412483892957,15.1555045402375,15.9744383405643));
#3064=CARTESIAN_POINT('Ctrl Pts',(14.3412483892957,15.1555045402375,-0.0255616594356955));
#3065=CARTESIAN_POINT('Ctrl Pts',(14.6110272772174,15.2036179887735,15.9744383405643));
#3066=CARTESIAN_POINT('Ctrl Pts',(14.6110272772174,15.2036179887735,-0.0255616594356955));
#3067=CARTESIAN_POINT('Ctrl Pts',(14.7676943420492,15.1826799780891,15.9744383405643));
#3068=CARTESIAN_POINT('Ctrl Pts',(14.7676943420492,15.1826799780891,-0.0255616594356955));
#3069=CARTESIAN_POINT('Ctrl Pts',(14.8396237075719,15.1593657729879,15.9744383405643));
#3070=CARTESIAN_POINT('Ctrl Pts',(14.8396237075719,15.1593657729879,-0.0255616594356955));
#3071=CARTESIAN_POINT('',(14.8396237075719,15.1593657729879,5.75448428572673));
#3072=CARTESIAN_POINT('',(14.6479046939805,15.1852772100838,5.93387015773888));
#3073=CARTESIAN_POINT('Ctrl Pts',(14.8396237075719,15.1593657729879,5.75448428572673));
#3074=CARTESIAN_POINT('Ctrl Pts',(14.784991893495,15.1770733852987,5.81385548920028));
#3075=CARTESIAN_POINT('Ctrl Pts',(14.725879704776,15.1859039786037,5.86983685657038));
#3076=CARTESIAN_POINT('Ctrl Pts',(14.6625246362121,15.1855259302692,5.92196915644648));
#3077=CARTESIAN_POINT('Ctrl Pts',(14.6576761619217,15.1854969987619,5.92595876803368));
#3078=CARTESIAN_POINT('Ctrl Pts',(14.6528028156772,15.1854141410834,5.92992583707354));
#3079=CARTESIAN_POINT('Ctrl Pts',(14.6479046939798,15.1852772100838,5.93387015773888));
#3080=CARTESIAN_POINT('',(14.8396237075719,15.1593657729879,6.8604933320619));
#3081=CARTESIAN_POINT('',(14.8396237075719,15.1593657729879,15.9744383405643));
#3082=CARTESIAN_POINT('',(11.4815511965949,10.6660332309765,5.37135155820999));
#3083=CARTESIAN_POINT('Ctrl Pts',(11.4815511965949,10.6660332309765,5.37135155820999));
#3084=CARTESIAN_POINT('Ctrl Pts',(11.4977853121495,10.8172378374368,5.45335962199898));
#3085=CARTESIAN_POINT('Ctrl Pts',(11.5205596434252,10.9669386088578,5.5316813586414));
#3086=CARTESIAN_POINT('Ctrl Pts',(11.7306952322912,11.9863232448002,6.04602291967844));
#3087=CARTESIAN_POINT('Ctrl Pts',(12.1632534005644,12.7684594457282,6.36284425383821));
#3088=CARTESIAN_POINT('Ctrl Pts',(12.9066901927695,13.897305411718,6.81734566381709));
#3089=CARTESIAN_POINT('Ctrl Pts',(13.3684279016243,14.4499737188839,7.03627028668472));
#3090=CARTESIAN_POINT('Ctrl Pts',(13.9609342100089,14.9161788259718,7.13140454876769));
#3091=CARTESIAN_POINT('Ctrl Pts',(14.1314374317657,15.0294639056746,7.14262314965039));
#3092=CARTESIAN_POINT('Ctrl Pts',(14.3981019054276,15.1420142985723,7.09992732831888));
#3093=CARTESIAN_POINT('Ctrl Pts',(14.492922527832,15.1700607722859,7.07345514904014));
#3094=CARTESIAN_POINT('Ctrl Pts',(14.6608798567347,15.1894549285271,6.99577972240182));
#3095=CARTESIAN_POINT('Ctrl Pts',(14.7304192741468,15.1861798912775,6.95207702257015));
#3096=CARTESIAN_POINT('Ctrl Pts',(14.8097846526228,15.1682931638877,6.8872125379081));
#3097=CARTESIAN_POINT('Ctrl Pts',(14.8249587649173,15.1641190678121,6.87401345536639));
#3098=CARTESIAN_POINT('Ctrl Pts',(14.8396237075719,15.1593657729879,6.8604933320619));
#3099=CARTESIAN_POINT('',(14.7690906108786,8.17585676201019,4.05448114122055));
#3100=CARTESIAN_POINT('Ctrl Pts',(14.7690906108786,8.17585676201019,4.05448114122055));
#3101=CARTESIAN_POINT('Ctrl Pts',(14.7261631824772,8.11528607897966,4.04903739086881));
#3102=CARTESIAN_POINT('Ctrl Pts',(14.6718574268615,8.06488659343482,4.04417558519974));
#3103=CARTESIAN_POINT('Ctrl Pts',(14.5239679808727,7.96427938403524,4.03373354439526));
#3104=CARTESIAN_POINT('Ctrl Pts',(14.4241125856593,7.9229721320228,4.02876506189577));
#3105=CARTESIAN_POINT('Ctrl Pts',(14.1560009995281,7.84651311798489,4.01965594179786));
#3106=CARTESIAN_POINT('Ctrl Pts',(13.9608745891559,7.82624214817302,4.01727127516887));
#3107=CARTESIAN_POINT('Ctrl Pts',(13.4445914851451,7.83792165213728,4.03006263760817));
#3108=CARTESIAN_POINT('Ctrl Pts',(13.1020210568798,7.90114364458576,4.05536471473201));
#3109=CARTESIAN_POINT('Ctrl Pts',(12.5350098251603,8.11331952602426,4.15564528159916));
#3110=CARTESIAN_POINT('Ctrl Pts',(12.2725022245648,8.24966878901129,4.22280686083752));
#3111=CARTESIAN_POINT('Ctrl Pts',(11.8821338380654,8.59774679359652,4.40129902527819));
#3112=CARTESIAN_POINT('Ctrl Pts',(11.7524354656201,8.76716023937409,4.48943466150141));
#3113=CARTESIAN_POINT('Ctrl Pts',(11.5575921249716,9.16323836804455,4.69145380209349));
#3114=CARTESIAN_POINT('Ctrl Pts',(11.5033381013383,9.37897124554752,4.79920319718342));
#3115=CARTESIAN_POINT('Ctrl Pts',(11.4330214834514,9.94567803042194,5.06891714342485));
#3116=CARTESIAN_POINT('Ctrl Pts',(11.4471462922453,10.345585837031,5.24573473212772));
#3117=CARTESIAN_POINT('Ctrl Pts',(11.4815511965949,10.6660332309765,5.37135155820999));
#3118=CARTESIAN_POINT('',(14.2601350615888,9.89884758905827,4.32499241209567));
#3119=CARTESIAN_POINT('Ctrl Pts',(14.2601350615888,9.89884758905827,4.32499241209567));
#3120=CARTESIAN_POINT('Ctrl Pts',(14.5085132818757,9.50620942831197,4.10125879090574));
#3121=CARTESIAN_POINT('Ctrl Pts',(14.7234995901057,9.15247006352623,3.86623417041395));
#3122=CARTESIAN_POINT('Ctrl Pts',(14.8427371565961,8.76004525543481,3.77757349701761));
#3123=CARTESIAN_POINT('Ctrl Pts',(14.8614307687352,8.67685742272734,3.76845317578735));
#3124=CARTESIAN_POINT('Ctrl Pts',(14.8737392667742,8.53468801819878,3.78458834927797));
#3125=CARTESIAN_POINT('Ctrl Pts',(14.872820002502,8.47843244927932,3.80037442599049));
#3126=CARTESIAN_POINT('Ctrl Pts',(14.8584572844231,8.3733439457787,3.85128896171391));
#3127=CARTESIAN_POINT('Ctrl Pts',(14.8458399733271,8.32761849716657,3.88424917547998));
#3128=CARTESIAN_POINT('Ctrl Pts',(14.8125527021275,8.24435926672567,3.96222584535791));
#3129=CARTESIAN_POINT('Ctrl Pts',(14.7915662266265,8.20756989853104,4.00760933517726));
#3130=CARTESIAN_POINT('Ctrl Pts',(14.7690906108786,8.17585676201019,4.05448114122055));
#3131=CARTESIAN_POINT('',(13.8189192748181,10.6660332309765,4.54172244134154));
#3132=CARTESIAN_POINT('Ctrl Pts',(13.8189192748181,10.6660332309765,4.54172244134153));
#3133=CARTESIAN_POINT('Ctrl Pts',(13.9214067094495,10.435798511909,4.48161835611751));
#3134=CARTESIAN_POINT('Ctrl Pts',(14.0769537053773,10.188422056187,4.40209494013231));
#3135=CARTESIAN_POINT('Ctrl Pts',(14.2601350615888,9.89884758905827,4.32499241209568));
#3136=CARTESIAN_POINT('Ctrl Pts',(14.8396237075719,15.1593657729879,6.8604933320619));
#3137=CARTESIAN_POINT('Ctrl Pts',(14.8904794125679,15.1428820972565,6.81360767976352));
#3138=CARTESIAN_POINT('Ctrl Pts',(14.9352078291222,15.1194406477218,6.76285413698862));
#3139=CARTESIAN_POINT('Ctrl Pts',(15.0500953903093,15.0372771537372,6.60911535645609));
#3140=CARTESIAN_POINT('Ctrl Pts',(15.1068098991855,14.9650709962754,6.49947320185843));
#3141=CARTESIAN_POINT('Ctrl Pts',(15.2187646405763,14.7587032053171,6.21901609639733));
#3142=CARTESIAN_POINT('Ctrl Pts',(15.2615968273069,14.5906243001421,6.01620074948594));
#3143=CARTESIAN_POINT('Ctrl Pts',(15.2796774269016,14.1955281437079,5.66604995104462));
#3144=CARTESIAN_POINT('Ctrl Pts',(15.2555642259147,13.9758287263706,5.52482261131822));
#3145=CARTESIAN_POINT('Ctrl Pts',(15.1506620858986,13.5736707051423,5.33953812998788));
#3146=CARTESIAN_POINT('Ctrl Pts',(15.0715085400645,13.3236675887669,5.24664451324018));
#3147=CARTESIAN_POINT('Ctrl Pts',(14.8049548865864,12.8582799802795,5.16651104736733));
#3148=CARTESIAN_POINT('Ctrl Pts',(14.7115008681013,12.7199137903185,5.15244501718455));
#3149=CARTESIAN_POINT('Ctrl Pts',(14.3772800549156,12.2806835685181,5.12374914709888));
#3150=CARTESIAN_POINT('Ctrl Pts',(14.1343072234182,12.0405482471381,5.13036110454212));
#3151=CARTESIAN_POINT('Ctrl Pts',(13.8594713933849,11.6840351525142,5.07287969908485));
#3152=CARTESIAN_POINT('Ctrl Pts',(13.7834501789371,11.5630933787598,5.04088500544574));
#3153=CARTESIAN_POINT('Ctrl Pts',(13.7033047184217,11.3335680276951,4.94883275674279));
#3154=CARTESIAN_POINT('Ctrl Pts',(13.6898925482615,11.2358075431588,4.8996136981519));
#3155=CARTESIAN_POINT('Ctrl Pts',(13.6991922231491,10.9919918278068,4.76091914657105));
#3156=CARTESIAN_POINT('Ctrl Pts',(13.7421117289943,10.8385789074159,4.65968317071922));
#3157=CARTESIAN_POINT('Ctrl Pts',(13.8189192748181,10.6660332309765,4.54172244134153));
#3158=CARTESIAN_POINT('',(15.1397048109608,14.9039370160528,5.30187015042361));
#3159=CARTESIAN_POINT('Ctrl Pts',(15.1397048109608,14.9039370160528,5.30187015042361));
#3160=CARTESIAN_POINT('Ctrl Pts',(15.1264348718954,14.9269850981164,5.33128415116333));
#3161=CARTESIAN_POINT('Ctrl Pts',(15.1121832723295,14.9488340527904,5.36055159599698));
#3162=CARTESIAN_POINT('Ctrl Pts',(15.0373245497186,15.0499317334882,5.50335334797723));
#3163=CARTESIAN_POINT('Ctrl Pts',(14.9601584181594,15.1142608690293,5.61866018667915));
#3164=CARTESIAN_POINT('Ctrl Pts',(14.8552149915673,15.1540994151742,5.737369549325));
#3165=CARTESIAN_POINT('Ctrl Pts',(14.8474655123593,15.1568240371635,5.7459618425808));
#3166=CARTESIAN_POINT('Ctrl Pts',(14.8396237075719,15.1593657729879,5.75448428572673));
#3167=CARTESIAN_POINT('',(14.8530245895256,15.1548123422208,4.9645588303));
#3168=CARTESIAN_POINT('Ctrl Pts',(14.8530245895256,15.1548123422208,4.9645588303));
#3169=CARTESIAN_POINT('Ctrl Pts',(14.8890228624181,15.1420095629691,5.00759265707939));
#3170=CARTESIAN_POINT('Ctrl Pts',(14.9243679019088,15.1247820237262,5.04967676760882));
#3171=CARTESIAN_POINT('Ctrl Pts',(15.0188879036005,15.0625837820993,5.16163382025555));
#3172=CARTESIAN_POINT('Ctrl Pts',(15.0738378075887,15.0075129810794,5.2260353665221));
#3173=CARTESIAN_POINT('Ctrl Pts',(15.1271824216223,14.9250622534855,5.28750469598865));
#3174=CARTESIAN_POINT('Ctrl Pts',(15.1335518176887,14.9146239297735,5.29482267211468));
#3175=CARTESIAN_POINT('Ctrl Pts',(15.1397048109608,14.9039370160528,5.30187015042361));
#3176=CARTESIAN_POINT('',(13.9705799296091,11.8279846138875,3.77767778229762));
#3177=CARTESIAN_POINT('Ctrl Pts',(13.9705799296091,11.8279846138875,3.77767778229762));
#3178=CARTESIAN_POINT('Ctrl Pts',(13.9736458153961,11.8318906106956,3.77671656325872));
#3179=CARTESIAN_POINT('Ctrl Pts',(13.9767300029264,11.8357996471528,3.77573294687889));
#3180=CARTESIAN_POINT('Ctrl Pts',(14.1390113047597,12.0404687337326,3.72312542473555));
#3181=CARTESIAN_POINT('Ctrl Pts',(14.3458441147482,12.2507398884003,3.61334650045033));
#3182=CARTESIAN_POINT('Ctrl Pts',(14.654310974037,12.6412255103153,3.43269524972353));
#3183=CARTESIAN_POINT('Ctrl Pts',(14.7478794068366,12.7721116260166,3.37540412082568));
#3184=CARTESIAN_POINT('Ctrl Pts',(14.9126066460671,13.0402731150868,3.27971463304375));
#3185=CARTESIAN_POINT('Ctrl Pts',(15.0182052773438,13.2328203127318,3.21385899295773));
#3186=CARTESIAN_POINT('Ctrl Pts',(15.1458622604326,13.5688136702554,3.20163661463675));
#3187=CARTESIAN_POINT('Ctrl Pts',(15.1816568601965,13.6846070824918,3.21366379167744));
#3188=CARTESIAN_POINT('Ctrl Pts',(15.2418647280699,13.9384313229922,3.28473450941647));
#3189=CARTESIAN_POINT('Ctrl Pts',(15.260497506726,14.0669474947003,3.35013180091122));
#3190=CARTESIAN_POINT('Ctrl Pts',(15.2768467684219,14.3164392100248,3.53429723842801));
#3191=CARTESIAN_POINT('Ctrl Pts',(15.2718629949575,14.4211763282549,3.64799443991421));
#3192=CARTESIAN_POINT('Ctrl Pts',(15.2393609610232,14.6852865008004,3.97881513012587));
#3193=CARTESIAN_POINT('Ctrl Pts',(15.1860303899924,14.8571928660695,4.25455312765867));
#3194=CARTESIAN_POINT('Ctrl Pts',(15.0276160925886,15.0576352675536,4.66824256095232));
#3195=CARTESIAN_POINT('Ctrl Pts',(14.9518822393588,15.1196536369148,4.82235132785353));
#3196=CARTESIAN_POINT('Ctrl Pts',(14.8530245895256,15.1548123422208,4.9645588303));
#3197=CARTESIAN_POINT('',(14.0001162872451,11.8650342861444,3.81471055658073));
#3198=CARTESIAN_POINT('Ctrl Pts',(14.0001162872451,11.8650342861444,3.81471055658073));
#3199=CARTESIAN_POINT('Ctrl Pts',(13.9900888144984,11.8526380065995,3.80214867361364));
#3200=CARTESIAN_POINT('Ctrl Pts',(13.9802415089769,11.8402936497721,3.78979892403626));
#3201=CARTESIAN_POINT('Ctrl Pts',(13.9705799296377,11.8279846139239,3.77767778229763));
#3202=CARTESIAN_POINT('',(13.9076126367433,11.744346872666,3.79474932052875));
#3203=CARTESIAN_POINT('Ctrl Pts',(13.9076126367452,11.7443468726686,3.79474932052875));
#3204=CARTESIAN_POINT('Ctrl Pts',(13.9362949703733,11.7843019214527,3.8029664834179));
#3205=CARTESIAN_POINT('Ctrl Pts',(13.9672585609415,11.824414523744,3.80941929489881));
#3206=CARTESIAN_POINT('Ctrl Pts',(14.0001162872955,11.8650342862066,3.81471055658073));
#3207=CARTESIAN_POINT('',(13.8189192748181,10.6660332309765,3.17685374320588));
#3208=CARTESIAN_POINT('Ctrl Pts',(13.8189192748181,10.6660332309765,3.17685374320588));
#3209=CARTESIAN_POINT('Ctrl Pts',(13.7450616322031,10.831952044923,3.38274836995975));
#3210=CARTESIAN_POINT('Ctrl Pts',(13.6989847838884,10.9876907026708,3.53823312323998));
#3211=CARTESIAN_POINT('Ctrl Pts',(13.6909440868697,11.2130786396995,3.69350691827802));
#3212=CARTESIAN_POINT('Ctrl Pts',(13.69777758676,11.2910358682257,3.73582794176863));
#3213=CARTESIAN_POINT('Ctrl Pts',(13.7391032302373,11.4461247144697,3.78964721329568));
#3214=CARTESIAN_POINT('Ctrl Pts',(13.7686903254353,11.5164490351838,3.80222918249911));
#3215=CARTESIAN_POINT('Ctrl Pts',(13.8358423776845,11.6391122740131,3.80693033866584));
#3216=CARTESIAN_POINT('Ctrl Pts',(13.8697811620006,11.6916468923046,3.80316938065085));
#3217=CARTESIAN_POINT('Ctrl Pts',(13.9076126367433,11.744346872666,3.79474932052875));
#3218=CARTESIAN_POINT('',(14.1955356590136,7.8640544531309,2.95150207231681));
#3219=CARTESIAN_POINT('Ctrl Pts',(14.1955356590136,7.8640544531309,2.95150207231681));
#3220=CARTESIAN_POINT('Ctrl Pts',(14.344735917738,7.89258858180831,2.68857758106876));
#3221=CARTESIAN_POINT('Ctrl Pts',(14.5229487881321,7.94823582865806,2.37086586614902));
#3222=CARTESIAN_POINT('Ctrl Pts',(14.7093968314079,8.10034536412799,2.03420543900489));
#3223=CARTESIAN_POINT('Ctrl Pts',(14.7613011940011,8.15471482399329,1.93992055680817));
#3224=CARTESIAN_POINT('Ctrl Pts',(14.8229274780088,8.26637226903444,1.82496311388197));
#3225=CARTESIAN_POINT('Ctrl Pts',(14.8417193243316,8.31220266385183,1.78914591663607));
#3226=CARTESIAN_POINT('Ctrl Pts',(14.8650852240113,8.4102096994586,1.74164537801458));
#3227=CARTESIAN_POINT('Ctrl Pts',(14.8709030969969,8.45770542897879,1.72814254402342));
#3228=CARTESIAN_POINT('Ctrl Pts',(14.8726285013399,8.56138385797001,1.71740204902389));
#3229=CARTESIAN_POINT('Ctrl Pts',(14.8679232725022,8.61456750597287,1.72142769416202));
#3230=CARTESIAN_POINT('Ctrl Pts',(14.8471380874869,8.74337505685364,1.74689671584381));
#3231=CARTESIAN_POINT('Ctrl Pts',(14.8264176294125,8.81851304100187,1.77612375533374));
#3232=CARTESIAN_POINT('Ctrl Pts',(14.7150509955979,9.14901407525301,1.93706211480814));
#3233=CARTESIAN_POINT('Ctrl Pts',(14.5509246232276,9.43275842477383,2.18364153715336));
#3234=CARTESIAN_POINT('Ctrl Pts',(14.2860412546984,9.85957242923869,2.55925262210179));
#3235=CARTESIAN_POINT('Ctrl Pts',(14.1856575577666,10.0144665147255,2.69739519340154));
#3236=CARTESIAN_POINT('Ctrl Pts',(13.990389459072,10.3324820967335,2.9578898534969));
#3237=CARTESIAN_POINT('Ctrl Pts',(13.8925136071986,10.5007059349862,3.08348181863171));
#3238=CARTESIAN_POINT('Ctrl Pts',(13.8189192748181,10.6660332309765,3.17685374320588));
#3239=CARTESIAN_POINT('',(11.4815511965949,10.6660332309765,4.39639512220735));
#3240=CARTESIAN_POINT('Ctrl Pts',(11.4815511965949,10.6660332309765,4.39639512220735));
#3241=CARTESIAN_POINT('Ctrl Pts',(11.4577000165474,10.4438832604057,4.30097948310972));
#3242=CARTESIAN_POINT('Ctrl Pts',(11.4470187855861,10.2063199101458,4.19057468932233));
#3243=CARTESIAN_POINT('Ctrl Pts',(11.45622967318,9.60720267517148,3.90002910390792));
#3244=CARTESIAN_POINT('Ctrl Pts',(11.5080977195735,9.30925262702564,3.74252478362257));
#3245=CARTESIAN_POINT('Ctrl Pts',(11.7040750118123,8.84090635285091,3.49103402153897));
#3246=CARTESIAN_POINT('Ctrl Pts',(11.8325744048828,8.65331141163155,3.38783831969734));
#3247=CARTESIAN_POINT('Ctrl Pts',(12.1911035743498,8.31261694181075,3.20108763874334));
#3248=CARTESIAN_POINT('Ctrl Pts',(12.4164875461652,8.17392326296371,3.12562627885485));
#3249=CARTESIAN_POINT('Ctrl Pts',(12.9017956053132,7.96634330382714,3.01515539734092));
#3250=CARTESIAN_POINT('Ctrl Pts',(13.1662629739399,7.8942685158369,2.97841512123785));
#3251=CARTESIAN_POINT('Ctrl Pts',(13.7020277233143,7.81964739052629,2.9391200684948));
#3252=CARTESIAN_POINT('Ctrl Pts',(13.9683540964191,7.82060662002637,2.93811792991315));
#3253=CARTESIAN_POINT('Ctrl Pts',(14.1955356590137,7.8640544531309,2.95150207231681));
#3254=CARTESIAN_POINT('',(13.7231141770046,14.7265721162739,5.60941592829831));
#3255=CARTESIAN_POINT('Ctrl Pts',(13.7231141770046,14.7265721162739,5.6094159282983));
#3256=CARTESIAN_POINT('Ctrl Pts',(13.4090755714957,14.4622419551805,5.57777020986531));
#3257=CARTESIAN_POINT('Ctrl Pts',(13.0887586424087,14.1042104057901,5.50283114893791));
#3258=CARTESIAN_POINT('Ctrl Pts',(12.423357742987,13.2019617461782,5.27242263590137));
#3259=CARTESIAN_POINT('Ctrl Pts',(12.0629821633555,12.5942137516039,5.09099248534718));
#3260=CARTESIAN_POINT('Ctrl Pts',(11.6149032664794,11.4821936758659,4.71304351262383));
#3261=CARTESIAN_POINT('Ctrl Pts',(11.5238410434449,11.0599210056878,4.55324314862146));
#3262=CARTESIAN_POINT('Ctrl Pts',(11.4815511965949,10.6660332309765,4.39639512220735));
#3263=CARTESIAN_POINT('',(14.2670576511587,15.0860716233837,5.46749055578751));
#3264=CARTESIAN_POINT('Ctrl Pts',(14.2670576511587,15.0860716233837,5.46749055578751));
#3265=CARTESIAN_POINT('Ctrl Pts',(14.2579067222291,15.0819025468944,5.47175729453716));
#3266=CARTESIAN_POINT('Ctrl Pts',(14.2487317358379,15.0776124758548,5.47591709131852));
#3267=CARTESIAN_POINT('Ctrl Pts',(14.0621241391481,14.9881582179317,5.55818477293395));
#3268=CARTESIAN_POINT('Ctrl Pts',(13.8845149297882,14.86242511726,5.59397770333942));
#3269=CARTESIAN_POINT('Ctrl Pts',(13.7231141770046,14.7265721162739,5.60941592829831));
#3270=CARTESIAN_POINT('Ctrl Pts',(14.6479046939805,15.1852772100838,5.93387015773888));
#3271=CARTESIAN_POINT('Ctrl Pts',(14.6080289384779,15.1841624507135,5.88561740346367));
#3272=CARTESIAN_POINT('Ctrl Pts',(14.5683115433967,15.1795132831593,5.83733549004189));
#3273=CARTESIAN_POINT('Ctrl Pts',(14.4419317406081,15.1559021777224,5.68315346750448));
#3274=CARTESIAN_POINT('Ctrl Pts',(14.3536889019938,15.1255400001873,5.57463241139476));
#3275=CARTESIAN_POINT('Ctrl Pts',(14.2670576511587,15.0860716233837,5.46749055578751));
#3276=CARTESIAN_POINT('Ctrl Pts',(13.0442438245952,10.6660332309765,4.04194550339404));
#3277=CARTESIAN_POINT('Ctrl Pts',(13.4318004179427,12.9841321315333,4.93679014625224));
#3278=CARTESIAN_POINT('Ctrl Pts',(13.8193570112902,15.30223103209,5.83163478911045));
#3279=CARTESIAN_POINT('Ctrl Pts',(14.2069136046377,17.6203299326467,6.72647943196865));
#3280=CARTESIAN_POINT('Ctrl Pts',(12.1322416302583,10.6660332309765,4.28201732054718));
#3281=CARTESIAN_POINT('Ctrl Pts',(12.4641831395297,12.9841321315333,5.19013387135084));
#3282=CARTESIAN_POINT('Ctrl Pts',(12.7961244241525,15.30223103209,6.09824919232179));
#3283=CARTESIAN_POINT('Ctrl Pts',(13.1280659334239,17.6203299326467,7.00636574312544));
#3284=CARTESIAN_POINT('Ctrl Pts',(11.2056672278322,10.6660332309765,4.4667178309594));
#3285=CARTESIAN_POINT('Ctrl Pts',(11.481352110514,12.9841321315333,5.38536751009579));
#3286=CARTESIAN_POINT('Ctrl Pts',(11.7570367836419,15.30223103209,6.30401595690766));
#3287=CARTESIAN_POINT('Ctrl Pts',(12.0327216663237,17.6203299326467,7.22266563604405));
#3288=CARTESIAN_POINT('Ctrl Pts',(10.271319773333,10.6660332309765,4.59469171164394));
#3289=CARTESIAN_POINT('Ctrl Pts',(10.4903669352568,12.9841321315333,5.52108837838624));
#3290=CARTESIAN_POINT('Ctrl Pts',(10.7094140971805,15.30223103209,6.44748504512854));
#3291=CARTESIAN_POINT('Ctrl Pts',(10.9284612591043,17.6203299326467,7.37388171187083));
#3292=CARTESIAN_POINT('',(13.0442438245952,10.6660332309765,4.04194550339404));
#3293=CARTESIAN_POINT('Ctrl Pts',(11.4815487380736,10.6660332309765,4.39638268411871));
#3294=CARTESIAN_POINT('Ctrl Pts',(11.1005526588944,10.6660332309765,4.4691422334974));
#3295=CARTESIAN_POINT('Ctrl Pts',(10.7177430341433,10.6660332309765,4.53240504033648));
#3296=CARTESIAN_POINT('Ctrl Pts',(10.3335929269797,10.6660332309765,4.58607680567111));
#3297=CARTESIAN_POINT('Ctrl Pts',(14.2768996643054,7.66603323097654,2.8744383405643));
#3298=CARTESIAN_POINT('Ctrl Pts',(13.866014384402,8.66603323097654,3.26360739484088));
#3299=CARTESIAN_POINT('Ctrl Pts',(13.4551291044986,9.66603323097654,3.65277644911746));
#3300=CARTESIAN_POINT('Ctrl Pts',(13.0442438245952,10.6660332309765,4.04194550339404));
#3301=CARTESIAN_POINT('Ctrl Pts',(11.8845997762036,7.66603323097654,2.8744383405643));
#3302=CARTESIAN_POINT('Ctrl Pts',(11.6189857793635,8.66603323097655,3.43538896698578));
#3303=CARTESIAN_POINT('Ctrl Pts',(11.3533249005562,9.66603323097654,3.99602479307588));
#3304=CARTESIAN_POINT('Ctrl Pts',(11.0877109037161,10.6660332309765,4.55697541949736));
#3305=CARTESIAN_POINT('Ctrl Pts',(9.49229988810179,7.66603323097654,2.8744383405643));
#3306=CARTESIAN_POINT('Ctrl Pts',(9.3495284162472,8.66603323097654,3.52173627417241));
#3307=CARTESIAN_POINT('Ctrl Pts',(9.20672302538219,9.66603323097654,4.16871774819663));
#3308=CARTESIAN_POINT('Ctrl Pts',(9.06395155352761,10.6660332309765,4.81601568180474));
#3309=CARTESIAN_POINT('Ctrl Pts',(7.1,7.66603323097654,2.8744383405643));
#3310=CARTESIAN_POINT('Ctrl Pts',(7.08025818225934,8.66603323097654,3.51975449328174));
#3311=CARTESIAN_POINT('Ctrl Pts',(7.06051636451869,9.66603323097654,4.16507064599918));
#3312=CARTESIAN_POINT('Ctrl Pts',(7.04077454677803,10.6660332309765,4.81038679871662));
#3313=CARTESIAN_POINT('',(14.2768996643054,7.66603323097654,2.8744383405643));
#3314=CARTESIAN_POINT('',(14.2768996643054,7.66603323097654,2.8744383405643));
#3315=CARTESIAN_POINT('',(7.1,7.66603323097654,2.8744383405643));
#3316=CARTESIAN_POINT('',(-0.276899664305347,7.66603323097654,2.8744383405643));
#3317=CARTESIAN_POINT('',(7.1,10.6660332309765,4.81047639534007));
#3318=CARTESIAN_POINT('Ctrl Pts',(7.1,7.66603323097654,2.8744383405643));
#3319=CARTESIAN_POINT('Ctrl Pts',(7.1,7.92747454304154,3.04315064222749));
#3320=CARTESIAN_POINT('Ctrl Pts',(7.09998834771977,8.1835911992715,3.20843014900081));
#3321=CARTESIAN_POINT('Ctrl Pts',(7.09998884937675,8.44106006241241,3.37458453803816));
#3322=CARTESIAN_POINT('Ctrl Pts',(7.09998931453369,8.67979576240057,3.52864970882825));
#3323=CARTESIAN_POINT('Ctrl Pts',(7.10000001648062,8.91969405739984,3.68346712004034));
#3324=CARTESIAN_POINT('Ctrl Pts',(7.09999999553084,9.16607787311266,3.84247119417503));
#3325=CARTESIAN_POINT('Ctrl Pts',(7.09999995048851,9.69580644740133,4.18433212872456));
#3326=CARTESIAN_POINT('Ctrl Pts',(7.09999982480466,10.194219376544,4.50598888339102));
#3327=CARTESIAN_POINT('Ctrl Pts',(7.09999995779906,10.6660332309765,4.81047598218676));
#3328=CARTESIAN_POINT('Ctrl Pts',(8.48154456119413,10.6660332309765,4.76972274715472));
#3329=CARTESIAN_POINT('Ctrl Pts',(8.02156786499955,10.6660332309765,4.79696318891832));
#3330=CARTESIAN_POINT('Ctrl Pts',(7.56078596865952,10.6660332309765,4.8105817801257));
#3331=CARTESIAN_POINT('Ctrl Pts',(7.09999995779906,10.6660332309765,4.81047598218676));
#3332=CARTESIAN_POINT('Ctrl Pts',(15.6446252464774,7.66603323097654,0.447116470980717));
#3333=CARTESIAN_POINT('Ctrl Pts',(15.3553305219784,8.66603323097654,0.889703031041957));
#3334=CARTESIAN_POINT('Ctrl Pts',(15.0660357974794,9.66603323097654,1.3322895911032));
#3335=CARTESIAN_POINT('Ctrl Pts',(14.7767410729804,10.6660332309765,1.77487615116444));
#3336=CARTESIAN_POINT('Ctrl Pts',(15.1887167190867,7.66603323097654,1.25622376084191));
#3337=CARTESIAN_POINT('Ctrl Pts',(14.8881204091463,8.66603323097655,1.71090414147447));
#3338=CARTESIAN_POINT('Ctrl Pts',(14.5874126715636,9.66603323097654,2.16546496020877));
#3339=CARTESIAN_POINT('Ctrl Pts',(14.2868163616232,10.6660332309765,2.62014534084133));
#3340=CARTESIAN_POINT('Ctrl Pts',(14.732808191696,7.66603323097654,2.06533105070311));
#3341=CARTESIAN_POINT('Ctrl Pts',(14.3893495259677,8.66603323097654,2.50525737154836));
#3342=CARTESIAN_POINT('Ctrl Pts',(14.0457837311556,9.66603323097655,2.9450585055917));
#3343=CARTESIAN_POINT('Ctrl Pts',(13.7023250654272,10.6660332309765,3.38498482643695));
#3344=CARTESIAN_POINT('Ctrl Pts',(14.2768996643054,7.66603323097654,2.8744383405643));
#3345=CARTESIAN_POINT('Ctrl Pts',(13.866014384402,8.66603323097654,3.26360739484088));
#3346=CARTESIAN_POINT('Ctrl Pts',(13.4551291044986,9.66603323097654,3.65277644911746));
#3347=CARTESIAN_POINT('Ctrl Pts',(13.0442438245952,10.6660332309765,4.04194550339404));
#3348=CARTESIAN_POINT('',(14.7767410774176,10.6660332268926,1.77487615373627));
#3349=CARTESIAN_POINT('Ctrl Pts',(14.7767410729804,10.6660332309765,1.77487615116444));
#3350=CARTESIAN_POINT('Ctrl Pts',(14.4887035924838,10.6660332309765,2.27182844218371));
#3351=CARTESIAN_POINT('Ctrl Pts',(14.1679789645993,10.6660332309765,2.74098002964414));
#3352=CARTESIAN_POINT('Ctrl Pts',(13.8188299887971,10.6660332309765,3.17675280250241));
#3353=CARTESIAN_POINT('',(15.5714849013221,7.66603323097654,0.576919672484404));
#3354=CARTESIAN_POINT('Ctrl Pts',(14.7767410664876,10.6660332203179,1.77487616296901));
#3355=CARTESIAN_POINT('Ctrl Pts',(14.8726783134281,10.3029321996386,1.62988308764546));
#3356=CARTESIAN_POINT('Ctrl Pts',(14.9700846069952,9.93441038319922,1.48272778330281));
#3357=CARTESIAN_POINT('Ctrl Pts',(15.0672522234896,9.56717576101611,1.33608237153442));
#3358=CARTESIAN_POINT('Ctrl Pts',(15.1028236834931,9.43273722947459,1.2823979076398));
#3359=CARTESIAN_POINT('Ctrl Pts',(15.138362880933,9.29847120400077,1.22878220050813));
#3360=CARTESIAN_POINT('Ctrl Pts',(15.1737849205304,9.16470678834471,1.17536770719786));
#3361=CARTESIAN_POINT('Ctrl Pts',(15.3057753597233,8.66627066858858,0.976333362721939));
#3362=CARTESIAN_POINT('Ctrl Pts',(15.4387374192015,8.16501386719565,0.776174354625771));
#3363=CARTESIAN_POINT('Ctrl Pts',(15.5714849013221,7.66603323097654,0.576919672484405));
#3364=CARTESIAN_POINT('',(14.2768996643054,7.66603323097654,2.8744383405643));
#3365=CARTESIAN_POINT('Origin',(13.0112148667699,10.6660332309765,3.67424816818524));
#3366=CARTESIAN_POINT('',(13.9332084814132,11.6866134705926,3.72739607132996));
#3367=CARTESIAN_POINT('',(13.5504908915572,10.6660332309765,3.22795076836128));
#3368=CARTESIAN_POINT('Ctrl Pts',(13.9076709698088,11.7443468726255,3.79477351270503));
#3369=CARTESIAN_POINT('Ctrl Pts',(13.9164946603709,11.7256637694834,3.77252269447056));
#3370=CARTESIAN_POINT('Ctrl Pts',(13.9250059816429,11.7064042818307,3.75006926739476));
#3371=CARTESIAN_POINT('Ctrl Pts',(13.9332451735869,11.6866134705926,3.72741008083025));
#3372=CARTESIAN_POINT('Origin',(13.5504908915572,10.6660332309765,3.22795076836128));
#3373=CARTESIAN_POINT('Ctrl Pts',(13.9332084814132,11.6866134705926,3.72739607132997));
#3374=CARTESIAN_POINT('Ctrl Pts',(13.945636452165,11.7336416808415,3.74411792220211));
#3375=CARTESIAN_POINT('Ctrl Pts',(13.9580933509548,11.7807640937261,3.76087814252599));
#3376=CARTESIAN_POINT('Ctrl Pts',(13.9705799296091,11.8279846138875,3.77767778229762));
#3377=CARTESIAN_POINT('Ctrl Pts',(14.0350410027205,9.89884758905827,4.39665170233993));
#3378=CARTESIAN_POINT('Ctrl Pts',(13.963000426753,10.1545761363644,4.44500861534047));
#3379=CARTESIAN_POINT('Ctrl Pts',(13.8909598507856,10.4103046836705,4.493365528341));
#3380=CARTESIAN_POINT('Ctrl Pts',(13.8189192748181,10.6660332309765,4.54172244134154));
#3381=CARTESIAN_POINT('Ctrl Pts',(14.1102382595205,9.89884758905827,4.37313736333406));
#3382=CARTESIAN_POINT('Ctrl Pts',(14.0370502612677,10.1545761363644,4.41880113375358));
#3383=CARTESIAN_POINT('Ctrl Pts',(13.9638622628156,10.4103046836705,4.46446490372759));
#3384=CARTESIAN_POINT('Ctrl Pts',(13.8906742645628,10.6660332309765,4.51012867414711));
#3385=CARTESIAN_POINT('Ctrl Pts',(14.1852713425717,9.89884758905827,4.34925015702521));
#3386=CARTESIAN_POINT('Ctrl Pts',(14.1109171188305,10.1545761363644,4.39217807950162));
#3387=CARTESIAN_POINT('Ctrl Pts',(14.0365628948889,10.4103046836705,4.43510600153297));
#3388=CARTESIAN_POINT('Ctrl Pts',(13.9622086711477,10.6660332309765,4.47803392400938));
#3389=CARTESIAN_POINT('Ctrl Pts',(14.2601350615888,9.89884758905827,4.32499241209568));
#3390=CARTESIAN_POINT('Ctrl Pts',(14.1845952147017,10.1545761363644,4.36514204797583));
#3391=CARTESIAN_POINT('Ctrl Pts',(14.1090553678145,10.4103046836705,4.40529168385598));
#3392=CARTESIAN_POINT('Ctrl Pts',(14.0335155209273,10.6660332309765,4.44544131973613));
#3393=CARTESIAN_POINT('',(14.0335155209273,10.6660332309765,4.44544131973613));
#3394=CARTESIAN_POINT('',(14.9196877650855,7.66603323097654,3.9744383405643));
#3395=CARTESIAN_POINT('Origin',(7.03112176097283,10.6660332309765,-10.8745569152159));
#3396=CARTESIAN_POINT('Ctrl Pts',(7.1,7.66603323097654,3.9744383405643));
#3397=CARTESIAN_POINT('Ctrl Pts',(7.08607618651043,8.66603323097654,4.63958629770333));
#3398=CARTESIAN_POINT('Ctrl Pts',(7.07215237302086,9.66603323097654,5.30473425484236));
#3399=CARTESIAN_POINT('Ctrl Pts',(7.05822855953129,10.6660332309765,5.96988221198138));
#3400=CARTESIAN_POINT('Ctrl Pts',(9.70656258836182,7.66603323097654,3.9744383405643));
#3401=CARTESIAN_POINT('Ctrl Pts',(9.62327127370231,8.66603323097655,4.63884617769874));
#3402=CARTESIAN_POINT('Ctrl Pts',(9.53967927674585,9.66603323097654,5.30161515321628));
#3403=CARTESIAN_POINT('Ctrl Pts',(9.45638796208635,10.6660332309765,5.96602299035071));
#3404=CARTESIAN_POINT('Ctrl Pts',(12.3131251767236,7.66603323097654,3.9744383405643));
#3405=CARTESIAN_POINT('Ctrl Pts',(12.1596843477459,8.66603323097654,4.46429019390827));
#3406=CARTESIAN_POINT('Ctrl Pts',(12.0058330998612,9.66603323097654,4.95252716844446));
#3407=CARTESIAN_POINT('Ctrl Pts',(11.8523922708835,10.6660332309765,5.44237902178842));
#3408=CARTESIAN_POINT('Ctrl Pts',(14.9196877650855,7.66603323097654,3.9744383405643));
#3409=CARTESIAN_POINT('Ctrl Pts',(14.6242970170327,8.66603323097654,4.13143933362158));
#3410=CARTESIAN_POINT('Ctrl Pts',(14.32890626898,9.66603323097654,4.28844032667886));
#3411=CARTESIAN_POINT('Ctrl Pts',(14.0335155209273,10.6660332309765,4.44544131973613));
#3412=CARTESIAN_POINT('',(7.1,10.6660332309765,5.96976319800242));
#3413=CARTESIAN_POINT('Origin',(7.03112176097283,10.6660332309765,-10.8745569152159));
#3414=CARTESIAN_POINT('',(7.1,7.66603323097654,3.9744383405643));
#3415=CARTESIAN_POINT('Ctrl Pts',(7.09999986657912,10.6660332309765,5.96976243413622));
#3416=CARTESIAN_POINT('Ctrl Pts',(7.09999906969564,10.1675437347139,5.63823947416011));
#3417=CARTESIAN_POINT('Ctrl Pts',(7.09999976128215,9.66330779899231,5.30288110063848));
#3418=CARTESIAN_POINT('Ctrl Pts',(7.09999998461698,9.16602235467684,4.97213090257547));
#3419=CARTESIAN_POINT('Ctrl Pts',(7.10000017711467,8.73740000239455,4.68704930702074));
#3420=CARTESIAN_POINT('Ctrl Pts',(7.10000154317869,8.30197594783775,4.39743317500921));
#3421=CARTESIAN_POINT('Ctrl Pts',(7.10000034480998,7.87334809822953,4.11233319028176));
#3422=CARTESIAN_POINT('Ctrl Pts',(7.1000001510543,7.80404632285904,4.06623741018308));
#3423=CARTESIAN_POINT('Ctrl Pts',(7.1,7.73492220943556,4.02025970385572));
#3424=CARTESIAN_POINT('Ctrl Pts',(7.1,7.66603323097654,3.9744383405643));
#3425=CARTESIAN_POINT('',(14.9196877650855,7.66603323097654,3.9744383405643));
#3426=CARTESIAN_POINT('',(-0.919687765085456,7.66603323097654,3.9744383405643));
#3427=CARTESIAN_POINT('',(14.9196877650855,7.66603323097654,3.9744383405643));
#3428=CARTESIAN_POINT('',(10.5371053364527,10.6660332309765,5.6009990225013));
#3429=CARTESIAN_POINT('Origin',(7.03112176097283,10.6660332309765,-10.8745569152159));
#3430=CARTESIAN_POINT('Origin',(7.03112176097283,10.6660332309765,-10.8745569152159));
#3431=CARTESIAN_POINT('Ctrl Pts',(8.44927518468413,12.2385946452027,-24.6349170234605));
#3432=CARTESIAN_POINT('Ctrl Pts',(8.44927518468413,12.2385946452027,-10.6349170234605));
#3433=CARTESIAN_POINT('Ctrl Pts',(8.40118353467685,12.1511673602858,-24.6349170234605));
#3434=CARTESIAN_POINT('Ctrl Pts',(8.40118353467685,12.1511673602858,-10.6349170234605));
#3435=CARTESIAN_POINT('Ctrl Pts',(8.31534700326453,11.975075200002,-24.6349170234605));
#3436=CARTESIAN_POINT('Ctrl Pts',(8.31534700326453,11.975075200002,-10.6349170234605));
#3437=CARTESIAN_POINT('Ctrl Pts',(8.22226916256541,11.7093846984148,-24.6349170234605));
#3438=CARTESIAN_POINT('Ctrl Pts',(8.22226916256541,11.7093846984148,-10.6349170234605));
#3439=CARTESIAN_POINT('Ctrl Pts',(8.18303410690399,11.3621031733876,-24.6349170234605));
#3440=CARTESIAN_POINT('Ctrl Pts',(8.18303410690399,11.3621031733876,-10.6349170234605));
#3441=CARTESIAN_POINT('Ctrl Pts',(8.25928661238819,10.927507831864,-24.6349170234605));
#3442=CARTESIAN_POINT('Ctrl Pts',(8.25928661238819,10.927507831864,-10.6349170234605));
#3443=CARTESIAN_POINT('Ctrl Pts',(8.43033481895896,10.4805860562282,-24.6349170234605));
#3444=CARTESIAN_POINT('Ctrl Pts',(8.43033481895896,10.4805860562282,-10.6349170234605));
#3445=CARTESIAN_POINT('Ctrl Pts',(8.66357306074232,10.0160769688779,-24.6349170234605));
#3446=CARTESIAN_POINT('Ctrl Pts',(8.66357306074232,10.0160769688779,-10.6349170234605));
#3447=CARTESIAN_POINT('Ctrl Pts',(8.94880545425067,9.55708067848943,-24.6349170234605));
#3448=CARTESIAN_POINT('Ctrl Pts',(8.94880545425067,9.55708067848943,-10.6349170234605));
#3449=CARTESIAN_POINT('Ctrl Pts',(9.29037440887947,9.14497521045372,-24.6349170234605));
#3450=CARTESIAN_POINT('Ctrl Pts',(9.29037440887947,9.14497521045372,-10.6349170234605));
#3451=CARTESIAN_POINT('Ctrl Pts',(9.69668474925038,8.82770019208762,-24.6349170234605));
#3452=CARTESIAN_POINT('Ctrl Pts',(9.69668474925038,8.82770019208762,-10.6349170234605));
#3453=CARTESIAN_POINT('Ctrl Pts',(10.1711754729125,8.64899808570198,-24.6349170234605));
#3454=CARTESIAN_POINT('Ctrl Pts',(10.1711754729125,8.64899808570198,-10.6349170234605));
#3455=CARTESIAN_POINT('Ctrl Pts',(10.7011706023449,8.63598598978869,-24.6349170234605));
#3456=CARTESIAN_POINT('Ctrl Pts',(10.7011706023449,8.63598598978869,-10.6349170234605));
#3457=CARTESIAN_POINT('Ctrl Pts',(11.2523132154628,8.79138090350672,-24.6349170234605));
#3458=CARTESIAN_POINT('Ctrl Pts',(11.2523132154628,8.79138090350672,-10.6349170234605));
#3459=CARTESIAN_POINT('Ctrl Pts',(11.7803750143329,9.10061577352334,-24.6349170234605));
#3460=CARTESIAN_POINT('Ctrl Pts',(11.7803750143329,9.10061577352334,-10.6349170234605));
#3461=CARTESIAN_POINT('Ctrl Pts',(12.240447449367,9.5364830016564,-24.6349170234605));
#3462=CARTESIAN_POINT('Ctrl Pts',(12.240447449367,9.5364830016564,-10.6349170234605));
#3463=CARTESIAN_POINT('Ctrl Pts',(12.5965099251874,10.0646019810839,-24.6349170234605));
#3464=CARTESIAN_POINT('Ctrl Pts',(12.5965099251874,10.0646019810839,-10.6349170234605));
#3465=CARTESIAN_POINT('Ctrl Pts',(12.8323846321356,10.6488015537555,-24.6349170234605));
#3466=CARTESIAN_POINT('Ctrl Pts',(12.8323846321356,10.6488015537555,-10.6349170234605));
#3467=CARTESIAN_POINT('Ctrl Pts',(12.9571508772865,11.255603868894,-24.6349170234605));
#3468=CARTESIAN_POINT('Ctrl Pts',(12.9571508772865,11.255603868894,-10.6349170234605));
#3469=CARTESIAN_POINT('Ctrl Pts',(12.9963916792439,11.855972786434,-24.6349170234605));
#3470=CARTESIAN_POINT('Ctrl Pts',(12.9963916792439,11.855972786434,-10.6349170234605));
#3471=CARTESIAN_POINT('Ctrl Pts',(12.9862261469243,12.4276490542353,-24.6349170234605));
#3472=CARTESIAN_POINT('Ctrl Pts',(12.9862261469243,12.4276490542353,-10.6349170234605));
#3473=CARTESIAN_POINT('Ctrl Pts',(12.9663022448292,12.9571995077185,-24.6349170234605));
#3474=CARTESIAN_POINT('Ctrl Pts',(12.9663022448292,12.9571995077185,-10.6349170234605));
#3475=CARTESIAN_POINT('Ctrl Pts',(12.9731422206632,13.4423522742189,-24.6349170234605));
#3476=CARTESIAN_POINT('Ctrl Pts',(12.9731422206632,13.4423522742189,-10.6349170234605));
#3477=CARTESIAN_POINT('Ctrl Pts',(13.0336294204702,13.8938196744061,-24.6349170234605));
#3478=CARTESIAN_POINT('Ctrl Pts',(13.0336294204702,13.8938196744061,-10.6349170234605));
#3479=CARTESIAN_POINT('Ctrl Pts',(13.16498579561,14.3295852610898,-24.6349170234605));
#3480=CARTESIAN_POINT('Ctrl Pts',(13.16498579561,14.3295852610898,-10.6349170234605));
#3481=CARTESIAN_POINT('Ctrl Pts',(13.3742864316424,14.7693263577034,-24.6349170234605));
#3482=CARTESIAN_POINT('Ctrl Pts',(13.3742864316424,14.7693263577034,-10.6349170234605));
#3483=CARTESIAN_POINT('Ctrl Pts',(13.6583164195203,15.2292819876939,-24.6349170234605));
#3484=CARTESIAN_POINT('Ctrl Pts',(13.6583164195203,15.2292819876939,-10.6349170234605));
#3485=CARTESIAN_POINT('Ctrl Pts',(14.0028007730417,15.7157100693993,-24.6349170234605));
#3486=CARTESIAN_POINT('Ctrl Pts',(14.0028007730417,15.7157100693993,-10.6349170234605));
#3487=CARTESIAN_POINT('Ctrl Pts',(14.3844013447113,16.2255929225928,-24.6349170234605));
#3488=CARTESIAN_POINT('Ctrl Pts',(14.3844013447113,16.2255929225928,-10.6349170234605));
#3489=CARTESIAN_POINT('Ctrl Pts',(14.7738814789548,16.7504811607661,-24.6349170234605));
#3490=CARTESIAN_POINT('Ctrl Pts',(14.7738814789548,16.7504811607661,-10.6349170234605));
#3491=CARTESIAN_POINT('Ctrl Pts',(15.1389100650948,17.2793981300785,-24.6349170234605));
#3492=CARTESIAN_POINT('Ctrl Pts',(15.1389100650948,17.2793981300785,-10.6349170234605));
#3493=CARTESIAN_POINT('Ctrl Pts',(15.4469539262287,17.8019565276232,-24.6349170234605));
#3494=CARTESIAN_POINT('Ctrl Pts',(15.4469539262287,17.8019565276232,-10.6349170234605));
#3495=CARTESIAN_POINT('Ctrl Pts',(15.668258658812,18.3117918800982,-24.6349170234605));
#3496=CARTESIAN_POINT('Ctrl Pts',(15.668258658812,18.3117918800982,-10.6349170234605));
#3497=CARTESIAN_POINT('Ctrl Pts',(15.7784084835694,18.8086454612663,-24.6349170234605));
#3498=CARTESIAN_POINT('Ctrl Pts',(15.7784084835694,18.8086454612663,-10.6349170234605));
#3499=CARTESIAN_POINT('Ctrl Pts',(15.7587066318311,19.293966931853,-24.6349170234605));
#3500=CARTESIAN_POINT('Ctrl Pts',(15.7587066318311,19.293966931853,-10.6349170234605));
#3501=CARTESIAN_POINT('Ctrl Pts',(15.5968781001792,19.7671561051976,-24.6349170234605));
#3502=CARTESIAN_POINT('Ctrl Pts',(15.5968781001792,19.7671561051976,-10.6349170234605));
#3503=CARTESIAN_POINT('Ctrl Pts',(15.2876275480058,20.2220625032084,-24.6349170234605));
#3504=CARTESIAN_POINT('Ctrl Pts',(15.2876275480058,20.2220625032084,-10.6349170234605));
#3505=CARTESIAN_POINT('Ctrl Pts',(14.8333547619892,20.642098975821,-24.6349170234605));
#3506=CARTESIAN_POINT('Ctrl Pts',(14.8333547619892,20.642098975821,-10.6349170234605));
#3507=CARTESIAN_POINT('Ctrl Pts',(14.2444178888159,21.0025799479561,-24.6349170234605));
#3508=CARTESIAN_POINT('Ctrl Pts',(14.2444178888159,21.0025799479561,-10.6349170234605));
#3509=CARTESIAN_POINT('Ctrl Pts',(13.5392590600286,21.2767175025716,-24.6349170234605));
#3510=CARTESIAN_POINT('Ctrl Pts',(13.5392590600286,21.2767175025716,-10.6349170234605));
#3511=CARTESIAN_POINT('Ctrl Pts',(12.7444954339624,21.4402941731703,-24.6349170234605));
#3512=CARTESIAN_POINT('Ctrl Pts',(12.7444954339624,21.4402941731703,-10.6349170234605));
#3513=CARTESIAN_POINT('Ctrl Pts',(11.8952472422552,21.4772462348554,-24.6349170234605));
#3514=CARTESIAN_POINT('Ctrl Pts',(11.8952472422552,21.4772462348554,-10.6349170234605));
#3515=CARTESIAN_POINT('Ctrl Pts',(11.0349052790544,21.3840411828882,-24.6349170234605));
#3516=CARTESIAN_POINT('Ctrl Pts',(11.0349052790544,21.3840411828882,-10.6349170234605));
#3517=CARTESIAN_POINT('Ctrl Pts',(10.2163349893952,21.1766480051633,-24.6349170234605));
#3518=CARTESIAN_POINT('Ctrl Pts',(10.2163349893952,21.1766480051633,-10.6349170234605));
#3519=CARTESIAN_POINT('Ctrl Pts',(9.49777881197888,20.888244043295,-24.6349170234605));
#3520=CARTESIAN_POINT('Ctrl Pts',(9.49777881197888,20.888244043295,-10.6349170234605));
#3521=CARTESIAN_POINT('Ctrl Pts',(8.93362654004551,20.5580101929433,-24.6349170234605));
#3522=CARTESIAN_POINT('Ctrl Pts',(8.93362654004551,20.5580101929433,-10.6349170234605));
#3523=CARTESIAN_POINT('Ctrl Pts',(8.5665571176216,20.2223416434507,-24.6349170234605));
#3524=CARTESIAN_POINT('Ctrl Pts',(8.5665571176216,20.2223416434507,-10.6349170234605));
#3525=CARTESIAN_POINT('Ctrl Pts',(8.41915740154783,19.9051415122271,-24.6349170234605));
#3526=CARTESIAN_POINT('Ctrl Pts',(8.41915740154783,19.9051415122271,-10.6349170234605));
#3527=CARTESIAN_POINT('Ctrl Pts',(8.4855930838918,19.6083241761535,-24.6349170234605));
#3528=CARTESIAN_POINT('Ctrl Pts',(8.4855930838918,19.6083241761535,-10.6349170234605));
#3529=CARTESIAN_POINT('Ctrl Pts',(8.72357547131148,19.3026404596447,-24.6349170234605));
#3530=CARTESIAN_POINT('Ctrl Pts',(8.72357547131148,19.3026404596447,-10.6349170234605));
#3531=CARTESIAN_POINT('Ctrl Pts',(9.0686419672591,18.9444827119845,-24.6349170234605));
#3532=CARTESIAN_POINT('Ctrl Pts',(9.0686419672591,18.9444827119845,-10.6349170234605));
#3533=CARTESIAN_POINT('Ctrl Pts',(9.44819749405976,18.4925289761484,-24.6349170234605));
#3534=CARTESIAN_POINT('Ctrl Pts',(9.44819749405976,18.4925289761484,-10.6349170234605));
#3535=CARTESIAN_POINT('Ctrl Pts',(9.79522670563317,17.9237646057346,-24.6349170234605));
#3536=CARTESIAN_POINT('Ctrl Pts',(9.79522670563317,17.9237646057346,-10.6349170234605));
#3537=CARTESIAN_POINT('Ctrl Pts',(10.0631835532669,17.2515789603614,-24.6349170234605));
#3538=CARTESIAN_POINT('Ctrl Pts',(10.0631835532669,17.2515789603614,-10.6349170234605));
#3539=CARTESIAN_POINT('Ctrl Pts',(10.2244135576966,16.5153672676696,-24.6349170234605));
#3540=CARTESIAN_POINT('Ctrl Pts',(10.2244135576966,16.5153672676696,-10.6349170234605));
#3541=CARTESIAN_POINT('Ctrl Pts',(10.2670674335443,15.7674585710525,-24.6349170234605));
#3542=CARTESIAN_POINT('Ctrl Pts',(10.2670674335443,15.7674585710525,-10.6349170234605));
#3543=CARTESIAN_POINT('Ctrl Pts',(10.1925507936091,15.0610858395392,-24.6349170234605));
#3544=CARTESIAN_POINT('Ctrl Pts',(10.1925507936091,15.0610858395392,-10.6349170234605));
#3545=CARTESIAN_POINT('Ctrl Pts',(10.0128615916867,14.4378112543047,-24.6349170234605));
#3546=CARTESIAN_POINT('Ctrl Pts',(10.0128615916867,14.4378112543047,-10.6349170234605));
#3547=CARTESIAN_POINT('Ctrl Pts',(9.74780299685719,13.9154438762778,-24.6349170234605));
#3548=CARTESIAN_POINT('Ctrl Pts',(9.74780299685719,13.9154438762778,-10.6349170234605));
#3549=CARTESIAN_POINT('Ctrl Pts',(9.42269938278645,13.4748321969492,-24.6349170234605));
#3550=CARTESIAN_POINT('Ctrl Pts',(9.42269938278645,13.4748321969492,-10.6349170234605));
#3551=CARTESIAN_POINT('Ctrl Pts',(9.06758959684554,13.0746403685601,-24.6349170234605));
#3552=CARTESIAN_POINT('Ctrl Pts',(9.06758959684554,13.0746403685601,-10.6349170234605));
#3553=CARTESIAN_POINT('Ctrl Pts',(8.79009566142745,12.7541910970413,-24.6349170234605));
#3554=CARTESIAN_POINT('Ctrl Pts',(8.79009566142745,12.7541910970413,-10.6349170234605));
#3555=CARTESIAN_POINT('Ctrl Pts',(8.60389690330813,12.4996389095039,-24.6349170234605));
#3556=CARTESIAN_POINT('Ctrl Pts',(8.60389690330813,12.4996389095039,-10.6349170234605));
#3557=CARTESIAN_POINT('Ctrl Pts',(8.49736683469141,12.3260219301197,-24.6349170234605));
#3558=CARTESIAN_POINT('Ctrl Pts',(8.49736683469141,12.3260219301197,-10.6349170234605));
#3559=CARTESIAN_POINT('Ctrl Pts',(8.44927518468413,12.2385946452027,-24.6349170234605));
#3560=CARTESIAN_POINT('Ctrl Pts',(8.44927518468413,12.2385946452027,-10.6349170234605));
#3561=CARTESIAN_POINT('',(8.44927518468413,12.2385946452027,-17.3033033978849));
#3562=CARTESIAN_POINT('',(8.3681259428157,10.6660332309765,-17.2228826799981));
#3563=CARTESIAN_POINT('Ctrl Pts',(8.44927518468413,12.2385946452027,-17.3033033978849));
#3564=CARTESIAN_POINT('Ctrl Pts',(8.41210151223937,12.1710154864143,-17.305111901929));
#3565=CARTESIAN_POINT('Ctrl Pts',(8.37814157447481,12.1021112458598,-17.3062066063432));
#3566=CARTESIAN_POINT('Ctrl Pts',(8.25468767114717,11.8113906315678,-17.3074437922805));
#3567=CARTESIAN_POINT('Ctrl Pts',(8.21574384110629,11.6108881175604,-17.3006864300754));
#3568=CARTESIAN_POINT('Ctrl Pts',(8.21139528194604,11.1872861019175,-17.2761319815977));
#3569=CARTESIAN_POINT('Ctrl Pts',(8.26210194754727,10.9451722590812,-17.2551696717193));
#3570=CARTESIAN_POINT('Ctrl Pts',(8.3681259428157,10.6660332309765,-17.2228826799981));
#3571=CARTESIAN_POINT('',(8.44927518468413,12.2385946452027,-16.3504923339379));
#3572=CARTESIAN_POINT('',(8.44927518468413,12.2385946452027,-24.6349170234605));
#3573=CARTESIAN_POINT('',(8.3681259428157,10.6660332309765,-16.2103605639512));
#3574=CARTESIAN_POINT('Ctrl Pts',(8.3681259428157,10.6660332309765,-16.2103605639512));
#3575=CARTESIAN_POINT('Ctrl Pts',(8.26845373957987,10.9284493177299,-16.2536419153783));
#3576=CARTESIAN_POINT('Ctrl Pts',(8.21950318554824,11.1535716838149,-16.281472405398));
#3577=CARTESIAN_POINT('Ctrl Pts',(8.20925636353852,11.5590798457767,-16.3212666691766));
#3578=CARTESIAN_POINT('Ctrl Pts',(8.24123026898009,11.7568260737423,-16.3355046831656));
#3579=CARTESIAN_POINT('Ctrl Pts',(8.35853790781754,12.0616870147954,-16.3473407180033));
#3580=CARTESIAN_POINT('Ctrl Pts',(8.40129333812065,12.1513669753326,-16.3495366753275));
#3581=CARTESIAN_POINT('Ctrl Pts',(8.44927518468413,12.2385946452027,-16.3504923339379));
#3582=CARTESIAN_POINT('',(12.8082622496147,10.6660332309765,-13.9304742505042));
#3583=CARTESIAN_POINT('Ctrl Pts',(12.8082622496147,10.6660332309765,-13.9304742505042));
#3584=CARTESIAN_POINT('Ctrl Pts',(12.7060054147517,10.328318337634,-14.1249923967891));
#3585=CARTESIAN_POINT('Ctrl Pts',(12.5514173168703,10.0011058832043,-14.3041737296514));
#3586=CARTESIAN_POINT('Ctrl Pts',(12.1006984053566,9.39808600054336,-14.5823279515932));
#3587=CARTESIAN_POINT('Ctrl Pts',(11.8440787505296,9.17445616613541,-14.6586551097436));
#3588=CARTESIAN_POINT('Ctrl Pts',(11.3375032003618,8.85039014054226,-14.7605977725008));
#3589=CARTESIAN_POINT('Ctrl Pts',(11.0614699167858,8.73888557908837,-14.788666805682));
#3590=CARTESIAN_POINT('Ctrl Pts',(10.5714807058858,8.65228780630418,-14.8483964551338));
#3591=CARTESIAN_POINT('Ctrl Pts',(10.3545635089654,8.65268700122115,-14.8784218414402));
#3592=CARTESIAN_POINT('Ctrl Pts',(9.96348638146946,8.73781725947808,-14.9668710710199));
#3593=CARTESIAN_POINT('Ctrl Pts',(9.79920084622338,8.80742957194786,-15.0180837926405));
#3594=CARTESIAN_POINT('Ctrl Pts',(9.46309419473429,9.01470067663858,-15.1589096825352));
#3595=CARTESIAN_POINT('Ctrl Pts',(9.30420362088707,9.15987578314441,-15.2516825970079));
#3596=CARTESIAN_POINT('Ctrl Pts',(8.79733152947747,9.72985915989002,-15.6152460676697));
#3597=CARTESIAN_POINT('Ctrl Pts',(8.50998774658571,10.2925407406278,-15.9753191108576));
#3598=CARTESIAN_POINT('Ctrl Pts',(8.3681259428157,10.6660332309765,-16.2103605639512));
#3599=CARTESIAN_POINT('',(12.9748709351755,12.8024792152172,-14.5662333322484));
#3600=CARTESIAN_POINT('Ctrl Pts',(12.9748709351755,12.8024792152172,-14.5662333322484));
#3601=CARTESIAN_POINT('Ctrl Pts',(12.9761186039617,12.735397250191,-14.5448864492885));
#3602=CARTESIAN_POINT('Ctrl Pts',(12.9777358454042,12.6685370617572,-14.5228984642239));
#3603=CARTESIAN_POINT('Ctrl Pts',(12.9793793703752,12.601757586513,-14.5004481455306));
#3604=CARTESIAN_POINT('Ctrl Pts',(12.9811825895054,12.528489440669,-14.4758164272033));
#3605=CARTESIAN_POINT('Ctrl Pts',(12.9830181255493,12.4553192986573,-14.4506281643928));
#3606=CARTESIAN_POINT('Ctrl Pts',(12.9844949920275,12.3820570425273,-14.4251194633774));
#3607=CARTESIAN_POINT('Ctrl Pts',(12.9864162451544,12.2867502962863,-14.3919352369689));
#3608=CARTESIAN_POINT('Ctrl Pts',(12.9877321882695,12.1912891928511,-14.3582087213061));
#3609=CARTESIAN_POINT('Ctrl Pts',(12.9876699397605,12.095225401343,-14.3244597179729));
#3610=CARTESIAN_POINT('Ctrl Pts',(12.9876096598983,12.0021996852878,-14.2917780472628));
#3611=CARTESIAN_POINT('Ctrl Pts',(12.9862634642197,11.9086071581193,-14.259075288763));
#3612=CARTESIAN_POINT('Ctrl Pts',(12.982927968275,11.8140184345686,-14.2268234701813));
#3613=CARTESIAN_POINT('Ctrl Pts',(12.9802333070877,11.7376026432314,-14.2007680573745));
#3614=CARTESIAN_POINT('Ctrl Pts',(12.9762178105473,11.6599574955047,-14.1747677516336));
#3615=CARTESIAN_POINT('Ctrl Pts',(12.9704432742191,11.5812776910003,-14.1494880125783));
#3616=CARTESIAN_POINT('Ctrl Pts',(12.9647326570176,11.5034688039359,-14.1244880983874));
#3617=CARTESIAN_POINT('Ctrl Pts',(12.9573007096175,11.4246480666066,-14.1001928870691));
#3618=CARTESIAN_POINT('Ctrl Pts',(12.947722042863,11.3450537770468,-14.0772459837597));
#3619=CARTESIAN_POINT('Ctrl Pts',(12.9383474603382,11.2671553330235,-14.0547879899408));
#3620=CARTESIAN_POINT('Ctrl Pts',(12.9269156484166,11.1885161053098,-14.03362146177));
#3621=CARTESIAN_POINT('Ctrl Pts',(12.9130412680872,11.1094061463183,-14.0143497364679));
#3622=CARTESIAN_POINT('Ctrl Pts',(12.8998144316929,11.0339884008124,-13.9959774595407));
#3623=CARTESIAN_POINT('Ctrl Pts',(12.8843670028648,10.9581432058225,-13.9793272447037));
#3624=CARTESIAN_POINT('Ctrl Pts',(12.8663894954023,10.882143290897,-13.964921833815));
#3625=CARTESIAN_POINT('Ctrl Pts',(12.8493615501412,10.8101576502907,-13.9512773089227));
#3626=CARTESIAN_POINT('Ctrl Pts',(12.830063258863,10.7380335576333,-13.9396467120903));
#3627=CARTESIAN_POINT('Ctrl Pts',(12.8082622496147,10.6660332309765,-13.9304742505042));
#3628=CARTESIAN_POINT('',(13.3878713272877,14.7650984623505,-14.9163368413303));
#3629=CARTESIAN_POINT('Ctrl Pts',(13.3878713272877,14.7650984623504,-14.9163368413303));
#3630=CARTESIAN_POINT('Ctrl Pts',(13.208142419114,14.4339361783774,-14.921821730606));
#3631=CARTESIAN_POINT('Ctrl Pts',(13.0967560163116,14.1347510570427,-14.9010596274191));
#3632=CARTESIAN_POINT('Ctrl Pts',(12.9720801968997,13.4789787421022,-14.7816790742645));
#3633=CARTESIAN_POINT('Ctrl Pts',(12.9683712622226,13.1519396157108,-14.6851117346251));
#3634=CARTESIAN_POINT('Ctrl Pts',(12.9748709351755,12.8024792152172,-14.5662333322484));
#3635=CARTESIAN_POINT('',(14.6444258883475,20.7363716468536,-15.9815275035714));
#3636=CARTESIAN_POINT('Ctrl Pts',(14.6444258883475,20.7363716468536,-15.9815275035714));
#3637=CARTESIAN_POINT('Ctrl Pts',(14.7992405290067,20.633806130054,-15.9494285249247));
#3638=CARTESIAN_POINT('Ctrl Pts',(14.9406952260221,20.5224241020874,-15.8909651122762));
#3639=CARTESIAN_POINT('Ctrl Pts',(15.2285499646928,20.2523353362425,-15.7154179879327));
#3640=CARTESIAN_POINT('Ctrl Pts',(15.3631982530644,20.0908108575602,-15.5870932056743));
#3641=CARTESIAN_POINT('Ctrl Pts',(15.6296528042273,19.6674661284097,-15.2335189492898));
#3642=CARTESIAN_POINT('Ctrl Pts',(15.7172627659219,19.4083942971122,-15.0016755711034));
#3643=CARTESIAN_POINT('Ctrl Pts',(15.7586965197173,19.0084382072781,-14.7270540714376));
#3644=CARTESIAN_POINT('Ctrl Pts',(15.7595009742466,18.8337595168955,-14.6202287193173));
#3645=CARTESIAN_POINT('Ctrl Pts',(15.7023597253637,18.5207526607473,-14.5201232252009));
#3646=CARTESIAN_POINT('Ctrl Pts',(15.6761649463974,18.4189730163726,-14.4999681174231));
#3647=CARTESIAN_POINT('Ctrl Pts',(15.6047712395701,18.1977801146339,-14.4795343835903));
#3648=CARTESIAN_POINT('Ctrl Pts',(15.5586766752501,18.0820930610095,-14.4827348964389));
#3649=CARTESIAN_POINT('Ctrl Pts',(15.4444910658423,17.8305551693453,-14.5063772275493));
#3650=CARTESIAN_POINT('Ctrl Pts',(15.3712284873403,17.69145664661,-14.5311938921069));
#3651=CARTESIAN_POINT('Ctrl Pts',(15.0043961321135,17.0523219740957,-14.6610512732867));
#3652=CARTESIAN_POINT('Ctrl Pts',(14.5844124367087,16.5042512445917,-14.8139610930756));
#3653=CARTESIAN_POINT('Ctrl Pts',(13.8230147881598,15.4635842383082,-14.9173095872383));
#3654=CARTESIAN_POINT('Ctrl Pts',(13.575936084924,15.1116200948833,-14.9283273452872));
#3655=CARTESIAN_POINT('Ctrl Pts',(13.3878713272877,14.7650984623505,-14.9163368413303));
#3656=CARTESIAN_POINT('Ctrl Pts',(8.44927518468413,12.2385946452027,-16.3504923339379));
#3657=CARTESIAN_POINT('Ctrl Pts',(8.52601111717485,12.3780952494078,-16.3520206901781));
#3658=CARTESIAN_POINT('Ctrl Pts',(8.61612850097698,12.5113164569437,-16.3503351392701));
#3659=CARTESIAN_POINT('Ctrl Pts',(9.06711480289974,13.1110794191318,-16.3309608791696));
#3660=CARTESIAN_POINT('Ctrl Pts',(9.4883017405551,13.4879734400803,-16.2769660507597));
#3661=CARTESIAN_POINT('Ctrl Pts',(9.94674340260731,14.3171998301027,-16.2641199182102));
#3662=CARTESIAN_POINT('Ctrl Pts',(10.1312570551215,14.7351607066967,-16.269752735151));
#3663=CARTESIAN_POINT('Ctrl Pts',(10.2706951447689,15.8540226009865,-16.3807785473902));
#3664=CARTESIAN_POINT('Ctrl Pts',(10.23845571419,16.3947503188628,-16.4602843987632));
#3665=CARTESIAN_POINT('Ctrl Pts',(10.0587961591841,17.1949791241816,-16.5944542788914));
#3666=CARTESIAN_POINT('Ctrl Pts',(9.96530282286948,17.4808595854922,-16.646064713339));
#3667=CARTESIAN_POINT('Ctrl Pts',(9.57792341396909,18.3478448961471,-16.8088143537842));
#3668=CARTESIAN_POINT('Ctrl Pts',(9.24154670721217,18.7389822271194,-16.8897884755649));
#3669=CARTESIAN_POINT('Ctrl Pts',(8.79559633929176,19.2368110802079,-16.9822472274941));
#3670=CARTESIAN_POINT('Ctrl Pts',(8.63663320077516,19.4054105705836,-17.0101564150967));
#3671=CARTESIAN_POINT('Ctrl Pts',(8.50812244955252,19.641075209496,-17.0410740034301));
#3672=CARTESIAN_POINT('Ctrl Pts',(8.48167097444487,19.7117728248557,-17.0493040984651));
#3673=CARTESIAN_POINT('Ctrl Pts',(8.46362671814181,19.8484029907278,-17.0629734592107));
#3674=CARTESIAN_POINT('Ctrl Pts',(8.46828958923792,19.9104586998138,-17.0683180466069));
#3675=CARTESIAN_POINT('Ctrl Pts',(8.50446381441429,20.0435657800988,-17.078101546651));
#3676=CARTESIAN_POINT('Ctrl Pts',(8.53901829489394,20.1104484719517,-17.0819557663728));
#3677=CARTESIAN_POINT('Ctrl Pts',(8.65562904122044,20.2816193115099,-17.0897768197584));
#3678=CARTESIAN_POINT('Ctrl Pts',(8.75941314959728,20.3815507487959,-17.0916908625401));
#3679=CARTESIAN_POINT('Ctrl Pts',(9.08355796591172,20.6445604212629,-17.0914561418586));
#3680=CARTESIAN_POINT('Ctrl Pts',(9.38753604813742,20.8195828217216,-17.0824854027907));
#3681=CARTESIAN_POINT('Ctrl Pts',(10.2852604910902,21.2028451723047,-17.0261394167187));
#3682=CARTESIAN_POINT('Ctrl Pts',(10.9961168396184,21.3986185930927,-16.9586407639786));
#3683=CARTESIAN_POINT('Ctrl Pts',(12.348802448839,21.4702254120932,-16.7274867418566));
#3684=CARTESIAN_POINT('Ctrl Pts',(12.9189009571721,21.4147033000467,-16.6001863414703));
#3685=CARTESIAN_POINT('Ctrl Pts',(13.8839268581056,21.1482508025429,-16.3070505199001));
#3686=CARTESIAN_POINT('Ctrl Pts',(14.2892317526285,20.9716896370584,-16.1543444811165));
#3687=CARTESIAN_POINT('Ctrl Pts',(14.6444258883475,20.7363716468536,-15.9815275035714));
#3688=CARTESIAN_POINT('',(12.8082622496147,10.6660332309765,-15.2449820944377));
#3689=CARTESIAN_POINT('Ctrl Pts',(12.8082622496147,10.6660332309765,-15.2449820944377));
#3690=CARTESIAN_POINT('Ctrl Pts',(12.8824049781781,10.9108980725534,-15.2557792289306));
#3691=CARTESIAN_POINT('Ctrl Pts',(12.928247014016,11.1591462101223,-15.2948634966508));
#3692=CARTESIAN_POINT('Ctrl Pts',(12.9763343068041,11.6085457576084,-15.3931229527137));
#3693=CARTESIAN_POINT('Ctrl Pts',(12.9851946229903,11.8080684505235,-15.4465138345407));
#3694=CARTESIAN_POINT('Ctrl Pts',(12.9910929582909,12.3913355896045,-15.6140172829041));
#3695=CARTESIAN_POINT('Ctrl Pts',(12.9685244855883,12.7602892517458,-15.7333930884839));
#3696=CARTESIAN_POINT('Ctrl Pts',(12.9791274405559,13.560538132665,-15.9539753780475));
#3697=CARTESIAN_POINT('Ctrl Pts',(13.0269490292092,13.9366325420646,-16.0317089880729));
#3698=CARTESIAN_POINT('Ctrl Pts',(13.3470234586281,14.7382933692082,-16.1238193375842));
#3699=CARTESIAN_POINT('Ctrl Pts',(13.5783312737678,15.1093515068158,-16.1394818101414));
#3700=CARTESIAN_POINT('Ctrl Pts',(14.3347539322733,16.182392743007,-16.2057092035967));
#3701=CARTESIAN_POINT('Ctrl Pts',(14.8806906803905,16.8482404961835,-16.2760840156133));
#3702=CARTESIAN_POINT('Ctrl Pts',(15.4833575113008,17.8811991860931,-16.5294115368652));
#3703=CARTESIAN_POINT('Ctrl Pts',(15.6448146077735,18.2365281451754,-16.6414741170982));
#3704=CARTESIAN_POINT('Ctrl Pts',(15.7662374745778,18.8503809103315,-16.8718166621054));
#3705=CARTESIAN_POINT('Ctrl Pts',(15.7678341520308,19.1032501373611,-16.9775921354937));
#3706=CARTESIAN_POINT('Ctrl Pts',(15.6532420318552,19.5994271891688,-17.1958222659174));
#3707=CARTESIAN_POINT('Ctrl Pts',(15.5430321668376,19.8268701997271,-17.3006309844925));
#3708=CARTESIAN_POINT('Ctrl Pts',(15.2058935295889,20.2955114584086,-17.5161620006166));
#3709=CARTESIAN_POINT('Ctrl Pts',(14.9488440427846,20.5365957547904,-17.6266464704067));
#3710=CARTESIAN_POINT('Ctrl Pts',(14.2361289178923,21.0044084698981,-17.8361485112249));
#3711=CARTESIAN_POINT('Ctrl Pts',(13.749132513193,21.2109760941587,-17.9244027299492));
#3712=CARTESIAN_POINT('Ctrl Pts',(12.5690256228883,21.4658008987331,-18.0475119016131));
#3713=CARTESIAN_POINT('Ctrl Pts',(11.895214313857,21.4854570840857,-18.0730171239768));
#3714=CARTESIAN_POINT('Ctrl Pts',(10.4118100552981,21.2627028220902,-18.0860424870243));
#3715=CARTESIAN_POINT('Ctrl Pts',(9.69892147912051,20.9939564065642,-18.069656815551));
#3716=CARTESIAN_POINT('Ctrl Pts',(9.00681630832241,20.5834114592093,-18.0438983984232));
#3717=CARTESIAN_POINT('Ctrl Pts',(8.83341364784389,20.4545627623003,-18.035243902567));
#3718=CARTESIAN_POINT('Ctrl Pts',(8.63036262635651,20.2450723159972,-18.019108616772));
#3719=CARTESIAN_POINT('Ctrl Pts',(8.55962206264481,20.1548088623807,-18.0117385772918));
#3720=CARTESIAN_POINT('Ctrl Pts',(8.48724189211492,19.9935357163607,-17.9965200086814));
#3721=CARTESIAN_POINT('Ctrl Pts',(8.46998952816269,19.9278461008207,-17.9898483027892));
#3722=CARTESIAN_POINT('Ctrl Pts',(8.46641734094529,19.7975533829758,-17.9751222867116));
#3723=CARTESIAN_POINT('Ctrl Pts',(8.47710570771144,19.7383054928012,-17.9678161715313));
#3724=CARTESIAN_POINT('Ctrl Pts',(8.52388095960384,19.6036433470856,-17.9498398936781));
#3725=CARTESIAN_POINT('Ctrl Pts',(8.56704577616345,19.5288492336427,-17.9388061316454));
#3726=CARTESIAN_POINT('Ctrl Pts',(8.73782469836799,19.2888790643427,-17.9005748173028));
#3727=CARTESIAN_POINT('Ctrl Pts',(8.90930142772061,19.1149717172819,-17.8687295293418));
#3728=CARTESIAN_POINT('Ctrl Pts',(9.37277140429383,18.5806727343486,-17.7659363975801));
#3729=CARTESIAN_POINT('Ctrl Pts',(9.7429710022257,18.1054275553074,-17.6680007151107));
#3730=CARTESIAN_POINT('Ctrl Pts',(10.1910995094289,16.7900016882471,-17.4275353520928));
#3731=CARTESIAN_POINT('Ctrl Pts',(10.2678066546163,16.1645762499209,-17.3238234736932));
#3732=CARTESIAN_POINT('Ctrl Pts',(10.2003439026569,15.141400945667,-17.2051389158443));
#3733=CARTESIAN_POINT('Ctrl Pts',(10.1049688018133,14.6781583415498,-17.1688492554025));
#3734=CARTESIAN_POINT('Ctrl Pts',(9.71214280127901,13.8530944732825,-17.17140080161));
#3735=CARTESIAN_POINT('Ctrl Pts',(9.48603434297745,13.5631446053043,-17.1974508371814));
#3736=CARTESIAN_POINT('Ctrl Pts',(8.98026914850738,12.9662000475838,-17.2565250614645));
#3737=CARTESIAN_POINT('Ctrl Pts',(8.661548335825,12.6244925144212,-17.2929762812176));
#3738=CARTESIAN_POINT('Ctrl Pts',(8.44927518468413,12.2385946452027,-17.3033033978849));
#3739=CARTESIAN_POINT('Ctrl Pts',(8.3681259428157,10.6660332309765,-17.2228826799981));
#3740=CARTESIAN_POINT('Ctrl Pts',(8.51182973326234,10.2876911745518,-16.9899840469638));
#3741=CARTESIAN_POINT('Ctrl Pts',(8.8219126707872,9.67014817323113,-16.6047088083291));
#3742=CARTESIAN_POINT('Ctrl Pts',(9.38887637358728,9.08037320843721,-16.2423705579572));
#3743=CARTESIAN_POINT('Ctrl Pts',(9.56173888521109,8.93902319235979,-16.1557616753022));
#3744=CARTESIAN_POINT('Ctrl Pts',(9.94022731343758,8.74484298943595,-16.0252956490679));
#3745=CARTESIAN_POINT('Ctrl Pts',(10.1292384510129,8.68816770101596,-15.9806740092194));
#3746=CARTESIAN_POINT('Ctrl Pts',(10.5454281229265,8.65012107494933,-15.9103185686747));
#3747=CARTESIAN_POINT('Ctrl Pts',(10.7599919189958,8.67394356979021,-15.8873428567103));
#3748=CARTESIAN_POINT('Ctrl Pts',(11.0986709583812,8.76751590520848,-15.8509218677266));
#3749=CARTESIAN_POINT('Ctrl Pts',(11.2260295237971,8.81676644727409,-15.8372007392997));
#3750=CARTESIAN_POINT('Ctrl Pts',(11.5978272023887,8.99828378951097,-15.789629921862));
#3751=CARTESIAN_POINT('Ctrl Pts',(11.8498344427666,9.17536766252762,-15.7464780609482));
#3752=CARTESIAN_POINT('Ctrl Pts',(12.2590514590167,9.59505305347362,-15.618113900239));
#3753=CARTESIAN_POINT('Ctrl Pts',(12.4100006053619,9.79921641658327,-15.5488124378422));
#3754=CARTESIAN_POINT('Ctrl Pts',(12.6496488143538,10.2242021506145,-15.3989399383845));
#3755=CARTESIAN_POINT('Ctrl Pts',(12.7401131726145,10.4409631092449,-15.3204810561163));
#3756=CARTESIAN_POINT('Ctrl Pts',(12.8082622496147,10.6660332309765,-15.2449820944377));
#3757=CARTESIAN_POINT('',(15.0978682765223,17.2359373881454,-14.893036065103));
#3758=CARTESIAN_POINT('',(15.7272248532532,19.2692251946892,-15.544042837263));
#3759=CARTESIAN_POINT('Ctrl Pts',(15.0978682765223,17.2359373881454,-14.893036065103));
#3760=CARTESIAN_POINT('Ctrl Pts',(15.295021551292,17.5421208998002,-14.9058791492996));
#3761=CARTESIAN_POINT('Ctrl Pts',(15.4601048381083,17.8384001200582,-14.9397750013617));
#3762=CARTESIAN_POINT('Ctrl Pts',(15.6494673030957,18.3151824870172,-15.0577785650536));
#3763=CARTESIAN_POINT('Ctrl Pts',(15.7036777655551,18.5011374318169,-15.1201411438235));
#3764=CARTESIAN_POINT('Ctrl Pts',(15.7628176015773,18.8933591533001,-15.2975102802549));
#3765=CARTESIAN_POINT('Ctrl Pts',(15.7596761185913,19.0864289101944,-15.4115950531582));
#3766=CARTESIAN_POINT('Ctrl Pts',(15.7272248532532,19.2692251946892,-15.544042837263));
#3767=CARTESIAN_POINT('Ctrl Pts',(15.7272248532532,19.2692251946892,-15.544042837263));
#3768=CARTESIAN_POINT('Ctrl Pts',(15.7449824196749,19.1691977495426,-15.5700793846784));
#3769=CARTESIAN_POINT('Ctrl Pts',(15.7538139134394,19.0669380384327,-15.5855865651523));
#3770=CARTESIAN_POINT('Ctrl Pts',(15.7529540770999,18.8584096028839,-15.5947207433604));
#3771=CARTESIAN_POINT('Ctrl Pts',(15.7434684072617,18.7558432524721,-15.5884124784804));
#3772=CARTESIAN_POINT('Ctrl Pts',(15.6995807774248,18.4931825609755,-15.5489034023782));
#3773=CARTESIAN_POINT('Ctrl Pts',(15.6542237179808,18.3381952209275,-15.5023975557317));
#3774=CARTESIAN_POINT('Ctrl Pts',(15.4860027651974,17.8864954270334,-15.3239181711509));
#3775=CARTESIAN_POINT('Ctrl Pts',(15.3130550029141,17.5701272595797,-15.1332127017541));
#3776=CARTESIAN_POINT('Ctrl Pts',(15.0978682765223,17.2359373881454,-14.893036065103));
#3777=CARTESIAN_POINT('Ctrl Pts',(13.8463743746261,7.66603323097654,-15.6349170234605));
#3778=CARTESIAN_POINT('Ctrl Pts',(13.8067699347003,8.66603323097654,-15.2317753650487));
#3779=CARTESIAN_POINT('Ctrl Pts',(13.7671654947745,9.66603323097654,-14.8286337066368));
#3780=CARTESIAN_POINT('Ctrl Pts',(13.7275610548486,10.6660332309765,-14.425492048225));
#3781=CARTESIAN_POINT('Ctrl Pts',(12.9499658107043,7.66603323097654,-15.6349170234605));
#3782=CARTESIAN_POINT('Ctrl Pts',(12.9845391319864,8.66603323097655,-15.4557037471609));
#3783=CARTESIAN_POINT('Ctrl Pts',(13.0191124532684,9.66603323097654,-15.2764904708613));
#3784=CARTESIAN_POINT('Ctrl Pts',(13.0536857745505,10.6660332309765,-15.0972771945617));
#3785=CARTESIAN_POINT('Ctrl Pts',(12.0535572467824,7.66603323097654,-15.6349170234605));
#3786=CARTESIAN_POINT('Ctrl Pts',(12.1381272253434,8.66603323097654,-15.6471951609108));
#3787=CARTESIAN_POINT('Ctrl Pts',(12.2226972039044,9.66603323097655,-15.6594732983612));
#3788=CARTESIAN_POINT('Ctrl Pts',(12.3072671824653,10.6660332309765,-15.6717514358115));
#3789=CARTESIAN_POINT('Ctrl Pts',(9.63358463195205,7.66603323097654,-15.6349170234605));
#3790=CARTESIAN_POINT('Ctrl Pts',(9.80284267395998,8.66603323097655,-16.054567280121));
#3791=CARTESIAN_POINT('Ctrl Pts',(9.97210071596791,9.66603323097654,-16.4742175367815));
#3792=CARTESIAN_POINT('Ctrl Pts',(10.1413587579758,10.6660332309765,-16.8938677934421));
#3793=CARTESIAN_POINT('Ctrl Pts',(8.11002058104348,7.66603323097654,-15.6349170234605));
#3794=CARTESIAN_POINT('Ctrl Pts',(8.2812487180793,8.66603323097654,-16.1939811425127));
#3795=CARTESIAN_POINT('Ctrl Pts',(8.45247685511512,9.66603323097655,-16.7530452615648));
#3796=CARTESIAN_POINT('Ctrl Pts',(8.62370499215094,10.6660332309765,-17.312109380617));
#3797=CARTESIAN_POINT('Ctrl Pts',(6.58645653013492,7.66603323097654,-15.6349170234605));
#3798=CARTESIAN_POINT('Ctrl Pts',(6.75763768675661,8.66603323097654,-16.1998323879252));
#3799=CARTESIAN_POINT('Ctrl Pts',(6.92881884337831,9.66603323097654,-16.7647477523898));
#3800=CARTESIAN_POINT('Ctrl Pts',(7.1,10.6660332309765,-17.3296631168545));
#3801=CARTESIAN_POINT('',(13.7275610548486,10.6660332309765,-14.425492048225));
#3802=CARTESIAN_POINT('Ctrl Pts',(13.7275610548486,10.6660332309765,-14.425492048225));
#3803=CARTESIAN_POINT('Ctrl Pts',(13.4344001452627,10.6660332309765,-14.7177436714916));
#3804=CARTESIAN_POINT('Ctrl Pts',(13.1275098707609,10.6660332309765,-14.9915784773656));
#3805=CARTESIAN_POINT('Ctrl Pts',(12.8082622496147,10.6660332309765,-15.2449820944377));
#3806=CARTESIAN_POINT('',(13.8463743746261,7.66603323097654,-15.6349170234605));
#3807=CARTESIAN_POINT('',(13.8463743746261,7.66603323097654,-15.6349170234605));
#3808=CARTESIAN_POINT('',(12.0487427988106,7.66603323097654,-15.6349170234605));
#3809=CARTESIAN_POINT('',(0.153625625373907,7.66603323097654,-15.6349170234605));
#3810=CARTESIAN_POINT('',(7.1,7.66603323097654,-15.6349170234605));
#3811=CARTESIAN_POINT('',(0.153625625373907,7.66603323097654,-15.6349170234605));
#3812=CARTESIAN_POINT('',(7.1,10.6660332309765,-17.3296631168545));
#3813=CARTESIAN_POINT('Ctrl Pts',(7.1,7.66603323097654,-15.6349170234605));
#3814=CARTESIAN_POINT('Ctrl Pts',(7.1,8.16760284921445,-15.9147468774101));
#3815=CARTESIAN_POINT('Ctrl Pts',(7.1,8.66851085993871,-16.1972300934821));
#3816=CARTESIAN_POINT('Ctrl Pts',(7.1,9.16814022971668,-16.4801107576606));
#3817=CARTESIAN_POINT('Ctrl Pts',(7.1,9.66769989339347,-16.7629519555678));
#3818=CARTESIAN_POINT('Ctrl Pts',(7.1,10.167018273156,-17.0467778024265));
#3819=CARTESIAN_POINT('Ctrl Pts',(7.1,10.6660332309765,-17.3296631168545));
#3820=CARTESIAN_POINT('Ctrl Pts',(8.3681259428157,10.6660332309765,-17.2228826799981));
#3821=CARTESIAN_POINT('Ctrl Pts',(7.94801594527406,10.6660332309765,-17.2888259629904));
#3822=CARTESIAN_POINT('Ctrl Pts',(7.52424252511104,10.6660332309765,-17.3247756606704));
#3823=CARTESIAN_POINT('Ctrl Pts',(7.1,10.6660332309765,-17.3296631168545));
#3824=CARTESIAN_POINT('Ctrl Pts',(13.3513929677139,11.5935288059138,-13.0864810921648));
#3825=CARTESIAN_POINT('Ctrl Pts',(14.4938043630851,15.284363614268,-14.2681920370834));
#3826=CARTESIAN_POINT('Ctrl Pts',(15.6362157584562,18.9751984226223,-15.449902982002));
#3827=CARTESIAN_POINT('Ctrl Pts',(16.7786271538274,22.6660332309765,-16.6316139269207));
#3828=CARTESIAN_POINT('Ctrl Pts',(13.5047897315313,11.5935288059138,-13.2692930692634));
#3829=CARTESIAN_POINT('Ctrl Pts',(14.6607826210658,15.284363614268,-14.4671931223596));
#3830=CARTESIAN_POINT('Ctrl Pts',(15.8167755106004,18.9751984226223,-15.6650931754558));
#3831=CARTESIAN_POINT('Ctrl Pts',(16.9727684001349,22.6660332309765,-16.862993228552));
#3832=CARTESIAN_POINT('Ctrl Pts',(13.6581864953487,11.5935288059138,-13.4521050463619));
#3833=CARTESIAN_POINT('Ctrl Pts',(14.8277608790466,15.284363614268,-14.6661942076358));
#3834=CARTESIAN_POINT('Ctrl Pts',(15.9973352627445,18.9751984226223,-15.8802833689096));
#3835=CARTESIAN_POINT('Ctrl Pts',(17.1669096464424,22.6660332309765,-17.0943725301834));
#3836=CARTESIAN_POINT('Ctrl Pts',(13.8115832591662,11.5935288059138,-13.6349170234605));
#3837=CARTESIAN_POINT('Ctrl Pts',(14.9947391370274,15.284363614268,-14.8651952929119));
#3838=CARTESIAN_POINT('Ctrl Pts',(16.1778950148886,18.9751984226223,-16.0954735623633));
#3839=CARTESIAN_POINT('Ctrl Pts',(17.3610508927499,22.6660332309765,-17.3257518318148));
#3840=CARTESIAN_POINT('',(14.6354293332014,15.7419171466956,-14.4146889802498));
#3841=CARTESIAN_POINT('',(13.0643084545934,10.6660332309765,-12.7895207216313));
#3842=CARTESIAN_POINT('',(13.8407607009934,12.3074676367362,-13.634917023465));
#3843=CARTESIAN_POINT('Ctrl Pts',(13.8407607009934,12.3074676367362,-13.6349170234694));
#3844=CARTESIAN_POINT('Ctrl Pts',(14.0892020497449,13.3789702083136,-13.8788112146151));
#3845=CARTESIAN_POINT('Ctrl Pts',(14.3558633310215,14.5290202152321,-14.1405918721722));
#3846=CARTESIAN_POINT('Ctrl Pts',(14.6354293332014,15.7419171466956,-14.4146889802498));
#3847=CARTESIAN_POINT('',(13.8115832591662,11.5935288059138,-13.6349170234605));
#3848=CARTESIAN_POINT('Ctrl Pts',(13.8407607009934,12.3074676367362,-13.634917023465));
#3849=CARTESIAN_POINT('Ctrl Pts',(13.8310350590656,12.0694976323538,-13.634917023465));
#3850=CARTESIAN_POINT('Ctrl Pts',(13.8213078350994,11.8314836126238,-13.6349170234605));
#3851=CARTESIAN_POINT('Ctrl Pts',(13.8115832591662,11.5935288059138,-13.6349170234605));
#3852=CARTESIAN_POINT('',(17.3610508927499,22.6660332309765,-17.3257518318148));
#3853=CARTESIAN_POINT('',(13.5142597813737,10.6660332309765,-13.3257518318148));
#3854=CARTESIAN_POINT('',(16.7786271538274,22.6660332309765,-16.6316139269207));
#3855=CARTESIAN_POINT('Ctrl Pts',(16.7786271538274,22.6660332309765,-16.6316139269207));
#3856=CARTESIAN_POINT('Ctrl Pts',(16.9727684001349,22.6660332309765,-16.862993228552));
#3857=CARTESIAN_POINT('Ctrl Pts',(17.1669096464424,22.6660332309765,-17.0943725301834));
#3858=CARTESIAN_POINT('Ctrl Pts',(17.3610508927499,22.6660332309765,-17.3257518318148));
#3859=CARTESIAN_POINT('',(13.0643084545934,10.6660332309765,-12.7895207216313));
#3860=CARTESIAN_POINT('Ctrl Pts',(7.08684915640422,10.6660332309765,-16.3297587667328));
#3861=CARTESIAN_POINT('Ctrl Pts',(7.09123277093615,14.6660332309765,-16.6696164985146));
#3862=CARTESIAN_POINT('Ctrl Pts',(7.09561638546807,18.6660332309765,-17.0094742302963));
#3863=CARTESIAN_POINT('Ctrl Pts',(7.1,22.6660332309765,-17.3493319620781));
#3864=CARTESIAN_POINT('Ctrl Pts',(9.02338722031224,10.6660332309765,-16.3083268792271));
#3865=CARTESIAN_POINT('Ctrl Pts',(9.2749701956999,14.6660332309765,-16.6524693354226));
#3866=CARTESIAN_POINT('Ctrl Pts',(9.52758818057686,18.6660332309765,-17.0010148400374));
#3867=CARTESIAN_POINT('Ctrl Pts',(9.77917115596453,22.6660332309765,-17.3451572962329));
#3868=CARTESIAN_POINT('Ctrl Pts',(10.9499139921712,10.6660332309765,-15.5486055132767));
#3869=CARTESIAN_POINT('Ctrl Pts',(11.4520168061765,14.6660332309765,-16.0310933770477));
#3870=CARTESIAN_POINT('Ctrl Pts',(11.955526393601,18.6660332309765,-16.5178333111708));
#3871=CARTESIAN_POINT('Ctrl Pts',(12.4576292076064,22.6660332309765,-17.0003211749419));
#3872=CARTESIAN_POINT('Ctrl Pts',(12.5252916138136,10.6660332309765,-14.1851215923431));
#3873=CARTESIAN_POINT('Ctrl Pts',(13.3670247063948,14.6660332309765,-14.8986650055003));
#3874=CARTESIAN_POINT('Ctrl Pts',(14.208757798976,18.6660332309765,-15.6122084186576));
#3875=CARTESIAN_POINT('Ctrl Pts',(15.0504908915572,22.6660332309765,-16.3257518318148));
#3876=CARTESIAN_POINT('',(15.0504908915572,22.6660332309765,-16.3257518318148));
#3877=CARTESIAN_POINT('',(12.5252916138136,10.6660332309765,-14.1851215923431));
#3878=CARTESIAN_POINT('',(7.10000000016158,22.6660332309765,-17.3493319620776));
#3879=CARTESIAN_POINT('Ctrl Pts',(7.1,22.6660332309765,-17.3493319620781));
#3880=CARTESIAN_POINT('Ctrl Pts',(9.77917115596453,22.6660332309765,-17.3451572962329));
#3881=CARTESIAN_POINT('Ctrl Pts',(12.4576292076064,22.6660332309765,-17.0003211749419));
#3882=CARTESIAN_POINT('Ctrl Pts',(15.0504908915572,22.6660332309765,-16.3257518318148));
#3883=CARTESIAN_POINT('',(7.10000000544828,10.6660332309765,-16.329602204546));
#3884=CARTESIAN_POINT('Ctrl Pts',(7.1,22.6660332309765,-17.3493319620781));
#3885=CARTESIAN_POINT('Ctrl Pts',(7.1,20.6832850065434,-17.1808654977163));
#3886=CARTESIAN_POINT('Ctrl Pts',(7.1000002444115,18.6525363602068,-17.0083140357681));
#3887=CARTESIAN_POINT('Ctrl Pts',(7.09999999353719,16.6660209001843,-16.8395063783861));
#3888=CARTESIAN_POINT('Ctrl Pts',(7.09999977036866,14.8988900675982,-16.6893413169307));
#3889=CARTESIAN_POINT('Ctrl Pts',(7.1000001533837,13.0764002767997,-16.5344598654579));
#3890=CARTESIAN_POINT('Ctrl Pts',(7.09999983659351,11.2930650846487,-16.3828938820455));
#3891=CARTESIAN_POINT('Ctrl Pts',(7.09999979935987,11.0834624227524,-16.3650797135617));
#3892=CARTESIAN_POINT('Ctrl Pts',(7.09999981225181,10.8744006526643,-16.3473113606637));
#3893=CARTESIAN_POINT('Ctrl Pts',(7.09999992956866,10.6660332309765,-16.3296018762118));
#3894=CARTESIAN_POINT('Ctrl Pts',(7.09999993501777,10.6660332309765,-16.3296018761421));
#3895=CARTESIAN_POINT('Ctrl Pts',(7.52427118861059,10.6660332309765,-16.3241741460141));
#3896=CARTESIAN_POINT('Ctrl Pts',(7.94802481587781,10.6660332309765,-16.2833219132544));
#3897=CARTESIAN_POINT('Ctrl Pts',(8.36767313188462,10.6660332309765,-16.2084599730993));
#3898=CARTESIAN_POINT('Ctrl Pts',(12.8258117469579,12.8024792152172,-14.6697502040816));
#3899=CARTESIAN_POINT('Ctrl Pts',(12.9588268654335,13.4566856309283,-14.7833126275791));
#3900=CARTESIAN_POINT('Ctrl Pts',(13.091841983909,14.1108920466394,-14.8968750510765));
#3901=CARTESIAN_POINT('Ctrl Pts',(13.2248571023846,14.7650984623505,-15.010437474574));
#3902=CARTESIAN_POINT('Ctrl Pts',(12.8757307300695,12.8024792152172,-14.6356739124041));
#3903=CARTESIAN_POINT('Ctrl Pts',(13.0102853850118,13.4566856309283,-14.7502713701388));
#3904=CARTESIAN_POINT('Ctrl Pts',(13.1448400401777,14.1108920466394,-14.8648688282384));
#3905=CARTESIAN_POINT('Ctrl Pts',(13.2793946951201,14.7650984623505,-14.9794662859731));
#3906=CARTESIAN_POINT('Ctrl Pts',(12.9254190482712,12.8024792152172,-14.6011667202085));
#3907=CARTESIAN_POINT('Ctrl Pts',(13.0615241763231,13.4566856309283,-14.716810520189));
#3908=CARTESIAN_POINT('Ctrl Pts',(13.1976293045993,14.1108920466394,-14.8324543205336));
#3909=CARTESIAN_POINT('Ctrl Pts',(13.3337344326512,14.7650984623505,-14.9480981205141));
#3910=CARTESIAN_POINT('Ctrl Pts',(12.9748709351755,12.8024792152172,-14.5662333322484));
#3911=CARTESIAN_POINT('Ctrl Pts',(13.1125377325462,13.4566856309283,-14.6829345019424));
#3912=CARTESIAN_POINT('Ctrl Pts',(13.2502045299169,14.1108920466394,-14.7996356716363));
#3913=CARTESIAN_POINT('Ctrl Pts',(13.3878713272877,14.7650984623505,-14.9163368413303));
#3914=CARTESIAN_POINT('',(12.5252916138136,10.6660332309765,-14.1851215923431));
#3915=CARTESIAN_POINT('Ctrl Pts',(7.04863852114564,7.66603323097654,-14.5349170234605));
#3916=CARTESIAN_POINT('Ctrl Pts',(7.0657590140971,8.66603323097654,-15.1331454172019));
#3917=CARTESIAN_POINT('Ctrl Pts',(7.08287950704855,9.66603323097654,-15.7313738109434));
#3918=CARTESIAN_POINT('Ctrl Pts',(7.1,10.6660332309765,-16.3296022046848));
#3919=CARTESIAN_POINT('Ctrl Pts',(9.10157352504283,7.66603323097654,-14.5349170234605));
#3920=CARTESIAN_POINT('Ctrl Pts',(9.13010592561292,8.66603323097654,-15.1263609859026));
#3921=CARTESIAN_POINT('Ctrl Pts',(9.15712666832689,9.66603323097654,-15.7115805046073));
#3922=CARTESIAN_POINT('Ctrl Pts',(9.18565906889698,10.6660332309765,-16.3030244670494));
#3923=CARTESIAN_POINT('Ctrl Pts',(11.15450852894,7.66603323097654,-14.5349170234605));
#3924=CARTESIAN_POINT('Ctrl Pts',(11.1895006734518,8.66603323097655,-14.830699604326));
#3925=CARTESIAN_POINT('Ctrl Pts',(11.2224364232394,9.66603323097654,-15.1204908976795));
#3926=CARTESIAN_POINT('Ctrl Pts',(11.2574285677512,10.6660332309765,-15.416273478545));
#3927=CARTESIAN_POINT('Ctrl Pts',(13.2074435328372,7.66603323097654,-14.5349170234605));
#3928=CARTESIAN_POINT('Ctrl Pts',(13.1027455862064,8.66603323097654,-14.3065961687115));
#3929=CARTESIAN_POINT('Ctrl Pts',(12.9980476395755,9.66603323097654,-14.0782753139625));
#3930=CARTESIAN_POINT('Ctrl Pts',(12.8933496929447,10.6660332309765,-13.8499544592135));
#3931=CARTESIAN_POINT('',(7.1,7.66603323097654,-14.5349170234605));
#3932=CARTESIAN_POINT('Ctrl Pts',(7.1,10.6660332309765,-16.3296022046848));
#3933=CARTESIAN_POINT('Ctrl Pts',(7.1,10.21485552983,-16.0595964607204));
#3934=CARTESIAN_POINT('Ctrl Pts',(7.099998430384,9.76279057361747,-15.7890854628528));
#3935=CARTESIAN_POINT('Ctrl Pts',(7.09999944723949,9.31127994422977,-15.5189656868132));
#3936=CARTESIAN_POINT('Ctrl Pts',(7.09999955631254,9.26284863946834,-15.489991278806));
#3937=CARTESIAN_POINT('Ctrl Pts',(7.09999968476772,9.21442371267403,-15.461021323621));
#3938=CARTESIAN_POINT('Ctrl Pts',(7.09999983022367,9.16600694300226,-15.4320568925158));
#3939=CARTESIAN_POINT('Ctrl Pts',(7.10000118063435,8.71650644338395,-15.1631515867463));
#3940=CARTESIAN_POINT('Ctrl Pts',(7.10000490132594,8.26639404497584,-14.8939399437287));
#3941=CARTESIAN_POINT('Ctrl Pts',(7.10000147293905,7.81665750840346,-14.62499123604));
#3942=CARTESIAN_POINT('Ctrl Pts',(7.1000010901585,7.76644427225159,-14.594963022022));
#3943=CARTESIAN_POINT('Ctrl Pts',(7.10000060653224,7.7162357215174,-14.5649380334837));
#3944=CARTESIAN_POINT('Ctrl Pts',(7.1,7.66603323097654,-14.5349170234605));
#3945=CARTESIAN_POINT('',(12.245476780765,7.66603323097654,-14.5349170234605));
#3946=CARTESIAN_POINT('',(0.792556467162796,7.66603323097654,-14.5349170234605));
#3947=CARTESIAN_POINT('',(13.2074435328372,7.66603323097654,-14.5349170234605));
#3948=CARTESIAN_POINT('',(0.792556467162796,7.66603323097654,-14.5349170234605));
#3949=CARTESIAN_POINT('',(12.8933496929447,10.6660332309765,-13.8499544592135));
#3950=CARTESIAN_POINT('',(13.2074435328372,7.66603323097654,-14.5349170234605));
#3951=CARTESIAN_POINT('Ctrl Pts',(12.8082539039455,10.6660332309765,-13.9304505906328));
#3952=CARTESIAN_POINT('Ctrl Pts',(12.8367475643457,10.6660332309765,-13.9038216164791));
#3953=CARTESIAN_POINT('Ctrl Pts',(12.8651135505777,10.6660332309765,-13.8769892631175));
#3954=CARTESIAN_POINT('Ctrl Pts',(12.8933496929447,10.6660332309765,-13.8499544592135));
#3955=CARTESIAN_POINT('Origin',(15.0980762113533,1.66603323097654,3.5994383405643));
#3956=CARTESIAN_POINT('',(15.0980762113533,4.66603323097654,3.4744383405643));
#3957=CARTESIAN_POINT('',(14.62751135564,4.62889818175771,3.4744383405643));
#3958=CARTESIAN_POINT('Origin',(15.0980762113533,1.66603323097654,3.4744383405643));
#3959=CARTESIAN_POINT('',(15.0980762113533,4.66603323097654,3.65784985048184));
#3960=CARTESIAN_POINT('',(15.0980762113533,4.66603323097654,3.5994383405643));
#3961=CARTESIAN_POINT('',(14.9196877650855,4.66072479476707,3.9744383405643));
#3962=CARTESIAN_POINT('Origin',(15.0980762113533,1.66603323097654,3.65784985048184));
#3963=CARTESIAN_POINT('',(12.5,3.16603323097654,3.9744383405643));
#3964=CARTESIAN_POINT('Origin',(15.0980762113533,1.66603323097654,3.9744383405643));
#3965=CARTESIAN_POINT('',(12.5,3.16603323097654,3.4744383405643));
#3966=CARTESIAN_POINT('',(12.5,3.16603323097654,3.5994383405643));
#3967=CARTESIAN_POINT('Origin',(15.0980762113533,1.66603323097654,3.4744383405643));
#3968=CARTESIAN_POINT('Origin',(7.,4.66603323097654,-5.8302393414481));
#3969=CARTESIAN_POINT('',(15.2014232858894,4.66603323097654,3.4744383405643));
#3970=CARTESIAN_POINT('',(11.3876676080695,4.66603323097654,3.4744383405643));
#3971=CARTESIAN_POINT('',(14.9196877650855,4.66603323097654,3.9744383405643));
#3972=CARTESIAN_POINT('Origin',(7.,4.66603323097654,-5.8302393414481));
#3973=CARTESIAN_POINT('',(14.62751135564,4.66603323097654,3.4744383405643));
#3974=CARTESIAN_POINT('',(7.1,4.66603323097654,3.4744383405643));
#3975=CARTESIAN_POINT('',(7.05,4.66603323097654,3.4744383405643));
#3976=CARTESIAN_POINT('',(7.1,4.66603323097654,2.8744383405643));
#3977=CARTESIAN_POINT('',(7.1,4.66603323097654,-17.415119670724));
#3978=CARTESIAN_POINT('',(14.2768996643054,4.66603323097654,2.8744383405643));
#3979=CARTESIAN_POINT('',(-0.276899664305347,4.66603323097654,2.8744383405643));
#3980=CARTESIAN_POINT('',(16.8092766291144,4.66603323097654,-1.61980675423665));
#3981=CARTESIAN_POINT('',(14.2768996643054,4.66603323097654,2.8744383405643));
#3982=CARTESIAN_POINT('',(16.0107275298105,4.66603323097654,-9.62023699294357));
#3983=CARTESIAN_POINT('',(16.8092766291144,4.66603323097654,-1.61980675423665));
#3984=CARTESIAN_POINT('',(13.2074435328372,4.66603323097654,-14.5349170234605));
#3985=CARTESIAN_POINT('',(16.0107275298105,4.66603323097654,-9.62023699294357));
#3986=CARTESIAN_POINT('',(7.1,4.66603323097654,-14.5349170234605));
#3987=CARTESIAN_POINT('',(0.792556467162796,4.66603323097654,-14.5349170234605));
#3988=CARTESIAN_POINT('',(7.1,4.66603323097654,-15.1349170234605));
#3989=CARTESIAN_POINT('',(7.1,4.66603323097654,-17.415119670724));
#3990=CARTESIAN_POINT('',(13.5559512647221,4.66603323097654,-15.1349170234605));
#3991=CARTESIAN_POINT('',(9.64999994076789,4.66603323097654,-15.1349170234605));
#3992=CARTESIAN_POINT('',(16.5950942330804,4.66603323097654,-9.80673219716269));
#3993=CARTESIAN_POINT('',(16.2730793932253,4.66603323097654,-10.3712843098544));
#3994=CARTESIAN_POINT('',(17.0820664858053,4.66603323097654,-9.96214486734529));
#3995=CARTESIAN_POINT('',(12.1521090637129,4.66603323097654,-8.38879475844957));
#3996=CARTESIAN_POINT('',(17.938389539627,4.66603323097654,-1.3828942491055));
#3997=CARTESIAN_POINT('',(17.938389539627,4.66603323097654,-1.3828942491055));
#3998=CARTESIAN_POINT('',(17.4251563984849,4.66603323097654,-1.49058175143784));
#3999=CARTESIAN_POINT('',(11.9963069329737,4.66603323097654,-2.6296727270872));
#4000=CARTESIAN_POINT('',(15.698169926237,4.66603323097654,1.57432548375847));
#4001=CARTESIAN_POINT('Origin',(7.1,4.66603323097654,3.4744383405643));
#4002=CARTESIAN_POINT('',(7.1,3.16603323097654,3.4744383405643));
#4003=CARTESIAN_POINT('',(8.45,3.16603323097654,3.4744383405643));
#4004=CARTESIAN_POINT('',(7.1,4.66603323097654,3.4744383405643));
#4005=CARTESIAN_POINT('',(14.62751135564,4.66603323097654,3.4744383405643));
#4006=CARTESIAN_POINT('Origin',(9.8,3.16603323097654,3.7244383405643));
#4007=CARTESIAN_POINT('',(7.1,3.16603323097654,3.9744383405643));
#4008=CARTESIAN_POINT('',(7.1,3.16603323097654,3.8494383405643));
#4009=CARTESIAN_POINT('',(11.15,3.16603323097654,3.9744383405643));
#4010=CARTESIAN_POINT('Origin',(14.0320506891046,2.91603323097654,-15.6349170234605));
#4011=CARTESIAN_POINT('',(14.0320506891046,4.66603323097654,-15.30939179095));
#4012=CARTESIAN_POINT('',(13.8463743746261,4.65615515378588,-15.6349170234605));
#4013=CARTESIAN_POINT('Origin',(14.0320506891046,2.91603323097654,-15.30939179095));
#4014=CARTESIAN_POINT('',(14.0320506891046,4.66603323097654,-15.1349170234605));
#4015=CARTESIAN_POINT('',(14.0320506891046,4.66603323097654,-15.6349170234605));
#4016=CARTESIAN_POINT('',(13.5559512647221,4.60002531471761,-15.1349170234605));
#4017=CARTESIAN_POINT('Origin',(14.0320506891046,2.91603323097654,-15.1349170234605));
#4018=CARTESIAN_POINT('',(12.2999998815358,3.16603323097654,-15.1349170234605));
#4019=CARTESIAN_POINT('Origin',(14.0320506891046,2.91603323097654,-15.1349170234605));
#4020=CARTESIAN_POINT('',(12.2999998815358,3.16603323097654,-15.6349170234605));
#4021=CARTESIAN_POINT('',(12.2999998815358,3.16603323097654,-15.6349170234605));
#4022=CARTESIAN_POINT('Origin',(14.0320506891046,2.91603323097654,-15.6349170234605));
#4023=CARTESIAN_POINT('Origin',(12.2999998815358,4.66603323097654,-15.1349170234605));
#4024=CARTESIAN_POINT('',(7.1,3.16603323097654,-15.1349170234605));
#4025=CARTESIAN_POINT('',(7.1,4.66603323097654,-15.1349170234605));
#4026=CARTESIAN_POINT('',(12.2999998815358,3.16603323097654,-15.1349170234605));
#4027=CARTESIAN_POINT('',(13.5559512647221,4.66603323097654,-15.1349170234605));
#4028=CARTESIAN_POINT('Origin',(9.69999994076788,3.16603323097654,-15.3849170234605));
#4029=CARTESIAN_POINT('',(7.1,3.16603323097654,-15.6349170234605));
#4030=CARTESIAN_POINT('',(7.1,3.16603323097654,-15.1349170234605));
#4031=CARTESIAN_POINT('',(7.1,3.16603323097654,-15.6349170234605));
#4032=CARTESIAN_POINT('Ctrl Pts',(9.00122892193262,17.5533602475395,-17.6801838904232));
#4033=CARTESIAN_POINT('Ctrl Pts',(8.35328816515529,17.542424642394,-17.7498171043027));
#4034=CARTESIAN_POINT('Ctrl Pts',(7.70444847507032,17.5350541857361,-17.8033968900206));
#4035=CARTESIAN_POINT('Ctrl Pts',(7.05456893889662,17.5313609167896,-17.84018361796));
#4036=CARTESIAN_POINT('Ctrl Pts',(8.9981914378228,17.2988638077249,-17.6524019218872));
#4037=CARTESIAN_POINT('Ctrl Pts',(8.35120157594966,17.2896271305333,-17.7258072910809));
#4038=CARTESIAN_POINT('Ctrl Pts',(7.70278838869999,17.2834691852089,-17.7816328340212));
#4039=CARTESIAN_POINT('Ctrl Pts',(7.05339726292216,17.2803852346494,-17.8196537744392));
#4040=CARTESIAN_POINT('Ctrl Pts',(9.01800137976543,16.8344586819059,-17.8335910783909));
#4041=CARTESIAN_POINT('Ctrl Pts',(8.36812730496264,16.8315545973182,-17.9098992199626));
#4042=CARTESIAN_POINT('Ctrl Pts',(7.71678880060455,16.8296519164631,-17.9678935193795));
#4043=CARTESIAN_POINT('Ctrl Pts',(7.06408419561936,16.8286930961419,-18.0069078111981));
#4044=CARTESIAN_POINT('Ctrl Pts',(9.06678784124142,16.6660332309765,-18.2798103469396));
#4045=CARTESIAN_POINT('Ctrl Pts',(8.40891589212561,16.6660705988188,-18.3533020246926));
#4046=CARTESIAN_POINT('Ctrl Pts',(7.74974366831848,16.6660214708584,-18.4094395944432));
#4047=CARTESIAN_POINT('Ctrl Pts',(7.08923878022121,16.6660332309765,-18.4476607983409));
#4048=CARTESIAN_POINT('Ctrl Pts',(9.08765756217795,16.6660332309765,-18.4706926394726));
#4049=CARTESIAN_POINT('Ctrl Pts',(8.42637062049727,16.6660332309765,-18.5429930804863));
#4050=CARTESIAN_POINT('Ctrl Pts',(7.76383696218257,16.6660332309765,-18.5983300788187));
#4051=CARTESIAN_POINT('Ctrl Pts',(7.1,16.6660332309765,-18.6362164766746));
#4052=CARTESIAN_POINT('',(8.99999999999722,17.553339510725,-17.6803159414534));
#4053=CARTESIAN_POINT('',(8.99999999999897,16.6660332309765,-18.4801762489069));
#4054=CARTESIAN_POINT('Ctrl Pts',(9.00000000026236,17.5533395107356,-17.6803159414121));
#4055=CARTESIAN_POINT('Ctrl Pts',(9.00000001962266,17.5168720948035,-17.6762884226601));
#4056=CARTESIAN_POINT('Ctrl Pts',(9.00002130945264,17.4803050847836,-17.6749961938973));
#4057=CARTESIAN_POINT('Ctrl Pts',(9.00004851709083,17.4438677975423,-17.6762703676027));
#4058=CARTESIAN_POINT('Ctrl Pts',(9.00007665377917,17.4061862984087,-17.6775880500925));
#4059=CARTESIAN_POINT('Ctrl Pts',(9.00011113658392,17.3686424433863,-17.6816505708476));
#4060=CARTESIAN_POINT('Ctrl Pts',(9.00014030966283,17.3314876245603,-17.6883268483729));
#4061=CARTESIAN_POINT('Ctrl Pts',(9.00016260378803,17.3030938377763,-17.6934288729973));
#4062=CARTESIAN_POINT('Ctrl Pts',(9.00018191202677,17.2749270613383,-17.7000585418488));
#4063=CARTESIAN_POINT('Ctrl Pts',(9.00019490364706,17.2471048868745,-17.7081770127632));
#4064=CARTESIAN_POINT('Ctrl Pts',(9.00021187560581,17.2107586277687,-17.7187827994454));
#4065=CARTESIAN_POINT('Ctrl Pts',(9.0002180544959,17.1752581870073,-17.7318521883343));
#4066=CARTESIAN_POINT('Ctrl Pts',(9.00021220780309,17.1408468716593,-17.7472362914862));
#4067=CARTESIAN_POINT('Ctrl Pts',(9.00020636737587,17.1064724331238,-17.762603908297));
#4068=CARTESIAN_POINT('Ctrl Pts',(9.00018857626091,17.0731836544707,-17.7802817860728));
#4069=CARTESIAN_POINT('Ctrl Pts',(9.00016245329013,17.0412387599754,-17.8001697902001));
#4070=CARTESIAN_POINT('Ctrl Pts',(9.00014307265845,17.0175388431551,-17.8149247002096));
#4071=CARTESIAN_POINT('Ctrl Pts',(9.00011920927826,16.9945788515884,-17.8308971245854));
#4072=CARTESIAN_POINT('Ctrl Pts',(9.00009383187428,16.9724754239471,-17.8480609778029));
#4073=CARTESIAN_POINT('Ctrl Pts',(9.00005949209044,16.9425658663106,-17.8712864822543));
#4074=CARTESIAN_POINT('Ctrl Pts',(9.00002299188979,16.9144314445956,-17.8965308358716));
#4075=CARTESIAN_POINT('Ctrl Pts',(8.99999564235796,16.8883196844091,-17.9236784953982));
#4076=CARTESIAN_POINT('Ctrl Pts',(8.99998716045865,16.8802216547118,-17.9320977881418));
#4077=CARTESIAN_POINT('Ctrl Pts',(8.99997959318134,16.8723183582257,-17.9407004618408));
#4078=CARTESIAN_POINT('Ctrl Pts',(8.99997336731317,16.864617781324,-17.9494838971007));
#4079=CARTESIAN_POINT('Ctrl Pts',(8.99995341302515,16.8399369616891,-17.9776353439585));
#4080=CARTESIAN_POINT('Ctrl Pts',(8.99994696254196,16.8173352962658,-18.0076412973774));
#4081=CARTESIAN_POINT('Ctrl Pts',(8.99994640225375,16.7968983794378,-18.039214996859));
#4082=CARTESIAN_POINT('Ctrl Pts',(8.99994615259868,16.7877920309027,-18.0532837095931));
#4083=CARTESIAN_POINT('Ctrl Pts',(8.99994712028254,16.7791160528892,-18.0676640998582));
#4084=CARTESIAN_POINT('Ctrl Pts',(8.99994881820337,16.7708809422294,-18.0823323446432));
#4085=CARTESIAN_POINT('Ctrl Pts',(8.99995264289744,16.7523307375535,-18.1153736666406));
#4086=CARTESIAN_POINT('Ctrl Pts',(8.99996006344483,16.7361184669652,-18.149688401785));
#4087=CARTESIAN_POINT('Ctrl Pts',(8.99996718454669,16.7223199980546,-18.1849782993819));
#4088=CARTESIAN_POINT('Ctrl Pts',(8.999973086762,16.7108833501863,-18.2142277860268));
#4089=CARTESIAN_POINT('Ctrl Pts',(8.99997890105252,16.7011055235519,-18.2441481929735));
#4090=CARTESIAN_POINT('Ctrl Pts',(8.99998386235258,16.6930545686794,-18.2745804257152));
#4091=CARTESIAN_POINT('Ctrl Pts',(8.99998982334168,16.6833813673666,-18.3111446741013));
#4092=CARTESIAN_POINT('Ctrl Pts',(8.99999455583746,16.676242094705,-18.3482878017378));
#4093=CARTESIAN_POINT('Ctrl Pts',(8.99999741033094,16.671734343663,-18.3857287372409));
#4094=CARTESIAN_POINT('Ctrl Pts',(8.99999979869907,16.6679626871606,-18.4170557441072));
#4095=CARTESIAN_POINT('Ctrl Pts',(9.00000096507149,16.6660339610263,-18.4485919980053));
#4096=CARTESIAN_POINT('Ctrl Pts',(9.00000124886058,16.6660332309765,-18.4801761845315));
#4097=CARTESIAN_POINT('',(7.1000000158692,16.6660332309765,-18.6362164748632));
#4098=CARTESIAN_POINT('Ctrl Pts',(9.00000000733474,16.6660332309765,-18.4801763174331));
#4099=CARTESIAN_POINT('Ctrl Pts',(8.3678244182956,16.6660332309765,-18.5478487760629));
#4100=CARTESIAN_POINT('Ctrl Pts',(7.73450755895021,16.6660332309765,-18.6000039616021));
#4101=CARTESIAN_POINT('Ctrl Pts',(7.10000001592073,16.6660332309765,-18.636216475766));
#4102=CARTESIAN_POINT('',(7.1,17.531625095255,-17.8375845451103));
#4103=CARTESIAN_POINT('Ctrl Pts',(7.1,16.6660332309765,-18.6362164766746));
#4104=CARTESIAN_POINT('Ctrl Pts',(7.1,16.6660332309765,-18.5990701765628));
#4105=CARTESIAN_POINT('Ctrl Pts',(7.09999939984697,16.6687167168892,-18.5620347722421));
#4106=CARTESIAN_POINT('Ctrl Pts',(7.09999790344645,16.6739315941857,-18.5253733988745));
#4107=CARTESIAN_POINT('Ctrl Pts',(7.09999637787635,16.6792481259586,-18.4879973792167));
#4108=CARTESIAN_POINT('Ctrl Pts',(7.09999385130371,16.6871959731101,-18.4510089047329));
#4109=CARTESIAN_POINT('Ctrl Pts',(7.09999054246735,16.6976676524305,-18.4146896259778));
#4110=CARTESIAN_POINT('Ctrl Pts',(7.0999879655914,16.7058228512975,-18.3864046745493));
#4111=CARTESIAN_POINT('Ctrl Pts',(7.09998491424292,16.7155099095643,-18.3585254635069));
#4112=CARTESIAN_POINT('Ctrl Pts',(7.09998212696189,16.7266982731985,-18.331193468744));
#4113=CARTESIAN_POINT('Ctrl Pts',(7.09997855134747,16.7410510685716,-18.2961311003052));
#4114=CARTESIAN_POINT('Ctrl Pts',(7.09997514811147,16.7577751416942,-18.2622076365202));
#4115=CARTESIAN_POINT('Ctrl Pts',(7.09997392604754,16.7767504206119,-18.229697668432));
#4116=CARTESIAN_POINT('Ctrl Pts',(7.09997272237177,16.7954401823232,-18.1976768712967));
#4117=CARTESIAN_POINT('Ctrl Pts',(7.09997357455575,16.8163144536758,-18.1670262462951));
#4118=CARTESIAN_POINT('Ctrl Pts',(7.09997991369461,16.8393027849892,-18.1380307017438));
#4119=CARTESIAN_POINT('Ctrl Pts',(7.09998164325784,16.845574894404,-18.1301195912987));
#4120=CARTESIAN_POINT('Ctrl Pts',(7.09998379293125,16.852004608953,-18.1223318704197));
#4121=CARTESIAN_POINT('Ctrl Pts',(7.09998646137971,16.8585910038625,-18.1146737890854));
#4122=CARTESIAN_POINT('Ctrl Pts',(7.09999148923682,16.8710010064702,-18.1002445283694));
#4123=CARTESIAN_POINT('Ctrl Pts',(7.09999834935165,16.8839671485905,-18.0862753447821));
#4124=CARTESIAN_POINT('Ctrl Pts',(7.10000616251422,16.8974578988873,-18.0727813302987));
#4125=CARTESIAN_POINT('Ctrl Pts',(7.10002135355223,16.9236878024285,-18.0465450802386));
#4126=CARTESIAN_POINT('Ctrl Pts',(7.10003962009203,16.9517211607177,-18.0222799589065));
#4127=CARTESIAN_POINT('Ctrl Pts',(7.1000557580972,16.9812787145436,-18.0000474369033));
#4128=CARTESIAN_POINT('Ctrl Pts',(7.10007224528685,17.0114758169937,-17.9773338609216));
#4129=CARTESIAN_POINT('Ctrl Pts',(7.1000864771084,17.0432647983592,-17.9567411682841));
#4130=CARTESIAN_POINT('Ctrl Pts',(7.10009512134452,17.0763838003672,-17.938375301997));
#4131=CARTESIAN_POINT('Ctrl Pts',(7.10010169569153,17.1015723547909,-17.9244071992626));
#4132=CARTESIAN_POINT('Ctrl Pts',(7.10010508016414,17.1275311019003,-17.9117279267149));
#4133=CARTESIAN_POINT('Ctrl Pts',(7.10010482286268,17.1541526795185,-17.9004026712015));
#4134=CARTESIAN_POINT('Ctrl Pts',(7.10010448625894,17.1889792309703,-17.8855868853192));
#4135=CARTESIAN_POINT('Ctrl Pts',(7.10009780325151,17.2247437462398,-17.8731699844643));
#4136=CARTESIAN_POINT('Ctrl Pts',(7.10008658128367,17.2611880980122,-17.8632606449459));
#4137=CARTESIAN_POINT('Ctrl Pts',(7.10007866989391,17.2868810491817,-17.8562746467325));
#4138=CARTESIAN_POINT('Ctrl Pts',(7.10006854893802,17.3129125149552,-17.8505358341388));
#4139=CARTESIAN_POINT('Ctrl Pts',(7.10005763465785,17.3391959686843,-17.8460973837052));
#4140=CARTESIAN_POINT('Ctrl Pts',(7.10004238437779,17.3759212519217,-17.8398956359825));
#4141=CARTESIAN_POINT('Ctrl Pts',(7.10002553565149,17.4129812785701,-17.836257268103));
#4142=CARTESIAN_POINT('Ctrl Pts',(7.1000137645281,17.4501362548562,-17.8353045625631));
#4143=CARTESIAN_POINT('Ctrl Pts',(7.10000516535908,17.4772791120488,-17.8346085817551));
#4144=CARTESIAN_POINT('Ctrl Pts',(7.09999932238712,17.504473043423,-17.8353467951913));
#4145=CARTESIAN_POINT('Ctrl Pts',(7.09999973315291,17.5316250989231,-17.8375845432109));
#4146=CARTESIAN_POINT('Ctrl Pts',(7.09999999899324,17.5316251005041,-17.8375845278418));
#4147=CARTESIAN_POINT('Ctrl Pts',(7.73427718972376,17.5353971884325,-17.800914766927));
#4148=CARTESIAN_POINT('Ctrl Pts',(8.36756684526859,17.5426700535578,-17.7482626445427));
#4149=CARTESIAN_POINT('Ctrl Pts',(9.00000000025958,17.5533395107356,-17.6803159414124));
#4150=CARTESIAN_POINT('Origin',(9.,16.6660332309765,-19.6349170234605));
#4151=CARTESIAN_POINT('',(9.,16.6660332309765,-18.8349170234605));
#4152=CARTESIAN_POINT('',(9.,16.6660332309765,-19.6349170234605));
#4153=CARTESIAN_POINT('',(7.1,16.6660332309765,-18.8349170234605));
#4154=CARTESIAN_POINT('',(8.525,16.6660332309765,-18.8349170234605));
#4155=CARTESIAN_POINT('',(7.1,16.6660332309765,-19.6349170234605));
#4156=CARTESIAN_POINT('Ctrl Pts',(7.09563781357873,15.8562642986565,-19.6349170234605));
#4157=CARTESIAN_POINT('Ctrl Pts',(7.42130122602849,15.8580476287494,-19.6349170234605));
#4158=CARTESIAN_POINT('Ctrl Pts',(7.94264443888036,15.862141188011,-19.6349170234605));
#4159=CARTESIAN_POINT('Ctrl Pts',(8.6761822582945,15.8660332309334,-19.6349170234605));
#4160=CARTESIAN_POINT('Ctrl Pts',(8.95700129500981,15.8660332309765,-19.6349170234605));
#4161=CARTESIAN_POINT('Ctrl Pts',(7.09687172613772,15.6309329501698,-19.6349170234605));
#4162=CARTESIAN_POINT('Ctrl Pts',(7.42283401188127,15.6313985948148,-19.6349621982401));
#4163=CARTESIAN_POINT('Ctrl Pts',(7.94450248535637,15.6327101254493,-19.63471939532));
#4164=CARTESIAN_POINT('Ctrl Pts',(8.67700317479928,15.62980792715,-19.6347906128688));
#4165=CARTESIAN_POINT('Ctrl Pts',(8.95700129504657,15.626673790841,-19.6349170234605));
#4166=CARTESIAN_POINT('Ctrl Pts',(7.09901278953015,15.2399419533589,-19.45807658527));
#4167=CARTESIAN_POINT('Ctrl Pts',(7.42548978871378,15.2382665118019,-19.455916807618));
#4168=CARTESIAN_POINT('Ctrl Pts',(7.94770755900277,15.2345322457648,-19.4511707587003));
#4169=CARTESIAN_POINT('Ctrl Pts',(8.67841326769432,15.2204308529582,-19.4394800808975));
#4170=CARTESIAN_POINT('Ctrl Pts',(8.95700129511021,15.2123077028632,-19.4339849970194));
#4171=CARTESIAN_POINT('Ctrl Pts',(7.0999149458233,15.0751943846592,-19.0767286213222));
#4172=CARTESIAN_POINT('Ctrl Pts',(7.42659738019463,15.075001847493,-19.0710379771117));
#4173=CARTESIAN_POINT('Ctrl Pts',(7.94899107546951,15.0747314340662,-19.0583605196116));
#4174=CARTESIAN_POINT('Ctrl Pts',(8.67891635330434,15.0696813544385,-19.0282740449947));
#4175=CARTESIAN_POINT('Ctrl Pts',(8.95700129513268,15.0660332311391,-19.0144366042865));
#4176=CARTESIAN_POINT('Ctrl Pts',(7.1,15.0596621881591,-18.908442861645));
#4177=CARTESIAN_POINT('Ctrl Pts',(7.42669439480731,15.0608252295241,-18.9016612912562));
#4178=CARTESIAN_POINT('Ctrl Pts',(7.94907061643669,15.0634949420859,-18.8864448105834));
#4179=CARTESIAN_POINT('Ctrl Pts',(8.67891413298934,15.0660332309484,-18.8510221771845));
#4180=CARTESIAN_POINT('Ctrl Pts',(8.95700129513268,15.0660332309765,-18.8349170241849));
#4181=CARTESIAN_POINT('',(7.1,15.0596621881591,-18.908442861645));
#4182=CARTESIAN_POINT('',(7.10000000001385,15.8562882235733,-19.6349170234605));
#4183=CARTESIAN_POINT('Ctrl Pts',(7.1,15.0596621881591,-18.908442861645));
#4184=CARTESIAN_POINT('Ctrl Pts',(7.1,15.063079791842,-18.9454702573714));
#4185=CARTESIAN_POINT('Ctrl Pts',(7.09999955764935,15.0691476905067,-18.9821381028534));
#4186=CARTESIAN_POINT('Ctrl Pts',(7.09999914662342,15.0777038257918,-19.0181937895586));
#4187=CARTESIAN_POINT('Ctrl Pts',(7.09999872931933,15.0863906504606,-19.0548002033523));
#4188=CARTESIAN_POINT('Ctrl Pts',(7.09999834226169,15.0976426716389,-19.0907767990683));
#4189=CARTESIAN_POINT('Ctrl Pts',(7.09999818773907,15.1113429150537,-19.1258515955633));
#4190=CARTESIAN_POINT('Ctrl Pts',(7.09999806809398,15.1219508559249,-19.1530096069959));
#4191=CARTESIAN_POINT('Ctrl Pts',(7.09999808160562,15.1340276836787,-19.1796269871798));
#4192=CARTESIAN_POINT('Ctrl Pts',(7.09999821606814,15.1475381187906,-19.205567465022));
#4193=CARTESIAN_POINT('Ctrl Pts',(7.09999838956792,15.1649709137156,-19.2390390021513));
#4194=CARTESIAN_POINT('Ctrl Pts',(7.09999876603328,15.184669696838,-19.2711550132253));
#4195=CARTESIAN_POINT('Ctrl Pts',(7.09999909309933,15.206504583464,-19.3016523398145));
#4196=CARTESIAN_POINT('Ctrl Pts',(7.09999933296392,15.2225179114107,-19.3240185513058));
#4197=CARTESIAN_POINT('Ctrl Pts',(7.0999995400925,15.2396812577467,-19.3455140245981));
#4198=CARTESIAN_POINT('Ctrl Pts',(7.09999952951786,15.2579588477561,-19.3660260261088));
#4199=CARTESIAN_POINT('Ctrl Pts',(7.09999951468822,15.2835909174245,-19.3947915828092));
#4200=CARTESIAN_POINT('Ctrl Pts',(7.09999907650693,15.3114134391714,-19.4216252100314));
#4201=CARTESIAN_POINT('Ctrl Pts',(7.09999861777801,15.341160987462,-19.4463963006631));
#4202=CARTESIAN_POINT('Ctrl Pts',(7.09999817443766,15.3699106212338,-19.4703364175707));
#4203=CARTESIAN_POINT('Ctrl Pts',(7.09999770716499,15.4002722669157,-19.4921951498068));
#4204=CARTESIAN_POINT('Ctrl Pts',(7.09999739292596,15.4319738991447,-19.511892040674));
#4205=CARTESIAN_POINT('Ctrl Pts',(7.09999707539473,15.4640076615625,-19.5317952910131));
#4206=CARTESIAN_POINT('Ctrl Pts',(7.09999690821112,15.4974107034064,-19.5494917604556));
#4207=CARTESIAN_POINT('Ctrl Pts',(7.09999691124509,15.5319325668529,-19.5648556979945));
#4208=CARTESIAN_POINT('Ctrl Pts',(7.09999691270157,15.5485051658192,-19.5722313246252));
#4209=CARTESIAN_POINT('Ctrl Pts',(7.09999695155238,15.5653359498882,-19.5790687154803));
#4210=CARTESIAN_POINT('Ctrl Pts',(7.09999702305171,15.582398528732,-19.5853498779843));
#4211=CARTESIAN_POINT('Ctrl Pts',(7.09999717208362,15.6179634613548,-19.5984422201963));
#4212=CARTESIAN_POINT('Ctrl Pts',(7.09999745786993,15.6543142193972,-19.6090400086344));
#4213=CARTESIAN_POINT('Ctrl Pts',(7.0999977461549,15.6911932332916,-19.6170354569033));
#4214=CARTESIAN_POINT('Ctrl Pts',(7.09999802786188,15.7272307548744,-19.624848467858));
#4215=CARTESIAN_POINT('Ctrl Pts',(7.09999830592657,15.7637737992143,-19.6301768479943));
#4216=CARTESIAN_POINT('Ctrl Pts',(7.09999839118052,15.8005945708628,-19.6328728923449));
#4217=CARTESIAN_POINT('Ctrl Pts',(7.09999843402416,15.8190985389204,-19.6342277666811));
#4218=CARTESIAN_POINT('Ctrl Pts',(7.09999842771073,15.8376727450947,-19.6349170725386));
#4219=CARTESIAN_POINT('Ctrl Pts',(7.0999983490429,15.8562882191417,-19.6349170234605));
#4220=CARTESIAN_POINT('',(8.95700129515358,15.8660332309765,-19.6349170234605));
#4221=CARTESIAN_POINT('Ctrl Pts',(7.09999999998812,15.8562882282142,-19.6349170234605));
#4222=CARTESIAN_POINT('Ctrl Pts',(7.42396391030403,15.8580685238383,-19.6349170234605));
#4223=CARTESIAN_POINT('Ctrl Pts',(7.94451668500317,15.8621511218713,-19.6349170234605));
#4224=CARTESIAN_POINT('Ctrl Pts',(8.6761822582945,15.8660332309334,-19.6349170234605));
#4225=CARTESIAN_POINT('Ctrl Pts',(8.95700129500981,15.8660332309765,-19.6349170234605));
#4226=CARTESIAN_POINT('',(8.95700129515358,15.0660332309765,-18.8349170245195));
#4227=CARTESIAN_POINT('Origin',(8.95700129515358,15.8660332309765,-18.8349170234605));
#4228=CARTESIAN_POINT('Ctrl Pts',(8.95700129513268,15.0660332309765,-18.8349170241849));
#4229=CARTESIAN_POINT('Ctrl Pts',(8.67891413298934,15.0660332309484,-18.8510221771845));
#4230=CARTESIAN_POINT('Ctrl Pts',(7.94907061643669,15.0634949420859,-18.8864448105834));
#4231=CARTESIAN_POINT('Ctrl Pts',(7.42669439480731,15.0608252295241,-18.9016612912562));
#4232=CARTESIAN_POINT('Ctrl Pts',(7.1,15.0596621881591,-18.908442861645));
#4233=CARTESIAN_POINT('Origin',(7.1,15.0660332309765,-19.6349170234605));
#4234=CARTESIAN_POINT('',(9.,15.0660332309765,-18.8349170234605));
#4235=CARTESIAN_POINT('',(7.575,15.0660332309765,-18.8349170234605));
#4236=CARTESIAN_POINT('',(8.99999999999904,15.0660332309765,-18.8275675609847));
#4237=CARTESIAN_POINT('',(9.,15.0660332309765,-19.6349170234605));
#4238=CARTESIAN_POINT('Ctrl Pts',(8.95700147390757,15.0660332309765,-18.8349180782179));
#4239=CARTESIAN_POINT('Ctrl Pts',(8.97133682602076,15.0660332309765,-18.8324863315673));
#4240=CARTESIAN_POINT('Ctrl Pts',(8.9856697224637,15.0660332309765,-18.830036431826));
#4241=CARTESIAN_POINT('Ctrl Pts',(9.00000014279808,15.0660332309765,-18.827568390078));
#4242=CARTESIAN_POINT('Origin',(9.,15.0660332309765,-19.6349170234605));
#4243=CARTESIAN_POINT('Origin',(9.,15.8660332309765,-18.8349170234605));
#4244=CARTESIAN_POINT('',(9.,16.6660332309765,-17.5850696718802));
#4245=CARTESIAN_POINT('Ctrl Pts',(8.99981274107588,16.6660332309765,-17.5852569026205));
#4246=CARTESIAN_POINT('Ctrl Pts',(8.9998113841842,16.6803429752343,-17.5867488244461));
#4247=CARTESIAN_POINT('Ctrl Pts',(8.99981106431051,16.6946547670336,-17.588243046188));
#4248=CARTESIAN_POINT('Ctrl Pts',(8.99981022351364,16.7089686656411,-17.5897397709001));
#4249=CARTESIAN_POINT('Ctrl Pts',(8.99979369629321,16.9903314597052,-17.6191603123256));
#4250=CARTESIAN_POINT('Ctrl Pts',(8.99975920756359,17.2718148196068,-17.6494518637262));
#4251=CARTESIAN_POINT('Ctrl Pts',(8.99975925540401,17.5533395107154,-17.6805610120159));
#4252=CARTESIAN_POINT('',(9.,15.0660332309765,-17.427865161729));
#4253=CARTESIAN_POINT('Ctrl Pts',(9.,15.0660332309765,-17.427865161729));
#4254=CARTESIAN_POINT('Ctrl Pts',(9.,15.599940754298,-17.4770699810868));
#4255=CARTESIAN_POINT('Ctrl Pts',(9.,16.1329836435632,-17.5295304987685));
#4256=CARTESIAN_POINT('Ctrl Pts',(9.,16.6660332309765,-17.5850696718802));
#4257=CARTESIAN_POINT('',(8.99999999998556,13.6852298471806,-17.3081713331791));
#4258=CARTESIAN_POINT('Ctrl Pts',(9.,13.6852298471808,-17.3081713331764));
#4259=CARTESIAN_POINT('Ctrl Pts',(9.,14.1465192072243,-17.3455947020622));
#4260=CARTESIAN_POINT('Ctrl Pts',(9.,14.6062087093974,-17.3854878182148));
#4261=CARTESIAN_POINT('Ctrl Pts',(9.,15.0660332309765,-17.427865161729));
#4262=CARTESIAN_POINT('Ctrl Pts',(8.99997204580158,15.0660332309765,-18.8275732290303));
#4263=CARTESIAN_POINT('Ctrl Pts',(8.99997374776371,15.0660352741322,-18.7671909078161));
#4264=CARTESIAN_POINT('Ctrl Pts',(8.9999762971374,15.0623822685564,-18.7069491679693));
#4265=CARTESIAN_POINT('Ctrl Pts',(8.9999747330671,15.0552390847614,-18.6471646374478));
#4266=CARTESIAN_POINT('Ctrl Pts',(8.9999731491635,15.0480053213182,-18.5866220049513));
#4267=CARTESIAN_POINT('Ctrl Pts',(8.99996716772022,15.0371920903001,-18.5265472494747));
#4268=CARTESIAN_POINT('Ctrl Pts',(8.99995656510878,15.0229172227464,-18.4672693435284));
#4269=CARTESIAN_POINT('Ctrl Pts',(8.99994603398742,15.0087386061354,-18.4083911298602));
#4270=CARTESIAN_POINT('Ctrl Pts',(8.99993078090385,14.9911445305992,-18.3502980704006));
#4271=CARTESIAN_POINT('Ctrl Pts',(8.99991795570398,14.9702025702323,-18.293327550792));
#4272=CARTESIAN_POINT('Ctrl Pts',(8.9999140347182,14.9638000868747,-18.2759102318172));
#4273=CARTESIAN_POINT('Ctrl Pts',(8.99991040241018,14.9570843634665,-18.2585979977664));
#4274=CARTESIAN_POINT('Ctrl Pts',(8.99990743823246,14.9500565029023,-18.241400991411));
#4275=CARTESIAN_POINT('Ctrl Pts',(8.99989750550706,14.9265066973057,-18.1837751815627));
#4276=CARTESIAN_POINT('Ctrl Pts',(8.99989273781787,14.8995847282218,-18.1277572095759));
#4277=CARTESIAN_POINT('Ctrl Pts',(8.99989733001605,14.8694101898992,-18.073695046734));
#4278=CARTESIAN_POINT('Ctrl Pts',(8.99990192221422,14.8392356515765,-18.0196328838921));
#4279=CARTESIAN_POINT('Ctrl Pts',(8.99991570888788,14.8058081961039,-17.9675253906824));
#4280=CARTESIAN_POINT('Ctrl Pts',(8.99995167884126,14.7691968368363,-17.9177460755714));
#4281=CARTESIAN_POINT('Ctrl Pts',(8.99998695315684,14.7332935197782,-17.8689294632107));
#4282=CARTESIAN_POINT('Ctrl Pts',(9.00004363456089,14.6943271862171,-17.8223514080739));
#4283=CARTESIAN_POINT('Ctrl Pts',(9.00010436731729,14.6525613445432,-17.7781876925756));
#4284=CARTESIAN_POINT('Ctrl Pts',(9.00011857356004,14.6427917289251,-17.7678571806694));
#4285=CARTESIAN_POINT('Ctrl Pts',(9.00013304112516,14.6328688041616,-17.7576589487968));
#4286=CARTESIAN_POINT('Ctrl Pts',(9.0001476222585,14.6227957216097,-17.7475955856545));
#4287=CARTESIAN_POINT('Ctrl Pts',(9.0002095140487,14.580039023789,-17.7048801433142));
#4288=CARTESIAN_POINT('Ctrl Pts',(9.00026904078508,14.5348133765005,-17.6648255864373));
#4289=CARTESIAN_POINT('Ctrl Pts',(9.00031370599114,14.4874194278099,-17.6275681677277));
#4290=CARTESIAN_POINT('Ctrl Pts',(9.00035845163777,14.4399401241896,-17.5902436496428));
#4291=CARTESIAN_POINT('Ctrl Pts',(9.00038822396675,14.390283820556,-17.5557258128247));
#4292=CARTESIAN_POINT('Ctrl Pts',(9.00039728693606,14.3387205298277,-17.5241914810346));
#4293=CARTESIAN_POINT('Ctrl Pts',(9.00040563319585,14.2912349205308,-17.4951509186951));
#4294=CARTESIAN_POINT('Ctrl Pts',(9.00039645858476,14.2421311338899,-17.4686407310193));
#4295=CARTESIAN_POINT('Ctrl Pts',(9.00037100785437,14.1916056247297,-17.4448349358398));
#4296=CARTESIAN_POINT('Ctrl Pts',(9.00034336286212,14.1367240049082,-17.4189766986382));
#4297=CARTESIAN_POINT('Ctrl Pts',(9.00029409333493,14.0804800838951,-17.3964576531981));
#4298=CARTESIAN_POINT('Ctrl Pts',(9.00023865453757,14.0231574941102,-17.3774331891403));
#4299=CARTESIAN_POINT('Ctrl Pts',(9.00018457211872,13.967237372134,-17.3588741820432));
#4300=CARTESIAN_POINT('Ctrl Pts',(9.00012459044045,13.9102897913536,-17.3436405520484));
#4301=CARTESIAN_POINT('Ctrl Pts',(9.00007768025801,13.8525614476864,-17.3319216608095));
#4302=CARTESIAN_POINT('Ctrl Pts',(9.00003287763266,13.7974266940273,-17.3207292700259));
#4303=CARTESIAN_POINT('Ctrl Pts',(9.00000000000001,13.7415790254459,-17.3127428153463));
#4304=CARTESIAN_POINT('Ctrl Pts',(9.00000000000001,13.685229847181,-17.3081713331764));
#4305=CARTESIAN_POINT('',(9.,15.8660332309765,-18.9349170234605));
#4306=CARTESIAN_POINT('Origin',(9.,15.8660332309765,-18.4349170234605));
#4307=CARTESIAN_POINT('Origin',(8.525,15.8660332309765,-18.8349170234605));
#4308=CARTESIAN_POINT('',(7.1,15.8660332309765,-19.6349170234605));
#4309=CARTESIAN_POINT('Origin',(7.1,15.8660332309765,-18.8349170234605));
#4310=CARTESIAN_POINT('',(8.525,15.8660332309765,-19.6349170234605));
#4311=CARTESIAN_POINT('Ctrl Pts',(7.01956295094643,13.6716694473861,-17.552654529464));
#4312=CARTESIAN_POINT('Ctrl Pts',(7.68326693791616,13.6638850917257,-17.5127273512048));
#4313=CARTESIAN_POINT('Ctrl Pts',(8.34393692772591,13.6684912282679,-17.4308079672341));
#4314=CARTESIAN_POINT('Ctrl Pts',(9.00000000000001,13.685229847181,-17.3081713331764));
#4315=CARTESIAN_POINT('Ctrl Pts',(7.02135082489366,14.0992662380551,-17.5827896309576));
#4316=CARTESIAN_POINT('Ctrl Pts',(7.6860551241967,14.0931319466115,-17.5406180103559));
#4317=CARTESIAN_POINT('Ctrl Pts',(8.34812517165236,14.0968048363592,-17.4597614778787));
#4318=CARTESIAN_POINT('Ctrl Pts',(9.00628768042206,14.1099533552664,-17.341439837738));
#4319=CARTESIAN_POINT('Ctrl Pts',(7.0446474735408,14.8167799333846,-17.9754609781332));
#4320=CARTESIAN_POINT('Ctrl Pts',(7.72640630180844,14.8149788505711,-17.9312942613232));
#4321=CARTESIAN_POINT('Ctrl Pts',(8.40464457949745,14.8160497988549,-17.8491873780753));
#4322=CARTESIAN_POINT('Ctrl Pts',(9.07967524643882,14.8198980767571,-17.7297379716941));
#4323=CARTESIAN_POINT('Ctrl Pts',(7.08913867705027,15.0660332309765,-18.7253723101945));
#4324=CARTESIAN_POINT('Ctrl Pts',(7.80330105539497,15.0660499155663,-18.6818937495031));
#4325=CARTESIAN_POINT('Ctrl Pts',(8.51358837770407,15.0660682567117,-18.5941964562262));
#4326=CARTESIAN_POINT('Ctrl Pts',(9.21834021025248,15.0660332309765,-18.4634228398042));
#4327=CARTESIAN_POINT('Ctrl Pts',(7.10817909953988,15.0660332309765,-19.046303808241));
#4328=CARTESIAN_POINT('Ctrl Pts',(7.83619375086809,15.0660332309765,-19.0031117045545));
#4329=CARTESIAN_POINT('Ctrl Pts',(8.56022308827867,15.0660332309765,-18.9130159863295));
#4330=CARTESIAN_POINT('Ctrl Pts',(9.27768451632476,15.0660332309765,-18.7774172200445));
#4331=CARTESIAN_POINT('',(7.1,13.6707862838201,-17.5476095972378));
#4332=CARTESIAN_POINT('Ctrl Pts',(9.00000000000001,13.685229847181,-17.3081713331764));
#4333=CARTESIAN_POINT('Ctrl Pts',(8.3704455200061,13.6691675614482,-17.4258527660221));
#4334=CARTESIAN_POINT('Ctrl Pts',(7.73664889129818,13.6642771263267,-17.5060408795805));
#4335=CARTESIAN_POINT('Ctrl Pts',(7.09999997022275,13.6707865232248,-17.5476091036872));
#4336=CARTESIAN_POINT('Ctrl Pts',(7.0999931353289,13.6707865931084,-17.5476095499512));
#4337=CARTESIAN_POINT('Ctrl Pts',(7.09999064931269,13.7296774996753,-17.5517400271272));
#4338=CARTESIAN_POINT('Ctrl Pts',(7.10000113465173,13.7880657828947,-17.5595520554223));
#4339=CARTESIAN_POINT('Ctrl Pts',(7.1000164683332,13.845707118932,-17.5708135080193));
#4340=CARTESIAN_POINT('Ctrl Pts',(7.10003211652287,13.9045307328437,-17.5823059435733));
#4341=CARTESIAN_POINT('Ctrl Pts',(7.1000528219,13.962577324393,-17.5973910918267));
#4342=CARTESIAN_POINT('Ctrl Pts',(7.1000717739798,14.0195824075213,-17.6158767206661));
#4343=CARTESIAN_POINT('Ctrl Pts',(7.10009089603955,14.0770987654776,-17.6345281458904));
#4344=CARTESIAN_POINT('Ctrl Pts',(7.10010824865964,14.1335558004228,-17.6566417686858));
#4345=CARTESIAN_POINT('Ctrl Pts',(7.10011849014028,14.1886630716995,-17.6820689334685));
#4346=CARTESIAN_POINT('Ctrl Pts',(7.10012100137408,14.2021754970175,-17.6883037307505));
#4347=CARTESIAN_POINT('Ctrl Pts',(7.10012309213418,14.2156066426299,-17.6947379618744));
#4348=CARTESIAN_POINT('Ctrl Pts',(7.10012469689821,14.2289519534407,-17.7013698302285));
#4349=CARTESIAN_POINT('Ctrl Pts',(7.10013123610619,14.2833323865652,-17.7283938447783));
#4350=CARTESIAN_POINT('Ctrl Pts',(7.10013070117287,14.3359678532917,-17.7585359825397));
#4351=CARTESIAN_POINT('Ctrl Pts',(7.10012342638261,14.3865948707888,-17.791591966547));
#4352=CARTESIAN_POINT('Ctrl Pts',(7.10011614248624,14.4372852599591,-17.8246893279278));
#4353=CARTESIAN_POINT('Ctrl Pts',(7.10010211869172,14.485963095315,-17.8607083775046));
#4354=CARTESIAN_POINT('Ctrl Pts',(7.100084268177,14.5323408564475,-17.8994906095436));
#4355=CARTESIAN_POINT('Ctrl Pts',(7.10006679526129,14.5777375704427,-17.9374524656786));
#4356=CARTESIAN_POINT('Ctrl Pts',(7.10004568082971,14.6209312380717,-17.9780624566992));
#4357=CARTESIAN_POINT('Ctrl Pts',(7.10002580072886,14.6616179454371,-18.0212076844729));
#4358=CARTESIAN_POINT('Ctrl Pts',(7.10002107350208,14.6712927098689,-18.0314670527554));
#4359=CARTESIAN_POINT('Ctrl Pts',(7.10001642484509,14.6808255409539,-18.0418699090937));
#4360=CARTESIAN_POINT('Ctrl Pts',(7.10001193631058,14.6902119876408,-18.0524149845137));
#4361=CARTESIAN_POINT('Ctrl Pts',(7.09999919108667,14.7168648661055,-18.0823577970545));
#4362=CARTESIAN_POINT('Ctrl Pts',(7.09998823083366,14.7422386199715,-18.1133351465176));
#4363=CARTESIAN_POINT('Ctrl Pts',(7.09998078969478,14.7662540433921,-18.1452986222672));
#4364=CARTESIAN_POINT('Ctrl Pts',(7.09996972695519,14.8019577682898,-18.1928187148742));
#4365=CARTESIAN_POINT('Ctrl Pts',(7.099966283021,14.8346614362176,-18.2425170293913));
#4366=CARTESIAN_POINT('Ctrl Pts',(7.09996575017473,14.8643035888488,-18.2940532875471));
#4367=CARTESIAN_POINT('Ctrl Pts',(7.09996521011403,14.8943470789956,-18.3462873166804));
#4368=CARTESIAN_POINT('Ctrl Pts',(7.09996770526532,14.9212460221766,-18.4004103690667));
#4369=CARTESIAN_POINT('Ctrl Pts',(7.09997128563809,14.9448905502021,-18.4560941866848));
#4370=CARTESIAN_POINT('Ctrl Pts',(7.09997253140247,14.9531174899319,-18.4754689617269));
#4371=CARTESIAN_POINT('Ctrl Pts',(7.09997393126162,14.9609500036935,-18.4950328488802));
#4372=CARTESIAN_POINT('Ctrl Pts',(7.09997546955183,14.9683820337618,-18.5147724069576));
#4373=CARTESIAN_POINT('Ctrl Pts',(7.09997987502043,14.9896664278961,-18.5713040046901));
#4374=CARTESIAN_POINT('Ctrl Pts',(7.09998552675507,15.0075557007526,-18.6289722465028));
#4375=CARTESIAN_POINT('Ctrl Pts',(7.09998966327037,15.0219829443199,-18.6874351288588));
#4376=CARTESIAN_POINT('Ctrl Pts',(7.09999380600781,15.0364318892943,-18.7459859508689));
#4377=CARTESIAN_POINT('Ctrl Pts',(7.09999648981312,15.0474087084839,-18.8053348460688));
#4378=CARTESIAN_POINT('Ctrl Pts',(7.09999765463018,15.0547976756107,-18.8651553812803));
#4379=CARTESIAN_POINT('Ctrl Pts',(7.09999793490119,15.0565755627327,-18.8795490248514));
#4380=CARTESIAN_POINT('Ctrl Pts',(7.09999813719435,15.058145498125,-18.8939700113673));
#4381=CARTESIAN_POINT('Ctrl Pts',(7.09999827802027,15.0595054176531,-18.9084138372085));
#4382=CARTESIAN_POINT('Ctrl Pts',(16.6075609515495,10.6660332309765,-9.87905081264887));
#4383=CARTESIAN_POINT('Ctrl Pts',(17.4218709315521,14.6660332309765,-11.1310062162527));
#4384=CARTESIAN_POINT('Ctrl Pts',(18.2361809115546,18.6660332309765,-12.3829616198566));
#4385=CARTESIAN_POINT('Ctrl Pts',(19.0504908915572,22.6660332309765,-13.6349170234605));
#4386=CARTESIAN_POINT('Ctrl Pts',(16.600261291627,10.6660332309765,-9.89878551930907));
#4387=CARTESIAN_POINT('Ctrl Pts',(17.4170384957122,14.6660332309765,-11.1539796270708));
#4388=CARTESIAN_POINT('Ctrl Pts',(18.233713687472,18.6660332309765,-12.4091928446438));
#4389=CARTESIAN_POINT('Ctrl Pts',(19.0504908915572,22.6660332309765,-13.6643869524055));
#4390=CARTESIAN_POINT('Ctrl Pts',(16.5929166201214,10.6660332309765,-9.91849830219398));
#4391=CARTESIAN_POINT('Ctrl Pts',(17.4120715761953,14.6660332309765,-11.1769579669497));
#4392=CARTESIAN_POINT('Ctrl Pts',(18.2313345820437,18.6660332309765,-12.4353976076717));
#4393=CARTESIAN_POINT('Ctrl Pts',(19.0504895381176,22.6660332309765,-13.6938572724275));
#4394=CARTESIAN_POINT('Ctrl Pts',(16.3680048797279,10.6660332309765,-10.5177997780458));
#4395=CARTESIAN_POINT('Ctrl Pts',(17.2626869020458,14.6660332309765,-11.8753723352225));
#4396=CARTESIAN_POINT('Ctrl Pts',(18.155880413743,18.6660332309765,-13.2332068353729));
#4397=CARTESIAN_POINT('Ctrl Pts',(19.0505624360609,22.6660332309765,-14.5907793925496));
#4398=CARTESIAN_POINT('Ctrl Pts',(16.1117795433321,10.6660332309765,-11.0775515430171));
#4399=CARTESIAN_POINT('Ctrl Pts',(17.0905656923495,14.6660332309765,-12.5379305860229));
#4400=CARTESIAN_POINT('Ctrl Pts',(18.0716582909074,18.6660332309765,-13.9978534332021));
#4401=CARTESIAN_POINT('Ctrl Pts',(19.0504444399249,22.6660332309765,-15.4582324762079));
#4402=CARTESIAN_POINT('Ctrl Pts',(15.6450018724906,10.6660332309765,-11.934263802955));
#4403=CARTESIAN_POINT('Ctrl Pts',(16.7810826552477,14.6660332309765,-13.5724826742541));
#4404=CARTESIAN_POINT('Ctrl Pts',(17.9150801496513,18.6660332309765,-15.2109352898714));
#4405=CARTESIAN_POINT('Ctrl Pts',(19.0511609324084,22.6660332309765,-16.8491541611705));
#4406=CARTESIAN_POINT('Ctrl Pts',(15.2682138564709,10.6660332309765,-12.5606109950354));
#4407=CARTESIAN_POINT('Ctrl Pts',(16.3844142508805,14.6660332309765,-14.3381522414194));
#4408=CARTESIAN_POINT('Ctrl Pts',(17.4980557648233,18.6660332309765,-16.1132935843392));
#4409=CARTESIAN_POINT('Ctrl Pts',(18.614256159233,22.6660332309765,-17.8908348307232));
#4410=CARTESIAN_POINT('Ctrl Pts',(14.844010969966,10.6660332309765,-13.1448238002324));
#4411=CARTESIAN_POINT('Ctrl Pts',(15.7540498633137,14.6660332309765,-14.872329823124));
#4412=CARTESIAN_POINT('Ctrl Pts',(16.662525195503,18.6660332309765,-16.6002886656302));
#4413=CARTESIAN_POINT('Ctrl Pts',(17.5725640888507,22.6660332309765,-18.3277946885219));
#4414=CARTESIAN_POINT('Ctrl Pts',(13.7373797109846,10.6660332309765,-14.5352769083715));
#4415=CARTESIAN_POINT('Ctrl Pts',(14.1505873195015,14.6660332309765,-15.7982319714261));
#4416=CARTESIAN_POINT('Ctrl Pts',(14.5627043546757,18.6660332309765,-17.0635070478025));
#4417=CARTESIAN_POINT('Ctrl Pts',(14.9759119631926,22.6660332309765,-18.3264621108572));
#4418=CARTESIAN_POINT('Ctrl Pts',(12.6812306086452,10.6660332309765,-15.4607421359157));
#4419=CARTESIAN_POINT('Ctrl Pts',(12.7553386044694,14.6660332309765,-16.4159660998839));
#4420=CARTESIAN_POINT('Ctrl Pts',(12.8285958260475,18.6660332309765,-17.3714959878724));
#4421=CARTESIAN_POINT('Ctrl Pts',(12.9027038218717,22.6660332309765,-18.3267199518406));
#4422=CARTESIAN_POINT('Ctrl Pts',(10.1413587579758,10.6660332309765,-16.8938677934421));
#4423=CARTESIAN_POINT('Ctrl Pts',(9.56969112552604,14.6660332309765,-17.3710013633801));
#4424=CARTESIAN_POINT('Ctrl Pts',(8.99754340430789,18.6660332309765,-17.8490722774668));
#4425=CARTESIAN_POINT('Ctrl Pts',(8.4258757718581,22.6660332309765,-18.3262058474049));
#4426=CARTESIAN_POINT('Ctrl Pts',(8.62370499215094,10.6660332309765,-17.312109380617));
#4427=CARTESIAN_POINT('Ctrl Pts',(7.75668246966568,14.6660332309765,-17.6500990138428));
#4428=CARTESIAN_POINT('Ctrl Pts',(6.88965838307254,18.6660332309765,-17.9877621985889));
#4429=CARTESIAN_POINT('Ctrl Pts',(6.02263586058728,22.6660332309765,-18.3257518318148));
#4430=CARTESIAN_POINT('Ctrl Pts',(7.1,10.6660332309765,-17.3296631168545));
#4431=CARTESIAN_POINT('Ctrl Pts',(5.93963780719427,14.6660332309765,-17.6616926885079));
#4432=CARTESIAN_POINT('Ctrl Pts',(4.77927561438854,18.6660332309765,-17.9937222601613));
#4433=CARTESIAN_POINT('Ctrl Pts',(3.61891342158281,22.6660332309765,-18.3257518318148));
#4434=CARTESIAN_POINT('Ctrl Pts',(7.1,10.6660332309765,-17.3296631168545));
#4435=CARTESIAN_POINT('Ctrl Pts',(7.1,11.5835281533877,-17.4027557399192));
#4436=CARTESIAN_POINT('Ctrl Pts',(7.1,12.5761081986205,-17.4708156959542));
#4437=CARTESIAN_POINT('Ctrl Pts',(7.1,13.6707862838201,-17.5476095972378));
#4438=CARTESIAN_POINT('',(7.1,22.6660332309765,-18.3257518318148));
#4439=CARTESIAN_POINT('Ctrl Pts',(7.1,17.531625095255,-17.8375845451103));
#4440=CARTESIAN_POINT('Ctrl Pts',(7.1,19.2774036692886,-17.9814480675082));
#4441=CARTESIAN_POINT('Ctrl Pts',(7.1,20.9327622163028,-18.138549650486));
#4442=CARTESIAN_POINT('Ctrl Pts',(7.1,22.6660332309765,-18.3257518318148));
#4443=CARTESIAN_POINT('',(19.0504908915572,22.6660332309765,-13.6349170234605));
#4444=CARTESIAN_POINT('Ctrl Pts',(19.0504908915572,22.6660332309765,-13.6349170234605));
#4445=CARTESIAN_POINT('Ctrl Pts',(19.0504908915572,22.6660332309765,-13.6643869524055));
#4446=CARTESIAN_POINT('Ctrl Pts',(19.0504895381176,22.6660332309765,-13.6938572724275));
#4447=CARTESIAN_POINT('Ctrl Pts',(19.0505624360609,22.6660332309765,-14.5907793925496));
#4448=CARTESIAN_POINT('Ctrl Pts',(19.0504444399249,22.6660332309765,-15.4582324762079));
#4449=CARTESIAN_POINT('Ctrl Pts',(19.0511609324084,22.6660332309765,-16.8491541611705));
#4450=CARTESIAN_POINT('Ctrl Pts',(18.614256159233,22.6660332309765,-17.8908348307232));
#4451=CARTESIAN_POINT('Ctrl Pts',(17.5725640888507,22.6660332309765,-18.3277946885219));
#4452=CARTESIAN_POINT('Ctrl Pts',(14.9759119631926,22.6660332309765,-18.3264621108572));
#4453=CARTESIAN_POINT('Ctrl Pts',(12.9027038218717,22.6660332309765,-18.3267199518406));
#4454=CARTESIAN_POINT('Ctrl Pts',(9.58622550284353,22.6660332309765,-18.3263390982104));
#4455=CARTESIAN_POINT('Ctrl Pts',(8.34312520059169,22.6660332309765,-18.3261487153015));
#4456=CARTESIAN_POINT('Ctrl Pts',(7.09999517940147,22.6660332309765,-18.3259981662701));
#4457=CARTESIAN_POINT('',(14.4500680766745,10.6660332309765,-13.6349170234605));
#4458=CARTESIAN_POINT('Ctrl Pts',(19.0504908915572,22.6660332309765,-13.6349170234605));
#4459=CARTESIAN_POINT('Ctrl Pts',(18.0297951077541,17.652238440939,-13.6349170234605));
#4460=CARTESIAN_POINT('Ctrl Pts',(17.1034150554646,15.4949228448004,-13.6349170234605));
#4461=CARTESIAN_POINT('Ctrl Pts',(16.0576552598443,13.1981807087557,-13.6349170234605));
#4462=CARTESIAN_POINT('Ctrl Pts',(15.2062024371544,12.1501989463586,-13.6349170234605));
#4463=CARTESIAN_POINT('Ctrl Pts',(14.4500680766745,10.6660332309765,-13.6349170234605));
#4464=CARTESIAN_POINT('Ctrl Pts',(14.4500680766745,10.6660332309765,-13.6349170234605));
#4465=CARTESIAN_POINT('Ctrl Pts',(14.2198886121486,10.6660332309765,-13.911119592541));
#4466=CARTESIAN_POINT('Ctrl Pts',(13.9787651978008,10.6660332309765,-14.1750670558454));
#4467=CARTESIAN_POINT('Ctrl Pts',(13.7275610548487,10.6660332309765,-14.425492048225));
#4468=CARTESIAN_POINT('Origin',(5.5,15.8660332309765,-18.4349170234605));
#4469=CARTESIAN_POINT('',(7.1,15.8660332309765,-18.9349170234605));
#4470=CARTESIAN_POINT('Origin',(7.1,15.8660332309765,-18.4349170234605));
#4471=CARTESIAN_POINT('',(5.5,15.8660332309765,-18.9349170234605));
#4472=CARTESIAN_POINT('Origin',(8.05,15.8660332309765,-19.6349170234605));
#4473=CARTESIAN_POINT('',(7.1,10.6660332309765,-19.6349170234605));
#4474=CARTESIAN_POINT('Ctrl Pts',(9.,19.6346875747116,10.4217442216996));
#4475=CARTESIAN_POINT('Ctrl Pts',(8.3627844351255,19.6351466890179,10.420152747509));
#4476=CARTESIAN_POINT('Ctrl Pts',(7.725601995755,19.6360118650565,10.4171490261081));
#4477=CARTESIAN_POINT('Ctrl Pts',(7.08845455391412,19.6372246407194,10.412752930741));
#4478=CARTESIAN_POINT('Ctrl Pts',(9.0013178341472,19.7049496478633,10.1781877163083));
#4479=CARTESIAN_POINT('Ctrl Pts',(8.36488662045459,19.7050049793111,10.1760145233636));
#4480=CARTESIAN_POINT('Ctrl Pts',(7.7284775097363,19.7052760046096,10.1718782030038));
#4481=CARTESIAN_POINT('Ctrl Pts',(7.09212389303976,19.7053938812001,10.1656515982973));
#4482=CARTESIAN_POINT('Ctrl Pts',(9.00359292769361,20.0443433458636,9.82063117482566));
#4483=CARTESIAN_POINT('Ctrl Pts',(8.36850216222801,20.044703025141,9.81731558488655));
#4484=CARTESIAN_POINT('Ctrl Pts',(7.73345621500068,20.0456465625948,9.81079437595305));
#4485=CARTESIAN_POINT('Ctrl Pts',(7.09845462432905,20.0471333979102,9.80115740054849));
#4486=CARTESIAN_POINT('Ctrl Pts',(9.00423263621208,20.5183131124639,9.82929621518496));
#4487=CARTESIAN_POINT('Ctrl Pts',(8.36951945735053,20.5196179225257,9.82609669567476));
#4488=CARTESIAN_POINT('Ctrl Pts',(7.73482361506146,20.5225840196973,9.82014561657062));
#4489=CARTESIAN_POINT('Ctrl Pts',(7.10014040065582,20.5271755633334,9.81142547131581));
#4490=CARTESIAN_POINT('Ctrl Pts',(9.00414109982115,20.6953174947159,9.89868436570185));
#4491=CARTESIAN_POINT('Ctrl Pts',(8.36936831885039,20.6968678062106,9.89576278615785));
#4492=CARTESIAN_POINT('Ctrl Pts',(7.73461219169822,20.7003681749541,9.89047284214614));
#4493=CARTESIAN_POINT('Ctrl Pts',(7.09983403711594,20.7056768368137,9.88287100352041));
#4494=CARTESIAN_POINT('',(7.1,20.7056754489039,9.88287299097019));
#4495=CARTESIAN_POINT('',(7.09999999993617,19.637202702171,10.4128324380768));
#4496=CARTESIAN_POINT('Ctrl Pts',(7.09999999999979,20.7056754489042,9.88287299097007));
#4497=CARTESIAN_POINT('Ctrl Pts',(7.09999999985692,20.6712696618877,9.86910113526475));
#4498=CARTESIAN_POINT('Ctrl Pts',(7.09999848126698,20.6359695949829,9.85786286255617));
#4499=CARTESIAN_POINT('Ctrl Pts',(7.09999689830726,20.6000759588369,9.84911172812678));
#4500=CARTESIAN_POINT('Ctrl Pts',(7.09999528269252,20.5634418698205,9.84018006580156));
#4501=CARTESIAN_POINT('Ctrl Pts',(7.09999359814423,20.5261882451351,9.83383901598414));
#4502=CARTESIAN_POINT('Ctrl Pts',(7.09999263774032,20.4886172540517,9.83009017366498));
#4503=CARTESIAN_POINT('Ctrl Pts',(7.09999189431011,20.4595342720326,9.82718826688485));
#4504=CARTESIAN_POINT('Ctrl Pts',(7.09999156907092,20.4302605844423,9.825840629036));
#4505=CARTESIAN_POINT('Ctrl Pts',(7.09999174151393,20.4009365909025,9.82606945678085));
#4506=CARTESIAN_POINT('Ctrl Pts',(7.09999196416413,20.3630748459672,9.82636490827513));
#4507=CARTESIAN_POINT('Ctrl Pts',(7.09999302328443,20.3253893210799,9.82928472703015));
#4508=CARTESIAN_POINT('Ctrl Pts',(7.09999439783621,20.2881804825718,9.83481520273871));
#4509=CARTESIAN_POINT('Ctrl Pts',(7.09999575157634,20.2515350109461,9.84026194331917));
#4510=CARTESIAN_POINT('Ctrl Pts',(7.09999740530415,20.2153506662841,9.84824098497463));
#4511=CARTESIAN_POINT('Ctrl Pts',(7.09999820602138,20.1799184646582,9.8587886432953));
#4512=CARTESIAN_POINT('Ctrl Pts',(7.09999850081314,20.1668737585815,9.86267186523119));
#4513=CARTESIAN_POINT('Ctrl Pts',(7.09999867395047,20.1539311300624,9.86690372248184));
#4514=CARTESIAN_POINT('Ctrl Pts',(7.09999864737323,20.1411057443147,9.87148771803365));
#4515=CARTESIAN_POINT('Ctrl Pts',(7.0999986174712,20.1266759162744,9.87664516661653));
#4516=CARTESIAN_POINT('Ctrl Pts',(7.09999833474158,20.1123944834476,9.88224836588131));
#4517=CARTESIAN_POINT('Ctrl Pts',(7.09999790021184,20.0982745427067,9.88828458772005));
#4518=CARTESIAN_POINT('Ctrl Pts',(7.09999685402529,20.064278958606,9.90281757273293));
#4519=CARTESIAN_POINT('Ctrl Pts',(7.09999494378557,20.0314468791759,9.91975927101565));
#4520=CARTESIAN_POINT('Ctrl Pts',(7.09999317823379,19.9999316175995,9.93886781352042));
#4521=CARTESIAN_POINT('Ctrl Pts',(7.09999136895775,19.967635874066,9.95844958302393));
#4522=CARTESIAN_POINT('Ctrl Pts',(7.09998969862114,19.9367220301271,9.98030754414938));
#4523=CARTESIAN_POINT('Ctrl Pts',(7.0999886660549,19.9073790253627,10.0042304311094));
#4524=CARTESIAN_POINT('Ctrl Pts',(7.09998787927289,19.8850206068264,10.0224588955609));
#4525=CARTESIAN_POINT('Ctrl Pts',(7.09998744894697,19.8635745912356,10.0418873515833));
#4526=CARTESIAN_POINT('Ctrl Pts',(7.09998744909784,19.8431388276849,10.0624367909784));
#4527=CARTESIAN_POINT('Ctrl Pts',(7.09998744929509,19.8164196444344,10.0893046021825));
#4528=CARTESIAN_POINT('Ctrl Pts',(7.09998817453853,19.7915789533482,10.1179338251755));
#4529=CARTESIAN_POINT('Ctrl Pts',(7.0999894189268,19.7688063496977,10.1481168449469));
#4530=CARTESIAN_POINT('Ctrl Pts',(7.09999042804333,19.7503392753417,10.1725932763187));
#4531=CARTESIAN_POINT('Ctrl Pts',(7.09999176559889,19.7332325555781,10.198092531696));
#4532=CARTESIAN_POINT('Ctrl Pts',(7.09999318532856,19.7176074902488,10.2245189815301));
#4533=CARTESIAN_POINT('Ctrl Pts',(7.09999490899015,19.6986374528819,10.2566027347984));
#4534=CARTESIAN_POINT('Ctrl Pts',(7.0999967406517,19.681935379594,10.2899086069589));
#4535=CARTESIAN_POINT('Ctrl Pts',(7.09999808494338,19.667698105513,10.3242537017723));
#4536=CARTESIAN_POINT('Ctrl Pts',(7.0999992132046,19.6557487909046,10.353079468618));
#4537=CARTESIAN_POINT('Ctrl Pts',(7.09999998829389,19.6455361207421,10.3826380932741));
#4538=CARTESIAN_POINT('Ctrl Pts',(7.09999999904811,19.6372027026549,10.4128324378624));
#4539=CARTESIAN_POINT('',(8.999999984792,19.6346875747336,10.4217442216236));
#4540=CARTESIAN_POINT('Ctrl Pts',(7.09999999898428,19.637202702655,10.412832437862));
#4541=CARTESIAN_POINT('Ctrl Pts',(7.73329937550364,19.6360014282558,10.4171852605397));
#4542=CARTESIAN_POINT('Ctrl Pts',(8.36663331687551,19.635143915902,10.4201623602398));
#4543=CARTESIAN_POINT('Ctrl Pts',(8.9999999847919,19.6346875747226,10.4217442216616));
#4544=CARTESIAN_POINT('',(9.,20.6953276360408,9.89866527251945));
#4545=CARTESIAN_POINT('Ctrl Pts',(9.,19.6346875747116,10.4217442216996));
#4546=CARTESIAN_POINT('Ctrl Pts',(9.,19.6448729111089,10.3864377636365));
#4547=CARTESIAN_POINT('Ctrl Pts',(8.99999963129322,19.657618742064,10.352072220447));
#4548=CARTESIAN_POINT('Ctrl Pts',(8.99999912258533,19.6726818242151,10.3187977675599));
#4549=CARTESIAN_POINT('Ctrl Pts',(8.99999859708979,19.6882419962847,10.2844252395968));
#4550=CARTESIAN_POINT('Ctrl Pts',(8.99999792778778,19.7062754664342,10.2512160557252));
#4551=CARTESIAN_POINT('Ctrl Pts',(8.99999734043573,19.7265665121981,10.2193550633407));
#4552=CARTESIAN_POINT('Ctrl Pts',(8.99999688443664,19.7423197532346,10.1946193302228));
#4553=CARTESIAN_POINT('Ctrl Pts',(8.99999647815132,19.7594349133681,10.1706964635826));
#4554=CARTESIAN_POINT('Ctrl Pts',(8.99999618309048,19.7778280862724,10.1476862694077));
#4555=CARTESIAN_POINT('Ctrl Pts',(8.99999580350331,19.8014903674544,10.1180843248464));
#4556=CARTESIAN_POINT('Ctrl Pts',(8.99999562981208,19.8271034505911,10.0901954900279));
#4557=CARTESIAN_POINT('Ctrl Pts',(8.99999570589853,19.8544416197808,10.0641941750285));
#4558=CARTESIAN_POINT('Ctrl Pts',(8.99999578157232,19.8816315158346,10.0383338825124));
#4559=CARTESIAN_POINT('Ctrl Pts',(8.99999610973977,19.9105287461919,10.0143398612266));
#4560=CARTESIAN_POINT('Ctrl Pts',(8.99999661573377,19.9409487238543,9.99241748204758));
#4561=CARTESIAN_POINT('Ctrl Pts',(8.99999699892784,19.9639860619443,9.97581545602075));
#4562=CARTESIAN_POINT('Ctrl Pts',(8.99999748232204,19.9878975703676,9.96040214215108));
#4563=CARTESIAN_POINT('Ctrl Pts',(8.99999795924169,20.0126127878858,9.94628420581933));
#4564=CARTESIAN_POINT('Ctrl Pts',(8.99999859094705,20.0453494034082,9.92758425088989));
#4565=CARTESIAN_POINT('Ctrl Pts',(8.99999922611732,20.0792705152751,9.91128395862085));
#4566=CARTESIAN_POINT('Ctrl Pts',(8.99999945018232,20.1141822785298,9.89757564742301));
#4567=CARTESIAN_POINT('Ctrl Pts',(8.99999949822594,20.1216679971561,9.89463633554351));
#4568=CARTESIAN_POINT('Ctrl Pts',(8.99999952673581,20.1291993673024,9.89181634819697));
#4569=CARTESIAN_POINT('Ctrl Pts',(8.99999953049577,20.1367746369687,9.8891178539523));
#4570=CARTESIAN_POINT('Ctrl Pts',(8.99999954798135,20.1720032939839,9.87656855440384));
#4571=CARTESIAN_POINT('Ctrl Pts',(8.99999904917132,20.208180343404,9.86664265256442));
#4572=CARTESIAN_POINT('Ctrl Pts',(8.99999854544122,20.2450069917206,9.85931639538663));
#4573=CARTESIAN_POINT('Ctrl Pts',(8.9999982713229,20.2650472056039,9.85532961495671));
#4574=CARTESIAN_POINT('Ctrl Pts',(8.99999799165186,20.285280034965,9.85211356400904));
#4575=CARTESIAN_POINT('Ctrl Pts',(8.99999775775808,20.3056578607367,9.84967085332895));
#4576=CARTESIAN_POINT('Ctrl Pts',(8.99999732774936,20.3431220593902,9.84517998177097));
#4577=CARTESIAN_POINT('Ctrl Pts',(8.99999707349903,20.3808659004432,9.84332502478696));
#4578=CARTESIAN_POINT('Ctrl Pts',(8.99999711918661,20.4185862822606,9.84407422500485));
#4579=CARTESIAN_POINT('Ctrl Pts',(8.99999715356034,20.446965769948,9.84463789688023));
#4580=CARTESIAN_POINT('Ctrl Pts',(8.99999735309728,20.4753324653875,9.84667674031106));
#4581=CARTESIAN_POINT('Ctrl Pts',(8.99999767487227,20.503557024912,9.85019666431283));
#4582=CARTESIAN_POINT('Ctrl Pts',(8.99999809990281,20.540838665802,9.85484610950542));
#4583=CARTESIAN_POINT('Ctrl Pts',(8.99999874596816,20.5777104650975,9.86205770916608));
#4584=CARTESIAN_POINT('Ctrl Pts',(8.99999927268547,20.6138772091981,9.87182260062525));
#4585=CARTESIAN_POINT('Ctrl Pts',(8.99999967473236,20.6414835293022,9.87927620824485));
#4586=CARTESIAN_POINT('Ctrl Pts',(9.00000000248741,20.6686792813889,9.88821849483936));
#4587=CARTESIAN_POINT('Ctrl Pts',(9.00000000000688,20.6953276362262,9.89866527244405));
#4588=CARTESIAN_POINT('Ctrl Pts',(9.00000000000688,20.6953276362262,9.89866527244405));
#4589=CARTESIAN_POINT('Ctrl Pts',(8.36666297829657,20.696882902604,9.89574002388447));
#4590=CARTESIAN_POINT('Ctrl Pts',(7.73334245142146,20.7003791082994,9.89045723420638));
#4591=CARTESIAN_POINT('Ctrl Pts',(7.09999999999979,20.7056754489042,9.88287299097006));
#4592=CARTESIAN_POINT('Ctrl Pts',(4.56537223464542,10.6660332309765,5.78845432410692));
#4593=CARTESIAN_POINT('Ctrl Pts',(5.41024815643028,14.6660332309765,7.41705227213303));
#4594=CARTESIAN_POINT('Ctrl Pts',(6.25512407821514,18.6660332309765,9.04565022015914));
#4595=CARTESIAN_POINT('Ctrl Pts',(7.1,22.6660332309765,10.6742481681852));
#4596=CARTESIAN_POINT('Ctrl Pts',(5.92726330898884,10.6660332309765,5.98998346090227));
#4597=CARTESIAN_POINT('Ctrl Pts',(6.98166049758153,14.6660332309765,7.55125743744736));
#4598=CARTESIAN_POINT('Ctrl Pts',(8.03570098971875,18.6660332309765,9.11297419164014));
#4599=CARTESIAN_POINT('Ctrl Pts',(9.09009817831144,22.6660332309765,10.6742481681852));
#4600=CARTESIAN_POINT('Ctrl Pts',(8.23834539656569,10.6660332309765,6.04605795245145));
#4601=CARTESIAN_POINT('Ctrl Pts',(9.62765274268917,14.6660332309765,7.58888636958338));
#4602=CARTESIAN_POINT('Ctrl Pts',(11.0162187907791,18.6660332309765,9.13129940564357));
#4603=CARTESIAN_POINT('Ctrl Pts',(12.4055261369026,22.6660332309765,10.6741278227755));
#4604=CARTESIAN_POINT('Ctrl Pts',(10.5033686138213,10.6660332309765,5.63364267771809));
#4605=CARTESIAN_POINT('Ctrl Pts',(12.2436949952662,14.6660332309765,7.31376661504453));
#4606=CARTESIAN_POINT('Ctrl Pts',(13.9831672469335,18.6660332309765,8.99328160135247));
#4607=CARTESIAN_POINT('Ctrl Pts',(15.7234936283784,22.6660332309765,10.6734055386789));
#4608=CARTESIAN_POINT('Ctrl Pts',(11.6698191874701,10.6660332309765,5.32118671794055));
#4609=CARTESIAN_POINT('Ctrl Pts',(13.6027160159669,14.6660332309766,7.1056625479568));
#4610=CARTESIAN_POINT('Ctrl Pts',(15.5336896459474,18.6660332309765,8.88930012819994));
#4611=CARTESIAN_POINT('Ctrl Pts',(17.4665864744442,22.6660332309766,10.6737759582162));
#4612=CARTESIAN_POINT('Ctrl Pts',(12.3647442327419,10.6660332309765,5.11566474612222));
#4613=CARTESIAN_POINT('Ctrl Pts',(14.416102695247,14.6660332309765,6.85565251023873));
#4614=CARTESIAN_POINT('Ctrl Pts',(16.466222162868,18.6660332309766,8.59490926473769));
#4615=CARTESIAN_POINT('Ctrl Pts',(18.517580625373,22.6660332309765,10.3348970288542));
#4616=CARTESIAN_POINT('Ctrl Pts',(13.0452559380832,10.6660332309765,4.86567692853187));
#4617=CARTESIAN_POINT('Ctrl Pts',(15.049327555442,14.6660332309766,6.34558430363029));
#4618=CARTESIAN_POINT('Ctrl Pts',(17.0505285096336,18.6660332309765,7.82446541293661));
#4619=CARTESIAN_POINT('Ctrl Pts',(19.0546001269924,22.6660332309765,9.30437278803503));
#4620=CARTESIAN_POINT('Ctrl Pts',(13.6441932082147,10.6660332309765,4.61894250580268));
#4621=CARTESIAN_POINT('Ctrl Pts',(15.4453318530242,14.6660332309765,5.8676395865409));
#4622=CARTESIAN_POINT('Ctrl Pts',(17.2483031431029,18.6660332309765,7.11704633283613));
#4623=CARTESIAN_POINT('Ctrl Pts',(19.0494417879124,22.6660332309765,8.36574341357436));
#4624=CARTESIAN_POINT('Ctrl Pts',(13.8396950769264,10.6660332309765,4.53403186960493));
#4625=CARTESIAN_POINT('Ctrl Pts',(15.5773136454269,14.6660332309765,5.70901007882065));
#4626=CARTESIAN_POINT('Ctrl Pts',(17.3128723230567,18.6660332309765,6.88316248057515));
#4627=CARTESIAN_POINT('Ctrl Pts',(19.0504908915572,22.6660332309765,8.05814068979087));
#4628=CARTESIAN_POINT('Ctrl Pts',(14.0335155209273,10.6660332309765,4.44544131973613));
#4629=CARTESIAN_POINT('Ctrl Pts',(15.7058406444706,14.6660332309765,5.54698986335531));
#4630=CARTESIAN_POINT('Ctrl Pts',(17.3781657680139,18.6660332309765,6.6485384069745));
#4631=CARTESIAN_POINT('Ctrl Pts',(19.0504908915572,22.6660332309765,7.75008695059368));
#4632=CARTESIAN_POINT('',(19.0504908915572,22.6660332309765,7.75008695059369));
#4633=CARTESIAN_POINT('',(14.0335155209273,10.6660332309765,4.44544131973613));
#4634=CARTESIAN_POINT('',(7.1,22.6660332309765,10.6742481681852));
#4635=CARTESIAN_POINT('Ctrl Pts',(7.1,22.6660332309765,10.6742481681852));
#4636=CARTESIAN_POINT('Ctrl Pts',(9.09009817831144,22.6660332309765,10.6742481681852));
#4637=CARTESIAN_POINT('Ctrl Pts',(12.4055261369026,22.6660332309765,10.6741278227755));
#4638=CARTESIAN_POINT('Ctrl Pts',(15.7234936283784,22.6660332309765,10.6734055386789));
#4639=CARTESIAN_POINT('Ctrl Pts',(17.4665864744442,22.6660332309766,10.6737759582162));
#4640=CARTESIAN_POINT('Ctrl Pts',(18.517580625373,22.6660332309765,10.3348970288542));
#4641=CARTESIAN_POINT('Ctrl Pts',(19.0546001269924,22.6660332309765,9.30437278803503));
#4642=CARTESIAN_POINT('Ctrl Pts',(19.0494417879124,22.6660332309765,8.36574341357436));
#4643=CARTESIAN_POINT('Ctrl Pts',(19.0504908915572,22.6660332309765,8.05814068979087));
#4644=CARTESIAN_POINT('Ctrl Pts',(19.0504908915572,22.6660332309765,7.75008695059368));
#4645=CARTESIAN_POINT('Ctrl Pts',(7.1,22.6660332309765,10.6742481681852));
#4646=CARTESIAN_POINT('Ctrl Pts',(7.1,22.0000820305811,10.4031064785728));
#4647=CARTESIAN_POINT('Ctrl Pts',(7.1,21.351254848063,10.1412837977818));
#4648=CARTESIAN_POINT('Ctrl Pts',(7.1,20.7056754489039,9.88287299097019));
#4649=CARTESIAN_POINT('',(9.,19.6660332309765,9.49571807891117));
#4650=CARTESIAN_POINT('Ctrl Pts',(9.,20.6953276360408,9.89866527251945));
#4651=CARTESIAN_POINT('Ctrl Pts',(9.,20.3445426911044,9.76114947876154));
#4652=CARTESIAN_POINT('Ctrl Pts',(9.,20.0017617204965,9.62700126674156));
#4653=CARTESIAN_POINT('Ctrl Pts',(9.,19.6660332309765,9.49571807891117));
#4654=CARTESIAN_POINT('',(9.,18.0660332309765,8.87036912568673));
#4655=CARTESIAN_POINT('Ctrl Pts',(8.99969037207482,19.6660332309765,9.49563866846185));
#4656=CARTESIAN_POINT('Ctrl Pts',(8.99967914652719,19.1163149801897,9.28066186763391));
#4657=CARTESIAN_POINT('Ctrl Pts',(8.99967911117742,18.5833695841388,9.07253243931469));
#4658=CARTESIAN_POINT('Ctrl Pts',(8.99968878790606,18.0660332309765,8.87024673962097));
#4659=CARTESIAN_POINT('',(9.,17.1135745227393,8.49752424589436));
#4660=CARTESIAN_POINT('Ctrl Pts',(9.,18.0660332309765,8.87036912568673));
#4661=CARTESIAN_POINT('Ctrl Pts',(9.,17.7426355849375,8.74392385827965));
#4662=CARTESIAN_POINT('Ctrl Pts',(9.,17.4252643753903,8.61973238578871));
#4663=CARTESIAN_POINT('Ctrl Pts',(9.,17.1135745227394,8.49752424589436));
#4664=CARTESIAN_POINT('',(7.1,17.1100775735676,8.46420854353162));
#4665=CARTESIAN_POINT('Ctrl Pts',(7.1,17.1100775735676,8.46420854353162));
#4666=CARTESIAN_POINT('Ctrl Pts',(7.73304904591655,17.1081920526699,8.48489225103063));
#4667=CARTESIAN_POINT('Ctrl Pts',(8.36632225336403,17.1093839229424,8.49599301901731));
#4668=CARTESIAN_POINT('Ctrl Pts',(9.,17.1135745227393,8.49752424589436));
#4669=CARTESIAN_POINT('Ctrl Pts',(7.1,17.1100775735676,8.46420854353162));
#4670=CARTESIAN_POINT('Ctrl Pts',(7.1,16.8641081567619,8.36842303699454));
#4671=CARTESIAN_POINT('Ctrl Pts',(7.1,16.6152253594567,8.27172335447616));
#4672=CARTESIAN_POINT('Ctrl Pts',(7.1,14.1810615831286,7.3278674159885));
#4673=CARTESIAN_POINT('Ctrl Pts',(7.1,12.3996473150115,6.65158199938579));
#4674=CARTESIAN_POINT('Ctrl Pts',(7.1,10.6660332309765,5.96976319800242));
#4675=CARTESIAN_POINT('Origin',(9.,19.6660332309765,11.));
#4676=CARTESIAN_POINT('',(9.,18.0660332309765,10.2));
#4677=CARTESIAN_POINT('Origin',(9.,18.8660332309765,10.2));
#4678=CARTESIAN_POINT('',(9.00000000832872,18.0660332309765,9.89401935618718));
#4679=CARTESIAN_POINT('',(9.,18.0660332309765,11.));
#4680=CARTESIAN_POINT('Ctrl Pts',(9.,17.1135745227393,8.49752424589436));
#4681=CARTESIAN_POINT('Ctrl Pts',(9.,17.1690721407893,8.51928389130076));
#4682=CARTESIAN_POINT('Ctrl Pts',(9.00000001609242,17.223059604513,8.54438198451827));
#4683=CARTESIAN_POINT('Ctrl Pts',(9.00000003273116,17.2753198838135,8.57255701337225));
#4684=CARTESIAN_POINT('Ctrl Pts',(9.00000004960279,17.3283116124371,8.60112638772259));
#4685=CARTESIAN_POINT('Ctrl Pts',(9.00000006712199,17.3795283188498,8.63285998955082));
#4686=CARTESIAN_POINT('Ctrl Pts',(9.00000007723941,17.4287236017512,8.66753501266507));
#4687=CARTESIAN_POINT('Ctrl Pts',(9.0000000873207,17.4777431743028,8.70208618731087));
#4688=CARTESIAN_POINT('Ctrl Pts',(9.00000009015998,17.5247565413065,8.73955848270386));
#4689=CARTESIAN_POINT('Ctrl Pts',(9.00000008435264,17.5694877548639,8.77977114258686));
#4690=CARTESIAN_POINT('Ctrl Pts',(9.00000008290281,17.5806551121704,8.78981042177124));
#4691=CARTESIAN_POINT('Ctrl Pts',(9.0000000809417,17.5916800380408,8.80002066711507));
#4692=CARTESIAN_POINT('Ctrl Pts',(9.00000007849956,17.6025578325784,8.81039937845522));
#4693=CARTESIAN_POINT('Ctrl Pts',(9.00000006867205,17.6463314027809,8.85216457707959));
#4694=CARTESIAN_POINT('Ctrl Pts',(9.00000005200958,17.6874692092519,8.89641070139988));
#4695=CARTESIAN_POINT('Ctrl Pts',(9.00000003528474,17.7257329065947,8.9429094604774));
#4696=CARTESIAN_POINT('Ctrl Pts',(9.00000002301083,17.7538136202302,8.97703366772178));
#4697=CARTESIAN_POINT('Ctrl Pts',(9.00000001088794,17.7803459726389,9.0123721071936));
#4698=CARTESIAN_POINT('Ctrl Pts',(9.00000000400174,17.8052235513775,9.04884759921863));
#4699=CARTESIAN_POINT('Ctrl Pts',(8.9999999946191,17.8391199087082,9.09854641936852));
#4700=CARTESIAN_POINT('Ctrl Pts',(8.99999999483137,17.8699462533494,9.15035567625276));
#4701=CARTESIAN_POINT('Ctrl Pts',(8.99999999718757,17.8976044294833,9.20396106501089));
#4702=CARTESIAN_POINT('Ctrl Pts',(8.99999999835209,17.9112740455409,9.23045468047561));
#4703=CARTESIAN_POINT('Ctrl Pts',(9.00000000011455,17.9241690568718,9.25738739029507));
#4704=CARTESIAN_POINT('Ctrl Pts',(9.00000000191177,17.9362731574943,9.28472274454659));
#4705=CARTESIAN_POINT('Ctrl Pts',(9.00000000554079,17.9607142518034,9.3399194082284));
#4706=CARTESIAN_POINT('Ctrl Pts',(9.00000000914729,17.9818238105727,9.39650847437904));
#4707=CARTESIAN_POINT('Ctrl Pts',(9.00000001037926,17.9995204962301,9.45416556338183));
#4708=CARTESIAN_POINT('Ctrl Pts',(9.00000001128285,18.0125002914406,9.49645468023565));
#4709=CARTESIAN_POINT('Ctrl Pts',(9.00000001105019,18.0236431716917,9.5393190294631));
#4710=CARTESIAN_POINT('Ctrl Pts',(9.00000001008756,18.0329000127969,9.58263587477911));
#4711=CARTESIAN_POINT('Ctrl Pts',(9.00000000878176,18.0454569491366,9.64139532229332));
#4712=CARTESIAN_POINT('Ctrl Pts',(9.00000000613893,18.0545058606588,9.70080263273967));
#4713=CARTESIAN_POINT('Ctrl Pts',(9.00000000363988,18.0599461179701,9.76054678162628));
#4714=CARTESIAN_POINT('Ctrl Pts',(9.0000000017849,18.0639842911558,9.80489343771881));
#4715=CARTESIAN_POINT('Ctrl Pts',(9.00000000011582,18.0660332315782,9.84942614231651));
#4716=CARTESIAN_POINT('Ctrl Pts',(9.00000000000563,18.0660332309765,9.89401935618966));
#4717=CARTESIAN_POINT('',(9.,18.8660332309765,9.4));
#4718=CARTESIAN_POINT('Origin',(9.,18.8660332309765,9.8));
#4719=CARTESIAN_POINT('Origin',(8.525,18.8660332309765,10.2));
#4720=CARTESIAN_POINT('',(7.1,18.0660332309765,10.2));
#4721=CARTESIAN_POINT('Origin',(7.1,18.8660332309765,10.2));
#4722=CARTESIAN_POINT('',(8.525,18.0660332309765,10.2));
#4723=CARTESIAN_POINT('Origin',(9.,18.0660332309765,11.));
#4724=CARTESIAN_POINT('',(7.09999999815462,18.0660332309765,9.86284996056657));
#4725=CARTESIAN_POINT('',(7.1,18.0660332309765,11.));
#4726=CARTESIAN_POINT('Ctrl Pts',(9.00000000833434,18.0660332309765,9.89401935618823));
#4727=CARTESIAN_POINT('Ctrl Pts',(8.36638207046847,18.0660332309765,9.89412845858804));
#4728=CARTESIAN_POINT('Ctrl Pts',(7.73303788156615,18.0660332309765,9.88374387290397));
#4729=CARTESIAN_POINT('Ctrl Pts',(7.09999999860269,18.0660332309765,9.86284994699113));
#4730=CARTESIAN_POINT('Ctrl Pts',(9.,17.1135745227393,8.49752424589436));
#4731=CARTESIAN_POINT('Ctrl Pts',(8.36632225336403,17.1093839229424,8.49599301901731));
#4732=CARTESIAN_POINT('Ctrl Pts',(7.73304904591655,17.1081920526699,8.48489225103063));
#4733=CARTESIAN_POINT('Ctrl Pts',(7.1,17.1100775735676,8.46420854353162));
#4734=CARTESIAN_POINT('Ctrl Pts',(9.00001928030126,17.3922064711014,8.60677095628384));
#4735=CARTESIAN_POINT('Ctrl Pts',(8.36511629366052,17.3890453826169,8.6046669562064));
#4736=CARTESIAN_POINT('Ctrl Pts',(7.73060154085548,17.3881421028656,8.59338793699824));
#4737=CARTESIAN_POINT('Ctrl Pts',(7.09632188488894,17.3895651881058,8.57292227796352));
#4738=CARTESIAN_POINT('Ctrl Pts',(9.00008813932448,17.8813276371426,8.9969423372004));
#4739=CARTESIAN_POINT('Ctrl Pts',(8.36075767847075,17.8803678278653,8.99481966373423));
#4740=CARTESIAN_POINT('Ctrl Pts',(7.72184482926298,17.8800981464925,8.98344300563056));
#4741=CARTESIAN_POINT('Ctrl Pts',(7.08312982995676,17.8805305987368,8.96283871972908));
#4742=CARTESIAN_POINT('Ctrl Pts',(9.00019364033747,18.0660332309765,9.59473582894596));
#4743=CARTESIAN_POINT('Ctrl Pts',(8.35410965756515,18.0660438738244,9.59409738983604));
#4744=CARTESIAN_POINT('Ctrl Pts',(7.70834620043483,18.0660380456275,9.58303245283321));
#4745=CARTESIAN_POINT('Ctrl Pts',(7.06287420106549,18.0660332309765,9.56153261416834));
#4746=CARTESIAN_POINT('Ctrl Pts',(9.00024645909713,18.0660332309765,9.89401931322279));
#4747=CARTESIAN_POINT('Ctrl Pts',(8.35077606039606,18.0660332309765,9.89413393438531));
#4748=CARTESIAN_POINT('Ctrl Pts',(7.70159327533971,18.0660332309765,9.88322322126895));
#4749=CARTESIAN_POINT('Ctrl Pts',(7.05273316616324,18.0660332309765,9.86127031729599));
#4750=CARTESIAN_POINT('Ctrl Pts',(7.09999996021615,18.0660332309765,9.86284994572415));
#4751=CARTESIAN_POINT('Ctrl Pts',(7.09999993715852,18.0660333009853,9.80320925473154));
#4752=CARTESIAN_POINT('Ctrl Pts',(7.09999928074276,18.0623738550242,9.74375547833256));
#4753=CARTESIAN_POINT('Ctrl Pts',(7.09999866737594,18.0552192433057,9.6847862003558));
#4754=CARTESIAN_POINT('Ctrl Pts',(7.09999804544945,18.0479647873253,9.62499399246057));
#4755=CARTESIAN_POINT('Ctrl Pts',(7.09999750068615,18.0371167232688,9.56569890685138));
#4756=CARTESIAN_POINT('Ctrl Pts',(7.09999745913886,18.0227926330678,9.50721174202629));
#4757=CARTESIAN_POINT('Ctrl Pts',(7.09999741774254,18.0085205907749,9.44893709573041));
#4758=CARTESIAN_POINT('Ctrl Pts',(7.09999790819302,17.990797403103,9.39146351635499));
#4759=CARTESIAN_POINT('Ctrl Pts',(7.09999858826035,17.9696907136637,9.33511391975945));
#4760=CARTESIAN_POINT('Ctrl Pts',(7.09999875932795,17.964381429302,9.3209394546992));
#4761=CARTESIAN_POINT('Ctrl Pts',(7.0999989372545,17.9588578266872,9.30683622801334));
#4762=CARTESIAN_POINT('Ctrl Pts',(7.09999910519143,17.9531205328405,9.29280964995565));
#4763=CARTESIAN_POINT('Ctrl Pts',(7.09999977582174,17.9302095323542,9.23679666800163));
#4764=CARTESIAN_POINT('Ctrl Pts',(7.10000059037623,17.9040281958946,9.18233117783794));
#4765=CARTESIAN_POINT('Ctrl Pts',(7.10000070905723,17.8747017157436,9.12971852262041));
#4766=CARTESIAN_POINT('Ctrl Pts',(7.10000079724457,17.852910320262,9.09062405334624));
#4767=CARTESIAN_POINT('Ctrl Pts',(7.10000049606913,17.8293812389646,9.05255264176589));
#4768=CARTESIAN_POINT('Ctrl Pts',(7.09999916975051,17.8041485299677,9.01563650823534));
#4769=CARTESIAN_POINT('Ctrl Pts',(7.09999738501108,17.7701945386896,8.96596090360373));
#4770=CARTESIAN_POINT('Ctrl Pts',(7.09999380134451,17.7331568583888,8.91837549832434));
#4771=CARTESIAN_POINT('Ctrl Pts',(7.09999066098373,17.6932918575653,8.87308657649583));
#4772=CARTESIAN_POINT('Ctrl Pts',(7.09998913244667,17.6738879944098,8.85104267775084));
#4773=CARTESIAN_POINT('Ctrl Pts',(7.09998768965724,17.6538137156496,8.82954338711921));
#4774=CARTESIAN_POINT('Ctrl Pts',(7.09998646955704,17.6330957319802,8.80861592835635));
#4775=CARTESIAN_POINT('Ctrl Pts',(7.0999839680876,17.5906193823347,8.76571010944136));
#4776=CARTESIAN_POINT('Ctrl Pts',(7.0999826655107,17.5456307330937,8.72539851496093));
#4777=CARTESIAN_POINT('Ctrl Pts',(7.09998307879548,17.4984021347849,8.68787512445439));
#4778=CARTESIAN_POINT('Ctrl Pts',(7.09998338567099,17.4633335806821,8.66001295836813));
#4779=CARTESIAN_POINT('Ctrl Pts',(7.09998461846405,17.427029064699,8.63368865866206));
#4780=CARTESIAN_POINT('Ctrl Pts',(7.09998651139009,17.3895885468424,8.60899620683284));
#4781=CARTESIAN_POINT('Ctrl Pts',(7.09998904724467,17.3394314319334,8.57591701309618));
#4782=CARTESIAN_POINT('Ctrl Pts',(7.09999283995625,17.2873950557123,8.54586937135074));
#4783=CARTESIAN_POINT('Ctrl Pts',(7.09999587919684,17.2337322797716,8.51906028216036));
#4784=CARTESIAN_POINT('Ctrl Pts',(7.09999816341774,17.1934006146268,8.49891120882019));
#4785=CARTESIAN_POINT('Ctrl Pts',(7.1,17.1521494671398,8.48059219678867));
#4786=CARTESIAN_POINT('Ctrl Pts',(7.1,17.1100775735676,8.46420854353162));
#4787=CARTESIAN_POINT('Origin',(5.5,18.8660332309765,9.8));
#4788=CARTESIAN_POINT('',(7.1,18.8660332309765,9.4));
#4789=CARTESIAN_POINT('Origin',(7.1,18.8660332309765,9.8));
#4790=CARTESIAN_POINT('',(5.5,18.8660332309765,9.4));
#4791=CARTESIAN_POINT('Origin',(3.09015611745727,7.12541419284655,4.7744383405643));
#4792=CARTESIAN_POINT('',(8.5,6.32541419284655,4.7744383405643));
#4793=CARTESIAN_POINT('',(8.5,7.12541419284655,3.9744383405643));
#4794=CARTESIAN_POINT('Origin',(8.5,7.12541419284655,4.7744383405643));
#4795=CARTESIAN_POINT('',(7.1,7.12541419284655,3.9744383405643));
#4796=CARTESIAN_POINT('',(3.09015611745727,7.12541419284655,3.9744383405643));
#4797=CARTESIAN_POINT('',(7.1,6.32541419284655,4.7744383405643));
#4798=CARTESIAN_POINT('Origin',(7.1,7.12541419284655,4.7744383405643));
#4799=CARTESIAN_POINT('',(3.09015611745727,6.32541419284655,4.7744383405643));
#4800=CARTESIAN_POINT('Origin',(-0.919687765085456,4.66603323097654,3.9744383405643));
#4801=CARTESIAN_POINT('',(8.5,6.21280054708993,3.9744383405643));
#4802=CARTESIAN_POINT('',(8.5,5.49572371191155,3.9744383405643));
#4803=CARTESIAN_POINT('',(14.9196877650855,6.21280054708993,3.9744383405643));
#4804=CARTESIAN_POINT('',(8.5,6.21280054708993,3.9744383405643));
#4805=CARTESIAN_POINT('',(14.9196877650855,4.66603323097654,3.9744383405643));
#4806=CARTESIAN_POINT('',(7.1,-10.1669835707762,3.9744383405643));
#4807=CARTESIAN_POINT('Origin',(7.1,-25.000000372529,-29.));
#4808=CARTESIAN_POINT('',(7.1,22.6660332309765,9.68704076499302));
#4809=CARTESIAN_POINT('',(7.1,22.6660332309766,-15.8227636623761));
#4810=CARTESIAN_POINT('Ctrl Pts',(7.0999998656015,10.6660332309765,4.81047506901075));
#4811=CARTESIAN_POINT('Ctrl Pts',(7.09999994429794,12.2207126661882,5.4421955224987));
#4812=CARTESIAN_POINT('Ctrl Pts',(7.09999697516094,13.7909721060689,6.08028165553124));
#4813=CARTESIAN_POINT('Ctrl Pts',(7.09999882994025,15.3516817604673,6.71451324549855));
#4814=CARTESIAN_POINT('Ctrl Pts',(7.09999935184545,15.7908404745323,6.89297586260642));
#4815=CARTESIAN_POINT('Ctrl Pts',(7.09999997031162,16.2292430656965,7.0711332837257));
#4816=CARTESIAN_POINT('Ctrl Pts',(7.09999997246623,16.666329664181,7.24875780404082));
#4817=CARTESIAN_POINT('Ctrl Pts',(7.09999998167924,18.5352967124844,8.00827405686273));
#4818=CARTESIAN_POINT('Ctrl Pts',(7.09999930640844,20.4220523480814,8.77505403530806));
#4819=CARTESIAN_POINT('Ctrl Pts',(7.09999993227972,22.2922660728925,9.53513603847171));
#4820=CARTESIAN_POINT('Ctrl Pts',(7.09999997399946,22.4169320169814,9.58580208762552));
#4821=CARTESIAN_POINT('Ctrl Pts',(7.1,22.5415244591213,9.63643837492262));
#4822=CARTESIAN_POINT('Ctrl Pts',(7.1,22.6660332309765,9.68704076499302));
#4823=CARTESIAN_POINT('',(7.1,-10.1669835707762,2.8744383405643));
#4824=CARTESIAN_POINT('',(7.1,4.72541419284655,3.9744383405643));
#4825=CARTESIAN_POINT('',(7.1,4.66603323097654,3.9744383405643));
#4826=CARTESIAN_POINT('',(7.1,4.72541419284655,4.8744383405643));
#4827=CARTESIAN_POINT('',(7.1,4.72541419284655,5.6744383405643));
#4828=CARTESIAN_POINT('',(7.1,6.32541419284655,4.8744383405643));
#4829=CARTESIAN_POINT('Origin',(7.1,5.52541419284655,4.8744383405643));
#4830=CARTESIAN_POINT('',(7.1,6.32541419284655,5.6744383405643));
#4831=CARTESIAN_POINT('',(7.1,5.52541419284655,4.9744383405643));
#4832=CARTESIAN_POINT('Origin',(7.1,5.52541419284655,4.4744383405643));
#4833=CARTESIAN_POINT('Origin',(7.45,5.52541419284655,4.8744383405643));
#4834=CARTESIAN_POINT('',(8.5,4.72541419284655,4.8744383405643));
#4835=CARTESIAN_POINT('',(8.15,4.72541419284655,4.8744383405643));
#4836=CARTESIAN_POINT('',(8.5,6.32541419284655,4.8744383405643));
#4837=CARTESIAN_POINT('Origin',(8.5,5.52541419284655,4.8744383405643));
#4838=CARTESIAN_POINT('',(7.45,6.32541419284655,4.8744383405643));
#4839=CARTESIAN_POINT('Origin',(7.1,6.32541419284655,5.6744383405643));
#4840=CARTESIAN_POINT('',(8.5,6.32541419284655,5.6744383405643));
#4841=CARTESIAN_POINT('Origin',(8.5,6.32541419284655,5.6744383405643));
#4842=CARTESIAN_POINT('',(8.5,4.72541419284655,3.9744383405643));
#4843=CARTESIAN_POINT('',(8.5,4.72541419284655,5.6744383405643));
#4844=CARTESIAN_POINT('',(8.5,4.83802783860317,3.9744383405643));
#4845=CARTESIAN_POINT('',(8.5,5.49572371191155,3.9744383405643));
#4846=CARTESIAN_POINT('Origin',(8.5,5.52541419284655,4.4744383405643));
#4847=CARTESIAN_POINT('',(8.5,5.52541419284655,4.9744383405643));
#4848=CARTESIAN_POINT('Origin',(8.5,5.52541419284655,4.4744383405643));
#4849=CARTESIAN_POINT('Origin',(8.5,5.52541419284655,4.4744383405643));
#4850=CARTESIAN_POINT('',(14.9196877650855,4.83802783860317,3.9744383405643));
#4851=CARTESIAN_POINT('',(8.5,4.83802783860317,3.9744383405643));
#4852=CARTESIAN_POINT('Origin',(14.6379522442815,5.52541419284655,4.4744383405643));
#4853=CARTESIAN_POINT('Origin',(-0.919687765085456,4.66603323097654,3.9744383405643));
#4854=CARTESIAN_POINT('',(3.79015611745727,4.72541419284655,3.9744383405643));
#4855=CARTESIAN_POINT('',(14.9196877650855,4.66603323097654,3.9744383405643));
#4856=CARTESIAN_POINT('Origin',(8.5,5.52541419284655,4.4744383405643));
#4857=CARTESIAN_POINT('',(8.5,5.52541419284655,4.9744383405643));
#4858=CARTESIAN_POINT('Origin',(8.5,4.72541419284655,5.6744383405643));
#4859=CARTESIAN_POINT('Origin',(13.2074435328372,4.66603323097654,-14.5349170234605));
#4860=CARTESIAN_POINT('',(13.7207944695432,7.5,-13.6349170234605));
#4861=CARTESIAN_POINT('',(13.7207944695432,7.66603323097654,-13.6349170234605));
#4862=CARTESIAN_POINT('',(13.7207944695432,14.8345665160376,-13.6349170234605));
#4863=CARTESIAN_POINT('',(16.0107275298105,7.66603323097654,-9.62023699294357));
#4864=CARTESIAN_POINT('',(13.2074435328372,4.66603323097654,-14.5349170234605));
#4865=CARTESIAN_POINT('',(16.0107275298105,7.5,-9.62023699294357));
#4866=CARTESIAN_POINT('',(16.0107275298105,4.66603323097654,-9.62023699294357));
#4867=CARTESIAN_POINT('',(14.4803057576764,7.5,-12.3033519858936));
#4868=CARTESIAN_POINT('Origin',(16.0107275298105,4.66603323097654,-9.62023699294357));
#4869=CARTESIAN_POINT('',(16.8092766291144,7.5,-1.61980675423665));
#4870=CARTESIAN_POINT('',(15.841885113161,7.5,-11.3118198610682));
#4871=CARTESIAN_POINT('',(16.8092766291144,4.66603323097654,-1.61980675423665));
#4872=CARTESIAN_POINT('Origin',(16.8092766291144,4.66603323097654,-1.61980675423665));
#4873=CARTESIAN_POINT('',(15.6088431417067,7.5,0.510619476687354));
#4874=CARTESIAN_POINT('',(20.0040477223054,7.5,-7.28961204551508));
#4875=CARTESIAN_POINT('',(14.2768996643054,4.66603323097654,2.8744383405643));
#4876=CARTESIAN_POINT('',(16.1102185359448,5.27171045047763,-0.379178502650441));
#4877=CARTESIAN_POINT('Ctrl Pts',(13.2074435328372,7.66603323097654,-14.5349170234605));
#4878=CARTESIAN_POINT('Ctrl Pts',(13.1027455862064,8.66603323097654,-14.3065961687115));
#4879=CARTESIAN_POINT('Ctrl Pts',(12.9980476395755,9.66603323097654,-14.0782753139625));
#4880=CARTESIAN_POINT('Ctrl Pts',(12.8933496929447,10.6660332309765,-13.8499544592135));
#4881=CARTESIAN_POINT('Ctrl Pts',(13.3785605117392,7.66603323097654,-14.2349170234605));
#4882=CARTESIAN_POINT('Ctrl Pts',(13.2997305794434,8.66603323097655,-14.0272179966574));
#4883=CARTESIAN_POINT('Ctrl Pts',(13.2208987885605,9.66603323097654,-13.8195163594883));
#4884=CARTESIAN_POINT('Ctrl Pts',(13.1420688562648,10.6660332309765,-13.6118173326852));
#4885=CARTESIAN_POINT('Ctrl Pts',(13.5496774906412,7.66603323097654,-13.9349170234605));
#4886=CARTESIAN_POINT('Ctrl Pts',(13.4934287619861,8.66603323097654,-13.7428097867852));
#4887=CARTESIAN_POINT('Ctrl Pts',(13.4371781408988,9.66603323097654,-13.5506999756242));
#4888=CARTESIAN_POINT('Ctrl Pts',(13.3809294122438,10.6660332309765,-13.3585927389489));
#4889=CARTESIAN_POINT('Ctrl Pts',(13.7207944695432,7.66603323097654,-13.6349170234605));
#4890=CARTESIAN_POINT('Ctrl Pts',(13.683441475259,8.66603323097654,-13.4537941712678));
#4891=CARTESIAN_POINT('Ctrl Pts',(13.6460884809748,9.66603323097654,-13.2726713190751));
#4892=CARTESIAN_POINT('Ctrl Pts',(13.6087354866906,10.6660332309765,-13.0915484668824));
#4893=CARTESIAN_POINT('',(13.1112375928387,10.6660332309765,-13.6349170234605));
#4894=CARTESIAN_POINT('Ctrl Pts',(13.7207944695432,7.66603323097654,-13.6349170234605));
#4895=CARTESIAN_POINT('Ctrl Pts',(13.6490223634822,8.1762724328294,-13.6349170234605));
#4896=CARTESIAN_POINT('Ctrl Pts',(13.5644896097538,8.69287846901952,-13.6349170234605));
#4897=CARTESIAN_POINT('Ctrl Pts',(13.366624392761,9.68823503819474,-13.6349170234605));
#4898=CARTESIAN_POINT('Ctrl Pts',(13.2506052017002,10.1861640347293,-13.6349170234605));
#4899=CARTESIAN_POINT('Ctrl Pts',(13.1112375928387,10.6660332309765,-13.6349170234605));
#4900=CARTESIAN_POINT('Ctrl Pts',(12.8933496929447,10.6660332309765,-13.8499544592135));
#4901=CARTESIAN_POINT('Ctrl Pts',(12.966849844454,10.6660332309765,-13.7795814543907));
#4902=CARTESIAN_POINT('Ctrl Pts',(13.0394890546631,10.6660332309765,-13.7078908777056));
#4903=CARTESIAN_POINT('Ctrl Pts',(13.1112364616868,10.6660332309765,-13.6349154469431));
#4904=CARTESIAN_POINT('Origin',(13.5504908915572,10.6660332309765,3.22795076836128));
#4905=CARTESIAN_POINT('',(18.0504908915572,22.6660332309765,9.10043722555443));
#4906=CARTESIAN_POINT('',(13.5504908915572,10.6660332309765,3.22795076836128));
#4907=CARTESIAN_POINT('',(17.4766799489264,22.6660332309765,8.40708233654222));
#4908=CARTESIAN_POINT('',(10.6318748433722,22.6660332309765,0.136276167330992));
#4909=CARTESIAN_POINT('',(15.154624211899,16.2933047806713,5.37026077336304));
#4910=CARTESIAN_POINT('',(13.1041934917332,10.6660332309765,2.688674743574));
#4911=CARTESIAN_POINT('Ctrl Pts',(14.8530245897874,15.1548123432079,4.96455883065212));
#4912=CARTESIAN_POINT('Ctrl Pts',(14.9512195476187,15.5250511668096,5.09663181088112));
#4913=CARTESIAN_POINT('Ctrl Pts',(15.0516672112638,15.9041184188947,5.23174683120411));
#4914=CARTESIAN_POINT('Ctrl Pts',(15.154624211899,16.2933047806713,5.37026077336304));
#4915=CARTESIAN_POINT('Origin',(13.0112148667699,10.6660332309765,3.67424816818524));
#4916=CARTESIAN_POINT('',(17.357136002545,22.6660332309765,9.67424816818524));
#4917=CARTESIAN_POINT('',(13.0112148667699,10.6660332309765,3.67424816818524));
#4918=CARTESIAN_POINT('',(17.5936390841747,22.6660332309765,9.47852147993994));
#4919=CARTESIAN_POINT('Origin',(12.564917466946,10.6660332309765,3.13497214339796));
#4920=CARTESIAN_POINT('',(14.6515148278955,16.6017252615743,6.02660443482488));
#4921=CARTESIAN_POINT('Ctrl Pts',(14.6519251067175,16.6017252615741,6.0262654427783));
#4922=CARTESIAN_POINT('Ctrl Pts',(14.5675705849836,16.2714657218942,5.90383157309417));
#4923=CARTESIAN_POINT('Ctrl Pts',(14.4808690935559,15.9307555827553,5.77785749823142));
#4924=CARTESIAN_POINT('Ctrl Pts',(14.3926910749054,15.582562270242,5.64965535492773));
#4925=CARTESIAN_POINT('Ctrl Pts',(14.3511738729276,15.4186210487881,5.58929343753618));
#4926=CARTESIAN_POINT('Ctrl Pts',(14.3093294557861,15.253020923202,5.5284383149753));
#4927=CARTESIAN_POINT('Ctrl Pts',(14.2672488217465,15.0860716233837,5.46723098933789));
#4928=CARTESIAN_POINT('',(16.7833250599142,22.6660332309765,8.98089327917302));
#4929=CARTESIAN_POINT('',(12.564917466946,10.6660332309765,3.13497214339796));
#4930=CARTESIAN_POINT('',(9.71537125444804,22.6660332309765,0.440449097568163));
#4931=CARTESIAN_POINT('Origin',(13.1041934917332,10.6660332309765,2.688674743574));
#4932=CARTESIAN_POINT('Ctrl Pts',(15.1536978114288,16.2933047806641,5.36962799527808));
#4933=CARTESIAN_POINT('Ctrl Pts',(15.1449038263607,16.3340916813359,5.40871003805083));
#4934=CARTESIAN_POINT('Ctrl Pts',(15.1343667920182,16.3749088287607,5.44928226526886));
#4935=CARTESIAN_POINT('Ctrl Pts',(15.1216334125383,16.4138160088598,5.49020848993907));
#4936=CARTESIAN_POINT('Ctrl Pts',(15.1100963517844,16.4490678052329,5.52728963883553));
#4937=CARTESIAN_POINT('Ctrl Pts',(15.0967555778612,16.4827516634359,5.56466047235136));
#4938=CARTESIAN_POINT('Ctrl Pts',(15.0812997565663,16.5134244578243,5.60144913165826));
#4939=CARTESIAN_POINT('Ctrl Pts',(15.0682585232925,16.539305390267,5.63249047709694));
#4940=CARTESIAN_POINT('Ctrl Pts',(15.0529754682067,16.5645348433879,5.66489327110457));
#4941=CARTESIAN_POINT('Ctrl Pts',(15.0349467855419,16.5870744038834,5.69748043762752));
#4942=CARTESIAN_POINT('Ctrl Pts',(15.0179808882456,16.6082852641322,5.72814660057955));
#4943=CARTESIAN_POINT('Ctrl Pts',(14.9985823062469,16.6271140209063,5.75897511194242));
#4944=CARTESIAN_POINT('Ctrl Pts',(14.9763603810112,16.6418619191487,5.78894574129786));
#4945=CARTESIAN_POINT('Ctrl Pts',(14.9749683451769,16.6427857636228,5.79082317494042));
#4946=CARTESIAN_POINT('Ctrl Pts',(14.9735652438494,16.6436935944959,5.79269723154867));
#4947=CARTESIAN_POINT('Ctrl Pts',(14.9721509867724,16.6445849941905,5.79456765626885));
#4948=CARTESIAN_POINT('Ctrl Pts',(14.9599735644316,16.6522603671706,5.81067289777326));
#4949=CARTESIAN_POINT('Ctrl Pts',(14.9469313544703,16.6587446582203,5.82656098908754));
#4950=CARTESIAN_POINT('Ctrl Pts',(14.9329408026685,16.6637637425486,5.84208213651761));
#4951=CARTESIAN_POINT('Ctrl Pts',(14.9235842422246,16.6671203911323,5.85246232424316));
#4952=CARTESIAN_POINT('Ctrl Pts',(14.9138035477579,16.6698217072718,5.86267825649186));
#4953=CARTESIAN_POINT('Ctrl Pts',(14.9035758957716,16.6717856950055,5.87268532384443));
#4954=CARTESIAN_POINT('Ctrl Pts',(14.8838932199137,16.675565304832,5.89194349407284));
#4955=CARTESIAN_POINT('Ctrl Pts',(14.8630259751937,16.6765240668659,5.90996778553738));
#4956=CARTESIAN_POINT('Ctrl Pts',(14.840909807544,16.6745001423101,5.92669119603327));
#4957=CARTESIAN_POINT('Ctrl Pts',(14.8146352166728,16.6720956665211,5.94655904907683));
#4958=CARTESIAN_POINT('Ctrl Pts',(14.7875512096595,16.6655685262308,5.96387024298284));
#4959=CARTESIAN_POINT('Ctrl Pts',(14.7598957606284,16.6555629434567,5.97894069780301));
#4960=CARTESIAN_POINT('Ctrl Pts',(14.7287469631324,16.6442934872527,5.99591480459978));
#4961=CARTESIAN_POINT('Ctrl Pts',(14.6974449336907,16.6288128109302,6.0097307693569));
#4962=CARTESIAN_POINT('Ctrl Pts',(14.6667056530463,16.6106740206762,6.02101567824065));
#4963=CARTESIAN_POINT('Ctrl Pts',(14.6617633852168,16.607757662269,6.02283006819922));
#4964=CARTESIAN_POINT('Ctrl Pts',(14.6568355786453,16.6047725908879,6.02457909755455));
#4965=CARTESIAN_POINT('Ctrl Pts',(14.6519251067179,16.6017252615721,6.02626544277695));
#4966=CARTESIAN_POINT('',(17.2894661539375,22.6660332309765,8.56201789101578));
#4967=CARTESIAN_POINT('Origin',(14.0504908915572,10.6660332309765,-12.8758005050344));
#4968=CARTESIAN_POINT('',(14.834815104279,13.019005869142,-13.6349170234605));
#4969=CARTESIAN_POINT('',(14.9492616696764,14.8465590557834,-13.6349170234605));
#4970=CARTESIAN_POINT('',(15.1476639542688,18.0147688328625,-13.6349170234605));
#4971=CARTESIAN_POINT('',(17.4719820428393,22.6660332309765,-16.0578029842901));
#4972=CARTESIAN_POINT('',(13.6005395647769,10.6660332309765,-12.3395693948509));
#4973=CARTESIAN_POINT('',(18.0504908915572,22.6660332309765,-16.7472429830972));
#4974=CARTESIAN_POINT('',(10.5862128240057,22.6660332309765,-7.85166277997052));
#4975=CARTESIAN_POINT('',(14.0504908915572,10.6660332309765,-12.8758005050344));
#4976=CARTESIAN_POINT('Origin',(13.5142597813737,10.6660332309765,-13.3257518318148));
#4977=CARTESIAN_POINT('',(18.1097931981943,17.5814187550858,-13.6349170234605));
#4978=CARTESIAN_POINT('',(17.8908235608392,22.6660332309765,-16.8812197814136));
#4979=CARTESIAN_POINT('Ctrl Pts',(14.8603200500392,14.5708738449882,-13.5494951892196));
#4980=CARTESIAN_POINT('Ctrl Pts',(15.7308740476392,17.2692603069843,-14.3855977875765));
#4981=CARTESIAN_POINT('Ctrl Pts',(16.6014280452393,19.9676467689804,-15.2217003859333));
#4982=CARTESIAN_POINT('Ctrl Pts',(17.4719820428393,22.6660332309765,-16.0578029842901));
#4983=CARTESIAN_POINT('Ctrl Pts',(14.6645334768393,14.5708738449882,-13.7129137442133));
#4984=CARTESIAN_POINT('Ctrl Pts',(15.5233102333935,17.2692603069843,-14.558300262309));
#4985=CARTESIAN_POINT('Ctrl Pts',(16.3820869899478,19.9676467689804,-15.4036867804046));
#4986=CARTESIAN_POINT('Ctrl Pts',(17.240863746502,22.6660332309765,-16.2490732985003));
#4987=CARTESIAN_POINT('Ctrl Pts',(14.4687469036393,14.5708738449882,-13.876332299207));
#4988=CARTESIAN_POINT('Ctrl Pts',(15.3157464191478,17.2692603069843,-14.7310027370415));
#4989=CARTESIAN_POINT('Ctrl Pts',(16.1627459346562,19.9676467689804,-15.585673174876));
#4990=CARTESIAN_POINT('Ctrl Pts',(17.0097454501647,22.6660332309765,-16.4403436127105));
#4991=CARTESIAN_POINT('Ctrl Pts',(14.2729603304394,14.5708738449882,-14.0397508542006));
#4992=CARTESIAN_POINT('Ctrl Pts',(15.1081826049021,17.2692603069843,-14.903705211774));
#4993=CARTESIAN_POINT('Ctrl Pts',(15.9434048793647,19.9676467689804,-15.7676595693473));
#4994=CARTESIAN_POINT('Ctrl Pts',(16.7786271538274,22.6660332309765,-16.6316139269207));
#4995=CARTESIAN_POINT('Ctrl Pts',(17.4719820428393,22.6660332309765,-16.0578029842901));
#4996=CARTESIAN_POINT('Ctrl Pts',(17.240863746502,22.6660332309765,-16.2490732985003));
#4997=CARTESIAN_POINT('Ctrl Pts',(17.0097454501647,22.6660332309765,-16.4403436127105));
#4998=CARTESIAN_POINT('Ctrl Pts',(16.7786271538274,22.6660332309765,-16.6316139269207));
#4999=CARTESIAN_POINT('',(14.7579788672202,14.5708738450357,-13.6349170235002));
#5000=CARTESIAN_POINT('Ctrl Pts',(14.9492616696764,14.8465590557834,-13.6349170234605));
#5001=CARTESIAN_POINT('Ctrl Pts',(14.885495764313,14.7546735134293,-13.6349170234605));
#5002=CARTESIAN_POINT('Ctrl Pts',(14.8217336470769,14.6627768382385,-13.6349170235002));
#5003=CARTESIAN_POINT('Ctrl Pts',(14.7579788672202,14.5708738450357,-13.6349170235002));
#5004=CARTESIAN_POINT('Ctrl Pts',(14.6354293332014,15.7419171466956,-14.4146889802498));
#5005=CARTESIAN_POINT('Ctrl Pts',(14.6672082564412,15.6883301516984,-14.3572192789907));
#5006=CARTESIAN_POINT('Ctrl Pts',(14.6919312976361,15.6180474040939,-14.2959699429026));
#5007=CARTESIAN_POINT('Ctrl Pts',(14.7107877890462,15.5339047042354,-14.2315839778575));
#5008=CARTESIAN_POINT('Ctrl Pts',(14.7219187729314,15.4842352818698,-14.1935769529151));
#5009=CARTESIAN_POINT('Ctrl Pts',(14.7310064386736,15.4297363050523,-14.1544762447358));
#5010=CARTESIAN_POINT('Ctrl Pts',(14.7383019336906,15.3709910760327,-14.1144089821281));
#5011=CARTESIAN_POINT('Ctrl Pts',(14.7475418734909,15.2965886703791,-14.0636627211004));
#5012=CARTESIAN_POINT('Ctrl Pts',(14.7535864519277,15.2178084863753,-14.0130409960645));
#5013=CARTESIAN_POINT('Ctrl Pts',(14.757400380019,15.1388000475144,-13.9641407179888));
#5014=CARTESIAN_POINT('Ctrl Pts',(14.7598962058482,15.0870971056359,-13.9321404877395));
#5015=CARTESIAN_POINT('Ctrl Pts',(14.7614377770868,15.0352964167261,-13.9008766624762));
#5016=CARTESIAN_POINT('Ctrl Pts',(14.7623047857934,14.9845608303933,-13.8707893894289));
#5017=CARTESIAN_POINT('Ctrl Pts',(14.7638502533354,14.8941232127425,-13.8171579742293));
#5018=CARTESIAN_POINT('Ctrl Pts',(14.7633353648647,14.7989159578591,-13.7624764261808));
#5019=CARTESIAN_POINT('Ctrl Pts',(14.7614081567616,14.7024961363748,-13.7082627593708));
#5020=CARTESIAN_POINT('Ctrl Pts',(14.7605339903617,14.6587608656011,-13.68367186757));
#5021=CARTESIAN_POINT('Ctrl Pts',(14.7593698128005,14.6147761143336,-13.659176792873));
#5022=CARTESIAN_POINT('Ctrl Pts',(14.7579788672207,14.5708738450357,-13.6349170235395));
#5023=CARTESIAN_POINT('Ctrl Pts',(14.0335155209273,10.6660332309765,4.44544131973613));
#5024=CARTESIAN_POINT('Ctrl Pts',(15.7058406444706,14.6660332309765,5.54698986335531));
#5025=CARTESIAN_POINT('Ctrl Pts',(17.3781657680139,18.6660332309765,6.6485384069745));
#5026=CARTESIAN_POINT('Ctrl Pts',(19.0504908915572,22.6660332309765,7.75008695059369));
#5027=CARTESIAN_POINT('Ctrl Pts',(14.7609203873569,10.6660332309765,3.66058125122155));
#5028=CARTESIAN_POINT('Ctrl Pts',(16.1907772220903,14.6660332309765,4.49646691667969));
#5029=CARTESIAN_POINT('Ctrl Pts',(17.6206340568238,18.6660332309765,5.33235258213784));
#5030=CARTESIAN_POINT('Ctrl Pts',(19.0504908915572,22.6660332309765,6.16823824759598));
#5031=CARTESIAN_POINT('Ctrl Pts',(15.3944501234307,10.6660332309765,2.75877285999156));
#5032=CARTESIAN_POINT('Ctrl Pts',(16.6131303794728,14.6660332309765,3.36797842152713));
#5033=CARTESIAN_POINT('Ctrl Pts',(17.831810635515,18.6660332309765,3.9771839830627));
#5034=CARTESIAN_POINT('Ctrl Pts',(19.0504908915572,22.6660332309765,4.58638954459827));
#5035=CARTESIAN_POINT('Ctrl Pts',(15.9118593830137,10.6660332309765,1.77487616722521));
#5036=CARTESIAN_POINT('Ctrl Pts',(16.9580698858616,14.6660332309765,2.184764392017));
#5037=CARTESIAN_POINT('Ctrl Pts',(18.0042803887094,18.6660332309765,2.59465261680878));
#5038=CARTESIAN_POINT('Ctrl Pts',(19.0504908915572,22.6660332309765,3.00454084160057));
#5039=CARTESIAN_POINT('',(15.9118593830137,10.6660332309765,1.77487616722521));
#5040=CARTESIAN_POINT('',(19.0504908915572,22.6660332309765,6.56670214618844));
#5041=CARTESIAN_POINT('Ctrl Pts',(15.9118593830137,10.6660332309765,1.77487616722521));
#5042=CARTESIAN_POINT('Ctrl Pts',(16.1275322662014,12.7113428514877,2.59160681510761));
#5043=CARTESIAN_POINT('Ctrl Pts',(16.5425600321136,14.7031660698709,3.38697933538683));
#5044=CARTESIAN_POINT('Ctrl Pts',(17.6296451107658,18.6825921794304,4.97603911981615));
#5045=CARTESIAN_POINT('Ctrl Pts',(18.3223111048549,20.7201815832379,5.7896869397849));
#5046=CARTESIAN_POINT('Ctrl Pts',(19.0504908915572,22.6660332309765,6.56670214618844));
#5047=CARTESIAN_POINT('Ctrl Pts',(19.0504908915572,22.6660332309765,7.75008695059369));
#5048=CARTESIAN_POINT('Ctrl Pts',(19.0504908915572,22.6660332309765,7.35562534912527));
#5049=CARTESIAN_POINT('Ctrl Pts',(19.0504908915572,22.6660332309765,6.96116374765685));
#5050=CARTESIAN_POINT('Ctrl Pts',(19.0504908915572,22.6660332309765,6.56670214618844));
#5051=CARTESIAN_POINT('Ctrl Pts',(14.0335155209273,10.6660332309765,4.44544131973613));
#5052=CARTESIAN_POINT('Ctrl Pts',(14.7609203873569,10.6660332309765,3.66058125122155));
#5053=CARTESIAN_POINT('Ctrl Pts',(15.3944501234307,10.6660332309765,2.75877285999156));
#5054=CARTESIAN_POINT('Ctrl Pts',(15.9118593830137,10.6660332309765,1.77487616722521));
#5055=CARTESIAN_POINT('Ctrl Pts',(12.5252916138136,10.6660332309765,-14.1851215923431));
#5056=CARTESIAN_POINT('Ctrl Pts',(13.3670247063948,14.6660332309765,-14.8986650055003));
#5057=CARTESIAN_POINT('Ctrl Pts',(14.208757798976,18.6660332309765,-15.6122084186576));
#5058=CARTESIAN_POINT('Ctrl Pts',(15.0504908915572,22.6660332309765,-16.3257518318148));
#5059=CARTESIAN_POINT('Ctrl Pts',(12.7425675475271,10.6660332309765,-13.9970700179432));
#5060=CARTESIAN_POINT('Ctrl Pts',(13.6508100808733,14.6660332309765,-14.7735326447372));
#5061=CARTESIAN_POINT('Ctrl Pts',(14.5611273786897,18.6660332309765,-15.5492892050208));
#5062=CARTESIAN_POINT('Ctrl Pts',(15.4693699120358,22.6660332309765,-16.3257518318148));
#5063=CARTESIAN_POINT('Ctrl Pts',(13.2693719604714,10.6660332309765,-13.4991975657692));
#5064=CARTESIAN_POINT('Ctrl Pts',(14.3527550078838,14.6660332309765,-14.3283102431901));
#5065=CARTESIAN_POINT('Ctrl Pts',(15.4351862870357,18.6660332309766,-15.1570555492177));
#5066=CARTESIAN_POINT('Ctrl Pts',(16.5185693344482,22.6660332309766,-15.9861682266386));
#5067=CARTESIAN_POINT('Ctrl Pts',(13.7505071354441,10.6660332309765,-12.9363627279857));
#5068=CARTESIAN_POINT('Ctrl Pts',(14.8529950424404,14.6660332309765,-13.6101113024427));
#5069=CARTESIAN_POINT('Ctrl Pts',(15.951553068845,18.6660332309766,-14.281636050035));
#5070=CARTESIAN_POINT('Ctrl Pts',(17.0540409758413,22.6660332309766,-14.955384624492));
#5071=CARTESIAN_POINT('Ctrl Pts',(14.1193509024253,10.6660332309765,-12.446594749946));
#5072=CARTESIAN_POINT('Ctrl Pts',(15.0957168644648,14.6660332309765,-12.9958962323977));
#5073=CARTESIAN_POINT('Ctrl Pts',(16.0737754570442,18.6660332309765,-13.5459874829841));
#5074=CARTESIAN_POINT('Ctrl Pts',(17.0501414190837,22.6660332309765,-14.0952889654358));
#5075=CARTESIAN_POINT('Ctrl Pts',(14.2157611693772,10.6660332309765,-12.3124624339239));
#5076=CARTESIAN_POINT('Ctrl Pts',(15.1611292673765,14.6660332309765,-12.8302595409982));
#5077=CARTESIAN_POINT('Ctrl Pts',(16.1051227935579,18.6660332309765,-13.3473981858376));
#5078=CARTESIAN_POINT('Ctrl Pts',(17.0504908915572,22.6660332309765,-13.8651952929119));
#5079=CARTESIAN_POINT('Ctrl Pts',(14.3095511611959,10.6660332309765,-12.1756968489016));
#5080=CARTESIAN_POINT('Ctrl Pts',(15.223197737983,14.6660332309765,-12.6621035737546));
#5081=CARTESIAN_POINT('Ctrl Pts',(16.1368443147701,18.6660332309765,-13.1485102986075));
#5082=CARTESIAN_POINT('Ctrl Pts',(17.0504908915572,22.6660332309765,-13.6349170234605));
#5083=CARTESIAN_POINT('Ctrl Pts',(13.1112375928387,10.6660332309765,-13.6349170234605));
#5084=CARTESIAN_POINT('Ctrl Pts',(13.3390152003613,11.1759560321475,-13.6349170234605));
#5085=CARTESIAN_POINT('Ctrl Pts',(13.5845120445239,11.7170982035711,-13.6349170234605));
#5086=CARTESIAN_POINT('Ctrl Pts',(13.840760701,12.3074676367333,-13.6349170234605));
#5087=CARTESIAN_POINT('',(17.0504908915572,22.6660332309765,-13.6349170234605));
#5088=CARTESIAN_POINT('Ctrl Pts',(14.7579788672633,14.5708738450196,-13.6349170234605));
#5089=CARTESIAN_POINT('Ctrl Pts',(14.9994560932868,15.217502177393,-13.6349170234605));
#5090=CARTESIAN_POINT('Ctrl Pts',(15.2433703700344,15.9192479139501,-13.6349170234605));
#5091=CARTESIAN_POINT('Ctrl Pts',(15.8152152914044,17.7400398875094,-13.6349170234605));
#5092=CARTESIAN_POINT('Ctrl Pts',(16.3535974179736,19.6149914330233,-13.6349170234605));
#5093=CARTESIAN_POINT('Ctrl Pts',(17.0504908915572,22.6660332309765,-13.6349170234605));
#5094=CARTESIAN_POINT('Ctrl Pts',(15.0504908915572,22.6660332309765,-16.3257518318148));
#5095=CARTESIAN_POINT('Ctrl Pts',(15.4693699120358,22.6660332309765,-16.3257518318148));
#5096=CARTESIAN_POINT('Ctrl Pts',(16.5185693344482,22.6660332309766,-15.9861682266386));
#5097=CARTESIAN_POINT('Ctrl Pts',(17.0540409758413,22.6660332309766,-14.955384624492));
#5098=CARTESIAN_POINT('Ctrl Pts',(17.0501414190837,22.6660332309765,-14.0952889654358));
#5099=CARTESIAN_POINT('Ctrl Pts',(17.0504908915572,22.6660332309765,-13.8651952929119));
#5100=CARTESIAN_POINT('Ctrl Pts',(17.0504908915572,22.6660332309765,-13.6349170234605));
#5101=CARTESIAN_POINT('Ctrl Pts',(14.7767410729804,10.6660332309765,1.77487615116444));
#5102=CARTESIAN_POINT('Ctrl Pts',(15.5346576791727,14.6660332309765,3.1174807288552));
#5103=CARTESIAN_POINT('Ctrl Pts',(16.2925742853649,18.6660332309765,4.46008530654596));
#5104=CARTESIAN_POINT('Ctrl Pts',(17.0504908915572,22.6660332309765,5.80268988423671));
#5105=CARTESIAN_POINT('Ctrl Pts',(14.6703414016647,10.6660332309765,1.95844795693391));
#5106=CARTESIAN_POINT('Ctrl Pts',(15.4642585688965,14.6660332309765,3.33695704908053));
#5107=CARTESIAN_POINT('Ctrl Pts',(16.2565737243253,18.6660332309765,4.71470022007293));
#5108=CARTESIAN_POINT('Ctrl Pts',(17.0504908915572,22.6660332309765,6.09320931221955));
#5109=CARTESIAN_POINT('Ctrl Pts',(14.5595044700344,10.6660332309765,2.13825083968716));
#5110=CARTESIAN_POINT('Ctrl Pts',(15.389032030162,14.6660332309765,3.55302832491903));
#5111=CARTESIAN_POINT('Ctrl Pts',(16.2206196526157,18.6660332309765,4.96874287524572));
#5112=CARTESIAN_POINT('Ctrl Pts',(17.0501472127433,22.6660332309765,6.38352036047758));
#5113=CARTESIAN_POINT('Ctrl Pts',(14.1955284025356,10.6660332309765,2.69403586008039));
#5114=CARTESIAN_POINT('Ctrl Pts',(15.1496006632953,14.6660332309765,4.23135651556638));
#5115=CARTESIAN_POINT('Ctrl Pts',(16.1001958233924,18.6660332309765,5.76662637955716));
#5116=CARTESIAN_POINT('Ctrl Pts',(17.0542680841521,22.6660332309765,7.30394703504315));
#5117=CARTESIAN_POINT('Ctrl Pts',(13.7475464409488,10.6660332309765,3.29563479078782));
#5118=CARTESIAN_POINT('Ctrl Pts',(14.6716142131896,14.6660332309766,4.97547029864088));
#5119=CARTESIAN_POINT('Ctrl Pts',(15.5946527503884,18.6660332309765,6.65487727430867));
#5120=CARTESIAN_POINT('Ctrl Pts',(16.5187205226291,22.6660332309766,8.33471278216173));
#5121=CARTESIAN_POINT('Ctrl Pts',(13.2503086573255,10.6660332309765,3.83623155258094));
#5122=CARTESIAN_POINT('Ctrl Pts',(13.9892672561935,14.6660332309765,5.44912145509333));
#5123=CARTESIAN_POINT('Ctrl Pts',(14.7304113131678,18.6660332309766,7.06135826567285));
#5124=CARTESIAN_POINT('Ctrl Pts',(15.4693699120359,22.6660332309765,8.67424816818524));
#5125=CARTESIAN_POINT('Ctrl Pts',(13.0442438245952,10.6660332309765,4.04194550339404));
#5126=CARTESIAN_POINT('Ctrl Pts',(13.7129928469159,14.6660332309765,5.58604639165777));
#5127=CARTESIAN_POINT('Ctrl Pts',(14.3817418692365,18.6660332309765,7.1301472799215));
#5128=CARTESIAN_POINT('Ctrl Pts',(15.0504908915572,22.6660332309765,8.67424816818524));
#5129=CARTESIAN_POINT('',(15.0504908915572,22.6660332309765,8.67424816818523));
#5130=CARTESIAN_POINT('',(13.0442438245952,10.6660332309765,4.04194550339404));
#5131=CARTESIAN_POINT('',(17.0504908915572,22.6660332309765,6.56670214618843));
#5132=CARTESIAN_POINT('Ctrl Pts',(17.0510393018232,22.6660332309765,6.5668408738236));
#5133=CARTESIAN_POINT('Ctrl Pts',(17.0511536739841,22.6660332309765,6.60273161596259));
#5134=CARTESIAN_POINT('Ctrl Pts',(17.0512893786919,22.6660332309765,6.63863145267708));
#5135=CARTESIAN_POINT('Ctrl Pts',(17.0542680841521,22.6660332309765,7.30394703504315));
#5136=CARTESIAN_POINT('Ctrl Pts',(16.5187205226291,22.6660332309766,8.33471278216173));
#5137=CARTESIAN_POINT('Ctrl Pts',(15.4693699120359,22.6660332309765,8.67424816818524));
#5138=CARTESIAN_POINT('Ctrl Pts',(15.0504908915572,22.6660332309765,8.67424816818524));
#5139=CARTESIAN_POINT('Ctrl Pts',(17.0510393018232,22.6660332309765,6.5668408738236));
#5140=CARTESIAN_POINT('Ctrl Pts',(16.9033768583591,21.9752124501405,6.29095644575118));
#5141=CARTESIAN_POINT('Ctrl Pts',(16.7557648274968,21.2759543857338,6.01170836286417));
#5142=CARTESIAN_POINT('Ctrl Pts',(16.6098292143971,20.5735506349649,5.73120108812705));
#5143=CARTESIAN_POINT('Ctrl Pts',(16.4498053198745,19.8033384753833,5.42361429973489));
#5144=CARTESIAN_POINT('Ctrl Pts',(16.2918012665848,19.0293439588077,5.11451662146321));
#5145=CARTESIAN_POINT('Ctrl Pts',(16.1379966987953,18.2585439037324,4.80670679117645));
#5146=CARTESIAN_POINT('Ctrl Pts',(16.0309869576956,17.7222586976516,4.5925476753563));
#5147=CARTESIAN_POINT('Ctrl Pts',(15.9260112211682,17.1875198345176,4.37901275778147));
#5148=CARTESIAN_POINT('Ctrl Pts',(15.8237901438771,16.6566770535396,4.16703408602392));
#5149=CARTESIAN_POINT('Ctrl Pts',(15.6785884025307,15.9026320148669,3.86592522390712));
#5150=CARTESIAN_POINT('Ctrl Pts',(15.5349225196419,15.1356173567124,3.55965117820336));
#5151=CARTESIAN_POINT('Ctrl Pts',(15.3958701881945,14.3642691442819,3.25164225758201));
#5152=CARTESIAN_POINT('Ctrl Pts',(15.2840808408331,13.7441535924001,3.00402241648097));
#5153=CARTESIAN_POINT('Ctrl Pts',(15.1752740223324,13.1212371990243,2.75528395285831));
#5154=CARTESIAN_POINT('Ctrl Pts',(15.0710400702897,12.5000072356851,2.5072170403135));
#5155=CARTESIAN_POINT('Ctrl Pts',(14.9886094835438,12.0087244110531,2.31104006771917));
#5156=CARTESIAN_POINT('Ctrl Pts',(14.9090359535471,11.5184962809721,2.11528223343065));
#5157=CARTESIAN_POINT('Ctrl Pts',(14.8331211249548,11.0315421653576,1.92083125772086));
#5158=CARTESIAN_POINT('Ctrl Pts',(14.814093291744,10.9094885183297,1.87209268052748));
#5159=CARTESIAN_POINT('Ctrl Pts',(14.7952955274462,10.7876405579184,1.82343626293192));
#5160=CARTESIAN_POINT('Ctrl Pts',(14.7767410636714,10.6660332309765,1.77487616722521));
#5161=CARTESIAN_POINT('Ctrl Pts',(14.9196877650855,7.66603323097654,3.9744383405643));
#5162=CARTESIAN_POINT('Ctrl Pts',(14.6242970170327,8.66603323097654,4.13143933362158));
#5163=CARTESIAN_POINT('Ctrl Pts',(14.32890626898,9.66603323097654,4.28844032667885));
#5164=CARTESIAN_POINT('Ctrl Pts',(14.0335155209273,10.6660332309765,4.44544131973613));
#5165=CARTESIAN_POINT('Ctrl Pts',(15.557822226014,7.66603323097654,2.841932117871));
#5166=CARTESIAN_POINT('Ctrl Pts',(15.3266295421323,8.66603323097655,3.07765350343576));
#5167=CARTESIAN_POINT('Ctrl Pts',(15.0954368582507,9.66603323097654,3.31337488900052));
#5168=CARTESIAN_POINT('Ctrl Pts',(14.8642441743691,10.6660332309765,3.54909627456528));
#5169=CARTESIAN_POINT('Ctrl Pts',(16.1959566869425,7.66603323097654,1.7094258951777));
#5170=CARTESIAN_POINT('Ctrl Pts',(15.9881493721336,8.66603323097654,1.97302378926116));
#5171=CARTESIAN_POINT('Ctrl Pts',(15.7803420573247,9.66603323097654,2.23662168334462));
#5172=CARTESIAN_POINT('Ctrl Pts',(15.5725347425159,10.6660332309765,2.50021957742808));
#5173=CARTESIAN_POINT('Ctrl Pts',(16.834091147871,7.66603323097654,0.576919672484404));
#5174=CARTESIAN_POINT('Ctrl Pts',(16.5978114776043,8.66603323097654,0.834858528652785));
#5175=CARTESIAN_POINT('Ctrl Pts',(16.3615318073377,9.66603323097654,1.09279738482117));
#5176=CARTESIAN_POINT('Ctrl Pts',(16.1252521370711,10.6660332309765,1.35073624098955));
#5177=CARTESIAN_POINT('',(16.834091147871,7.66603323097654,0.576919672484404));
#5178=CARTESIAN_POINT('',(14.9196877650855,7.66603323097654,3.9744383405643));
#5179=CARTESIAN_POINT('Ctrl Pts',(16.834091147871,7.66603323097654,0.576919672484405));
#5180=CARTESIAN_POINT('Ctrl Pts',(16.6754498726035,8.16815284977709,0.777425491977368));
#5181=CARTESIAN_POINT('Ctrl Pts',(16.5192341893227,8.67205641303175,0.978643674085424));
#5182=CARTESIAN_POINT('Ctrl Pts',(16.3649306632571,9.17539031490971,1.17963437967807));
#5183=CARTESIAN_POINT('Ctrl Pts',(16.2513149946287,9.54600153335283,1.32762641839731));
#5184=CARTESIAN_POINT('Ctrl Pts',(16.1389499149137,9.91560024923897,1.47521139877559));
#5185=CARTESIAN_POINT('Ctrl Pts',(16.0266046447513,10.2866239205795,1.62336964192287));
#5186=CARTESIAN_POINT('Ctrl Pts',(15.9883695113375,10.4128966114803,1.67379321725365));
#5187=CARTESIAN_POINT('Ctrl Pts',(15.9501370465932,10.5393343529106,1.72428291927339));
#5188=CARTESIAN_POINT('Ctrl Pts',(15.9118593830137,10.6660332309765,1.77487616722521));
#5189=CARTESIAN_POINT('Origin',(14.9196877650855,4.66603323097654,3.9744383405643));
#5190=CARTESIAN_POINT('',(15.2014232858894,5.78406721972644,3.4744383405643));
#5191=CARTESIAN_POINT('',(15.2014232858894,4.66603323097654,3.47443834056431));
#5192=CARTESIAN_POINT('',(17.938389539627,5.78406721972644,-1.3828942491055));
#5193=CARTESIAN_POINT('',(14.7762572689709,5.78406721972644,4.22898646375673));
#5194=CARTESIAN_POINT('',(17.938389539627,7.5,-1.3828942491055));
#5195=CARTESIAN_POINT('',(17.938389539627,4.66603323097654,-1.3828942491055));
#5196=CARTESIAN_POINT('',(16.8714493882555,7.5,0.510619476687354));
#5197=CARTESIAN_POINT('',(19.538420886407,7.5,-4.22249243362628));
#5198=CARTESIAN_POINT('',(17.0727860107406,6.60518885255382,0.153304534804146));
#5199=CARTESIAN_POINT('Origin',(17.938389539627,4.66603323097654,-1.3828942491055));
#5200=CARTESIAN_POINT('',(17.0820664858053,7.5,-9.96214486734529));
#5201=CARTESIAN_POINT('',(17.352996681548,7.5,-7.24777435150818));
#5202=CARTESIAN_POINT('',(17.938389539627,4.66603323097654,-1.3828942491055));
#5203=CARTESIAN_POINT('',(17.0820664858053,5.78406721972644,-9.96214486734529));
#5204=CARTESIAN_POINT('',(17.0820664858053,4.66603323097654,-9.96214486734529));
#5205=CARTESIAN_POINT('',(17.0820664858053,4.66603323097654,-9.96214486734529));
#5206=CARTESIAN_POINT('Origin',(17.0820664858053,4.66603323097654,-9.96214486734529));
#5207=CARTESIAN_POINT('',(14.1315693394627,5.78406721972644,-15.1349170234605));
#5208=CARTESIAN_POINT('',(14.1315693394627,4.66603323097654,-15.1349170234605));
#5209=CARTESIAN_POINT('',(14.1315693394627,4.66603323097654,-15.1349170234605));
#5210=CARTESIAN_POINT('',(17.0820664858053,4.66603323097654,-9.96214486734529));
#5211=CARTESIAN_POINT('',(13.8463743746261,4.66603323097654,-15.6349170234605));
#5212=CARTESIAN_POINT('',(14.9871542339727,7.66603323097654,-13.6349170234605));
#5213=CARTESIAN_POINT('',(17.0820664858053,7.66603323097654,-9.96214486734529));
#5214=CARTESIAN_POINT('',(14.9871542339727,7.5,-13.6349170234605));
#5215=CARTESIAN_POINT('',(14.9871542339727,14.8345665160376,-13.6349170234605));
#5216=CARTESIAN_POINT('',(16.8953645671014,7.5,-10.2894681754738));
#5217=CARTESIAN_POINT('',(17.1347229813111,5.78406721972644,-9.86982820331168));
#5218=CARTESIAN_POINT('Ctrl Pts',(14.9871542339727,7.66603323097654,-13.6349170234605));
#5219=CARTESIAN_POINT('Ctrl Pts',(15.0330508689015,8.66603323097654,-13.338229159628));
#5220=CARTESIAN_POINT('Ctrl Pts',(15.0789475038303,9.66603323097654,-13.0415412957955));
#5221=CARTESIAN_POINT('Ctrl Pts',(15.1248441387591,10.6660332309765,-12.7448534319631));
#5222=CARTESIAN_POINT('Ctrl Pts',(14.6068942808572,7.66603323097654,-14.3015836901272));
#5223=CARTESIAN_POINT('Ctrl Pts',(14.6397243268186,8.66603323097654,-13.9856133184901));
#5224=CARTESIAN_POINT('Ctrl Pts',(14.6725543727801,9.66603323097654,-13.669642946853));
#5225=CARTESIAN_POINT('Ctrl Pts',(14.7053844187416,10.6660332309765,-13.3536725752159));
#5226=CARTESIAN_POINT('Ctrl Pts',(14.2266343277416,7.66603323097654,-14.9682503567938));
#5227=CARTESIAN_POINT('Ctrl Pts',(14.2301630033422,8.66603323097655,-14.6179714178211));
#5228=CARTESIAN_POINT('Ctrl Pts',(14.2336916789428,9.66603323097654,-14.2676924788484));
#5229=CARTESIAN_POINT('Ctrl Pts',(14.2372203545434,10.6660332309765,-13.9174135398757));
#5230=CARTESIAN_POINT('Ctrl Pts',(13.8463743746261,7.66603323097654,-15.6349170234605));
#5231=CARTESIAN_POINT('Ctrl Pts',(13.8067699347003,8.66603323097654,-15.2317753650487));
#5232=CARTESIAN_POINT('Ctrl Pts',(13.7671654947745,9.66603323097654,-14.8286337066368));
#5233=CARTESIAN_POINT('Ctrl Pts',(13.7275610548486,10.6660332309765,-14.425492048225));
#5234=CARTESIAN_POINT('Ctrl Pts',(14.4500680766745,10.6660332309765,-13.6349170234605));
#5235=CARTESIAN_POINT('Ctrl Pts',(14.4999554473243,10.4798422410212,-13.6349170234605));
#5236=CARTESIAN_POINT('Ctrl Pts',(14.5459456600325,10.2903707715745,-13.634921889475));
#5237=CARTESIAN_POINT('Ctrl Pts',(14.5884700652665,10.0996079769322,-13.6349216176924));
#5238=CARTESIAN_POINT('Ctrl Pts',(14.6499630999193,9.82375266333388,-13.6349212246772));
#5239=CARTESIAN_POINT('Ctrl Pts',(14.7042144314379,9.54519705617798,-13.6349163496988));
#5240=CARTESIAN_POINT('Ctrl Pts',(14.7525972731978,9.26995609831258,-13.6349168176461));
#5241=CARTESIAN_POINT('Ctrl Pts',(14.760929772013,9.22255406751223,-13.634916898236));
#5242=CARTESIAN_POINT('Ctrl Pts',(14.7690881521406,9.17525034844661,-13.6349170234965));
#5243=CARTESIAN_POINT('Ctrl Pts',(14.7770792601336,9.12807566549855,-13.6349170234965));
#5244=CARTESIAN_POINT('Ctrl Pts',(14.8154201721134,8.90173404076224,-13.6349170234965));
#5245=CARTESIAN_POINT('Ctrl Pts',(14.8508783666207,8.67258055415117,-13.6349222295537));
#5246=CARTESIAN_POINT('Ctrl Pts',(14.8838811900838,8.44307827865687,-13.6349216482614));
#5247=CARTESIAN_POINT('Ctrl Pts',(14.9212349300149,8.18331964552178,-13.6349209903346));
#5248=CARTESIAN_POINT('Ctrl Pts',(14.9554481467466,7.92311419648236,-13.6349170234605));
#5249=CARTESIAN_POINT('Ctrl Pts',(14.9871542339727,7.66603323097654,-13.6349170234605));
#5250=CARTESIAN_POINT('Origin',(22.,25.0030998010986,-13.6349170234605));
#5251=CARTESIAN_POINT('',(14.6694156026048,22.6660332309765,-13.6349170234605));
#5252=CARTESIAN_POINT('',(22.,7.5,-13.6349170234605));
#5253=CARTESIAN_POINT('Origin',(22.,7.5,-13.6349170234605));
#5254=CARTESIAN_POINT('',(22.,7.5,0.510619476687354));
#5255=CARTESIAN_POINT('Origin',(22.,7.5,0.510619476687354));
#5256=CARTESIAN_POINT('',(14.6694156026048,22.6660332309765,6.56670214618844));
#5257=CARTESIAN_POINT('Origin',(16.5950942330804,4.66603323097654,-9.80673219716269));
#5258=CARTESIAN_POINT('',(13.5559512647221,4.11308950582426,-15.1349170234605));
#5259=CARTESIAN_POINT('',(16.5950942330804,4.11308950582426,-9.80673219716269));
#5260=CARTESIAN_POINT('',(16.5950942330804,4.11308950582426,-9.80673219716269));
#5261=CARTESIAN_POINT('',(16.5950942330804,4.66603323097654,-9.80673219716269));
#5262=CARTESIAN_POINT('',(13.5559512647221,4.66603323097654,-15.1349170234605));
#5263=CARTESIAN_POINT('Origin',(13.5559512647221,4.66603323097654,-15.1349170234605));
#5264=CARTESIAN_POINT('',(10.277975632361,4.66603323097654,-15.1349170234605));
#5265=CARTESIAN_POINT('',(14.7071874142034,4.66603323097654,-15.1349170234605));
#5266=CARTESIAN_POINT('Origin',(15.8584235636848,5.78406721972644,-15.1349170234605));
#5267=CARTESIAN_POINT('',(14.7071874142034,3.56603323097654,-15.1349170234605));
#5268=CARTESIAN_POINT('',(14.7071874142034,4.66603323097654,-15.1349170234605));
#5269=CARTESIAN_POINT('',(13.5559512647221,2.81308950582426,-15.1349170234605));
#5270=CARTESIAN_POINT('Origin',(15.263242701669,1.88400942125621,-15.1349170234605));
#5271=CARTESIAN_POINT('',(13.5559512647221,4.66603323097654,-15.1349170234605));
#5272=CARTESIAN_POINT('Origin',(14.7071874142034,4.66603323097654,-15.1349170234605));
#5273=CARTESIAN_POINT('',(17.5690387385302,4.66603323097654,-10.1175575375279));
#5274=CARTESIAN_POINT('',(17.5690387385302,4.66603323097654,-10.1175575375279));
#5275=CARTESIAN_POINT('',(17.5690387385302,3.56603323097654,-10.1175575375279));
#5276=CARTESIAN_POINT('',(17.5690387385302,4.66603323097654,-10.1175575375279));
#5277=CARTESIAN_POINT('',(17.5690387385302,3.56603323097654,-10.1175575375279));
#5278=CARTESIAN_POINT('Origin',(17.5690387385302,4.66603323097654,-10.1175575375279));
#5279=CARTESIAN_POINT('',(16.5950942330804,2.81308950582426,-9.80673219716269));
#5280=CARTESIAN_POINT('',(16.5950942330804,4.66603323097654,-9.80673219716269));
#5281=CARTESIAN_POINT('Origin',(18.0394608949204,1.88400942125621,-10.2676883982259));
#5282=CARTESIAN_POINT('Origin',(18.54298324398,5.78406721972644,-10.4283828778931));
#5283=CARTESIAN_POINT('Origin',(18.4516226807691,4.66603323097654,-1.27520674677316));
#5284=CARTESIAN_POINT('',(15.7753352161389,4.66603323097654,3.4744383405643));
#5285=CARTESIAN_POINT('',(18.4516226807691,4.66603323097654,-1.27520674677316));
#5286=CARTESIAN_POINT('',(15.211864174531,4.66603323097654,4.4744383405643));
#5287=CARTESIAN_POINT('',(15.7753352161389,3.56603323097654,3.4744383405643));
#5288=CARTESIAN_POINT('',(15.7753352161389,4.66603323097654,3.4744383405643));
#5289=CARTESIAN_POINT('',(18.2883370804387,3.56603323097654,-0.985421490259346));
#5290=CARTESIAN_POINT('',(15.211864174531,3.56603323097654,4.4744383405643));
#5291=CARTESIAN_POINT('',(18.4516226807691,3.56603323097654,-1.27520674677316));
#5292=CARTESIAN_POINT('',(15.211864174531,3.56603323097654,4.4744383405643));
#5293=CARTESIAN_POINT('',(18.4516226807691,4.66603323097654,-1.27520674677316));
#5294=CARTESIAN_POINT('Origin',(15.7753352161389,4.66603323097654,3.4744383405643));
#5295=CARTESIAN_POINT('',(14.62751135564,4.11308950582426,3.4744383405643));
#5296=CARTESIAN_POINT('',(14.62751135564,4.66603323097654,3.4744383405643));
#5297=CARTESIAN_POINT('',(14.6275113556402,2.81308950582426,3.4744383405643));
#5298=CARTESIAN_POINT('',(14.62751135564,4.66603323097654,3.4744383405643));
#5299=CARTESIAN_POINT('Origin',(16.3297423436405,1.8840094212563,3.4744383405643));
#5300=CARTESIAN_POINT('Origin',(16.9231590766379,5.78406721972644,3.4744383405643));
#5301=CARTESIAN_POINT('Origin',(17.4251563984849,4.66603323097654,-1.49058175143784));
#5302=CARTESIAN_POINT('Origin',(19.4780889630534,5.78406721972644,-1.05983174210848));
#5303=CARTESIAN_POINT('',(17.4251563984849,3.56603323097654,-1.49058175143784));
#5304=CARTESIAN_POINT('',(17.219863142028,3.56603323097654,-1.53365675237078));
#5305=CARTESIAN_POINT('',(17.4251563984849,4.66603323097654,-1.49058175143784));
#5306=CARTESIAN_POINT('Origin',(16.0180476027872,3.46308950582426,1.00663406231968));
#5307=CARTESIAN_POINT('',(14.6189719362559,4.11308950582426,3.48959336851383));
#5308=CARTESIAN_POINT('',(17.4171232693184,4.11308950582426,-1.47632524387447));
#5309=CARTESIAN_POINT('',(14.6189719362559,2.81308950582426,3.48959336851383));
#5310=CARTESIAN_POINT('',(14.6189719362559,4.11308950582426,3.48959336851383));
#5311=CARTESIAN_POINT('',(14.6189719362559,2.81308950582426,3.48959336851383));
#5312=CARTESIAN_POINT('Origin',(14.8854696483309,3.46308950582426,0.368459182620054));
#5313=CARTESIAN_POINT('',(13.4863939817996,3.57461187473925,2.8514184888142));
#5314=CARTESIAN_POINT('',(16.2845453148621,3.57461187473925,-2.1145001235741));
#5315=CARTESIAN_POINT('',(14.1859318150653,3.57461187473925,1.60993883571713));
#5316=CARTESIAN_POINT('',(16.2845453148624,2.81308950582426,-2.11450012357394));
#5317=CARTESIAN_POINT('',(16.2845453148624,2.81308950582426,-2.11450012357394));
#5318=CARTESIAN_POINT('',(13.4863939817996,2.81308950582426,2.8514184888142));
#5319=CARTESIAN_POINT('',(13.4863939817996,2.81308950582426,2.8514184888142));
#5320=CARTESIAN_POINT('',(13.4863939817996,4.11308950582426,2.8514184888142));
#5321=CARTESIAN_POINT('Origin',(17.4171232693187,2.81308950582426,-1.47632524387432));
#5322=CARTESIAN_POINT('',(14.6189719362559,2.81308950582426,3.48959336851383));
#5323=CARTESIAN_POINT('',(17.4171232693187,2.81308950582426,-1.47632524387432));
#5324=CARTESIAN_POINT('',(17.4171232693187,2.81308950582426,-1.47632524387432));
#5325=CARTESIAN_POINT('',(14.6189719362559,2.81308950582426,3.48959336851383));
#5326=CARTESIAN_POINT('Origin',(14.6189719362559,2.81308950582426,3.48959336851383));
#5327=CARTESIAN_POINT('',(14.4187585483013,4.01789920970989,3.3767789222592));
#5328=CARTESIAN_POINT('Origin',(17.4171232693184,4.11308950582426,-1.47632524387447));
#5329=CARTESIAN_POINT('',(17.4171232693184,4.11308950582426,-1.47632524387447));
#5330=CARTESIAN_POINT('',(17.4171232693184,4.11308950582426,-1.47632524387447));
#5331=CARTESIAN_POINT('',(17.4171232693185,3.56603323097654,-1.47632524387444));
#5332=CARTESIAN_POINT('',(17.4171232693185,4.3895613684004,-1.47632524387444));
#5333=CARTESIAN_POINT('',(15.9497069737188,3.56603323097654,-2.30317183242836));
#5334=CARTESIAN_POINT('Origin',(18.7091395773068,1.8840094212563,-0.748311469037741));
#5335=CARTESIAN_POINT('Origin',(14.62751135564,4.66603323097654,3.4744383405643));
#5336=CARTESIAN_POINT('',(14.6232416459478,4.11308950582426,3.48201585453901));
#5337=CARTESIAN_POINT('',(14.62751135564,3.56603323097654,3.4744383405643));
#5338=CARTESIAN_POINT('Origin',(14.6189719362559,4.11308950582426,3.48959336851383));
#5339=CARTESIAN_POINT('Origin',(16.0037869727456,3.56603323097654,-5.8302393414481));
#5340=CARTESIAN_POINT('Origin',(15.6326666713992,1.8840094212563,4.71154836178586));
#5341=CARTESIAN_POINT('Origin',(13.5559512647221,2.81308950582426,-15.1349170234605));
#5342=CARTESIAN_POINT('',(16.5950942330804,2.81308950582426,-9.80673219716269));
#5343=CARTESIAN_POINT('',(15.4658732643107,2.81308950582426,-9.16263592820056));
#5344=CARTESIAN_POINT('',(16.5950942330804,2.81308950582426,-9.80673219716269));
#5345=CARTESIAN_POINT('',(12.4267302959524,2.81308950582426,-14.4908207544984));
#5346=CARTESIAN_POINT('',(15.4658732643107,2.81308950582426,-9.16263592820056));
#5347=CARTESIAN_POINT('',(13.5559512647221,2.81308950582426,-15.1349170234605));
#5348=CARTESIAN_POINT('Origin',(13.5559512647221,4.11308950582426,-15.1349170234605));
#5349=CARTESIAN_POINT('',(12.4267302959524,3.57461187473923,-14.4908207544984));
#5350=CARTESIAN_POINT('',(12.9913407803372,3.84385069028174,-14.8128688889794));
#5351=CARTESIAN_POINT('',(12.4267302959524,2.81308950582426,-14.4908207544984));
#5352=CARTESIAN_POINT('Origin',(13.9463017801316,3.46308950582426,-11.8267283413495));
#5353=CARTESIAN_POINT('',(15.4658732643107,3.57461187473921,-9.16263592820056));
#5354=CARTESIAN_POINT('',(13.186516038042,3.57461187473923,-13.1587745479239));
#5355=CARTESIAN_POINT('',(15.4658732643107,4.11308950582426,-9.16263592820056));
#5356=CARTESIAN_POINT('Origin',(16.5950942330804,2.81308950582426,-9.80673219716269));
#5357=CARTESIAN_POINT('',(15.8308637975768,3.74866039416735,-9.37082285280161));
#5358=CARTESIAN_POINT('Origin',(12.4267302959524,3.57461187473923,-14.4908207544984));
#5359=CARTESIAN_POINT('Origin',(17.9885939676464,1.88400942125621,-10.3568676151576));
#5360=CARTESIAN_POINT('Origin',(16.0830779856511,5.78406721972644,4.96534209417945));
#5361=CARTESIAN_POINT('Origin',(18.4376702529684,5.78406721972644,-10.6130162059603));
#5362=CARTESIAN_POINT('Origin',(7.33883120520957,22.6660332309765,-2.64552732475223));
#5363=CARTESIAN_POINT('Ctrl Pts',(15.0504908915572,22.6660332309765,8.67424816818523));
#5364=CARTESIAN_POINT('Ctrl Pts',(12.4564352498754,22.6660332309765,9.3417826136188));
#5365=CARTESIAN_POINT('Ctrl Pts',(9.778564884738,22.6660332309765,9.68290963558698));
#5366=CARTESIAN_POINT('Ctrl Pts',(7.1,22.6660332309765,9.68704076499302));
#5367=CARTESIAN_POINT('Ctrl Pts',(13.0442438245952,10.6660332309765,4.04194550339404));
#5368=CARTESIAN_POINT('Ctrl Pts',(13.7129928469159,14.6660332309765,5.58604639165777));
#5369=CARTESIAN_POINT('Ctrl Pts',(14.3817418692365,18.6660332309765,7.1301472799215));
#5370=CARTESIAN_POINT('Ctrl Pts',(15.0504908915572,22.6660332309765,8.67424816818523));
#5371=CARTESIAN_POINT('Ctrl Pts',(11.0725969695368,10.6660332309765,4.5609539511997));
#5372=CARTESIAN_POINT('Ctrl Pts',(11.5338786296799,14.6660332309765,6.15457904536948));
#5373=CARTESIAN_POINT('Ctrl Pts',(11.9951535897322,18.6660332309765,7.74815751944901));
#5374=CARTESIAN_POINT('Ctrl Pts',(12.4564352498754,22.6660332309765,9.3417826136188));
#5375=CARTESIAN_POINT('Ctrl Pts',(9.03267869753205,10.6660332309765,4.8199792693566));
#5376=CARTESIAN_POINT('Ctrl Pts',(9.28130924815641,14.6660332309765,6.44097165242677));
#5377=CARTESIAN_POINT('Ctrl Pts',(9.52993433411364,18.6660332309765,8.06191725251681));
#5378=CARTESIAN_POINT('Ctrl Pts',(9.778564884738,22.6660332309765,9.68290963558698));
#5379=CARTESIAN_POINT('Ctrl Pts',(6.99388845908641,10.6660332309765,4.81020923484887));
#5380=CARTESIAN_POINT('Ctrl Pts',(7.02925897272427,14.6660332309765,6.43581974489692));
#5381=CARTESIAN_POINT('Ctrl Pts',(7.06462948636213,18.6660332309765,8.06143025494497));
#5382=CARTESIAN_POINT('Ctrl Pts',(7.1,22.6660332309765,9.68704076499302));
#5383=CARTESIAN_POINT('Origin',(14.2768996643054,4.66603323097654,2.8744383405643));
#5384=CARTESIAN_POINT('Origin',(7.,4.66603323097654,-5.8302393414481));
#5385=CARTESIAN_POINT('Origin',(7.33883120520957,22.6660332309765,-2.64552732475223));
#5386=CARTESIAN_POINT('',(7.1,22.6660332309766,-15.8227636623761));
#5387=CARTESIAN_POINT('Origin',(13.8463743746261,4.66603323097654,-15.6349170234605));
#5388=CARTESIAN_POINT('',(7.1,-10.1669835707762,-15.6349170234605));
#5389=CARTESIAN_POINT('Origin',(0.792556467162796,4.66603323097654,-14.5349170234605));
#5390=CARTESIAN_POINT('',(7.1,-10.1669835707762,-14.5349170234605));
#5391=CARTESIAN_POINT('Origin',(7.1,-25.000000372529,-29.));
#5392=UNCERTAINTY_MEASURE_WITH_UNIT(LENGTH_MEASURE(0.01),#5396,
'DISTANCE_ACCURACY_VALUE',
'Maximum model space distance between geometric entities at asserted c
onnectivities');
#5393=UNCERTAINTY_MEASURE_WITH_UNIT(LENGTH_MEASURE(0.01),#5396,
'DISTANCE_ACCURACY_VALUE',
'Maximum model space distance between geometric entities at asserted c
onnectivities');
#5394=(
GEOMETRIC_REPRESENTATION_CONTEXT(3)
GLOBAL_UNCERTAINTY_ASSIGNED_CONTEXT((#5392))
GLOBAL_UNIT_ASSIGNED_CONTEXT((#5396,#5398,#5399))
REPRESENTATION_CONTEXT('','3D')
);
#5395=(
GEOMETRIC_REPRESENTATION_CONTEXT(3)
GLOBAL_UNCERTAINTY_ASSIGNED_CONTEXT((#5393))
GLOBAL_UNIT_ASSIGNED_CONTEXT((#5396,#5398,#5399))
REPRESENTATION_CONTEXT('','3D')
);
#5396=(
LENGTH_UNIT()
NAMED_UNIT(*)
SI_UNIT(.MILLI.,.METRE.)
);
#5397=(
LENGTH_UNIT()
NAMED_UNIT(*)
SI_UNIT($,.METRE.)
);
#5398=(
NAMED_UNIT(*)
PLANE_ANGLE_UNIT()
SI_UNIT($,.RADIAN.)
);
#5399=(
NAMED_UNIT(*)
SI_UNIT($,.STERADIAN.)
SOLID_ANGLE_UNIT()
);
#5400=SHAPE_DEFINITION_REPRESENTATION(#5401,#5402);
#5401=PRODUCT_DEFINITION_SHAPE('',$,#5404);
#5402=SHAPE_REPRESENTATION('',(#2144),#5394);
#5403=PRODUCT_DEFINITION_CONTEXT('part definition',#5408,'design');
#5404=PRODUCT_DEFINITION('2026-08-05-15-29-23-614','FusionComponent',#5405,
#5403);
#5405=PRODUCT_DEFINITION_FORMATION('',$,#5410);
#5406=PRODUCT_RELATED_PRODUCT_CATEGORY('FusionComponent',
'FusionComponent',(#5410));
#5407=APPLICATION_PROTOCOL_DEFINITION('international standard',
'automotive_design',2009,#5408);
#5408=APPLICATION_CONTEXT(
'Core Data for Automotive Mechanical Design Process');
#5409=PRODUCT_CONTEXT('part definition',#5408,'mechanical');
#5410=PRODUCT('2026-08-05-15-29-23-614','FusionComponent',$,(#5409));
#5411=PRESENTATION_STYLE_ASSIGNMENT((#5412));
#5412=SURFACE_STYLE_USAGE(.BOTH.,#5413);
#5413=SURFACE_SIDE_STYLE('',(#5414));
#5414=SURFACE_STYLE_FILL_AREA(#5415);
#5415=FILL_AREA_STYLE('Steel - Satin',(#5416));
#5416=FILL_AREA_STYLE_COLOUR('Steel - Satin',#5417);
#5417=COLOUR_RGB('Steel - Satin',0.627450980392157,0.627450980392157,0.627450980392157);
ENDSEC;
END-ISO-10303-21;
