ISO-10303-21;
HEADER;
/* Generated by software containing ST-Developer
 * from STEP Tools, Inc. (www.steptools.com) 
 */

FILE_DESCRIPTION(
/* description */ (''),
/* implementation_level */ '2;1');

FILE_NAME(
/* name */ 'Component46.step',
/* time_stamp */ '2026-08-05T14:29:02-04:00',
/* author */ (''),
/* organization */ (''),
/* preprocessor_version */ 'ST-DEVELOPER v20.1',
/* originating_system */ 'Autodesk Translation Framework v15.8.0.0',
/* authorisation */ '');

FILE_SCHEMA (('AUTOMOTIVE_DESIGN { 1 0 10303 214 3 1 1 }'));
ENDSEC;

DATA;
#10=MECHANICAL_DESIGN_GEOMETRIC_PRESENTATION_REPRESENTATION('',(#13),#3816);
#11=SHAPE_REPRESENTATION_RELATIONSHIP('SRR','None',#3823,#12);
#12=ADVANCED_BREP_SHAPE_REPRESENTATION('',(#14),#3815);
#13=STYLED_ITEM('',(#3833),#14);
#14=MANIFOLD_SOLID_BREP('Body1',#1975);
#15=FACE_BOUND('',#357,.T.);
#16=(
BOUNDED_SURFACE()
B_SPLINE_SURFACE(1,2,((#3433,#3434,#3435,#3436,#3437),(#3438,#3439,#3440,
#3441,#3442)),.UNSPECIFIED.,.F.,.F.,.F.)
B_SPLINE_SURFACE_WITH_KNOTS((2,2),(3,2,3),(7.26481125684318,8.4),(-2.36925214709895,
-1.5707963267949,-0.772340506490838),.UNSPECIFIED.)
GEOMETRIC_REPRESENTATION_ITEM()
RATIONAL_B_SPLINE_SURFACE(((1.,0.921361385389038,1.,0.921361385389038,1.),
(1.,0.921361385389038,1.,0.921361385389038,1.)))
REPRESENTATION_ITEM('')
SURFACE()
);
#17=(
BOUNDED_SURFACE()
B_SPLINE_SURFACE(1,2,((#3555,#3556,#3557,#3558,#3559),(#3560,#3561,#3562,
#3563,#3564)),.UNSPECIFIED.,.F.,.F.,.F.)
B_SPLINE_SURFACE_WITH_KNOTS((2,2),(3,2,3),(0.,1.13518874315682),(-2.36925214709896,
-1.5707963267949,-0.772340506490839),.UNSPECIFIED.)
GEOMETRIC_REPRESENTATION_ITEM()
RATIONAL_B_SPLINE_SURFACE(((1.,0.921361385389038,1.,0.921361385389038,1.),
(1.,0.921361385389038,1.,0.921361385389038,1.)))
REPRESENTATION_ITEM('')
SURFACE()
);
#18=ELLIPSE('',#2004,1.08239220029239,1.);
#19=ELLIPSE('',#2006,3.02420380761695,2.794);
#20=ELLIPSE('',#2007,3.02420380761695,2.794);
#21=ELLIPSE('',#2008,1.08239220029239,1.);
#22=ELLIPSE('',#2013,1.08239220029239,1.);
#23=ELLIPSE('',#2014,1.08239220029239,1.);
#24=ELLIPSE('',#2017,1.08239220029239,1.);
#25=ELLIPSE('',#2018,3.02420380761695,2.794);
#26=ELLIPSE('',#2019,3.02420380761695,2.794);
#27=ELLIPSE('',#2023,6.35,5.08);
#28=ELLIPSE('',#2026,4.49012806053458,3.175);
#29=ELLIPSE('',#2027,3.4557372009981,3.175);
#30=ELLIPSE('',#2028,4.49012806053458,3.175);
#31=ELLIPSE('',#2039,6.35,5.08);
#32=ELLIPSE('',#2042,4.49012806053458,3.175);
#33=ELLIPSE('',#2043,3.4557372009981,3.175);
#34=ELLIPSE('',#2044,4.49012806053458,3.175);
#35=ELLIPSE('',#2045,1.5875,0.780146210079371);
#36=ELLIPSE('',#2046,1.5875,0.780146210079371);
#37=ELLIPSE('',#2049,6.35,5.08);
#38=ELLIPSE('',#2052,1.5875,0.780146210079371);
#39=ELLIPSE('',#2054,3.02420380761695,2.794);
#40=ELLIPSE('',#2056,6.35,5.08);
#41=ELLIPSE('',#2058,4.49012806053458,3.175);
#42=ELLIPSE('',#2059,3.4557372009981,3.175);
#43=ELLIPSE('',#2060,4.49012806053458,3.175);
#44=ELLIPSE('',#2069,1.5875,0.780146210079371);
#45=ELLIPSE('',#2071,4.49012806053458,3.175);
#46=ELLIPSE('',#2072,3.4557372009981,3.175);
#47=ELLIPSE('',#2073,4.49012806053458,3.175);
#48=ELLIPSE('',#2077,4.49012806053458,3.175);
#49=ELLIPSE('',#2078,3.47803824015781,3.175);
#50=ELLIPSE('',#2079,4.49012806053458,3.175);
#51=ELLIPSE('',#2081,4.7625,3.175);
#52=ELLIPSE('',#2084,4.49012806053458,3.175);
#53=ELLIPSE('',#2086,4.61316804858055,3.175);
#54=ELLIPSE('',#2089,4.61316804858055,3.175);
#55=ELLIPSE('',#2091,4.61316804858055,3.175);
#56=ELLIPSE('',#2095,4.61316804858054,3.175);
#57=ELLIPSE('',#2098,4.49012806053458,3.175);
#58=ELLIPSE('',#2100,4.49012806053458,3.175);
#59=ELLIPSE('',#2103,3.47803824015781,3.175);
#60=ELLIPSE('',#2104,4.49012806053458,3.175);
#61=ELLIPSE('',#2106,4.7625,3.175);
#62=ELLIPSE('',#2120,3.02420380761695,2.794);
#63=ELLIPSE('',#2123,3.02420380761695,2.794);
#64=ELLIPSE('',#2125,3.02420380761695,2.794);
#65=ELLIPSE('',#2128,3.02420380761695,2.794);
#66=ELLIPSE('',#2130,3.02420380761695,2.794);
#67=ELLIPSE('',#2137,3.02420380761695,2.794);
#68=ELLIPSE('',#2141,3.02420380761695,2.794);
#69=ELLIPSE('',#2144,3.02420380761695,2.794);
#70=ELLIPSE('',#2146,3.02420380761695,2.794);
#71=ELLIPSE('',#2149,3.02420380761695,2.794);
#72=ELLIPSE('',#2155,3.02420380761695,2.794);
#73=CYLINDRICAL_SURFACE('',#1991,1.);
#74=CYLINDRICAL_SURFACE('',#2002,1.2);
#75=CYLINDRICAL_SURFACE('',#2003,1.);
#76=CYLINDRICAL_SURFACE('',#2009,1.);
#77=CYLINDRICAL_SURFACE('',#2012,1.);
#78=CYLINDRICAL_SURFACE('',#2020,1.);
#79=CYLINDRICAL_SURFACE('',#2022,5.08);
#80=CYLINDRICAL_SURFACE('',#2025,3.175);
#81=CYLINDRICAL_SURFACE('',#2037,5.08);
#82=CYLINDRICAL_SURFACE('',#2041,3.175);
#83=CYLINDRICAL_SURFACE('',#2047,5.08);
#84=CYLINDRICAL_SURFACE('',#2053,2.794);
#85=CYLINDRICAL_SURFACE('',#2055,5.08);
#86=CYLINDRICAL_SURFACE('',#2057,3.175);
#87=CYLINDRICAL_SURFACE('',#2070,3.175);
#88=CYLINDRICAL_SURFACE('',#2076,3.175);
#89=CYLINDRICAL_SURFACE('',#2080,3.175);
#90=CYLINDRICAL_SURFACE('',#2085,3.175);
#91=CYLINDRICAL_SURFACE('',#2088,3.175);
#92=CYLINDRICAL_SURFACE('',#2090,3.175);
#93=CYLINDRICAL_SURFACE('',#2094,3.175);
#94=CYLINDRICAL_SURFACE('',#2097,3.175);
#95=CYLINDRICAL_SURFACE('',#2099,3.175);
#96=CYLINDRICAL_SURFACE('',#2102,3.175);
#97=CYLINDRICAL_SURFACE('',#2105,3.175);
#98=CYLINDRICAL_SURFACE('',#2119,2.794);
#99=CYLINDRICAL_SURFACE('',#2124,2.794);
#100=CYLINDRICAL_SURFACE('',#2129,2.794);
#101=CYLINDRICAL_SURFACE('',#2132,2.794);
#102=CYLINDRICAL_SURFACE('',#2134,2.794);
#103=CYLINDRICAL_SURFACE('',#2135,2.794);
#104=CYLINDRICAL_SURFACE('',#2136,2.794);
#105=CYLINDRICAL_SURFACE('',#2138,2.794);
#106=CYLINDRICAL_SURFACE('',#2139,2.794);
#107=CYLINDRICAL_SURFACE('',#2140,2.794);
#108=CYLINDRICAL_SURFACE('',#2145,2.794);
#109=CYLINDRICAL_SURFACE('',#2150,2.794);
#110=CYLINDRICAL_SURFACE('',#2152,2.794);
#111=CYLINDRICAL_SURFACE('',#2153,2.794);
#112=CYLINDRICAL_SURFACE('',#2154,2.794);
#113=CIRCLE('',#1990,1.);
#114=CIRCLE('',#1997,1.2);
#115=CIRCLE('',#1999,1.2);
#116=CIRCLE('',#2010,1.);
#117=CIRCLE('',#2021,1.);
#118=CIRCLE('',#2024,5.08);
#119=CIRCLE('',#2031,2.794);
#120=CIRCLE('',#2032,2.794);
#121=CIRCLE('',#2033,2.794);
#122=CIRCLE('',#2034,2.794);
#123=CIRCLE('',#2035,3.175);
#124=CIRCLE('',#2036,3.175);
#125=CIRCLE('',#2038,5.08);
#126=CIRCLE('',#2048,5.08);
#127=CIRCLE('',#2051,5.08);
#128=CIRCLE('',#2063,3.175);
#129=CIRCLE('',#2064,3.175);
#130=CIRCLE('',#2065,2.794);
#131=CIRCLE('',#2066,2.794);
#132=CIRCLE('',#2067,2.794);
#133=CIRCLE('',#2068,2.794);
#134=CIRCLE('',#2111,2.794);
#135=CIRCLE('',#2112,2.794);
#136=CIRCLE('',#2113,2.794);
#137=CIRCLE('',#2114,2.794);
#138=CIRCLE('',#2115,2.794);
#139=CIRCLE('',#2116,2.794);
#140=CIRCLE('',#2117,2.794);
#141=CIRCLE('',#2118,2.794);
#142=PLANE('',#1989);
#143=PLANE('',#1992);
#144=PLANE('',#1993);
#145=PLANE('',#1994);
#146=PLANE('',#1995);
#147=PLANE('',#1996);
#148=PLANE('',#1998);
#149=PLANE('',#2000);
#150=PLANE('',#2001);
#151=PLANE('',#2005);
#152=PLANE('',#2011);
#153=PLANE('',#2015);
#154=PLANE('',#2016);
#155=PLANE('',#2029);
#156=PLANE('',#2030);
#157=PLANE('',#2040);
#158=PLANE('',#2050);
#159=PLANE('',#2061);
#160=PLANE('',#2062);
#161=PLANE('',#2074);
#162=PLANE('',#2075);
#163=PLANE('',#2082);
#164=PLANE('',#2083);
#165=PLANE('',#2087);
#166=PLANE('',#2092);
#167=PLANE('',#2093);
#168=PLANE('',#2096);
#169=PLANE('',#2101);
#170=PLANE('',#2107);
#171=PLANE('',#2108);
#172=PLANE('',#2109);
#173=PLANE('',#2110);
#174=PLANE('',#2121);
#175=PLANE('',#2122);
#176=PLANE('',#2126);
#177=PLANE('',#2127);
#178=PLANE('',#2131);
#179=PLANE('',#2133);
#180=PLANE('',#2142);
#181=PLANE('',#2143);
#182=PLANE('',#2147);
#183=PLANE('',#2148);
#184=PLANE('',#2151);
#185=PLANE('',#2156);
#186=PLANE('',#2157);
#187=PLANE('',#2158);
#188=PLANE('',#2159);
#189=PLANE('',#2160);
#190=PLANE('',#2161);
#191=PLANE('',#2162);
#192=PLANE('',#2163);
#193=FACE_OUTER_BOUND('',#292,.T.);
#194=FACE_OUTER_BOUND('',#293,.T.);
#195=FACE_OUTER_BOUND('',#294,.T.);
#196=FACE_OUTER_BOUND('',#295,.T.);
#197=FACE_OUTER_BOUND('',#296,.T.);
#198=FACE_OUTER_BOUND('',#297,.T.);
#199=FACE_OUTER_BOUND('',#298,.T.);
#200=FACE_OUTER_BOUND('',#299,.T.);
#201=FACE_OUTER_BOUND('',#300,.T.);
#202=FACE_OUTER_BOUND('',#301,.T.);
#203=FACE_OUTER_BOUND('',#302,.T.);
#204=FACE_OUTER_BOUND('',#303,.T.);
#205=FACE_OUTER_BOUND('',#304,.T.);
#206=FACE_OUTER_BOUND('',#305,.T.);
#207=FACE_OUTER_BOUND('',#306,.T.);
#208=FACE_OUTER_BOUND('',#307,.T.);
#209=FACE_OUTER_BOUND('',#308,.T.);
#210=FACE_OUTER_BOUND('',#309,.T.);
#211=FACE_OUTER_BOUND('',#310,.T.);
#212=FACE_OUTER_BOUND('',#311,.T.);
#213=FACE_OUTER_BOUND('',#312,.T.);
#214=FACE_OUTER_BOUND('',#313,.T.);
#215=FACE_OUTER_BOUND('',#314,.T.);
#216=FACE_OUTER_BOUND('',#315,.T.);
#217=FACE_OUTER_BOUND('',#316,.T.);
#218=FACE_OUTER_BOUND('',#317,.T.);
#219=FACE_OUTER_BOUND('',#318,.T.);
#220=FACE_OUTER_BOUND('',#319,.T.);
#221=FACE_OUTER_BOUND('',#320,.T.);
#222=FACE_OUTER_BOUND('',#321,.T.);
#223=FACE_OUTER_BOUND('',#322,.T.);
#224=FACE_OUTER_BOUND('',#323,.T.);
#225=FACE_OUTER_BOUND('',#324,.T.);
#226=FACE_OUTER_BOUND('',#325,.T.);
#227=FACE_OUTER_BOUND('',#326,.T.);
#228=FACE_OUTER_BOUND('',#327,.T.);
#229=FACE_OUTER_BOUND('',#328,.T.);
#230=FACE_OUTER_BOUND('',#329,.T.);
#231=FACE_OUTER_BOUND('',#330,.T.);
#232=FACE_OUTER_BOUND('',#331,.T.);
#233=FACE_OUTER_BOUND('',#332,.T.);
#234=FACE_OUTER_BOUND('',#333,.T.);
#235=FACE_OUTER_BOUND('',#334,.T.);
#236=FACE_OUTER_BOUND('',#335,.T.);
#237=FACE_OUTER_BOUND('',#336,.T.);
#238=FACE_OUTER_BOUND('',#337,.T.);
#239=FACE_OUTER_BOUND('',#338,.T.);
#240=FACE_OUTER_BOUND('',#339,.T.);
#241=FACE_OUTER_BOUND('',#340,.T.);
#242=FACE_OUTER_BOUND('',#341,.T.);
#243=FACE_OUTER_BOUND('',#342,.T.);
#244=FACE_OUTER_BOUND('',#343,.T.);
#245=FACE_OUTER_BOUND('',#344,.T.);
#246=FACE_OUTER_BOUND('',#345,.T.);
#247=FACE_OUTER_BOUND('',#346,.T.);
#248=FACE_OUTER_BOUND('',#347,.T.);
#249=FACE_OUTER_BOUND('',#348,.T.);
#250=FACE_OUTER_BOUND('',#349,.T.);
#251=FACE_OUTER_BOUND('',#350,.T.);
#252=FACE_OUTER_BOUND('',#351,.T.);
#253=FACE_OUTER_BOUND('',#352,.T.);
#254=FACE_OUTER_BOUND('',#353,.T.);
#255=FACE_OUTER_BOUND('',#354,.T.);
#256=FACE_OUTER_BOUND('',#355,.T.);
#257=FACE_OUTER_BOUND('',#356,.T.);
#258=FACE_OUTER_BOUND('',#358,.T.);
#259=FACE_OUTER_BOUND('',#359,.T.);
#260=FACE_OUTER_BOUND('',#360,.T.);
#261=FACE_OUTER_BOUND('',#361,.T.);
#262=FACE_OUTER_BOUND('',#362,.T.);
#263=FACE_OUTER_BOUND('',#363,.T.);
#264=FACE_OUTER_BOUND('',#364,.T.);
#265=FACE_OUTER_BOUND('',#365,.T.);
#266=FACE_OUTER_BOUND('',#366,.T.);
#267=FACE_OUTER_BOUND('',#367,.T.);
#268=FACE_OUTER_BOUND('',#368,.T.);
#269=FACE_OUTER_BOUND('',#369,.T.);
#270=FACE_OUTER_BOUND('',#370,.T.);
#271=FACE_OUTER_BOUND('',#371,.T.);
#272=FACE_OUTER_BOUND('',#372,.T.);
#273=FACE_OUTER_BOUND('',#373,.T.);
#274=FACE_OUTER_BOUND('',#374,.T.);
#275=FACE_OUTER_BOUND('',#375,.T.);
#276=FACE_OUTER_BOUND('',#376,.T.);
#277=FACE_OUTER_BOUND('',#377,.T.);
#278=FACE_OUTER_BOUND('',#378,.T.);
#279=FACE_OUTER_BOUND('',#379,.T.);
#280=FACE_OUTER_BOUND('',#380,.T.);
#281=FACE_OUTER_BOUND('',#381,.T.);
#282=FACE_OUTER_BOUND('',#382,.T.);
#283=FACE_OUTER_BOUND('',#383,.T.);
#284=FACE_OUTER_BOUND('',#384,.T.);
#285=FACE_OUTER_BOUND('',#385,.T.);
#286=FACE_OUTER_BOUND('',#386,.T.);
#287=FACE_OUTER_BOUND('',#387,.T.);
#288=FACE_OUTER_BOUND('',#388,.T.);
#289=FACE_OUTER_BOUND('',#389,.T.);
#290=FACE_OUTER_BOUND('',#390,.T.);
#291=FACE_OUTER_BOUND('',#391,.T.);
#292=EDGE_LOOP('',(#1278,#1279,#1280,#1281));
#293=EDGE_LOOP('',(#1282,#1283,#1284,#1285,#1286,#1287,#1288,#1289));
#294=EDGE_LOOP('',(#1290,#1291,#1292,#1293,#1294));
#295=EDGE_LOOP('',(#1295,#1296,#1297,#1298));
#296=EDGE_LOOP('',(#1299,#1300,#1301,#1302));
#297=EDGE_LOOP('',(#1303,#1304,#1305,#1306,#1307,#1308,#1309,#1310));
#298=EDGE_LOOP('',(#1311,#1312,#1313,#1314));
#299=EDGE_LOOP('',(#1315,#1316,#1317,#1318,#1319,#1320,#1321));
#300=EDGE_LOOP('',(#1322,#1323,#1324,#1325));
#301=EDGE_LOOP('',(#1326,#1327,#1328,#1329,#1330,#1331));
#302=EDGE_LOOP('',(#1332,#1333,#1334,#1335));
#303=EDGE_LOOP('',(#1336,#1337,#1338,#1339,#1340,#1341,#1342));
#304=EDGE_LOOP('',(#1343,#1344,#1345,#1346,#1347,#1348,#1349,#1350,#1351,
#1352,#1353,#1354));
#305=EDGE_LOOP('',(#1355,#1356,#1357,#1358,#1359,#1360,#1361,#1362,#1363,
#1364,#1365,#1366));
#306=EDGE_LOOP('',(#1367,#1368,#1369,#1370,#1371,#1372,#1373));
#307=EDGE_LOOP('',(#1374,#1375,#1376,#1377));
#308=EDGE_LOOP('',(#1378,#1379,#1380,#1381,#1382,#1383));
#309=EDGE_LOOP('',(#1384,#1385,#1386,#1387,#1388));
#310=EDGE_LOOP('',(#1389,#1390,#1391,#1392,#1393,#1394,#1395,#1396));
#311=EDGE_LOOP('',(#1397,#1398,#1399,#1400));
#312=EDGE_LOOP('',(#1401,#1402,#1403,#1404,#1405,#1406,#1407,#1408));
#313=EDGE_LOOP('',(#1409,#1410,#1411,#1412,#1413,#1414));
#314=EDGE_LOOP('',(#1415,#1416,#1417,#1418));
#315=EDGE_LOOP('',(#1419,#1420,#1421,#1422,#1423,#1424,#1425,#1426));
#316=EDGE_LOOP('',(#1427,#1428,#1429,#1430));
#317=EDGE_LOOP('',(#1431,#1432,#1433,#1434,#1435,#1436));
#318=EDGE_LOOP('',(#1437,#1438,#1439,#1440,#1441,#1442,#1443));
#319=EDGE_LOOP('',(#1444,#1445,#1446,#1447,#1448));
#320=EDGE_LOOP('',(#1449,#1450,#1451,#1452,#1453,#1454,#1455,#1456,#1457,
#1458,#1459,#1460,#1461,#1462));
#321=EDGE_LOOP('',(#1463,#1464,#1465,#1466,#1467,#1468));
#322=EDGE_LOOP('',(#1469,#1470,#1471,#1472,#1473));
#323=EDGE_LOOP('',(#1474,#1475,#1476,#1477,#1478,#1479,#1480));
#324=EDGE_LOOP('',(#1481,#1482,#1483,#1484,#1485,#1486));
#325=EDGE_LOOP('',(#1487,#1488,#1489,#1490,#1491,#1492));
#326=EDGE_LOOP('',(#1493,#1494,#1495,#1496,#1497,#1498,#1499,#1500,#1501,
#1502,#1503,#1504,#1505,#1506));
#327=EDGE_LOOP('',(#1507,#1508,#1509,#1510,#1511));
#328=EDGE_LOOP('',(#1512,#1513,#1514,#1515,#1516,#1517));
#329=EDGE_LOOP('',(#1518,#1519,#1520,#1521,#1522,#1523,#1524));
#330=EDGE_LOOP('',(#1525,#1526,#1527,#1528,#1529));
#331=EDGE_LOOP('',(#1530,#1531,#1532,#1533,#1534,#1535,#1536,#1537,#1538,
#1539,#1540,#1541,#1542,#1543));
#332=EDGE_LOOP('',(#1544,#1545,#1546,#1547,#1548,#1549));
#333=EDGE_LOOP('',(#1550,#1551,#1552,#1553,#1554,#1555,#1556));
#334=EDGE_LOOP('',(#1557,#1558,#1559,#1560));
#335=EDGE_LOOP('',(#1561,#1562,#1563,#1564));
#336=EDGE_LOOP('',(#1565,#1566,#1567,#1568,#1569,#1570));
#337=EDGE_LOOP('',(#1571,#1572,#1573,#1574));
#338=EDGE_LOOP('',(#1575,#1576,#1577,#1578));
#339=EDGE_LOOP('',(#1579,#1580,#1581,#1582,#1583,#1584));
#340=EDGE_LOOP('',(#1585,#1586,#1587,#1588));
#341=EDGE_LOOP('',(#1589,#1590,#1591,#1592,#1593,#1594));
#342=EDGE_LOOP('',(#1595,#1596,#1597,#1598));
#343=EDGE_LOOP('',(#1599,#1600,#1601,#1602));
#344=EDGE_LOOP('',(#1603,#1604,#1605,#1606,#1607));
#345=EDGE_LOOP('',(#1608,#1609,#1610,#1611,#1612,#1613));
#346=EDGE_LOOP('',(#1614,#1615,#1616,#1617));
#347=EDGE_LOOP('',(#1618,#1619,#1620,#1621,#1622,#1623));
#348=EDGE_LOOP('',(#1624,#1625,#1626,#1627));
#349=EDGE_LOOP('',(#1628,#1629,#1630,#1631));
#350=EDGE_LOOP('',(#1632,#1633,#1634,#1635,#1636,#1637));
#351=EDGE_LOOP('',(#1638,#1639,#1640,#1641,#1642,#1643));
#352=EDGE_LOOP('',(#1644,#1645,#1646,#1647));
#353=EDGE_LOOP('',(#1648,#1649,#1650,#1651,#1652,#1653));
#354=EDGE_LOOP('',(#1654,#1655,#1656,#1657,#1658,#1659));
#355=EDGE_LOOP('',(#1660,#1661,#1662,#1663,#1664,#1665));
#356=EDGE_LOOP('',(#1666,#1667,#1668,#1669,#1670,#1671,#1672,#1673,#1674,
#1675,#1676,#1677,#1678,#1679,#1680,#1681,#1682,#1683,#1684,#1685));
#357=EDGE_LOOP('',(#1686,#1687,#1688,#1689,#1690,#1691,#1692,#1693,#1694,
#1695,#1696,#1697,#1698,#1699));
#358=EDGE_LOOP('',(#1700,#1701,#1702,#1703,#1704));
#359=EDGE_LOOP('',(#1705,#1706,#1707,#1708,#1709,#1710,#1711,#1712,#1713,
#1714,#1715,#1716,#1717,#1718));
#360=EDGE_LOOP('',(#1719,#1720,#1721,#1722,#1723,#1724,#1725));
#361=EDGE_LOOP('',(#1726,#1727,#1728,#1729,#1730));
#362=EDGE_LOOP('',(#1731,#1732,#1733,#1734));
#363=EDGE_LOOP('',(#1735,#1736,#1737,#1738,#1739,#1740));
#364=EDGE_LOOP('',(#1741,#1742,#1743,#1744));
#365=EDGE_LOOP('',(#1745,#1746,#1747,#1748));
#366=EDGE_LOOP('',(#1749,#1750,#1751,#1752));
#367=EDGE_LOOP('',(#1753,#1754,#1755,#1756));
#368=EDGE_LOOP('',(#1757,#1758,#1759,#1760));
#369=EDGE_LOOP('',(#1761,#1762,#1763,#1764));
#370=EDGE_LOOP('',(#1765,#1766,#1767,#1768));
#371=EDGE_LOOP('',(#1769,#1770,#1771,#1772));
#372=EDGE_LOOP('',(#1773,#1774,#1775,#1776));
#373=EDGE_LOOP('',(#1777,#1778,#1779,#1780,#1781));
#374=EDGE_LOOP('',(#1782,#1783,#1784,#1785,#1786,#1787));
#375=EDGE_LOOP('',(#1788,#1789,#1790,#1791,#1792,#1793));
#376=EDGE_LOOP('',(#1794,#1795,#1796,#1797));
#377=EDGE_LOOP('',(#1798,#1799,#1800,#1801));
#378=EDGE_LOOP('',(#1802,#1803,#1804,#1805,#1806,#1807));
#379=EDGE_LOOP('',(#1808,#1809,#1810,#1811));
#380=EDGE_LOOP('',(#1812,#1813,#1814,#1815,#1816,#1817,#1818,#1819,#1820,
#1821,#1822,#1823));
#381=EDGE_LOOP('',(#1824,#1825,#1826,#1827));
#382=EDGE_LOOP('',(#1828,#1829,#1830,#1831));
#383=EDGE_LOOP('',(#1832,#1833,#1834,#1835));
#384=EDGE_LOOP('',(#1836,#1837,#1838,#1839,#1840,#1841));
#385=EDGE_LOOP('',(#1842,#1843,#1844,#1845));
#386=EDGE_LOOP('',(#1846,#1847,#1848,#1849));
#387=EDGE_LOOP('',(#1850,#1851,#1852,#1853));
#388=EDGE_LOOP('',(#1854,#1855,#1856,#1857));
#389=EDGE_LOOP('',(#1858,#1859,#1860,#1861));
#390=EDGE_LOOP('',(#1862,#1863,#1864,#1865));
#391=EDGE_LOOP('',(#1866,#1867,#1868,#1869));
#392=LINE('',#2744,#572);
#393=LINE('',#2765,#573);
#394=LINE('',#2767,#574);
#395=LINE('',#2784,#575);
#396=LINE('',#2786,#576);
#397=LINE('',#2788,#577);
#398=LINE('',#2856,#578);
#399=LINE('',#2944,#579);
#400=LINE('',#2958,#580);
#401=LINE('',#2959,#581);
#402=LINE('',#2962,#582);
#403=LINE('',#2964,#583);
#404=LINE('',#2966,#584);
#405=LINE('',#2968,#585);
#406=LINE('',#3010,#586);
#407=LINE('',#3033,#587);
#408=LINE('',#3035,#588);
#409=LINE('',#3037,#589);
#410=LINE('',#3038,#590);
#411=LINE('',#3111,#591);
#412=LINE('',#3119,#592);
#413=LINE('',#3120,#593);
#414=LINE('',#3162,#594);
#415=LINE('',#3211,#595);
#416=LINE('',#3212,#596);
#417=LINE('',#3217,#597);
#418=LINE('',#3219,#598);
#419=LINE('',#3221,#599);
#420=LINE('',#3222,#600);
#421=LINE('',#3224,#601);
#422=LINE('',#3226,#602);
#423=LINE('',#3228,#603);
#424=LINE('',#3230,#604);
#425=LINE('',#3232,#605);
#426=LINE('',#3235,#606);
#427=LINE('',#3246,#607);
#428=LINE('',#3257,#608);
#429=LINE('',#3258,#609);
#430=LINE('',#3261,#610);
#431=LINE('',#3263,#611);
#432=LINE('',#3267,#612);
#433=LINE('',#3273,#613);
#434=LINE('',#3277,#614);
#435=LINE('',#3279,#615);
#436=LINE('',#3281,#616);
#437=LINE('',#3283,#617);
#438=LINE('',#3285,#618);
#439=LINE('',#3286,#619);
#440=LINE('',#3291,#620);
#441=LINE('',#3295,#621);
#442=LINE('',#3297,#622);
#443=LINE('',#3298,#623);
#444=LINE('',#3305,#624);
#445=LINE('',#3308,#625);
#446=LINE('',#3312,#626);
#447=LINE('',#3323,#627);
#448=LINE('',#3336,#628);
#449=LINE('',#3340,#629);
#450=LINE('',#3348,#630);
#451=LINE('',#3357,#631);
#452=LINE('',#3359,#632);
#453=LINE('',#3360,#633);
#454=LINE('',#3365,#634);
#455=LINE('',#3369,#635);
#456=LINE('',#3373,#636);
#457=LINE('',#3377,#637);
#458=LINE('',#3379,#638);
#459=LINE('',#3383,#639);
#460=LINE('',#3390,#640);
#461=LINE('',#3403,#641);
#462=LINE('',#3412,#642);
#463=LINE('',#3414,#643);
#464=LINE('',#3416,#644);
#465=LINE('',#3417,#645);
#466=LINE('',#3427,#646);
#467=LINE('',#3450,#647);
#468=LINE('',#3469,#648);
#469=LINE('',#3471,#649);
#470=LINE('',#3473,#650);
#471=LINE('',#3475,#651);
#472=LINE('',#3477,#652);
#473=LINE('',#3479,#653);
#474=LINE('',#3480,#654);
#475=LINE('',#3482,#655);
#476=LINE('',#3484,#656);
#477=LINE('',#3486,#657);
#478=LINE('',#3492,#658);
#479=LINE('',#3503,#659);
#480=LINE('',#3515,#660);
#481=LINE('',#3518,#661);
#482=LINE('',#3526,#662);
#483=LINE('',#3535,#663);
#484=LINE('',#3537,#664);
#485=LINE('',#3538,#665);
#486=LINE('',#3543,#666);
#487=LINE('',#3548,#667);
#488=LINE('',#3553,#668);
#489=LINE('',#3575,#669);
#490=LINE('',#3582,#670);
#491=LINE('',#3584,#671);
#492=LINE('',#3586,#672);
#493=LINE('',#3589,#673);
#494=LINE('',#3591,#674);
#495=LINE('',#3599,#675);
#496=LINE('',#3602,#676);
#497=LINE('',#3605,#677);
#498=LINE('',#3606,#678);
#499=LINE('',#3609,#679);
#500=LINE('',#3611,#680);
#501=LINE('',#3617,#681);
#502=LINE('',#3618,#682);
#503=LINE('',#3621,#683);
#504=LINE('',#3622,#684);
#505=LINE('',#3626,#685);
#506=LINE('',#3629,#686);
#507=LINE('',#3632,#687);
#508=LINE('',#3634,#688);
#509=LINE('',#3636,#689);
#510=LINE('',#3639,#690);
#511=LINE('',#3642,#691);
#512=LINE('',#3644,#692);
#513=LINE('',#3648,#693);
#514=LINE('',#3652,#694);
#515=LINE('',#3655,#695);
#516=LINE('',#3657,#696);
#517=LINE('',#3658,#697);
#518=LINE('',#3666,#698);
#519=LINE('',#3668,#699);
#520=LINE('',#3670,#700);
#521=LINE('',#3672,#701);
#522=LINE('',#3677,#702);
#523=LINE('',#3682,#703);
#524=LINE('',#3686,#704);
#525=LINE('',#3690,#705);
#526=LINE('',#3694,#706);
#527=LINE('',#3698,#707);
#528=LINE('',#3702,#708);
#529=LINE('',#3705,#709);
#530=LINE('',#3707,#710);
#531=LINE('',#3708,#711);
#532=LINE('',#3710,#712);
#533=LINE('',#3712,#713);
#534=LINE('',#3714,#714);
#535=LINE('',#3716,#715);
#536=LINE('',#3717,#716);
#537=LINE('',#3720,#717);
#538=LINE('',#3725,#718);
#539=LINE('',#3728,#719);
#540=LINE('',#3729,#720);
#541=LINE('',#3732,#721);
#542=LINE('',#3734,#722);
#543=LINE('',#3738,#723);
#544=LINE('',#3742,#724);
#545=LINE('',#3743,#725);
#546=LINE('',#3745,#726);
#547=LINE('',#3747,#727);
#548=LINE('',#3750,#728);
#549=LINE('',#3753,#729);
#550=LINE('',#3756,#730);
#551=LINE('',#3758,#731);
#552=LINE('',#3762,#732);
#553=LINE('',#3764,#733);
#554=LINE('',#3765,#734);
#555=LINE('',#3768,#735);
#556=LINE('',#3772,#736);
#557=LINE('',#3773,#737);
#558=LINE('',#3777,#738);
#559=LINE('',#3780,#739);
#560=LINE('',#3781,#740);
#561=LINE('',#3784,#741);
#562=LINE('',#3786,#742);
#563=LINE('',#3789,#743);
#564=LINE('',#3791,#744);
#565=LINE('',#3792,#745);
#566=LINE('',#3793,#746);
#567=LINE('',#3795,#747);
#568=LINE('',#3797,#748);
#569=LINE('',#3798,#749);
#570=LINE('',#3800,#750);
#571=LINE('',#3805,#751);
#572=VECTOR('',#2166,10.);
#573=VECTOR('',#2169,10.);
#574=VECTOR('',#2170,10.);
#575=VECTOR('',#2171,10.);
#576=VECTOR('',#2172,10.);
#577=VECTOR('',#2173,10.);
#578=VECTOR('',#2174,10.);
#579=VECTOR('',#2175,10.);
#580=VECTOR('',#2180,1.);
#581=VECTOR('',#2181,1.);
#582=VECTOR('',#2184,10.);
#583=VECTOR('',#2185,10.);
#584=VECTOR('',#2186,10.);
#585=VECTOR('',#2187,10.);
#586=VECTOR('',#2188,10.);
#587=VECTOR('',#2191,10.);
#588=VECTOR('',#2192,10.);
#589=VECTOR('',#2193,10.);
#590=VECTOR('',#2194,10.);
#591=VECTOR('',#2195,10.);
#592=VECTOR('',#2198,10.);
#593=VECTOR('',#2199,10.);
#594=VECTOR('',#2200,10.);
#595=VECTOR('',#2203,10.);
#596=VECTOR('',#2204,10.);
#597=VECTOR('',#2209,1.);
#598=VECTOR('',#2210,10.);
#599=VECTOR('',#2211,1.);
#600=VECTOR('',#2212,10.);
#601=VECTOR('',#2215,10.);
#602=VECTOR('',#2216,10.);
#603=VECTOR('',#2217,1.);
#604=VECTOR('',#2218,10.);
#605=VECTOR('',#2219,10.);
#606=VECTOR('',#2224,10.);
#607=VECTOR('',#2229,10.);
#608=VECTOR('',#2234,10.);
#609=VECTOR('',#2235,10.);
#610=VECTOR('',#2238,10.);
#611=VECTOR('',#2239,10.);
#612=VECTOR('',#2242,10.);
#613=VECTOR('',#2249,1.);
#614=VECTOR('',#2254,10.);
#615=VECTOR('',#2255,10.);
#616=VECTOR('',#2256,10.);
#617=VECTOR('',#2257,10.);
#618=VECTOR('',#2258,10.);
#619=VECTOR('',#2259,10.);
#620=VECTOR('',#2264,1.);
#621=VECTOR('',#2269,10.);
#622=VECTOR('',#2270,10.);
#623=VECTOR('',#2271,10.);
#624=VECTOR('',#2278,10.);
#625=VECTOR('',#2281,10.);
#626=VECTOR('',#2286,1.);
#627=VECTOR('',#2289,10.);
#628=VECTOR('',#2292,10.);
#629=VECTOR('',#2297,10.);
#630=VECTOR('',#2304,10.);
#631=VECTOR('',#2307,10.);
#632=VECTOR('',#2308,10.);
#633=VECTOR('',#2309,10.);
#634=VECTOR('',#2314,10.);
#635=VECTOR('',#2317,10.);
#636=VECTOR('',#2320,10.);
#637=VECTOR('',#2323,10.);
#638=VECTOR('',#2324,10.);
#639=VECTOR('',#2327,10.);
#640=VECTOR('',#2334,10.);
#641=VECTOR('',#2337,10.);
#642=VECTOR('',#2340,10.);
#643=VECTOR('',#2341,10.);
#644=VECTOR('',#2342,10.);
#645=VECTOR('',#2343,10.);
#646=VECTOR('',#2346,10.);
#647=VECTOR('',#2361,10.);
#648=VECTOR('',#2366,10.);
#649=VECTOR('',#2367,10.);
#650=VECTOR('',#2368,10.);
#651=VECTOR('',#2369,10.);
#652=VECTOR('',#2370,10.);
#653=VECTOR('',#2371,10.);
#654=VECTOR('',#2372,10.);
#655=VECTOR('',#2373,10.);
#656=VECTOR('',#2374,10.);
#657=VECTOR('',#2375,10.);
#658=VECTOR('',#2382,10.);
#659=VECTOR('',#2387,10.);
#660=VECTOR('',#2390,10.);
#661=VECTOR('',#2393,10.);
#662=VECTOR('',#2400,10.);
#663=VECTOR('',#2403,10.);
#664=VECTOR('',#2404,10.);
#665=VECTOR('',#2405,10.);
#666=VECTOR('',#2410,10.);
#667=VECTOR('',#2415,10.);
#668=VECTOR('',#2420,10.);
#669=VECTOR('',#2427,10.);
#670=VECTOR('',#2434,10.);
#671=VECTOR('',#2437,10.);
#672=VECTOR('',#2440,10.);
#673=VECTOR('',#2443,10.);
#674=VECTOR('',#2444,10.);
#675=VECTOR('',#2453,10.);
#676=VECTOR('',#2456,10.);
#677=VECTOR('',#2459,10.);
#678=VECTOR('',#2460,10.);
#679=VECTOR('',#2463,10.);
#680=VECTOR('',#2464,10.);
#681=VECTOR('',#2471,10.);
#682=VECTOR('',#2472,10.);
#683=VECTOR('',#2475,10.);
#684=VECTOR('',#2476,10.);
#685=VECTOR('',#2481,10.);
#686=VECTOR('',#2484,10.);
#687=VECTOR('',#2487,10.);
#688=VECTOR('',#2490,10.);
#689=VECTOR('',#2493,10.);
#690=VECTOR('',#2496,10.);
#691=VECTOR('',#2499,10.);
#692=VECTOR('',#2502,10.);
#693=VECTOR('',#2507,10.);
#694=VECTOR('',#2512,10.);
#695=VECTOR('',#2515,10.);
#696=VECTOR('',#2516,10.);
#697=VECTOR('',#2517,10.);
#698=VECTOR('',#2528,10.);
#699=VECTOR('',#2531,10.);
#700=VECTOR('',#2534,10.);
#701=VECTOR('',#2537,10.);
#702=VECTOR('',#2542,10.);
#703=VECTOR('',#2547,10.);
#704=VECTOR('',#2550,10.);
#705=VECTOR('',#2553,10.);
#706=VECTOR('',#2556,10.);
#707=VECTOR('',#2559,10.);
#708=VECTOR('',#2564,10.);
#709=VECTOR('',#2567,10.);
#710=VECTOR('',#2570,10.);
#711=VECTOR('',#2571,10.);
#712=VECTOR('',#2572,10.);
#713=VECTOR('',#2573,10.);
#714=VECTOR('',#2574,10.);
#715=VECTOR('',#2575,10.);
#716=VECTOR('',#2576,10.);
#717=VECTOR('',#2579,10.);
#718=VECTOR('',#2586,10.);
#719=VECTOR('',#2589,10.);
#720=VECTOR('',#2590,10.);
#721=VECTOR('',#2593,10.);
#722=VECTOR('',#2594,10.);
#723=VECTOR('',#2599,10.);
#724=VECTOR('',#2604,10.);
#725=VECTOR('',#2605,10.);
#726=VECTOR('',#2608,10.);
#727=VECTOR('',#2611,10.);
#728=VECTOR('',#2616,10.);
#729=VECTOR('',#2619,10.);
#730=VECTOR('',#2624,10.);
#731=VECTOR('',#2627,10.);
#732=VECTOR('',#2632,10.);
#733=VECTOR('',#2635,10.);
#734=VECTOR('',#2636,10.);
#735=VECTOR('',#2639,10.);
#736=VECTOR('',#2642,10.);
#737=VECTOR('',#2643,10.);
#738=VECTOR('',#2648,10.);
#739=VECTOR('',#2651,10.);
#740=VECTOR('',#2652,10.);
#741=VECTOR('',#2655,10.);
#742=VECTOR('',#2656,10.);
#743=VECTOR('',#2661,10.);
#744=VECTOR('',#2664,10.);
#745=VECTOR('',#2665,10.);
#746=VECTOR('',#2666,10.);
#747=VECTOR('',#2667,10.);
#748=VECTOR('',#2668,10.);
#749=VECTOR('',#2669,10.);
#750=VECTOR('',#2672,10.);
#751=VECTOR('',#2681,10.);
#752=B_SPLINE_CURVE_WITH_KNOTS('',3,(#2729,#2730,#2731,#2732,#2733,#2734,
#2735,#2736,#2737,#2738,#2739,#2740,#2741,#2742),.UNSPECIFIED.,.F.,.F.,
(4,2,2,2,2,2,4),(0.,0.0369965635765838,0.0703946478246215,0.0913487932196387,
0.115022097465685,0.119039866126773,0.119627553312781),.UNSPECIFIED.);
#753=B_SPLINE_CURVE_WITH_KNOTS('',3,(#2746,#2747,#2748,#2749,#2750,#2751,
#2752,#2753,#2754,#2755,#2756,#2757),.UNSPECIFIED.,.F.,.F.,(4,2,2,2,2,4),
(0.,0.0147657119597102,0.0357296492170628,0.0553291311178771,0.0654833606562029,
0.0758204794916663),.UNSPECIFIED.);
#754=B_SPLINE_CURVE_WITH_KNOTS('',3,(#2758,#2759,#2760,#2761,#2762),
 .UNSPECIFIED.,.F.,.F.,(4,1,4),(-0.0974783267206898,-0.0248927624527646,
-0.0122339318474391),.UNSPECIFIED.);
#755=B_SPLINE_CURVE_WITH_KNOTS('',3,(#2769,#2770,#2771,#2772,#2773,#2774,
#2775,#2776,#2777,#2778,#2779,#2780,#2781,#2782),.UNSPECIFIED.,.F.,.F.,
(4,2,2,2,2,2,4),(0.,0.0339737590500736,0.0489908399831319,0.071714033125204,
0.0969533352141964,0.120401513900138,0.144432770313394),.UNSPECIFIED.);
#756=B_SPLINE_CURVE_WITH_KNOTS('',3,(#2789,#2790,#2791,#2792,#2793,#2794,
#2795,#2796),.UNSPECIFIED.,.F.,.F.,(4,2,2,4),(0.,0.0307043575591965,0.0646033280079344,
0.145037076598259),.UNSPECIFIED.);
#757=B_SPLINE_CURVE_WITH_KNOTS('',3,(#2841,#2842,#2843,#2844,#2845,#2846,
#2847,#2848,#2849,#2850,#2851,#2852,#2853,#2854),.UNSPECIFIED.,.F.,.F.,
(4,2,2,2,2,2,4),(0.,0.0320212851050968,0.061983997996891,0.0768669064341733,
0.0840237004470242,0.0941259983652498,0.0948577189221311),.UNSPECIFIED.);
#758=B_SPLINE_CURVE_WITH_KNOTS('',3,(#2858,#2859,#2860,#2861,#2862,#2863),
 .UNSPECIFIED.,.F.,.F.,(4,2,4),(0.,0.0335558724707544,0.0394210964638879),
 .UNSPECIFIED.);
#759=B_SPLINE_CURVE_WITH_KNOTS('',3,(#2865,#2866,#2867,#2868,#2869,#2870,
#2871,#2872,#2873,#2874),.UNSPECIFIED.,.F.,.F.,(4,2,2,2,4),(0.,0.0458991575267367,
0.0726955683868331,0.102995616909798,0.103468870865752),.UNSPECIFIED.);
#760=B_SPLINE_CURVE_WITH_KNOTS('',3,(#2875,#2876,#2877,#2878,#2879,#2880),
 .UNSPECIFIED.,.F.,.F.,(4,1,1,4),(0.129038497333972,0.237616720988964,0.310002203425625,
0.319060691018968),.UNSPECIFIED.);
#761=B_SPLINE_CURVE_WITH_KNOTS('',3,(#2933,#2934,#2935,#2936,#2937,#2938,
#2939,#2940,#2941,#2942),.UNSPECIFIED.,.F.,.F.,(4,2,2,2,4),(0.,0.030656110054197,
0.0661508559982032,0.0896867435567916,0.1481122827295),.UNSPECIFIED.);
#762=B_SPLINE_CURVE_WITH_KNOTS('',3,(#2947,#2948,#2949,#2950,#2951,#2952,
#2953,#2954,#2955,#2956),.UNSPECIFIED.,.F.,.F.,(4,1,1,1,1,1,1,4),(-0.063041709414481,
-0.0233488467375067,0.0163440159394676,0.0957297412934162,0.108960695519074,
0.115576172631903,0.118883911188318,0.122191649744732),.UNSPECIFIED.);
#763=B_SPLINE_CURVE_WITH_KNOTS('',3,(#2969,#2970,#2971,#2972,#2973,#2974,
#2975,#2976,#2977,#2978),.UNSPECIFIED.,.F.,.F.,(4,2,2,2,4),(0.,0.0310870129709289,
0.0618323990631449,0.0981605307062638,0.134331973318374),.UNSPECIFIED.);
#764=B_SPLINE_CURVE_WITH_KNOTS('',3,(#3012,#3013,#3014,#3015,#3016,#3017,
#3018,#3019,#3020,#3021,#3022,#3023,#3024,#3025),.UNSPECIFIED.,.F.,.F.,
(4,2,2,2,2,2,4),(-0.000227983351813769,0.,0.00314353198399928,0.00537020441759821,
0.0100005556869643,0.0193252508308853,0.0292905584492886),.UNSPECIFIED.);
#765=B_SPLINE_CURVE_WITH_KNOTS('',3,(#3026,#3027,#3028,#3029,#3030),
 .UNSPECIFIED.,.F.,.F.,(4,1,4),(0.414467288534253,0.438866746079372,0.554879358524845),
 .UNSPECIFIED.);
#766=B_SPLINE_CURVE_WITH_KNOTS('',3,(#3075,#3076,#3077,#3078,#3079,#3080,
#3081,#3082,#3083,#3084,#3085,#3086,#3087,#3088,#3089,#3090,#3091,#3092,
#3093,#3094,#3095,#3096,#3097,#3098,#3099,#3100,#3101,#3102,#3103,#3104,
#3105,#3106,#3107,#3108,#3109,#3110),.UNSPECIFIED.,.F.,.F.,(4,2,2,2,2,2,
2,2,2,2,2,2,2,2,2,2,2,4),(0.,0.0367135149673545,0.0698328525235177,0.0890496271624849,
0.0986498969108797,0.103105419060522,0.10646191465723,0.106977468438832,
0.107016465712037,0.107040427516524,0.107059971197234,0.107076012460591,
0.107089335034934,0.107100681310141,0.107114828867308,0.116130382775639,
0.120772452808192,0.121463384286443),.UNSPECIFIED.);
#767=B_SPLINE_CURVE_WITH_KNOTS('',3,(#3112,#3113,#3114,#3115,#3116),
 .UNSPECIFIED.,.F.,.F.,(4,1,4),(0.286464775331195,0.384374212423055,0.432261059415523),
 .UNSPECIFIED.);
#768=B_SPLINE_CURVE_WITH_KNOTS('',3,(#3164,#3165,#3166,#3167,#3168,#3169,
#3170,#3171,#3172,#3173,#3174,#3175,#3176,#3177,#3178,#3179,#3180,#3181,
#3182,#3183,#3184,#3185,#3186,#3187,#3188,#3189,#3190,#3191,#3192,#3193,
#3194,#3195,#3196,#3197,#3198,#3199,#3200,#3201),.UNSPECIFIED.,.F.,.F.,
(4,2,2,2,2,2,2,2,2,2,2,2,2,2,2,2,2,2,4),(-1.80414231610951E-5,0.,0.00012216301628938,
0.00016968328552871,0.00017420395810964,0.000176160802974612,0.000178610213623833,
0.000181483568053021,0.000184942264279166,0.000189155134561068,0.000194319494369526,
0.000202797997103419,0.000315892318470966,0.00103963241224376,0.00200872331141087,
0.00409707163875398,0.00827801800305177,0.0154732230398846,0.0234496562347201),
 .UNSPECIFIED.);
#769=B_SPLINE_CURVE_WITH_KNOTS('',3,(#3202,#3203,#3204,#3205,#3206,#3207,
#3208),.UNSPECIFIED.,.F.,.F.,(4,1,1,1,4),(0.335082494364035,0.350179216881197,
0.415681423365648,0.448432526607874,0.481183629850099),.UNSPECIFIED.);
#770=B_SPLINE_CURVE_WITH_KNOTS('',3,(#3239,#3240,#3241,#3242,#3243,#3244),
 .UNSPECIFIED.,.F.,.F.,(4,2,4),(0.158791500342386,0.200012695760831,0.249276213950468),
 .UNSPECIFIED.);
#771=B_SPLINE_CURVE_WITH_KNOTS('',3,(#3247,#3248,#3249,#3250,#3251,#3252),
 .UNSPECIFIED.,.F.,.F.,(4,2,4),(0.716087440576913,0.762648512488228,0.791070118010257),
 .UNSPECIFIED.);
#772=B_SPLINE_CURVE_WITH_KNOTS('',3,(#3316,#3317,#3318,#3319,#3320,#3321),
 .UNSPECIFIED.,.F.,.F.,(4,2,4),(0.477470991113472,0.584282622436901,0.631467913606855),
 .UNSPECIFIED.);
#773=B_SPLINE_CURVE_WITH_KNOTS('',3,(#3327,#3328,#3329,#3330,#3331,#3332,
#3333,#3334),.UNSPECIFIED.,.F.,.F.,(4,2,2,4),(2.38229194880198,2.42003147244515,
2.47890821193249,2.57349076871191),.UNSPECIFIED.);
#774=B_SPLINE_CURVE_WITH_KNOTS('',3,(#3349,#3350,#3351,#3352,#3353,#3354),
 .UNSPECIFIED.,.F.,.F.,(4,2,4),(0.722315359128872,0.732609655988173,0.734226440144755),
 .UNSPECIFIED.);
#775=B_SPLINE_CURVE_WITH_KNOTS('',3,(#3392,#3393,#3394,#3395,#3396,#3397,
#3398,#3399),.UNSPECIFIED.,.F.,.F.,(4,2,2,4),(1.62222853370413,1.71681109048355,
1.77568782997089,1.81342735361406),.UNSPECIFIED.);
#776=B_SPLINE_CURVE_WITH_KNOTS('',3,(#3404,#3405,#3406,#3407,#3408,#3409),
 .UNSPECIFIED.,.F.,.F.,(4,2,4),(0.270915742521798,0.319073517563064,0.42481676245051),
 .UNSPECIFIED.);
#777=B_SPLINE_CURVE_WITH_KNOTS('',3,(#3420,#3421,#3422,#3423,#3424,#3425),
 .UNSPECIFIED.,.F.,.F.,(4,2,4),(0.0705754347693986,0.0721922189259805,0.0824865157852813),
 .UNSPECIFIED.);
#778=B_SPLINE_CURVE_WITH_KNOTS('',3,(#3452,#3453,#3454,#3455,#3456,#3457,
#3458,#3459),.UNSPECIFIED.,.F.,.F.,(4,2,2,4),(1.62222853370413,1.71681109048355,
1.77568782997089,1.81342735361406),.UNSPECIFIED.);
#779=B_SPLINE_CURVE_WITH_KNOTS('',3,(#3461,#3462,#3463,#3464,#3465,#3466),
 .UNSPECIFIED.,.F.,.F.,(4,2,4),(0.270915742521798,0.319073517563064,0.42481676245051),
 .UNSPECIFIED.);
#780=B_SPLINE_CURVE_WITH_KNOTS('',3,(#3496,#3497,#3498,#3499,#3500,#3501),
 .UNSPECIFIED.,.F.,.F.,(4,2,4),(1.37976812761321,1.48551137250066,1.53366914754192),
 .UNSPECIFIED.);
#781=B_SPLINE_CURVE_WITH_KNOTS('',3,(#3507,#3508,#3509,#3510,#3511,#3512,
#3513,#3514),.UNSPECIFIED.,.F.,.F.,(4,2,2,4),(2.38229194880197,2.42003147244515,
2.47890821193249,2.57349076871191),.UNSPECIFIED.);
#782=B_SPLINE_CURVE_WITH_KNOTS('',3,(#3527,#3528,#3529,#3530,#3531,#3532),
 .UNSPECIFIED.,.F.,.F.,(4,2,4),(0.318199681923142,0.328493978782443,0.330110762939025),
 .UNSPECIFIED.);
#783=B_SPLINE_CURVE_WITH_KNOTS('',3,(#3567,#3568,#3569,#3570,#3571,#3572),
 .UNSPECIFIED.,.F.,.F.,(4,2,4),(0.0705754347693987,0.0721922189259805,0.0824865157852815),
 .UNSPECIFIED.);
#784=VERTEX_POINT('',#2727);
#785=VERTEX_POINT('',#2728);
#786=VERTEX_POINT('',#2743);
#787=VERTEX_POINT('',#2745);
#788=VERTEX_POINT('',#2764);
#789=VERTEX_POINT('',#2766);
#790=VERTEX_POINT('',#2768);
#791=VERTEX_POINT('',#2783);
#792=VERTEX_POINT('',#2785);
#793=VERTEX_POINT('',#2787);
#794=VERTEX_POINT('',#2839);
#795=VERTEX_POINT('',#2840);
#796=VERTEX_POINT('',#2855);
#797=VERTEX_POINT('',#2857);
#798=VERTEX_POINT('',#2864);
#799=VERTEX_POINT('',#2931);
#800=VERTEX_POINT('',#2932);
#801=VERTEX_POINT('',#2943);
#802=VERTEX_POINT('',#2945);
#803=VERTEX_POINT('',#2961);
#804=VERTEX_POINT('',#2963);
#805=VERTEX_POINT('',#2965);
#806=VERTEX_POINT('',#2967);
#807=VERTEX_POINT('',#3009);
#808=VERTEX_POINT('',#3011);
#809=VERTEX_POINT('',#3032);
#810=VERTEX_POINT('',#3034);
#811=VERTEX_POINT('',#3036);
#812=VERTEX_POINT('',#3074);
#813=VERTEX_POINT('',#3118);
#814=VERTEX_POINT('',#3161);
#815=VERTEX_POINT('',#3163);
#816=VERTEX_POINT('',#3210);
#817=VERTEX_POINT('',#3214);
#818=VERTEX_POINT('',#3216);
#819=VERTEX_POINT('',#3218);
#820=VERTEX_POINT('',#3220);
#821=VERTEX_POINT('',#3225);
#822=VERTEX_POINT('',#3227);
#823=VERTEX_POINT('',#3229);
#824=VERTEX_POINT('',#3231);
#825=VERTEX_POINT('',#3238);
#826=VERTEX_POINT('',#3245);
#827=VERTEX_POINT('',#3254);
#828=VERTEX_POINT('',#3256);
#829=VERTEX_POINT('',#3260);
#830=VERTEX_POINT('',#3262);
#831=VERTEX_POINT('',#3264);
#832=VERTEX_POINT('',#3266);
#833=VERTEX_POINT('',#3268);
#834=VERTEX_POINT('',#3272);
#835=VERTEX_POINT('',#3276);
#836=VERTEX_POINT('',#3278);
#837=VERTEX_POINT('',#3280);
#838=VERTEX_POINT('',#3282);
#839=VERTEX_POINT('',#3284);
#840=VERTEX_POINT('',#3288);
#841=VERTEX_POINT('',#3290);
#842=VERTEX_POINT('',#3294);
#843=VERTEX_POINT('',#3296);
#844=VERTEX_POINT('',#3300);
#845=VERTEX_POINT('',#3302);
#846=VERTEX_POINT('',#3304);
#847=VERTEX_POINT('',#3306);
#848=VERTEX_POINT('',#3310);
#849=VERTEX_POINT('',#3314);
#850=VERTEX_POINT('',#3315);
#851=VERTEX_POINT('',#3322);
#852=VERTEX_POINT('',#3324);
#853=VERTEX_POINT('',#3326);
#854=VERTEX_POINT('',#3335);
#855=VERTEX_POINT('',#3339);
#856=VERTEX_POINT('',#3341);
#857=VERTEX_POINT('',#3343);
#858=VERTEX_POINT('',#3345);
#859=VERTEX_POINT('',#3347);
#860=VERTEX_POINT('',#3356);
#861=VERTEX_POINT('',#3358);
#862=VERTEX_POINT('',#3362);
#863=VERTEX_POINT('',#3364);
#864=VERTEX_POINT('',#3366);
#865=VERTEX_POINT('',#3368);
#866=VERTEX_POINT('',#3370);
#867=VERTEX_POINT('',#3372);
#868=VERTEX_POINT('',#3374);
#869=VERTEX_POINT('',#3376);
#870=VERTEX_POINT('',#3378);
#871=VERTEX_POINT('',#3380);
#872=VERTEX_POINT('',#3382);
#873=VERTEX_POINT('',#3386);
#874=VERTEX_POINT('',#3387);
#875=VERTEX_POINT('',#3389);
#876=VERTEX_POINT('',#3391);
#877=VERTEX_POINT('',#3400);
#878=VERTEX_POINT('',#3402);
#879=VERTEX_POINT('',#3411);
#880=VERTEX_POINT('',#3413);
#881=VERTEX_POINT('',#3415);
#882=VERTEX_POINT('',#3419);
#883=VERTEX_POINT('',#3426);
#884=VERTEX_POINT('',#3428);
#885=VERTEX_POINT('',#3430);
#886=VERTEX_POINT('',#3446);
#887=VERTEX_POINT('',#3447);
#888=VERTEX_POINT('',#3449);
#889=VERTEX_POINT('',#3451);
#890=VERTEX_POINT('',#3468);
#891=VERTEX_POINT('',#3470);
#892=VERTEX_POINT('',#3472);
#893=VERTEX_POINT('',#3474);
#894=VERTEX_POINT('',#3476);
#895=VERTEX_POINT('',#3478);
#896=VERTEX_POINT('',#3481);
#897=VERTEX_POINT('',#3483);
#898=VERTEX_POINT('',#3485);
#899=VERTEX_POINT('',#3487);
#900=VERTEX_POINT('',#3491);
#901=VERTEX_POINT('',#3495);
#902=VERTEX_POINT('',#3502);
#903=VERTEX_POINT('',#3504);
#904=VERTEX_POINT('',#3506);
#905=VERTEX_POINT('',#3517);
#906=VERTEX_POINT('',#3519);
#907=VERTEX_POINT('',#3521);
#908=VERTEX_POINT('',#3523);
#909=VERTEX_POINT('',#3525);
#910=VERTEX_POINT('',#3534);
#911=VERTEX_POINT('',#3536);
#912=VERTEX_POINT('',#3540);
#913=VERTEX_POINT('',#3542);
#914=VERTEX_POINT('',#3545);
#915=VERTEX_POINT('',#3547);
#916=VERTEX_POINT('',#3550);
#917=VERTEX_POINT('',#3552);
#918=VERTEX_POINT('',#3565);
#919=VERTEX_POINT('',#3574);
#920=VERTEX_POINT('',#3576);
#921=VERTEX_POINT('',#3578);
#922=VERTEX_POINT('',#3580);
#923=VERTEX_POINT('',#3588);
#924=VERTEX_POINT('',#3590);
#925=VERTEX_POINT('',#3592);
#926=VERTEX_POINT('',#3594);
#927=VERTEX_POINT('',#3598);
#928=VERTEX_POINT('',#3600);
#929=VERTEX_POINT('',#3604);
#930=VERTEX_POINT('',#3608);
#931=VERTEX_POINT('',#3610);
#932=VERTEX_POINT('',#3614);
#933=VERTEX_POINT('',#3615);
#934=VERTEX_POINT('',#3620);
#935=VERTEX_POINT('',#3624);
#936=VERTEX_POINT('',#3628);
#937=VERTEX_POINT('',#3630);
#938=VERTEX_POINT('',#3638);
#939=VERTEX_POINT('',#3640);
#940=VERTEX_POINT('',#3646);
#941=VERTEX_POINT('',#3650);
#942=VERTEX_POINT('',#3654);
#943=VERTEX_POINT('',#3656);
#944=VERTEX_POINT('',#3660);
#945=VERTEX_POINT('',#3664);
#946=VERTEX_POINT('',#3674);
#947=VERTEX_POINT('',#3676);
#948=VERTEX_POINT('',#3679);
#949=VERTEX_POINT('',#3681);
#950=VERTEX_POINT('',#3683);
#951=VERTEX_POINT('',#3685);
#952=VERTEX_POINT('',#3687);
#953=VERTEX_POINT('',#3689);
#954=VERTEX_POINT('',#3691);
#955=VERTEX_POINT('',#3693);
#956=VERTEX_POINT('',#3695);
#957=VERTEX_POINT('',#3697);
#958=VERTEX_POINT('',#3701);
#959=VERTEX_POINT('',#3703);
#960=VERTEX_POINT('',#3709);
#961=VERTEX_POINT('',#3711);
#962=VERTEX_POINT('',#3713);
#963=VERTEX_POINT('',#3715);
#964=VERTEX_POINT('',#3719);
#965=VERTEX_POINT('',#3723);
#966=VERTEX_POINT('',#3727);
#967=VERTEX_POINT('',#3731);
#968=VERTEX_POINT('',#3733);
#969=VERTEX_POINT('',#3737);
#970=VERTEX_POINT('',#3741);
#971=VERTEX_POINT('',#3752);
#972=VERTEX_POINT('',#3760);
#973=VERTEX_POINT('',#3767);
#974=VERTEX_POINT('',#3769);
#975=VERTEX_POINT('',#3771);
#976=VERTEX_POINT('',#3775);
#977=VERTEX_POINT('',#3779);
#978=VERTEX_POINT('',#3783);
#979=VERTEX_POINT('',#3785);
#980=VERTEX_POINT('',#3794);
#981=VERTEX_POINT('',#3796);
#982=EDGE_CURVE('',#784,#785,#752,.T.);
#983=EDGE_CURVE('',#785,#786,#392,.T.);
#984=EDGE_CURVE('',#787,#786,#753,.F.);
#985=EDGE_CURVE('',#787,#784,#754,.T.);
#986=EDGE_CURVE('',#784,#788,#393,.T.);
#987=EDGE_CURVE('',#787,#789,#394,.T.);
#988=EDGE_CURVE('',#789,#790,#755,.F.);
#989=EDGE_CURVE('',#791,#790,#395,.T.);
#990=EDGE_CURVE('',#791,#792,#396,.T.);
#991=EDGE_CURVE('',#792,#793,#397,.T.);
#992=EDGE_CURVE('',#788,#793,#756,.T.);
#993=EDGE_CURVE('',#794,#795,#757,.F.);
#994=EDGE_CURVE('',#796,#794,#398,.T.);
#995=EDGE_CURVE('',#796,#797,#758,.T.);
#996=EDGE_CURVE('',#797,#798,#759,.T.);
#997=EDGE_CURVE('',#798,#795,#760,.T.);
#998=EDGE_CURVE('',#799,#800,#761,.T.);
#999=EDGE_CURVE('',#800,#801,#399,.T.);
#1000=EDGE_CURVE('',#801,#802,#113,.T.);
#1001=EDGE_CURVE('',#802,#799,#762,.T.);
#1002=EDGE_CURVE('',#802,#797,#400,.T.);
#1003=EDGE_CURVE('',#801,#798,#401,.T.);
#1004=EDGE_CURVE('',#799,#803,#402,.T.);
#1005=EDGE_CURVE('',#804,#796,#403,.T.);
#1006=EDGE_CURVE('',#805,#804,#404,.T.);
#1007=EDGE_CURVE('',#805,#806,#405,.T.);
#1008=EDGE_CURVE('',#803,#806,#763,.T.);
#1009=EDGE_CURVE('',#807,#806,#406,.T.);
#1010=EDGE_CURVE('',#807,#808,#764,.T.);
#1011=EDGE_CURVE('',#808,#803,#765,.T.);
#1012=EDGE_CURVE('',#808,#809,#407,.T.);
#1013=EDGE_CURVE('',#809,#810,#408,.T.);
#1014=EDGE_CURVE('',#811,#810,#409,.T.);
#1015=EDGE_CURVE('',#811,#800,#410,.T.);
#1016=EDGE_CURVE('',#812,#809,#766,.F.);
#1017=EDGE_CURVE('',#790,#812,#411,.T.);
#1018=EDGE_CURVE('',#789,#809,#767,.T.);
#1019=EDGE_CURVE('',#813,#786,#412,.T.);
#1020=EDGE_CURVE('',#810,#813,#413,.T.);
#1021=EDGE_CURVE('',#814,#793,#414,.T.);
#1022=EDGE_CURVE('',#814,#815,#768,.T.);
#1023=EDGE_CURVE('',#815,#788,#769,.T.);
#1024=EDGE_CURVE('',#816,#815,#415,.T.);
#1025=EDGE_CURVE('',#813,#816,#416,.T.);
#1026=EDGE_CURVE('',#817,#805,#114,.T.);
#1027=EDGE_CURVE('',#818,#817,#417,.T.);
#1028=EDGE_CURVE('',#818,#819,#418,.T.);
#1029=EDGE_CURVE('',#820,#819,#419,.T.);
#1030=EDGE_CURVE('',#820,#791,#420,.T.);
#1031=EDGE_CURVE('',#815,#795,#421,.T.);
#1032=EDGE_CURVE('',#792,#821,#422,.T.);
#1033=EDGE_CURVE('',#822,#821,#423,.T.);
#1034=EDGE_CURVE('',#822,#823,#424,.T.);
#1035=EDGE_CURVE('',#824,#823,#425,.T.);
#1036=EDGE_CURVE('',#824,#804,#115,.F.);
#1037=EDGE_CURVE('',#816,#811,#426,.T.);
#1038=EDGE_CURVE('',#825,#824,#770,.F.);
#1039=EDGE_CURVE('',#825,#826,#427,.T.);
#1040=EDGE_CURVE('',#826,#817,#771,.T.);
#1041=EDGE_CURVE('',#818,#827,#18,.T.);
#1042=EDGE_CURVE('',#828,#826,#428,.T.);
#1043=EDGE_CURVE('',#828,#827,#429,.T.);
#1044=EDGE_CURVE('',#827,#829,#430,.T.);
#1045=EDGE_CURVE('',#830,#829,#431,.T.);
#1046=EDGE_CURVE('',#831,#830,#19,.T.);
#1047=EDGE_CURVE('',#832,#831,#432,.T.);
#1048=EDGE_CURVE('',#833,#832,#20,.T.);
#1049=EDGE_CURVE('',#819,#833,#21,.T.);
#1050=EDGE_CURVE('',#833,#834,#433,.T.);
#1051=EDGE_CURVE('',#820,#834,#116,.F.);
#1052=EDGE_CURVE('',#825,#835,#434,.T.);
#1053=EDGE_CURVE('',#835,#836,#435,.T.);
#1054=EDGE_CURVE('',#837,#836,#436,.T.);
#1055=EDGE_CURVE('',#837,#838,#437,.T.);
#1056=EDGE_CURVE('',#839,#838,#438,.T.);
#1057=EDGE_CURVE('',#839,#828,#439,.T.);
#1058=EDGE_CURVE('',#840,#823,#22,.T.);
#1059=EDGE_CURVE('',#840,#841,#440,.T.);
#1060=EDGE_CURVE('',#835,#841,#23,.T.);
#1061=EDGE_CURVE('',#840,#842,#441,.T.);
#1062=EDGE_CURVE('',#843,#842,#442,.T.);
#1063=EDGE_CURVE('',#841,#843,#443,.T.);
#1064=EDGE_CURVE('',#822,#844,#24,.F.);
#1065=EDGE_CURVE('',#845,#844,#25,.T.);
#1066=EDGE_CURVE('',#846,#845,#444,.T.);
#1067=EDGE_CURVE('',#847,#846,#26,.T.);
#1068=EDGE_CURVE('',#842,#847,#445,.T.);
#1069=EDGE_CURVE('',#821,#848,#117,.T.);
#1070=EDGE_CURVE('',#848,#844,#446,.T.);
#1071=EDGE_CURVE('',#849,#850,#772,.T.);
#1072=EDGE_CURVE('',#850,#851,#447,.T.);
#1073=EDGE_CURVE('',#851,#852,#27,.T.);
#1074=EDGE_CURVE('',#852,#853,#773,.T.);
#1075=EDGE_CURVE('',#853,#854,#448,.T.);
#1076=EDGE_CURVE('',#854,#849,#118,.T.);
#1077=EDGE_CURVE('',#852,#855,#449,.T.);
#1078=EDGE_CURVE('',#855,#856,#28,.T.);
#1079=EDGE_CURVE('',#856,#857,#29,.T.);
#1080=EDGE_CURVE('',#857,#858,#30,.T.);
#1081=EDGE_CURVE('',#858,#859,#450,.T.);
#1082=EDGE_CURVE('',#859,#853,#774,.T.);
#1083=EDGE_CURVE('',#860,#851,#451,.T.);
#1084=EDGE_CURVE('',#861,#860,#452,.T.);
#1085=EDGE_CURVE('',#855,#861,#453,.T.);
#1086=EDGE_CURVE('',#862,#850,#119,.T.);
#1087=EDGE_CURVE('',#863,#862,#454,.T.);
#1088=EDGE_CURVE('',#864,#863,#120,.T.);
#1089=EDGE_CURVE('',#865,#864,#455,.T.);
#1090=EDGE_CURVE('',#866,#865,#121,.T.);
#1091=EDGE_CURVE('',#867,#866,#456,.T.);
#1092=EDGE_CURVE('',#868,#867,#122,.T.);
#1093=EDGE_CURVE('',#869,#868,#457,.T.);
#1094=EDGE_CURVE('',#869,#870,#458,.T.);
#1095=EDGE_CURVE('',#871,#870,#123,.T.);
#1096=EDGE_CURVE('',#871,#872,#459,.T.);
#1097=EDGE_CURVE('',#860,#872,#124,.T.);
#1098=EDGE_CURVE('',#873,#874,#125,.T.);
#1099=EDGE_CURVE('',#874,#875,#460,.T.);
#1100=EDGE_CURVE('',#875,#876,#775,.T.);
#1101=EDGE_CURVE('',#876,#877,#31,.T.);
#1102=EDGE_CURVE('',#877,#878,#461,.T.);
#1103=EDGE_CURVE('',#878,#873,#776,.T.);
#1104=EDGE_CURVE('',#879,#876,#462,.T.);
#1105=EDGE_CURVE('',#880,#879,#463,.T.);
#1106=EDGE_CURVE('',#881,#880,#464,.T.);
#1107=EDGE_CURVE('',#877,#881,#465,.T.);
#1108=EDGE_CURVE('',#875,#882,#777,.T.);
#1109=EDGE_CURVE('',#882,#883,#466,.T.);
#1110=EDGE_CURVE('',#883,#884,#32,.T.);
#1111=EDGE_CURVE('',#885,#884,#33,.T.);
#1112=EDGE_CURVE('',#885,#879,#34,.T.);
#1113=EDGE_CURVE('',#882,#859,#35,.T.);
#1114=EDGE_CURVE('',#854,#874,#36,.T.);
#1115=EDGE_CURVE('',#886,#887,#126,.T.);
#1116=EDGE_CURVE('',#887,#888,#467,.T.);
#1117=EDGE_CURVE('',#888,#889,#778,.T.);
#1118=EDGE_CURVE('',#889,#869,#37,.T.);
#1119=EDGE_CURVE('',#868,#886,#779,.T.);
#1120=EDGE_CURVE('',#890,#886,#468,.T.);
#1121=EDGE_CURVE('',#890,#891,#469,.T.);
#1122=EDGE_CURVE('',#891,#892,#470,.T.);
#1123=EDGE_CURVE('',#892,#893,#471,.T.);
#1124=EDGE_CURVE('',#894,#893,#472,.T.);
#1125=EDGE_CURVE('',#894,#895,#473,.T.);
#1126=EDGE_CURVE('',#830,#895,#474,.T.);
#1127=EDGE_CURVE('',#829,#896,#475,.T.);
#1128=EDGE_CURVE('',#896,#897,#476,.T.);
#1129=EDGE_CURVE('',#898,#897,#477,.T.);
#1130=EDGE_CURVE('',#899,#898,#127,.T.);
#1131=EDGE_CURVE('',#899,#887,#38,.T.);
#1132=EDGE_CURVE('',#867,#900,#478,.T.);
#1133=EDGE_CURVE('',#900,#890,#39,.T.);
#1134=EDGE_CURVE('',#898,#901,#780,.T.);
#1135=EDGE_CURVE('',#901,#902,#479,.T.);
#1136=EDGE_CURVE('',#902,#903,#40,.T.);
#1137=EDGE_CURVE('',#903,#904,#781,.T.);
#1138=EDGE_CURVE('',#904,#899,#480,.T.);
#1139=EDGE_CURVE('',#903,#905,#481,.T.);
#1140=EDGE_CURVE('',#905,#906,#41,.T.);
#1141=EDGE_CURVE('',#906,#907,#42,.T.);
#1142=EDGE_CURVE('',#907,#908,#43,.T.);
#1143=EDGE_CURVE('',#908,#909,#482,.T.);
#1144=EDGE_CURVE('',#909,#904,#782,.T.);
#1145=EDGE_CURVE('',#910,#902,#483,.T.);
#1146=EDGE_CURVE('',#911,#910,#484,.T.);
#1147=EDGE_CURVE('',#905,#911,#485,.T.);
#1148=EDGE_CURVE('',#912,#881,#128,.T.);
#1149=EDGE_CURVE('',#912,#913,#486,.T.);
#1150=EDGE_CURVE('',#910,#913,#129,.T.);
#1151=EDGE_CURVE('',#914,#901,#130,.T.);
#1152=EDGE_CURVE('',#915,#914,#487,.T.);
#1153=EDGE_CURVE('',#838,#915,#131,.T.);
#1154=EDGE_CURVE('',#916,#837,#132,.T.);
#1155=EDGE_CURVE('',#917,#916,#488,.T.);
#1156=EDGE_CURVE('',#878,#917,#133,.T.);
#1157=EDGE_CURVE('',#918,#909,#44,.T.);
#1158=EDGE_CURVE('',#888,#918,#783,.T.);
#1159=EDGE_CURVE('',#918,#919,#489,.T.);
#1160=EDGE_CURVE('',#919,#920,#45,.T.);
#1161=EDGE_CURVE('',#920,#921,#46,.T.);
#1162=EDGE_CURVE('',#921,#922,#47,.T.);
#1163=EDGE_CURVE('',#922,#889,#490,.T.);
#1164=EDGE_CURVE('',#919,#908,#491,.T.);
#1165=EDGE_CURVE('',#883,#858,#492,.T.);
#1166=EDGE_CURVE('',#923,#871,#493,.T.);
#1167=EDGE_CURVE('',#870,#924,#494,.T.);
#1168=EDGE_CURVE('',#924,#925,#48,.T.);
#1169=EDGE_CURVE('',#925,#926,#49,.T.);
#1170=EDGE_CURVE('',#926,#923,#50,.T.);
#1171=EDGE_CURVE('',#927,#925,#495,.T.);
#1172=EDGE_CURVE('',#927,#928,#51,.T.);
#1173=EDGE_CURVE('',#928,#926,#496,.T.);
#1174=EDGE_CURVE('',#929,#923,#497,.T.);
#1175=EDGE_CURVE('',#872,#929,#498,.T.);
#1176=EDGE_CURVE('',#928,#930,#499,.T.);
#1177=EDGE_CURVE('',#930,#931,#500,.T.);
#1178=EDGE_CURVE('',#929,#931,#52,.T.);
#1179=EDGE_CURVE('',#932,#933,#53,.T.);
#1180=EDGE_CURVE('',#933,#857,#501,.T.);
#1181=EDGE_CURVE('',#932,#856,#502,.T.);
#1182=EDGE_CURVE('',#933,#934,#503,.T.);
#1183=EDGE_CURVE('',#884,#934,#504,.T.);
#1184=EDGE_CURVE('',#934,#935,#54,.T.);
#1185=EDGE_CURVE('',#935,#885,#505,.T.);
#1186=EDGE_CURVE('',#936,#920,#506,.T.);
#1187=EDGE_CURVE('',#936,#937,#55,.T.);
#1188=EDGE_CURVE('',#937,#921,#507,.T.);
#1189=EDGE_CURVE('',#924,#922,#508,.T.);
#1190=EDGE_CURVE('',#937,#927,#509,.T.);
#1191=EDGE_CURVE('',#938,#906,#510,.T.);
#1192=EDGE_CURVE('',#938,#939,#56,.T.);
#1193=EDGE_CURVE('',#939,#907,#511,.T.);
#1194=EDGE_CURVE('',#939,#936,#512,.T.);
#1195=EDGE_CURVE('',#940,#911,#57,.T.);
#1196=EDGE_CURVE('',#913,#940,#513,.T.);
#1197=EDGE_CURVE('',#880,#941,#58,.T.);
#1198=EDGE_CURVE('',#941,#912,#514,.T.);
#1199=EDGE_CURVE('',#941,#942,#515,.T.);
#1200=EDGE_CURVE('',#942,#943,#516,.T.);
#1201=EDGE_CURVE('',#943,#940,#517,.T.);
#1202=EDGE_CURVE('',#931,#944,#59,.T.);
#1203=EDGE_CURVE('',#944,#861,#60,.T.);
#1204=EDGE_CURVE('',#930,#945,#61,.T.);
#1205=EDGE_CURVE('',#945,#944,#518,.T.);
#1206=EDGE_CURVE('',#945,#932,#519,.T.);
#1207=EDGE_CURVE('',#935,#942,#520,.T.);
#1208=EDGE_CURVE('',#943,#938,#521,.T.);
#1209=EDGE_CURVE('',#946,#834,#134,.T.);
#1210=EDGE_CURVE('',#947,#946,#522,.T.);
#1211=EDGE_CURVE('',#895,#947,#135,.T.);
#1212=EDGE_CURVE('',#948,#894,#136,.T.);
#1213=EDGE_CURVE('',#949,#948,#523,.T.);
#1214=EDGE_CURVE('',#950,#949,#137,.T.);
#1215=EDGE_CURVE('',#951,#950,#524,.T.);
#1216=EDGE_CURVE('',#952,#951,#138,.T.);
#1217=EDGE_CURVE('',#953,#952,#525,.T.);
#1218=EDGE_CURVE('',#954,#953,#139,.T.);
#1219=EDGE_CURVE('',#955,#954,#526,.T.);
#1220=EDGE_CURVE('',#956,#955,#140,.T.);
#1221=EDGE_CURVE('',#957,#956,#527,.T.);
#1222=EDGE_CURVE('',#848,#957,#141,.T.);
#1223=EDGE_CURVE('',#917,#958,#528,.T.);
#1224=EDGE_CURVE('',#958,#959,#62,.T.);
#1225=EDGE_CURVE('',#959,#873,#529,.T.);
#1226=EDGE_CURVE('',#959,#843,#530,.T.);
#1227=EDGE_CURVE('',#955,#847,#531,.T.);
#1228=EDGE_CURVE('',#960,#954,#532,.T.);
#1229=EDGE_CURVE('',#960,#961,#533,.T.);
#1230=EDGE_CURVE('',#961,#962,#534,.T.);
#1231=EDGE_CURVE('',#962,#963,#535,.T.);
#1232=EDGE_CURVE('',#849,#963,#536,.T.);
#1233=EDGE_CURVE('',#964,#958,#537,.T.);
#1234=EDGE_CURVE('',#836,#964,#63,.T.);
#1235=EDGE_CURVE('',#963,#965,#64,.T.);
#1236=EDGE_CURVE('',#965,#862,#538,.T.);
#1237=EDGE_CURVE('',#965,#966,#539,.T.);
#1238=EDGE_CURVE('',#863,#966,#540,.T.);
#1239=EDGE_CURVE('',#967,#962,#541,.T.);
#1240=EDGE_CURVE('',#968,#967,#542,.T.);
#1241=EDGE_CURVE('',#966,#968,#65,.T.);
#1242=EDGE_CURVE('',#953,#969,#543,.T.);
#1243=EDGE_CURVE('',#969,#960,#66,.T.);
#1244=EDGE_CURVE('',#970,#952,#544,.T.);
#1245=EDGE_CURVE('',#970,#969,#545,.T.);
#1246=EDGE_CURVE('',#846,#956,#546,.T.);
#1247=EDGE_CURVE('',#957,#845,#547,.T.);
#1248=EDGE_CURVE('',#964,#916,#548,.T.);
#1249=EDGE_CURVE('',#915,#971,#549,.T.);
#1250=EDGE_CURVE('',#971,#839,#67,.T.);
#1251=EDGE_CURVE('',#832,#946,#550,.T.);
#1252=EDGE_CURVE('',#947,#831,#551,.T.);
#1253=EDGE_CURVE('',#897,#972,#68,.T.);
#1254=EDGE_CURVE('',#972,#914,#552,.T.);
#1255=EDGE_CURVE('',#972,#971,#553,.T.);
#1256=EDGE_CURVE('',#828,#896,#554,.T.);
#1257=EDGE_CURVE('',#973,#900,#555,.T.);
#1258=EDGE_CURVE('',#974,#973,#69,.T.);
#1259=EDGE_CURVE('',#975,#974,#556,.T.);
#1260=EDGE_CURVE('',#975,#891,#557,.T.);
#1261=EDGE_CURVE('',#893,#976,#70,.T.);
#1262=EDGE_CURVE('',#976,#948,#558,.T.);
#1263=EDGE_CURVE('',#976,#977,#559,.T.);
#1264=EDGE_CURVE('',#949,#977,#560,.T.);
#1265=EDGE_CURVE('',#978,#892,#561,.T.);
#1266=EDGE_CURVE('',#979,#978,#562,.T.);
#1267=EDGE_CURVE('',#977,#979,#71,.T.);
#1268=EDGE_CURVE('',#979,#950,#563,.T.);
#1269=EDGE_CURVE('',#978,#975,#564,.T.);
#1270=EDGE_CURVE('',#865,#974,#565,.T.);
#1271=EDGE_CURVE('',#968,#864,#566,.T.);
#1272=EDGE_CURVE('',#967,#980,#567,.T.);
#1273=EDGE_CURVE('',#980,#981,#568,.T.);
#1274=EDGE_CURVE('',#951,#981,#569,.T.);
#1275=EDGE_CURVE('',#973,#866,#570,.T.);
#1276=EDGE_CURVE('',#981,#970,#72,.T.);
#1277=EDGE_CURVE('',#980,#961,#571,.T.);
#1278=ORIENTED_EDGE('',*,*,#982,.T.);
#1279=ORIENTED_EDGE('',*,*,#983,.T.);
#1280=ORIENTED_EDGE('',*,*,#984,.F.);
#1281=ORIENTED_EDGE('',*,*,#985,.T.);
#1282=ORIENTED_EDGE('',*,*,#986,.F.);
#1283=ORIENTED_EDGE('',*,*,#985,.F.);
#1284=ORIENTED_EDGE('',*,*,#987,.T.);
#1285=ORIENTED_EDGE('',*,*,#988,.T.);
#1286=ORIENTED_EDGE('',*,*,#989,.F.);
#1287=ORIENTED_EDGE('',*,*,#990,.T.);
#1288=ORIENTED_EDGE('',*,*,#991,.T.);
#1289=ORIENTED_EDGE('',*,*,#992,.F.);
#1290=ORIENTED_EDGE('',*,*,#993,.F.);
#1291=ORIENTED_EDGE('',*,*,#994,.F.);
#1292=ORIENTED_EDGE('',*,*,#995,.T.);
#1293=ORIENTED_EDGE('',*,*,#996,.T.);
#1294=ORIENTED_EDGE('',*,*,#997,.T.);
#1295=ORIENTED_EDGE('',*,*,#998,.T.);
#1296=ORIENTED_EDGE('',*,*,#999,.T.);
#1297=ORIENTED_EDGE('',*,*,#1000,.T.);
#1298=ORIENTED_EDGE('',*,*,#1001,.T.);
#1299=ORIENTED_EDGE('',*,*,#1002,.F.);
#1300=ORIENTED_EDGE('',*,*,#1000,.F.);
#1301=ORIENTED_EDGE('',*,*,#1003,.T.);
#1302=ORIENTED_EDGE('',*,*,#996,.F.);
#1303=ORIENTED_EDGE('',*,*,#1004,.F.);
#1304=ORIENTED_EDGE('',*,*,#1001,.F.);
#1305=ORIENTED_EDGE('',*,*,#1002,.T.);
#1306=ORIENTED_EDGE('',*,*,#995,.F.);
#1307=ORIENTED_EDGE('',*,*,#1005,.F.);
#1308=ORIENTED_EDGE('',*,*,#1006,.F.);
#1309=ORIENTED_EDGE('',*,*,#1007,.T.);
#1310=ORIENTED_EDGE('',*,*,#1008,.F.);
#1311=ORIENTED_EDGE('',*,*,#1008,.T.);
#1312=ORIENTED_EDGE('',*,*,#1009,.F.);
#1313=ORIENTED_EDGE('',*,*,#1010,.T.);
#1314=ORIENTED_EDGE('',*,*,#1011,.T.);
#1315=ORIENTED_EDGE('',*,*,#1004,.T.);
#1316=ORIENTED_EDGE('',*,*,#1011,.F.);
#1317=ORIENTED_EDGE('',*,*,#1012,.T.);
#1318=ORIENTED_EDGE('',*,*,#1013,.T.);
#1319=ORIENTED_EDGE('',*,*,#1014,.F.);
#1320=ORIENTED_EDGE('',*,*,#1015,.T.);
#1321=ORIENTED_EDGE('',*,*,#998,.F.);
#1322=ORIENTED_EDGE('',*,*,#1016,.F.);
#1323=ORIENTED_EDGE('',*,*,#1017,.F.);
#1324=ORIENTED_EDGE('',*,*,#988,.F.);
#1325=ORIENTED_EDGE('',*,*,#1018,.T.);
#1326=ORIENTED_EDGE('',*,*,#1018,.F.);
#1327=ORIENTED_EDGE('',*,*,#987,.F.);
#1328=ORIENTED_EDGE('',*,*,#984,.T.);
#1329=ORIENTED_EDGE('',*,*,#1019,.F.);
#1330=ORIENTED_EDGE('',*,*,#1020,.F.);
#1331=ORIENTED_EDGE('',*,*,#1013,.F.);
#1332=ORIENTED_EDGE('',*,*,#992,.T.);
#1333=ORIENTED_EDGE('',*,*,#1021,.F.);
#1334=ORIENTED_EDGE('',*,*,#1022,.T.);
#1335=ORIENTED_EDGE('',*,*,#1023,.T.);
#1336=ORIENTED_EDGE('',*,*,#986,.T.);
#1337=ORIENTED_EDGE('',*,*,#1023,.F.);
#1338=ORIENTED_EDGE('',*,*,#1024,.F.);
#1339=ORIENTED_EDGE('',*,*,#1025,.F.);
#1340=ORIENTED_EDGE('',*,*,#1019,.T.);
#1341=ORIENTED_EDGE('',*,*,#983,.F.);
#1342=ORIENTED_EDGE('',*,*,#982,.F.);
#1343=ORIENTED_EDGE('',*,*,#1017,.T.);
#1344=ORIENTED_EDGE('',*,*,#1016,.T.);
#1345=ORIENTED_EDGE('',*,*,#1012,.F.);
#1346=ORIENTED_EDGE('',*,*,#1010,.F.);
#1347=ORIENTED_EDGE('',*,*,#1009,.T.);
#1348=ORIENTED_EDGE('',*,*,#1007,.F.);
#1349=ORIENTED_EDGE('',*,*,#1026,.F.);
#1350=ORIENTED_EDGE('',*,*,#1027,.F.);
#1351=ORIENTED_EDGE('',*,*,#1028,.T.);
#1352=ORIENTED_EDGE('',*,*,#1029,.F.);
#1353=ORIENTED_EDGE('',*,*,#1030,.T.);
#1354=ORIENTED_EDGE('',*,*,#989,.T.);
#1355=ORIENTED_EDGE('',*,*,#994,.T.);
#1356=ORIENTED_EDGE('',*,*,#993,.T.);
#1357=ORIENTED_EDGE('',*,*,#1031,.F.);
#1358=ORIENTED_EDGE('',*,*,#1022,.F.);
#1359=ORIENTED_EDGE('',*,*,#1021,.T.);
#1360=ORIENTED_EDGE('',*,*,#991,.F.);
#1361=ORIENTED_EDGE('',*,*,#1032,.T.);
#1362=ORIENTED_EDGE('',*,*,#1033,.F.);
#1363=ORIENTED_EDGE('',*,*,#1034,.T.);
#1364=ORIENTED_EDGE('',*,*,#1035,.F.);
#1365=ORIENTED_EDGE('',*,*,#1036,.T.);
#1366=ORIENTED_EDGE('',*,*,#1005,.T.);
#1367=ORIENTED_EDGE('',*,*,#1003,.F.);
#1368=ORIENTED_EDGE('',*,*,#999,.F.);
#1369=ORIENTED_EDGE('',*,*,#1015,.F.);
#1370=ORIENTED_EDGE('',*,*,#1037,.F.);
#1371=ORIENTED_EDGE('',*,*,#1024,.T.);
#1372=ORIENTED_EDGE('',*,*,#1031,.T.);
#1373=ORIENTED_EDGE('',*,*,#997,.F.);
#1374=ORIENTED_EDGE('',*,*,#1020,.T.);
#1375=ORIENTED_EDGE('',*,*,#1025,.T.);
#1376=ORIENTED_EDGE('',*,*,#1037,.T.);
#1377=ORIENTED_EDGE('',*,*,#1014,.T.);
#1378=ORIENTED_EDGE('',*,*,#1038,.F.);
#1379=ORIENTED_EDGE('',*,*,#1039,.T.);
#1380=ORIENTED_EDGE('',*,*,#1040,.T.);
#1381=ORIENTED_EDGE('',*,*,#1026,.T.);
#1382=ORIENTED_EDGE('',*,*,#1006,.T.);
#1383=ORIENTED_EDGE('',*,*,#1036,.F.);
#1384=ORIENTED_EDGE('',*,*,#1041,.F.);
#1385=ORIENTED_EDGE('',*,*,#1027,.T.);
#1386=ORIENTED_EDGE('',*,*,#1040,.F.);
#1387=ORIENTED_EDGE('',*,*,#1042,.F.);
#1388=ORIENTED_EDGE('',*,*,#1043,.T.);
#1389=ORIENTED_EDGE('',*,*,#1041,.T.);
#1390=ORIENTED_EDGE('',*,*,#1044,.T.);
#1391=ORIENTED_EDGE('',*,*,#1045,.F.);
#1392=ORIENTED_EDGE('',*,*,#1046,.F.);
#1393=ORIENTED_EDGE('',*,*,#1047,.F.);
#1394=ORIENTED_EDGE('',*,*,#1048,.F.);
#1395=ORIENTED_EDGE('',*,*,#1049,.F.);
#1396=ORIENTED_EDGE('',*,*,#1028,.F.);
#1397=ORIENTED_EDGE('',*,*,#1049,.T.);
#1398=ORIENTED_EDGE('',*,*,#1050,.T.);
#1399=ORIENTED_EDGE('',*,*,#1051,.F.);
#1400=ORIENTED_EDGE('',*,*,#1029,.T.);
#1401=ORIENTED_EDGE('',*,*,#1052,.T.);
#1402=ORIENTED_EDGE('',*,*,#1053,.T.);
#1403=ORIENTED_EDGE('',*,*,#1054,.F.);
#1404=ORIENTED_EDGE('',*,*,#1055,.T.);
#1405=ORIENTED_EDGE('',*,*,#1056,.F.);
#1406=ORIENTED_EDGE('',*,*,#1057,.T.);
#1407=ORIENTED_EDGE('',*,*,#1042,.T.);
#1408=ORIENTED_EDGE('',*,*,#1039,.F.);
#1409=ORIENTED_EDGE('',*,*,#1052,.F.);
#1410=ORIENTED_EDGE('',*,*,#1038,.T.);
#1411=ORIENTED_EDGE('',*,*,#1035,.T.);
#1412=ORIENTED_EDGE('',*,*,#1058,.F.);
#1413=ORIENTED_EDGE('',*,*,#1059,.T.);
#1414=ORIENTED_EDGE('',*,*,#1060,.F.);
#1415=ORIENTED_EDGE('',*,*,#1059,.F.);
#1416=ORIENTED_EDGE('',*,*,#1061,.T.);
#1417=ORIENTED_EDGE('',*,*,#1062,.F.);
#1418=ORIENTED_EDGE('',*,*,#1063,.F.);
#1419=ORIENTED_EDGE('',*,*,#1058,.T.);
#1420=ORIENTED_EDGE('',*,*,#1034,.F.);
#1421=ORIENTED_EDGE('',*,*,#1064,.T.);
#1422=ORIENTED_EDGE('',*,*,#1065,.F.);
#1423=ORIENTED_EDGE('',*,*,#1066,.F.);
#1424=ORIENTED_EDGE('',*,*,#1067,.F.);
#1425=ORIENTED_EDGE('',*,*,#1068,.F.);
#1426=ORIENTED_EDGE('',*,*,#1061,.F.);
#1427=ORIENTED_EDGE('',*,*,#1069,.T.);
#1428=ORIENTED_EDGE('',*,*,#1070,.T.);
#1429=ORIENTED_EDGE('',*,*,#1064,.F.);
#1430=ORIENTED_EDGE('',*,*,#1033,.T.);
#1431=ORIENTED_EDGE('',*,*,#1071,.T.);
#1432=ORIENTED_EDGE('',*,*,#1072,.T.);
#1433=ORIENTED_EDGE('',*,*,#1073,.T.);
#1434=ORIENTED_EDGE('',*,*,#1074,.T.);
#1435=ORIENTED_EDGE('',*,*,#1075,.T.);
#1436=ORIENTED_EDGE('',*,*,#1076,.T.);
#1437=ORIENTED_EDGE('',*,*,#1074,.F.);
#1438=ORIENTED_EDGE('',*,*,#1077,.T.);
#1439=ORIENTED_EDGE('',*,*,#1078,.T.);
#1440=ORIENTED_EDGE('',*,*,#1079,.T.);
#1441=ORIENTED_EDGE('',*,*,#1080,.T.);
#1442=ORIENTED_EDGE('',*,*,#1081,.T.);
#1443=ORIENTED_EDGE('',*,*,#1082,.T.);
#1444=ORIENTED_EDGE('',*,*,#1073,.F.);
#1445=ORIENTED_EDGE('',*,*,#1083,.F.);
#1446=ORIENTED_EDGE('',*,*,#1084,.F.);
#1447=ORIENTED_EDGE('',*,*,#1085,.F.);
#1448=ORIENTED_EDGE('',*,*,#1077,.F.);
#1449=ORIENTED_EDGE('',*,*,#1072,.F.);
#1450=ORIENTED_EDGE('',*,*,#1086,.F.);
#1451=ORIENTED_EDGE('',*,*,#1087,.F.);
#1452=ORIENTED_EDGE('',*,*,#1088,.F.);
#1453=ORIENTED_EDGE('',*,*,#1089,.F.);
#1454=ORIENTED_EDGE('',*,*,#1090,.F.);
#1455=ORIENTED_EDGE('',*,*,#1091,.F.);
#1456=ORIENTED_EDGE('',*,*,#1092,.F.);
#1457=ORIENTED_EDGE('',*,*,#1093,.F.);
#1458=ORIENTED_EDGE('',*,*,#1094,.T.);
#1459=ORIENTED_EDGE('',*,*,#1095,.F.);
#1460=ORIENTED_EDGE('',*,*,#1096,.T.);
#1461=ORIENTED_EDGE('',*,*,#1097,.F.);
#1462=ORIENTED_EDGE('',*,*,#1083,.T.);
#1463=ORIENTED_EDGE('',*,*,#1098,.T.);
#1464=ORIENTED_EDGE('',*,*,#1099,.T.);
#1465=ORIENTED_EDGE('',*,*,#1100,.T.);
#1466=ORIENTED_EDGE('',*,*,#1101,.T.);
#1467=ORIENTED_EDGE('',*,*,#1102,.T.);
#1468=ORIENTED_EDGE('',*,*,#1103,.T.);
#1469=ORIENTED_EDGE('',*,*,#1101,.F.);
#1470=ORIENTED_EDGE('',*,*,#1104,.F.);
#1471=ORIENTED_EDGE('',*,*,#1105,.F.);
#1472=ORIENTED_EDGE('',*,*,#1106,.F.);
#1473=ORIENTED_EDGE('',*,*,#1107,.F.);
#1474=ORIENTED_EDGE('',*,*,#1100,.F.);
#1475=ORIENTED_EDGE('',*,*,#1108,.T.);
#1476=ORIENTED_EDGE('',*,*,#1109,.T.);
#1477=ORIENTED_EDGE('',*,*,#1110,.T.);
#1478=ORIENTED_EDGE('',*,*,#1111,.F.);
#1479=ORIENTED_EDGE('',*,*,#1112,.T.);
#1480=ORIENTED_EDGE('',*,*,#1104,.T.);
#1481=ORIENTED_EDGE('',*,*,#1075,.F.);
#1482=ORIENTED_EDGE('',*,*,#1082,.F.);
#1483=ORIENTED_EDGE('',*,*,#1113,.F.);
#1484=ORIENTED_EDGE('',*,*,#1108,.F.);
#1485=ORIENTED_EDGE('',*,*,#1099,.F.);
#1486=ORIENTED_EDGE('',*,*,#1114,.F.);
#1487=ORIENTED_EDGE('',*,*,#1115,.T.);
#1488=ORIENTED_EDGE('',*,*,#1116,.T.);
#1489=ORIENTED_EDGE('',*,*,#1117,.T.);
#1490=ORIENTED_EDGE('',*,*,#1118,.T.);
#1491=ORIENTED_EDGE('',*,*,#1093,.T.);
#1492=ORIENTED_EDGE('',*,*,#1119,.T.);
#1493=ORIENTED_EDGE('',*,*,#1115,.F.);
#1494=ORIENTED_EDGE('',*,*,#1120,.F.);
#1495=ORIENTED_EDGE('',*,*,#1121,.T.);
#1496=ORIENTED_EDGE('',*,*,#1122,.T.);
#1497=ORIENTED_EDGE('',*,*,#1123,.T.);
#1498=ORIENTED_EDGE('',*,*,#1124,.F.);
#1499=ORIENTED_EDGE('',*,*,#1125,.T.);
#1500=ORIENTED_EDGE('',*,*,#1126,.F.);
#1501=ORIENTED_EDGE('',*,*,#1045,.T.);
#1502=ORIENTED_EDGE('',*,*,#1127,.T.);
#1503=ORIENTED_EDGE('',*,*,#1128,.T.);
#1504=ORIENTED_EDGE('',*,*,#1129,.F.);
#1505=ORIENTED_EDGE('',*,*,#1130,.F.);
#1506=ORIENTED_EDGE('',*,*,#1131,.T.);
#1507=ORIENTED_EDGE('',*,*,#1119,.F.);
#1508=ORIENTED_EDGE('',*,*,#1092,.T.);
#1509=ORIENTED_EDGE('',*,*,#1132,.T.);
#1510=ORIENTED_EDGE('',*,*,#1133,.T.);
#1511=ORIENTED_EDGE('',*,*,#1120,.T.);
#1512=ORIENTED_EDGE('',*,*,#1134,.T.);
#1513=ORIENTED_EDGE('',*,*,#1135,.T.);
#1514=ORIENTED_EDGE('',*,*,#1136,.T.);
#1515=ORIENTED_EDGE('',*,*,#1137,.T.);
#1516=ORIENTED_EDGE('',*,*,#1138,.T.);
#1517=ORIENTED_EDGE('',*,*,#1130,.T.);
#1518=ORIENTED_EDGE('',*,*,#1137,.F.);
#1519=ORIENTED_EDGE('',*,*,#1139,.T.);
#1520=ORIENTED_EDGE('',*,*,#1140,.T.);
#1521=ORIENTED_EDGE('',*,*,#1141,.T.);
#1522=ORIENTED_EDGE('',*,*,#1142,.T.);
#1523=ORIENTED_EDGE('',*,*,#1143,.T.);
#1524=ORIENTED_EDGE('',*,*,#1144,.T.);
#1525=ORIENTED_EDGE('',*,*,#1136,.F.);
#1526=ORIENTED_EDGE('',*,*,#1145,.F.);
#1527=ORIENTED_EDGE('',*,*,#1146,.F.);
#1528=ORIENTED_EDGE('',*,*,#1147,.F.);
#1529=ORIENTED_EDGE('',*,*,#1139,.F.);
#1530=ORIENTED_EDGE('',*,*,#1102,.F.);
#1531=ORIENTED_EDGE('',*,*,#1107,.T.);
#1532=ORIENTED_EDGE('',*,*,#1148,.F.);
#1533=ORIENTED_EDGE('',*,*,#1149,.T.);
#1534=ORIENTED_EDGE('',*,*,#1150,.F.);
#1535=ORIENTED_EDGE('',*,*,#1145,.T.);
#1536=ORIENTED_EDGE('',*,*,#1135,.F.);
#1537=ORIENTED_EDGE('',*,*,#1151,.F.);
#1538=ORIENTED_EDGE('',*,*,#1152,.F.);
#1539=ORIENTED_EDGE('',*,*,#1153,.F.);
#1540=ORIENTED_EDGE('',*,*,#1055,.F.);
#1541=ORIENTED_EDGE('',*,*,#1154,.F.);
#1542=ORIENTED_EDGE('',*,*,#1155,.F.);
#1543=ORIENTED_EDGE('',*,*,#1156,.F.);
#1544=ORIENTED_EDGE('',*,*,#1116,.F.);
#1545=ORIENTED_EDGE('',*,*,#1131,.F.);
#1546=ORIENTED_EDGE('',*,*,#1138,.F.);
#1547=ORIENTED_EDGE('',*,*,#1144,.F.);
#1548=ORIENTED_EDGE('',*,*,#1157,.F.);
#1549=ORIENTED_EDGE('',*,*,#1158,.F.);
#1550=ORIENTED_EDGE('',*,*,#1117,.F.);
#1551=ORIENTED_EDGE('',*,*,#1158,.T.);
#1552=ORIENTED_EDGE('',*,*,#1159,.T.);
#1553=ORIENTED_EDGE('',*,*,#1160,.T.);
#1554=ORIENTED_EDGE('',*,*,#1161,.T.);
#1555=ORIENTED_EDGE('',*,*,#1162,.T.);
#1556=ORIENTED_EDGE('',*,*,#1163,.T.);
#1557=ORIENTED_EDGE('',*,*,#1157,.T.);
#1558=ORIENTED_EDGE('',*,*,#1143,.F.);
#1559=ORIENTED_EDGE('',*,*,#1164,.F.);
#1560=ORIENTED_EDGE('',*,*,#1159,.F.);
#1561=ORIENTED_EDGE('',*,*,#1113,.T.);
#1562=ORIENTED_EDGE('',*,*,#1081,.F.);
#1563=ORIENTED_EDGE('',*,*,#1165,.F.);
#1564=ORIENTED_EDGE('',*,*,#1109,.F.);
#1565=ORIENTED_EDGE('',*,*,#1166,.T.);
#1566=ORIENTED_EDGE('',*,*,#1095,.T.);
#1567=ORIENTED_EDGE('',*,*,#1167,.T.);
#1568=ORIENTED_EDGE('',*,*,#1168,.T.);
#1569=ORIENTED_EDGE('',*,*,#1169,.T.);
#1570=ORIENTED_EDGE('',*,*,#1170,.T.);
#1571=ORIENTED_EDGE('',*,*,#1171,.F.);
#1572=ORIENTED_EDGE('',*,*,#1172,.T.);
#1573=ORIENTED_EDGE('',*,*,#1173,.T.);
#1574=ORIENTED_EDGE('',*,*,#1169,.F.);
#1575=ORIENTED_EDGE('',*,*,#1166,.F.);
#1576=ORIENTED_EDGE('',*,*,#1174,.F.);
#1577=ORIENTED_EDGE('',*,*,#1175,.F.);
#1578=ORIENTED_EDGE('',*,*,#1096,.F.);
#1579=ORIENTED_EDGE('',*,*,#1173,.F.);
#1580=ORIENTED_EDGE('',*,*,#1176,.T.);
#1581=ORIENTED_EDGE('',*,*,#1177,.T.);
#1582=ORIENTED_EDGE('',*,*,#1178,.F.);
#1583=ORIENTED_EDGE('',*,*,#1174,.T.);
#1584=ORIENTED_EDGE('',*,*,#1170,.F.);
#1585=ORIENTED_EDGE('',*,*,#1179,.T.);
#1586=ORIENTED_EDGE('',*,*,#1180,.T.);
#1587=ORIENTED_EDGE('',*,*,#1079,.F.);
#1588=ORIENTED_EDGE('',*,*,#1181,.F.);
#1589=ORIENTED_EDGE('',*,*,#1180,.F.);
#1590=ORIENTED_EDGE('',*,*,#1182,.T.);
#1591=ORIENTED_EDGE('',*,*,#1183,.F.);
#1592=ORIENTED_EDGE('',*,*,#1110,.F.);
#1593=ORIENTED_EDGE('',*,*,#1165,.T.);
#1594=ORIENTED_EDGE('',*,*,#1080,.F.);
#1595=ORIENTED_EDGE('',*,*,#1183,.T.);
#1596=ORIENTED_EDGE('',*,*,#1184,.T.);
#1597=ORIENTED_EDGE('',*,*,#1185,.T.);
#1598=ORIENTED_EDGE('',*,*,#1111,.T.);
#1599=ORIENTED_EDGE('',*,*,#1186,.F.);
#1600=ORIENTED_EDGE('',*,*,#1187,.T.);
#1601=ORIENTED_EDGE('',*,*,#1188,.T.);
#1602=ORIENTED_EDGE('',*,*,#1161,.F.);
#1603=ORIENTED_EDGE('',*,*,#1118,.F.);
#1604=ORIENTED_EDGE('',*,*,#1163,.F.);
#1605=ORIENTED_EDGE('',*,*,#1189,.F.);
#1606=ORIENTED_EDGE('',*,*,#1167,.F.);
#1607=ORIENTED_EDGE('',*,*,#1094,.F.);
#1608=ORIENTED_EDGE('',*,*,#1171,.T.);
#1609=ORIENTED_EDGE('',*,*,#1168,.F.);
#1610=ORIENTED_EDGE('',*,*,#1189,.T.);
#1611=ORIENTED_EDGE('',*,*,#1162,.F.);
#1612=ORIENTED_EDGE('',*,*,#1188,.F.);
#1613=ORIENTED_EDGE('',*,*,#1190,.T.);
#1614=ORIENTED_EDGE('',*,*,#1191,.F.);
#1615=ORIENTED_EDGE('',*,*,#1192,.T.);
#1616=ORIENTED_EDGE('',*,*,#1193,.T.);
#1617=ORIENTED_EDGE('',*,*,#1141,.F.);
#1618=ORIENTED_EDGE('',*,*,#1186,.T.);
#1619=ORIENTED_EDGE('',*,*,#1160,.F.);
#1620=ORIENTED_EDGE('',*,*,#1164,.T.);
#1621=ORIENTED_EDGE('',*,*,#1142,.F.);
#1622=ORIENTED_EDGE('',*,*,#1193,.F.);
#1623=ORIENTED_EDGE('',*,*,#1194,.T.);
#1624=ORIENTED_EDGE('',*,*,#1195,.T.);
#1625=ORIENTED_EDGE('',*,*,#1146,.T.);
#1626=ORIENTED_EDGE('',*,*,#1150,.T.);
#1627=ORIENTED_EDGE('',*,*,#1196,.T.);
#1628=ORIENTED_EDGE('',*,*,#1197,.T.);
#1629=ORIENTED_EDGE('',*,*,#1198,.T.);
#1630=ORIENTED_EDGE('',*,*,#1148,.T.);
#1631=ORIENTED_EDGE('',*,*,#1106,.T.);
#1632=ORIENTED_EDGE('',*,*,#1196,.F.);
#1633=ORIENTED_EDGE('',*,*,#1149,.F.);
#1634=ORIENTED_EDGE('',*,*,#1198,.F.);
#1635=ORIENTED_EDGE('',*,*,#1199,.T.);
#1636=ORIENTED_EDGE('',*,*,#1200,.T.);
#1637=ORIENTED_EDGE('',*,*,#1201,.T.);
#1638=ORIENTED_EDGE('',*,*,#1084,.T.);
#1639=ORIENTED_EDGE('',*,*,#1097,.T.);
#1640=ORIENTED_EDGE('',*,*,#1175,.T.);
#1641=ORIENTED_EDGE('',*,*,#1178,.T.);
#1642=ORIENTED_EDGE('',*,*,#1202,.T.);
#1643=ORIENTED_EDGE('',*,*,#1203,.T.);
#1644=ORIENTED_EDGE('',*,*,#1177,.F.);
#1645=ORIENTED_EDGE('',*,*,#1204,.T.);
#1646=ORIENTED_EDGE('',*,*,#1205,.T.);
#1647=ORIENTED_EDGE('',*,*,#1202,.F.);
#1648=ORIENTED_EDGE('',*,*,#1181,.T.);
#1649=ORIENTED_EDGE('',*,*,#1078,.F.);
#1650=ORIENTED_EDGE('',*,*,#1085,.T.);
#1651=ORIENTED_EDGE('',*,*,#1203,.F.);
#1652=ORIENTED_EDGE('',*,*,#1205,.F.);
#1653=ORIENTED_EDGE('',*,*,#1206,.T.);
#1654=ORIENTED_EDGE('',*,*,#1185,.F.);
#1655=ORIENTED_EDGE('',*,*,#1207,.T.);
#1656=ORIENTED_EDGE('',*,*,#1199,.F.);
#1657=ORIENTED_EDGE('',*,*,#1197,.F.);
#1658=ORIENTED_EDGE('',*,*,#1105,.T.);
#1659=ORIENTED_EDGE('',*,*,#1112,.F.);
#1660=ORIENTED_EDGE('',*,*,#1191,.T.);
#1661=ORIENTED_EDGE('',*,*,#1140,.F.);
#1662=ORIENTED_EDGE('',*,*,#1147,.T.);
#1663=ORIENTED_EDGE('',*,*,#1195,.F.);
#1664=ORIENTED_EDGE('',*,*,#1201,.F.);
#1665=ORIENTED_EDGE('',*,*,#1208,.T.);
#1666=ORIENTED_EDGE('',*,*,#1209,.F.);
#1667=ORIENTED_EDGE('',*,*,#1210,.F.);
#1668=ORIENTED_EDGE('',*,*,#1211,.F.);
#1669=ORIENTED_EDGE('',*,*,#1125,.F.);
#1670=ORIENTED_EDGE('',*,*,#1212,.F.);
#1671=ORIENTED_EDGE('',*,*,#1213,.F.);
#1672=ORIENTED_EDGE('',*,*,#1214,.F.);
#1673=ORIENTED_EDGE('',*,*,#1215,.F.);
#1674=ORIENTED_EDGE('',*,*,#1216,.F.);
#1675=ORIENTED_EDGE('',*,*,#1217,.F.);
#1676=ORIENTED_EDGE('',*,*,#1218,.F.);
#1677=ORIENTED_EDGE('',*,*,#1219,.F.);
#1678=ORIENTED_EDGE('',*,*,#1220,.F.);
#1679=ORIENTED_EDGE('',*,*,#1221,.F.);
#1680=ORIENTED_EDGE('',*,*,#1222,.F.);
#1681=ORIENTED_EDGE('',*,*,#1069,.F.);
#1682=ORIENTED_EDGE('',*,*,#1032,.F.);
#1683=ORIENTED_EDGE('',*,*,#990,.F.);
#1684=ORIENTED_EDGE('',*,*,#1030,.F.);
#1685=ORIENTED_EDGE('',*,*,#1051,.T.);
#1686=ORIENTED_EDGE('',*,*,#1200,.F.);
#1687=ORIENTED_EDGE('',*,*,#1207,.F.);
#1688=ORIENTED_EDGE('',*,*,#1184,.F.);
#1689=ORIENTED_EDGE('',*,*,#1182,.F.);
#1690=ORIENTED_EDGE('',*,*,#1179,.F.);
#1691=ORIENTED_EDGE('',*,*,#1206,.F.);
#1692=ORIENTED_EDGE('',*,*,#1204,.F.);
#1693=ORIENTED_EDGE('',*,*,#1176,.F.);
#1694=ORIENTED_EDGE('',*,*,#1172,.F.);
#1695=ORIENTED_EDGE('',*,*,#1190,.F.);
#1696=ORIENTED_EDGE('',*,*,#1187,.F.);
#1697=ORIENTED_EDGE('',*,*,#1194,.F.);
#1698=ORIENTED_EDGE('',*,*,#1192,.F.);
#1699=ORIENTED_EDGE('',*,*,#1208,.F.);
#1700=ORIENTED_EDGE('',*,*,#1103,.F.);
#1701=ORIENTED_EDGE('',*,*,#1156,.T.);
#1702=ORIENTED_EDGE('',*,*,#1223,.T.);
#1703=ORIENTED_EDGE('',*,*,#1224,.T.);
#1704=ORIENTED_EDGE('',*,*,#1225,.T.);
#1705=ORIENTED_EDGE('',*,*,#1076,.F.);
#1706=ORIENTED_EDGE('',*,*,#1114,.T.);
#1707=ORIENTED_EDGE('',*,*,#1098,.F.);
#1708=ORIENTED_EDGE('',*,*,#1225,.F.);
#1709=ORIENTED_EDGE('',*,*,#1226,.T.);
#1710=ORIENTED_EDGE('',*,*,#1062,.T.);
#1711=ORIENTED_EDGE('',*,*,#1068,.T.);
#1712=ORIENTED_EDGE('',*,*,#1227,.F.);
#1713=ORIENTED_EDGE('',*,*,#1219,.T.);
#1714=ORIENTED_EDGE('',*,*,#1228,.F.);
#1715=ORIENTED_EDGE('',*,*,#1229,.T.);
#1716=ORIENTED_EDGE('',*,*,#1230,.T.);
#1717=ORIENTED_EDGE('',*,*,#1231,.T.);
#1718=ORIENTED_EDGE('',*,*,#1232,.F.);
#1719=ORIENTED_EDGE('',*,*,#1060,.T.);
#1720=ORIENTED_EDGE('',*,*,#1063,.T.);
#1721=ORIENTED_EDGE('',*,*,#1226,.F.);
#1722=ORIENTED_EDGE('',*,*,#1224,.F.);
#1723=ORIENTED_EDGE('',*,*,#1233,.F.);
#1724=ORIENTED_EDGE('',*,*,#1234,.F.);
#1725=ORIENTED_EDGE('',*,*,#1053,.F.);
#1726=ORIENTED_EDGE('',*,*,#1071,.F.);
#1727=ORIENTED_EDGE('',*,*,#1232,.T.);
#1728=ORIENTED_EDGE('',*,*,#1235,.T.);
#1729=ORIENTED_EDGE('',*,*,#1236,.T.);
#1730=ORIENTED_EDGE('',*,*,#1086,.T.);
#1731=ORIENTED_EDGE('',*,*,#1236,.F.);
#1732=ORIENTED_EDGE('',*,*,#1237,.T.);
#1733=ORIENTED_EDGE('',*,*,#1238,.F.);
#1734=ORIENTED_EDGE('',*,*,#1087,.T.);
#1735=ORIENTED_EDGE('',*,*,#1235,.F.);
#1736=ORIENTED_EDGE('',*,*,#1231,.F.);
#1737=ORIENTED_EDGE('',*,*,#1239,.F.);
#1738=ORIENTED_EDGE('',*,*,#1240,.F.);
#1739=ORIENTED_EDGE('',*,*,#1241,.F.);
#1740=ORIENTED_EDGE('',*,*,#1237,.F.);
#1741=ORIENTED_EDGE('',*,*,#1218,.T.);
#1742=ORIENTED_EDGE('',*,*,#1242,.T.);
#1743=ORIENTED_EDGE('',*,*,#1243,.T.);
#1744=ORIENTED_EDGE('',*,*,#1228,.T.);
#1745=ORIENTED_EDGE('',*,*,#1242,.F.);
#1746=ORIENTED_EDGE('',*,*,#1217,.T.);
#1747=ORIENTED_EDGE('',*,*,#1244,.F.);
#1748=ORIENTED_EDGE('',*,*,#1245,.T.);
#1749=ORIENTED_EDGE('',*,*,#1220,.T.);
#1750=ORIENTED_EDGE('',*,*,#1227,.T.);
#1751=ORIENTED_EDGE('',*,*,#1067,.T.);
#1752=ORIENTED_EDGE('',*,*,#1246,.T.);
#1753=ORIENTED_EDGE('',*,*,#1246,.F.);
#1754=ORIENTED_EDGE('',*,*,#1066,.T.);
#1755=ORIENTED_EDGE('',*,*,#1247,.F.);
#1756=ORIENTED_EDGE('',*,*,#1221,.T.);
#1757=ORIENTED_EDGE('',*,*,#1070,.F.);
#1758=ORIENTED_EDGE('',*,*,#1222,.T.);
#1759=ORIENTED_EDGE('',*,*,#1247,.T.);
#1760=ORIENTED_EDGE('',*,*,#1065,.T.);
#1761=ORIENTED_EDGE('',*,*,#1154,.T.);
#1762=ORIENTED_EDGE('',*,*,#1054,.T.);
#1763=ORIENTED_EDGE('',*,*,#1234,.T.);
#1764=ORIENTED_EDGE('',*,*,#1248,.T.);
#1765=ORIENTED_EDGE('',*,*,#1153,.T.);
#1766=ORIENTED_EDGE('',*,*,#1249,.T.);
#1767=ORIENTED_EDGE('',*,*,#1250,.T.);
#1768=ORIENTED_EDGE('',*,*,#1056,.T.);
#1769=ORIENTED_EDGE('',*,*,#1050,.F.);
#1770=ORIENTED_EDGE('',*,*,#1048,.T.);
#1771=ORIENTED_EDGE('',*,*,#1251,.T.);
#1772=ORIENTED_EDGE('',*,*,#1209,.T.);
#1773=ORIENTED_EDGE('',*,*,#1211,.T.);
#1774=ORIENTED_EDGE('',*,*,#1252,.T.);
#1775=ORIENTED_EDGE('',*,*,#1046,.T.);
#1776=ORIENTED_EDGE('',*,*,#1126,.T.);
#1777=ORIENTED_EDGE('',*,*,#1134,.F.);
#1778=ORIENTED_EDGE('',*,*,#1129,.T.);
#1779=ORIENTED_EDGE('',*,*,#1253,.T.);
#1780=ORIENTED_EDGE('',*,*,#1254,.T.);
#1781=ORIENTED_EDGE('',*,*,#1151,.T.);
#1782=ORIENTED_EDGE('',*,*,#1250,.F.);
#1783=ORIENTED_EDGE('',*,*,#1255,.F.);
#1784=ORIENTED_EDGE('',*,*,#1253,.F.);
#1785=ORIENTED_EDGE('',*,*,#1128,.F.);
#1786=ORIENTED_EDGE('',*,*,#1256,.F.);
#1787=ORIENTED_EDGE('',*,*,#1057,.F.);
#1788=ORIENTED_EDGE('',*,*,#1133,.F.);
#1789=ORIENTED_EDGE('',*,*,#1257,.F.);
#1790=ORIENTED_EDGE('',*,*,#1258,.F.);
#1791=ORIENTED_EDGE('',*,*,#1259,.F.);
#1792=ORIENTED_EDGE('',*,*,#1260,.T.);
#1793=ORIENTED_EDGE('',*,*,#1121,.F.);
#1794=ORIENTED_EDGE('',*,*,#1212,.T.);
#1795=ORIENTED_EDGE('',*,*,#1124,.T.);
#1796=ORIENTED_EDGE('',*,*,#1261,.T.);
#1797=ORIENTED_EDGE('',*,*,#1262,.T.);
#1798=ORIENTED_EDGE('',*,*,#1262,.F.);
#1799=ORIENTED_EDGE('',*,*,#1263,.T.);
#1800=ORIENTED_EDGE('',*,*,#1264,.F.);
#1801=ORIENTED_EDGE('',*,*,#1213,.T.);
#1802=ORIENTED_EDGE('',*,*,#1261,.F.);
#1803=ORIENTED_EDGE('',*,*,#1123,.F.);
#1804=ORIENTED_EDGE('',*,*,#1265,.F.);
#1805=ORIENTED_EDGE('',*,*,#1266,.F.);
#1806=ORIENTED_EDGE('',*,*,#1267,.F.);
#1807=ORIENTED_EDGE('',*,*,#1263,.F.);
#1808=ORIENTED_EDGE('',*,*,#1214,.T.);
#1809=ORIENTED_EDGE('',*,*,#1264,.T.);
#1810=ORIENTED_EDGE('',*,*,#1267,.T.);
#1811=ORIENTED_EDGE('',*,*,#1268,.T.);
#1812=ORIENTED_EDGE('',*,*,#1268,.F.);
#1813=ORIENTED_EDGE('',*,*,#1266,.T.);
#1814=ORIENTED_EDGE('',*,*,#1269,.T.);
#1815=ORIENTED_EDGE('',*,*,#1259,.T.);
#1816=ORIENTED_EDGE('',*,*,#1270,.F.);
#1817=ORIENTED_EDGE('',*,*,#1089,.T.);
#1818=ORIENTED_EDGE('',*,*,#1271,.F.);
#1819=ORIENTED_EDGE('',*,*,#1240,.T.);
#1820=ORIENTED_EDGE('',*,*,#1272,.T.);
#1821=ORIENTED_EDGE('',*,*,#1273,.T.);
#1822=ORIENTED_EDGE('',*,*,#1274,.F.);
#1823=ORIENTED_EDGE('',*,*,#1215,.T.);
#1824=ORIENTED_EDGE('',*,*,#1090,.T.);
#1825=ORIENTED_EDGE('',*,*,#1270,.T.);
#1826=ORIENTED_EDGE('',*,*,#1258,.T.);
#1827=ORIENTED_EDGE('',*,*,#1275,.T.);
#1828=ORIENTED_EDGE('',*,*,#1088,.T.);
#1829=ORIENTED_EDGE('',*,*,#1238,.T.);
#1830=ORIENTED_EDGE('',*,*,#1241,.T.);
#1831=ORIENTED_EDGE('',*,*,#1271,.T.);
#1832=ORIENTED_EDGE('',*,*,#1216,.T.);
#1833=ORIENTED_EDGE('',*,*,#1274,.T.);
#1834=ORIENTED_EDGE('',*,*,#1276,.T.);
#1835=ORIENTED_EDGE('',*,*,#1244,.T.);
#1836=ORIENTED_EDGE('',*,*,#1243,.F.);
#1837=ORIENTED_EDGE('',*,*,#1245,.F.);
#1838=ORIENTED_EDGE('',*,*,#1276,.F.);
#1839=ORIENTED_EDGE('',*,*,#1273,.F.);
#1840=ORIENTED_EDGE('',*,*,#1277,.T.);
#1841=ORIENTED_EDGE('',*,*,#1229,.F.);
#1842=ORIENTED_EDGE('',*,*,#1230,.F.);
#1843=ORIENTED_EDGE('',*,*,#1277,.F.);
#1844=ORIENTED_EDGE('',*,*,#1272,.F.);
#1845=ORIENTED_EDGE('',*,*,#1239,.T.);
#1846=ORIENTED_EDGE('',*,*,#1223,.F.);
#1847=ORIENTED_EDGE('',*,*,#1155,.T.);
#1848=ORIENTED_EDGE('',*,*,#1248,.F.);
#1849=ORIENTED_EDGE('',*,*,#1233,.T.);
#1850=ORIENTED_EDGE('',*,*,#1122,.F.);
#1851=ORIENTED_EDGE('',*,*,#1260,.F.);
#1852=ORIENTED_EDGE('',*,*,#1269,.F.);
#1853=ORIENTED_EDGE('',*,*,#1265,.T.);
#1854=ORIENTED_EDGE('',*,*,#1127,.F.);
#1855=ORIENTED_EDGE('',*,*,#1044,.F.);
#1856=ORIENTED_EDGE('',*,*,#1043,.F.);
#1857=ORIENTED_EDGE('',*,*,#1256,.T.);
#1858=ORIENTED_EDGE('',*,*,#1249,.F.);
#1859=ORIENTED_EDGE('',*,*,#1152,.T.);
#1860=ORIENTED_EDGE('',*,*,#1254,.F.);
#1861=ORIENTED_EDGE('',*,*,#1255,.T.);
#1862=ORIENTED_EDGE('',*,*,#1132,.F.);
#1863=ORIENTED_EDGE('',*,*,#1091,.T.);
#1864=ORIENTED_EDGE('',*,*,#1275,.F.);
#1865=ORIENTED_EDGE('',*,*,#1257,.T.);
#1866=ORIENTED_EDGE('',*,*,#1251,.F.);
#1867=ORIENTED_EDGE('',*,*,#1047,.T.);
#1868=ORIENTED_EDGE('',*,*,#1252,.F.);
#1869=ORIENTED_EDGE('',*,*,#1210,.T.);
#1870=B_SPLINE_SURFACE_WITH_KNOTS('',3,3,((#2697,#2698,#2699,#2700,#2701,
#2702),(#2703,#2704,#2705,#2706,#2707,#2708),(#2709,#2710,#2711,#2712,#2713,
#2714),(#2715,#2716,#2717,#2718,#2719,#2720),(#2721,#2722,#2723,#2724,#2725,
#2726)),.UNSPECIFIED.,.F.,.F.,.F.,(4,1,4),(4,1,1,4),(0.,0.571428571428571,
1.),(-0.0979566211458279,-0.0248927624527646,0.0238164766759442,0.0725257158046531),
 .UNSPECIFIED.);
#1871=B_SPLINE_SURFACE_WITH_KNOTS('',3,3,((#2797,#2798,#2799,#2800,#2801,
#2802,#2803),(#2804,#2805,#2806,#2807,#2808,#2809,#2810),(#2811,#2812,#2813,
#2814,#2815,#2816,#2817),(#2818,#2819,#2820,#2821,#2822,#2823,#2824),(#2825,
#2826,#2827,#2828,#2829,#2830,#2831),(#2832,#2833,#2834,#2835,#2836,#2837,
#2838)),.UNSPECIFIED.,.F.,.F.,.F.,(4,1,1,4),(4,1,1,1,4),(0.,0.285714285714286,
0.571428571428571,1.),(0.129038497333972,0.237616720988964,0.310002203425625,
0.346194944643956,0.382387685862286),.UNSPECIFIED.);
#1872=B_SPLINE_SURFACE_WITH_KNOTS('',3,3,((#2881,#2882,#2883,#2884,#2885,
#2886,#2887,#2888,#2889,#2890),(#2891,#2892,#2893,#2894,#2895,#2896,#2897,
#2898,#2899,#2900),(#2901,#2902,#2903,#2904,#2905,#2906,#2907,#2908,#2909,
#2910),(#2911,#2912,#2913,#2914,#2915,#2916,#2917,#2918,#2919,#2920),(#2921,
#2922,#2923,#2924,#2925,#2926,#2927,#2928,#2929,#2930)),.UNSPECIFIED.,.F.,
 .F.,.F.,(4,1,4),(4,1,1,1,1,1,1,4),(0.,0.571428571428571,1.),(-0.063041709414481,
-0.0233488467375067,0.0163440159394676,0.0957297412934162,0.108960695519074,
0.115576172631903,0.118883911188318,0.122191649744732),.UNSPECIFIED.);
#1873=B_SPLINE_SURFACE_WITH_KNOTS('',3,3,((#2979,#2980,#2981,#2982,#2983,
#2984),(#2985,#2986,#2987,#2988,#2989,#2990),(#2991,#2992,#2993,#2994,#2995,
#2996),(#2997,#2998,#2999,#3000,#3001,#3002),(#3003,#3004,#3005,#3006,#3007,
#3008)),.UNSPECIFIED.,.F.,.F.,.F.,(4,1,4),(4,1,1,4),(0.,0.571428571428571,
1.),(0.351022213944371,0.409585235367705,0.438866746079372,0.55599278892604),
 .UNSPECIFIED.);
#1874=B_SPLINE_SURFACE_WITH_KNOTS('',3,3,((#3039,#3040,#3041,#3042,#3043,
#3044,#3045),(#3046,#3047,#3048,#3049,#3050,#3051,#3052),(#3053,#3054,#3055,
#3056,#3057,#3058,#3059),(#3060,#3061,#3062,#3063,#3064,#3065,#3066),(#3067,
#3068,#3069,#3070,#3071,#3072,#3073)),.UNSPECIFIED.,.F.,.F.,.F.,(4,1,4),
(4,1,1,1,4),(0.,0.571428571428571,1.),(0.286464775331195,0.384374212423055,
0.449647170484296,0.482283649514916,0.514920128545536),.UNSPECIFIED.);
#1875=B_SPLINE_SURFACE_WITH_KNOTS('',3,3,((#3121,#3122,#3123,#3124,#3125,
#3126,#3127,#3128),(#3129,#3130,#3131,#3132,#3133,#3134,#3135,#3136),(#3137,
#3138,#3139,#3140,#3141,#3142,#3143,#3144),(#3145,#3146,#3147,#3148,#3149,
#3150,#3151,#3152),(#3153,#3154,#3155,#3156,#3157,#3158,#3159,#3160)),
 .UNSPECIFIED.,.F.,.F.,.F.,(4,1,4),(4,1,1,1,1,4),(0.,0.571428571428571,
1.),(0.25192590715452,0.284677010396746,0.350179216881197,0.415681423365648,
0.448432526607874,0.481183629850099),.UNSPECIFIED.);
#1876=ADVANCED_FACE('',(#193),#1870,.T.);
#1877=ADVANCED_FACE('',(#194),#142,.F.);
#1878=ADVANCED_FACE('',(#195),#1871,.T.);
#1879=ADVANCED_FACE('',(#196),#1872,.T.);
#1880=ADVANCED_FACE('',(#197),#73,.F.);
#1881=ADVANCED_FACE('',(#198),#143,.F.);
#1882=ADVANCED_FACE('',(#199),#1873,.T.);
#1883=ADVANCED_FACE('',(#200),#144,.T.);
#1884=ADVANCED_FACE('',(#201),#1874,.T.);
#1885=ADVANCED_FACE('',(#202),#145,.T.);
#1886=ADVANCED_FACE('',(#203),#1875,.T.);
#1887=ADVANCED_FACE('',(#204),#146,.T.);
#1888=ADVANCED_FACE('',(#205),#147,.F.);
#1889=ADVANCED_FACE('',(#206),#148,.F.);
#1890=ADVANCED_FACE('',(#207),#149,.T.);
#1891=ADVANCED_FACE('',(#208),#150,.F.);
#1892=ADVANCED_FACE('',(#209),#74,.F.);
#1893=ADVANCED_FACE('',(#210),#75,.F.);
#1894=ADVANCED_FACE('',(#211),#151,.F.);
#1895=ADVANCED_FACE('',(#212),#76,.F.);
#1896=ADVANCED_FACE('',(#213),#152,.T.);
#1897=ADVANCED_FACE('',(#214),#77,.F.);
#1898=ADVANCED_FACE('',(#215),#153,.T.);
#1899=ADVANCED_FACE('',(#216),#154,.T.);
#1900=ADVANCED_FACE('',(#217),#78,.F.);
#1901=ADVANCED_FACE('',(#218),#79,.T.);
#1902=ADVANCED_FACE('',(#219),#80,.F.);
#1903=ADVANCED_FACE('',(#220),#155,.F.);
#1904=ADVANCED_FACE('',(#221),#156,.F.);
#1905=ADVANCED_FACE('',(#222),#81,.T.);
#1906=ADVANCED_FACE('',(#223),#157,.F.);
#1907=ADVANCED_FACE('',(#224),#82,.F.);
#1908=ADVANCED_FACE('',(#225),#16,.T.);
#1909=ADVANCED_FACE('',(#226),#83,.T.);
#1910=ADVANCED_FACE('',(#227),#158,.T.);
#1911=ADVANCED_FACE('',(#228),#84,.T.);
#1912=ADVANCED_FACE('',(#229),#85,.T.);
#1913=ADVANCED_FACE('',(#230),#86,.F.);
#1914=ADVANCED_FACE('',(#231),#159,.F.);
#1915=ADVANCED_FACE('',(#232),#160,.F.);
#1916=ADVANCED_FACE('',(#233),#17,.T.);
#1917=ADVANCED_FACE('',(#234),#87,.F.);
#1918=ADVANCED_FACE('',(#235),#161,.F.);
#1919=ADVANCED_FACE('',(#236),#162,.F.);
#1920=ADVANCED_FACE('',(#237),#88,.F.);
#1921=ADVANCED_FACE('',(#238),#89,.F.);
#1922=ADVANCED_FACE('',(#239),#163,.F.);
#1923=ADVANCED_FACE('',(#240),#164,.T.);
#1924=ADVANCED_FACE('',(#241),#90,.F.);
#1925=ADVANCED_FACE('',(#242),#165,.T.);
#1926=ADVANCED_FACE('',(#243),#91,.F.);
#1927=ADVANCED_FACE('',(#244),#92,.F.);
#1928=ADVANCED_FACE('',(#245),#166,.F.);
#1929=ADVANCED_FACE('',(#246),#167,.T.);
#1930=ADVANCED_FACE('',(#247),#93,.F.);
#1931=ADVANCED_FACE('',(#248),#168,.T.);
#1932=ADVANCED_FACE('',(#249),#94,.F.);
#1933=ADVANCED_FACE('',(#250),#95,.F.);
#1934=ADVANCED_FACE('',(#251),#169,.F.);
#1935=ADVANCED_FACE('',(#252),#96,.F.);
#1936=ADVANCED_FACE('',(#253),#97,.F.);
#1937=ADVANCED_FACE('',(#254),#170,.T.);
#1938=ADVANCED_FACE('',(#255),#171,.T.);
#1939=ADVANCED_FACE('',(#256),#172,.T.);
#1940=ADVANCED_FACE('',(#257,#15),#173,.T.);
#1941=ADVANCED_FACE('',(#258),#98,.T.);
#1942=ADVANCED_FACE('',(#259),#174,.T.);
#1943=ADVANCED_FACE('',(#260),#175,.T.);
#1944=ADVANCED_FACE('',(#261),#99,.T.);
#1945=ADVANCED_FACE('',(#262),#176,.T.);
#1946=ADVANCED_FACE('',(#263),#177,.F.);
#1947=ADVANCED_FACE('',(#264),#100,.T.);
#1948=ADVANCED_FACE('',(#265),#178,.T.);
#1949=ADVANCED_FACE('',(#266),#101,.T.);
#1950=ADVANCED_FACE('',(#267),#179,.T.);
#1951=ADVANCED_FACE('',(#268),#102,.T.);
#1952=ADVANCED_FACE('',(#269),#103,.T.);
#1953=ADVANCED_FACE('',(#270),#104,.T.);
#1954=ADVANCED_FACE('',(#271),#105,.T.);
#1955=ADVANCED_FACE('',(#272),#106,.T.);
#1956=ADVANCED_FACE('',(#273),#107,.T.);
#1957=ADVANCED_FACE('',(#274),#180,.F.);
#1958=ADVANCED_FACE('',(#275),#181,.T.);
#1959=ADVANCED_FACE('',(#276),#108,.T.);
#1960=ADVANCED_FACE('',(#277),#182,.T.);
#1961=ADVANCED_FACE('',(#278),#183,.T.);
#1962=ADVANCED_FACE('',(#279),#109,.T.);
#1963=ADVANCED_FACE('',(#280),#184,.T.);
#1964=ADVANCED_FACE('',(#281),#110,.T.);
#1965=ADVANCED_FACE('',(#282),#111,.T.);
#1966=ADVANCED_FACE('',(#283),#112,.T.);
#1967=ADVANCED_FACE('',(#284),#185,.F.);
#1968=ADVANCED_FACE('',(#285),#186,.F.);
#1969=ADVANCED_FACE('',(#286),#187,.T.);
#1970=ADVANCED_FACE('',(#287),#188,.T.);
#1971=ADVANCED_FACE('',(#288),#189,.F.);
#1972=ADVANCED_FACE('',(#289),#190,.T.);
#1973=ADVANCED_FACE('',(#290),#191,.T.);
#1974=ADVANCED_FACE('',(#291),#192,.T.);
#1975=CLOSED_SHELL('',(#1876,#1877,#1878,#1879,#1880,#1881,#1882,#1883,
#1884,#1885,#1886,#1887,#1888,#1889,#1890,#1891,#1892,#1893,#1894,#1895,
#1896,#1897,#1898,#1899,#1900,#1901,#1902,#1903,#1904,#1905,#1906,#1907,
#1908,#1909,#1910,#1911,#1912,#1913,#1914,#1915,#1916,#1917,#1918,#1919,
#1920,#1921,#1922,#1923,#1924,#1925,#1926,#1927,#1928,#1929,#1930,#1931,
#1932,#1933,#1934,#1935,#1936,#1937,#1938,#1939,#1940,#1941,#1942,#1943,
#1944,#1945,#1946,#1947,#1948,#1949,#1950,#1951,#1952,#1953,#1954,#1955,
#1956,#1957,#1958,#1959,#1960,#1961,#1962,#1963,#1964,#1965,#1966,#1967,
#1968,#1969,#1970,#1971,#1972,#1973,#1974));
#1976=DERIVED_UNIT_ELEMENT(#1978,1.);
#1977=DERIVED_UNIT_ELEMENT(#3818,-3.);
#1978=(
MASS_UNIT()
NAMED_UNIT(*)
SI_UNIT(.KILO.,.GRAM.)
);
#1979=DERIVED_UNIT((#1976,#1977));
#1980=MEASURE_REPRESENTATION_ITEM('density measure',
POSITIVE_RATIO_MEASURE(1200.),#1979);
#1981=PROPERTY_DEFINITION_REPRESENTATION(#1986,#1983);
#1982=PROPERTY_DEFINITION_REPRESENTATION(#1987,#1984);
#1983=REPRESENTATION('material name',(#1985),#3815);
#1984=REPRESENTATION('density',(#1980),#3815);
#1985=DESCRIPTIVE_REPRESENTATION_ITEM('Polycarbonate, Clear',
'Polycarbonate, Clear');
#1986=PROPERTY_DEFINITION('material property','material name',#3825);
#1987=PROPERTY_DEFINITION('material property','density of part',#3825);
#1988=AXIS2_PLACEMENT_3D('',#2696,#2164,#2165);
#1989=AXIS2_PLACEMENT_3D('',#2763,#2167,#2168);
#1990=AXIS2_PLACEMENT_3D('',#2946,#2176,#2177);
#1991=AXIS2_PLACEMENT_3D('',#2957,#2178,#2179);
#1992=AXIS2_PLACEMENT_3D('',#2960,#2182,#2183);
#1993=AXIS2_PLACEMENT_3D('',#3031,#2189,#2190);
#1994=AXIS2_PLACEMENT_3D('',#3117,#2196,#2197);
#1995=AXIS2_PLACEMENT_3D('',#3209,#2201,#2202);
#1996=AXIS2_PLACEMENT_3D('',#3213,#2205,#2206);
#1997=AXIS2_PLACEMENT_3D('',#3215,#2207,#2208);
#1998=AXIS2_PLACEMENT_3D('',#3223,#2213,#2214);
#1999=AXIS2_PLACEMENT_3D('',#3233,#2220,#2221);
#2000=AXIS2_PLACEMENT_3D('',#3234,#2222,#2223);
#2001=AXIS2_PLACEMENT_3D('',#3236,#2225,#2226);
#2002=AXIS2_PLACEMENT_3D('',#3237,#2227,#2228);
#2003=AXIS2_PLACEMENT_3D('',#3253,#2230,#2231);
#2004=AXIS2_PLACEMENT_3D('',#3255,#2232,#2233);
#2005=AXIS2_PLACEMENT_3D('',#3259,#2236,#2237);
#2006=AXIS2_PLACEMENT_3D('',#3265,#2240,#2241);
#2007=AXIS2_PLACEMENT_3D('',#3269,#2243,#2244);
#2008=AXIS2_PLACEMENT_3D('',#3270,#2245,#2246);
#2009=AXIS2_PLACEMENT_3D('',#3271,#2247,#2248);
#2010=AXIS2_PLACEMENT_3D('',#3274,#2250,#2251);
#2011=AXIS2_PLACEMENT_3D('',#3275,#2252,#2253);
#2012=AXIS2_PLACEMENT_3D('',#3287,#2260,#2261);
#2013=AXIS2_PLACEMENT_3D('',#3289,#2262,#2263);
#2014=AXIS2_PLACEMENT_3D('',#3292,#2265,#2266);
#2015=AXIS2_PLACEMENT_3D('',#3293,#2267,#2268);
#2016=AXIS2_PLACEMENT_3D('',#3299,#2272,#2273);
#2017=AXIS2_PLACEMENT_3D('',#3301,#2274,#2275);
#2018=AXIS2_PLACEMENT_3D('',#3303,#2276,#2277);
#2019=AXIS2_PLACEMENT_3D('',#3307,#2279,#2280);
#2020=AXIS2_PLACEMENT_3D('',#3309,#2282,#2283);
#2021=AXIS2_PLACEMENT_3D('',#3311,#2284,#2285);
#2022=AXIS2_PLACEMENT_3D('',#3313,#2287,#2288);
#2023=AXIS2_PLACEMENT_3D('',#3325,#2290,#2291);
#2024=AXIS2_PLACEMENT_3D('',#3337,#2293,#2294);
#2025=AXIS2_PLACEMENT_3D('',#3338,#2295,#2296);
#2026=AXIS2_PLACEMENT_3D('',#3342,#2298,#2299);
#2027=AXIS2_PLACEMENT_3D('',#3344,#2300,#2301);
#2028=AXIS2_PLACEMENT_3D('',#3346,#2302,#2303);
#2029=AXIS2_PLACEMENT_3D('',#3355,#2305,#2306);
#2030=AXIS2_PLACEMENT_3D('',#3361,#2310,#2311);
#2031=AXIS2_PLACEMENT_3D('',#3363,#2312,#2313);
#2032=AXIS2_PLACEMENT_3D('',#3367,#2315,#2316);
#2033=AXIS2_PLACEMENT_3D('',#3371,#2318,#2319);
#2034=AXIS2_PLACEMENT_3D('',#3375,#2321,#2322);
#2035=AXIS2_PLACEMENT_3D('',#3381,#2325,#2326);
#2036=AXIS2_PLACEMENT_3D('',#3384,#2328,#2329);
#2037=AXIS2_PLACEMENT_3D('',#3385,#2330,#2331);
#2038=AXIS2_PLACEMENT_3D('',#3388,#2332,#2333);
#2039=AXIS2_PLACEMENT_3D('',#3401,#2335,#2336);
#2040=AXIS2_PLACEMENT_3D('',#3410,#2338,#2339);
#2041=AXIS2_PLACEMENT_3D('',#3418,#2344,#2345);
#2042=AXIS2_PLACEMENT_3D('',#3429,#2347,#2348);
#2043=AXIS2_PLACEMENT_3D('',#3431,#2349,#2350);
#2044=AXIS2_PLACEMENT_3D('',#3432,#2351,#2352);
#2045=AXIS2_PLACEMENT_3D('',#3443,#2353,#2354);
#2046=AXIS2_PLACEMENT_3D('',#3444,#2355,#2356);
#2047=AXIS2_PLACEMENT_3D('',#3445,#2357,#2358);
#2048=AXIS2_PLACEMENT_3D('',#3448,#2359,#2360);
#2049=AXIS2_PLACEMENT_3D('',#3460,#2362,#2363);
#2050=AXIS2_PLACEMENT_3D('',#3467,#2364,#2365);
#2051=AXIS2_PLACEMENT_3D('',#3488,#2376,#2377);
#2052=AXIS2_PLACEMENT_3D('',#3489,#2378,#2379);
#2053=AXIS2_PLACEMENT_3D('',#3490,#2380,#2381);
#2054=AXIS2_PLACEMENT_3D('',#3493,#2383,#2384);
#2055=AXIS2_PLACEMENT_3D('',#3494,#2385,#2386);
#2056=AXIS2_PLACEMENT_3D('',#3505,#2388,#2389);
#2057=AXIS2_PLACEMENT_3D('',#3516,#2391,#2392);
#2058=AXIS2_PLACEMENT_3D('',#3520,#2394,#2395);
#2059=AXIS2_PLACEMENT_3D('',#3522,#2396,#2397);
#2060=AXIS2_PLACEMENT_3D('',#3524,#2398,#2399);
#2061=AXIS2_PLACEMENT_3D('',#3533,#2401,#2402);
#2062=AXIS2_PLACEMENT_3D('',#3539,#2406,#2407);
#2063=AXIS2_PLACEMENT_3D('',#3541,#2408,#2409);
#2064=AXIS2_PLACEMENT_3D('',#3544,#2411,#2412);
#2065=AXIS2_PLACEMENT_3D('',#3546,#2413,#2414);
#2066=AXIS2_PLACEMENT_3D('',#3549,#2416,#2417);
#2067=AXIS2_PLACEMENT_3D('',#3551,#2418,#2419);
#2068=AXIS2_PLACEMENT_3D('',#3554,#2421,#2422);
#2069=AXIS2_PLACEMENT_3D('',#3566,#2423,#2424);
#2070=AXIS2_PLACEMENT_3D('',#3573,#2425,#2426);
#2071=AXIS2_PLACEMENT_3D('',#3577,#2428,#2429);
#2072=AXIS2_PLACEMENT_3D('',#3579,#2430,#2431);
#2073=AXIS2_PLACEMENT_3D('',#3581,#2432,#2433);
#2074=AXIS2_PLACEMENT_3D('',#3583,#2435,#2436);
#2075=AXIS2_PLACEMENT_3D('',#3585,#2438,#2439);
#2076=AXIS2_PLACEMENT_3D('',#3587,#2441,#2442);
#2077=AXIS2_PLACEMENT_3D('',#3593,#2445,#2446);
#2078=AXIS2_PLACEMENT_3D('',#3595,#2447,#2448);
#2079=AXIS2_PLACEMENT_3D('',#3596,#2449,#2450);
#2080=AXIS2_PLACEMENT_3D('',#3597,#2451,#2452);
#2081=AXIS2_PLACEMENT_3D('',#3601,#2454,#2455);
#2082=AXIS2_PLACEMENT_3D('',#3603,#2457,#2458);
#2083=AXIS2_PLACEMENT_3D('',#3607,#2461,#2462);
#2084=AXIS2_PLACEMENT_3D('',#3612,#2465,#2466);
#2085=AXIS2_PLACEMENT_3D('',#3613,#2467,#2468);
#2086=AXIS2_PLACEMENT_3D('',#3616,#2469,#2470);
#2087=AXIS2_PLACEMENT_3D('',#3619,#2473,#2474);
#2088=AXIS2_PLACEMENT_3D('',#3623,#2477,#2478);
#2089=AXIS2_PLACEMENT_3D('',#3625,#2479,#2480);
#2090=AXIS2_PLACEMENT_3D('',#3627,#2482,#2483);
#2091=AXIS2_PLACEMENT_3D('',#3631,#2485,#2486);
#2092=AXIS2_PLACEMENT_3D('',#3633,#2488,#2489);
#2093=AXIS2_PLACEMENT_3D('',#3635,#2491,#2492);
#2094=AXIS2_PLACEMENT_3D('',#3637,#2494,#2495);
#2095=AXIS2_PLACEMENT_3D('',#3641,#2497,#2498);
#2096=AXIS2_PLACEMENT_3D('',#3643,#2500,#2501);
#2097=AXIS2_PLACEMENT_3D('',#3645,#2503,#2504);
#2098=AXIS2_PLACEMENT_3D('',#3647,#2505,#2506);
#2099=AXIS2_PLACEMENT_3D('',#3649,#2508,#2509);
#2100=AXIS2_PLACEMENT_3D('',#3651,#2510,#2511);
#2101=AXIS2_PLACEMENT_3D('',#3653,#2513,#2514);
#2102=AXIS2_PLACEMENT_3D('',#3659,#2518,#2519);
#2103=AXIS2_PLACEMENT_3D('',#3661,#2520,#2521);
#2104=AXIS2_PLACEMENT_3D('',#3662,#2522,#2523);
#2105=AXIS2_PLACEMENT_3D('',#3663,#2524,#2525);
#2106=AXIS2_PLACEMENT_3D('',#3665,#2526,#2527);
#2107=AXIS2_PLACEMENT_3D('',#3667,#2529,#2530);
#2108=AXIS2_PLACEMENT_3D('',#3669,#2532,#2533);
#2109=AXIS2_PLACEMENT_3D('',#3671,#2535,#2536);
#2110=AXIS2_PLACEMENT_3D('',#3673,#2538,#2539);
#2111=AXIS2_PLACEMENT_3D('',#3675,#2540,#2541);
#2112=AXIS2_PLACEMENT_3D('',#3678,#2543,#2544);
#2113=AXIS2_PLACEMENT_3D('',#3680,#2545,#2546);
#2114=AXIS2_PLACEMENT_3D('',#3684,#2548,#2549);
#2115=AXIS2_PLACEMENT_3D('',#3688,#2551,#2552);
#2116=AXIS2_PLACEMENT_3D('',#3692,#2554,#2555);
#2117=AXIS2_PLACEMENT_3D('',#3696,#2557,#2558);
#2118=AXIS2_PLACEMENT_3D('',#3699,#2560,#2561);
#2119=AXIS2_PLACEMENT_3D('',#3700,#2562,#2563);
#2120=AXIS2_PLACEMENT_3D('',#3704,#2565,#2566);
#2121=AXIS2_PLACEMENT_3D('',#3706,#2568,#2569);
#2122=AXIS2_PLACEMENT_3D('',#3718,#2577,#2578);
#2123=AXIS2_PLACEMENT_3D('',#3721,#2580,#2581);
#2124=AXIS2_PLACEMENT_3D('',#3722,#2582,#2583);
#2125=AXIS2_PLACEMENT_3D('',#3724,#2584,#2585);
#2126=AXIS2_PLACEMENT_3D('',#3726,#2587,#2588);
#2127=AXIS2_PLACEMENT_3D('',#3730,#2591,#2592);
#2128=AXIS2_PLACEMENT_3D('',#3735,#2595,#2596);
#2129=AXIS2_PLACEMENT_3D('',#3736,#2597,#2598);
#2130=AXIS2_PLACEMENT_3D('',#3739,#2600,#2601);
#2131=AXIS2_PLACEMENT_3D('',#3740,#2602,#2603);
#2132=AXIS2_PLACEMENT_3D('',#3744,#2606,#2607);
#2133=AXIS2_PLACEMENT_3D('',#3746,#2609,#2610);
#2134=AXIS2_PLACEMENT_3D('',#3748,#2612,#2613);
#2135=AXIS2_PLACEMENT_3D('',#3749,#2614,#2615);
#2136=AXIS2_PLACEMENT_3D('',#3751,#2617,#2618);
#2137=AXIS2_PLACEMENT_3D('',#3754,#2620,#2621);
#2138=AXIS2_PLACEMENT_3D('',#3755,#2622,#2623);
#2139=AXIS2_PLACEMENT_3D('',#3757,#2625,#2626);
#2140=AXIS2_PLACEMENT_3D('',#3759,#2628,#2629);
#2141=AXIS2_PLACEMENT_3D('',#3761,#2630,#2631);
#2142=AXIS2_PLACEMENT_3D('',#3763,#2633,#2634);
#2143=AXIS2_PLACEMENT_3D('',#3766,#2637,#2638);
#2144=AXIS2_PLACEMENT_3D('',#3770,#2640,#2641);
#2145=AXIS2_PLACEMENT_3D('',#3774,#2644,#2645);
#2146=AXIS2_PLACEMENT_3D('',#3776,#2646,#2647);
#2147=AXIS2_PLACEMENT_3D('',#3778,#2649,#2650);
#2148=AXIS2_PLACEMENT_3D('',#3782,#2653,#2654);
#2149=AXIS2_PLACEMENT_3D('',#3787,#2657,#2658);
#2150=AXIS2_PLACEMENT_3D('',#3788,#2659,#2660);
#2151=AXIS2_PLACEMENT_3D('',#3790,#2662,#2663);
#2152=AXIS2_PLACEMENT_3D('',#3799,#2670,#2671);
#2153=AXIS2_PLACEMENT_3D('',#3801,#2673,#2674);
#2154=AXIS2_PLACEMENT_3D('',#3802,#2675,#2676);
#2155=AXIS2_PLACEMENT_3D('',#3803,#2677,#2678);
#2156=AXIS2_PLACEMENT_3D('',#3804,#2679,#2680);
#2157=AXIS2_PLACEMENT_3D('',#3806,#2682,#2683);
#2158=AXIS2_PLACEMENT_3D('',#3807,#2684,#2685);
#2159=AXIS2_PLACEMENT_3D('',#3808,#2686,#2687);
#2160=AXIS2_PLACEMENT_3D('',#3809,#2688,#2689);
#2161=AXIS2_PLACEMENT_3D('',#3810,#2690,#2691);
#2162=AXIS2_PLACEMENT_3D('',#3811,#2692,#2693);
#2163=AXIS2_PLACEMENT_3D('',#3812,#2694,#2695);
#2164=DIRECTION('axis',(0.,0.,1.));
#2165=DIRECTION('refdir',(1.,0.,0.));
#2166=DIRECTION('',(0.617245925296858,0.341795949931852,0.708648711502821));
#2167=DIRECTION('center_axis',(0.,-0.521018374829099,-0.853545460470879));
#2168=DIRECTION('ref_axis',(-1.,0.,0.));
#2169=DIRECTION('',(1.41374466868911E-16,-0.853545460470879,0.521018374829099));
#2170=DIRECTION('',(-2.11383532648105E-16,-0.853545460470879,0.521018374829099));
#2171=DIRECTION('',(0.,-0.853545460470879,0.521018374829099));
#2172=DIRECTION('',(-1.,0.,0.));
#2173=DIRECTION('',(0.,-0.853545460470879,0.521018374829099));
#2174=DIRECTION('',(0.,0.434429159588371,0.900706003809979));
#2175=DIRECTION('',(-0.61613125626241,0.342175301544162,0.709435224717286));
#2176=DIRECTION('center_axis',(9.92930522118488E-16,-0.85354546047088,0.521018374829097));
#2177=DIRECTION('ref_axis',(0.78618347084753,0.321985793716339,0.527485259330524));
#2178=DIRECTION('center_axis',(-2.11825178051944E-16,-0.853545460470879,
0.521018374829099));
#2179=DIRECTION('ref_axis',(0.78618347084753,0.32198579371634,0.527485259330523));
#2180=DIRECTION('',(-2.11825178051944E-16,-0.853545460470879,0.521018374829099));
#2181=DIRECTION('',(-2.11825178051944E-16,-0.853545460470879,0.521018374829099));
#2182=DIRECTION('center_axis',(0.,0.521018374829099,0.853545460470879));
#2183=DIRECTION('ref_axis',(1.,0.,0.));
#2184=DIRECTION('',(2.11619255004145E-16,-0.853545460470879,0.521018374829099));
#2185=DIRECTION('',(0.,-0.853545460470879,0.521018374829099));
#2186=DIRECTION('',(-1.,0.,0.));
#2187=DIRECTION('',(0.,-0.853545460470879,0.521018374829099));
#2188=DIRECTION('',(0.,-0.434429159588371,-0.900706003809979));
#2189=DIRECTION('center_axis',(0.786948492425754,-0.321478077830228,-0.526653506343036));
#2190=DIRECTION('ref_axis',(-0.615156120622468,-0.342506260212428,-0.710121404392243));
#2191=DIRECTION('',(0.,-0.853545460470879,0.521018374829099));
#2192=DIRECTION('',(0.,-0.853545460470879,0.521018374829099));
#2193=DIRECTION('',(0.615156120622468,0.342506260212428,0.710121404392243));
#2194=DIRECTION('',(0.,0.853545460470879,-0.521018374829099));
#2195=DIRECTION('',(0.,-0.434429159588371,-0.900706003809979));
#2196=DIRECTION('center_axis',(0.787826050627156,0.320894076699709,0.525696780941503));
#2197=DIRECTION('ref_axis',(0.614034490233631,-0.342885896578357,-0.710908507989024));
#2198=DIRECTION('',(0.,0.853545460470879,-0.521018374829099));
#2199=DIRECTION('',(-0.614034490233631,0.342885896578359,0.710908507989023));
#2200=DIRECTION('',(0.,0.434429159588371,0.900706003809979));
#2201=DIRECTION('center_axis',(-0.785306603953181,0.322566148374692,0.528436010989257));
#2202=DIRECTION('ref_axis',(0.617245925296858,0.341795949931852,0.708648711502821));
#2203=DIRECTION('',(0.,0.853545460470879,-0.521018374829099));
#2204=DIRECTION('',(-0.617245925296858,-0.341795949931851,-0.708648711502821));
#2205=DIRECTION('center_axis',(-1.,0.,0.));
#2206=DIRECTION('ref_axis',(0.,0.,1.));
#2207=DIRECTION('center_axis',(1.,0.,0.));
#2208=DIRECTION('ref_axis',(0.,0.872071778820155,0.489377985391099));
#2209=DIRECTION('',(0.,0.,-1.));
#2210=DIRECTION('',(0.,-0.970477665059493,0.241191006508688));
#2211=DIRECTION('',(0.,0.,-1.));
#2212=DIRECTION('',(0.,1.,0.));
#2213=DIRECTION('center_axis',(1.,0.,0.));
#2214=DIRECTION('ref_axis',(0.,0.,-1.));
#2215=DIRECTION('',(0.,0.853545460470879,-0.521018374829099));
#2216=DIRECTION('',(0.,-1.,0.));
#2217=DIRECTION('',(0.,0.,1.));
#2218=DIRECTION('',(0.,0.970477665059493,-0.241191006508688));
#2219=DIRECTION('',(0.,0.,1.));
#2220=DIRECTION('center_axis',(-1.,0.,0.));
#2221=DIRECTION('ref_axis',(0.,0.872071778820155,0.489377985391099));
#2222=DIRECTION('center_axis',(-0.78618347084753,-0.32198579371634,-0.527485259330523));
#2223=DIRECTION('ref_axis',(-0.61613125626241,0.342175301544162,0.709435224717286));
#2224=DIRECTION('',(0.61613125626241,-0.342175301544164,-0.709435224717285));
#2225=DIRECTION('center_axis',(0.,0.900706003809978,-0.434429159588372));
#2226=DIRECTION('ref_axis',(0.,0.434429159588372,0.900706003809978));
#2227=DIRECTION('center_axis',(-1.,0.,0.));
#2228=DIRECTION('ref_axis',(0.,0.872071778820155,0.489377985391099));
#2229=DIRECTION('',(1.,0.,0.));
#2230=DIRECTION('center_axis',(0.,0.,1.));
#2231=DIRECTION('ref_axis',(-0.969499999999983,0.245091309515523,0.));
#2232=DIRECTION('center_axis',(0.306146745892071,-0.229610059419053,-0.923879532511287));
#2233=DIRECTION('ref_axis',(-0.73910362600903,0.554327719506771,-0.382683432365089));
#2234=DIRECTION('',(0.,0.,-1.));
#2235=DIRECTION('',(0.,0.,1.));
#2236=DIRECTION('center_axis',(-0.306146745892071,0.229610059419053,0.923879532511287));
#2237=DIRECTION('ref_axis',(0.949240677291761,0.,0.314550689992375));
#2238=DIRECTION('',(0.599999999999999,0.800000000000001,0.));
#2239=DIRECTION('',(0.,0.970477665059493,-0.241191006508688));
#2240=DIRECTION('center_axis',(-0.306146745892071,0.229610059419053,0.923879532511287));
#2241=DIRECTION('ref_axis',(0.739103626009031,-0.554327719506771,0.382683432365089));
#2242=DIRECTION('',(0.599999999999999,0.800000000000001,0.));
#2243=DIRECTION('center_axis',(-0.306146745892071,0.229610059419053,0.923879532511287));
#2244=DIRECTION('ref_axis',(0.739103626009031,-0.554327719506771,0.382683432365089));
#2245=DIRECTION('center_axis',(0.306146745892071,-0.229610059419053,-0.923879532511287));
#2246=DIRECTION('ref_axis',(0.739103626009031,-0.554327719506771,0.382683432365089));
#2247=DIRECTION('center_axis',(0.,0.,-1.));
#2248=DIRECTION('ref_axis',(1.,0.,0.));
#2249=DIRECTION('',(0.,0.,1.));
#2250=DIRECTION('center_axis',(0.,0.,1.));
#2251=DIRECTION('ref_axis',(1.,0.,0.));
#2252=DIRECTION('center_axis',(0.,-1.,0.));
#2253=DIRECTION('ref_axis',(0.,0.,-1.));
#2254=DIRECTION('',(0.,0.,1.));
#2255=DIRECTION('',(-0.94924067729176,0.,-0.314550689992377));
#2256=DIRECTION('',(0.,0.,1.));
#2257=DIRECTION('',(1.,0.,0.));
#2258=DIRECTION('',(0.,0.,-1.));
#2259=DIRECTION('',(-0.94924067729176,0.,0.314550689992377));
#2260=DIRECTION('center_axis',(0.,0.,-1.));
#2261=DIRECTION('ref_axis',(0.800000000000001,0.599999999999999,0.));
#2262=DIRECTION('center_axis',(-0.306146745892071,-0.229610059419053,-0.923879532511287));
#2263=DIRECTION('ref_axis',(0.739103626009031,0.554327719506771,-0.382683432365089));
#2264=DIRECTION('',(0.,0.,-1.));
#2265=DIRECTION('center_axis',(-0.306146745892073,-0.229610059419054,0.923879532511287));
#2266=DIRECTION('ref_axis',(0.73910362600903,0.554327719506771,0.38268343236509));
#2267=DIRECTION('center_axis',(-0.800000000000001,-0.599999999999999,0.));
#2268=DIRECTION('ref_axis',(0.,0.,1.));
#2269=DIRECTION('',(-0.599999999999999,0.800000000000001,0.));
#2270=DIRECTION('',(0.,0.,1.));
#2271=DIRECTION('',(-0.599999999999999,0.800000000000001,0.));
#2272=DIRECTION('center_axis',(-0.306146745892071,-0.229610059419053,-0.923879532511287));
#2273=DIRECTION('ref_axis',(-0.949240677291761,0.,0.314550689992375));
#2274=DIRECTION('center_axis',(-0.306146745892071,-0.229610059419053,-0.923879532511287));
#2275=DIRECTION('ref_axis',(-0.739103626009031,-0.554327719506771,0.382683432365089));
#2276=DIRECTION('center_axis',(0.306146745892071,0.229610059419053,0.923879532511287));
#2277=DIRECTION('ref_axis',(-0.73910362600903,-0.554327719506771,0.382683432365089));
#2278=DIRECTION('',(0.6,-0.8,-6.60933208341615E-16));
#2279=DIRECTION('center_axis',(0.306146745892071,0.229610059419053,0.923879532511287));
#2280=DIRECTION('ref_axis',(-0.739103626009031,-0.554327719506771,0.382683432365089));
#2281=DIRECTION('',(0.,-0.970477665059493,0.241191006508688));
#2282=DIRECTION('center_axis',(0.,0.,1.));
#2283=DIRECTION('ref_axis',(-1.,0.,0.));
#2284=DIRECTION('center_axis',(0.,0.,1.));
#2285=DIRECTION('ref_axis',(-1.,0.,0.));
#2286=DIRECTION('',(0.,0.,-1.));
#2287=DIRECTION('center_axis',(-1.,0.,0.));
#2288=DIRECTION('ref_axis',(0.,-0.231476075796788,-0.97284059656951));
#2289=DIRECTION('',(1.,0.,0.));
#2290=DIRECTION('center_axis',(-0.800000000000001,0.599999999999999,0.));
#2291=DIRECTION('ref_axis',(-0.599999999999999,-0.8,-2.18547839493141E-17));
#2292=DIRECTION('',(-1.,0.,0.));
#2293=DIRECTION('center_axis',(1.,0.,0.));
#2294=DIRECTION('ref_axis',(0.,-0.231476075796788,-0.97284059656951));
#2295=DIRECTION('center_axis',(0.,0.,-1.));
#2296=DIRECTION('ref_axis',(-0.948683298050514,0.316227766016837,0.));
#2297=DIRECTION('',(0.,0.,1.));
#2298=DIRECTION('center_axis',(0.565685424949238,-0.424264068711928,0.707106781186548));
#2299=DIRECTION('ref_axis',(-0.565685424949239,0.424264068711928,0.707106781186547));
#2300=DIRECTION('center_axis',(-0.374551410723205,0.124850470241068,0.918761993557549));
#2301=DIRECTION('ref_axis',(0.87161415817164,-0.29053805272388,0.394811852904847));
#2302=DIRECTION('center_axis',(0.707106781186548,0.,0.707106781186547));
#2303=DIRECTION('ref_axis',(-0.707106781186547,3.09073318638538E-17,0.707106781186548));
#2304=DIRECTION('',(0.,0.,-1.));
#2305=DIRECTION('center_axis',(-0.800000000000001,0.599999999999999,0.));
#2306=DIRECTION('ref_axis',(-0.599999999999999,-0.8,0.));
#2307=DIRECTION('',(-0.599999999999999,-0.8,0.));
#2308=DIRECTION('',(0.,0.,-1.));
#2309=DIRECTION('',(0.599999999999999,0.8,0.));
#2310=DIRECTION('center_axis',(0.,0.,1.));
#2311=DIRECTION('ref_axis',(1.,0.,0.));
#2312=DIRECTION('center_axis',(0.,0.,1.));
#2313=DIRECTION('ref_axis',(-0.948683298050514,0.316227766016837,0.));
#2314=DIRECTION('',(-0.599999999999999,-0.800000000000001,0.));
#2315=DIRECTION('center_axis',(0.,0.,1.));
#2316=DIRECTION('ref_axis',(-0.447213595499959,0.894427190999916,0.));
#2317=DIRECTION('',(-1.,0.,0.));
#2318=DIRECTION('center_axis',(0.,0.,1.));
#2319=DIRECTION('ref_axis',(0.447213595499958,0.894427190999916,0.));
#2320=DIRECTION('',(-0.6,0.8,0.));
#2321=DIRECTION('center_axis',(0.,0.,1.));
#2322=DIRECTION('ref_axis',(0.948683298050514,0.316227766016838,0.));
#2323=DIRECTION('',(1.,0.,0.));
#2324=DIRECTION('',(-0.599999999999999,0.8,0.));
#2325=DIRECTION('center_axis',(0.,0.,-1.));
#2326=DIRECTION('ref_axis',(0.447213595499958,0.894427190999916,0.));
#2327=DIRECTION('',(-1.,-2.6611609070702E-16,0.));
#2328=DIRECTION('center_axis',(0.,0.,-1.));
#2329=DIRECTION('ref_axis',(-0.447213595499958,0.894427190999916,0.));
#2330=DIRECTION('center_axis',(1.,0.,0.));
#2331=DIRECTION('ref_axis',(0.,0.231476075796788,-0.97284059656951));
#2332=DIRECTION('center_axis',(1.,0.,0.));
#2333=DIRECTION('ref_axis',(0.,0.231476075796788,-0.97284059656951));
#2334=DIRECTION('',(1.,0.,0.));
#2335=DIRECTION('center_axis',(-0.8,-0.599999999999999,0.));
#2336=DIRECTION('ref_axis',(-0.599999999999999,0.8,4.37095678986282E-17));
#2337=DIRECTION('',(-1.,0.,0.));
#2338=DIRECTION('center_axis',(-0.8,-0.599999999999999,0.));
#2339=DIRECTION('ref_axis',(0.599999999999999,-0.8,0.));
#2340=DIRECTION('',(0.,0.,-1.));
#2341=DIRECTION('',(-0.599999999999999,0.8,0.));
#2342=DIRECTION('',(0.,0.,1.));
#2343=DIRECTION('',(0.599999999999999,-0.8,0.));
#2344=DIRECTION('center_axis',(0.,0.,1.));
#2345=DIRECTION('ref_axis',(-0.948683298050514,-0.316227766016837,0.));
#2346=DIRECTION('',(0.,0.,1.));
#2347=DIRECTION('center_axis',(0.707106781186548,0.,0.707106781186547));
#2348=DIRECTION('ref_axis',(-0.707106781186547,-3.09073318638538E-17,0.707106781186548));
#2349=DIRECTION('center_axis',(0.374551410723203,0.124850470241066,-0.91876199355755));
#2350=DIRECTION('ref_axis',(0.87161415817164,0.290538052723883,0.394811852904845));
#2351=DIRECTION('center_axis',(0.565685424949238,0.424264068711928,0.707106781186548));
#2352=DIRECTION('ref_axis',(-0.565685424949238,-0.424264068711928,0.707106781186548));
#2353=DIRECTION('center_axis',(-1.,0.,0.));
#2354=DIRECTION('ref_axis',(0.,1.,0.));
#2355=DIRECTION('center_axis',(1.,0.,0.));
#2356=DIRECTION('ref_axis',(0.,1.,0.));
#2357=DIRECTION('center_axis',(-1.,0.,0.));
#2358=DIRECTION('ref_axis',(0.,-0.231476075796788,-0.97284059656951));
#2359=DIRECTION('center_axis',(-1.,0.,0.));
#2360=DIRECTION('ref_axis',(0.,-0.231476075796788,-0.97284059656951));
#2361=DIRECTION('',(-1.,0.,0.));
#2362=DIRECTION('center_axis',(0.800000000000001,0.599999999999999,0.));
#2363=DIRECTION('ref_axis',(0.599999999999999,-0.8,-2.18547839493141E-17));
#2364=DIRECTION('center_axis',(1.,0.,0.));
#2365=DIRECTION('ref_axis',(0.,0.,-1.));
#2366=DIRECTION('',(0.,0.,-1.));
#2367=DIRECTION('',(0.,-0.970477665059493,0.24119100650869));
#2368=DIRECTION('',(0.,0.,1.));
#2369=DIRECTION('',(0.,0.970477665059493,0.241191006508688));
#2370=DIRECTION('',(0.,0.,-1.));
#2371=DIRECTION('',(0.,-1.,0.));
#2372=DIRECTION('',(0.,0.,1.));
#2373=DIRECTION('',(0.,0.,-1.));
#2374=DIRECTION('',(0.,-0.970477665059493,-0.24119100650869));
#2375=DIRECTION('',(0.,0.,1.));
#2376=DIRECTION('center_axis',(-1.,0.,0.));
#2377=DIRECTION('ref_axis',(0.,0.231476075796788,-0.97284059656951));
#2378=DIRECTION('center_axis',(-1.,0.,0.));
#2379=DIRECTION('ref_axis',(0.,1.,0.));
#2380=DIRECTION('center_axis',(0.,0.,1.));
#2381=DIRECTION('ref_axis',(0.948683298050514,0.316227766016838,0.));
#2382=DIRECTION('',(0.,0.,1.));
#2383=DIRECTION('center_axis',(-0.306146745892073,-0.229610059419054,-0.923879532511287));
#2384=DIRECTION('ref_axis',(0.73910362600903,0.554327719506771,-0.38268343236509));
#2385=DIRECTION('center_axis',(1.,0.,0.));
#2386=DIRECTION('ref_axis',(0.,0.231476075796788,-0.97284059656951));
#2387=DIRECTION('',(-1.,0.,0.));
#2388=DIRECTION('center_axis',(0.800000000000001,-0.599999999999999,0.));
#2389=DIRECTION('ref_axis',(0.599999999999999,0.8,4.37095678986282E-17));
#2390=DIRECTION('',(1.,0.,0.));
#2391=DIRECTION('center_axis',(0.,0.,-1.));
#2392=DIRECTION('ref_axis',(0.948683298050514,-0.316227766016837,0.));
#2393=DIRECTION('',(0.,0.,1.));
#2394=DIRECTION('center_axis',(-0.565685424949239,0.424264068711928,0.707106781186547));
#2395=DIRECTION('ref_axis',(0.565685424949238,-0.424264068711928,0.707106781186548));
#2396=DIRECTION('center_axis',(0.374551410723204,-0.124850470241069,0.918761993557549));
#2397=DIRECTION('ref_axis',(-0.87161415817164,0.290538052723882,0.394811852904846));
#2398=DIRECTION('center_axis',(-0.707106781186547,-9.40862461608945E-17,
0.707106781186548));
#2399=DIRECTION('ref_axis',(0.707106781186548,0.,0.707106781186548));
#2400=DIRECTION('',(0.,0.,-1.));
#2401=DIRECTION('center_axis',(0.800000000000001,-0.599999999999999,0.));
#2402=DIRECTION('ref_axis',(0.599999999999999,0.8,0.));
#2403=DIRECTION('',(0.599999999999999,0.8,0.));
#2404=DIRECTION('',(0.,0.,-1.));
#2405=DIRECTION('',(-0.599999999999999,-0.8,0.));
#2406=DIRECTION('center_axis',(0.,0.,1.));
#2407=DIRECTION('ref_axis',(1.,0.,0.));
#2408=DIRECTION('center_axis',(0.,0.,-1.));
#2409=DIRECTION('ref_axis',(-0.447213595499958,-0.894427190999916,0.));
#2410=DIRECTION('',(1.,2.6611609070702E-16,0.));
#2411=DIRECTION('center_axis',(0.,0.,-1.));
#2412=DIRECTION('ref_axis',(0.447213595499958,-0.894427190999916,0.));
#2413=DIRECTION('center_axis',(0.,0.,1.));
#2414=DIRECTION('ref_axis',(0.948683298050514,-0.316227766016837,0.));
#2415=DIRECTION('',(0.599999999999999,0.800000000000001,0.));
#2416=DIRECTION('center_axis',(0.,0.,1.));
#2417=DIRECTION('ref_axis',(0.447213595499959,-0.894427190999916,0.));
#2418=DIRECTION('center_axis',(0.,0.,1.));
#2419=DIRECTION('ref_axis',(-0.447213595499958,-0.894427190999916,0.));
#2420=DIRECTION('',(0.6,-0.8,0.));
#2421=DIRECTION('center_axis',(0.,0.,1.));
#2422=DIRECTION('ref_axis',(-0.948683298050514,-0.316227766016838,0.));
#2423=DIRECTION('center_axis',(1.,1.33058045353511E-16,0.));
#2424=DIRECTION('ref_axis',(0.,1.,0.));
#2425=DIRECTION('center_axis',(0.,0.,-1.));
#2426=DIRECTION('ref_axis',(0.948683298050514,0.316227766016838,0.));
#2427=DIRECTION('',(0.,0.,1.));
#2428=DIRECTION('center_axis',(-0.707106781186547,-9.40862461608945E-17,
0.707106781186548));
#2429=DIRECTION('ref_axis',(0.707106781186548,9.27219955915615E-17,0.707106781186548));
#2430=DIRECTION('center_axis',(0.374551410723202,0.124850470241068,0.91876199355755));
#2431=DIRECTION('ref_axis',(-0.871614158171641,-0.290538052723881,0.394811852904845));
#2432=DIRECTION('center_axis',(-0.565685424949238,-0.424264068711928,0.707106781186548));
#2433=DIRECTION('ref_axis',(0.565685424949239,0.424264068711928,0.707106781186547));
#2434=DIRECTION('',(0.,0.,-1.));
#2435=DIRECTION('center_axis',(1.,1.33058045353511E-16,0.));
#2436=DIRECTION('ref_axis',(-1.33058045353511E-16,1.,0.));
#2437=DIRECTION('',(1.33058045353511E-16,-1.,0.));
#2438=DIRECTION('center_axis',(-1.,0.,0.));
#2439=DIRECTION('ref_axis',(0.,-1.,0.));
#2440=DIRECTION('',(0.,1.,0.));
#2441=DIRECTION('center_axis',(0.,0.,-1.));
#2442=DIRECTION('ref_axis',(0.447213595499958,0.894427190999916,0.));
#2443=DIRECTION('',(0.,0.,-1.));
#2444=DIRECTION('',(0.,0.,1.));
#2445=DIRECTION('center_axis',(-0.565685424949238,-0.424264068711928,0.707106781186548));
#2446=DIRECTION('ref_axis',(0.565685424949239,0.424264068711928,0.707106781186547));
#2447=DIRECTION('center_axis',(0.182574185835056,0.365148371670111,0.912870929175277));
#2448=DIRECTION('ref_axis',(-0.408248290463865,-0.816496580927725,0.408248290463864));
#2449=DIRECTION('center_axis',(1.88172492321789E-16,-0.707106781186547,
0.707106781186548));
#2450=DIRECTION('ref_axis',(-1.23629327455415E-16,0.707106781186548,0.707106781186547));
#2451=DIRECTION('center_axis',(0.333333333333334,0.666666666666667,0.666666666666667));
#2452=DIRECTION('ref_axis',(0.298142396999972,0.596284793999943,-0.74535599249993));
#2453=DIRECTION('',(-0.333333333333334,-0.666666666666667,-0.666666666666667));
#2454=DIRECTION('center_axis',(0.,0.,1.));
#2455=DIRECTION('ref_axis',(0.447213595499958,0.894427190999916,0.));
#2456=DIRECTION('',(-0.333333333333334,-0.666666666666667,-0.666666666666667));
#2457=DIRECTION('center_axis',(-2.6611609070702E-16,1.,0.));
#2458=DIRECTION('ref_axis',(-1.,-2.6611609070702E-16,0.));
#2459=DIRECTION('',(1.,2.6611609070702E-16,0.));
#2460=DIRECTION('',(0.,0.,1.));
#2461=DIRECTION('center_axis',(1.88172492321789E-16,-0.707106781186547,
0.707106781186548));
#2462=DIRECTION('ref_axis',(1.,0.,-2.6611609070702E-16));
#2463=DIRECTION('',(-1.,-2.6611609070702E-16,0.));
#2464=DIRECTION('',(0.333333333333334,-0.666666666666667,-0.666666666666667));
#2465=DIRECTION('center_axis',(1.88172492321789E-16,-0.707106781186547,
0.707106781186548));
#2466=DIRECTION('ref_axis',(-2.47258654910831E-16,0.707106781186548,0.707106781186547));
#2467=DIRECTION('center_axis',(0.688247201611685,-0.229415733870562,-0.688247201611685));
#2468=DIRECTION('ref_axis',(-0.652928625099011,0.217642875033003,-0.725476250110012));
#2469=DIRECTION('center_axis',(0.,0.,1.));
#2470=DIRECTION('ref_axis',(-0.948683298050514,0.316227766016838,6.01659755797736E-17));
#2471=DIRECTION('',(0.688247201611685,-0.229415733870562,-0.688247201611685));
#2472=DIRECTION('',(0.688247201611685,-0.229415733870562,-0.688247201611685));
#2473=DIRECTION('center_axis',(0.707106781186548,0.,0.707106781186547));
#2474=DIRECTION('ref_axis',(0.707106781186547,0.,-0.707106781186548));
#2475=DIRECTION('',(0.,-1.,0.));
#2476=DIRECTION('',(-0.688247201611685,-0.229415733870562,0.688247201611685));
#2477=DIRECTION('center_axis',(-0.688247201611685,-0.229415733870562,0.688247201611686));
#2478=DIRECTION('ref_axis',(-0.652928625099011,-0.217642875033003,-0.725476250110012));
#2479=DIRECTION('center_axis',(0.,0.,1.));
#2480=DIRECTION('ref_axis',(-0.948683298050514,-0.316227766016838,0.));
#2481=DIRECTION('',(0.688247201611685,0.229415733870562,-0.688247201611685));
#2482=DIRECTION('center_axis',(0.688247201611685,0.229415733870562,0.688247201611685));
#2483=DIRECTION('ref_axis',(0.652928625099011,0.217642875033003,-0.725476250110012));
#2484=DIRECTION('',(-0.688247201611685,-0.229415733870562,-0.688247201611685));
#2485=DIRECTION('center_axis',(0.,0.,1.));
#2486=DIRECTION('ref_axis',(0.948683298050514,0.316227766016838,0.));
#2487=DIRECTION('',(-0.688247201611685,-0.229415733870562,-0.688247201611685));
#2488=DIRECTION('center_axis',(0.800000000000001,0.599999999999999,0.));
#2489=DIRECTION('ref_axis',(-0.599999999999999,0.8,0.));
#2490=DIRECTION('',(0.599999999999999,-0.8,0.));
#2491=DIRECTION('center_axis',(-0.565685424949238,-0.424264068711928,0.707106781186548));
#2492=DIRECTION('ref_axis',(0.78086880944303,0.,0.624695047554424));
#2493=DIRECTION('',(-0.599999999999999,0.8,0.));
#2494=DIRECTION('center_axis',(0.688247201611686,-0.229415733870561,0.688247201611686));
#2495=DIRECTION('ref_axis',(0.652928625099011,-0.217642875033003,-0.725476250110011));
#2496=DIRECTION('',(-0.688247201611686,0.229415733870561,-0.688247201611685));
#2497=DIRECTION('center_axis',(0.,0.,1.));
#2498=DIRECTION('ref_axis',(0.948683298050514,-0.316227766016837,6.01659755797737E-17));
#2499=DIRECTION('',(-0.688247201611686,0.229415733870561,-0.688247201611685));
#2500=DIRECTION('center_axis',(-0.707106781186547,-9.40862461608945E-17,
0.707106781186548));
#2501=DIRECTION('ref_axis',(0.707106781186548,0.,0.707106781186547));
#2502=DIRECTION('',(-1.33058045353511E-16,1.,0.));
#2503=DIRECTION('center_axis',(0.,0.,-1.));
#2504=DIRECTION('ref_axis',(0.447213595499958,-0.894427190999916,0.));
#2505=DIRECTION('center_axis',(-0.565685424949239,0.424264068711928,0.707106781186547));
#2506=DIRECTION('ref_axis',(0.565685424949238,-0.424264068711928,0.707106781186548));
#2507=DIRECTION('',(0.,0.,1.));
#2508=DIRECTION('center_axis',(0.,0.,-1.));
#2509=DIRECTION('ref_axis',(-0.447213595499958,-0.894427190999916,0.));
#2510=DIRECTION('center_axis',(0.565685424949238,0.424264068711928,0.707106781186548));
#2511=DIRECTION('ref_axis',(-0.565685424949239,-0.424264068711928,0.707106781186548));
#2512=DIRECTION('',(0.,0.,-1.));
#2513=DIRECTION('center_axis',(2.6611609070702E-16,-1.,0.));
#2514=DIRECTION('ref_axis',(1.,2.6611609070702E-16,0.));
#2515=DIRECTION('',(-0.78086880944303,-2.07801754924024E-16,0.624695047554425));
#2516=DIRECTION('',(1.,2.6611609070702E-16,0.));
#2517=DIRECTION('',(-0.78086880944303,-2.07801754924024E-16,-0.624695047554425));
#2518=DIRECTION('center_axis',(0.,0.,-1.));
#2519=DIRECTION('ref_axis',(-0.447213595499958,0.894427190999916,0.));
#2520=DIRECTION('center_axis',(-0.182574185835057,0.365148371670111,0.912870929175277));
#2521=DIRECTION('ref_axis',(0.408248290463865,-0.816496580927725,0.408248290463864));
#2522=DIRECTION('center_axis',(0.565685424949238,-0.424264068711928,0.707106781186548));
#2523=DIRECTION('ref_axis',(-0.565685424949239,0.424264068711928,0.707106781186547));
#2524=DIRECTION('center_axis',(-0.333333333333334,0.666666666666667,0.666666666666667));
#2525=DIRECTION('ref_axis',(-0.298142396999972,0.596284793999943,-0.74535599249993));
#2526=DIRECTION('center_axis',(0.,0.,1.));
#2527=DIRECTION('ref_axis',(-0.447213595499959,0.894427190999916,0.));
#2528=DIRECTION('',(0.333333333333334,-0.666666666666667,-0.666666666666667));
#2529=DIRECTION('center_axis',(0.565685424949238,-0.424264068711928,0.707106781186548));
#2530=DIRECTION('ref_axis',(0.78086880944303,0.,-0.624695047554424));
#2531=DIRECTION('',(-0.599999999999999,-0.8,0.));
#2532=DIRECTION('center_axis',(0.565685424949238,0.424264068711928,0.707106781186548));
#2533=DIRECTION('ref_axis',(0.78086880944303,0.,-0.624695047554424));
#2534=DIRECTION('',(0.599999999999999,-0.8,0.));
#2535=DIRECTION('center_axis',(-0.565685424949239,0.424264068711928,0.707106781186547));
#2536=DIRECTION('ref_axis',(0.78086880944303,0.,0.624695047554425));
#2537=DIRECTION('',(0.599999999999999,0.8,0.));
#2538=DIRECTION('center_axis',(0.,0.,1.));
#2539=DIRECTION('ref_axis',(1.,0.,0.));
#2540=DIRECTION('center_axis',(0.,0.,-1.));
#2541=DIRECTION('ref_axis',(0.447213595499959,-0.894427190999916,0.));
#2542=DIRECTION('',(-0.599999999999999,-0.800000000000001,0.));
#2543=DIRECTION('center_axis',(0.,0.,-1.));
#2544=DIRECTION('ref_axis',(0.948683298050514,-0.316227766016837,0.));
#2545=DIRECTION('center_axis',(0.,0.,-1.));
#2546=DIRECTION('ref_axis',(0.948683298050514,0.316227766016838,0.));
#2547=DIRECTION('',(0.6,-0.8,0.));
#2548=DIRECTION('center_axis',(0.,0.,-1.));
#2549=DIRECTION('ref_axis',(0.447213595499958,0.894427190999916,0.));
#2550=DIRECTION('',(1.,0.,0.));
#2551=DIRECTION('center_axis',(0.,0.,-1.));
#2552=DIRECTION('ref_axis',(-0.447213595499959,0.894427190999916,0.));
#2553=DIRECTION('',(0.599999999999999,0.800000000000001,0.));
#2554=DIRECTION('center_axis',(0.,0.,-1.));
#2555=DIRECTION('ref_axis',(-0.948683298050514,0.316227766016837,0.));
#2556=DIRECTION('',(0.,1.,0.));
#2557=DIRECTION('center_axis',(0.,0.,-1.));
#2558=DIRECTION('ref_axis',(-0.948683298050514,-0.316227766016838,0.));
#2559=DIRECTION('',(-0.6,0.8,0.));
#2560=DIRECTION('center_axis',(0.,0.,-1.));
#2561=DIRECTION('ref_axis',(-0.447213595499958,-0.894427190999916,0.));
#2562=DIRECTION('center_axis',(0.,0.,1.));
#2563=DIRECTION('ref_axis',(-0.948683298050514,-0.316227766016838,0.));
#2564=DIRECTION('',(0.,0.,1.));
#2565=DIRECTION('center_axis',(0.306146745892073,0.229610059419054,-0.923879532511287));
#2566=DIRECTION('ref_axis',(-0.73910362600903,-0.554327719506771,-0.38268343236509));
#2567=DIRECTION('',(0.,0.,-1.));
#2568=DIRECTION('center_axis',(-1.,0.,0.));
#2569=DIRECTION('ref_axis',(0.,0.,1.));
#2570=DIRECTION('',(0.,0.970477665059493,0.24119100650869));
#2571=DIRECTION('',(0.,0.,-1.));
#2572=DIRECTION('',(0.,0.,1.));
#2573=DIRECTION('',(0.,-0.970477665059493,-0.241191006508688));
#2574=DIRECTION('',(0.,0.,-1.));
#2575=DIRECTION('',(0.,0.970477665059493,-0.24119100650869));
#2576=DIRECTION('',(0.,0.,1.));
#2577=DIRECTION('center_axis',(-0.306146745892073,-0.229610059419054,0.923879532511287));
#2578=DIRECTION('ref_axis',(0.94924067729176,0.,0.314550689992377));
#2579=DIRECTION('',(-0.6,0.8,-6.90975626902598E-16));
#2580=DIRECTION('center_axis',(0.306146745892073,0.229610059419054,-0.923879532511287));
#2581=DIRECTION('ref_axis',(-0.73910362600903,-0.554327719506771,-0.38268343236509));
#2582=DIRECTION('center_axis',(0.,0.,-1.));
#2583=DIRECTION('ref_axis',(-0.948683298050514,0.316227766016837,0.));
#2584=DIRECTION('center_axis',(0.306146745892073,-0.229610059419054,-0.923879532511287));
#2585=DIRECTION('ref_axis',(-0.73910362600903,0.554327719506771,-0.382683432365091));
#2586=DIRECTION('',(0.,0.,-1.));
#2587=DIRECTION('center_axis',(-0.800000000000001,0.599999999999999,0.));
#2588=DIRECTION('ref_axis',(0.,0.,1.));
#2589=DIRECTION('',(0.599999999999999,0.800000000000001,0.));
#2590=DIRECTION('',(0.,0.,1.));
#2591=DIRECTION('center_axis',(0.306146745892073,-0.229610059419054,-0.923879532511287));
#2592=DIRECTION('ref_axis',(0.94924067729176,0.,0.314550689992377));
#2593=DIRECTION('',(-0.599999999999999,-0.800000000000001,0.));
#2594=DIRECTION('',(0.94924067729176,0.,0.314550689992377));
#2595=DIRECTION('center_axis',(0.306146745892073,-0.229610059419054,-0.923879532511287));
#2596=DIRECTION('ref_axis',(-0.73910362600903,0.554327719506771,-0.38268343236509));
#2597=DIRECTION('center_axis',(0.,0.,-1.));
#2598=DIRECTION('ref_axis',(-0.948683298050514,0.316227766016837,0.));
#2599=DIRECTION('',(0.,0.,-1.));
#2600=DIRECTION('center_axis',(0.306146745892071,-0.229610059419053,0.923879532511287));
#2601=DIRECTION('ref_axis',(-0.739103626009031,0.554327719506771,0.382683432365089));
#2602=DIRECTION('center_axis',(-0.800000000000001,0.599999999999999,0.));
#2603=DIRECTION('ref_axis',(0.,0.,1.));
#2604=DIRECTION('',(0.,0.,1.));
#2605=DIRECTION('',(-0.599999999999999,-0.800000000000001,0.));
#2606=DIRECTION('center_axis',(0.,0.,1.));
#2607=DIRECTION('ref_axis',(-0.948683298050514,-0.316227766016838,0.));
#2608=DIRECTION('',(0.,0.,1.));
#2609=DIRECTION('center_axis',(-0.8,-0.6,0.));
#2610=DIRECTION('ref_axis',(0.,0.,1.));
#2611=DIRECTION('',(0.,0.,-1.));
#2612=DIRECTION('center_axis',(0.,0.,1.));
#2613=DIRECTION('ref_axis',(-0.447213595499958,-0.894427190999916,0.));
#2614=DIRECTION('center_axis',(0.,0.,1.));
#2615=DIRECTION('ref_axis',(-0.447213595499958,-0.894427190999916,0.));
#2616=DIRECTION('',(0.,0.,-1.));
#2617=DIRECTION('center_axis',(0.,0.,1.));
#2618=DIRECTION('ref_axis',(0.447213595499959,-0.894427190999916,0.));
#2619=DIRECTION('',(0.,0.,1.));
#2620=DIRECTION('center_axis',(-0.306146745892073,0.229610059419054,-0.923879532511287));
#2621=DIRECTION('ref_axis',(0.73910362600903,-0.554327719506771,-0.382683432365091));
#2622=DIRECTION('center_axis',(0.,0.,1.));
#2623=DIRECTION('ref_axis',(0.447213595499959,-0.894427190999916,0.));
#2624=DIRECTION('',(0.,0.,1.));
#2625=DIRECTION('center_axis',(0.,0.,1.));
#2626=DIRECTION('ref_axis',(0.948683298050514,-0.316227766016837,0.));
#2627=DIRECTION('',(0.,0.,-1.));
#2628=DIRECTION('center_axis',(0.,0.,1.));
#2629=DIRECTION('ref_axis',(0.948683298050514,-0.316227766016837,0.));
#2630=DIRECTION('center_axis',(-0.306146745892073,0.229610059419054,-0.923879532511287));
#2631=DIRECTION('ref_axis',(0.73910362600903,-0.554327719506771,-0.38268343236509));
#2632=DIRECTION('',(0.,0.,-1.));
#2633=DIRECTION('center_axis',(-0.306146745892073,0.229610059419054,-0.923879532511287));
#2634=DIRECTION('ref_axis',(-0.94924067729176,0.,0.314550689992377));
#2635=DIRECTION('',(-0.599999999999999,-0.800000000000001,0.));
#2636=DIRECTION('',(0.599999999999999,0.800000000000001,0.));
#2637=DIRECTION('center_axis',(0.306146745892073,0.229610059419054,0.923879532511287));
#2638=DIRECTION('ref_axis',(-0.94924067729176,0.,0.314550689992377));
#2639=DIRECTION('',(0.6,-0.8,-7.2101804546358E-16));
#2640=DIRECTION('center_axis',(-0.306146745892073,-0.229610059419054,-0.923879532511287));
#2641=DIRECTION('ref_axis',(0.73910362600903,0.554327719506771,-0.382683432365091));
#2642=DIRECTION('',(0.94924067729176,0.,-0.314550689992377));
#2643=DIRECTION('',(0.599999999999999,-0.800000000000001,0.));
#2644=DIRECTION('center_axis',(0.,0.,1.));
#2645=DIRECTION('ref_axis',(0.948683298050514,0.316227766016838,0.));
#2646=DIRECTION('center_axis',(-0.306146745892071,-0.229610059419053,0.923879532511287));
#2647=DIRECTION('ref_axis',(0.739103626009031,0.554327719506771,0.382683432365089));
#2648=DIRECTION('',(0.,0.,1.));
#2649=DIRECTION('center_axis',(0.8,0.6,0.));
#2650=DIRECTION('ref_axis',(0.,0.,-1.));
#2651=DIRECTION('',(-0.6,0.8,-6.90975626902597E-16));
#2652=DIRECTION('',(0.,0.,-1.));
#2653=DIRECTION('center_axis',(0.306146745892071,0.229610059419053,-0.923879532511287));
#2654=DIRECTION('ref_axis',(0.949240677291761,0.,0.314550689992375));
#2655=DIRECTION('',(0.599999999999999,-0.800000000000001,0.));
#2656=DIRECTION('',(-0.949240677291761,0.,-0.314550689992375));
#2657=DIRECTION('center_axis',(-0.306146745892071,-0.229610059419053,0.923879532511287));
#2658=DIRECTION('ref_axis',(0.73910362600903,0.554327719506771,0.382683432365089));
#2659=DIRECTION('center_axis',(0.,0.,1.));
#2660=DIRECTION('ref_axis',(0.447213595499958,0.894427190999916,0.));
#2661=DIRECTION('',(0.,0.,1.));
#2662=DIRECTION('center_axis',(0.,1.,0.));
#2663=DIRECTION('ref_axis',(0.,0.,1.));
#2664=DIRECTION('',(0.,0.,-1.));
#2665=DIRECTION('',(0.,0.,1.));
#2666=DIRECTION('',(0.,0.,-1.));
#2667=DIRECTION('',(0.,0.,1.));
#2668=DIRECTION('',(-0.949240677291761,0.,0.314550689992375));
#2669=DIRECTION('',(0.,0.,-1.));
#2670=DIRECTION('center_axis',(0.,0.,1.));
#2671=DIRECTION('ref_axis',(0.447213595499958,0.894427190999916,0.));
#2672=DIRECTION('',(0.,0.,-1.));
#2673=DIRECTION('center_axis',(0.,0.,1.));
#2674=DIRECTION('ref_axis',(-0.447213595499959,0.894427190999916,0.));
#2675=DIRECTION('center_axis',(0.,0.,1.));
#2676=DIRECTION('ref_axis',(-0.447213595499959,0.894427190999916,0.));
#2677=DIRECTION('center_axis',(0.306146745892071,-0.229610059419053,0.923879532511287));
#2678=DIRECTION('ref_axis',(-0.739103626009031,0.554327719506771,0.382683432365089));
#2679=DIRECTION('center_axis',(0.306146745892071,-0.229610059419053,0.923879532511287));
#2680=DIRECTION('ref_axis',(-0.949240677291761,0.,0.314550689992375));
#2681=DIRECTION('',(-0.599999999999999,-0.800000000000001,0.));
#2682=DIRECTION('center_axis',(0.800000000000001,-0.599999999999999,0.));
#2683=DIRECTION('ref_axis',(0.,0.,1.));
#2684=DIRECTION('center_axis',(-0.8,-0.6,0.));
#2685=DIRECTION('ref_axis',(0.,0.,1.));
#2686=DIRECTION('center_axis',(0.800000000000001,0.599999999999999,0.));
#2687=DIRECTION('ref_axis',(0.,0.,1.));
#2688=DIRECTION('center_axis',(-0.800000000000001,0.599999999999999,0.));
#2689=DIRECTION('ref_axis',(0.,0.,1.));
#2690=DIRECTION('center_axis',(0.800000000000001,-0.599999999999999,0.));
#2691=DIRECTION('ref_axis',(0.,0.,-1.));
#2692=DIRECTION('center_axis',(0.8,0.6,0.));
#2693=DIRECTION('ref_axis',(0.,0.,-1.));
#2694=DIRECTION('center_axis',(0.800000000000001,-0.599999999999999,0.));
#2695=DIRECTION('ref_axis',(0.,0.,-1.));
#2696=CARTESIAN_POINT('',(0.,0.,0.));
#2697=CARTESIAN_POINT('Ctrl Pts',(0.336846978435108,-14.0447451315229,6.43927505539218));
#2698=CARTESIAN_POINT('Ctrl Pts',(0.242844070214348,-14.0967986356367,6.3313520427678));
#2699=CARTESIAN_POINT('Ctrl Pts',(0.0881984398131562,-14.1824326560158,
6.15380623447325));
#2700=CARTESIAN_POINT('Ctrl Pts',(-0.0797842911832013,-14.275452009826,
5.9609483459128));
#2701=CARTESIAN_POINT('Ctrl Pts',(-0.121439347327617,-14.2985182284932,
5.91312494092212));
#2702=CARTESIAN_POINT('Ctrl Pts',(-0.121441207409254,-14.2985203435849,
5.91312778107767));
#2703=CARTESIAN_POINT('Ctrl Pts',(0.337719482433815,-14.1863436456078,6.18455820646133));
#2704=CARTESIAN_POINT('Ctrl Pts',(0.244914500965494,-14.1960229012146,6.07920362757462));
#2705=CARTESIAN_POINT('Ctrl Pts',(0.0646051746958235,-14.2206921470092,
5.92267777513941));
#2706=CARTESIAN_POINT('Ctrl Pts',(-0.160958023046409,-14.2889733177625,
5.79175736036654));
#2707=CARTESIAN_POINT('Ctrl Pts',(-0.224431019545969,-14.3383735353859,
5.78031120674042));
#2708=CARTESIAN_POINT('Ctrl Pts',(-0.227180891221737,-14.3570719263976,
5.79172501625377));
#2709=CARTESIAN_POINT('Ctrl Pts',(0.356649217673427,-14.224832561438,5.6279976493134));
#2710=CARTESIAN_POINT('Ctrl Pts',(0.225798884204984,-14.182715062801,5.56927299762837));
#2711=CARTESIAN_POINT('Ctrl Pts',(-0.033565518696662,-14.1510641127463,
5.50325415133487));
#2712=CARTESIAN_POINT('Ctrl Pts',(-0.36463339421428,-14.2465866618892,5.51710406773817));
#2713=CARTESIAN_POINT('Ctrl Pts',(-0.464083606430554,-14.3649566934301,
5.57929604703371));
#2714=CARTESIAN_POINT('Ctrl Pts',(-0.473254642424778,-14.4273172822943,
5.61736198981956));
#2715=CARTESIAN_POINT('Ctrl Pts',(0.394159631116143,-13.880042698041,5.21492710526256));
#2716=CARTESIAN_POINT('Ctrl Pts',(0.183704967139616,-13.8522006538811,5.19825564960092));
#2717=CARTESIAN_POINT('Ctrl Pts',(-0.183532212846418,-13.8726112815979,
5.21042862867387));
#2718=CARTESIAN_POINT('Ctrl Pts',(-0.620597105511505,-14.093411007136,5.3453750871234));
#2719=CARTESIAN_POINT('Ctrl Pts',(-0.753880448082819,-14.3107570529176,
5.47784232605177));
#2720=CARTESIAN_POINT('Ctrl Pts',(-0.770805328976113,-14.4258417107061,
5.54809191924353));
#2721=CARTESIAN_POINT('Ctrl Pts',(0.410207606202949,-13.6939845243591,5.10135409507754));
#2722=CARTESIAN_POINT('Ctrl Pts',(0.165735219234665,-13.6786222819245,5.0919767262581));
#2723=CARTESIAN_POINT('Ctrl Pts',(-0.247720423284795,-13.7299850361796,
5.1233294075013));
#2724=CARTESIAN_POINT('Ctrl Pts',(-0.730240554492931,-14.0129350364746,
5.29604680351473));
#2725=CARTESIAN_POINT('Ctrl Pts',(-0.878042312584391,-14.2745122969563,
5.45571792293375));
#2726=CARTESIAN_POINT('Ctrl Pts',(-0.898288775653355,-14.4121828240584,
5.53975430718567));
#2727=CARTESIAN_POINT('',(-0.41936991088948,-13.8432708493054,5.19248095593017));
#2728=CARTESIAN_POINT('',(-0.121439347327617,-14.2985182284932,5.91312494092212));
#2729=CARTESIAN_POINT('Ctrl Pts',(-0.419369910922141,-13.8432708493214,
5.19248095593992));
#2730=CARTESIAN_POINT('Ctrl Pts',(-0.419369910922141,-13.9485316789674,
5.25673392070303));
#2731=CARTESIAN_POINT('Ctrl Pts',(-0.405829099551198,-14.044495452108,5.33543475185965));
#2732=CARTESIAN_POINT('Ctrl Pts',(-0.352251862438324,-14.1943271167768,
5.50651541105594));
#2733=CARTESIAN_POINT('Ctrl Pts',(-0.317035561689851,-14.2452070391661,
5.58990816481018));
#2734=CARTESIAN_POINT('Ctrl Pts',(-0.251745964056965,-14.2955661371315,
5.71767480268647));
#2735=CARTESIAN_POINT('Ctrl Pts',(-0.225652424621,-14.3063843372019,5.7630559150065));
#2736=CARTESIAN_POINT('Ctrl Pts',(-0.171834904038447,-14.314673069321,5.84809349341131));
#2737=CARTESIAN_POINT('Ctrl Pts',(-0.147561827551469,-14.309702207655,5.88113131672144));
#2738=CARTESIAN_POINT('Ctrl Pts',(-0.128352427245273,-14.3019590763734,
5.90495179190255));
#2739=CARTESIAN_POINT('Ctrl Pts',(-0.125445841614863,-14.3006485142859,
5.90847126803037));
#2740=CARTESIAN_POINT('Ctrl Pts',(-0.122256320974211,-14.2989648983875,
5.91218349446089));
#2741=CARTESIAN_POINT('Ctrl Pts',(-0.121847012711145,-14.2987439705699,
5.91265690778181));
#2742=CARTESIAN_POINT('Ctrl Pts',(-0.121439347327617,-14.2985182284932,
5.91312494092212));
#2743=CARTESIAN_POINT('',(-0.0052498842223872,-14.2341790627141,6.04651992976733));
#2744=CARTESIAN_POINT('',(-1.2605,-14.9292657180338,4.60539032371645));
#2745=CARTESIAN_POINT('',(0.405406007227532,-13.6936888949505,5.10117363795939));
#2746=CARTESIAN_POINT('Ctrl Pts',(-0.00524988422238692,-14.2341790627141,
6.04651992976733));
#2747=CARTESIAN_POINT('Ctrl Pts',(0.0165804938910212,-14.2195801155629,
6.00489278455169));
#2748=CARTESIAN_POINT('Ctrl Pts',(0.0484126776480089,-14.2060974585624,
5.9489580148369));
#2749=CARTESIAN_POINT('Ctrl Pts',(0.127704329762154,-14.1723933907464,5.8095554780278));
#2750=CARTESIAN_POINT('Ctrl Pts',(0.179488571038294,-14.1502849086698,5.71845456782873));
#2751=CARTESIAN_POINT('Ctrl Pts',(0.273072825523736,-14.0826268689448,5.53690660850871));
#2752=CARTESIAN_POINT('Ctrl Pts',(0.317911905498028,-14.0368171400177,5.44174630361163));
#2753=CARTESIAN_POINT('Ctrl Pts',(0.368719886817263,-13.9312355901301,5.3011550960748));
#2754=CARTESIAN_POINT('Ctrl Pts',(0.382194424731067,-13.8905169340032,5.25610637516579));
#2755=CARTESIAN_POINT('Ctrl Pts',(0.400707046377745,-13.7984893203334,5.17218757764323));
#2756=CARTESIAN_POINT('Ctrl Pts',(0.405406007228665,-13.7478745773549,5.13424948159374));
#2757=CARTESIAN_POINT('Ctrl Pts',(0.405406007228665,-13.6936888949506,5.10117363795943));
#2758=CARTESIAN_POINT('Ctrl Pts',(0.405406017719285,-13.6936887681995,5.10117356058847));
#2759=CARTESIAN_POINT('Ctrl Pts',(0.162488378851796,-13.679028087727,5.09222443688338));
#2760=CARTESIAN_POINT('Ctrl Pts',(-0.126752362213951,-13.7153978527702,
5.11442514762849));
#2761=CARTESIAN_POINT('Ctrl Pts',(-0.382279332364794,-13.8256379600334,
5.18171754643705));
#2762=CARTESIAN_POINT('Ctrl Pts',(-0.419113592513543,-13.8436526684033,
5.19271402467118));
#2763=CARTESIAN_POINT('Origin',(-1.2605,-7.9375,1.5875));
#2764=CARTESIAN_POINT('',(-0.41936991092211,-15.3721668393407,6.12574454984761));
#2765=CARTESIAN_POINT('',(-0.419369910922141,-13.375829463707,4.90714694347114));
#2766=CARTESIAN_POINT('',(0.405406007228615,-15.3723146821294,6.12583479554988));
#2767=CARTESIAN_POINT('',(0.405406007228664,-13.3980143773199,4.92068898448905));
#2768=CARTESIAN_POINT('',(1.2395,-14.4634953564484,5.57107633216537));
#2769=CARTESIAN_POINT('Ctrl Pts',(1.2395,-14.4634953564484,5.57107633216536));
#2770=CARTESIAN_POINT('Ctrl Pts',(1.14166569039516,-14.5121779371482,5.60079299080091));
#2771=CARTESIAN_POINT('Ctrl Pts',(1.04867551548538,-14.5617466229973,5.63105054278795));
#2772=CARTESIAN_POINT('Ctrl Pts',(0.918528495344327,-14.6421582670605,5.6801351505182));
#2773=CARTESIAN_POINT('Ctrl Pts',(0.879456738766115,-14.6678721379381,5.6958313258824));
#2774=CARTESIAN_POINT('Ctrl Pts',(0.78441380102726,-14.7355219139978,5.73712587668551));
#2775=CARTESIAN_POINT('Ctrl Pts',(0.729781649818475,-14.7792095067518,5.76379351141306));
#2776=CARTESIAN_POINT('Ctrl Pts',(0.623891417709773,-14.8784218375878,5.82435437169423));
#2777=CARTESIAN_POINT('Ctrl Pts',(0.573604418027982,-14.9347921730859,5.85876376398784));
#2778=CARTESIAN_POINT('Ctrl Pts',(0.492640477352343,-15.0520992178583,5.93036993923435));
#2779=CARTESIAN_POINT('Ctrl Pts',(0.461224147860974,-15.1118618051287,5.96685001854732));
#2780=CARTESIAN_POINT('Ctrl Pts',(0.417117175828903,-15.239051365964,6.0444886463072));
#2781=CARTESIAN_POINT('Ctrl Pts',(0.405406007228665,-15.3052467166334,6.08489539161161));
#2782=CARTESIAN_POINT('Ctrl Pts',(0.405406007228666,-15.3723146821294,6.12583479554982));
#2783=CARTESIAN_POINT('',(1.2395,-7.9375,1.5875));
#2784=CARTESIAN_POINT('',(1.2395,-7.9375,1.5875));
#2785=CARTESIAN_POINT('',(-1.2605,-7.9375,1.5875));
#2786=CARTESIAN_POINT('',(-6.34425332317334E-6,-7.9375,1.5875));
#2787=CARTESIAN_POINT('',(-1.2605,-14.4634953564484,5.57107633216537));
#2788=CARTESIAN_POINT('',(-1.2605,-7.9375,1.5875));
#2789=CARTESIAN_POINT('Ctrl Pts',(-0.419369910922143,-15.3721668393407,
6.12574454984757));
#2790=CARTESIAN_POINT('Ctrl Pts',(-0.419369910922143,-15.284808289303,6.07241943492869));
#2791=CARTESIAN_POINT('Ctrl Pts',(-0.439280163787161,-15.1994079327247,
6.02028963393405));
#2792=CARTESIAN_POINT('Ctrl Pts',(-0.517263446433901,-15.0276123536861,
5.91542274922925));
#2793=CARTESIAN_POINT('Ctrl Pts',(-0.577509717068376,-14.9453684833255,
5.86521972002994));
#2794=CARTESIAN_POINT('Ctrl Pts',(-0.82177589621574,-14.6936649530548,5.71157569009388));
#2795=CARTESIAN_POINT('Ctrl Pts',(-1.05821406888159,-14.5635384026871,5.63214427497357));
#2796=CARTESIAN_POINT('Ctrl Pts',(-1.2605,-14.4634953564484,5.57107633216537));
#2797=CARTESIAN_POINT('Ctrl Pts',(-1.2605,-15.7913600658208,2.81800212068198));
#2798=CARTESIAN_POINT('Ctrl Pts',(-1.2605,-15.6684912119059,3.07274725451983));
#2799=CARTESIAN_POINT('Ctrl Pts',(-1.2605,-15.4568250787499,3.5115966105749));
#2800=CARTESIAN_POINT('Ctrl Pts',(-1.2605,-15.2228781344388,3.99664097894472));
#2801=CARTESIAN_POINT('Ctrl Pts',(-1.2605,-15.1049832023144,4.24107363462522));
#2802=CARTESIAN_POINT('Ctrl Pts',(-1.2605,-15.0786444770183,4.2956819579462));
#2803=CARTESIAN_POINT('Ctrl Pts',(-1.26050258154953,-15.078641681135,4.29568319027672));
#2804=CARTESIAN_POINT('Ctrl Pts',(-1.1364756795728,-15.7024702392639,2.89466355492896));
#2805=CARTESIAN_POINT('Ctrl Pts',(-1.13470062736522,-15.6149551031457,3.14973029780877));
#2806=CARTESIAN_POINT('Ctrl Pts',(-1.16082282228559,-15.4518813897643,3.59609361427186));
#2807=CARTESIAN_POINT('Ctrl Pts',(-1.21630771552639,-15.2343517528226,4.07771739727762));
#2808=CARTESIAN_POINT('Ctrl Pts',(-1.25054928507579,-15.1026777679647,4.31093662039682));
#2809=CARTESIAN_POINT('Ctrl Pts',(-1.25974612152749,-15.0600109665067,4.35673198725916));
#2810=CARTESIAN_POINT('Ctrl Pts',(-1.2605,-15.0512393526957,4.35250125625474));
#2811=CARTESIAN_POINT('Ctrl Pts',(-0.857436035144769,-15.6006039522724,
3.08401901494818));
#2812=CARTESIAN_POINT('Ctrl Pts',(-0.877861908150205,-15.5746169143586,
3.33551242564466));
#2813=CARTESIAN_POINT('Ctrl Pts',(-0.979004132267186,-15.4830405279432,
3.78475777043748));
#2814=CARTESIAN_POINT('Ctrl Pts',(-1.1460486724815,-15.2728402831472,4.24731179274053));
#2815=CARTESIAN_POINT('Ctrl Pts',(-1.24400553632416,-15.1030261148948,4.45303570616774));
#2816=CARTESIAN_POINT('Ctrl Pts',(-1.27007662338004,-15.0248807287121,4.47985434391195));
#2817=CARTESIAN_POINT('Ctrl Pts',(-1.27245001470627,-14.9972655720316,4.46653498192498));
#2818=CARTESIAN_POINT('Ctrl Pts',(-0.382517043103847,-15.7302519528332,
3.45841446542126));
#2819=CARTESIAN_POINT('Ctrl Pts',(-0.49719372816777,-15.7450367343354,3.70684609396681));
#2820=CARTESIAN_POINT('Ctrl Pts',(-0.756594595899611,-15.6709392374934,
4.13987369722243));
#2821=CARTESIAN_POINT('Ctrl Pts',(-1.09283633278999,-15.390498222548,4.55005107675543));
#2822=CARTESIAN_POINT('Ctrl Pts',(-1.27915611829346,-15.121430738953,4.69998035738891));
#2823=CARTESIAN_POINT('Ctrl Pts',(-1.32885948363676,-14.9730410486852,4.69124240840434));
#2824=CARTESIAN_POINT('Ctrl Pts',(-1.33435631447071,-14.9090836881574,4.66039444884148));
#2825=CARTESIAN_POINT('Ctrl Pts',(-0.168674735811265,-16.0722127595265,
3.67576763425876));
#2826=CARTESIAN_POINT('Ctrl Pts',(-0.357004158400695,-16.0519195231974,
3.94265662865311));
#2827=CARTESIAN_POINT('Ctrl Pts',(-0.705734478527677,-15.9037162952796,
4.37319675199635));
#2828=CARTESIAN_POINT('Ctrl Pts',(-1.12020690804828,-15.5135372170769,4.75222225519592));
#2829=CARTESIAN_POINT('Ctrl Pts',(-1.34465991644837,-15.1504300409078,4.86556247876737));
#2830=CARTESIAN_POINT('Ctrl Pts',(-1.40542735153417,-14.9463103978571,4.83179974634753));
#2831=CARTESIAN_POINT('Ctrl Pts',(-1.41331414407411,-14.8545450790539,4.78753943259542));
#2832=CARTESIAN_POINT('Ctrl Pts',(-0.121536614571998,-16.312170579349,3.75198549361638));
#2833=CARTESIAN_POINT('Ctrl Pts',(-0.336504048792795,-16.2623012471711,
4.04193980863479));
#2834=CARTESIAN_POINT('Ctrl Pts',(-0.716794871004937,-16.0604280425953,
4.48551249695931));
#2835=CARTESIAN_POINT('Ctrl Pts',(-1.15786708869471,-15.5958664292926,4.85932663436022));
#2836=CARTESIAN_POINT('Ctrl Pts',(-1.39637635792046,-15.1728461909587,4.95659103559921));
#2837=CARTESIAN_POINT('Ctrl Pts',(-1.46201265345402,-14.9346285396109,4.90900576479534));
#2838=CARTESIAN_POINT('Ctrl Pts',(-1.47133366655447,-14.8261756122136,4.85669667181181));
#2839=CARTESIAN_POINT('',(-1.2605,-15.0786444770183,4.2956819579462));
#2840=CARTESIAN_POINT('',(-1.26049999889029,-15.4071274195213,4.89708506901217));
#2841=CARTESIAN_POINT('Ctrl Pts',(-1.2605,-15.4071274166025,4.89708506888447));
#2842=CARTESIAN_POINT('Ctrl Pts',(-1.2605,-15.3160220081362,4.84147280913315));
#2843=CARTESIAN_POINT('Ctrl Pts',(-1.2605,-15.2415774382954,4.77463868828399));
#2844=CARTESIAN_POINT('Ctrl Pts',(-1.2605,-15.1321744196079,4.63389647739618));
#2845=CARTESIAN_POINT('Ctrl Pts',(-1.2605,-15.0972289955068,4.56347269758652));
#2846=CARTESIAN_POINT('Ctrl Pts',(-1.2605,-15.0693303392556,4.46398749955544));
#2847=CARTESIAN_POINT('Ctrl Pts',(-1.2605,-15.063432793227,4.42958696670642));
#2848=CARTESIAN_POINT('Ctrl Pts',(-1.2605,-15.0620486242964,4.37913315308088));
#2849=CARTESIAN_POINT('Ctrl Pts',(-1.2605,-15.0627469454503,4.3625117584295));
#2850=CARTESIAN_POINT('Ctrl Pts',(-1.2605,-15.068052983776,4.3234913407753));
#2851=CARTESIAN_POINT('Ctrl Pts',(-1.2605,-15.073374806039,4.30733051288993));
#2852=CARTESIAN_POINT('Ctrl Pts',(-1.2605,-15.0779918572564,4.29706089259107));
#2853=CARTESIAN_POINT('Ctrl Pts',(-1.2605,-15.0783141045088,4.29636692233278));
#2854=CARTESIAN_POINT('Ctrl Pts',(-1.2605,-15.0786444770183,4.2956819579462));
#2855=CARTESIAN_POINT('',(-1.2605,-15.3950360796192,3.63970431526754));
#2856=CARTESIAN_POINT('',(-1.2605,-15.4654906971598,3.49363010359379));
#2857=CARTESIAN_POINT('',(-0.907720085419527,-15.5418043250151,3.72929409839466));
#2858=CARTESIAN_POINT('Ctrl Pts',(-1.2605,-15.3950360796192,3.63970431526754));
#2859=CARTESIAN_POINT('Ctrl Pts',(-1.15626063039489,-15.4296570756732,3.66083754827554));
#2860=CARTESIAN_POINT('Ctrl Pts',(-1.05434149535647,-15.4689201864466,3.68480440547679));
#2861=CARTESIAN_POINT('Ctrl Pts',(-0.940941767394961,-15.5245044859833,
3.71873398831899));
#2862=CARTESIAN_POINT('Ctrl Pts',(-0.924232182441524,-15.5330236685097,
3.72393423931945));
#2863=CARTESIAN_POINT('Ctrl Pts',(-0.907720085419031,-15.5418043250154,
3.72929409839482));
#2864=CARTESIAN_POINT('',(-0.121536614571997,-16.312170579349,3.75198549361638));
#2865=CARTESIAN_POINT('Ctrl Pts',(-0.907720085419527,-15.5418043250151,
3.72929409839466));
#2866=CARTESIAN_POINT('Ctrl Pts',(-0.777862974935175,-15.6108585875013,
3.77144597112059));
#2867=CARTESIAN_POINT('Ctrl Pts',(-0.646466016007625,-15.7060275440397,
3.79988144964726));
#2868=CARTESIAN_POINT('Ctrl Pts',(-0.44899044638068,-15.8885231045228,3.81449075488478));
#2869=CARTESIAN_POINT('Ctrl Pts',(-0.380256689616972,-15.9610496711307,
3.81321579373771));
#2870=CARTESIAN_POINT('Ctrl Pts',(-0.245309434861256,-16.1231504095986,
3.79639414253368));
#2871=CARTESIAN_POINT('Ctrl Pts',(-0.180331444765905,-16.2140333018018,
3.7789676706227));
#2872=CARTESIAN_POINT('Ctrl Pts',(-0.123284792988802,-16.3092400997513,
3.75279655469335));
#2873=CARTESIAN_POINT('Ctrl Pts',(-0.122409629030802,-16.3107049816048,
3.75239204125079));
#2874=CARTESIAN_POINT('Ctrl Pts',(-0.121536614571997,-16.312170579349,3.75198549361638));
#2875=CARTESIAN_POINT('Ctrl Pts',(-0.121536614571998,-16.312170579349,3.75198549361638));
#2876=CARTESIAN_POINT('Ctrl Pts',(-0.336504048792795,-16.2623012471711,
4.04193980863479));
#2877=CARTESIAN_POINT('Ctrl Pts',(-0.716794871004937,-16.0604280425953,
4.48551249695931));
#2878=CARTESIAN_POINT('Ctrl Pts',(-1.10275398673534,-15.6539145913248,4.81261760159379));
#2879=CARTESIAN_POINT('Ctrl Pts',(-1.24474060153295,-15.4318661412047,4.88869761040962));
#2880=CARTESIAN_POINT('Ctrl Pts',(-1.26010533368683,-15.4066209738302,4.89618770255703));
#2881=CARTESIAN_POINT('Ctrl Pts',(-0.121538296195527,-15.5618051741344,
3.2939485092434));
#2882=CARTESIAN_POINT('Ctrl Pts',(-0.115203872973263,-15.5653185779391,
3.28665603295195));
#2883=CARTESIAN_POINT('Ctrl Pts',(-0.0762562528526619,-15.5869485691524,
3.24181037165556));
#2884=CARTESIAN_POINT('Ctrl Pts',(0.0721432058161619,-15.669363848369,3.07093800925134));
#2885=CARTESIAN_POINT('Ctrl Pts',(0.240555828565228,-15.7628936594073,2.87702178498771));
#2886=CARTESIAN_POINT('Ctrl Pts',(0.367408610501138,-15.8333427536051,2.73095902491182));
#2887=CARTESIAN_POINT('Ctrl Pts',(0.39724526711099,-15.8499128705547,2.69660404783238));
#2888=CARTESIAN_POINT('Ctrl Pts',(0.414224845263246,-15.8593426669094,2.67705316363422));
#2889=CARTESIAN_POINT('Ctrl Pts',(0.422708867684507,-15.8640543625113,2.66728436146462));
#2890=CARTESIAN_POINT('Ctrl Pts',(0.426944474046373,-15.8664066533087,2.66240733514823));
#2891=CARTESIAN_POINT('Ctrl Pts',(-0.228020818139653,-15.4912221382061,
3.40957286411544));
#2892=CARTESIAN_POINT('Ctrl Pts',(-0.221493095825456,-15.4781723356282,
3.39525806418893));
#2893=CARTESIAN_POINT('Ctrl Pts',(-0.171573812766005,-15.4620424964672,
3.3461123116427));
#2894=CARTESIAN_POINT('Ctrl Pts',(0.0234220594535762,-15.490524514734,3.21074712861662));
#2895=CARTESIAN_POINT('Ctrl Pts',(0.23361457708513,-15.5821361544839,3.08122563037971));
#2896=CARTESIAN_POINT('Ctrl Pts',(0.368142793645332,-15.6773053752207,2.98725338953943));
#2897=CARTESIAN_POINT('Ctrl Pts',(0.398421896996746,-15.7005999276234,2.96507762386067));
#2898=CARTESIAN_POINT('Ctrl Pts',(0.415220598897976,-15.7141890231318,2.95245838021575));
#2899=CARTESIAN_POINT('Ctrl Pts',(0.423468755125382,-15.7210580771454,2.94613302817227));
#2900=CARTESIAN_POINT('Ctrl Pts',(0.42754795574758,-15.7245146143505,2.94297566550986));
#2901=CARTESIAN_POINT('Ctrl Pts',(-0.476860774506861,-15.3935308646565,
3.5696131757325));
#2902=CARTESIAN_POINT('Ctrl Pts',(-0.471980457685842,-15.3427363739546,
3.53701712037715));
#2903=CARTESIAN_POINT('Ctrl Pts',(-0.410068305398669,-15.2449349027312,
3.46777842648246));
#2904=CARTESIAN_POINT('Ctrl Pts',(-0.147210980530701,-15.1222542067751,
3.35354094464047));
#2905=CARTESIAN_POINT('Ctrl Pts',(0.147416142940654,-15.1314182129457,3.30920457446752));
#2906=CARTESIAN_POINT('Ctrl Pts',(0.337898471783006,-15.194475173226,3.3022837821587));
#2907=CARTESIAN_POINT('Ctrl Pts',(0.380723310980206,-15.2116881466574,3.3017182273307));
#2908=CARTESIAN_POINT('Ctrl Pts',(0.40448112698586,-15.2222345958129,3.30172325362701));
#2909=CARTESIAN_POINT('Ctrl Pts',(0.416136813363789,-15.2277305287042,3.30182416532684));
#2910=CARTESIAN_POINT('Ctrl Pts',(0.421899934924839,-15.2305323666384,3.30189806820557));
#2911=CARTESIAN_POINT('Ctrl Pts',(-0.778490253458369,-15.3627690388013,
3.62000797576832));
#2912=CARTESIAN_POINT('Ctrl Pts',(-0.777028353151069,-15.2681396147146,
3.56224810544117));
#2913=CARTESIAN_POINT('Ctrl Pts',(-0.709895314570137,-15.0800655434296,
3.44716839384218));
#2914=CARTESIAN_POINT('Ctrl Pts',(-0.394493718008745,-14.7865839920086,
3.26820396844691));
#2915=CARTESIAN_POINT('Ctrl Pts',(-0.0123108402397667,-14.6694892284851,
3.19622183654742));
#2916=CARTESIAN_POINT('Ctrl Pts',(0.274504254820206,-14.6528901712367,3.18645265075147));
#2917=CARTESIAN_POINT('Ctrl Pts',(0.341797901817467,-14.6524937580183,3.1863157867957));
#2918=CARTESIAN_POINT('Ctrl Pts',(0.380031714139392,-14.6532855871958,3.18687159125175));
#2919=CARTESIAN_POINT('Ctrl Pts',(0.399111735820873,-14.6540164998327,3.18735360975265));
#2920=CARTESIAN_POINT('Ctrl Pts',(0.408630854759909,-14.6544648113954,3.18764727028929));
#2921=CARTESIAN_POINT('Ctrl Pts',(-0.907720085419527,-15.3627690388013,
3.62000797576832));
#2922=CARTESIAN_POINT('Ctrl Pts',(-0.907720085419532,-15.249667019724,3.55096861828987));
#2923=CARTESIAN_POINT('Ctrl Pts',(-0.838332152061826,-15.0245122938826,
3.41353042105752));
#2924=CARTESIAN_POINT('Ctrl Pts',(-0.500359371911018,-14.6655465073173,
3.19441172217493));
#2925=CARTESIAN_POINT('Ctrl Pts',(-0.0806085359633968,-14.5035972859349,
3.09555521828943));
#2926=CARTESIAN_POINT('Ctrl Pts',(0.24740691699406,-14.4619426480248,3.07012853306511));
#2927=CARTESIAN_POINT('Ctrl Pts',(0.325159931374668,-14.4562233032306,3.06663734968032));
#2928=CARTESIAN_POINT('Ctrl Pts',(0.369580028343624,-14.4541350900972,3.06536266958019));
#2929=CARTESIAN_POINT('Ctrl Pts',(0.391832352915393,-14.4534806041292,3.06496316043718));
#2930=CARTESIAN_POINT('Ctrl Pts',(0.402956199147761,-14.4532520483139,3.0648236461583));
#2931=CARTESIAN_POINT('',(0.402956199147761,-14.4532520483139,3.0648236461583));
#2932=CARTESIAN_POINT('',(-0.00890582517948602,-15.6243523733969,3.1642607175754));
#2933=CARTESIAN_POINT('Ctrl Pts',(0.40295619914774,-14.4532520483139,3.0648236461583));
#2934=CARTESIAN_POINT('Ctrl Pts',(0.40295619914774,-14.5404733268888,3.11806496828836));
#2935=CARTESIAN_POINT('Ctrl Pts',(0.39074477324027,-14.6335750109354,3.15664894613542));
#2936=CARTESIAN_POINT('Ctrl Pts',(0.341382123142911,-14.84254975569,3.21045080227282));
#2937=CARTESIAN_POINT('Ctrl Pts',(0.303265990583023,-14.9486200377607,3.2182430932012));
#2938=CARTESIAN_POINT('Ctrl Pts',(0.238081212739219,-15.1057040988164,3.2167279022118));
#2939=CARTESIAN_POINT('Ctrl Pts',(0.210057300108087,-15.1669552688294,3.2122420925327));
#2940=CARTESIAN_POINT('Ctrl Pts',(0.108008849296307,-15.3795767779608,3.18954458778654));
#2941=CARTESIAN_POINT('Ctrl Pts',(0.027563829359713,-15.5295481135517,3.16088515556959));
#2942=CARTESIAN_POINT('Ctrl Pts',(-0.00890582517948796,-15.6243523733969,
3.1642607175754));
#2943=CARTESIAN_POINT('',(-0.121536614571997,-15.5618016199141,3.29394777462795));
#2944=CARTESIAN_POINT('',(-0.00890582517948608,-15.6243523733969,3.1642607175754));
#2945=CARTESIAN_POINT('',(-0.907720085419528,-15.3627690388013,3.62000797576831));
#2946=CARTESIAN_POINT('Origin',(-0.907720085419528,-15.8837874136304,2.76646251529743));
#2947=CARTESIAN_POINT('Ctrl Pts',(-0.907720085419527,-15.3627690388013,
3.62000797576832));
#2948=CARTESIAN_POINT('Ctrl Pts',(-0.907720085419532,-15.249667019724,3.55096861828987));
#2949=CARTESIAN_POINT('Ctrl Pts',(-0.838332152061826,-15.0245122938826,
3.41353042105752));
#2950=CARTESIAN_POINT('Ctrl Pts',(-0.500359371911018,-14.6655465073173,
3.19441172217493));
#2951=CARTESIAN_POINT('Ctrl Pts',(-0.0806085359633968,-14.5035972859349,
3.09555521828943));
#2952=CARTESIAN_POINT('Ctrl Pts',(0.24740691699406,-14.4619426480248,3.07012853306511));
#2953=CARTESIAN_POINT('Ctrl Pts',(0.325159931374668,-14.4562233032306,3.06663734968032));
#2954=CARTESIAN_POINT('Ctrl Pts',(0.369580028343624,-14.4541350900972,3.06536266958019));
#2955=CARTESIAN_POINT('Ctrl Pts',(0.391832352915393,-14.4534806041292,3.06496316043718));
#2956=CARTESIAN_POINT('Ctrl Pts',(0.402956199147761,-14.4532520483139,3.0648236461583));
#2957=CARTESIAN_POINT('Origin',(-0.907720085419528,-20.2223481981795,5.41479232753261));
#2958=CARTESIAN_POINT('',(-0.907720085419528,-19.7013298233504,6.26833778800349));
#2959=CARTESIAN_POINT('',(-0.121536614571997,-19.9003624044632,5.94227758686313));
#2960=CARTESIAN_POINT('Origin',(1.2395,-7.9375,-0.9125));
#2961=CARTESIAN_POINT('',(0.402956199147741,-16.1995774717272,4.13080979003351));
#2962=CARTESIAN_POINT('',(0.402956199147739,-13.8415998252924,2.69146093502222));
#2963=CARTESIAN_POINT('',(-1.2605,-8.51227795020508,-0.561645959562315));
#2964=CARTESIAN_POINT('',(-1.2605,-7.9375,-0.9125));
#2965=CARTESIAN_POINT('',(1.2395,-8.51227795020508,-0.561645959562315));
#2966=CARTESIAN_POINT('',(2.04850000000001,-8.51227795020508,-0.561645959562315));
#2967=CARTESIAN_POINT('',(1.2395,-15.3950360796192,3.63970431526754));
#2968=CARTESIAN_POINT('',(1.2395,-7.9375,-0.9125));
#2969=CARTESIAN_POINT('Ctrl Pts',(0.402956199147741,-16.1995774717272,4.13080979003351));
#2970=CARTESIAN_POINT('Ctrl Pts',(0.402956199147741,-16.1111302090575,4.07682010677883));
#2971=CARTESIAN_POINT('Ctrl Pts',(0.42314345254293,-16.0246026981072,4.02400227196958));
#2972=CARTESIAN_POINT('Ctrl Pts',(0.501925910717251,-15.8617424820748,3.92458968176646));
#2973=CARTESIAN_POINT('Ctrl Pts',(0.558335945254437,-15.7888114248239,3.88007134897012));
#2974=CARTESIAN_POINT('Ctrl Pts',(0.709299128163663,-15.6470229142459,3.79352127897149));
#2975=CARTESIAN_POINT('Ctrl Pts',(0.806717446060852,-15.5833119410063,3.75463103898925));
#2976=CARTESIAN_POINT('Ctrl Pts',(1.01500650692416,-15.476363452229,3.68934789896478));
#2977=CARTESIAN_POINT('Ctrl Pts',(1.12590651433848,-15.4328981910492,3.66281597911962));
#2978=CARTESIAN_POINT('Ctrl Pts',(1.2395,-15.3950360796192,3.63970431526754));
#2979=CARTESIAN_POINT('Ctrl Pts',(1.23950238165709,-15.0783427957807,4.29630134179504));
#2980=CARTESIAN_POINT('Ctrl Pts',(1.2395,-15.0783459718361,4.29630085150771));
#2981=CARTESIAN_POINT('Ctrl Pts',(1.2395,-15.129702274414,4.18982335329094));
#2982=CARTESIAN_POINT('Ctrl Pts',(1.2395,-15.3197624676963,3.795769792667));
#2983=CARTESIAN_POINT('Ctrl Pts',(1.2395,-15.4903982966894,3.4419889465911));
#2984=CARTESIAN_POINT('Ctrl Pts',(1.2395,-15.6253057598009,3.16228405270599));
#2985=CARTESIAN_POINT('Ctrl Pts',(1.2395,-15.0236374374563,4.40972856299523));
#2986=CARTESIAN_POINT('Ctrl Pts',(1.23706574582198,-15.0520330885725,4.42342437361291));
#2987=CARTESIAN_POINT('Ctrl Pts',(1.20367765542588,-15.1387304634379,4.33731106292043));
#2988=CARTESIAN_POINT('Ctrl Pts',(1.10126933009951,-15.3407794952678,3.96546495958404));
#2989=CARTESIAN_POINT('Ctrl Pts',(1.03180624888076,-15.4629327014632,3.60597513169949));
#2990=CARTESIAN_POINT('Ctrl Pts',(1.00617519462265,-15.5344205948702,3.3203352555033));
#2991=CARTESIAN_POINT('Ctrl Pts',(1.2815298288158,-14.9308519253069,4.60957188694543));
#2992=CARTESIAN_POINT('Ctrl Pts',(1.2741989164526,-15.0163672472929,4.65081769779289));
#2993=CARTESIAN_POINT('Ctrl Pts',(1.19309342843464,-15.1768204652076,4.60678381224776));
#2994=CARTESIAN_POINT('Ctrl Pts',(0.930007395390042,-15.4670907423474,4.30526225880848));
#2995=CARTESIAN_POINT('Ctrl Pts',(0.719593608612721,-15.5757553935611,3.97082289688599));
#2996=CARTESIAN_POINT('Ctrl Pts',(0.588088558796839,-15.597801195984,3.70065885984543));
#2997=CARTESIAN_POINT('Ctrl Pts',(1.39176234346127,-14.8545731735254,4.78731374176896));
#2998=CARTESIAN_POINT('Ctrl Pts',(1.37903114877796,-15.0030829576658,4.85894308635181));
#2999=CARTESIAN_POINT('Ctrl Pts',(1.27323074248231,-15.2551271092241,4.85431331566721));
#3000=CARTESIAN_POINT('Ctrl Pts',(0.92372936402829,-15.7147066079373,4.61283848176022));
#3001=CARTESIAN_POINT('Ctrl Pts',(0.631032010310261,-15.9164578705412,4.29789470004014));
#3002=CARTESIAN_POINT('Ctrl Pts',(0.411453325602531,-16.0045166760833,4.02443820394249));
#3003=CARTESIAN_POINT('Ctrl Pts',(1.44958375539236,-14.826208784235,4.85639890528348));
#3004=CARTESIAN_POINT('Ctrl Pts',(1.43453848141302,-15.0017123757347,4.94104792220737));
#3005=CARTESIAN_POINT('Ctrl Pts',(1.32160585961276,-15.2944703370963,4.95100344353866));
#3006=CARTESIAN_POINT('Ctrl Pts',(0.950393497719908,-15.8328016948185,4.7249282783473));
#3007=CARTESIAN_POINT('Ctrl Pts',(0.637319539811963,-16.0804803568109,4.40830678621215));
#3008=CARTESIAN_POINT('Ctrl Pts',(0.396073606416944,-16.2030960234353,4.12267330431372));
#3009=CARTESIAN_POINT('',(1.2395,-15.0783459718361,4.2963008515077));
#3010=CARTESIAN_POINT('',(1.2395,-14.9763745068206,4.50771923521797));
#3011=CARTESIAN_POINT('',(1.23949999889427,-15.4063739143001,4.89662511686848));
#3012=CARTESIAN_POINT('Ctrl Pts',(1.2395,-15.0783459718361,4.2963008515077));
#3013=CARTESIAN_POINT('Ctrl Pts',(1.2395,-15.078015829783,4.29698533808686));
#3014=CARTESIAN_POINT('Ctrl Pts',(1.2395,-15.0776938198508,4.29767884570011));
#3015=CARTESIAN_POINT('Ctrl Pts',(1.2395,-15.073086000002,4.30792917649222));
#3016=CARTESIAN_POINT('Ctrl Pts',(1.2395,-15.0677759347496,4.32405825008709));
#3017=CARTESIAN_POINT('Ctrl Pts',(1.2395,-15.0624849724756,4.36300010610626));
#3018=CARTESIAN_POINT('Ctrl Pts',(1.2395,-15.0617900403181,4.37958652918657));
#3019=CARTESIAN_POINT('Ctrl Pts',(1.2395,-15.0631770571797,4.42993282483804));
#3020=CARTESIAN_POINT('Ctrl Pts',(1.2395,-15.0690658000421,4.46425933246726));
#3021=CARTESIAN_POINT('Ctrl Pts',(1.2395,-15.0969192773146,4.56354882937958));
#3022=CARTESIAN_POINT('Ctrl Pts',(1.2395,-15.131810543566,4.63384758654415));
#3023=CARTESIAN_POINT('Ctrl Pts',(1.2395,-15.2410511029948,4.7743542111499));
#3024=CARTESIAN_POINT('Ctrl Pts',(1.2395,-15.3153880318625,4.8410858194494));
#3025=CARTESIAN_POINT('Ctrl Pts',(1.2395,-15.4063739113844,4.8966251167409));
#3026=CARTESIAN_POINT('Ctrl Pts',(1.23907433575658,-15.4058272756253,4.89565539520368));
#3027=CARTESIAN_POINT('Ctrl Pts',(1.19780859457479,-15.4737714243762,4.8754685772227));
#3028=CARTESIAN_POINT('Ctrl Pts',(0.941982480200357,-15.8381711049974,4.71563774893006));
#3029=CARTESIAN_POINT('Ctrl Pts',(0.642078627163536,-16.0767052466148,4.41311363059221));
#3030=CARTESIAN_POINT('Ctrl Pts',(0.402956108297251,-16.1995786885779,4.13081039706669));
#3031=CARTESIAN_POINT('Origin',(0.402956199147741,-19.7456996505848,6.29542187004444));
#3032=CARTESIAN_POINT('',(1.23949999996631,-15.5095534951935,4.95960765440818));
#3033=CARTESIAN_POINT('',(1.2395,-13.8866601874105,3.96896653106515));
#3034=CARTESIAN_POINT('',(1.2395,-19.2799292889994,7.26110787849336));
#3035=CARTESIAN_POINT('',(1.2395,-13.8866601874105,3.96896653106515));
#3036=CARTESIAN_POINT('',(-0.00890582517948614,-19.9750159443625,5.81997827235231));
#3037=CARTESIAN_POINT('',(0.0882161030265503,-19.920940454744,5.93209348626771));
#3038=CARTESIAN_POINT('',(-0.00890582517948614,-19.9750159443625,5.81997827235231));
#3039=CARTESIAN_POINT('Ctrl Pts',(1.2395,-14.1516791989208,6.21756766215848));
#3040=CARTESIAN_POINT('Ctrl Pts',(1.2395,-14.2644462883898,5.98376661019136));
#3041=CARTESIAN_POINT('Ctrl Pts',(1.2395,-14.4537290131744,5.59132498221112));
#3042=CARTESIAN_POINT('Ctrl Pts',(1.2395,-14.6593305784929,5.16504935087313));
#3043=CARTESIAN_POINT('Ctrl Pts',(1.2395,-14.7592108620544,4.95796663305723));
#3044=CARTESIAN_POINT('Ctrl Pts',(1.2395,-14.7805283123664,4.9137689657087));
#3045=CARTESIAN_POINT('Ctrl Pts',(1.23950210379597,-14.7805268197316,4.91376590857218));
#3046=CARTESIAN_POINT('Ctrl Pts',(0.989444458715584,-14.2262434926518,6.03631264247604));
#3047=CARTESIAN_POINT('Ctrl Pts',(1.00842736966353,-14.3774798692097,5.84586053903346));
#3048=CARTESIAN_POINT('Ctrl Pts',(1.07614301762013,-14.6120718491857,5.50026521341121));
#3049=CARTESIAN_POINT('Ctrl Pts',(1.17864123975921,-14.80701708956,5.08782803868673));
#3050=CARTESIAN_POINT('Ctrl Pts',(1.23118240111129,-14.8626572727615,4.86689721804461));
#3051=CARTESIAN_POINT('Ctrl Pts',(1.24085391776907,-14.8509598498762,4.80822347831849));
#3052=CARTESIAN_POINT('Ctrl Pts',(1.2395,-14.8351199698663,4.80058357613997));
#3053=CARTESIAN_POINT('Ctrl Pts',(0.544481237355281,-14.6116216613632,5.84712049775038));
#3054=CARTESIAN_POINT('Ctrl Pts',(0.655173569257332,-14.775844878703,5.70191397711143));
#3055=CARTESIAN_POINT('Ctrl Pts',(0.879679646980466,-15.0012092703545,5.395522624327));
#3056=CARTESIAN_POINT('Ctrl Pts',(1.14063116107077,-15.1017208851481,4.96972450149654));
#3057=CARTESIAN_POINT('Ctrl Pts',(1.264291651458,-15.0523657853645,4.71155949009861));
#3058=CARTESIAN_POINT('Ctrl Pts',(1.2854247616564,-14.9754039450797,4.62417169457414));
#3059=CARTESIAN_POINT('Ctrl Pts',(1.28134916390004,-14.9277223347895,4.60117386642759));
#3060=CARTESIAN_POINT('Ctrl Pts',(0.398179970568413,-15.1643591969033,6.00972447166081));
#3061=CARTESIAN_POINT('Ctrl Pts',(0.583590191408338,-15.2941597905143,5.81209768948597));
#3062=CARTESIAN_POINT('Ctrl Pts',(0.896824399803557,-15.4371613002562,5.42918344339454));
#3063=CARTESIAN_POINT('Ctrl Pts',(1.2273203293314,-15.4015254573922,4.91229982779954));
#3064=CARTESIAN_POINT('Ctrl Pts',(1.37593047023064,-15.233513539405,4.58678684037332));
#3065=CARTESIAN_POINT('Ctrl Pts',(1.39820530184964,-15.0867080876905,4.4636549164881));
#3066=CARTESIAN_POINT('Ctrl Pts',(1.39112940875527,-15.0039251446353,4.42372698858753));
#3067=CARTESIAN_POINT('Ctrl Pts',(0.405406007228615,-15.3723146821294,6.12583479554988));
#3068=CARTESIAN_POINT('Ctrl Pts',(0.608070157919538,-15.4935366141556,5.89611168925099));
#3069=CARTESIAN_POINT('Ctrl Pts',(0.940722139895661,-15.6089681994357,5.46805012720358));
#3070=CARTESIAN_POINT('Ctrl Pts',(1.28391061417111,-15.5220936878836,4.90070722670441));
#3071=CARTESIAN_POINT('Ctrl Pts',(1.435788808812,-15.3062592776627,4.54134877351041));
#3072=CARTESIAN_POINT('Ctrl Pts',(1.45708503058343,-15.1301076251119,4.40190766819379));
#3073=CARTESIAN_POINT('Ctrl Pts',(1.44872347705038,-15.0322833645206,4.35472500133439));
#3074=CARTESIAN_POINT('',(1.2395,-14.7805283123664,4.9137689657087));
#3075=CARTESIAN_POINT('Ctrl Pts',(1.2395,-15.5095534951347,4.95960765432182));
#3076=CARTESIAN_POINT('Ctrl Pts',(1.2395,-15.4050979816737,4.89584626797997));
#3077=CARTESIAN_POINT('Ctrl Pts',(1.2395,-15.298600487249,4.85517014670647));
#3078=CARTESIAN_POINT('Ctrl Pts',(1.2395,-15.105770456327,4.81866913275838));
#3079=CARTESIAN_POINT('Ctrl Pts',(1.2395,-15.0222358973247,4.81955321168646));
#3080=CARTESIAN_POINT('Ctrl Pts',(1.2395,-14.9107274506125,4.84144345987792));
#3081=CARTESIAN_POINT('Ctrl Pts',(1.2395,-14.8758169454085,4.85348631746538));
#3082=CARTESIAN_POINT('Ctrl Pts',(1.2395,-14.8327903292072,4.87465826779822));
#3083=CARTESIAN_POINT('Ctrl Pts',(1.2395,-14.8186469167426,4.88291039622194));
#3084=CARTESIAN_POINT('Ctrl Pts',(1.2395,-14.7999420739099,4.89665454773533));
#3085=CARTESIAN_POINT('Ctrl Pts',(1.2395,-14.7940796414833,4.90142767184562));
#3086=CARTESIAN_POINT('Ctrl Pts',(1.2395,-14.7847943975656,4.91023219786463));
#3087=CARTESIAN_POINT('Ctrl Pts',(1.2395,-14.7819202850028,4.91340366526531));
#3088=CARTESIAN_POINT('Ctrl Pts',(1.2395,-14.7796817068868,4.91615666959852));
#3089=CARTESIAN_POINT('Ctrl Pts',(1.2395,-14.7793834183913,4.91653229592411));
#3090=CARTESIAN_POINT('Ctrl Pts',(1.2395,-14.7790745244753,4.91693406287149));
#3091=CARTESIAN_POINT('Ctrl Pts',(1.2395,-14.7790528320831,4.91696234825954));
#3092=CARTESIAN_POINT('Ctrl Pts',(1.2395,-14.7790178756343,4.91700804762135));
#3093=CARTESIAN_POINT('Ctrl Pts',(1.2395,-14.7790045836733,4.91702545228112));
#3094=CARTESIAN_POINT('Ctrl Pts',(1.2395,-14.7789804776333,4.91705706863205));
#3095=CARTESIAN_POINT('Ctrl Pts',(1.2395,-14.7789696569556,4.91707127945282));
#3096=CARTESIAN_POINT('Ctrl Pts',(1.2395,-14.7789499730078,4.91709716556838));
#3097=CARTESIAN_POINT('Ctrl Pts',(1.2395,-14.7789411055715,4.91710884003828));
#3098=CARTESIAN_POINT('Ctrl Pts',(1.2395,-14.7789248859954,4.91713021822734));
#3099=CARTESIAN_POINT('Ctrl Pts',(1.2395,-14.778917531654,4.91713992074014));
#3100=CARTESIAN_POINT('Ctrl Pts',(1.2395,-14.7789039226279,4.9171578921492));
#3101=CARTESIAN_POINT('Ctrl Pts',(1.2395,-14.7788976649724,4.91716616242331));
#3102=CARTESIAN_POINT('Ctrl Pts',(1.2395,-14.7788836124744,4.91718474985941));
#3103=CARTESIAN_POINT('Ctrl Pts',(1.2395,-14.7788784767065,4.91718958527441));
#3104=CARTESIAN_POINT('Ctrl Pts',(1.2395,-14.7792244495659,4.91647227674209));
#3105=CARTESIAN_POINT('Ctrl Pts',(1.2395,-14.779569880203,4.91575609199793));
#3106=CARTESIAN_POINT('Ctrl Pts',(1.2395,-14.7800931717131,4.91467114685906));
#3107=CARTESIAN_POINT('Ctrl Pts',(1.2395,-14.780271032507,4.91430238642621));
#3108=CARTESIAN_POINT('Ctrl Pts',(1.2395,-14.7804753663228,4.91387873923181));
#3109=CARTESIAN_POINT('Ctrl Pts',(1.2395,-14.7805018393446,4.91382385247026));
#3110=CARTESIAN_POINT('Ctrl Pts',(1.2395,-14.7805283123664,4.9137689657087));
#3111=CARTESIAN_POINT('',(1.2395,-14.7434893260279,4.99056223944242));
#3112=CARTESIAN_POINT('Ctrl Pts',(0.405406007228615,-15.3723146821294,6.12583479554988));
#3113=CARTESIAN_POINT('Ctrl Pts',(0.608070157919538,-15.4935366141556,5.89611168925099));
#3114=CARTESIAN_POINT('Ctrl Pts',(0.905280054979222,-15.596669652398,5.51365753390359));
#3115=CARTESIAN_POINT('Ctrl Pts',(1.1652417077491,-15.5498672319661,5.09550168879018));
#3116=CARTESIAN_POINT('Ctrl Pts',(1.23943232326898,-15.5094011384092,4.95961607575625));
#3117=CARTESIAN_POINT('Origin',(-0.0052498842223871,-18.5848426336797,8.70223748454424));
#3118=CARTESIAN_POINT('',(-0.0052498842223871,-18.5848426336797,8.70223748454424));
#3119=CARTESIAN_POINT('',(-0.0052498842223871,-18.5848426336797,8.70223748454424));
#3120=CARTESIAN_POINT('',(1.02800633883319,-19.1618281158841,7.50596813553206));
#3121=CARTESIAN_POINT('Ctrl Pts',(-1.26050211833567,-14.7795437485821,4.91580412939859));
#3122=CARTESIAN_POINT('Ctrl Pts',(-1.2605,-14.779545241064,4.91580717655328));
#3123=CARTESIAN_POINT('Ctrl Pts',(-1.2605,-14.745864122241,4.98563855243888));
#3124=CARTESIAN_POINT('Ctrl Pts',(-1.2605,-14.5928051050685,5.30297723162686));
#3125=CARTESIAN_POINT('Ctrl Pts',(-1.2605,-14.4126214599994,5.67655365328318));
#3126=CARTESIAN_POINT('Ctrl Pts',(-1.2605,-14.2628344397614,5.98710847089474));
#3127=CARTESIAN_POINT('Ctrl Pts',(-1.2605,-14.1878821470547,6.14250775418473));
#3128=CARTESIAN_POINT('Ctrl Pts',(-1.2605,-14.1502991999345,6.22042882684952));
#3129=CARTESIAN_POINT('Ctrl Pts',(-1.2605,-14.8344718757814,4.80192727561412));
#3130=CARTESIAN_POINT('Ctrl Pts',(-1.26186738940627,-14.8503355446031,4.80957865162922));
#3131=CARTESIAN_POINT('Ctrl Pts',(-1.24632976085224,-14.8673825521864,4.90170320800161));
#3132=CARTESIAN_POINT('Ctrl Pts',(-1.16441708405967,-14.753551891947,5.22590683080274));
#3133=CARTESIAN_POINT('Ctrl Pts',(-1.08357304423149,-14.5575993827388,5.57247293528779));
#3134=CARTESIAN_POINT('Ctrl Pts',(-1.03346888278684,-14.3723605075824,5.84316815364914));
#3135=CARTESIAN_POINT('Ctrl Pts',(-1.01640906956139,-14.2741510234945,5.97304907305301));
#3136=CARTESIAN_POINT('Ctrl Pts',(-1.01033535931422,-14.2236024806933,6.03625247544317));
#3137=CARTESIAN_POINT('Ctrl Pts',(-1.30286863269452,-14.9275986780348,4.6012748484104));
#3138=CARTESIAN_POINT('Ctrl Pts',(-1.30699004803351,-14.9754129785661,4.6243366758083));
#3139=CARTESIAN_POINT('Ctrl Pts',(-1.27275751350412,-15.0911748527253,4.75950454943386));
#3140=CARTESIAN_POINT('Ctrl Pts',(-1.07668520529358,-15.0900605634983,5.11664821900178));
#3141=CARTESIAN_POINT('Ctrl Pts',(-0.851130655631804,-14.9426492378106,
5.45300136874464));
#3142=CARTESIAN_POINT('Ctrl Pts',(-0.678262349724789,-14.7679697484352,
5.69182977667718));
#3143=CARTESIAN_POINT('Ctrl Pts',(-0.599191143411276,-14.6642715530074,
5.79553956101708));
#3144=CARTESIAN_POINT('Ctrl Pts',(-0.562409709226698,-14.6091831573627,
5.84325958073989));
#3145=CARTESIAN_POINT('Ctrl Pts',(-1.41394665434075,-15.0040176713335,4.42298371374964));
#3146=CARTESIAN_POINT('Ctrl Pts',(-1.42110783485285,-15.0870975866056,4.4630548775008));
#3147=CARTESIAN_POINT('Ctrl Pts',(-1.38482049233425,-15.3085750025613,4.65260193652334));
#3148=CARTESIAN_POINT('Ctrl Pts',(-1.14487480948955,-15.4419868349024,5.09096163815946));
#3149=CARTESIAN_POINT('Ctrl Pts',(-0.848432330397147,-15.3945239136262,
5.50285597879306));
#3150=CARTESIAN_POINT('Ctrl Pts',(-0.599611234310251,-15.2848820053292,
5.80504452360606));
#3151=CARTESIAN_POINT('Ctrl Pts',(-0.475240973294555,-15.2075999632107,
5.94260117440598));
#3152=CARTESIAN_POINT('Ctrl Pts',(-0.413013234252235,-15.1638270739633,
6.0080171160443));
#3153=CARTESIAN_POINT('Ctrl Pts',(-1.47219316040992,-15.0323926145361,4.35374435652718));
#3154=CARTESIAN_POINT('Ctrl Pts',(-1.48065691029858,-15.1305841937661,4.4011041887733));
#3155=CARTESIAN_POINT('Ctrl Pts',(-1.44565828940856,-15.3965189667916,4.61544651445223));
#3156=CARTESIAN_POINT('Ctrl Pts',(-1.19850097570635,-15.5828069370487,5.09645927367769));
#3157=CARTESIAN_POINT('Ctrl Pts',(-0.887664290444325,-15.5714841222565,
5.55148077094618));
#3158=CARTESIAN_POINT('Ctrl Pts',(-0.622437387809404,-15.482859776729,5.89153561327194));
#3159=CARTESIAN_POINT('Ctrl Pts',(-0.48753647848005,-15.41318259178,6.0494791902829));
#3160=CARTESIAN_POINT('Ctrl Pts',(-0.41936991092211,-15.3721668393407,6.12574454984761));
#3161=CARTESIAN_POINT('',(-1.2605,-14.779545241064,4.91580717655328));
#3162=CARTESIAN_POINT('',(-1.2605,-15.2326055163671,3.97647310781825));
#3163=CARTESIAN_POINT('',(-1.26049999996103,-15.5125771806668,4.9614533624233));
#3164=CARTESIAN_POINT('Ctrl Pts',(-1.2605,-14.779545241064,4.91580717655328));
#3165=CARTESIAN_POINT('Ctrl Pts',(-1.2605,-14.7795191153297,4.91586134328047));
#3166=CARTESIAN_POINT('Ctrl Pts',(-1.2605,-14.7794929895953,4.91591551000767));
#3167=CARTESIAN_POINT('Ctrl Pts',(-1.2605,-14.7792899599393,4.91633645327558));
#3168=CARTESIAN_POINT('Ctrl Pts',(-1.2605,-14.7791130560177,4.9167032298163));
#3169=CARTESIAN_POINT('Ctrl Pts',(-1.2605,-14.7788673381272,4.91721267899637));
#3170=CARTESIAN_POINT('Ctrl Pts',(-1.2605,-14.7779915989612,4.91902835712629));
#3171=CARTESIAN_POINT('Ctrl Pts',(-1.2605,-14.7778956036838,4.91922738502679));
#3172=CARTESIAN_POINT('Ctrl Pts',(-1.2605,-14.7778872637403,4.91924467359372));
#3173=CARTESIAN_POINT('Ctrl Pts',(-1.2605,-14.7778753167726,4.9192694472634));
#3174=CARTESIAN_POINT('Ctrl Pts',(-1.2605,-14.777888957323,4.91924871476644));
#3175=CARTESIAN_POINT('Ctrl Pts',(-1.2605,-14.7779002398999,4.91923379035787));
#3176=CARTESIAN_POINT('Ctrl Pts',(-1.2605,-14.7779065151702,4.91922549632972));
#3177=CARTESIAN_POINT('Ctrl Pts',(-1.2605,-14.7779201589158,4.91920747797491));
#3178=CARTESIAN_POINT('Ctrl Pts',(-1.2605,-14.7779275288428,4.91919775425596));
#3179=CARTESIAN_POINT('Ctrl Pts',(-1.2605,-14.7779437781393,4.91917633535525));
#3180=CARTESIAN_POINT('Ctrl Pts',(-1.2605,-14.7779526605955,4.91916464018931));
#3181=CARTESIAN_POINT('Ctrl Pts',(-1.2605,-14.7779723755607,4.91913871106724));
#3182=CARTESIAN_POINT('Ctrl Pts',(-1.2605,-14.7779832120767,4.91912447810918));
#3183=CARTESIAN_POINT('Ctrl Pts',(-1.2605,-14.7780073509021,4.91909281552571));
#3184=CARTESIAN_POINT('Ctrl Pts',(-1.2605,-14.7780206598108,4.91907538671534));
#3185=CARTESIAN_POINT('Ctrl Pts',(-1.2605,-14.7780558507204,4.91902937521245));
#3186=CARTESIAN_POINT('Ctrl Pts',(-1.2605,-14.7780777611492,4.91900080221431));
#3187=CARTESIAN_POINT('Ctrl Pts',(-1.2605,-14.7783923648816,4.91859156386077));
#3188=CARTESIAN_POINT('Ctrl Pts',(-1.2605,-14.7786965203243,4.91820864323615));
#3189=CARTESIAN_POINT('Ctrl Pts',(-1.2605,-14.7809450975542,4.91544456049784));
#3190=CARTESIAN_POINT('Ctrl Pts',(-1.2605,-14.783818434952,4.9122732579197));
#3191=CARTESIAN_POINT('Ctrl Pts',(-1.2605,-14.7931301859054,4.90343125639015));
#3192=CARTESIAN_POINT('Ctrl Pts',(-1.2605,-14.7990336960214,4.89861909252786));
#3193=CARTESIAN_POINT('Ctrl Pts',(-1.2605,-14.8178698558533,4.88476274057103));
#3194=CARTESIAN_POINT('Ctrl Pts',(-1.2605,-14.8321160248853,4.87644175625392));
#3195=CARTESIAN_POINT('Ctrl Pts',(-1.2605,-14.8754607331774,4.85508987508881));
#3196=CARTESIAN_POINT('Ctrl Pts',(-1.2605,-14.9106355998593,4.84294204768131));
#3197=CARTESIAN_POINT('Ctrl Pts',(-1.2605,-15.0228776016836,4.82087905417867));
#3198=CARTESIAN_POINT('Ctrl Pts',(-1.2605,-15.1068816735762,4.8199669286708));
#3199=CARTESIAN_POINT('Ctrl Pts',(-1.2605,-15.3007102041649,4.85659222825828));
#3200=CARTESIAN_POINT('Ctrl Pts',(-1.2605,-15.4077058007534,4.89743812420987));
#3201=CARTESIAN_POINT('Ctrl Pts',(-1.2605,-15.5125771805994,4.96145336232424));
#3202=CARTESIAN_POINT('Ctrl Pts',(-1.26043770604724,-15.5124364055833,4.96146000569764));
#3203=CARTESIAN_POINT('Ctrl Pts',(-1.23653039143412,-15.5250552390946,5.00469131487437));
#3204=CARTESIAN_POINT('Ctrl Pts',(-1.10282252823824,-15.5793216684441,5.23651915877963));
#3205=CARTESIAN_POINT('Ctrl Pts',(-0.887664290444325,-15.5714841222565,
5.55148077094618));
#3206=CARTESIAN_POINT('Ctrl Pts',(-0.622437387809404,-15.482859776729,5.89153561327194));
#3207=CARTESIAN_POINT('Ctrl Pts',(-0.48753647848005,-15.41318259178,6.0494791902829));
#3208=CARTESIAN_POINT('Ctrl Pts',(-0.41936991092211,-15.3721668393407,6.12574454984761));
#3209=CARTESIAN_POINT('Origin',(-0.419369910922139,-18.814158927414,8.22679388694227));
#3210=CARTESIAN_POINT('',(-1.2605,-19.2799292889994,7.26110787849336));
#3211=CARTESIAN_POINT('',(-1.2605,-13.375829463707,3.65714694347114));
#3212=CARTESIAN_POINT('',(-1.10026785868611,-19.191201774235,7.44506745737404));
#3213=CARTESIAN_POINT('Origin',(1.2395,-7.9375,1.5875));
#3214=CARTESIAN_POINT('',(1.2395,-8.18259130951552,-0.859161636851511));
#3215=CARTESIAN_POINT('Origin',(1.2395,-9.1375,-1.58590051212737));
#3216=CARTESIAN_POINT('',(1.2395,-8.18259130951552,0.606430275730757));
#3217=CARTESIAN_POINT('',(1.2395,-8.18259130951552,0.2778125));
#3218=CARTESIAN_POINT('',(1.2395,-8.85666509193976,0.773956577362907));
#3219=CARTESIAN_POINT('',(1.2395,-8.12219797944805,0.591420833896264));
#3220=CARTESIAN_POINT('',(1.2395,-8.85666509193976,1.5875));
#3221=CARTESIAN_POINT('',(1.2395,-8.85666509193976,0.));
#3222=CARTESIAN_POINT('',(1.2395,-3.96875,1.5875));
#3223=CARTESIAN_POINT('Origin',(-1.2605,-7.9375,-0.9125));
#3224=CARTESIAN_POINT('',(-1.2605,-13.375829463707,3.65714694347114));
#3225=CARTESIAN_POINT('',(-1.2605,-8.85219734543006,1.5875));
#3226=CARTESIAN_POINT('',(-1.2605,-3.96875,1.5875));
#3227=CARTESIAN_POINT('',(-1.2605,-8.85219734543006,0.779805004492238));
#3228=CARTESIAN_POINT('',(-1.2605,-8.85219734543006,0.));
#3229=CARTESIAN_POINT('',(-1.2605,-8.28350000000002,0.638467712474618));
#3230=CARTESIAN_POINT('',(-1.2605,-7.82798102656529,0.525258430445659));
#3231=CARTESIAN_POINT('',(-1.2605,-8.28350000000002,-0.742879753189588));
#3232=CARTESIAN_POINT('',(-1.2605,-8.28350000000002,0.555625));
#3233=CARTESIAN_POINT('Origin',(-1.2605,-9.1375,-1.58590051212737));
#3234=CARTESIAN_POINT('Origin',(-0.0089058251794861,-19.9750159443625,5.81997827235231));
#3235=CARTESIAN_POINT('',(-1.00034880964756,-19.4244071272865,6.96156063703747));
#3236=CARTESIAN_POINT('Origin',(-1.2605,-19.7456996505848,6.29542187004445));
#3237=CARTESIAN_POINT('Origin',(2.04850000000001,-9.1375,-1.58590051212737));
#3238=CARTESIAN_POINT('',(-1.32226548773775,-7.9375,-1.58590051212737));
#3239=CARTESIAN_POINT('Ctrl Pts',(-1.2605,-8.28350000000037,-0.742879753189234));
#3240=CARTESIAN_POINT('Ctrl Pts',(-1.26049999999997,-8.1856763248783,-0.841977453534646));
#3241=CARTESIAN_POINT('Ctrl Pts',(-1.27514120932741,-8.10250510814681,-0.961895068491469));
#3242=CARTESIAN_POINT('Ctrl Pts',(-1.3071458487558,-7.97303507836477,-1.24909358614312));
#3243=CARTESIAN_POINT('Ctrl Pts',(-1.32226548773775,-7.9375,-1.42168878482858));
#3244=CARTESIAN_POINT('Ctrl Pts',(-1.32226548773775,-7.9375,-1.58590051212737));
#3245=CARTESIAN_POINT('',(1.27000000000002,-7.9375,-1.58590051212737));
#3246=CARTESIAN_POINT('',(2.04850000000001,-7.9375,-1.58590051212737));
#3247=CARTESIAN_POINT('Ctrl Pts',(1.27000000000002,-7.9375,-1.58590051212737));
#3248=CARTESIAN_POINT('Ctrl Pts',(1.27000000000002,-7.9375,-1.43069693908965));
#3249=CARTESIAN_POINT('Ctrl Pts',(1.26035044148803,-7.96937012194325,-1.26620172357614));
#3250=CARTESIAN_POINT('Ctrl Pts',(1.24478865543668,-8.07253201411905,-1.02393525609507));
#3251=CARTESIAN_POINT('Ctrl Pts',(1.2395,-8.12330799993482,-0.937057769073423));
#3252=CARTESIAN_POINT('Ctrl Pts',(1.2395,-8.18259130951552,-0.859161636851511));
#3253=CARTESIAN_POINT('Origin',(2.2395,-8.18259130951552,0.2778125));
#3254=CARTESIAN_POINT('',(1.27000000000002,-7.9375,0.555625));
#3255=CARTESIAN_POINT('Origin',(2.2395,-8.18259130951552,0.937801125629232));
#3256=CARTESIAN_POINT('',(1.27000000000002,-7.9375,-0.555625));
#3257=CARTESIAN_POINT('',(1.27000000000002,-7.9375,0.2778125));
#3258=CARTESIAN_POINT('',(1.27000000000002,-7.9375,0.2778125));
#3259=CARTESIAN_POINT('Origin',(2.85750000000001,-7.9375,1.08167622421383));
#3260=CARTESIAN_POINT('',(6.6675,-0.740833333333328,0.555625));
#3261=CARTESIAN_POINT('',(1.84150000000001,-7.1755,0.555625));
#3262=CARTESIAN_POINT('',(6.6675,-1.92616666666667,0.850213685559745));
#3263=CARTESIAN_POINT('',(6.6675,-2.43187572064921,0.975896614824406));
#3264=CARTESIAN_POINT('',(6.1087,-3.60256666666666,1.08167622421383));
#3265=CARTESIAN_POINT('Origin',(3.8735,-1.92616666666667,-0.0756364690565953));
#3266=CARTESIAN_POINT('',(3.69570000000001,-6.8199,1.08167622421383));
#3267=CARTESIAN_POINT('',(4.76250000000001,-5.3975,1.08167622421383));
#3268=CARTESIAN_POINT('',(2.0341758039009,-7.87797107719549,0.794055973303033));
#3269=CARTESIAN_POINT('Origin',(1.46050000000001,-5.1435,-0.0756364690565952));
#3270=CARTESIAN_POINT('Origin',(2.2395,-8.85666509193976,1.10532742726138));
#3271=CARTESIAN_POINT('Origin',(2.2395,-8.85666509193976,0.));
#3272=CARTESIAN_POINT('',(2.0341758039009,-7.87797107719549,1.5875));
#3273=CARTESIAN_POINT('',(2.0341758039009,-7.87797107719549,0.));
#3274=CARTESIAN_POINT('Origin',(2.2395,-8.85666509193976,1.5875));
#3275=CARTESIAN_POINT('Origin',(2.85750000000001,-7.9375,0.));
#3276=CARTESIAN_POINT('',(-1.32226548773775,-7.9375,-0.572944259092011));
#3277=CARTESIAN_POINT('',(-1.32226548773775,-7.9375,0.555625));
#3278=CARTESIAN_POINT('',(-1.4605,-7.9375,-0.618751146905655));
#3279=CARTESIAN_POINT('',(0.415031334795136,-7.9375,0.00274526551663492));
#3280=CARTESIAN_POINT('',(-1.4605,-7.9375,-1.5875));
#3281=CARTESIAN_POINT('',(-1.4605,-7.9375,0.));
#3282=CARTESIAN_POINT('',(1.46050000000001,-7.9375,-1.5875));
#3283=CARTESIAN_POINT('',(-2.8575,-7.9375,-1.5875));
#3284=CARTESIAN_POINT('',(1.46050000000001,-7.9375,-0.618751146905658));
#3285=CARTESIAN_POINT('',(1.46050000000001,-7.9375,0.));
#3286=CARTESIAN_POINT('',(2.15974150994273,-7.9375,-0.850459400339671));
#3287=CARTESIAN_POINT('Origin',(-2.2605,-8.28350000000002,0.555625));
#3288=CARTESIAN_POINT('',(-1.4605,-7.68350000000002,0.555625));
#3289=CARTESIAN_POINT('Origin',(-2.2605,-8.28350000000002,0.969838562373094));
#3290=CARTESIAN_POINT('',(-1.4605,-7.68350000000002,-0.555625));
#3291=CARTESIAN_POINT('',(-1.4605,-7.68350000000002,0.555625));
#3292=CARTESIAN_POINT('Origin',(-2.2605,-8.28350000000002,-0.969838562373096));
#3293=CARTESIAN_POINT('Origin',(-1.84150000000001,-7.1755,0.555625));
#3294=CARTESIAN_POINT('',(-6.6675,-0.740833333333328,0.555625));
#3295=CARTESIAN_POINT('',(-1.84150000000001,-7.1755,0.555625));
#3296=CARTESIAN_POINT('',(-6.6675,-0.740833333333328,-0.555625));
#3297=CARTESIAN_POINT('',(-6.6675,-0.740833333333329,0.2778125));
#3298=CARTESIAN_POINT('',(-1.84150000000001,-7.1755,-0.555625));
#3299=CARTESIAN_POINT('Origin',(-2.85750000000001,-7.9375,1.08167622421383));
#3300=CARTESIAN_POINT('',(-2.04964074855034,-7.87468091279167,0.798362906724053));
#3301=CARTESIAN_POINT('Origin',(-2.2605,-8.85219734543006,1.11117585439071));
#3302=CARTESIAN_POINT('',(-3.6957,-6.8199,1.08167622421383));
#3303=CARTESIAN_POINT('Origin',(-1.4605,-5.1435,-0.0756364690565986));
#3304=CARTESIAN_POINT('',(-6.1087,-3.60256666666667,1.08167622421383));
#3305=CARTESIAN_POINT('',(-2.8575,-7.9375,1.08167622421382));
#3306=CARTESIAN_POINT('',(-6.6675,-1.92616666666667,0.850213685559744));
#3307=CARTESIAN_POINT('Origin',(-3.8735,-1.92616666666667,-0.0756364690565959));
#3308=CARTESIAN_POINT('',(-6.6675,-5.12314608276813,1.64475302522585));
#3309=CARTESIAN_POINT('Origin',(-2.2605,-8.85219734543006,0.));
#3310=CARTESIAN_POINT('',(-2.04964074855034,-7.87468091279167,1.5875));
#3311=CARTESIAN_POINT('Origin',(-2.2605,-8.85219734543006,1.5875));
#3312=CARTESIAN_POINT('',(-2.04964074855034,-7.87468091279167,0.));
#3313=CARTESIAN_POINT('Origin',(6.6675,3.42501706917091,3.4925));
#3314=CARTESIAN_POINT('',(-6.6675,1.92616666666667,-1.36134872765034));
#3315=CARTESIAN_POINT('',(-6.23144051471043,3.42501706917091,-1.5875));
#3316=CARTESIAN_POINT('Ctrl Pts',(-6.6675,1.92616666666667,-1.36134872765034));
#3317=CARTESIAN_POINT('Ctrl Pts',(-6.6675,2.26635531548391,-1.46639771492151));
#3318=CARTESIAN_POINT('Ctrl Pts',(-6.60082938979565,2.63891212662986,-1.5383197819996));
#3319=CARTESIAN_POINT('Ctrl Pts',(-6.39646151772365,3.13794321350248,-1.5817039061736));
#3320=CARTESIAN_POINT('Ctrl Pts',(-6.31978281906902,3.2860399582718,-1.5875));
#3321=CARTESIAN_POINT('Ctrl Pts',(-6.23144051471043,3.42501706917091,-1.5875));
#3322=CARTESIAN_POINT('',(-3.86299344812182,3.42501706917091,-1.5875));
#3323=CARTESIAN_POINT('',(6.6675,3.42501706917091,-1.5875));
#3324=CARTESIAN_POINT('',(-4.232275,2.93264166666667,-1.56358212581726));
#3325=CARTESIAN_POINT('Origin',(-3.86299344812182,3.42501706917091,3.4925));
#3326=CARTESIAN_POINT('',(-4.86538787023855,1.13709354068661,-1.0431152755506));
#3327=CARTESIAN_POINT('Ctrl Pts',(-4.232275,2.93264166666667,-1.56358212581726));
#3328=CARTESIAN_POINT('Ctrl Pts',(-4.31150604919054,2.82700026774594,-1.55329447126175));
#3329=CARTESIAN_POINT('Ctrl Pts',(-4.38650745392078,2.71289731801167,-1.53875667501472));
#3330=CARTESIAN_POINT('Ctrl Pts',(-4.55771529991311,2.41131011478424,-1.4888151668242));
#3331=CARTESIAN_POINT('Ctrl Pts',(-4.6417089005362,2.218180652753,-1.44559893922324));
#3332=CARTESIAN_POINT('Ctrl Pts',(-4.79898542168925,1.74990849741775,-1.31274851332423));
#3333=CARTESIAN_POINT('Ctrl Pts',(-4.85501982510675,1.43767292995247,-1.19473806873279));
#3334=CARTESIAN_POINT('Ctrl Pts',(-4.86538787023855,1.13709354068661,-1.0431152755506));
#3335=CARTESIAN_POINT('',(-6.6675,1.13709354068659,-1.04311527555059));
#3336=CARTESIAN_POINT('',(6.6675,1.13709354068659,-1.04311527555059));
#3337=CARTESIAN_POINT('Origin',(-6.6675,3.42501706917091,3.4925));
#3338=CARTESIAN_POINT('Origin',(-1.692275,1.02764166666667,0.));
#3339=CARTESIAN_POINT('',(-4.232275,2.93264166666667,0.5715));
#3340=CARTESIAN_POINT('',(-4.232275,2.93264166666667,0.));
#3341=CARTESIAN_POINT('',(-4.40357076588725,2.67976159871818,0.556808571940703));
#3342=CARTESIAN_POINT('Origin',(-1.692275,1.02764166666667,-2.6035));
#3343=CARTESIAN_POINT('',(-4.8525835719407,1.33272318055781,0.556808571940703));
#3344=CARTESIAN_POINT('Origin',(-1.692275,1.02764166666667,1.88662806053458));
#3345=CARTESIAN_POINT('',(-4.867275,1.02764166666667,0.5715));
#3346=CARTESIAN_POINT('Origin',(-1.692275,1.02764166666667,-2.6035));
#3347=CARTESIAN_POINT('',(-4.867275,1.02764166666667,-0.992878989585991));
#3348=CARTESIAN_POINT('',(-4.867275,1.02764166666667,0.));
#3349=CARTESIAN_POINT('Ctrl Pts',(-4.867275,1.02764166666667,-0.992878989585991));
#3350=CARTESIAN_POINT('Ctrl Pts',(-4.867275,1.06006547606868,-1.00641159217434));
#3351=CARTESIAN_POINT('Ctrl Pts',(-4.86677718883642,1.09174659828936,-1.02073634090516));
#3352=CARTESIAN_POINT('Ctrl Pts',(-4.86571213420048,1.12736705873962,-1.03824132813134));
#3353=CARTESIAN_POINT('Ctrl Pts',(-4.86555590035092,1.13222218953863,-1.04065799506518));
#3354=CARTESIAN_POINT('Ctrl Pts',(-4.86538787023855,1.13709354068661,-1.0431152755506));
#3355=CARTESIAN_POINT('Origin',(-2.08597500000001,5.794375,0.));
#3356=CARTESIAN_POINT('',(-3.03847500000001,4.524375,-1.5875));
#3357=CARTESIAN_POINT('',(-3.10114950000001,4.440809,-1.5875));
#3358=CARTESIAN_POINT('',(-3.038475,4.524375,0.5715));
#3359=CARTESIAN_POINT('',(-3.03847500000001,4.524375,0.));
#3360=CARTESIAN_POINT('',(-3.1011495,4.440809,0.5715));
#3361=CARTESIAN_POINT('Origin',(1.38777878078145E-16,-2.77555756156289E-16,
-1.5875));
#3362=CARTESIAN_POINT('',(-6.1087,3.60256666666666,-1.5875));
#3363=CARTESIAN_POINT('Origin',(-3.8735,1.92616666666667,-1.5875));
#3364=CARTESIAN_POINT('',(-3.69570000000001,6.8199,-1.5875));
#3365=CARTESIAN_POINT('',(-2.85750000000001,7.9375,-1.5875));
#3366=CARTESIAN_POINT('',(-1.46050000000001,7.9375,-1.5875));
#3367=CARTESIAN_POINT('Origin',(-1.46050000000001,5.1435,-1.5875));
#3368=CARTESIAN_POINT('',(1.4605,7.9375,-1.5875));
#3369=CARTESIAN_POINT('',(2.8575,7.9375,-1.5875));
#3370=CARTESIAN_POINT('',(3.6957,6.8199,-1.5875));
#3371=CARTESIAN_POINT('Origin',(1.4605,5.1435,-1.5875));
#3372=CARTESIAN_POINT('',(6.1087,3.60256666666667,-1.5875));
#3373=CARTESIAN_POINT('',(6.6675,2.8575,-1.5875));
#3374=CARTESIAN_POINT('',(6.23144051471043,3.42501706917091,-1.5875));
#3375=CARTESIAN_POINT('Origin',(3.8735,1.92616666666667,-1.5875));
#3376=CARTESIAN_POINT('',(3.86299344812182,3.42501706917091,-1.5875));
#3377=CARTESIAN_POINT('',(6.6675,3.42501706917091,-1.5875));
#3378=CARTESIAN_POINT('',(3.038475,4.524375,-1.5875));
#3379=CARTESIAN_POINT('',(4.4917995,2.586609,-1.5875));
#3380=CARTESIAN_POINT('',(0.498475000000001,5.794375,-1.5875));
#3381=CARTESIAN_POINT('Origin',(0.498475000000002,2.619375,-1.5875));
#3382=CARTESIAN_POINT('',(-0.498475000000004,5.794375,-1.5875));
#3383=CARTESIAN_POINT('',(1.0429875,5.794375,-1.5875));
#3384=CARTESIAN_POINT('Origin',(-0.498475000000003,2.619375,-1.5875));
#3385=CARTESIAN_POINT('Origin',(6.6675,-3.42501706917091,3.4925));
#3386=CARTESIAN_POINT('',(-6.6675,-1.92616666666667,-1.36134872765034));
#3387=CARTESIAN_POINT('',(-6.6675,-1.13709354068659,-1.04311527555059));
#3388=CARTESIAN_POINT('Origin',(-6.6675,-3.42501706917091,3.4925));
#3389=CARTESIAN_POINT('',(-4.86538787023855,-1.13709354068661,-1.0431152755506));
#3390=CARTESIAN_POINT('',(6.6675,-1.13709354068659,-1.04311527555059));
#3391=CARTESIAN_POINT('',(-4.232275,-2.93264166666667,-1.56358212581726));
#3392=CARTESIAN_POINT('Ctrl Pts',(-4.86538787023855,-1.13709354068661,-1.0431152755506));
#3393=CARTESIAN_POINT('Ctrl Pts',(-4.85501982510675,-1.43767292995247,-1.19473806873279));
#3394=CARTESIAN_POINT('Ctrl Pts',(-4.79898542168925,-1.74990849741776,-1.31274851332423));
#3395=CARTESIAN_POINT('Ctrl Pts',(-4.6417089005362,-2.218180652753,-1.44559893922324));
#3396=CARTESIAN_POINT('Ctrl Pts',(-4.55771529991311,-2.41131011478424,-1.4888151668242));
#3397=CARTESIAN_POINT('Ctrl Pts',(-4.38650745392078,-2.71289731801168,-1.53875667501472));
#3398=CARTESIAN_POINT('Ctrl Pts',(-4.31150604919054,-2.82700026774595,-1.55329447126175));
#3399=CARTESIAN_POINT('Ctrl Pts',(-4.232275,-2.93264166666667,-1.56358212581726));
#3400=CARTESIAN_POINT('',(-3.86299344812182,-3.42501706917091,-1.5875));
#3401=CARTESIAN_POINT('Origin',(-3.86299344812181,-3.42501706917091,3.4925));
#3402=CARTESIAN_POINT('',(-6.23144051471042,-3.42501706917091,-1.5875));
#3403=CARTESIAN_POINT('',(6.6675,-3.42501706917091,-1.5875));
#3404=CARTESIAN_POINT('Ctrl Pts',(-6.23144051471042,-3.42501706917091,-1.5875));
#3405=CARTESIAN_POINT('Ctrl Pts',(-6.3216015811236,-3.28317874361826,-1.5875));
#3406=CARTESIAN_POINT('Ctrl Pts',(-6.39966360604668,-3.1317397856575,-1.581456999573));
#3407=CARTESIAN_POINT('Ctrl Pts',(-6.60215964758284,-2.63195139845345,-1.53704272985091));
#3408=CARTESIAN_POINT('Ctrl Pts',(-6.6675,-2.26295256867096,-1.46534695938371));
#3409=CARTESIAN_POINT('Ctrl Pts',(-6.6675,-1.92616666666667,-1.36134872765034));
#3410=CARTESIAN_POINT('Origin',(-4.867275,-2.085975,0.));
#3411=CARTESIAN_POINT('',(-4.232275,-2.93264166666667,0.5715));
#3412=CARTESIAN_POINT('',(-4.232275,-2.93264166666667,0.));
#3413=CARTESIAN_POINT('',(-3.03847500000001,-4.524375,0.5715));
#3414=CARTESIAN_POINT('',(-4.4917995,-2.586609,0.5715));
#3415=CARTESIAN_POINT('',(-3.03847500000001,-4.524375,-1.5875));
#3416=CARTESIAN_POINT('',(-3.03847500000001,-4.524375,0.));
#3417=CARTESIAN_POINT('',(-4.4917995,-2.586609,-1.5875));
#3418=CARTESIAN_POINT('Origin',(-1.692275,-1.02764166666667,0.));
#3419=CARTESIAN_POINT('',(-4.867275,-1.02764166666667,-0.992878989585991));
#3420=CARTESIAN_POINT('Ctrl Pts',(-4.86538787023855,-1.13709354068661,-1.0431152755506));
#3421=CARTESIAN_POINT('Ctrl Pts',(-4.86555590035092,-1.13222218953863,-1.04065799506518));
#3422=CARTESIAN_POINT('Ctrl Pts',(-4.86571213420048,-1.12736705873962,-1.03824132813134));
#3423=CARTESIAN_POINT('Ctrl Pts',(-4.86677718883642,-1.09174659828936,-1.02073634090516));
#3424=CARTESIAN_POINT('Ctrl Pts',(-4.867275,-1.06006547606868,-1.00641159217434));
#3425=CARTESIAN_POINT('Ctrl Pts',(-4.867275,-1.02764166666667,-0.992878989585991));
#3426=CARTESIAN_POINT('',(-4.867275,-1.02764166666667,0.5715));
#3427=CARTESIAN_POINT('',(-4.867275,-1.02764166666667,0.));
#3428=CARTESIAN_POINT('',(-4.8525835719407,-1.33272318055781,0.556808571940703));
#3429=CARTESIAN_POINT('Origin',(-1.692275,-1.02764166666667,-2.6035));
#3430=CARTESIAN_POINT('',(-4.40357076588725,-2.67976159871818,0.556808571940704));
#3431=CARTESIAN_POINT('Origin',(-1.692275,-1.02764166666667,1.88662806053457));
#3432=CARTESIAN_POINT('Origin',(-1.692275,-1.02764166666667,-2.6035));
#3433=CARTESIAN_POINT('Ctrl Pts',(-4.86538787023855,-1.13709354068661,-1.0431152755506));
#3434=CARTESIAN_POINT('Ctrl Pts',(-4.86538787023855,-0.669739915710801,
-0.807365704731968));
#3435=CARTESIAN_POINT('Ctrl Pts',(-4.86538787023855,0.,-0.807365704731968));
#3436=CARTESIAN_POINT('Ctrl Pts',(-4.86538787023855,0.669739915710802,-0.807365704731968));
#3437=CARTESIAN_POINT('Ctrl Pts',(-4.86538787023855,1.13709354068661,-1.0431152755506));
#3438=CARTESIAN_POINT('Ctrl Pts',(-6.6675,-1.13709354068661,-1.0431152755506));
#3439=CARTESIAN_POINT('Ctrl Pts',(-6.6675,-0.669739915710801,-0.807365704731968));
#3440=CARTESIAN_POINT('Ctrl Pts',(-6.6675,0.,-0.807365704731968));
#3441=CARTESIAN_POINT('Ctrl Pts',(-6.6675,0.669739915710802,-0.807365704731968));
#3442=CARTESIAN_POINT('Ctrl Pts',(-6.6675,1.13709354068661,-1.0431152755506));
#3443=CARTESIAN_POINT('Origin',(-4.867275,0.,-1.58751191481134));
#3444=CARTESIAN_POINT('Origin',(-6.6675,0.,-1.58751191481134));
#3445=CARTESIAN_POINT('Origin',(6.6675,3.42501706917091,3.4925));
#3446=CARTESIAN_POINT('',(6.6675,1.92616666666667,-1.36134872765034));
#3447=CARTESIAN_POINT('',(6.6675,1.13709354068659,-1.04311527555059));
#3448=CARTESIAN_POINT('Origin',(6.6675,3.42501706917091,3.4925));
#3449=CARTESIAN_POINT('',(4.86538787023855,1.13709354068661,-1.0431152755506));
#3450=CARTESIAN_POINT('',(6.6675,1.13709354068659,-1.04311527555059));
#3451=CARTESIAN_POINT('',(4.232275,2.93264166666667,-1.56358212581726));
#3452=CARTESIAN_POINT('Ctrl Pts',(4.86538787023855,1.13709354068661,-1.0431152755506));
#3453=CARTESIAN_POINT('Ctrl Pts',(4.85501982510675,1.43767292995247,-1.19473806873279));
#3454=CARTESIAN_POINT('Ctrl Pts',(4.79898542168925,1.74990849741775,-1.31274851332423));
#3455=CARTESIAN_POINT('Ctrl Pts',(4.6417089005362,2.218180652753,-1.44559893922323));
#3456=CARTESIAN_POINT('Ctrl Pts',(4.55771529991311,2.41131011478424,-1.4888151668242));
#3457=CARTESIAN_POINT('Ctrl Pts',(4.38650745392078,2.71289731801167,-1.53875667501472));
#3458=CARTESIAN_POINT('Ctrl Pts',(4.31150604919054,2.82700026774594,-1.55329447126175));
#3459=CARTESIAN_POINT('Ctrl Pts',(4.232275,2.93264166666667,-1.56358212581726));
#3460=CARTESIAN_POINT('Origin',(3.86299344812182,3.42501706917091,3.4925));
#3461=CARTESIAN_POINT('Ctrl Pts',(6.23144051471043,3.42501706917091,-1.5875));
#3462=CARTESIAN_POINT('Ctrl Pts',(6.3216015811236,3.28317874361826,-1.5875));
#3463=CARTESIAN_POINT('Ctrl Pts',(6.39966360604668,3.1317397856575,-1.581456999573));
#3464=CARTESIAN_POINT('Ctrl Pts',(6.60215964758284,2.63195139845345,-1.53704272985091));
#3465=CARTESIAN_POINT('Ctrl Pts',(6.6675,2.26295256867096,-1.46534695938371));
#3466=CARTESIAN_POINT('Ctrl Pts',(6.6675,1.92616666666667,-1.36134872765034));
#3467=CARTESIAN_POINT('Origin',(6.6675,2.8575,0.));
#3468=CARTESIAN_POINT('',(6.6675,1.92616666666667,-0.850213685559747));
#3469=CARTESIAN_POINT('',(6.6675,1.92616666666667,0.));
#3470=CARTESIAN_POINT('',(6.6675,0.740833333333328,-0.555625));
#3471=CARTESIAN_POINT('',(6.6675,4.70274350193706,-1.54027115484373));
#3472=CARTESIAN_POINT('',(6.6675,0.740833333333328,0.555625));
#3473=CARTESIAN_POINT('',(6.6675,0.740833333333328,0.2778125));
#3474=CARTESIAN_POINT('',(6.6675,1.92616666666667,0.850213685559744));
#3475=CARTESIAN_POINT('',(6.6675,5.12314608276813,1.64475302522585));
#3476=CARTESIAN_POINT('',(6.6675,1.92616666666667,1.5875));
#3477=CARTESIAN_POINT('',(6.6675,1.92616666666667,0.));
#3478=CARTESIAN_POINT('',(6.6675,-1.92616666666667,1.5875));
#3479=CARTESIAN_POINT('',(6.6675,-2.8575,1.5875));
#3480=CARTESIAN_POINT('',(6.6675,-1.92616666666667,0.));
#3481=CARTESIAN_POINT('',(6.6675,-0.740833333333328,-0.555625));
#3482=CARTESIAN_POINT('',(6.6675,-0.740833333333329,0.2778125));
#3483=CARTESIAN_POINT('',(6.6675,-1.92616666666667,-0.850213685559747));
#3484=CARTESIAN_POINT('',(6.6675,-2.01147313981814,-0.87141474444228));
#3485=CARTESIAN_POINT('',(6.6675,-1.92616666666667,-1.36134872765034));
#3486=CARTESIAN_POINT('',(6.6675,-1.92616666666667,0.));
#3487=CARTESIAN_POINT('',(6.6675,-1.13709354068659,-1.04311527555059));
#3488=CARTESIAN_POINT('Origin',(6.6675,-3.42501706917091,3.4925));
#3489=CARTESIAN_POINT('Origin',(6.6675,0.,-1.58751191481134));
#3490=CARTESIAN_POINT('Origin',(3.8735,1.92616666666667,0.));
#3491=CARTESIAN_POINT('',(6.1087,3.60256666666667,-1.08167622421383));
#3492=CARTESIAN_POINT('',(6.1087,3.60256666666667,0.));
#3493=CARTESIAN_POINT('Origin',(3.8735,1.92616666666667,0.0756364690565987));
#3494=CARTESIAN_POINT('Origin',(6.6675,-3.42501706917091,3.4925));
#3495=CARTESIAN_POINT('',(6.23144051471042,-3.42501706917091,-1.5875));
#3496=CARTESIAN_POINT('Ctrl Pts',(6.6675,-1.92616666666667,-1.36134872765034));
#3497=CARTESIAN_POINT('Ctrl Pts',(6.6675,-2.26295256867096,-1.46534695938371));
#3498=CARTESIAN_POINT('Ctrl Pts',(6.60215964758284,-2.63195139845345,-1.53704272985091));
#3499=CARTESIAN_POINT('Ctrl Pts',(6.39966360604668,-3.1317397856575,-1.581456999573));
#3500=CARTESIAN_POINT('Ctrl Pts',(6.3216015811236,-3.28317874361826,-1.5875));
#3501=CARTESIAN_POINT('Ctrl Pts',(6.23144051471042,-3.42501706917092,-1.5875));
#3502=CARTESIAN_POINT('',(3.86299344812182,-3.42501706917091,-1.5875));
#3503=CARTESIAN_POINT('',(6.6675,-3.42501706917091,-1.5875));
#3504=CARTESIAN_POINT('',(4.232275,-2.93264166666667,-1.56358212581726));
#3505=CARTESIAN_POINT('Origin',(3.86299344812182,-3.42501706917091,3.4925));
#3506=CARTESIAN_POINT('',(4.86538787023855,-1.13709354068661,-1.0431152755506));
#3507=CARTESIAN_POINT('Ctrl Pts',(4.232275,-2.93264166666667,-1.56358212581726));
#3508=CARTESIAN_POINT('Ctrl Pts',(4.31150604919054,-2.82700026774595,-1.55329447126175));
#3509=CARTESIAN_POINT('Ctrl Pts',(4.38650745392078,-2.71289731801167,-1.53875667501472));
#3510=CARTESIAN_POINT('Ctrl Pts',(4.55771529991311,-2.41131011478424,-1.4888151668242));
#3511=CARTESIAN_POINT('Ctrl Pts',(4.6417089005362,-2.218180652753,-1.44559893922324));
#3512=CARTESIAN_POINT('Ctrl Pts',(4.79898542168925,-1.74990849741775,-1.31274851332423));
#3513=CARTESIAN_POINT('Ctrl Pts',(4.85501982510675,-1.43767292995247,-1.19473806873279));
#3514=CARTESIAN_POINT('Ctrl Pts',(4.86538787023855,-1.13709354068661,-1.0431152755506));
#3515=CARTESIAN_POINT('',(6.6675,-1.13709354068659,-1.04311527555059));
#3516=CARTESIAN_POINT('Origin',(1.692275,-1.02764166666667,0.));
#3517=CARTESIAN_POINT('',(4.232275,-2.93264166666667,0.5715));
#3518=CARTESIAN_POINT('',(4.232275,-2.93264166666667,0.));
#3519=CARTESIAN_POINT('',(4.40357076588725,-2.67976159871818,0.556808571940702));
#3520=CARTESIAN_POINT('Origin',(1.692275,-1.02764166666667,-2.6035));
#3521=CARTESIAN_POINT('',(4.8525835719407,-1.3327231805578,0.556808571940704));
#3522=CARTESIAN_POINT('Origin',(1.692275,-1.02764166666667,1.88662806053458));
#3523=CARTESIAN_POINT('',(4.867275,-1.02764166666667,0.5715));
#3524=CARTESIAN_POINT('Origin',(1.692275,-1.02764166666667,-2.6035));
#3525=CARTESIAN_POINT('',(4.867275,-1.02764166666667,-0.99287898958599));
#3526=CARTESIAN_POINT('',(4.867275,-1.02764166666667,0.));
#3527=CARTESIAN_POINT('Ctrl Pts',(4.867275,-1.02764166666667,-0.99287898958599));
#3528=CARTESIAN_POINT('Ctrl Pts',(4.867275,-1.06006547606867,-1.00641159217434));
#3529=CARTESIAN_POINT('Ctrl Pts',(4.86677718883642,-1.09174659828936,-1.02073634090516));
#3530=CARTESIAN_POINT('Ctrl Pts',(4.86571213420047,-1.12736705873962,-1.03824132813134));
#3531=CARTESIAN_POINT('Ctrl Pts',(4.86555590035092,-1.13222218953863,-1.04065799506518));
#3532=CARTESIAN_POINT('Ctrl Pts',(4.86538787023855,-1.13709354068661,-1.0431152755506));
#3533=CARTESIAN_POINT('Origin',(2.08597500000001,-5.794375,0.));
#3534=CARTESIAN_POINT('',(3.038475,-4.524375,-1.5875));
#3535=CARTESIAN_POINT('',(3.1011495,-4.440809,-1.5875));
#3536=CARTESIAN_POINT('',(3.038475,-4.524375,0.5715));
#3537=CARTESIAN_POINT('',(3.038475,-4.524375,0.));
#3538=CARTESIAN_POINT('',(3.1011495,-4.440809,0.5715));
#3539=CARTESIAN_POINT('Origin',(1.38777878078145E-16,-2.77555756156289E-16,
-1.5875));
#3540=CARTESIAN_POINT('',(-0.498475000000003,-5.794375,-1.5875));
#3541=CARTESIAN_POINT('Origin',(-0.498475000000004,-2.619375,-1.5875));
#3542=CARTESIAN_POINT('',(0.498475000000003,-5.794375,-1.5875));
#3543=CARTESIAN_POINT('',(-1.0429875,-5.794375,-1.5875));
#3544=CARTESIAN_POINT('Origin',(0.498475000000003,-2.619375,-1.5875));
#3545=CARTESIAN_POINT('',(6.1087,-3.60256666666666,-1.5875));
#3546=CARTESIAN_POINT('Origin',(3.8735,-1.92616666666667,-1.5875));
#3547=CARTESIAN_POINT('',(3.69570000000001,-6.8199,-1.5875));
#3548=CARTESIAN_POINT('',(2.85750000000001,-7.9375,-1.5875));
#3549=CARTESIAN_POINT('Origin',(1.46050000000001,-5.1435,-1.5875));
#3550=CARTESIAN_POINT('',(-3.6957,-6.8199,-1.5875));
#3551=CARTESIAN_POINT('Origin',(-1.4605,-5.1435,-1.5875));
#3552=CARTESIAN_POINT('',(-6.1087,-3.60256666666667,-1.5875));
#3553=CARTESIAN_POINT('',(-6.6675,-2.8575,-1.5875));
#3554=CARTESIAN_POINT('Origin',(-3.8735,-1.92616666666667,-1.5875));
#3555=CARTESIAN_POINT('Ctrl Pts',(6.6675,-1.13709354068661,-1.0431152755506));
#3556=CARTESIAN_POINT('Ctrl Pts',(6.6675,-0.669739915710802,-0.807365704731968));
#3557=CARTESIAN_POINT('Ctrl Pts',(6.6675,0.,-0.807365704731968));
#3558=CARTESIAN_POINT('Ctrl Pts',(6.6675,0.669739915710801,-0.807365704731968));
#3559=CARTESIAN_POINT('Ctrl Pts',(6.6675,1.13709354068661,-1.0431152755506));
#3560=CARTESIAN_POINT('Ctrl Pts',(4.86538787023855,-1.13709354068661,-1.0431152755506));
#3561=CARTESIAN_POINT('Ctrl Pts',(4.86538787023855,-0.669739915710802,-0.807365704731968));
#3562=CARTESIAN_POINT('Ctrl Pts',(4.86538787023855,0.,-0.807365704731968));
#3563=CARTESIAN_POINT('Ctrl Pts',(4.86538787023855,0.669739915710801,-0.807365704731968));
#3564=CARTESIAN_POINT('Ctrl Pts',(4.86538787023855,1.13709354068661,-1.0431152755506));
#3565=CARTESIAN_POINT('',(4.867275,1.02764166666667,-0.992878989585991));
#3566=CARTESIAN_POINT('Origin',(4.867275,0.,-1.58751191481134));
#3567=CARTESIAN_POINT('Ctrl Pts',(4.86538787023855,1.13709354068661,-1.0431152755506));
#3568=CARTESIAN_POINT('Ctrl Pts',(4.86555590035092,1.13222218953863,-1.04065799506518));
#3569=CARTESIAN_POINT('Ctrl Pts',(4.86571213420047,1.12736705873962,-1.03824132813134));
#3570=CARTESIAN_POINT('Ctrl Pts',(4.86677718883642,1.09174659828936,-1.02073634090516));
#3571=CARTESIAN_POINT('Ctrl Pts',(4.867275,1.06006547606867,-1.00641159217434));
#3572=CARTESIAN_POINT('Ctrl Pts',(4.867275,1.02764166666667,-0.992878989585991));
#3573=CARTESIAN_POINT('Origin',(1.692275,1.02764166666667,0.));
#3574=CARTESIAN_POINT('',(4.867275,1.02764166666667,0.5715));
#3575=CARTESIAN_POINT('',(4.867275,1.02764166666667,0.));
#3576=CARTESIAN_POINT('',(4.8525835719407,1.33272318055781,0.556808571940704));
#3577=CARTESIAN_POINT('Origin',(1.692275,1.02764166666667,-2.6035));
#3578=CARTESIAN_POINT('',(4.40357076588725,2.67976159871818,0.556808571940704));
#3579=CARTESIAN_POINT('Origin',(1.692275,1.02764166666667,1.88662806053457));
#3580=CARTESIAN_POINT('',(4.232275,2.93264166666667,0.5715));
#3581=CARTESIAN_POINT('Origin',(1.692275,1.02764166666667,-2.6035));
#3582=CARTESIAN_POINT('',(4.232275,2.93264166666667,0.));
#3583=CARTESIAN_POINT('Origin',(4.867275,-2.085975,0.));
#3584=CARTESIAN_POINT('',(4.867275,-1.0429875,0.5715));
#3585=CARTESIAN_POINT('Origin',(-4.867275,2.085975,0.));
#3586=CARTESIAN_POINT('',(-4.867275,1.0429875,0.5715));
#3587=CARTESIAN_POINT('Origin',(0.498475000000002,2.619375,0.));
#3588=CARTESIAN_POINT('',(0.498475000000001,5.794375,0.5715));
#3589=CARTESIAN_POINT('',(0.498475000000001,5.794375,0.));
#3590=CARTESIAN_POINT('',(3.038475,4.524375,0.5715));
#3591=CARTESIAN_POINT('',(3.038475,4.524375,0.));
#3592=CARTESIAN_POINT('',(2.74353903026729,4.86443903026729,0.539589642374202));
#3593=CARTESIAN_POINT('Origin',(0.498475000000002,2.619375,-2.6035));
#3594=CARTESIAN_POINT('',(0.94748780605346,5.7624646423742,0.539589642374204));
#3595=CARTESIAN_POINT('Origin',(0.498475000000002,2.619375,1.88662806053458));
#3596=CARTESIAN_POINT('Origin',(0.498475000000002,2.619375,-2.6035));
#3597=CARTESIAN_POINT('Origin',(1.03324126432565,3.6889075286513,2.95616058918588));
#3598=CARTESIAN_POINT('',(3.26749420908019,5.91234938789308,1.5875));
#3599=CARTESIAN_POINT('',(2.82929248853949,5.03594594681167,0.711096558918586));
#3600=CARTESIAN_POINT('',(1.47144298486636,6.810375,1.5875));
#3601=CARTESIAN_POINT('Origin',(0.348910969732713,2.32024693946542,1.5875));
#3602=CARTESIAN_POINT('',(1.03324126432565,5.93397155891859,0.711096558918587));
#3603=CARTESIAN_POINT('Origin',(2.085975,5.794375,0.));
#3604=CARTESIAN_POINT('',(-0.498475000000004,5.794375,0.5715));
#3605=CARTESIAN_POINT('',(1.0429875,5.794375,0.5715));
#3606=CARTESIAN_POINT('',(-0.498475000000004,5.794375,0.));
#3607=CARTESIAN_POINT('Origin',(1.0429875,6.302375,1.0795));
#3608=CARTESIAN_POINT('',(-1.47144298486636,6.810375,1.5875));
#3609=CARTESIAN_POINT('',(1.0429875,6.810375,1.5875));
#3610=CARTESIAN_POINT('',(-0.947487806053464,5.7624646423742,0.539589642374204));
#3611=CARTESIAN_POINT('',(-1.04611765321454,5.95972433669636,0.736849336696364));
#3612=CARTESIAN_POINT('Origin',(-0.498475000000003,2.619375,-2.6035));
#3613=CARTESIAN_POINT('Origin',(-2.90690933974678,1.43251977991559,3.10126240028136));
#3614=CARTESIAN_POINT('',(-5.43426219394654,3.02332540807128,1.5875));
#3615=CARTESIAN_POINT('',(-5.883275,1.6762869899109,1.5875));
#3616=CARTESIAN_POINT('Origin',(-1.39314693946542,0.92793231315514,1.5875));
#3617=CARTESIAN_POINT('',(-5.15197337001407,1.43251977991559,0.856198370014069));
#3618=CARTESIAN_POINT('',(-4.70296056396061,2.77955819807597,0.856198370014068));
#3619=CARTESIAN_POINT('Origin',(-5.375275,1.0429875,1.0795));
#3620=CARTESIAN_POINT('',(-5.883275,-1.67628698991091,1.5875));
#3621=CARTESIAN_POINT('',(-5.883275,1.0429875,1.5875));
#3622=CARTESIAN_POINT('',(-5.17027139632986,-1.43861912202086,0.874496396329857));
#3623=CARTESIAN_POINT('Origin',(-2.92520736606257,-1.43861912202086,3.11956042659715));
#3624=CARTESIAN_POINT('',(-5.43426219394654,-3.02332540807128,1.5875));
#3625=CARTESIAN_POINT('Origin',(-1.39314693946542,-0.927932313155145,1.5875));
#3626=CARTESIAN_POINT('',(-4.7212585902764,-2.78565754018123,0.874496396329857));
#3627=CARTESIAN_POINT('Origin',(2.92520736606257,1.43861912202086,3.11956042659715));
#3628=CARTESIAN_POINT('',(5.883275,1.67628698991091,1.5875));
#3629=CARTESIAN_POINT('',(5.17027139632986,1.43861912202086,0.874496396329857));
#3630=CARTESIAN_POINT('',(5.43426219394654,3.02332540807128,1.5875));
#3631=CARTESIAN_POINT('Origin',(1.39314693946542,0.927932313155143,1.5875));
#3632=CARTESIAN_POINT('',(4.7212585902764,2.78565754018123,0.874496396329857));
#3633=CARTESIAN_POINT('Origin',(4.867275,2.085975,0.));
#3634=CARTESIAN_POINT('',(4.4917995,2.586609,0.5715));
#3635=CARTESIAN_POINT('Origin',(4.8981995,2.891409,1.0795));
#3636=CARTESIAN_POINT('',(5.3045995,3.196209,1.5875));
#3637=CARTESIAN_POINT('Origin',(2.90690933974678,-1.43251977991559,3.10126240028136));
#3638=CARTESIAN_POINT('',(5.43426219394654,-3.02332540807127,1.5875));
#3639=CARTESIAN_POINT('',(4.70296056396061,-2.77955819807596,0.856198370014067));
#3640=CARTESIAN_POINT('',(5.883275,-1.6762869899109,1.5875));
#3641=CARTESIAN_POINT('Origin',(1.39314693946542,-0.927932313155142,1.5875));
#3642=CARTESIAN_POINT('',(5.15197337001407,-1.43251977991559,0.856198370014068));
#3643=CARTESIAN_POINT('Origin',(5.375275,-1.0429875,1.0795));
#3644=CARTESIAN_POINT('',(5.883275,-1.0429875,1.5875));
#3645=CARTESIAN_POINT('Origin',(0.498475000000003,-2.619375,0.));
#3646=CARTESIAN_POINT('',(0.498475000000003,-5.794375,-0.698500000000002));
#3647=CARTESIAN_POINT('Origin',(0.498475000000003,-2.619375,-2.6035));
#3648=CARTESIAN_POINT('',(0.498475000000003,-5.794375,0.));
#3649=CARTESIAN_POINT('Origin',(-0.498475000000004,-2.619375,0.));
#3650=CARTESIAN_POINT('',(-0.498475000000003,-5.794375,-0.698500000000003));
#3651=CARTESIAN_POINT('Origin',(-0.498475000000004,-2.619375,-2.6035));
#3652=CARTESIAN_POINT('',(-0.498475000000003,-5.794375,0.));
#3653=CARTESIAN_POINT('Origin',(-2.08597500000001,-5.794375,0.));
#3654=CARTESIAN_POINT('',(-3.35597500000001,-5.794375,1.5875));
#3655=CARTESIAN_POINT('',(-2.92787271341464,-5.794375,1.24501817073171));
#3656=CARTESIAN_POINT('',(3.355975,-5.794375,1.5875));
#3657=CARTESIAN_POINT('',(-1.0429875,-5.794375,1.5875));
#3658=CARTESIAN_POINT('',(1.2319580792683,-5.794375,-0.111713536585369));
#3659=CARTESIAN_POINT('Origin',(-0.498475000000003,2.619375,0.));
#3660=CARTESIAN_POINT('',(-2.74353903026729,4.86443903026729,0.539589642374202));
#3661=CARTESIAN_POINT('Origin',(-0.498475000000003,2.619375,1.88662806053458));
#3662=CARTESIAN_POINT('Origin',(-0.498475000000003,2.619375,-2.6035));
#3663=CARTESIAN_POINT('Origin',(-1.04611765321454,3.71466030642908,2.98191336696365));
#3664=CARTESIAN_POINT('',(-3.26749420908019,5.91234938789308,1.5875));
#3665=CARTESIAN_POINT('Origin',(-0.348910969732715,2.32024693946542,1.5875));
#3666=CARTESIAN_POINT('',(-2.84216887742838,5.06169872458945,0.736849336696363));
#3667=CARTESIAN_POINT('Origin',(-3.5075495,4.745609,1.0795));
#3668=CARTESIAN_POINT('',(-3.91394950000001,5.050409,1.5875));
#3669=CARTESIAN_POINT('Origin',(-4.8981995,-2.891409,1.0795));
#3670=CARTESIAN_POINT('',(-5.3045995,-3.196209,1.5875));
#3671=CARTESIAN_POINT('Origin',(3.5075495,-4.745609,1.0795));
#3672=CARTESIAN_POINT('',(3.9139495,-5.050409,1.5875));
#3673=CARTESIAN_POINT('Origin',(1.38777878078145E-16,-4.16333634234434E-16,
1.5875));
#3674=CARTESIAN_POINT('',(3.69570000000001,-6.8199,1.5875));
#3675=CARTESIAN_POINT('Origin',(1.46050000000001,-5.1435,1.5875));
#3676=CARTESIAN_POINT('',(6.1087,-3.60256666666666,1.5875));
#3677=CARTESIAN_POINT('',(2.85750000000001,-7.9375,1.5875));
#3678=CARTESIAN_POINT('Origin',(3.8735,-1.92616666666667,1.5875));
#3679=CARTESIAN_POINT('',(6.1087,3.60256666666667,1.5875));
#3680=CARTESIAN_POINT('Origin',(3.8735,1.92616666666667,1.5875));
#3681=CARTESIAN_POINT('',(3.6957,6.8199,1.5875));
#3682=CARTESIAN_POINT('',(6.6675,2.8575,1.5875));
#3683=CARTESIAN_POINT('',(1.4605,7.9375,1.5875));
#3684=CARTESIAN_POINT('Origin',(1.4605,5.1435,1.5875));
#3685=CARTESIAN_POINT('',(-1.46050000000001,7.9375,1.5875));
#3686=CARTESIAN_POINT('',(2.8575,7.9375,1.5875));
#3687=CARTESIAN_POINT('',(-3.69570000000001,6.8199,1.5875));
#3688=CARTESIAN_POINT('Origin',(-1.46050000000001,5.1435,1.5875));
#3689=CARTESIAN_POINT('',(-6.1087,3.60256666666666,1.5875));
#3690=CARTESIAN_POINT('',(-2.85750000000001,7.9375,1.5875));
#3691=CARTESIAN_POINT('',(-6.6675,1.92616666666667,1.5875));
#3692=CARTESIAN_POINT('Origin',(-3.8735,1.92616666666667,1.5875));
#3693=CARTESIAN_POINT('',(-6.6675,-1.92616666666667,1.5875));
#3694=CARTESIAN_POINT('',(-6.6675,2.8575,1.5875));
#3695=CARTESIAN_POINT('',(-6.1087,-3.60256666666667,1.5875));
#3696=CARTESIAN_POINT('Origin',(-3.8735,-1.92616666666667,1.5875));
#3697=CARTESIAN_POINT('',(-3.6957,-6.8199,1.5875));
#3698=CARTESIAN_POINT('',(-6.6675,-2.8575,1.5875));
#3699=CARTESIAN_POINT('Origin',(-1.4605,-5.1435,1.5875));
#3700=CARTESIAN_POINT('Origin',(-3.8735,-1.92616666666667,0.));
#3701=CARTESIAN_POINT('',(-6.1087,-3.60256666666667,-1.08167622421383));
#3702=CARTESIAN_POINT('',(-6.1087,-3.60256666666667,0.));
#3703=CARTESIAN_POINT('',(-6.6675,-1.92616666666667,-0.850213685559746));
#3704=CARTESIAN_POINT('Origin',(-3.8735,-1.92616666666667,0.0756364690565991));
#3705=CARTESIAN_POINT('',(-6.6675,-1.92616666666667,0.));
#3706=CARTESIAN_POINT('Origin',(-6.6675,-2.8575,0.));
#3707=CARTESIAN_POINT('',(-6.6675,-4.70274350193706,-1.54027115484372));
#3708=CARTESIAN_POINT('',(-6.6675,-1.92616666666667,0.));
#3709=CARTESIAN_POINT('',(-6.6675,1.92616666666667,0.850213685559745));
#3710=CARTESIAN_POINT('',(-6.6675,1.92616666666667,0.));
#3711=CARTESIAN_POINT('',(-6.6675,0.740833333333328,0.555625));
#3712=CARTESIAN_POINT('',(-6.6675,2.43187572064921,0.975896614824406));
#3713=CARTESIAN_POINT('',(-6.6675,0.740833333333328,-0.555625));
#3714=CARTESIAN_POINT('',(-6.6675,0.740833333333331,0.2778125));
#3715=CARTESIAN_POINT('',(-6.6675,1.92616666666667,-0.850213685559746));
#3716=CARTESIAN_POINT('',(-6.6675,2.01147313981814,-0.87141474444228));
#3717=CARTESIAN_POINT('',(-6.6675,1.92616666666667,0.));
#3718=CARTESIAN_POINT('Origin',(-1.84150000000001,-7.1755,-0.555625));
#3719=CARTESIAN_POINT('',(-3.6957,-6.8199,-1.08167622421383));
#3720=CARTESIAN_POINT('',(-2.8575,-7.9375,-1.08167622421383));
#3721=CARTESIAN_POINT('Origin',(-1.4605,-5.1435,0.0756364690566016));
#3722=CARTESIAN_POINT('Origin',(-3.8735,1.92616666666667,0.));
#3723=CARTESIAN_POINT('',(-6.1087,3.60256666666666,-1.08167622421383));
#3724=CARTESIAN_POINT('Origin',(-3.8735,1.92616666666667,0.0756364690565989));
#3725=CARTESIAN_POINT('',(-6.1087,3.60256666666666,0.));
#3726=CARTESIAN_POINT('Origin',(-6.6675,2.8575,0.));
#3727=CARTESIAN_POINT('',(-3.69570000000001,6.8199,-1.08167622421383));
#3728=CARTESIAN_POINT('',(-4.76250000000001,5.3975,-1.08167622421383));
#3729=CARTESIAN_POINT('',(-3.69570000000001,6.8199,0.));
#3730=CARTESIAN_POINT('Origin',(-1.84150000000001,7.1755,-0.555625));
#3731=CARTESIAN_POINT('',(-1.27000000000002,7.9375,-0.555625));
#3732=CARTESIAN_POINT('',(-1.84150000000001,7.1755,-0.555625));
#3733=CARTESIAN_POINT('',(-1.46050000000001,7.9375,-0.618751146905657));
#3734=CARTESIAN_POINT('',(-2.15974150994273,7.9375,-0.85045940033967));
#3735=CARTESIAN_POINT('Origin',(-1.46050000000001,5.1435,0.0756364690565988));
#3736=CARTESIAN_POINT('Origin',(-3.8735,1.92616666666667,0.));
#3737=CARTESIAN_POINT('',(-6.1087,3.60256666666666,1.08167622421383));
#3738=CARTESIAN_POINT('',(-6.1087,3.60256666666666,0.));
#3739=CARTESIAN_POINT('Origin',(-3.8735,1.92616666666667,-0.0756364690565956));
#3740=CARTESIAN_POINT('Origin',(-6.6675,2.8575,0.));
#3741=CARTESIAN_POINT('',(-3.69570000000001,6.8199,1.08167622421383));
#3742=CARTESIAN_POINT('',(-3.69570000000001,6.8199,0.));
#3743=CARTESIAN_POINT('',(-4.76250000000001,5.3975,1.08167622421383));
#3744=CARTESIAN_POINT('Origin',(-3.8735,-1.92616666666667,0.));
#3745=CARTESIAN_POINT('',(-6.1087,-3.60256666666667,0.));
#3746=CARTESIAN_POINT('Origin',(-2.8575,-7.9375,0.));
#3747=CARTESIAN_POINT('',(-3.6957,-6.8199,0.));
#3748=CARTESIAN_POINT('Origin',(-1.4605,-5.1435,0.));
#3749=CARTESIAN_POINT('Origin',(-1.4605,-5.1435,0.));
#3750=CARTESIAN_POINT('',(-3.6957,-6.8199,0.));
#3751=CARTESIAN_POINT('Origin',(1.46050000000001,-5.1435,0.));
#3752=CARTESIAN_POINT('',(3.69570000000001,-6.8199,-1.08167622421383));
#3753=CARTESIAN_POINT('',(3.69570000000001,-6.8199,0.));
#3754=CARTESIAN_POINT('Origin',(1.46050000000001,-5.1435,0.0756364690565982));
#3755=CARTESIAN_POINT('Origin',(1.46050000000001,-5.1435,0.));
#3756=CARTESIAN_POINT('',(3.69570000000001,-6.8199,0.));
#3757=CARTESIAN_POINT('Origin',(3.8735,-1.92616666666667,0.));
#3758=CARTESIAN_POINT('',(6.1087,-3.60256666666666,0.));
#3759=CARTESIAN_POINT('Origin',(3.8735,-1.92616666666667,0.));
#3760=CARTESIAN_POINT('',(6.1087,-3.60256666666666,-1.08167622421383));
#3761=CARTESIAN_POINT('Origin',(3.8735,-1.92616666666667,0.0756364690565985));
#3762=CARTESIAN_POINT('',(6.1087,-3.60256666666666,0.));
#3763=CARTESIAN_POINT('Origin',(1.84150000000001,-7.1755,-0.555625));
#3764=CARTESIAN_POINT('',(4.76250000000001,-5.3975,-1.08167622421383));
#3765=CARTESIAN_POINT('',(1.84150000000001,-7.1755,-0.555625));
#3766=CARTESIAN_POINT('Origin',(1.84150000000001,7.1755,-0.555625));
#3767=CARTESIAN_POINT('',(3.6957,6.8199,-1.08167622421383));
#3768=CARTESIAN_POINT('',(2.8575,7.9375,-1.08167622421383));
#3769=CARTESIAN_POINT('',(1.4605,7.9375,-0.618751146905655));
#3770=CARTESIAN_POINT('Origin',(1.4605,5.1435,0.0756364690566015));
#3771=CARTESIAN_POINT('',(1.27000000000002,7.9375,-0.555625));
#3772=CARTESIAN_POINT('',(-0.415031334795135,7.9375,0.00274526551663478));
#3773=CARTESIAN_POINT('',(1.84150000000001,7.1755,-0.555625));
#3774=CARTESIAN_POINT('Origin',(3.8735,1.92616666666667,0.));
#3775=CARTESIAN_POINT('',(6.1087,3.60256666666667,1.08167622421383));
#3776=CARTESIAN_POINT('Origin',(3.8735,1.92616666666667,-0.0756364690565956));
#3777=CARTESIAN_POINT('',(6.1087,3.60256666666667,0.));
#3778=CARTESIAN_POINT('Origin',(2.8575,7.9375,0.));
#3779=CARTESIAN_POINT('',(3.6957,6.8199,1.08167622421383));
#3780=CARTESIAN_POINT('',(2.8575,7.9375,1.08167622421382));
#3781=CARTESIAN_POINT('',(3.6957,6.8199,0.));
#3782=CARTESIAN_POINT('Origin',(2.85750000000001,7.9375,1.08167622421383));
#3783=CARTESIAN_POINT('',(1.27000000000002,7.9375,0.555625));
#3784=CARTESIAN_POINT('',(1.84150000000001,7.1755,0.555625));
#3785=CARTESIAN_POINT('',(1.4605,7.9375,0.618751146905655));
#3786=CARTESIAN_POINT('',(0.121241380731079,7.9375,0.174959880004653));
#3787=CARTESIAN_POINT('Origin',(1.4605,5.1435,-0.0756364690565983));
#3788=CARTESIAN_POINT('Origin',(1.4605,5.1435,0.));
#3789=CARTESIAN_POINT('',(1.4605,7.9375,0.));
#3790=CARTESIAN_POINT('Origin',(-2.85750000000001,7.9375,0.));
#3791=CARTESIAN_POINT('',(1.27000000000002,7.9375,0.2778125));
#3792=CARTESIAN_POINT('',(1.4605,7.9375,0.));
#3793=CARTESIAN_POINT('',(-1.46050000000001,7.9375,0.));
#3794=CARTESIAN_POINT('',(-1.27000000000002,7.9375,0.555625));
#3795=CARTESIAN_POINT('',(-1.27000000000002,7.9375,0.2778125));
#3796=CARTESIAN_POINT('',(-1.46050000000001,7.9375,0.618751146905657));
#3797=CARTESIAN_POINT('',(-2.69601422546894,7.9375,1.02816454586095));
#3798=CARTESIAN_POINT('',(-1.46050000000001,7.9375,0.));
#3799=CARTESIAN_POINT('Origin',(1.4605,5.1435,0.));
#3800=CARTESIAN_POINT('',(3.6957,6.8199,0.));
#3801=CARTESIAN_POINT('Origin',(-1.46050000000001,5.1435,0.));
#3802=CARTESIAN_POINT('Origin',(-1.46050000000001,5.1435,0.));
#3803=CARTESIAN_POINT('Origin',(-1.46050000000001,5.1435,-0.0756364690565958));
#3804=CARTESIAN_POINT('Origin',(-2.85750000000001,7.9375,1.08167622421383));
#3805=CARTESIAN_POINT('',(-1.84150000000001,7.1755,0.555625));
#3806=CARTESIAN_POINT('Origin',(-1.84150000000001,7.1755,0.555625));
#3807=CARTESIAN_POINT('Origin',(-2.8575,-7.9375,0.));
#3808=CARTESIAN_POINT('Origin',(1.84150000000001,7.1755,0.555625));
#3809=CARTESIAN_POINT('Origin',(1.84150000000001,-7.1755,0.555625));
#3810=CARTESIAN_POINT('Origin',(6.6675,-2.8575,0.));
#3811=CARTESIAN_POINT('Origin',(2.8575,7.9375,0.));
#3812=CARTESIAN_POINT('Origin',(6.6675,-2.8575,0.));
#3813=UNCERTAINTY_MEASURE_WITH_UNIT(LENGTH_MEASURE(0.01),#3817,
'DISTANCE_ACCURACY_VALUE',
'Maximum model space distance between geometric entities at asserted c
onnectivities');
#3814=UNCERTAINTY_MEASURE_WITH_UNIT(LENGTH_MEASURE(0.01),#3817,
'DISTANCE_ACCURACY_VALUE',
'Maximum model space distance between geometric entities at asserted c
onnectivities');
#3815=(
GEOMETRIC_REPRESENTATION_CONTEXT(3)
GLOBAL_UNCERTAINTY_ASSIGNED_CONTEXT((#3813))
GLOBAL_UNIT_ASSIGNED_CONTEXT((#3817,#3819,#3820))
REPRESENTATION_CONTEXT('','3D')
);
#3816=(
GEOMETRIC_REPRESENTATION_CONTEXT(3)
GLOBAL_UNCERTAINTY_ASSIGNED_CONTEXT((#3814))
GLOBAL_UNIT_ASSIGNED_CONTEXT((#3817,#3819,#3820))
REPRESENTATION_CONTEXT('','3D')
);
#3817=(
LENGTH_UNIT()
NAMED_UNIT(*)
SI_UNIT(.MILLI.,.METRE.)
);
#3818=(
LENGTH_UNIT()
NAMED_UNIT(*)
SI_UNIT($,.METRE.)
);
#3819=(
NAMED_UNIT(*)
PLANE_ANGLE_UNIT()
SI_UNIT($,.RADIAN.)
);
#3820=(
NAMED_UNIT(*)
SI_UNIT($,.STERADIAN.)
SOLID_ANGLE_UNIT()
);
#3821=SHAPE_DEFINITION_REPRESENTATION(#3822,#3823);
#3822=PRODUCT_DEFINITION_SHAPE('',$,#3825);
#3823=SHAPE_REPRESENTATION('',(#1988),#3815);
#3824=PRODUCT_DEFINITION_CONTEXT('part definition',#3829,'design');
#3825=PRODUCT_DEFINITION('2026-08-05-14-29-01-807','FusionComponent',#3826,
#3824);
#3826=PRODUCT_DEFINITION_FORMATION('',$,#3831);
#3827=PRODUCT_RELATED_PRODUCT_CATEGORY('FusionComponent',
'FusionComponent',(#3831));
#3828=APPLICATION_PROTOCOL_DEFINITION('international standard',
'automotive_design',2009,#3829);
#3829=APPLICATION_CONTEXT(
'Core Data for Automotive Mechanical Design Process');
#3830=PRODUCT_CONTEXT('part definition',#3829,'mechanical');
#3831=PRODUCT('2026-08-05-14-29-01-807','FusionComponent',$,(#3830));
#3832=PRESENTATION_STYLE_ASSIGNMENT((#3834));
#3833=PRESENTATION_STYLE_ASSIGNMENT((#3835));
#3834=SURFACE_STYLE_USAGE(.BOTH.,#3836);
#3835=SURFACE_STYLE_USAGE(.BOTH.,#3837);
#3836=SURFACE_SIDE_STYLE('',(#3838));
#3837=SURFACE_SIDE_STYLE('',(#3839));
#3838=SURFACE_STYLE_FILL_AREA(#3840);
#3839=SURFACE_STYLE_FILL_AREA(#3841);
#3840=FILL_AREA_STYLE('Polycarbonate - Clear',(#3842));
#3841=FILL_AREA_STYLE('Green Pastel',(#3843));
#3842=FILL_AREA_STYLE_COLOUR('Polycarbonate - Clear',#3844);
#3843=FILL_AREA_STYLE_COLOUR('Green Pastel',#3845);
#3844=COLOUR_RGB('Polycarbonate - Clear',0.8,0.8,0.8);
#3845=COLOUR_RGB('Green Pastel',0.631372549019608,0.784313725490196,0.603921568627451);
ENDSEC;
END-ISO-10303-21;
