ISO-10303-21;
HEADER;
/* Generated by software containing ST-Developer
 * from STEP Tools, Inc. (www.steptools.com) 
 */

FILE_DESCRIPTION(
/* description */ (''),
/* implementation_level */ '2;1');

FILE_NAME(
/* name */ 'mouse_base.step',
/* time_stamp */ '2026-08-05T14:29:10-04:00',
/* author */ (''),
/* organization */ (''),
/* preprocessor_version */ 'ST-DEVELOPER v20.1',
/* originating_system */ 'Autodesk Translation Framework v15.8.0.0',
/* authorisation */ '');

FILE_SCHEMA (('AUTOMOTIVE_DESIGN { 1 0 10303 214 3 1 1 }'));
ENDSEC;

DATA;
#10=MECHANICAL_DESIGN_GEOMETRIC_PRESENTATION_REPRESENTATION('',(#13),#3606);
#11=SHAPE_REPRESENTATION_RELATIONSHIP('SRR','None',#3613,#12);
#12=ADVANCED_BREP_SHAPE_REPRESENTATION('',(#14),#3605);
#13=STYLED_ITEM('',(#3622),#14);
#14=MANIFOLD_SOLID_BREP('Body12',#2041);
#15=ELLIPSE('',#2076,33.6629196555966,16.);
#16=ELLIPSE('',#2077,16.678585348109,16.);
#17=ELLIPSE('',#2078,33.6629196555966,16.);
#18=ELLIPSE('',#2079,32.293309249433,16.);
#19=ELLIPSE('',#2081,32.293309249433,16.);
#20=ELLIPSE('',#2084,16.678585348109,16.);
#21=ELLIPSE('',#2091,1.49217101864867,1.3);
#22=ELLIPSE('',#2092,1.49217101864867,1.3);
#23=ELLIPSE('',#2093,3.89923078045641,1.3);
#24=ELLIPSE('',#2094,1.49217101864867,1.3);
#25=ELLIPSE('',#2095,2.21715196775015,1.3);
#26=ELLIPSE('',#2096,2.21715196775015,1.3);
#27=ELLIPSE('',#2097,1.49217101864867,1.3);
#28=ELLIPSE('',#2098,3.89923078045641,1.3);
#29=ELLIPSE('',#2119,2.22374319092665,1.3);
#30=ELLIPSE('',#2129,2.22374319092665,1.3);
#31=ELLIPSE('',#2154,1.49660699432579,1.3);
#32=ELLIPSE('',#2160,3.91082254352205,1.3);
#33=ELLIPSE('',#2162,1.49660699432579,1.3);
#34=ELLIPSE('',#2165,1.49660699432579,1.3);
#35=ELLIPSE('',#2167,3.91082254352206,1.3);
#36=ELLIPSE('',#2169,1.49660699432579,1.3);
#37=B_SPLINE_CURVE_WITH_KNOTS('',3,(#2869,#2870,#2871,#2872,#2873,#2874),
 .UNSPECIFIED.,.F.,.F.,(4,2,4),(1.45226662456283,1.50085431026907,1.52570384816596),
 .UNSPECIFIED.);
#38=B_SPLINE_CURVE_WITH_KNOTS('',3,(#2876,#2877,#2878,#2879),
 .UNSPECIFIED.,.F.,.F.,(4,4),(1.52570384816596,1.5320660671123),
 .UNSPECIFIED.);
#39=B_SPLINE_CURVE_WITH_KNOTS('',3,(#2881,#2882,#2883,#2884,#2885,#2886,
#2887,#2888,#2889,#2890,#2891,#2892,#2893,#2894,#2895,#2896,#2897,#2898,
#2899,#2900,#2901,#2902,#2903,#2904,#2905,#2906,#2907,#2908),
 .UNSPECIFIED.,.F.,.F.,(4,3,3,3,3,3,3,3,3,4),(0.,0.0101104410812367,0.0202593391041366,
0.0302940611166132,0.0432447975682446,0.0555527822273386,0.0602820046187252,
0.066486368525835,0.0787038893328375,0.0834586295020906),.UNSPECIFIED.);
#40=B_SPLINE_CURVE_WITH_KNOTS('',3,(#2910,#2911,#2912,#2913),
 .UNSPECIFIED.,.F.,.F.,(4,4),(-0.0575273393979825,0.),.UNSPECIFIED.);
#41=B_SPLINE_CURVE_WITH_KNOTS('',3,(#2914,#2915,#2916,#2917,#2918,#2919),
 .UNSPECIFIED.,.F.,.F.,(4,2,4),(0.307495427266885,0.420085451656594,0.486836537721305),
 .UNSPECIFIED.);
#42=B_SPLINE_CURVE_WITH_KNOTS('',3,(#2925,#2926,#2927,#2928),
 .UNSPECIFIED.,.F.,.F.,(4,4),(0.142285685616451,0.181867295736865),
 .UNSPECIFIED.);
#43=B_SPLINE_CURVE_WITH_KNOTS('',3,(#3355,#3356,#3357,#3358),
 .UNSPECIFIED.,.F.,.F.,(4,4),(0.658294439750467,0.721493535792067),
 .UNSPECIFIED.);
#44=B_SPLINE_CURVE_WITH_KNOTS('',3,(#3359,#3360,#3361,#3362),
 .UNSPECIFIED.,.F.,.F.,(4,4),(-0.0358115123949807,0.0289753659412383),
 .UNSPECIFIED.);
#45=B_SPLINE_CURVE_WITH_KNOTS('',3,(#3364,#3365,#3366,#3367,#3368,#3369),
 .UNSPECIFIED.,.F.,.F.,(4,2,4),(0.,0.0774663037860394,0.176611657470098),
 .UNSPECIFIED.);
#46=B_SPLINE_CURVE_WITH_KNOTS('',3,(#3374,#3375,#3376,#3377,#3378,#3379,
#3380,#3381,#3382,#3383,#3384,#3385,#3386,#3387,#3388,#3389,#3390,#3391,
#3392,#3393,#3394,#3395,#3396,#3397,#3398,#3399,#3400,#3401,#3402,#3403,
#3404,#3405,#3406,#3407,#3408,#3409,#3410,#3411,#3412,#3413,#3414,#3415,
#3416),.UNSPECIFIED.,.F.,.F.,(4,3,3,3,3,3,3,3,3,3,3,3,3,3,4),(0.,0.0129274413531384,
0.0263332709110336,0.0375943425267755,0.0509036401065467,0.0644546273839875,
0.0759181994728617,0.0895890422495337,0.0913642277413604,0.104819310787144,
0.115829971498921,0.129595094265712,0.138641030977853,0.152487257198019,
0.161526993542705),.UNSPECIFIED.);
#47=B_SPLINE_CURVE_WITH_KNOTS('',3,(#3421,#3422,#3423,#3424,#3425,#3426),
 .UNSPECIFIED.,.F.,.F.,(4,2,4),(0.514554812144822,0.543120396833713,0.544253573518507),
 .UNSPECIFIED.);
#48=B_SPLINE_CURVE_WITH_KNOTS('',3,(#3427,#3428,#3429,#3430),
 .UNSPECIFIED.,.F.,.F.,(4,4),(-0.245601040769585,-0.123657907181627),
 .UNSPECIFIED.);
#49=B_SPLINE_CURVE_WITH_KNOTS('',3,(#3432,#3433,#3434,#3435),
 .UNSPECIFIED.,.F.,.F.,(4,4),(0.822579733868825,0.889732939740692),
 .UNSPECIFIED.);
#50=B_SPLINE_CURVE_WITH_KNOTS('',3,(#3438,#3439,#3440,#3441,#3442,#3443),
 .UNSPECIFIED.,.F.,.F.,(4,2,4),(0.503502635736821,0.588284379923035,0.632031192202723),
 .UNSPECIFIED.);
#51=B_SPLINE_CURVE_WITH_KNOTS('',3,(#3445,#3446,#3447,#3448),
 .UNSPECIFIED.,.F.,.F.,(4,4),(0.470212166454054,0.500092261559411),
 .UNSPECIFIED.);
#52=B_SPLINE_CURVE_WITH_KNOTS('',3,(#3449,#3450,#3451,#3452,#3453,#3454,
#3455,#3456),.UNSPECIFIED.,.F.,.F.,(4,2,2,4),(0.,0.0779935473321163,0.133456666339557,
0.193797367280285),.UNSPECIFIED.);
#53=B_SPLINE_CURVE_WITH_KNOTS('',3,(#3458,#3459,#3460,#3461,#3462,#3463,
#3464,#3465,#3466,#3467,#3468,#3469,#3470,#3471,#3472,#3473,#3474,#3475,
#3476,#3477,#3478,#3479,#3480,#3481,#3482,#3483,#3484,#3485,#3486,#3487,
#3488,#3489,#3490,#3491,#3492,#3493,#3494),.UNSPECIFIED.,.F.,.F.,(4,3,3,
3,3,3,3,3,3,3,3,3,4),(-0.0565347077951407,-0.0520888263954005,-0.047643589100439,
-0.0431983518054775,-0.0397440736749879,-0.0363296895635557,-0.032987451582603,
-0.0308650955274485,-0.0241075893819546,-0.0147974553803943,-0.00739872769019715,
-0.000986550950937159,0.),.UNSPECIFIED.);
#54=B_SPLINE_CURVE_WITH_KNOTS('',3,(#3495,#3496,#3497,#3498),
 .UNSPECIFIED.,.F.,.F.,(4,4),(0.121571954890547,0.152741328753668),
 .UNSPECIFIED.);
#55=B_SPLINE_CURVE_WITH_KNOTS('',3,(#3553,#3554,#3555,#3556),
 .UNSPECIFIED.,.F.,.F.,(4,4),(5.41907125109298E-7,0.0358115123949807),
 .UNSPECIFIED.);
#56=CYLINDRICAL_SURFACE('',#2067,8.);
#57=CYLINDRICAL_SURFACE('',#2069,2.);
#58=CYLINDRICAL_SURFACE('',#2071,8.);
#59=CYLINDRICAL_SURFACE('',#2075,16.);
#60=CYLINDRICAL_SURFACE('',#2082,16.);
#61=CYLINDRICAL_SURFACE('',#2090,1.3);
#62=CYLINDRICAL_SURFACE('',#2170,1.3);
#63=CYLINDRICAL_SURFACE('',#2179,9.);
#64=CYLINDRICAL_SURFACE('',#2181,2.);
#65=CYLINDRICAL_SURFACE('',#2182,9.);
#66=CIRCLE('',#2063,8.);
#67=CIRCLE('',#2064,8.);
#68=CIRCLE('',#2065,9.);
#69=CIRCLE('',#2068,8.);
#70=CIRCLE('',#2070,2.);
#71=CIRCLE('',#2072,8.);
#72=CIRCLE('',#2080,16.);
#73=CIRCLE('',#2083,16.);
#74=CIRCLE('',#2183,1.);
#75=PLANE('',#2055);
#76=PLANE('',#2056);
#77=PLANE('',#2057);
#78=PLANE('',#2058);
#79=PLANE('',#2059);
#80=PLANE('',#2060);
#81=PLANE('',#2061);
#82=PLANE('',#2062);
#83=PLANE('',#2066);
#84=PLANE('',#2073);
#85=PLANE('',#2074);
#86=PLANE('',#2085);
#87=PLANE('',#2086);
#88=PLANE('',#2087);
#89=PLANE('',#2088);
#90=PLANE('',#2089);
#91=PLANE('',#2099);
#92=PLANE('',#2100);
#93=PLANE('',#2101);
#94=PLANE('',#2102);
#95=PLANE('',#2103);
#96=PLANE('',#2104);
#97=PLANE('',#2105);
#98=PLANE('',#2106);
#99=PLANE('',#2107);
#100=PLANE('',#2108);
#101=PLANE('',#2109);
#102=PLANE('',#2110);
#103=PLANE('',#2111);
#104=PLANE('',#2112);
#105=PLANE('',#2113);
#106=PLANE('',#2114);
#107=PLANE('',#2115);
#108=PLANE('',#2116);
#109=PLANE('',#2117);
#110=PLANE('',#2118);
#111=PLANE('',#2120);
#112=PLANE('',#2121);
#113=PLANE('',#2122);
#114=PLANE('',#2123);
#115=PLANE('',#2124);
#116=PLANE('',#2125);
#117=PLANE('',#2126);
#118=PLANE('',#2127);
#119=PLANE('',#2128);
#120=PLANE('',#2130);
#121=PLANE('',#2131);
#122=PLANE('',#2132);
#123=PLANE('',#2133);
#124=PLANE('',#2134);
#125=PLANE('',#2135);
#126=PLANE('',#2136);
#127=PLANE('',#2137);
#128=PLANE('',#2138);
#129=PLANE('',#2139);
#130=PLANE('',#2140);
#131=PLANE('',#2141);
#132=PLANE('',#2142);
#133=PLANE('',#2143);
#134=PLANE('',#2144);
#135=PLANE('',#2145);
#136=PLANE('',#2146);
#137=PLANE('',#2147);
#138=PLANE('',#2148);
#139=PLANE('',#2149);
#140=PLANE('',#2150);
#141=PLANE('',#2151);
#142=PLANE('',#2152);
#143=PLANE('',#2153);
#144=PLANE('',#2155);
#145=PLANE('',#2156);
#146=PLANE('',#2157);
#147=PLANE('',#2158);
#148=PLANE('',#2159);
#149=PLANE('',#2161);
#150=PLANE('',#2163);
#151=PLANE('',#2164);
#152=PLANE('',#2166);
#153=PLANE('',#2168);
#154=PLANE('',#2171);
#155=PLANE('',#2172);
#156=PLANE('',#2173);
#157=PLANE('',#2174);
#158=PLANE('',#2175);
#159=PLANE('',#2176);
#160=PLANE('',#2177);
#161=PLANE('',#2178);
#162=PLANE('',#2180);
#163=PLANE('',#2184);
#164=PLANE('',#2185);
#165=FACE_OUTER_BOUND('',#275,.T.);
#166=FACE_OUTER_BOUND('',#276,.T.);
#167=FACE_OUTER_BOUND('',#277,.T.);
#168=FACE_OUTER_BOUND('',#278,.T.);
#169=FACE_OUTER_BOUND('',#279,.T.);
#170=FACE_OUTER_BOUND('',#280,.T.);
#171=FACE_OUTER_BOUND('',#281,.T.);
#172=FACE_OUTER_BOUND('',#282,.T.);
#173=FACE_OUTER_BOUND('',#283,.T.);
#174=FACE_OUTER_BOUND('',#284,.T.);
#175=FACE_OUTER_BOUND('',#285,.T.);
#176=FACE_OUTER_BOUND('',#286,.T.);
#177=FACE_OUTER_BOUND('',#287,.T.);
#178=FACE_OUTER_BOUND('',#288,.T.);
#179=FACE_OUTER_BOUND('',#289,.T.);
#180=FACE_OUTER_BOUND('',#290,.T.);
#181=FACE_OUTER_BOUND('',#291,.T.);
#182=FACE_OUTER_BOUND('',#292,.T.);
#183=FACE_OUTER_BOUND('',#293,.T.);
#184=FACE_OUTER_BOUND('',#294,.T.);
#185=FACE_OUTER_BOUND('',#295,.T.);
#186=FACE_OUTER_BOUND('',#296,.T.);
#187=FACE_OUTER_BOUND('',#297,.T.);
#188=FACE_OUTER_BOUND('',#298,.T.);
#189=FACE_OUTER_BOUND('',#299,.T.);
#190=FACE_OUTER_BOUND('',#300,.T.);
#191=FACE_OUTER_BOUND('',#301,.T.);
#192=FACE_OUTER_BOUND('',#302,.T.);
#193=FACE_OUTER_BOUND('',#303,.T.);
#194=FACE_OUTER_BOUND('',#304,.T.);
#195=FACE_OUTER_BOUND('',#305,.T.);
#196=FACE_OUTER_BOUND('',#306,.T.);
#197=FACE_OUTER_BOUND('',#307,.T.);
#198=FACE_OUTER_BOUND('',#308,.T.);
#199=FACE_OUTER_BOUND('',#309,.T.);
#200=FACE_OUTER_BOUND('',#310,.T.);
#201=FACE_OUTER_BOUND('',#311,.T.);
#202=FACE_OUTER_BOUND('',#312,.T.);
#203=FACE_OUTER_BOUND('',#313,.T.);
#204=FACE_OUTER_BOUND('',#314,.T.);
#205=FACE_OUTER_BOUND('',#315,.T.);
#206=FACE_OUTER_BOUND('',#316,.T.);
#207=FACE_OUTER_BOUND('',#317,.T.);
#208=FACE_OUTER_BOUND('',#318,.T.);
#209=FACE_OUTER_BOUND('',#319,.T.);
#210=FACE_OUTER_BOUND('',#320,.T.);
#211=FACE_OUTER_BOUND('',#321,.T.);
#212=FACE_OUTER_BOUND('',#322,.T.);
#213=FACE_OUTER_BOUND('',#323,.T.);
#214=FACE_OUTER_BOUND('',#324,.T.);
#215=FACE_OUTER_BOUND('',#325,.T.);
#216=FACE_OUTER_BOUND('',#326,.T.);
#217=FACE_OUTER_BOUND('',#327,.T.);
#218=FACE_OUTER_BOUND('',#328,.T.);
#219=FACE_OUTER_BOUND('',#329,.T.);
#220=FACE_OUTER_BOUND('',#330,.T.);
#221=FACE_OUTER_BOUND('',#331,.T.);
#222=FACE_OUTER_BOUND('',#332,.T.);
#223=FACE_OUTER_BOUND('',#333,.T.);
#224=FACE_OUTER_BOUND('',#334,.T.);
#225=FACE_OUTER_BOUND('',#335,.T.);
#226=FACE_OUTER_BOUND('',#336,.T.);
#227=FACE_OUTER_BOUND('',#337,.T.);
#228=FACE_OUTER_BOUND('',#338,.T.);
#229=FACE_OUTER_BOUND('',#339,.T.);
#230=FACE_OUTER_BOUND('',#340,.T.);
#231=FACE_OUTER_BOUND('',#341,.T.);
#232=FACE_OUTER_BOUND('',#342,.T.);
#233=FACE_OUTER_BOUND('',#343,.T.);
#234=FACE_OUTER_BOUND('',#344,.T.);
#235=FACE_OUTER_BOUND('',#345,.T.);
#236=FACE_OUTER_BOUND('',#346,.T.);
#237=FACE_OUTER_BOUND('',#347,.T.);
#238=FACE_OUTER_BOUND('',#348,.T.);
#239=FACE_OUTER_BOUND('',#349,.T.);
#240=FACE_OUTER_BOUND('',#350,.T.);
#241=FACE_OUTER_BOUND('',#351,.T.);
#242=FACE_OUTER_BOUND('',#352,.T.);
#243=FACE_OUTER_BOUND('',#353,.T.);
#244=FACE_OUTER_BOUND('',#354,.T.);
#245=FACE_OUTER_BOUND('',#355,.T.);
#246=FACE_OUTER_BOUND('',#356,.T.);
#247=FACE_OUTER_BOUND('',#357,.T.);
#248=FACE_OUTER_BOUND('',#358,.T.);
#249=FACE_OUTER_BOUND('',#359,.T.);
#250=FACE_OUTER_BOUND('',#360,.T.);
#251=FACE_OUTER_BOUND('',#361,.T.);
#252=FACE_OUTER_BOUND('',#362,.T.);
#253=FACE_OUTER_BOUND('',#363,.T.);
#254=FACE_OUTER_BOUND('',#364,.T.);
#255=FACE_OUTER_BOUND('',#365,.T.);
#256=FACE_OUTER_BOUND('',#366,.T.);
#257=FACE_OUTER_BOUND('',#367,.T.);
#258=FACE_OUTER_BOUND('',#368,.T.);
#259=FACE_OUTER_BOUND('',#369,.T.);
#260=FACE_OUTER_BOUND('',#370,.T.);
#261=FACE_OUTER_BOUND('',#371,.T.);
#262=FACE_OUTER_BOUND('',#372,.T.);
#263=FACE_OUTER_BOUND('',#373,.T.);
#264=FACE_OUTER_BOUND('',#374,.T.);
#265=FACE_OUTER_BOUND('',#375,.T.);
#266=FACE_OUTER_BOUND('',#376,.T.);
#267=FACE_OUTER_BOUND('',#377,.T.);
#268=FACE_OUTER_BOUND('',#378,.T.);
#269=FACE_OUTER_BOUND('',#379,.T.);
#270=FACE_OUTER_BOUND('',#380,.T.);
#271=FACE_OUTER_BOUND('',#381,.T.);
#272=FACE_OUTER_BOUND('',#382,.T.);
#273=FACE_OUTER_BOUND('',#383,.T.);
#274=FACE_OUTER_BOUND('',#384,.T.);
#275=EDGE_LOOP('',(#1339,#1340,#1341,#1342,#1343,#1344));
#276=EDGE_LOOP('',(#1345,#1346,#1347,#1348,#1349,#1350));
#277=EDGE_LOOP('',(#1351,#1352,#1353,#1354,#1355,#1356));
#278=EDGE_LOOP('',(#1357,#1358,#1359,#1360,#1361,#1362));
#279=EDGE_LOOP('',(#1363,#1364,#1365,#1366,#1367));
#280=EDGE_LOOP('',(#1368,#1369,#1370,#1371));
#281=EDGE_LOOP('',(#1372,#1373,#1374,#1375,#1376));
#282=EDGE_LOOP('',(#1377,#1378,#1379,#1380,#1381));
#283=EDGE_LOOP('',(#1382,#1383,#1384,#1385,#1386));
#284=EDGE_LOOP('',(#1387,#1388,#1389,#1390,#1391,#1392,#1393));
#285=EDGE_LOOP('',(#1394,#1395,#1396,#1397));
#286=EDGE_LOOP('',(#1398,#1399,#1400,#1401,#1402,#1403,#1404));
#287=EDGE_LOOP('',(#1405,#1406,#1407,#1408,#1409,#1410));
#288=EDGE_LOOP('',(#1411,#1412,#1413,#1414));
#289=EDGE_LOOP('',(#1415,#1416,#1417,#1418,#1419,#1420,#1421,#1422,#1423));
#290=EDGE_LOOP('',(#1424,#1425,#1426,#1427,#1428));
#291=EDGE_LOOP('',(#1429,#1430,#1431,#1432));
#292=EDGE_LOOP('',(#1433,#1434,#1435,#1436));
#293=EDGE_LOOP('',(#1437,#1438,#1439,#1440,#1441));
#294=EDGE_LOOP('',(#1442,#1443,#1444,#1445,#1446,#1447,#1448,#1449));
#295=EDGE_LOOP('',(#1450,#1451,#1452,#1453));
#296=EDGE_LOOP('',(#1454,#1455,#1456,#1457,#1458,#1459));
#297=EDGE_LOOP('',(#1460,#1461,#1462,#1463,#1464));
#298=EDGE_LOOP('',(#1465,#1466,#1467,#1468));
#299=EDGE_LOOP('',(#1469,#1470,#1471,#1472,#1473));
#300=EDGE_LOOP('',(#1474,#1475,#1476,#1477,#1478,#1479,#1480,#1481,#1482,
#1483));
#301=EDGE_LOOP('',(#1484,#1485,#1486,#1487,#1488,#1489,#1490,#1491,#1492,
#1493,#1494,#1495,#1496,#1497));
#302=EDGE_LOOP('',(#1498,#1499,#1500,#1501,#1502,#1503,#1504,#1505));
#303=EDGE_LOOP('',(#1506,#1507,#1508,#1509));
#304=EDGE_LOOP('',(#1510,#1511,#1512,#1513));
#305=EDGE_LOOP('',(#1514,#1515,#1516,#1517,#1518));
#306=EDGE_LOOP('',(#1519,#1520,#1521,#1522));
#307=EDGE_LOOP('',(#1523,#1524,#1525,#1526,#1527,#1528));
#308=EDGE_LOOP('',(#1529,#1530,#1531,#1532,#1533,#1534));
#309=EDGE_LOOP('',(#1535,#1536,#1537,#1538,#1539,#1540,#1541,#1542));
#310=EDGE_LOOP('',(#1543,#1544,#1545,#1546,#1547,#1548,#1549,#1550,#1551,
#1552));
#311=EDGE_LOOP('',(#1553,#1554,#1555,#1556,#1557));
#312=EDGE_LOOP('',(#1558,#1559,#1560,#1561));
#313=EDGE_LOOP('',(#1562,#1563,#1564,#1565));
#314=EDGE_LOOP('',(#1566,#1567,#1568,#1569));
#315=EDGE_LOOP('',(#1570,#1571,#1572,#1573));
#316=EDGE_LOOP('',(#1574,#1575,#1576,#1577));
#317=EDGE_LOOP('',(#1578,#1579,#1580,#1581));
#318=EDGE_LOOP('',(#1582,#1583,#1584,#1585));
#319=EDGE_LOOP('',(#1586,#1587,#1588,#1589));
#320=EDGE_LOOP('',(#1590,#1591,#1592,#1593));
#321=EDGE_LOOP('',(#1594,#1595,#1596,#1597,#1598));
#322=EDGE_LOOP('',(#1599,#1600,#1601,#1602,#1603));
#323=EDGE_LOOP('',(#1604,#1605,#1606,#1607));
#324=EDGE_LOOP('',(#1608,#1609,#1610,#1611));
#325=EDGE_LOOP('',(#1612,#1613,#1614,#1615));
#326=EDGE_LOOP('',(#1616,#1617,#1618,#1619));
#327=EDGE_LOOP('',(#1620,#1621,#1622,#1623));
#328=EDGE_LOOP('',(#1624,#1625,#1626,#1627));
#329=EDGE_LOOP('',(#1628,#1629,#1630,#1631));
#330=EDGE_LOOP('',(#1632,#1633,#1634,#1635,#1636));
#331=EDGE_LOOP('',(#1637,#1638,#1639,#1640,#1641));
#332=EDGE_LOOP('',(#1642,#1643,#1644,#1645));
#333=EDGE_LOOP('',(#1646,#1647,#1648,#1649));
#334=EDGE_LOOP('',(#1650,#1651,#1652,#1653));
#335=EDGE_LOOP('',(#1654,#1655,#1656,#1657));
#336=EDGE_LOOP('',(#1658,#1659,#1660,#1661));
#337=EDGE_LOOP('',(#1662,#1663,#1664,#1665));
#338=EDGE_LOOP('',(#1666,#1667,#1668,#1669));
#339=EDGE_LOOP('',(#1670,#1671,#1672,#1673,#1674));
#340=EDGE_LOOP('',(#1675,#1676,#1677,#1678));
#341=EDGE_LOOP('',(#1679,#1680,#1681,#1682));
#342=EDGE_LOOP('',(#1683,#1684,#1685,#1686));
#343=EDGE_LOOP('',(#1687,#1688,#1689,#1690));
#344=EDGE_LOOP('',(#1691,#1692,#1693,#1694));
#345=EDGE_LOOP('',(#1695,#1696,#1697,#1698));
#346=EDGE_LOOP('',(#1699,#1700,#1701,#1702));
#347=EDGE_LOOP('',(#1703,#1704,#1705,#1706));
#348=EDGE_LOOP('',(#1707,#1708,#1709,#1710));
#349=EDGE_LOOP('',(#1711,#1712,#1713,#1714));
#350=EDGE_LOOP('',(#1715,#1716,#1717,#1718));
#351=EDGE_LOOP('',(#1719,#1720,#1721,#1722,#1723,#1724,#1725,#1726,#1727,
#1728,#1729,#1730));
#352=EDGE_LOOP('',(#1731,#1732,#1733,#1734));
#353=EDGE_LOOP('',(#1735,#1736,#1737,#1738));
#354=EDGE_LOOP('',(#1739,#1740,#1741,#1742));
#355=EDGE_LOOP('',(#1743,#1744,#1745,#1746,#1747,#1748,#1749,#1750,#1751,
#1752,#1753,#1754));
#356=EDGE_LOOP('',(#1755,#1756,#1757,#1758));
#357=EDGE_LOOP('',(#1759,#1760,#1761,#1762));
#358=EDGE_LOOP('',(#1763,#1764,#1765,#1766));
#359=EDGE_LOOP('',(#1767,#1768,#1769,#1770));
#360=EDGE_LOOP('',(#1771,#1772,#1773,#1774,#1775));
#361=EDGE_LOOP('',(#1776,#1777,#1778,#1779,#1780,#1781,#1782,#1783,#1784,
#1785,#1786,#1787));
#362=EDGE_LOOP('',(#1788,#1789,#1790,#1791,#1792));
#363=EDGE_LOOP('',(#1793,#1794,#1795,#1796));
#364=EDGE_LOOP('',(#1797,#1798,#1799,#1800));
#365=EDGE_LOOP('',(#1801,#1802,#1803,#1804,#1805,#1806,#1807,#1808,#1809,
#1810,#1811,#1812));
#366=EDGE_LOOP('',(#1813,#1814,#1815,#1816));
#367=EDGE_LOOP('',(#1817,#1818,#1819,#1820,#1821));
#368=EDGE_LOOP('',(#1822,#1823,#1824,#1825));
#369=EDGE_LOOP('',(#1826,#1827,#1828,#1829));
#370=EDGE_LOOP('',(#1830,#1831,#1832,#1833,#1834,#1835,#1836,#1837));
#371=EDGE_LOOP('',(#1838,#1839,#1840,#1841,#1842,#1843,#1844,#1845));
#372=EDGE_LOOP('',(#1846,#1847,#1848,#1849,#1850,#1851,#1852,#1853,#1854,
#1855,#1856));
#373=EDGE_LOOP('',(#1857,#1858,#1859,#1860,#1861));
#374=EDGE_LOOP('',(#1862,#1863,#1864,#1865,#1866));
#375=EDGE_LOOP('',(#1867,#1868,#1869,#1870,#1871,#1872,#1873,#1874));
#376=EDGE_LOOP('',(#1875,#1876,#1877,#1878,#1879));
#377=EDGE_LOOP('',(#1880,#1881,#1882,#1883,#1884,#1885));
#378=EDGE_LOOP('',(#1886,#1887,#1888,#1889,#1890,#1891));
#379=EDGE_LOOP('',(#1892,#1893,#1894,#1895,#1896));
#380=EDGE_LOOP('',(#1897,#1898,#1899));
#381=EDGE_LOOP('',(#1900,#1901,#1902,#1903,#1904));
#382=EDGE_LOOP('',(#1905,#1906,#1907,#1908));
#383=EDGE_LOOP('',(#1909,#1910,#1911,#1912,#1913,#1914,#1915));
#384=EDGE_LOOP('',(#1916,#1917,#1918,#1919,#1920));
#385=LINE('',#2710,#626);
#386=LINE('',#2712,#627);
#387=LINE('',#2714,#628);
#388=LINE('',#2716,#629);
#389=LINE('',#2718,#630);
#390=LINE('',#2719,#631);
#391=LINE('',#2737,#632);
#392=LINE('',#2739,#633);
#393=LINE('',#2741,#634);
#394=LINE('',#2743,#635);
#395=LINE('',#2744,#636);
#396=LINE('',#2762,#637);
#397=LINE('',#2764,#638);
#398=LINE('',#2766,#639);
#399=LINE('',#2768,#640);
#400=LINE('',#2769,#641);
#401=LINE('',#2787,#642);
#402=LINE('',#2789,#643);
#403=LINE('',#2791,#644);
#404=LINE('',#2793,#645);
#405=LINE('',#2794,#646);
#406=LINE('',#2811,#647);
#407=LINE('',#2813,#648);
#408=LINE('',#2814,#649);
#409=LINE('',#2818,#650);
#410=LINE('',#2820,#651);
#411=LINE('',#2822,#652);
#412=LINE('',#2823,#653);
#413=LINE('',#2825,#654);
#414=LINE('',#2826,#655);
#415=LINE('',#2828,#656);
#416=LINE('',#2830,#657);
#417=LINE('',#2834,#658);
#418=LINE('',#2836,#659);
#419=LINE('',#2837,#660);
#420=LINE('',#2840,#661);
#421=LINE('',#2841,#662);
#422=LINE('',#2845,#663);
#423=LINE('',#2847,#664);
#424=LINE('',#2854,#665);
#425=LINE('',#2857,#666);
#426=LINE('',#2859,#667);
#427=LINE('',#2860,#668);
#428=LINE('',#2863,#669);
#429=LINE('',#2865,#670);
#430=LINE('',#2922,#671);
#431=LINE('',#2931,#672);
#432=LINE('',#2936,#673);
#433=LINE('',#2937,#674);
#434=LINE('',#2939,#675);
#435=LINE('',#2940,#676);
#436=LINE('',#2942,#677);
#437=LINE('',#2946,#678);
#438=LINE('',#2954,#679);
#439=LINE('',#2965,#680);
#440=LINE('',#2968,#681);
#441=LINE('',#2971,#682);
#442=LINE('',#2973,#683);
#443=LINE('',#2975,#684);
#444=LINE('',#2977,#685);
#445=LINE('',#2978,#686);
#446=LINE('',#2981,#687);
#447=LINE('',#2983,#688);
#448=LINE('',#2985,#689);
#449=LINE('',#2986,#690);
#450=LINE('',#2989,#691);
#451=LINE('',#2990,#692);
#452=LINE('',#2993,#693);
#453=LINE('',#2995,#694);
#454=LINE('',#2996,#695);
#455=LINE('',#2999,#696);
#456=LINE('',#3001,#697);
#457=LINE('',#3003,#698);
#458=LINE('',#3004,#699);
#459=LINE('',#3006,#700);
#460=LINE('',#3007,#701);
#461=LINE('',#3013,#702);
#462=LINE('',#3015,#703);
#463=LINE('',#3017,#704);
#464=LINE('',#3025,#705);
#465=LINE('',#3029,#706);
#466=LINE('',#3033,#707);
#467=LINE('',#3039,#708);
#468=LINE('',#3041,#709);
#469=LINE('',#3043,#710);
#470=LINE('',#3045,#711);
#471=LINE('',#3047,#712);
#472=LINE('',#3049,#713);
#473=LINE('',#3050,#714);
#474=LINE('',#3053,#715);
#475=LINE('',#3054,#716);
#476=LINE('',#3057,#717);
#477=LINE('',#3058,#718);
#478=LINE('',#3061,#719);
#479=LINE('',#3063,#720);
#480=LINE('',#3064,#721);
#481=LINE('',#3066,#722);
#482=LINE('',#3067,#723);
#483=LINE('',#3070,#724);
#484=LINE('',#3072,#725);
#485=LINE('',#3074,#726);
#486=LINE('',#3075,#727);
#487=LINE('',#3077,#728);
#488=LINE('',#3078,#729);
#489=LINE('',#3081,#730);
#490=LINE('',#3083,#731);
#491=LINE('',#3085,#732);
#492=LINE('',#3087,#733);
#493=LINE('',#3089,#734);
#494=LINE('',#3091,#735);
#495=LINE('',#3092,#736);
#496=LINE('',#3095,#737);
#497=LINE('',#3096,#738);
#498=LINE('',#3098,#739);
#499=LINE('',#3100,#740);
#500=LINE('',#3101,#741);
#501=LINE('',#3104,#742);
#502=LINE('',#3105,#743);
#503=LINE('',#3107,#744);
#504=LINE('',#3110,#745);
#505=LINE('',#3111,#746);
#506=LINE('',#3114,#747);
#507=LINE('',#3115,#748);
#508=LINE('',#3118,#749);
#509=LINE('',#3119,#750);
#510=LINE('',#3121,#751);
#511=LINE('',#3122,#752);
#512=LINE('',#3126,#753);
#513=LINE('',#3127,#754);
#514=LINE('',#3130,#755);
#515=LINE('',#3131,#756);
#516=LINE('',#3134,#757);
#517=LINE('',#3135,#758);
#518=LINE('',#3138,#759);
#519=LINE('',#3142,#760);
#520=LINE('',#3143,#761);
#521=LINE('',#3146,#762);
#522=LINE('',#3147,#763);
#523=LINE('',#3150,#764);
#524=LINE('',#3151,#765);
#525=LINE('',#3154,#766);
#526=LINE('',#3155,#767);
#527=LINE('',#3158,#768);
#528=LINE('',#3159,#769);
#529=LINE('',#3162,#770);
#530=LINE('',#3163,#771);
#531=LINE('',#3166,#772);
#532=LINE('',#3167,#773);
#533=LINE('',#3171,#774);
#534=LINE('',#3173,#775);
#535=LINE('',#3175,#776);
#536=LINE('',#3176,#777);
#537=LINE('',#3178,#778);
#538=LINE('',#3182,#779);
#539=LINE('',#3183,#780);
#540=LINE('',#3186,#781);
#541=LINE('',#3187,#782);
#542=LINE('',#3190,#783);
#543=LINE('',#3191,#784);
#544=LINE('',#3194,#785);
#545=LINE('',#3195,#786);
#546=LINE('',#3197,#787);
#547=LINE('',#3200,#788);
#548=LINE('',#3201,#789);
#549=LINE('',#3204,#790);
#550=LINE('',#3205,#791);
#551=LINE('',#3208,#792);
#552=LINE('',#3209,#793);
#553=LINE('',#3211,#794);
#554=LINE('',#3214,#795);
#555=LINE('',#3216,#796);
#556=LINE('',#3218,#797);
#557=LINE('',#3222,#798);
#558=LINE('',#3223,#799);
#559=LINE('',#3224,#800);
#560=LINE('',#3227,#801);
#561=LINE('',#3228,#802);
#562=LINE('',#3231,#803);
#563=LINE('',#3232,#804);
#564=LINE('',#3236,#805);
#565=LINE('',#3237,#806);
#566=LINE('',#3238,#807);
#567=LINE('',#3241,#808);
#568=LINE('',#3242,#809);
#569=LINE('',#3245,#810);
#570=LINE('',#3246,#811);
#571=LINE('',#3249,#812);
#572=LINE('',#3250,#813);
#573=LINE('',#3254,#814);
#574=LINE('',#3256,#815);
#575=LINE('',#3258,#816);
#576=LINE('',#3260,#817);
#577=LINE('',#3262,#818);
#578=LINE('',#3264,#819);
#579=LINE('',#3265,#820);
#580=LINE('',#3267,#821);
#581=LINE('',#3269,#822);
#582=LINE('',#3270,#823);
#583=LINE('',#3274,#824);
#584=LINE('',#3276,#825);
#585=LINE('',#3278,#826);
#586=LINE('',#3279,#827);
#587=LINE('',#3281,#828);
#588=LINE('',#3282,#829);
#589=LINE('',#3287,#830);
#590=LINE('',#3288,#831);
#591=LINE('',#3291,#832);
#592=LINE('',#3293,#833);
#593=LINE('',#3294,#834);
#594=LINE('',#3295,#835);
#595=LINE('',#3298,#836);
#596=LINE('',#3299,#837);
#597=LINE('',#3303,#838);
#598=LINE('',#3304,#839);
#599=LINE('',#3305,#840);
#600=LINE('',#3308,#841);
#601=LINE('',#3309,#842);
#602=LINE('',#3313,#843);
#603=LINE('',#3317,#844);
#604=LINE('',#3320,#845);
#605=LINE('',#3321,#846);
#606=LINE('',#3322,#847);
#607=LINE('',#3323,#848);
#608=LINE('',#3327,#849);
#609=LINE('',#3331,#850);
#610=LINE('',#3336,#851);
#611=LINE('',#3339,#852);
#612=LINE('',#3340,#853);
#613=LINE('',#3343,#854);
#614=LINE('',#3344,#855);
#615=LINE('',#3347,#856);
#616=LINE('',#3348,#857);
#617=LINE('',#3350,#858);
#618=LINE('',#3352,#859);
#619=LINE('',#3371,#860);
#620=LINE('',#3373,#861);
#621=LINE('',#3420,#862);
#622=LINE('',#3535,#863);
#623=LINE('',#3557,#864);
#624=LINE('',#3579,#865);
#625=LINE('',#3601,#866);
#626=VECTOR('',#2188,10.);
#627=VECTOR('',#2189,10.);
#628=VECTOR('',#2190,1.20009085030342);
#629=VECTOR('',#2191,10.);
#630=VECTOR('',#2192,10.);
#631=VECTOR('',#2193,1.57276362817097);
#632=VECTOR('',#2194,10.);
#633=VECTOR('',#2195,10.);
#634=VECTOR('',#2196,1.57965354108899);
#635=VECTOR('',#2197,10.);
#636=VECTOR('',#2198,10.);
#637=VECTOR('',#2199,10.);
#638=VECTOR('',#2200,10.);
#639=VECTOR('',#2201,1.30430209015547);
#640=VECTOR('',#2202,10.);
#641=VECTOR('',#2203,10.);
#642=VECTOR('',#2204,10.);
#643=VECTOR('',#2205,10.);
#644=VECTOR('',#2206,1.71413903968775);
#645=VECTOR('',#2207,10.);
#646=VECTOR('',#2208,10.);
#647=VECTOR('',#2209,10.);
#648=VECTOR('',#2210,10.);
#649=VECTOR('',#2211,10.);
#650=VECTOR('',#2214,10.);
#651=VECTOR('',#2215,10.);
#652=VECTOR('',#2216,10.);
#653=VECTOR('',#2217,10.);
#654=VECTOR('',#2220,10.);
#655=VECTOR('',#2221,10.);
#656=VECTOR('',#2224,10.);
#657=VECTOR('',#2227,10.);
#658=VECTOR('',#2232,10.);
#659=VECTOR('',#2233,10.);
#660=VECTOR('',#2234,10.);
#661=VECTOR('',#2237,10.);
#662=VECTOR('',#2238,10.);
#663=VECTOR('',#2241,10.);
#664=VECTOR('',#2242,10.);
#665=VECTOR('',#2249,10.);
#666=VECTOR('',#2252,10.);
#667=VECTOR('',#2253,10.);
#668=VECTOR('',#2254,10.);
#669=VECTOR('',#2257,9.);
#670=VECTOR('',#2258,10.);
#671=VECTOR('',#2263,10.);
#672=VECTOR('',#2268,10.);
#673=VECTOR('',#2273,10.);
#674=VECTOR('',#2274,10.);
#675=VECTOR('',#2275,10.);
#676=VECTOR('',#2276,10.);
#677=VECTOR('',#2279,10.);
#678=VECTOR('',#2282,10.);
#679=VECTOR('',#2289,10.);
#680=VECTOR('',#2300,10.);
#681=VECTOR('',#2303,10.);
#682=VECTOR('',#2306,10.);
#683=VECTOR('',#2307,10.);
#684=VECTOR('',#2308,10.);
#685=VECTOR('',#2309,10.);
#686=VECTOR('',#2310,10.);
#687=VECTOR('',#2313,10.);
#688=VECTOR('',#2314,10.);
#689=VECTOR('',#2315,10.);
#690=VECTOR('',#2316,10.);
#691=VECTOR('',#2319,10.);
#692=VECTOR('',#2320,10.);
#693=VECTOR('',#2323,10.);
#694=VECTOR('',#2324,10.);
#695=VECTOR('',#2325,10.);
#696=VECTOR('',#2328,10.);
#697=VECTOR('',#2329,10.);
#698=VECTOR('',#2330,10.);
#699=VECTOR('',#2331,10.);
#700=VECTOR('',#2332,10.);
#701=VECTOR('',#2333,10.);
#702=VECTOR('',#2338,10.);
#703=VECTOR('',#2339,10.);
#704=VECTOR('',#2340,10.);
#705=VECTOR('',#2347,10.);
#706=VECTOR('',#2350,10.);
#707=VECTOR('',#2353,10.);
#708=VECTOR('',#2360,10.);
#709=VECTOR('',#2361,10.);
#710=VECTOR('',#2362,10.);
#711=VECTOR('',#2363,10.);
#712=VECTOR('',#2364,10.);
#713=VECTOR('',#2365,10.);
#714=VECTOR('',#2366,10.);
#715=VECTOR('',#2369,10.);
#716=VECTOR('',#2370,10.);
#717=VECTOR('',#2373,10.);
#718=VECTOR('',#2374,10.);
#719=VECTOR('',#2377,10.);
#720=VECTOR('',#2378,10.);
#721=VECTOR('',#2379,10.);
#722=VECTOR('',#2382,10.);
#723=VECTOR('',#2383,10.);
#724=VECTOR('',#2386,10.);
#725=VECTOR('',#2387,10.);
#726=VECTOR('',#2388,10.);
#727=VECTOR('',#2389,10.);
#728=VECTOR('',#2392,10.);
#729=VECTOR('',#2393,10.);
#730=VECTOR('',#2396,10.);
#731=VECTOR('',#2397,10.);
#732=VECTOR('',#2398,10.);
#733=VECTOR('',#2399,10.);
#734=VECTOR('',#2400,10.);
#735=VECTOR('',#2401,10.);
#736=VECTOR('',#2402,10.);
#737=VECTOR('',#2405,10.);
#738=VECTOR('',#2406,10.);
#739=VECTOR('',#2407,10.);
#740=VECTOR('',#2408,10.);
#741=VECTOR('',#2409,10.);
#742=VECTOR('',#2412,10.);
#743=VECTOR('',#2413,10.);
#744=VECTOR('',#2416,10.);
#745=VECTOR('',#2419,10.);
#746=VECTOR('',#2420,10.);
#747=VECTOR('',#2423,10.);
#748=VECTOR('',#2424,10.);
#749=VECTOR('',#2427,10.);
#750=VECTOR('',#2428,10.);
#751=VECTOR('',#2431,10.);
#752=VECTOR('',#2432,10.);
#753=VECTOR('',#2437,10.);
#754=VECTOR('',#2438,10.);
#755=VECTOR('',#2441,10.);
#756=VECTOR('',#2442,10.);
#757=VECTOR('',#2445,10.);
#758=VECTOR('',#2446,10.);
#759=VECTOR('',#2449,10.);
#760=VECTOR('',#2454,10.);
#761=VECTOR('',#2455,10.);
#762=VECTOR('',#2458,10.);
#763=VECTOR('',#2459,10.);
#764=VECTOR('',#2462,10.);
#765=VECTOR('',#2463,10.);
#766=VECTOR('',#2466,10.);
#767=VECTOR('',#2467,10.);
#768=VECTOR('',#2470,10.);
#769=VECTOR('',#2471,10.);
#770=VECTOR('',#2474,10.);
#771=VECTOR('',#2475,10.);
#772=VECTOR('',#2478,10.);
#773=VECTOR('',#2479,10.);
#774=VECTOR('',#2482,10.);
#775=VECTOR('',#2483,10.);
#776=VECTOR('',#2484,10.);
#777=VECTOR('',#2485,10.);
#778=VECTOR('',#2488,10.);
#779=VECTOR('',#2493,10.);
#780=VECTOR('',#2494,10.);
#781=VECTOR('',#2497,10.);
#782=VECTOR('',#2498,10.);
#783=VECTOR('',#2501,10.);
#784=VECTOR('',#2502,10.);
#785=VECTOR('',#2505,10.);
#786=VECTOR('',#2506,10.);
#787=VECTOR('',#2509,10.);
#788=VECTOR('',#2512,10.);
#789=VECTOR('',#2513,10.);
#790=VECTOR('',#2516,10.);
#791=VECTOR('',#2517,10.);
#792=VECTOR('',#2520,10.);
#793=VECTOR('',#2521,10.);
#794=VECTOR('',#2524,10.);
#795=VECTOR('',#2529,10.);
#796=VECTOR('',#2532,10.);
#797=VECTOR('',#2535,10.);
#798=VECTOR('',#2538,10.);
#799=VECTOR('',#2539,10.);
#800=VECTOR('',#2540,10.);
#801=VECTOR('',#2543,10.);
#802=VECTOR('',#2544,10.);
#803=VECTOR('',#2547,10.);
#804=VECTOR('',#2548,10.);
#805=VECTOR('',#2551,10.);
#806=VECTOR('',#2552,10.);
#807=VECTOR('',#2553,10.);
#808=VECTOR('',#2556,10.);
#809=VECTOR('',#2557,10.);
#810=VECTOR('',#2560,10.);
#811=VECTOR('',#2561,10.);
#812=VECTOR('',#2564,10.);
#813=VECTOR('',#2565,10.);
#814=VECTOR('',#2568,10.);
#815=VECTOR('',#2569,10.);
#816=VECTOR('',#2570,10.);
#817=VECTOR('',#2571,10.);
#818=VECTOR('',#2572,10.);
#819=VECTOR('',#2573,10.);
#820=VECTOR('',#2574,10.);
#821=VECTOR('',#2575,10.);
#822=VECTOR('',#2576,10.);
#823=VECTOR('',#2577,10.);
#824=VECTOR('',#2580,10.);
#825=VECTOR('',#2581,10.);
#826=VECTOR('',#2582,10.);
#827=VECTOR('',#2583,10.);
#828=VECTOR('',#2586,10.);
#829=VECTOR('',#2587,10.);
#830=VECTOR('',#2592,10.);
#831=VECTOR('',#2593,10.);
#832=VECTOR('',#2596,10.);
#833=VECTOR('',#2597,10.);
#834=VECTOR('',#2598,10.);
#835=VECTOR('',#2599,10.);
#836=VECTOR('',#2602,10.);
#837=VECTOR('',#2603,10.);
#838=VECTOR('',#2606,10.);
#839=VECTOR('',#2607,10.);
#840=VECTOR('',#2608,10.);
#841=VECTOR('',#2611,10.);
#842=VECTOR('',#2612,10.);
#843=VECTOR('',#2617,10.);
#844=VECTOR('',#2622,10.);
#845=VECTOR('',#2625,10.);
#846=VECTOR('',#2626,10.);
#847=VECTOR('',#2627,10.);
#848=VECTOR('',#2628,10.);
#849=VECTOR('',#2633,10.);
#850=VECTOR('',#2638,10.);
#851=VECTOR('',#2647,10.);
#852=VECTOR('',#2650,10.);
#853=VECTOR('',#2651,10.);
#854=VECTOR('',#2654,10.);
#855=VECTOR('',#2655,10.);
#856=VECTOR('',#2658,10.);
#857=VECTOR('',#2659,10.);
#858=VECTOR('',#2662,10.);
#859=VECTOR('',#2665,10.);
#860=VECTOR('',#2670,10.);
#861=VECTOR('',#2671,10.);
#862=VECTOR('',#2674,9.);
#863=VECTOR('',#2681,10.);
#864=VECTOR('',#2682,10.);
#865=VECTOR('',#2685,10.);
#866=VECTOR('',#2688,10.);
#867=VERTEX_POINT('',#2708);
#868=VERTEX_POINT('',#2709);
#869=VERTEX_POINT('',#2711);
#870=VERTEX_POINT('',#2713);
#871=VERTEX_POINT('',#2715);
#872=VERTEX_POINT('',#2717);
#873=VERTEX_POINT('',#2736);
#874=VERTEX_POINT('',#2738);
#875=VERTEX_POINT('',#2740);
#876=VERTEX_POINT('',#2742);
#877=VERTEX_POINT('',#2761);
#878=VERTEX_POINT('',#2763);
#879=VERTEX_POINT('',#2765);
#880=VERTEX_POINT('',#2767);
#881=VERTEX_POINT('',#2786);
#882=VERTEX_POINT('',#2788);
#883=VERTEX_POINT('',#2790);
#884=VERTEX_POINT('',#2792);
#885=VERTEX_POINT('',#2812);
#886=VERTEX_POINT('',#2816);
#887=VERTEX_POINT('',#2817);
#888=VERTEX_POINT('',#2819);
#889=VERTEX_POINT('',#2821);
#890=VERTEX_POINT('',#2833);
#891=VERTEX_POINT('',#2835);
#892=VERTEX_POINT('',#2839);
#893=VERTEX_POINT('',#2843);
#894=VERTEX_POINT('',#2844);
#895=VERTEX_POINT('',#2846);
#896=VERTEX_POINT('',#2848);
#897=VERTEX_POINT('',#2850);
#898=VERTEX_POINT('',#2852);
#899=VERTEX_POINT('',#2856);
#900=VERTEX_POINT('',#2858);
#901=VERTEX_POINT('',#2862);
#902=VERTEX_POINT('',#2864);
#903=VERTEX_POINT('',#2866);
#904=VERTEX_POINT('',#2868);
#905=VERTEX_POINT('',#2875);
#906=VERTEX_POINT('',#2880);
#907=VERTEX_POINT('',#2909);
#908=VERTEX_POINT('',#2921);
#909=VERTEX_POINT('',#2923);
#910=VERTEX_POINT('',#2930);
#911=VERTEX_POINT('',#2934);
#912=VERTEX_POINT('',#2935);
#913=VERTEX_POINT('',#2938);
#914=VERTEX_POINT('',#2944);
#915=VERTEX_POINT('',#2945);
#916=VERTEX_POINT('',#2947);
#917=VERTEX_POINT('',#2949);
#918=VERTEX_POINT('',#2951);
#919=VERTEX_POINT('',#2953);
#920=VERTEX_POINT('',#2955);
#921=VERTEX_POINT('',#2957);
#922=VERTEX_POINT('',#2961);
#923=VERTEX_POINT('',#2962);
#924=VERTEX_POINT('',#2964);
#925=VERTEX_POINT('',#2966);
#926=VERTEX_POINT('',#2970);
#927=VERTEX_POINT('',#2972);
#928=VERTEX_POINT('',#2974);
#929=VERTEX_POINT('',#2976);
#930=VERTEX_POINT('',#2980);
#931=VERTEX_POINT('',#2982);
#932=VERTEX_POINT('',#2984);
#933=VERTEX_POINT('',#2988);
#934=VERTEX_POINT('',#2992);
#935=VERTEX_POINT('',#2994);
#936=VERTEX_POINT('',#2998);
#937=VERTEX_POINT('',#3000);
#938=VERTEX_POINT('',#3002);
#939=VERTEX_POINT('',#3005);
#940=VERTEX_POINT('',#3009);
#941=VERTEX_POINT('',#3010);
#942=VERTEX_POINT('',#3012);
#943=VERTEX_POINT('',#3014);
#944=VERTEX_POINT('',#3016);
#945=VERTEX_POINT('',#3018);
#946=VERTEX_POINT('',#3020);
#947=VERTEX_POINT('',#3022);
#948=VERTEX_POINT('',#3024);
#949=VERTEX_POINT('',#3026);
#950=VERTEX_POINT('',#3028);
#951=VERTEX_POINT('',#3030);
#952=VERTEX_POINT('',#3032);
#953=VERTEX_POINT('',#3034);
#954=VERTEX_POINT('',#3038);
#955=VERTEX_POINT('',#3040);
#956=VERTEX_POINT('',#3042);
#957=VERTEX_POINT('',#3044);
#958=VERTEX_POINT('',#3046);
#959=VERTEX_POINT('',#3048);
#960=VERTEX_POINT('',#3052);
#961=VERTEX_POINT('',#3056);
#962=VERTEX_POINT('',#3060);
#963=VERTEX_POINT('',#3062);
#964=VERTEX_POINT('',#3069);
#965=VERTEX_POINT('',#3071);
#966=VERTEX_POINT('',#3073);
#967=VERTEX_POINT('',#3080);
#968=VERTEX_POINT('',#3082);
#969=VERTEX_POINT('',#3084);
#970=VERTEX_POINT('',#3086);
#971=VERTEX_POINT('',#3088);
#972=VERTEX_POINT('',#3090);
#973=VERTEX_POINT('',#3094);
#974=VERTEX_POINT('',#3097);
#975=VERTEX_POINT('',#3099);
#976=VERTEX_POINT('',#3103);
#977=VERTEX_POINT('',#3109);
#978=VERTEX_POINT('',#3113);
#979=VERTEX_POINT('',#3117);
#980=VERTEX_POINT('',#3125);
#981=VERTEX_POINT('',#3129);
#982=VERTEX_POINT('',#3133);
#983=VERTEX_POINT('',#3137);
#984=VERTEX_POINT('',#3141);
#985=VERTEX_POINT('',#3145);
#986=VERTEX_POINT('',#3149);
#987=VERTEX_POINT('',#3153);
#988=VERTEX_POINT('',#3157);
#989=VERTEX_POINT('',#3161);
#990=VERTEX_POINT('',#3165);
#991=VERTEX_POINT('',#3169);
#992=VERTEX_POINT('',#3170);
#993=VERTEX_POINT('',#3172);
#994=VERTEX_POINT('',#3174);
#995=VERTEX_POINT('',#3181);
#996=VERTEX_POINT('',#3185);
#997=VERTEX_POINT('',#3189);
#998=VERTEX_POINT('',#3193);
#999=VERTEX_POINT('',#3199);
#1000=VERTEX_POINT('',#3203);
#1001=VERTEX_POINT('',#3207);
#1002=VERTEX_POINT('',#3220);
#1003=VERTEX_POINT('',#3221);
#1004=VERTEX_POINT('',#3226);
#1005=VERTEX_POINT('',#3230);
#1006=VERTEX_POINT('',#3234);
#1007=VERTEX_POINT('',#3235);
#1008=VERTEX_POINT('',#3240);
#1009=VERTEX_POINT('',#3244);
#1010=VERTEX_POINT('',#3248);
#1011=VERTEX_POINT('',#3252);
#1012=VERTEX_POINT('',#3253);
#1013=VERTEX_POINT('',#3255);
#1014=VERTEX_POINT('',#3257);
#1015=VERTEX_POINT('',#3259);
#1016=VERTEX_POINT('',#3261);
#1017=VERTEX_POINT('',#3263);
#1018=VERTEX_POINT('',#3266);
#1019=VERTEX_POINT('',#3268);
#1020=VERTEX_POINT('',#3272);
#1021=VERTEX_POINT('',#3273);
#1022=VERTEX_POINT('',#3275);
#1023=VERTEX_POINT('',#3277);
#1024=VERTEX_POINT('',#3284);
#1025=VERTEX_POINT('',#3286);
#1026=VERTEX_POINT('',#3290);
#1027=VERTEX_POINT('',#3292);
#1028=VERTEX_POINT('',#3297);
#1029=VERTEX_POINT('',#3301);
#1030=VERTEX_POINT('',#3302);
#1031=VERTEX_POINT('',#3307);
#1032=VERTEX_POINT('',#3311);
#1033=VERTEX_POINT('',#3315);
#1034=VERTEX_POINT('',#3319);
#1035=VERTEX_POINT('',#3325);
#1036=VERTEX_POINT('',#3329);
#1037=VERTEX_POINT('',#3338);
#1038=VERTEX_POINT('',#3342);
#1039=VERTEX_POINT('',#3346);
#1040=VERTEX_POINT('',#3354);
#1041=VERTEX_POINT('',#3370);
#1042=VERTEX_POINT('',#3372);
#1043=VERTEX_POINT('',#3418);
#1044=VERTEX_POINT('',#3419);
#1045=VERTEX_POINT('',#3437);
#1046=VERTEX_POINT('',#3444);
#1047=VERTEX_POINT('',#3552);
#1048=EDGE_CURVE('',#867,#868,#385,.T.);
#1049=EDGE_CURVE('',#868,#869,#386,.T.);
#1050=EDGE_CURVE('',#869,#870,#387,.T.);
#1051=EDGE_CURVE('',#870,#871,#388,.T.);
#1052=EDGE_CURVE('',#871,#872,#389,.T.);
#1053=EDGE_CURVE('',#867,#872,#390,.T.);
#1054=EDGE_CURVE('',#869,#873,#391,.T.);
#1055=EDGE_CURVE('',#873,#874,#392,.T.);
#1056=EDGE_CURVE('',#874,#875,#393,.T.);
#1057=EDGE_CURVE('',#875,#876,#394,.T.);
#1058=EDGE_CURVE('',#876,#870,#395,.T.);
#1059=EDGE_CURVE('',#874,#877,#396,.T.);
#1060=EDGE_CURVE('',#877,#878,#397,.T.);
#1061=EDGE_CURVE('',#878,#879,#398,.T.);
#1062=EDGE_CURVE('',#879,#880,#399,.T.);
#1063=EDGE_CURVE('',#880,#875,#400,.T.);
#1064=EDGE_CURVE('',#878,#881,#401,.T.);
#1065=EDGE_CURVE('',#881,#882,#402,.T.);
#1066=EDGE_CURVE('',#882,#883,#403,.T.);
#1067=EDGE_CURVE('',#883,#884,#404,.T.);
#1068=EDGE_CURVE('',#884,#879,#405,.T.);
#1069=EDGE_CURVE('',#882,#867,#406,.T.);
#1070=EDGE_CURVE('',#872,#885,#407,.T.);
#1071=EDGE_CURVE('',#885,#883,#408,.T.);
#1072=EDGE_CURVE('',#886,#887,#409,.T.);
#1073=EDGE_CURVE('',#887,#888,#410,.T.);
#1074=EDGE_CURVE('',#888,#889,#411,.T.);
#1075=EDGE_CURVE('',#889,#886,#412,.T.);
#1076=EDGE_CURVE('',#883,#887,#413,.T.);
#1077=EDGE_CURVE('',#888,#872,#414,.T.);
#1078=EDGE_CURVE('',#889,#870,#415,.T.);
#1079=EDGE_CURVE('',#886,#875,#416,.T.);
#1080=EDGE_CURVE('',#882,#890,#417,.T.);
#1081=EDGE_CURVE('',#891,#890,#418,.T.);
#1082=EDGE_CURVE('',#867,#891,#419,.T.);
#1083=EDGE_CURVE('',#892,#891,#420,.T.);
#1084=EDGE_CURVE('',#874,#892,#421,.T.);
#1085=EDGE_CURVE('',#893,#894,#422,.T.);
#1086=EDGE_CURVE('',#893,#895,#423,.T.);
#1087=EDGE_CURVE('',#895,#896,#66,.F.);
#1088=EDGE_CURVE('',#897,#896,#67,.T.);
#1089=EDGE_CURVE('',#897,#898,#68,.F.);
#1090=EDGE_CURVE('',#898,#894,#424,.T.);
#1091=EDGE_CURVE('',#899,#893,#425,.T.);
#1092=EDGE_CURVE('',#899,#900,#426,.T.);
#1093=EDGE_CURVE('',#895,#900,#427,.T.);
#1094=EDGE_CURVE('',#897,#901,#428,.T.);
#1095=EDGE_CURVE('',#896,#902,#429,.T.);
#1096=EDGE_CURVE('',#902,#903,#69,.T.);
#1097=EDGE_CURVE('',#903,#904,#37,.T.);
#1098=EDGE_CURVE('',#905,#904,#38,.F.);
#1099=EDGE_CURVE('',#906,#905,#39,.T.);
#1100=EDGE_CURVE('',#907,#906,#40,.T.);
#1101=EDGE_CURVE('',#907,#901,#41,.T.);
#1102=EDGE_CURVE('',#908,#903,#430,.F.);
#1103=EDGE_CURVE('',#909,#908,#70,.T.);
#1104=EDGE_CURVE('',#909,#905,#42,.F.);
#1105=EDGE_CURVE('',#910,#895,#431,.T.);
#1106=EDGE_CURVE('',#910,#902,#71,.T.);
#1107=EDGE_CURVE('',#911,#912,#432,.T.);
#1108=EDGE_CURVE('',#911,#910,#433,.T.);
#1109=EDGE_CURVE('',#913,#910,#434,.T.);
#1110=EDGE_CURVE('',#912,#913,#435,.T.);
#1111=EDGE_CURVE('',#908,#911,#436,.T.);
#1112=EDGE_CURVE('',#914,#915,#437,.T.);
#1113=EDGE_CURVE('',#916,#914,#15,.T.);
#1114=EDGE_CURVE('',#917,#916,#16,.T.);
#1115=EDGE_CURVE('',#918,#917,#17,.T.);
#1116=EDGE_CURVE('',#919,#918,#438,.T.);
#1117=EDGE_CURVE('',#920,#919,#18,.T.);
#1118=EDGE_CURVE('',#921,#920,#72,.T.);
#1119=EDGE_CURVE('',#915,#921,#19,.T.);
#1120=EDGE_CURVE('',#922,#923,#73,.T.);
#1121=EDGE_CURVE('',#924,#922,#439,.T.);
#1122=EDGE_CURVE('',#925,#924,#20,.T.);
#1123=EDGE_CURVE('',#923,#925,#440,.T.);
#1124=EDGE_CURVE('',#924,#926,#441,.T.);
#1125=EDGE_CURVE('',#926,#927,#442,.T.);
#1126=EDGE_CURVE('',#928,#927,#443,.T.);
#1127=EDGE_CURVE('',#929,#928,#444,.T.);
#1128=EDGE_CURVE('',#929,#925,#445,.T.);
#1129=EDGE_CURVE('',#917,#930,#446,.T.);
#1130=EDGE_CURVE('',#931,#930,#447,.T.);
#1131=EDGE_CURVE('',#932,#931,#448,.T.);
#1132=EDGE_CURVE('',#932,#918,#449,.T.);
#1133=EDGE_CURVE('',#916,#933,#450,.T.);
#1134=EDGE_CURVE('',#930,#933,#451,.T.);
#1135=EDGE_CURVE('',#914,#934,#452,.T.);
#1136=EDGE_CURVE('',#934,#935,#453,.T.);
#1137=EDGE_CURVE('',#933,#935,#454,.T.);
#1138=EDGE_CURVE('',#922,#936,#455,.T.);
#1139=EDGE_CURVE('',#936,#937,#456,.T.);
#1140=EDGE_CURVE('',#937,#938,#457,.T.);
#1141=EDGE_CURVE('',#938,#919,#458,.T.);
#1142=EDGE_CURVE('',#939,#932,#459,.T.);
#1143=EDGE_CURVE('',#926,#939,#460,.T.);
#1144=EDGE_CURVE('',#940,#941,#21,.T.);
#1145=EDGE_CURVE('',#941,#942,#461,.T.);
#1146=EDGE_CURVE('',#942,#943,#462,.T.);
#1147=EDGE_CURVE('',#943,#944,#463,.T.);
#1148=EDGE_CURVE('',#944,#945,#22,.T.);
#1149=EDGE_CURVE('',#945,#946,#23,.T.);
#1150=EDGE_CURVE('',#946,#947,#24,.T.);
#1151=EDGE_CURVE('',#947,#948,#464,.T.);
#1152=EDGE_CURVE('',#949,#948,#25,.T.);
#1153=EDGE_CURVE('',#950,#949,#465,.T.);
#1154=EDGE_CURVE('',#951,#950,#26,.T.);
#1155=EDGE_CURVE('',#951,#952,#466,.T.);
#1156=EDGE_CURVE('',#952,#953,#27,.T.);
#1157=EDGE_CURVE('',#953,#940,#28,.T.);
#1158=EDGE_CURVE('',#954,#947,#467,.T.);
#1159=EDGE_CURVE('',#955,#954,#468,.T.);
#1160=EDGE_CURVE('',#956,#955,#469,.T.);
#1161=EDGE_CURVE('',#957,#956,#470,.T.);
#1162=EDGE_CURVE('',#957,#958,#471,.T.);
#1163=EDGE_CURVE('',#958,#959,#472,.T.);
#1164=EDGE_CURVE('',#959,#948,#473,.T.);
#1165=EDGE_CURVE('',#946,#960,#474,.T.);
#1166=EDGE_CURVE('',#954,#960,#475,.T.);
#1167=EDGE_CURVE('',#961,#945,#476,.T.);
#1168=EDGE_CURVE('',#960,#961,#477,.T.);
#1169=EDGE_CURVE('',#962,#944,#478,.T.);
#1170=EDGE_CURVE('',#963,#962,#479,.T.);
#1171=EDGE_CURVE('',#961,#963,#480,.T.);
#1172=EDGE_CURVE('',#927,#950,#481,.T.);
#1173=EDGE_CURVE('',#928,#949,#482,.T.);
#1174=EDGE_CURVE('',#964,#923,#483,.T.);
#1175=EDGE_CURVE('',#964,#965,#484,.T.);
#1176=EDGE_CURVE('',#965,#966,#485,.T.);
#1177=EDGE_CURVE('',#936,#966,#486,.T.);
#1178=EDGE_CURVE('',#900,#966,#487,.T.);
#1179=EDGE_CURVE('',#913,#965,#488,.T.);
#1180=EDGE_CURVE('',#951,#967,#489,.T.);
#1181=EDGE_CURVE('',#967,#968,#490,.T.);
#1182=EDGE_CURVE('',#968,#969,#491,.T.);
#1183=EDGE_CURVE('',#970,#969,#492,.T.);
#1184=EDGE_CURVE('',#971,#970,#493,.T.);
#1185=EDGE_CURVE('',#972,#971,#494,.T.);
#1186=EDGE_CURVE('',#952,#972,#495,.T.);
#1187=EDGE_CURVE('',#973,#929,#496,.T.);
#1188=EDGE_CURVE('',#934,#973,#497,.T.);
#1189=EDGE_CURVE('',#915,#974,#498,.T.);
#1190=EDGE_CURVE('',#974,#975,#499,.T.);
#1191=EDGE_CURVE('',#975,#964,#500,.T.);
#1192=EDGE_CURVE('',#927,#976,#501,.T.);
#1193=EDGE_CURVE('',#976,#967,#502,.T.);
#1194=EDGE_CURVE('',#939,#976,#503,.T.);
#1195=EDGE_CURVE('',#966,#977,#504,.T.);
#1196=EDGE_CURVE('',#937,#977,#505,.T.);
#1197=EDGE_CURVE('',#900,#978,#506,.T.);
#1198=EDGE_CURVE('',#978,#977,#507,.T.);
#1199=EDGE_CURVE('',#899,#979,#508,.T.);
#1200=EDGE_CURVE('',#979,#978,#509,.T.);
#1201=EDGE_CURVE('',#976,#931,#510,.T.);
#1202=EDGE_CURVE('',#931,#968,#511,.T.);
#1203=EDGE_CURVE('',#977,#980,#512,.T.);
#1204=EDGE_CURVE('',#938,#980,#513,.T.);
#1205=EDGE_CURVE('',#978,#981,#514,.T.);
#1206=EDGE_CURVE('',#981,#980,#515,.T.);
#1207=EDGE_CURVE('',#979,#982,#516,.T.);
#1208=EDGE_CURVE('',#982,#981,#517,.T.);
#1209=EDGE_CURVE('',#930,#983,#518,.T.);
#1210=EDGE_CURVE('',#983,#969,#29,.T.);
#1211=EDGE_CURVE('',#980,#984,#519,.T.);
#1212=EDGE_CURVE('',#920,#984,#520,.T.);
#1213=EDGE_CURVE('',#981,#985,#521,.T.);
#1214=EDGE_CURVE('',#985,#984,#522,.T.);
#1215=EDGE_CURVE('',#982,#986,#523,.T.);
#1216=EDGE_CURVE('',#986,#985,#524,.T.);
#1217=EDGE_CURVE('',#933,#987,#525,.T.);
#1218=EDGE_CURVE('',#987,#983,#526,.T.);
#1219=EDGE_CURVE('',#984,#988,#527,.T.);
#1220=EDGE_CURVE('',#921,#988,#528,.T.);
#1221=EDGE_CURVE('',#985,#989,#529,.T.);
#1222=EDGE_CURVE('',#989,#988,#530,.T.);
#1223=EDGE_CURVE('',#986,#990,#531,.T.);
#1224=EDGE_CURVE('',#990,#989,#532,.T.);
#1225=EDGE_CURVE('',#991,#992,#533,.T.);
#1226=EDGE_CURVE('',#992,#993,#534,.T.);
#1227=EDGE_CURVE('',#993,#994,#535,.T.);
#1228=EDGE_CURVE('',#991,#994,#536,.T.);
#1229=EDGE_CURVE('',#935,#958,#537,.T.);
#1230=EDGE_CURVE('',#957,#987,#30,.T.);
#1231=EDGE_CURVE('',#988,#995,#538,.T.);
#1232=EDGE_CURVE('',#974,#995,#539,.T.);
#1233=EDGE_CURVE('',#989,#996,#540,.T.);
#1234=EDGE_CURVE('',#996,#995,#541,.T.);
#1235=EDGE_CURVE('',#990,#997,#542,.T.);
#1236=EDGE_CURVE('',#997,#996,#543,.T.);
#1237=EDGE_CURVE('',#935,#998,#544,.T.);
#1238=EDGE_CURVE('',#998,#959,#545,.T.);
#1239=EDGE_CURVE('',#973,#998,#546,.T.);
#1240=EDGE_CURVE('',#995,#999,#547,.T.);
#1241=EDGE_CURVE('',#975,#999,#548,.T.);
#1242=EDGE_CURVE('',#996,#1000,#549,.T.);
#1243=EDGE_CURVE('',#1000,#999,#550,.T.);
#1244=EDGE_CURVE('',#997,#1001,#551,.T.);
#1245=EDGE_CURVE('',#1001,#1000,#552,.T.);
#1246=EDGE_CURVE('',#998,#928,#553,.T.);
#1247=EDGE_CURVE('',#999,#965,#554,.T.);
#1248=EDGE_CURVE('',#1000,#913,#555,.T.);
#1249=EDGE_CURVE('',#1001,#912,#556,.T.);
#1250=EDGE_CURVE('',#1002,#1003,#557,.T.);
#1251=EDGE_CURVE('',#1003,#912,#558,.F.);
#1252=EDGE_CURVE('',#1002,#1001,#559,.T.);
#1253=EDGE_CURVE('',#1004,#1002,#560,.T.);
#1254=EDGE_CURVE('',#1004,#997,#561,.T.);
#1255=EDGE_CURVE('',#990,#1005,#562,.F.);
#1256=EDGE_CURVE('',#1005,#1004,#563,.T.);
#1257=EDGE_CURVE('',#1006,#1007,#564,.T.);
#1258=EDGE_CURVE('',#1007,#986,#565,.F.);
#1259=EDGE_CURVE('',#1006,#982,#566,.T.);
#1260=EDGE_CURVE('',#1008,#1006,#567,.T.);
#1261=EDGE_CURVE('',#1008,#979,#568,.T.);
#1262=EDGE_CURVE('',#899,#1009,#569,.F.);
#1263=EDGE_CURVE('',#1009,#1008,#570,.T.);
#1264=EDGE_CURVE('',#972,#1010,#571,.T.);
#1265=EDGE_CURVE('',#1010,#953,#572,.T.);
#1266=EDGE_CURVE('',#1011,#1012,#573,.T.);
#1267=EDGE_CURVE('',#1012,#1013,#574,.T.);
#1268=EDGE_CURVE('',#1014,#1013,#575,.T.);
#1269=EDGE_CURVE('',#1015,#1014,#576,.T.);
#1270=EDGE_CURVE('',#1015,#1016,#577,.T.);
#1271=EDGE_CURVE('',#1016,#1017,#578,.T.);
#1272=EDGE_CURVE('',#1017,#1010,#579,.T.);
#1273=EDGE_CURVE('',#971,#1018,#580,.T.);
#1274=EDGE_CURVE('',#1018,#1019,#581,.T.);
#1275=EDGE_CURVE('',#1019,#1011,#582,.T.);
#1276=EDGE_CURVE('',#1020,#1021,#583,.T.);
#1277=EDGE_CURVE('',#1022,#1020,#584,.T.);
#1278=EDGE_CURVE('',#1023,#1022,#585,.T.);
#1279=EDGE_CURVE('',#1023,#1021,#586,.T.);
#1280=EDGE_CURVE('',#1021,#962,#587,.T.);
#1281=EDGE_CURVE('',#963,#1023,#588,.T.);
#1282=EDGE_CURVE('',#956,#1024,#31,.T.);
#1283=EDGE_CURVE('',#955,#1025,#589,.T.);
#1284=EDGE_CURVE('',#1025,#1024,#590,.T.);
#1285=EDGE_CURVE('',#993,#1026,#591,.T.);
#1286=EDGE_CURVE('',#1026,#1027,#592,.T.);
#1287=EDGE_CURVE('',#1027,#1025,#593,.T.);
#1288=EDGE_CURVE('',#994,#1022,#594,.T.);
#1289=EDGE_CURVE('',#992,#1028,#595,.T.);
#1290=EDGE_CURVE('',#1026,#1028,#596,.T.);
#1291=EDGE_CURVE('',#1029,#1030,#597,.T.);
#1292=EDGE_CURVE('',#1013,#1030,#598,.T.);
#1293=EDGE_CURVE('',#1012,#1029,#599,.T.);
#1294=EDGE_CURVE('',#1031,#1029,#600,.T.);
#1295=EDGE_CURVE('',#1031,#1011,#601,.T.);
#1296=EDGE_CURVE('',#1024,#1032,#32,.T.);
#1297=EDGE_CURVE('',#1027,#1032,#602,.T.);
#1298=EDGE_CURVE('',#1032,#1033,#33,.T.);
#1299=EDGE_CURVE('',#1028,#1033,#603,.T.);
#1300=EDGE_CURVE('',#1033,#1034,#604,.T.);
#1301=EDGE_CURVE('',#1005,#991,#605,.T.);
#1302=EDGE_CURVE('',#1030,#1007,#606,.T.);
#1303=EDGE_CURVE('',#1034,#1031,#607,.T.);
#1304=EDGE_CURVE('',#1034,#1035,#34,.T.);
#1305=EDGE_CURVE('',#1035,#1019,#608,.T.);
#1306=EDGE_CURVE('',#1035,#1036,#35,.T.);
#1307=EDGE_CURVE('',#1036,#1018,#609,.T.);
#1308=EDGE_CURVE('',#1036,#970,#36,.T.);
#1309=EDGE_CURVE('',#1017,#940,#610,.T.);
#1310=EDGE_CURVE('',#1016,#1037,#611,.T.);
#1311=EDGE_CURVE('',#941,#1037,#612,.T.);
#1312=EDGE_CURVE('',#1037,#1038,#613,.T.);
#1313=EDGE_CURVE('',#1038,#1015,#614,.T.);
#1314=EDGE_CURVE('',#1038,#1039,#615,.T.);
#1315=EDGE_CURVE('',#1039,#1014,#616,.T.);
#1316=EDGE_CURVE('',#1003,#1020,#617,.T.);
#1317=EDGE_CURVE('',#1039,#1009,#618,.T.);
#1318=EDGE_CURVE('',#909,#1040,#43,.T.);
#1319=EDGE_CURVE('',#1040,#943,#44,.T.);
#1320=EDGE_CURVE('',#890,#942,#45,.T.);
#1321=EDGE_CURVE('',#890,#1041,#619,.T.);
#1322=EDGE_CURVE('',#1042,#1041,#620,.T.);
#1323=EDGE_CURVE('',#943,#1042,#46,.T.);
#1324=EDGE_CURVE('',#1043,#1044,#621,.T.);
#1325=EDGE_CURVE('',#898,#1043,#47,.F.);
#1326=EDGE_CURVE('',#901,#1044,#48,.T.);
#1327=EDGE_CURVE('',#893,#942,#49,.T.);
#1328=EDGE_CURVE('',#1045,#1043,#50,.T.);
#1329=EDGE_CURVE('',#1046,#1045,#51,.T.);
#1330=EDGE_CURVE('',#894,#1046,#52,.T.);
#1331=EDGE_CURVE('',#1044,#892,#53,.T.);
#1332=EDGE_CURVE('',#891,#1046,#54,.F.);
#1333=EDGE_CURVE('',#906,#892,#622,.T.);
#1334=EDGE_CURVE('',#1042,#1047,#55,.T.);
#1335=EDGE_CURVE('',#1041,#1047,#623,.T.);
#1336=EDGE_CURVE('',#1047,#1040,#74,.T.);
#1337=EDGE_CURVE('',#1047,#906,#624,.T.);
#1338=EDGE_CURVE('',#878,#1041,#625,.T.);
#1339=ORIENTED_EDGE('',*,*,#1048,.T.);
#1340=ORIENTED_EDGE('',*,*,#1049,.T.);
#1341=ORIENTED_EDGE('',*,*,#1050,.T.);
#1342=ORIENTED_EDGE('',*,*,#1051,.T.);
#1343=ORIENTED_EDGE('',*,*,#1052,.T.);
#1344=ORIENTED_EDGE('',*,*,#1053,.F.);
#1345=ORIENTED_EDGE('',*,*,#1054,.T.);
#1346=ORIENTED_EDGE('',*,*,#1055,.T.);
#1347=ORIENTED_EDGE('',*,*,#1056,.T.);
#1348=ORIENTED_EDGE('',*,*,#1057,.T.);
#1349=ORIENTED_EDGE('',*,*,#1058,.T.);
#1350=ORIENTED_EDGE('',*,*,#1050,.F.);
#1351=ORIENTED_EDGE('',*,*,#1059,.T.);
#1352=ORIENTED_EDGE('',*,*,#1060,.T.);
#1353=ORIENTED_EDGE('',*,*,#1061,.T.);
#1354=ORIENTED_EDGE('',*,*,#1062,.T.);
#1355=ORIENTED_EDGE('',*,*,#1063,.T.);
#1356=ORIENTED_EDGE('',*,*,#1056,.F.);
#1357=ORIENTED_EDGE('',*,*,#1064,.T.);
#1358=ORIENTED_EDGE('',*,*,#1065,.T.);
#1359=ORIENTED_EDGE('',*,*,#1066,.T.);
#1360=ORIENTED_EDGE('',*,*,#1067,.T.);
#1361=ORIENTED_EDGE('',*,*,#1068,.T.);
#1362=ORIENTED_EDGE('',*,*,#1061,.F.);
#1363=ORIENTED_EDGE('',*,*,#1069,.T.);
#1364=ORIENTED_EDGE('',*,*,#1053,.T.);
#1365=ORIENTED_EDGE('',*,*,#1070,.T.);
#1366=ORIENTED_EDGE('',*,*,#1071,.T.);
#1367=ORIENTED_EDGE('',*,*,#1066,.F.);
#1368=ORIENTED_EDGE('',*,*,#1072,.T.);
#1369=ORIENTED_EDGE('',*,*,#1073,.T.);
#1370=ORIENTED_EDGE('',*,*,#1074,.T.);
#1371=ORIENTED_EDGE('',*,*,#1075,.T.);
#1372=ORIENTED_EDGE('',*,*,#1076,.F.);
#1373=ORIENTED_EDGE('',*,*,#1071,.F.);
#1374=ORIENTED_EDGE('',*,*,#1070,.F.);
#1375=ORIENTED_EDGE('',*,*,#1077,.F.);
#1376=ORIENTED_EDGE('',*,*,#1073,.F.);
#1377=ORIENTED_EDGE('',*,*,#1077,.T.);
#1378=ORIENTED_EDGE('',*,*,#1052,.F.);
#1379=ORIENTED_EDGE('',*,*,#1051,.F.);
#1380=ORIENTED_EDGE('',*,*,#1078,.F.);
#1381=ORIENTED_EDGE('',*,*,#1074,.F.);
#1382=ORIENTED_EDGE('',*,*,#1078,.T.);
#1383=ORIENTED_EDGE('',*,*,#1058,.F.);
#1384=ORIENTED_EDGE('',*,*,#1057,.F.);
#1385=ORIENTED_EDGE('',*,*,#1079,.F.);
#1386=ORIENTED_EDGE('',*,*,#1075,.F.);
#1387=ORIENTED_EDGE('',*,*,#1079,.T.);
#1388=ORIENTED_EDGE('',*,*,#1063,.F.);
#1389=ORIENTED_EDGE('',*,*,#1062,.F.);
#1390=ORIENTED_EDGE('',*,*,#1068,.F.);
#1391=ORIENTED_EDGE('',*,*,#1067,.F.);
#1392=ORIENTED_EDGE('',*,*,#1076,.T.);
#1393=ORIENTED_EDGE('',*,*,#1072,.F.);
#1394=ORIENTED_EDGE('',*,*,#1069,.F.);
#1395=ORIENTED_EDGE('',*,*,#1080,.T.);
#1396=ORIENTED_EDGE('',*,*,#1081,.F.);
#1397=ORIENTED_EDGE('',*,*,#1082,.F.);
#1398=ORIENTED_EDGE('',*,*,#1048,.F.);
#1399=ORIENTED_EDGE('',*,*,#1082,.T.);
#1400=ORIENTED_EDGE('',*,*,#1083,.F.);
#1401=ORIENTED_EDGE('',*,*,#1084,.F.);
#1402=ORIENTED_EDGE('',*,*,#1055,.F.);
#1403=ORIENTED_EDGE('',*,*,#1054,.F.);
#1404=ORIENTED_EDGE('',*,*,#1049,.F.);
#1405=ORIENTED_EDGE('',*,*,#1085,.F.);
#1406=ORIENTED_EDGE('',*,*,#1086,.T.);
#1407=ORIENTED_EDGE('',*,*,#1087,.T.);
#1408=ORIENTED_EDGE('',*,*,#1088,.F.);
#1409=ORIENTED_EDGE('',*,*,#1089,.T.);
#1410=ORIENTED_EDGE('',*,*,#1090,.T.);
#1411=ORIENTED_EDGE('',*,*,#1091,.F.);
#1412=ORIENTED_EDGE('',*,*,#1092,.T.);
#1413=ORIENTED_EDGE('',*,*,#1093,.F.);
#1414=ORIENTED_EDGE('',*,*,#1086,.F.);
#1415=ORIENTED_EDGE('',*,*,#1094,.F.);
#1416=ORIENTED_EDGE('',*,*,#1088,.T.);
#1417=ORIENTED_EDGE('',*,*,#1095,.T.);
#1418=ORIENTED_EDGE('',*,*,#1096,.T.);
#1419=ORIENTED_EDGE('',*,*,#1097,.T.);
#1420=ORIENTED_EDGE('',*,*,#1098,.F.);
#1421=ORIENTED_EDGE('',*,*,#1099,.F.);
#1422=ORIENTED_EDGE('',*,*,#1100,.F.);
#1423=ORIENTED_EDGE('',*,*,#1101,.T.);
#1424=ORIENTED_EDGE('',*,*,#1097,.F.);
#1425=ORIENTED_EDGE('',*,*,#1102,.F.);
#1426=ORIENTED_EDGE('',*,*,#1103,.F.);
#1427=ORIENTED_EDGE('',*,*,#1104,.T.);
#1428=ORIENTED_EDGE('',*,*,#1098,.T.);
#1429=ORIENTED_EDGE('',*,*,#1095,.F.);
#1430=ORIENTED_EDGE('',*,*,#1087,.F.);
#1431=ORIENTED_EDGE('',*,*,#1105,.F.);
#1432=ORIENTED_EDGE('',*,*,#1106,.T.);
#1433=ORIENTED_EDGE('',*,*,#1107,.F.);
#1434=ORIENTED_EDGE('',*,*,#1108,.T.);
#1435=ORIENTED_EDGE('',*,*,#1109,.F.);
#1436=ORIENTED_EDGE('',*,*,#1110,.F.);
#1437=ORIENTED_EDGE('',*,*,#1111,.F.);
#1438=ORIENTED_EDGE('',*,*,#1102,.T.);
#1439=ORIENTED_EDGE('',*,*,#1096,.F.);
#1440=ORIENTED_EDGE('',*,*,#1106,.F.);
#1441=ORIENTED_EDGE('',*,*,#1108,.F.);
#1442=ORIENTED_EDGE('',*,*,#1112,.F.);
#1443=ORIENTED_EDGE('',*,*,#1113,.F.);
#1444=ORIENTED_EDGE('',*,*,#1114,.F.);
#1445=ORIENTED_EDGE('',*,*,#1115,.F.);
#1446=ORIENTED_EDGE('',*,*,#1116,.F.);
#1447=ORIENTED_EDGE('',*,*,#1117,.F.);
#1448=ORIENTED_EDGE('',*,*,#1118,.F.);
#1449=ORIENTED_EDGE('',*,*,#1119,.F.);
#1450=ORIENTED_EDGE('',*,*,#1120,.F.);
#1451=ORIENTED_EDGE('',*,*,#1121,.F.);
#1452=ORIENTED_EDGE('',*,*,#1122,.F.);
#1453=ORIENTED_EDGE('',*,*,#1123,.F.);
#1454=ORIENTED_EDGE('',*,*,#1122,.T.);
#1455=ORIENTED_EDGE('',*,*,#1124,.T.);
#1456=ORIENTED_EDGE('',*,*,#1125,.T.);
#1457=ORIENTED_EDGE('',*,*,#1126,.F.);
#1458=ORIENTED_EDGE('',*,*,#1127,.F.);
#1459=ORIENTED_EDGE('',*,*,#1128,.T.);
#1460=ORIENTED_EDGE('',*,*,#1115,.T.);
#1461=ORIENTED_EDGE('',*,*,#1129,.T.);
#1462=ORIENTED_EDGE('',*,*,#1130,.F.);
#1463=ORIENTED_EDGE('',*,*,#1131,.F.);
#1464=ORIENTED_EDGE('',*,*,#1132,.T.);
#1465=ORIENTED_EDGE('',*,*,#1114,.T.);
#1466=ORIENTED_EDGE('',*,*,#1133,.T.);
#1467=ORIENTED_EDGE('',*,*,#1134,.F.);
#1468=ORIENTED_EDGE('',*,*,#1129,.F.);
#1469=ORIENTED_EDGE('',*,*,#1113,.T.);
#1470=ORIENTED_EDGE('',*,*,#1135,.T.);
#1471=ORIENTED_EDGE('',*,*,#1136,.T.);
#1472=ORIENTED_EDGE('',*,*,#1137,.F.);
#1473=ORIENTED_EDGE('',*,*,#1133,.F.);
#1474=ORIENTED_EDGE('',*,*,#1121,.T.);
#1475=ORIENTED_EDGE('',*,*,#1138,.T.);
#1476=ORIENTED_EDGE('',*,*,#1139,.T.);
#1477=ORIENTED_EDGE('',*,*,#1140,.T.);
#1478=ORIENTED_EDGE('',*,*,#1141,.T.);
#1479=ORIENTED_EDGE('',*,*,#1116,.T.);
#1480=ORIENTED_EDGE('',*,*,#1132,.F.);
#1481=ORIENTED_EDGE('',*,*,#1142,.F.);
#1482=ORIENTED_EDGE('',*,*,#1143,.F.);
#1483=ORIENTED_EDGE('',*,*,#1124,.F.);
#1484=ORIENTED_EDGE('',*,*,#1144,.T.);
#1485=ORIENTED_EDGE('',*,*,#1145,.T.);
#1486=ORIENTED_EDGE('',*,*,#1146,.T.);
#1487=ORIENTED_EDGE('',*,*,#1147,.T.);
#1488=ORIENTED_EDGE('',*,*,#1148,.T.);
#1489=ORIENTED_EDGE('',*,*,#1149,.T.);
#1490=ORIENTED_EDGE('',*,*,#1150,.T.);
#1491=ORIENTED_EDGE('',*,*,#1151,.T.);
#1492=ORIENTED_EDGE('',*,*,#1152,.F.);
#1493=ORIENTED_EDGE('',*,*,#1153,.F.);
#1494=ORIENTED_EDGE('',*,*,#1154,.F.);
#1495=ORIENTED_EDGE('',*,*,#1155,.T.);
#1496=ORIENTED_EDGE('',*,*,#1156,.T.);
#1497=ORIENTED_EDGE('',*,*,#1157,.T.);
#1498=ORIENTED_EDGE('',*,*,#1151,.F.);
#1499=ORIENTED_EDGE('',*,*,#1158,.F.);
#1500=ORIENTED_EDGE('',*,*,#1159,.F.);
#1501=ORIENTED_EDGE('',*,*,#1160,.F.);
#1502=ORIENTED_EDGE('',*,*,#1161,.F.);
#1503=ORIENTED_EDGE('',*,*,#1162,.T.);
#1504=ORIENTED_EDGE('',*,*,#1163,.T.);
#1505=ORIENTED_EDGE('',*,*,#1164,.T.);
#1506=ORIENTED_EDGE('',*,*,#1150,.F.);
#1507=ORIENTED_EDGE('',*,*,#1165,.T.);
#1508=ORIENTED_EDGE('',*,*,#1166,.F.);
#1509=ORIENTED_EDGE('',*,*,#1158,.T.);
#1510=ORIENTED_EDGE('',*,*,#1149,.F.);
#1511=ORIENTED_EDGE('',*,*,#1167,.F.);
#1512=ORIENTED_EDGE('',*,*,#1168,.F.);
#1513=ORIENTED_EDGE('',*,*,#1165,.F.);
#1514=ORIENTED_EDGE('',*,*,#1148,.F.);
#1515=ORIENTED_EDGE('',*,*,#1169,.F.);
#1516=ORIENTED_EDGE('',*,*,#1170,.F.);
#1517=ORIENTED_EDGE('',*,*,#1171,.F.);
#1518=ORIENTED_EDGE('',*,*,#1167,.T.);
#1519=ORIENTED_EDGE('',*,*,#1126,.T.);
#1520=ORIENTED_EDGE('',*,*,#1172,.T.);
#1521=ORIENTED_EDGE('',*,*,#1153,.T.);
#1522=ORIENTED_EDGE('',*,*,#1173,.F.);
#1523=ORIENTED_EDGE('',*,*,#1120,.T.);
#1524=ORIENTED_EDGE('',*,*,#1174,.F.);
#1525=ORIENTED_EDGE('',*,*,#1175,.T.);
#1526=ORIENTED_EDGE('',*,*,#1176,.T.);
#1527=ORIENTED_EDGE('',*,*,#1177,.F.);
#1528=ORIENTED_EDGE('',*,*,#1138,.F.);
#1529=ORIENTED_EDGE('',*,*,#1109,.T.);
#1530=ORIENTED_EDGE('',*,*,#1105,.T.);
#1531=ORIENTED_EDGE('',*,*,#1093,.T.);
#1532=ORIENTED_EDGE('',*,*,#1178,.T.);
#1533=ORIENTED_EDGE('',*,*,#1176,.F.);
#1534=ORIENTED_EDGE('',*,*,#1179,.F.);
#1535=ORIENTED_EDGE('',*,*,#1155,.F.);
#1536=ORIENTED_EDGE('',*,*,#1180,.T.);
#1537=ORIENTED_EDGE('',*,*,#1181,.T.);
#1538=ORIENTED_EDGE('',*,*,#1182,.T.);
#1539=ORIENTED_EDGE('',*,*,#1183,.F.);
#1540=ORIENTED_EDGE('',*,*,#1184,.F.);
#1541=ORIENTED_EDGE('',*,*,#1185,.F.);
#1542=ORIENTED_EDGE('',*,*,#1186,.F.);
#1543=ORIENTED_EDGE('',*,*,#1123,.T.);
#1544=ORIENTED_EDGE('',*,*,#1128,.F.);
#1545=ORIENTED_EDGE('',*,*,#1187,.F.);
#1546=ORIENTED_EDGE('',*,*,#1188,.F.);
#1547=ORIENTED_EDGE('',*,*,#1135,.F.);
#1548=ORIENTED_EDGE('',*,*,#1112,.T.);
#1549=ORIENTED_EDGE('',*,*,#1189,.T.);
#1550=ORIENTED_EDGE('',*,*,#1190,.T.);
#1551=ORIENTED_EDGE('',*,*,#1191,.T.);
#1552=ORIENTED_EDGE('',*,*,#1174,.T.);
#1553=ORIENTED_EDGE('',*,*,#1192,.T.);
#1554=ORIENTED_EDGE('',*,*,#1193,.T.);
#1555=ORIENTED_EDGE('',*,*,#1180,.F.);
#1556=ORIENTED_EDGE('',*,*,#1154,.T.);
#1557=ORIENTED_EDGE('',*,*,#1172,.F.);
#1558=ORIENTED_EDGE('',*,*,#1143,.T.);
#1559=ORIENTED_EDGE('',*,*,#1194,.T.);
#1560=ORIENTED_EDGE('',*,*,#1192,.F.);
#1561=ORIENTED_EDGE('',*,*,#1125,.F.);
#1562=ORIENTED_EDGE('',*,*,#1177,.T.);
#1563=ORIENTED_EDGE('',*,*,#1195,.T.);
#1564=ORIENTED_EDGE('',*,*,#1196,.F.);
#1565=ORIENTED_EDGE('',*,*,#1139,.F.);
#1566=ORIENTED_EDGE('',*,*,#1197,.T.);
#1567=ORIENTED_EDGE('',*,*,#1198,.T.);
#1568=ORIENTED_EDGE('',*,*,#1195,.F.);
#1569=ORIENTED_EDGE('',*,*,#1178,.F.);
#1570=ORIENTED_EDGE('',*,*,#1199,.T.);
#1571=ORIENTED_EDGE('',*,*,#1200,.T.);
#1572=ORIENTED_EDGE('',*,*,#1197,.F.);
#1573=ORIENTED_EDGE('',*,*,#1092,.F.);
#1574=ORIENTED_EDGE('',*,*,#1201,.T.);
#1575=ORIENTED_EDGE('',*,*,#1202,.T.);
#1576=ORIENTED_EDGE('',*,*,#1181,.F.);
#1577=ORIENTED_EDGE('',*,*,#1193,.F.);
#1578=ORIENTED_EDGE('',*,*,#1142,.T.);
#1579=ORIENTED_EDGE('',*,*,#1131,.T.);
#1580=ORIENTED_EDGE('',*,*,#1201,.F.);
#1581=ORIENTED_EDGE('',*,*,#1194,.F.);
#1582=ORIENTED_EDGE('',*,*,#1196,.T.);
#1583=ORIENTED_EDGE('',*,*,#1203,.T.);
#1584=ORIENTED_EDGE('',*,*,#1204,.F.);
#1585=ORIENTED_EDGE('',*,*,#1140,.F.);
#1586=ORIENTED_EDGE('',*,*,#1205,.T.);
#1587=ORIENTED_EDGE('',*,*,#1206,.T.);
#1588=ORIENTED_EDGE('',*,*,#1203,.F.);
#1589=ORIENTED_EDGE('',*,*,#1198,.F.);
#1590=ORIENTED_EDGE('',*,*,#1207,.T.);
#1591=ORIENTED_EDGE('',*,*,#1208,.T.);
#1592=ORIENTED_EDGE('',*,*,#1205,.F.);
#1593=ORIENTED_EDGE('',*,*,#1200,.F.);
#1594=ORIENTED_EDGE('',*,*,#1130,.T.);
#1595=ORIENTED_EDGE('',*,*,#1209,.T.);
#1596=ORIENTED_EDGE('',*,*,#1210,.T.);
#1597=ORIENTED_EDGE('',*,*,#1182,.F.);
#1598=ORIENTED_EDGE('',*,*,#1202,.F.);
#1599=ORIENTED_EDGE('',*,*,#1117,.T.);
#1600=ORIENTED_EDGE('',*,*,#1141,.F.);
#1601=ORIENTED_EDGE('',*,*,#1204,.T.);
#1602=ORIENTED_EDGE('',*,*,#1211,.T.);
#1603=ORIENTED_EDGE('',*,*,#1212,.F.);
#1604=ORIENTED_EDGE('',*,*,#1213,.T.);
#1605=ORIENTED_EDGE('',*,*,#1214,.T.);
#1606=ORIENTED_EDGE('',*,*,#1211,.F.);
#1607=ORIENTED_EDGE('',*,*,#1206,.F.);
#1608=ORIENTED_EDGE('',*,*,#1215,.T.);
#1609=ORIENTED_EDGE('',*,*,#1216,.T.);
#1610=ORIENTED_EDGE('',*,*,#1213,.F.);
#1611=ORIENTED_EDGE('',*,*,#1208,.F.);
#1612=ORIENTED_EDGE('',*,*,#1134,.T.);
#1613=ORIENTED_EDGE('',*,*,#1217,.T.);
#1614=ORIENTED_EDGE('',*,*,#1218,.T.);
#1615=ORIENTED_EDGE('',*,*,#1209,.F.);
#1616=ORIENTED_EDGE('',*,*,#1118,.T.);
#1617=ORIENTED_EDGE('',*,*,#1212,.T.);
#1618=ORIENTED_EDGE('',*,*,#1219,.T.);
#1619=ORIENTED_EDGE('',*,*,#1220,.F.);
#1620=ORIENTED_EDGE('',*,*,#1221,.T.);
#1621=ORIENTED_EDGE('',*,*,#1222,.T.);
#1622=ORIENTED_EDGE('',*,*,#1219,.F.);
#1623=ORIENTED_EDGE('',*,*,#1214,.F.);
#1624=ORIENTED_EDGE('',*,*,#1223,.T.);
#1625=ORIENTED_EDGE('',*,*,#1224,.T.);
#1626=ORIENTED_EDGE('',*,*,#1221,.F.);
#1627=ORIENTED_EDGE('',*,*,#1216,.F.);
#1628=ORIENTED_EDGE('',*,*,#1225,.T.);
#1629=ORIENTED_EDGE('',*,*,#1226,.T.);
#1630=ORIENTED_EDGE('',*,*,#1227,.T.);
#1631=ORIENTED_EDGE('',*,*,#1228,.F.);
#1632=ORIENTED_EDGE('',*,*,#1137,.T.);
#1633=ORIENTED_EDGE('',*,*,#1229,.T.);
#1634=ORIENTED_EDGE('',*,*,#1162,.F.);
#1635=ORIENTED_EDGE('',*,*,#1230,.T.);
#1636=ORIENTED_EDGE('',*,*,#1217,.F.);
#1637=ORIENTED_EDGE('',*,*,#1119,.T.);
#1638=ORIENTED_EDGE('',*,*,#1220,.T.);
#1639=ORIENTED_EDGE('',*,*,#1231,.T.);
#1640=ORIENTED_EDGE('',*,*,#1232,.F.);
#1641=ORIENTED_EDGE('',*,*,#1189,.F.);
#1642=ORIENTED_EDGE('',*,*,#1233,.T.);
#1643=ORIENTED_EDGE('',*,*,#1234,.T.);
#1644=ORIENTED_EDGE('',*,*,#1231,.F.);
#1645=ORIENTED_EDGE('',*,*,#1222,.F.);
#1646=ORIENTED_EDGE('',*,*,#1235,.T.);
#1647=ORIENTED_EDGE('',*,*,#1236,.T.);
#1648=ORIENTED_EDGE('',*,*,#1233,.F.);
#1649=ORIENTED_EDGE('',*,*,#1224,.F.);
#1650=ORIENTED_EDGE('',*,*,#1237,.T.);
#1651=ORIENTED_EDGE('',*,*,#1238,.T.);
#1652=ORIENTED_EDGE('',*,*,#1163,.F.);
#1653=ORIENTED_EDGE('',*,*,#1229,.F.);
#1654=ORIENTED_EDGE('',*,*,#1188,.T.);
#1655=ORIENTED_EDGE('',*,*,#1239,.T.);
#1656=ORIENTED_EDGE('',*,*,#1237,.F.);
#1657=ORIENTED_EDGE('',*,*,#1136,.F.);
#1658=ORIENTED_EDGE('',*,*,#1232,.T.);
#1659=ORIENTED_EDGE('',*,*,#1240,.T.);
#1660=ORIENTED_EDGE('',*,*,#1241,.F.);
#1661=ORIENTED_EDGE('',*,*,#1190,.F.);
#1662=ORIENTED_EDGE('',*,*,#1242,.T.);
#1663=ORIENTED_EDGE('',*,*,#1243,.T.);
#1664=ORIENTED_EDGE('',*,*,#1240,.F.);
#1665=ORIENTED_EDGE('',*,*,#1234,.F.);
#1666=ORIENTED_EDGE('',*,*,#1244,.T.);
#1667=ORIENTED_EDGE('',*,*,#1245,.T.);
#1668=ORIENTED_EDGE('',*,*,#1242,.F.);
#1669=ORIENTED_EDGE('',*,*,#1236,.F.);
#1670=ORIENTED_EDGE('',*,*,#1246,.T.);
#1671=ORIENTED_EDGE('',*,*,#1173,.T.);
#1672=ORIENTED_EDGE('',*,*,#1152,.T.);
#1673=ORIENTED_EDGE('',*,*,#1164,.F.);
#1674=ORIENTED_EDGE('',*,*,#1238,.F.);
#1675=ORIENTED_EDGE('',*,*,#1187,.T.);
#1676=ORIENTED_EDGE('',*,*,#1127,.T.);
#1677=ORIENTED_EDGE('',*,*,#1246,.F.);
#1678=ORIENTED_EDGE('',*,*,#1239,.F.);
#1679=ORIENTED_EDGE('',*,*,#1241,.T.);
#1680=ORIENTED_EDGE('',*,*,#1247,.T.);
#1681=ORIENTED_EDGE('',*,*,#1175,.F.);
#1682=ORIENTED_EDGE('',*,*,#1191,.F.);
#1683=ORIENTED_EDGE('',*,*,#1248,.T.);
#1684=ORIENTED_EDGE('',*,*,#1179,.T.);
#1685=ORIENTED_EDGE('',*,*,#1247,.F.);
#1686=ORIENTED_EDGE('',*,*,#1243,.F.);
#1687=ORIENTED_EDGE('',*,*,#1249,.T.);
#1688=ORIENTED_EDGE('',*,*,#1110,.T.);
#1689=ORIENTED_EDGE('',*,*,#1248,.F.);
#1690=ORIENTED_EDGE('',*,*,#1245,.F.);
#1691=ORIENTED_EDGE('',*,*,#1250,.T.);
#1692=ORIENTED_EDGE('',*,*,#1251,.T.);
#1693=ORIENTED_EDGE('',*,*,#1249,.F.);
#1694=ORIENTED_EDGE('',*,*,#1252,.F.);
#1695=ORIENTED_EDGE('',*,*,#1253,.T.);
#1696=ORIENTED_EDGE('',*,*,#1252,.T.);
#1697=ORIENTED_EDGE('',*,*,#1244,.F.);
#1698=ORIENTED_EDGE('',*,*,#1254,.F.);
#1699=ORIENTED_EDGE('',*,*,#1235,.F.);
#1700=ORIENTED_EDGE('',*,*,#1255,.T.);
#1701=ORIENTED_EDGE('',*,*,#1256,.T.);
#1702=ORIENTED_EDGE('',*,*,#1254,.T.);
#1703=ORIENTED_EDGE('',*,*,#1257,.T.);
#1704=ORIENTED_EDGE('',*,*,#1258,.T.);
#1705=ORIENTED_EDGE('',*,*,#1215,.F.);
#1706=ORIENTED_EDGE('',*,*,#1259,.F.);
#1707=ORIENTED_EDGE('',*,*,#1260,.T.);
#1708=ORIENTED_EDGE('',*,*,#1259,.T.);
#1709=ORIENTED_EDGE('',*,*,#1207,.F.);
#1710=ORIENTED_EDGE('',*,*,#1261,.F.);
#1711=ORIENTED_EDGE('',*,*,#1199,.F.);
#1712=ORIENTED_EDGE('',*,*,#1262,.T.);
#1713=ORIENTED_EDGE('',*,*,#1263,.T.);
#1714=ORIENTED_EDGE('',*,*,#1261,.T.);
#1715=ORIENTED_EDGE('',*,*,#1156,.F.);
#1716=ORIENTED_EDGE('',*,*,#1186,.T.);
#1717=ORIENTED_EDGE('',*,*,#1264,.T.);
#1718=ORIENTED_EDGE('',*,*,#1265,.T.);
#1719=ORIENTED_EDGE('',*,*,#1266,.T.);
#1720=ORIENTED_EDGE('',*,*,#1267,.T.);
#1721=ORIENTED_EDGE('',*,*,#1268,.F.);
#1722=ORIENTED_EDGE('',*,*,#1269,.F.);
#1723=ORIENTED_EDGE('',*,*,#1270,.T.);
#1724=ORIENTED_EDGE('',*,*,#1271,.T.);
#1725=ORIENTED_EDGE('',*,*,#1272,.T.);
#1726=ORIENTED_EDGE('',*,*,#1264,.F.);
#1727=ORIENTED_EDGE('',*,*,#1185,.T.);
#1728=ORIENTED_EDGE('',*,*,#1273,.T.);
#1729=ORIENTED_EDGE('',*,*,#1274,.T.);
#1730=ORIENTED_EDGE('',*,*,#1275,.T.);
#1731=ORIENTED_EDGE('',*,*,#1276,.F.);
#1732=ORIENTED_EDGE('',*,*,#1277,.F.);
#1733=ORIENTED_EDGE('',*,*,#1278,.F.);
#1734=ORIENTED_EDGE('',*,*,#1279,.T.);
#1735=ORIENTED_EDGE('',*,*,#1280,.F.);
#1736=ORIENTED_EDGE('',*,*,#1279,.F.);
#1737=ORIENTED_EDGE('',*,*,#1281,.F.);
#1738=ORIENTED_EDGE('',*,*,#1170,.T.);
#1739=ORIENTED_EDGE('',*,*,#1282,.F.);
#1740=ORIENTED_EDGE('',*,*,#1160,.T.);
#1741=ORIENTED_EDGE('',*,*,#1283,.T.);
#1742=ORIENTED_EDGE('',*,*,#1284,.T.);
#1743=ORIENTED_EDGE('',*,*,#1285,.T.);
#1744=ORIENTED_EDGE('',*,*,#1286,.T.);
#1745=ORIENTED_EDGE('',*,*,#1287,.T.);
#1746=ORIENTED_EDGE('',*,*,#1283,.F.);
#1747=ORIENTED_EDGE('',*,*,#1159,.T.);
#1748=ORIENTED_EDGE('',*,*,#1166,.T.);
#1749=ORIENTED_EDGE('',*,*,#1168,.T.);
#1750=ORIENTED_EDGE('',*,*,#1171,.T.);
#1751=ORIENTED_EDGE('',*,*,#1281,.T.);
#1752=ORIENTED_EDGE('',*,*,#1278,.T.);
#1753=ORIENTED_EDGE('',*,*,#1288,.F.);
#1754=ORIENTED_EDGE('',*,*,#1227,.F.);
#1755=ORIENTED_EDGE('',*,*,#1289,.T.);
#1756=ORIENTED_EDGE('',*,*,#1290,.F.);
#1757=ORIENTED_EDGE('',*,*,#1285,.F.);
#1758=ORIENTED_EDGE('',*,*,#1226,.F.);
#1759=ORIENTED_EDGE('',*,*,#1291,.T.);
#1760=ORIENTED_EDGE('',*,*,#1292,.F.);
#1761=ORIENTED_EDGE('',*,*,#1267,.F.);
#1762=ORIENTED_EDGE('',*,*,#1293,.T.);
#1763=ORIENTED_EDGE('',*,*,#1294,.T.);
#1764=ORIENTED_EDGE('',*,*,#1293,.F.);
#1765=ORIENTED_EDGE('',*,*,#1266,.F.);
#1766=ORIENTED_EDGE('',*,*,#1295,.F.);
#1767=ORIENTED_EDGE('',*,*,#1296,.F.);
#1768=ORIENTED_EDGE('',*,*,#1284,.F.);
#1769=ORIENTED_EDGE('',*,*,#1287,.F.);
#1770=ORIENTED_EDGE('',*,*,#1297,.T.);
#1771=ORIENTED_EDGE('',*,*,#1298,.F.);
#1772=ORIENTED_EDGE('',*,*,#1297,.F.);
#1773=ORIENTED_EDGE('',*,*,#1286,.F.);
#1774=ORIENTED_EDGE('',*,*,#1290,.T.);
#1775=ORIENTED_EDGE('',*,*,#1299,.T.);
#1776=ORIENTED_EDGE('',*,*,#1300,.F.);
#1777=ORIENTED_EDGE('',*,*,#1299,.F.);
#1778=ORIENTED_EDGE('',*,*,#1289,.F.);
#1779=ORIENTED_EDGE('',*,*,#1225,.F.);
#1780=ORIENTED_EDGE('',*,*,#1301,.F.);
#1781=ORIENTED_EDGE('',*,*,#1255,.F.);
#1782=ORIENTED_EDGE('',*,*,#1223,.F.);
#1783=ORIENTED_EDGE('',*,*,#1258,.F.);
#1784=ORIENTED_EDGE('',*,*,#1302,.F.);
#1785=ORIENTED_EDGE('',*,*,#1291,.F.);
#1786=ORIENTED_EDGE('',*,*,#1294,.F.);
#1787=ORIENTED_EDGE('',*,*,#1303,.F.);
#1788=ORIENTED_EDGE('',*,*,#1304,.F.);
#1789=ORIENTED_EDGE('',*,*,#1303,.T.);
#1790=ORIENTED_EDGE('',*,*,#1295,.T.);
#1791=ORIENTED_EDGE('',*,*,#1275,.F.);
#1792=ORIENTED_EDGE('',*,*,#1305,.F.);
#1793=ORIENTED_EDGE('',*,*,#1306,.F.);
#1794=ORIENTED_EDGE('',*,*,#1305,.T.);
#1795=ORIENTED_EDGE('',*,*,#1274,.F.);
#1796=ORIENTED_EDGE('',*,*,#1307,.F.);
#1797=ORIENTED_EDGE('',*,*,#1308,.F.);
#1798=ORIENTED_EDGE('',*,*,#1307,.T.);
#1799=ORIENTED_EDGE('',*,*,#1273,.F.);
#1800=ORIENTED_EDGE('',*,*,#1184,.T.);
#1801=ORIENTED_EDGE('',*,*,#1210,.F.);
#1802=ORIENTED_EDGE('',*,*,#1218,.F.);
#1803=ORIENTED_EDGE('',*,*,#1230,.F.);
#1804=ORIENTED_EDGE('',*,*,#1161,.T.);
#1805=ORIENTED_EDGE('',*,*,#1282,.T.);
#1806=ORIENTED_EDGE('',*,*,#1296,.T.);
#1807=ORIENTED_EDGE('',*,*,#1298,.T.);
#1808=ORIENTED_EDGE('',*,*,#1300,.T.);
#1809=ORIENTED_EDGE('',*,*,#1304,.T.);
#1810=ORIENTED_EDGE('',*,*,#1306,.T.);
#1811=ORIENTED_EDGE('',*,*,#1308,.T.);
#1812=ORIENTED_EDGE('',*,*,#1183,.T.);
#1813=ORIENTED_EDGE('',*,*,#1157,.F.);
#1814=ORIENTED_EDGE('',*,*,#1265,.F.);
#1815=ORIENTED_EDGE('',*,*,#1272,.F.);
#1816=ORIENTED_EDGE('',*,*,#1309,.T.);
#1817=ORIENTED_EDGE('',*,*,#1144,.F.);
#1818=ORIENTED_EDGE('',*,*,#1309,.F.);
#1819=ORIENTED_EDGE('',*,*,#1271,.F.);
#1820=ORIENTED_EDGE('',*,*,#1310,.T.);
#1821=ORIENTED_EDGE('',*,*,#1311,.F.);
#1822=ORIENTED_EDGE('',*,*,#1312,.F.);
#1823=ORIENTED_EDGE('',*,*,#1310,.F.);
#1824=ORIENTED_EDGE('',*,*,#1270,.F.);
#1825=ORIENTED_EDGE('',*,*,#1313,.F.);
#1826=ORIENTED_EDGE('',*,*,#1314,.F.);
#1827=ORIENTED_EDGE('',*,*,#1313,.T.);
#1828=ORIENTED_EDGE('',*,*,#1269,.T.);
#1829=ORIENTED_EDGE('',*,*,#1315,.F.);
#1830=ORIENTED_EDGE('',*,*,#1316,.F.);
#1831=ORIENTED_EDGE('',*,*,#1250,.F.);
#1832=ORIENTED_EDGE('',*,*,#1253,.F.);
#1833=ORIENTED_EDGE('',*,*,#1256,.F.);
#1834=ORIENTED_EDGE('',*,*,#1301,.T.);
#1835=ORIENTED_EDGE('',*,*,#1228,.T.);
#1836=ORIENTED_EDGE('',*,*,#1288,.T.);
#1837=ORIENTED_EDGE('',*,*,#1277,.T.);
#1838=ORIENTED_EDGE('',*,*,#1317,.F.);
#1839=ORIENTED_EDGE('',*,*,#1315,.T.);
#1840=ORIENTED_EDGE('',*,*,#1268,.T.);
#1841=ORIENTED_EDGE('',*,*,#1292,.T.);
#1842=ORIENTED_EDGE('',*,*,#1302,.T.);
#1843=ORIENTED_EDGE('',*,*,#1257,.F.);
#1844=ORIENTED_EDGE('',*,*,#1260,.F.);
#1845=ORIENTED_EDGE('',*,*,#1263,.F.);
#1846=ORIENTED_EDGE('',*,*,#1318,.F.);
#1847=ORIENTED_EDGE('',*,*,#1103,.T.);
#1848=ORIENTED_EDGE('',*,*,#1111,.T.);
#1849=ORIENTED_EDGE('',*,*,#1107,.T.);
#1850=ORIENTED_EDGE('',*,*,#1251,.F.);
#1851=ORIENTED_EDGE('',*,*,#1316,.T.);
#1852=ORIENTED_EDGE('',*,*,#1276,.T.);
#1853=ORIENTED_EDGE('',*,*,#1280,.T.);
#1854=ORIENTED_EDGE('',*,*,#1169,.T.);
#1855=ORIENTED_EDGE('',*,*,#1147,.F.);
#1856=ORIENTED_EDGE('',*,*,#1319,.F.);
#1857=ORIENTED_EDGE('',*,*,#1146,.F.);
#1858=ORIENTED_EDGE('',*,*,#1320,.F.);
#1859=ORIENTED_EDGE('',*,*,#1321,.T.);
#1860=ORIENTED_EDGE('',*,*,#1322,.F.);
#1861=ORIENTED_EDGE('',*,*,#1323,.F.);
#1862=ORIENTED_EDGE('',*,*,#1324,.F.);
#1863=ORIENTED_EDGE('',*,*,#1325,.F.);
#1864=ORIENTED_EDGE('',*,*,#1089,.F.);
#1865=ORIENTED_EDGE('',*,*,#1094,.T.);
#1866=ORIENTED_EDGE('',*,*,#1326,.T.);
#1867=ORIENTED_EDGE('',*,*,#1327,.T.);
#1868=ORIENTED_EDGE('',*,*,#1145,.F.);
#1869=ORIENTED_EDGE('',*,*,#1311,.T.);
#1870=ORIENTED_EDGE('',*,*,#1312,.T.);
#1871=ORIENTED_EDGE('',*,*,#1314,.T.);
#1872=ORIENTED_EDGE('',*,*,#1317,.T.);
#1873=ORIENTED_EDGE('',*,*,#1262,.F.);
#1874=ORIENTED_EDGE('',*,*,#1091,.T.);
#1875=ORIENTED_EDGE('',*,*,#1328,.F.);
#1876=ORIENTED_EDGE('',*,*,#1329,.F.);
#1877=ORIENTED_EDGE('',*,*,#1330,.F.);
#1878=ORIENTED_EDGE('',*,*,#1090,.F.);
#1879=ORIENTED_EDGE('',*,*,#1325,.T.);
#1880=ORIENTED_EDGE('',*,*,#1328,.T.);
#1881=ORIENTED_EDGE('',*,*,#1324,.T.);
#1882=ORIENTED_EDGE('',*,*,#1331,.T.);
#1883=ORIENTED_EDGE('',*,*,#1083,.T.);
#1884=ORIENTED_EDGE('',*,*,#1332,.T.);
#1885=ORIENTED_EDGE('',*,*,#1329,.T.);
#1886=ORIENTED_EDGE('',*,*,#1327,.F.);
#1887=ORIENTED_EDGE('',*,*,#1085,.T.);
#1888=ORIENTED_EDGE('',*,*,#1330,.T.);
#1889=ORIENTED_EDGE('',*,*,#1332,.F.);
#1890=ORIENTED_EDGE('',*,*,#1081,.T.);
#1891=ORIENTED_EDGE('',*,*,#1320,.T.);
#1892=ORIENTED_EDGE('',*,*,#1100,.T.);
#1893=ORIENTED_EDGE('',*,*,#1333,.T.);
#1894=ORIENTED_EDGE('',*,*,#1331,.F.);
#1895=ORIENTED_EDGE('',*,*,#1326,.F.);
#1896=ORIENTED_EDGE('',*,*,#1101,.F.);
#1897=ORIENTED_EDGE('',*,*,#1334,.F.);
#1898=ORIENTED_EDGE('',*,*,#1322,.T.);
#1899=ORIENTED_EDGE('',*,*,#1335,.T.);
#1900=ORIENTED_EDGE('',*,*,#1104,.F.);
#1901=ORIENTED_EDGE('',*,*,#1318,.T.);
#1902=ORIENTED_EDGE('',*,*,#1336,.F.);
#1903=ORIENTED_EDGE('',*,*,#1337,.T.);
#1904=ORIENTED_EDGE('',*,*,#1099,.T.);
#1905=ORIENTED_EDGE('',*,*,#1336,.T.);
#1906=ORIENTED_EDGE('',*,*,#1319,.T.);
#1907=ORIENTED_EDGE('',*,*,#1323,.T.);
#1908=ORIENTED_EDGE('',*,*,#1334,.T.);
#1909=ORIENTED_EDGE('',*,*,#1059,.F.);
#1910=ORIENTED_EDGE('',*,*,#1084,.T.);
#1911=ORIENTED_EDGE('',*,*,#1333,.F.);
#1912=ORIENTED_EDGE('',*,*,#1337,.F.);
#1913=ORIENTED_EDGE('',*,*,#1335,.F.);
#1914=ORIENTED_EDGE('',*,*,#1338,.F.);
#1915=ORIENTED_EDGE('',*,*,#1060,.F.);
#1916=ORIENTED_EDGE('',*,*,#1064,.F.);
#1917=ORIENTED_EDGE('',*,*,#1338,.T.);
#1918=ORIENTED_EDGE('',*,*,#1321,.F.);
#1919=ORIENTED_EDGE('',*,*,#1080,.F.);
#1920=ORIENTED_EDGE('',*,*,#1065,.F.);
#1921=B_SPLINE_SURFACE_WITH_KNOTS('',3,3,((#2692,#2693,#2694,#2695),(#2696,
#2697,#2698,#2699),(#2700,#2701,#2702,#2703),(#2704,#2705,#2706,#2707)),
 .UNSPECIFIED.,.F.,.F.,.F.,(4,4),(4,4),(0.,1.),(0.,1.),.UNSPECIFIED.);
#1922=B_SPLINE_SURFACE_WITH_KNOTS('',3,3,((#2720,#2721,#2722,#2723),(#2724,
#2725,#2726,#2727),(#2728,#2729,#2730,#2731),(#2732,#2733,#2734,#2735)),
 .UNSPECIFIED.,.F.,.F.,.F.,(4,4),(4,4),(0.,1.),(0.,1.),.UNSPECIFIED.);
#1923=B_SPLINE_SURFACE_WITH_KNOTS('',3,3,((#2745,#2746,#2747,#2748),(#2749,
#2750,#2751,#2752),(#2753,#2754,#2755,#2756),(#2757,#2758,#2759,#2760)),
 .UNSPECIFIED.,.F.,.F.,.F.,(4,4),(4,4),(0.,1.),(0.,1.),.UNSPECIFIED.);
#1924=B_SPLINE_SURFACE_WITH_KNOTS('',3,3,((#2770,#2771,#2772,#2773),(#2774,
#2775,#2776,#2777),(#2778,#2779,#2780,#2781),(#2782,#2783,#2784,#2785)),
 .UNSPECIFIED.,.F.,.F.,.F.,(4,4),(4,4),(0.,1.),(0.,1.),.UNSPECIFIED.);
#1925=B_SPLINE_SURFACE_WITH_KNOTS('',3,3,((#2795,#2796,#2797,#2798),(#2799,
#2800,#2801,#2802),(#2803,#2804,#2805,#2806),(#2807,#2808,#2809,#2810)),
 .UNSPECIFIED.,.F.,.F.,.F.,(4,4),(4,4),(0.,1.),(0.,1.),.UNSPECIFIED.);
#1926=B_SPLINE_SURFACE_WITH_KNOTS('',3,3,((#3499,#3500,#3501,#3502,#3503),
(#3504,#3505,#3506,#3507,#3508),(#3509,#3510,#3511,#3512,#3513),(#3514,
#3515,#3516,#3517,#3518)),.UNSPECIFIED.,.F.,.F.,.F.,(4,4),(4,1,4),(0.,1.),
(0.352028361953852,0.582473181005355,0.889732939740692),.UNSPECIFIED.);
#1927=B_SPLINE_SURFACE_WITH_KNOTS('',3,3,((#3519,#3520,#3521,#3522),(#3523,
#3524,#3525,#3526),(#3527,#3528,#3529,#3530),(#3531,#3532,#3533,#3534)),
 .UNSPECIFIED.,.F.,.F.,.F.,(4,4),(4,4),(-1.79273484945952E-10,0.80481609786097),
(-1.30828253032573,1.),.UNSPECIFIED.);
#1928=B_SPLINE_SURFACE_WITH_KNOTS('',3,3,((#3536,#3537,#3538,#3539),(#3540,
#3541,#3542,#3543),(#3544,#3545,#3546,#3547),(#3548,#3549,#3550,#3551)),
 .UNSPECIFIED.,.F.,.F.,.F.,(4,4),(4,4),(0.848357944954174,1.),(0.87162156563673,
1.),.UNSPECIFIED.);
#1929=B_SPLINE_SURFACE_WITH_KNOTS('',3,3,((#3558,#3559,#3560,#3561),(#3562,
#3563,#3564,#3565),(#3566,#3567,#3568,#3569),(#3570,#3571,#3572,#3573),
(#3574,#3575,#3576,#3577)),.UNSPECIFIED.,.F.,.F.,.F.,(4,1,4),(4,4),(0.,
0.571428571428571,1.),(0.575123289100266,0.721493535792067),
 .UNSPECIFIED.);
#1930=B_SPLINE_SURFACE_WITH_KNOTS('',3,3,((#3580,#3581,#3582,#3583),(#3584,
#3585,#3586,#3587),(#3588,#3589,#3590,#3591),(#3592,#3593,#3594,#3595),
(#3596,#3597,#3598,#3599)),.UNSPECIFIED.,.F.,.F.,.F.,(4,1,4),(4,4),(0.,
0.571428571428571,1.),(-0.029011507544441,0.0358115123949807),
 .UNSPECIFIED.);
#1931=ADVANCED_FACE('',(#165),#1921,.T.);
#1932=ADVANCED_FACE('',(#166),#1922,.T.);
#1933=ADVANCED_FACE('',(#167),#1923,.T.);
#1934=ADVANCED_FACE('',(#168),#1924,.T.);
#1935=ADVANCED_FACE('',(#169),#1925,.T.);
#1936=ADVANCED_FACE('',(#170),#75,.F.);
#1937=ADVANCED_FACE('',(#171),#76,.T.);
#1938=ADVANCED_FACE('',(#172),#77,.T.);
#1939=ADVANCED_FACE('',(#173),#78,.T.);
#1940=ADVANCED_FACE('',(#174),#79,.T.);
#1941=ADVANCED_FACE('',(#175),#80,.T.);
#1942=ADVANCED_FACE('',(#176),#81,.T.);
#1943=ADVANCED_FACE('',(#177),#82,.T.);
#1944=ADVANCED_FACE('',(#178),#83,.T.);
#1945=ADVANCED_FACE('',(#179),#56,.T.);
#1946=ADVANCED_FACE('',(#180),#57,.F.);
#1947=ADVANCED_FACE('',(#181),#58,.F.);
#1948=ADVANCED_FACE('',(#182),#84,.T.);
#1949=ADVANCED_FACE('',(#183),#85,.T.);
#1950=ADVANCED_FACE('',(#184),#59,.F.);
#1951=ADVANCED_FACE('',(#185),#60,.F.);
#1952=ADVANCED_FACE('',(#186),#86,.T.);
#1953=ADVANCED_FACE('',(#187),#87,.T.);
#1954=ADVANCED_FACE('',(#188),#88,.T.);
#1955=ADVANCED_FACE('',(#189),#89,.T.);
#1956=ADVANCED_FACE('',(#190),#90,.T.);
#1957=ADVANCED_FACE('',(#191),#61,.T.);
#1958=ADVANCED_FACE('',(#192),#91,.T.);
#1959=ADVANCED_FACE('',(#193),#92,.T.);
#1960=ADVANCED_FACE('',(#194),#93,.F.);
#1961=ADVANCED_FACE('',(#195),#94,.F.);
#1962=ADVANCED_FACE('',(#196),#95,.T.);
#1963=ADVANCED_FACE('',(#197),#96,.T.);
#1964=ADVANCED_FACE('',(#198),#97,.T.);
#1965=ADVANCED_FACE('',(#199),#98,.T.);
#1966=ADVANCED_FACE('',(#200),#99,.T.);
#1967=ADVANCED_FACE('',(#201),#100,.T.);
#1968=ADVANCED_FACE('',(#202),#101,.T.);
#1969=ADVANCED_FACE('',(#203),#102,.T.);
#1970=ADVANCED_FACE('',(#204),#103,.T.);
#1971=ADVANCED_FACE('',(#205),#104,.T.);
#1972=ADVANCED_FACE('',(#206),#105,.T.);
#1973=ADVANCED_FACE('',(#207),#106,.T.);
#1974=ADVANCED_FACE('',(#208),#107,.T.);
#1975=ADVANCED_FACE('',(#209),#108,.T.);
#1976=ADVANCED_FACE('',(#210),#109,.T.);
#1977=ADVANCED_FACE('',(#211),#110,.T.);
#1978=ADVANCED_FACE('',(#212),#111,.T.);
#1979=ADVANCED_FACE('',(#213),#112,.T.);
#1980=ADVANCED_FACE('',(#214),#113,.T.);
#1981=ADVANCED_FACE('',(#215),#114,.T.);
#1982=ADVANCED_FACE('',(#216),#115,.T.);
#1983=ADVANCED_FACE('',(#217),#116,.T.);
#1984=ADVANCED_FACE('',(#218),#117,.T.);
#1985=ADVANCED_FACE('',(#219),#118,.T.);
#1986=ADVANCED_FACE('',(#220),#119,.T.);
#1987=ADVANCED_FACE('',(#221),#120,.T.);
#1988=ADVANCED_FACE('',(#222),#121,.T.);
#1989=ADVANCED_FACE('',(#223),#122,.T.);
#1990=ADVANCED_FACE('',(#224),#123,.T.);
#1991=ADVANCED_FACE('',(#225),#124,.T.);
#1992=ADVANCED_FACE('',(#226),#125,.T.);
#1993=ADVANCED_FACE('',(#227),#126,.T.);
#1994=ADVANCED_FACE('',(#228),#127,.T.);
#1995=ADVANCED_FACE('',(#229),#128,.T.);
#1996=ADVANCED_FACE('',(#230),#129,.T.);
#1997=ADVANCED_FACE('',(#231),#130,.T.);
#1998=ADVANCED_FACE('',(#232),#131,.T.);
#1999=ADVANCED_FACE('',(#233),#132,.T.);
#2000=ADVANCED_FACE('',(#234),#133,.T.);
#2001=ADVANCED_FACE('',(#235),#134,.T.);
#2002=ADVANCED_FACE('',(#236),#135,.T.);
#2003=ADVANCED_FACE('',(#237),#136,.T.);
#2004=ADVANCED_FACE('',(#238),#137,.T.);
#2005=ADVANCED_FACE('',(#239),#138,.T.);
#2006=ADVANCED_FACE('',(#240),#139,.T.);
#2007=ADVANCED_FACE('',(#241),#140,.T.);
#2008=ADVANCED_FACE('',(#242),#141,.T.);
#2009=ADVANCED_FACE('',(#243),#142,.F.);
#2010=ADVANCED_FACE('',(#244),#143,.T.);
#2011=ADVANCED_FACE('',(#245),#144,.T.);
#2012=ADVANCED_FACE('',(#246),#145,.F.);
#2013=ADVANCED_FACE('',(#247),#146,.T.);
#2014=ADVANCED_FACE('',(#248),#147,.F.);
#2015=ADVANCED_FACE('',(#249),#148,.F.);
#2016=ADVANCED_FACE('',(#250),#149,.F.);
#2017=ADVANCED_FACE('',(#251),#150,.F.);
#2018=ADVANCED_FACE('',(#252),#151,.F.);
#2019=ADVANCED_FACE('',(#253),#152,.F.);
#2020=ADVANCED_FACE('',(#254),#153,.T.);
#2021=ADVANCED_FACE('',(#255),#62,.T.);
#2022=ADVANCED_FACE('',(#256),#154,.F.);
#2023=ADVANCED_FACE('',(#257),#155,.F.);
#2024=ADVANCED_FACE('',(#258),#156,.F.);
#2025=ADVANCED_FACE('',(#259),#157,.T.);
#2026=ADVANCED_FACE('',(#260),#158,.T.);
#2027=ADVANCED_FACE('',(#261),#159,.T.);
#2028=ADVANCED_FACE('',(#262),#160,.T.);
#2029=ADVANCED_FACE('',(#263),#161,.T.);
#2030=ADVANCED_FACE('',(#264),#63,.F.);
#2031=ADVANCED_FACE('',(#265),#162,.T.);
#2032=ADVANCED_FACE('',(#266),#64,.F.);
#2033=ADVANCED_FACE('',(#267),#65,.T.);
#2034=ADVANCED_FACE('',(#268),#1926,.T.);
#2035=ADVANCED_FACE('',(#269),#1927,.T.);
#2036=ADVANCED_FACE('',(#270),#1928,.T.);
#2037=ADVANCED_FACE('',(#271),#1929,.T.);
#2038=ADVANCED_FACE('',(#272),#1930,.T.);
#2039=ADVANCED_FACE('',(#273),#163,.T.);
#2040=ADVANCED_FACE('',(#274),#164,.T.);
#2041=CLOSED_SHELL('',(#1931,#1932,#1933,#1934,#1935,#1936,#1937,#1938,
#1939,#1940,#1941,#1942,#1943,#1944,#1945,#1946,#1947,#1948,#1949,#1950,
#1951,#1952,#1953,#1954,#1955,#1956,#1957,#1958,#1959,#1960,#1961,#1962,
#1963,#1964,#1965,#1966,#1967,#1968,#1969,#1970,#1971,#1972,#1973,#1974,
#1975,#1976,#1977,#1978,#1979,#1980,#1981,#1982,#1983,#1984,#1985,#1986,
#1987,#1988,#1989,#1990,#1991,#1992,#1993,#1994,#1995,#1996,#1997,#1998,
#1999,#2000,#2001,#2002,#2003,#2004,#2005,#2006,#2007,#2008,#2009,#2010,
#2011,#2012,#2013,#2014,#2015,#2016,#2017,#2018,#2019,#2020,#2021,#2022,
#2023,#2024,#2025,#2026,#2027,#2028,#2029,#2030,#2031,#2032,#2033,#2034,
#2035,#2036,#2037,#2038,#2039,#2040));
#2042=DERIVED_UNIT_ELEMENT(#2044,1.);
#2043=DERIVED_UNIT_ELEMENT(#3608,-3.);
#2044=(
MASS_UNIT()
NAMED_UNIT(*)
SI_UNIT(.KILO.,.GRAM.)
);
#2045=DERIVED_UNIT((#2042,#2043));
#2046=MEASURE_REPRESENTATION_ITEM('density measure',
POSITIVE_RATIO_MEASURE(952.),#2045);
#2047=PROPERTY_DEFINITION_REPRESENTATION(#2052,#2049);
#2048=PROPERTY_DEFINITION_REPRESENTATION(#2053,#2050);
#2049=REPRESENTATION('material name',(#2051),#3605);
#2050=REPRESENTATION('density',(#2046),#3605);
#2051=DESCRIPTIVE_REPRESENTATION_ITEM('Plastic, Opaque White',
'Plastic, Opaque White');
#2052=PROPERTY_DEFINITION('material property','material name',#3615);
#2053=PROPERTY_DEFINITION('material property','density of part',#3615);
#2054=AXIS2_PLACEMENT_3D('',#2691,#2186,#2187);
#2055=AXIS2_PLACEMENT_3D('',#2815,#2212,#2213);
#2056=AXIS2_PLACEMENT_3D('',#2824,#2218,#2219);
#2057=AXIS2_PLACEMENT_3D('',#2827,#2222,#2223);
#2058=AXIS2_PLACEMENT_3D('',#2829,#2225,#2226);
#2059=AXIS2_PLACEMENT_3D('',#2831,#2228,#2229);
#2060=AXIS2_PLACEMENT_3D('',#2832,#2230,#2231);
#2061=AXIS2_PLACEMENT_3D('',#2838,#2235,#2236);
#2062=AXIS2_PLACEMENT_3D('',#2842,#2239,#2240);
#2063=AXIS2_PLACEMENT_3D('',#2849,#2243,#2244);
#2064=AXIS2_PLACEMENT_3D('',#2851,#2245,#2246);
#2065=AXIS2_PLACEMENT_3D('',#2853,#2247,#2248);
#2066=AXIS2_PLACEMENT_3D('',#2855,#2250,#2251);
#2067=AXIS2_PLACEMENT_3D('',#2861,#2255,#2256);
#2068=AXIS2_PLACEMENT_3D('',#2867,#2259,#2260);
#2069=AXIS2_PLACEMENT_3D('',#2920,#2261,#2262);
#2070=AXIS2_PLACEMENT_3D('',#2924,#2264,#2265);
#2071=AXIS2_PLACEMENT_3D('',#2929,#2266,#2267);
#2072=AXIS2_PLACEMENT_3D('',#2932,#2269,#2270);
#2073=AXIS2_PLACEMENT_3D('',#2933,#2271,#2272);
#2074=AXIS2_PLACEMENT_3D('',#2941,#2277,#2278);
#2075=AXIS2_PLACEMENT_3D('',#2943,#2280,#2281);
#2076=AXIS2_PLACEMENT_3D('',#2948,#2283,#2284);
#2077=AXIS2_PLACEMENT_3D('',#2950,#2285,#2286);
#2078=AXIS2_PLACEMENT_3D('',#2952,#2287,#2288);
#2079=AXIS2_PLACEMENT_3D('',#2956,#2290,#2291);
#2080=AXIS2_PLACEMENT_3D('',#2958,#2292,#2293);
#2081=AXIS2_PLACEMENT_3D('',#2959,#2294,#2295);
#2082=AXIS2_PLACEMENT_3D('',#2960,#2296,#2297);
#2083=AXIS2_PLACEMENT_3D('',#2963,#2298,#2299);
#2084=AXIS2_PLACEMENT_3D('',#2967,#2301,#2302);
#2085=AXIS2_PLACEMENT_3D('',#2969,#2304,#2305);
#2086=AXIS2_PLACEMENT_3D('',#2979,#2311,#2312);
#2087=AXIS2_PLACEMENT_3D('',#2987,#2317,#2318);
#2088=AXIS2_PLACEMENT_3D('',#2991,#2321,#2322);
#2089=AXIS2_PLACEMENT_3D('',#2997,#2326,#2327);
#2090=AXIS2_PLACEMENT_3D('',#3008,#2334,#2335);
#2091=AXIS2_PLACEMENT_3D('',#3011,#2336,#2337);
#2092=AXIS2_PLACEMENT_3D('',#3019,#2341,#2342);
#2093=AXIS2_PLACEMENT_3D('',#3021,#2343,#2344);
#2094=AXIS2_PLACEMENT_3D('',#3023,#2345,#2346);
#2095=AXIS2_PLACEMENT_3D('',#3027,#2348,#2349);
#2096=AXIS2_PLACEMENT_3D('',#3031,#2351,#2352);
#2097=AXIS2_PLACEMENT_3D('',#3035,#2354,#2355);
#2098=AXIS2_PLACEMENT_3D('',#3036,#2356,#2357);
#2099=AXIS2_PLACEMENT_3D('',#3037,#2358,#2359);
#2100=AXIS2_PLACEMENT_3D('',#3051,#2367,#2368);
#2101=AXIS2_PLACEMENT_3D('',#3055,#2371,#2372);
#2102=AXIS2_PLACEMENT_3D('',#3059,#2375,#2376);
#2103=AXIS2_PLACEMENT_3D('',#3065,#2380,#2381);
#2104=AXIS2_PLACEMENT_3D('',#3068,#2384,#2385);
#2105=AXIS2_PLACEMENT_3D('',#3076,#2390,#2391);
#2106=AXIS2_PLACEMENT_3D('',#3079,#2394,#2395);
#2107=AXIS2_PLACEMENT_3D('',#3093,#2403,#2404);
#2108=AXIS2_PLACEMENT_3D('',#3102,#2410,#2411);
#2109=AXIS2_PLACEMENT_3D('',#3106,#2414,#2415);
#2110=AXIS2_PLACEMENT_3D('',#3108,#2417,#2418);
#2111=AXIS2_PLACEMENT_3D('',#3112,#2421,#2422);
#2112=AXIS2_PLACEMENT_3D('',#3116,#2425,#2426);
#2113=AXIS2_PLACEMENT_3D('',#3120,#2429,#2430);
#2114=AXIS2_PLACEMENT_3D('',#3123,#2433,#2434);
#2115=AXIS2_PLACEMENT_3D('',#3124,#2435,#2436);
#2116=AXIS2_PLACEMENT_3D('',#3128,#2439,#2440);
#2117=AXIS2_PLACEMENT_3D('',#3132,#2443,#2444);
#2118=AXIS2_PLACEMENT_3D('',#3136,#2447,#2448);
#2119=AXIS2_PLACEMENT_3D('',#3139,#2450,#2451);
#2120=AXIS2_PLACEMENT_3D('',#3140,#2452,#2453);
#2121=AXIS2_PLACEMENT_3D('',#3144,#2456,#2457);
#2122=AXIS2_PLACEMENT_3D('',#3148,#2460,#2461);
#2123=AXIS2_PLACEMENT_3D('',#3152,#2464,#2465);
#2124=AXIS2_PLACEMENT_3D('',#3156,#2468,#2469);
#2125=AXIS2_PLACEMENT_3D('',#3160,#2472,#2473);
#2126=AXIS2_PLACEMENT_3D('',#3164,#2476,#2477);
#2127=AXIS2_PLACEMENT_3D('',#3168,#2480,#2481);
#2128=AXIS2_PLACEMENT_3D('',#3177,#2486,#2487);
#2129=AXIS2_PLACEMENT_3D('',#3179,#2489,#2490);
#2130=AXIS2_PLACEMENT_3D('',#3180,#2491,#2492);
#2131=AXIS2_PLACEMENT_3D('',#3184,#2495,#2496);
#2132=AXIS2_PLACEMENT_3D('',#3188,#2499,#2500);
#2133=AXIS2_PLACEMENT_3D('',#3192,#2503,#2504);
#2134=AXIS2_PLACEMENT_3D('',#3196,#2507,#2508);
#2135=AXIS2_PLACEMENT_3D('',#3198,#2510,#2511);
#2136=AXIS2_PLACEMENT_3D('',#3202,#2514,#2515);
#2137=AXIS2_PLACEMENT_3D('',#3206,#2518,#2519);
#2138=AXIS2_PLACEMENT_3D('',#3210,#2522,#2523);
#2139=AXIS2_PLACEMENT_3D('',#3212,#2525,#2526);
#2140=AXIS2_PLACEMENT_3D('',#3213,#2527,#2528);
#2141=AXIS2_PLACEMENT_3D('',#3215,#2530,#2531);
#2142=AXIS2_PLACEMENT_3D('',#3217,#2533,#2534);
#2143=AXIS2_PLACEMENT_3D('',#3219,#2536,#2537);
#2144=AXIS2_PLACEMENT_3D('',#3225,#2541,#2542);
#2145=AXIS2_PLACEMENT_3D('',#3229,#2545,#2546);
#2146=AXIS2_PLACEMENT_3D('',#3233,#2549,#2550);
#2147=AXIS2_PLACEMENT_3D('',#3239,#2554,#2555);
#2148=AXIS2_PLACEMENT_3D('',#3243,#2558,#2559);
#2149=AXIS2_PLACEMENT_3D('',#3247,#2562,#2563);
#2150=AXIS2_PLACEMENT_3D('',#3251,#2566,#2567);
#2151=AXIS2_PLACEMENT_3D('',#3271,#2578,#2579);
#2152=AXIS2_PLACEMENT_3D('',#3280,#2584,#2585);
#2153=AXIS2_PLACEMENT_3D('',#3283,#2588,#2589);
#2154=AXIS2_PLACEMENT_3D('',#3285,#2590,#2591);
#2155=AXIS2_PLACEMENT_3D('',#3289,#2594,#2595);
#2156=AXIS2_PLACEMENT_3D('',#3296,#2600,#2601);
#2157=AXIS2_PLACEMENT_3D('',#3300,#2604,#2605);
#2158=AXIS2_PLACEMENT_3D('',#3306,#2609,#2610);
#2159=AXIS2_PLACEMENT_3D('',#3310,#2613,#2614);
#2160=AXIS2_PLACEMENT_3D('',#3312,#2615,#2616);
#2161=AXIS2_PLACEMENT_3D('',#3314,#2618,#2619);
#2162=AXIS2_PLACEMENT_3D('',#3316,#2620,#2621);
#2163=AXIS2_PLACEMENT_3D('',#3318,#2623,#2624);
#2164=AXIS2_PLACEMENT_3D('',#3324,#2629,#2630);
#2165=AXIS2_PLACEMENT_3D('',#3326,#2631,#2632);
#2166=AXIS2_PLACEMENT_3D('',#3328,#2634,#2635);
#2167=AXIS2_PLACEMENT_3D('',#3330,#2636,#2637);
#2168=AXIS2_PLACEMENT_3D('',#3332,#2639,#2640);
#2169=AXIS2_PLACEMENT_3D('',#3333,#2641,#2642);
#2170=AXIS2_PLACEMENT_3D('',#3334,#2643,#2644);
#2171=AXIS2_PLACEMENT_3D('',#3335,#2645,#2646);
#2172=AXIS2_PLACEMENT_3D('',#3337,#2648,#2649);
#2173=AXIS2_PLACEMENT_3D('',#3341,#2652,#2653);
#2174=AXIS2_PLACEMENT_3D('',#3345,#2656,#2657);
#2175=AXIS2_PLACEMENT_3D('',#3349,#2660,#2661);
#2176=AXIS2_PLACEMENT_3D('',#3351,#2663,#2664);
#2177=AXIS2_PLACEMENT_3D('',#3353,#2666,#2667);
#2178=AXIS2_PLACEMENT_3D('',#3363,#2668,#2669);
#2179=AXIS2_PLACEMENT_3D('',#3417,#2672,#2673);
#2180=AXIS2_PLACEMENT_3D('',#3431,#2675,#2676);
#2181=AXIS2_PLACEMENT_3D('',#3436,#2677,#2678);
#2182=AXIS2_PLACEMENT_3D('',#3457,#2679,#2680);
#2183=AXIS2_PLACEMENT_3D('',#3578,#2683,#2684);
#2184=AXIS2_PLACEMENT_3D('',#3600,#2686,#2687);
#2185=AXIS2_PLACEMENT_3D('',#3602,#2689,#2690);
#2186=DIRECTION('axis',(0.,0.,1.));
#2187=DIRECTION('refdir',(1.,0.,0.));
#2188=DIRECTION('',(-1.,-1.74290635561673E-15,2.70816962303727E-16));
#2189=DIRECTION('',(-1.,-1.74290635561673E-15,2.70816962303727E-16));
#2190=DIRECTION('',(-0.0522122112556528,0.728325169078477,0.68323958688194));
#2191=DIRECTION('',(0.626225154836342,-0.702228465487491,0.338699332313016));
#2192=DIRECTION('',(0.626225154836342,-0.702228465487491,0.338699332313016));
#2193=DIRECTION('',(0.0141654078396975,-0.324349511009778,0.945831240723446));
#2194=DIRECTION('',(-1.,-1.74290635561673E-15,2.70816962303727E-16));
#2195=DIRECTION('',(-1.,-1.74290635561673E-15,2.70816962303727E-16));
#2196=DIRECTION('',(-0.0947540614697188,-0.3228864738982,0.941682532921037));
#2197=DIRECTION('',(0.627237214887023,0.701495299945789,-0.338345711388128));
#2198=DIRECTION('',(0.627237214887023,0.701495299945789,-0.338345711388128));
#2199=DIRECTION('',(1.64140119045813E-15,-0.90630778703665,0.422618261740698));
#2200=DIRECTION('',(1.64140119045813E-15,-0.90630778703665,0.422618261740698));
#2201=DIRECTION('',(0.359667805799519,0.660857545696471,0.658715700258766));
#2202=DIRECTION('',(-0.61613125626241,0.709435224717285,-0.342175301544164));
#2203=DIRECTION('',(-0.61613125626241,0.709435224717285,-0.342175301544164));
#2204=DIRECTION('',(1.,1.42605821502157E-15,-1.23068247872033E-16));
#2205=DIRECTION('',(1.,1.42605821502157E-15,-1.23068247872033E-16));
#2206=DIRECTION('',(-0.707113274635933,0.0871904812858203,0.701704094905249));
#2207=DIRECTION('',(-0.61613125626241,0.709435224717285,-0.342175301544164));
#2208=DIRECTION('',(-0.61613125626241,0.709435224717285,-0.342175301544164));
#2209=DIRECTION('',(-1.64313628685396E-15,0.90630778703665,-0.422618261740698));
#2210=DIRECTION('',(-0.615156120622467,-0.710121404392243,0.34250626021243));
#2211=DIRECTION('',(-0.615156120622467,-0.710121404392243,0.34250626021243));
#2212=DIRECTION('center_axis',(-1.02298411775028E-15,-0.434429159588374,
-0.900706003809978));
#2213=DIRECTION('ref_axis',(-4.55067268997601E-16,0.900706003809978,-0.434429159588373));
#2214=DIRECTION('',(0.61613125626241,-0.709435224717285,0.342175301544164));
#2215=DIRECTION('',(0.615156120622467,0.710121404392243,-0.34250626021243));
#2216=DIRECTION('',(-0.626225154836342,0.702228465487491,-0.338699332313016));
#2217=DIRECTION('',(-0.627237214887023,-0.701495299945789,0.338345711388128));
#2218=DIRECTION('center_axis',(0.786948492425756,-0.526653506343035,0.321478077830227));
#2219=DIRECTION('ref_axis',(-0.615156120622467,-0.710121404392243,0.34250626021243));
#2220=DIRECTION('',(0.,0.521018374829101,0.853545460470878));
#2221=DIRECTION('',(-2.06670372913071E-16,-0.521018374829098,-0.853545460470879));
#2222=DIRECTION('center_axis',(0.778149465539054,0.536094100922968,-0.327240774105061));
#2223=DIRECTION('ref_axis',(0.626225154836342,-0.702228465487491,0.338699332313016));
#2224=DIRECTION('',(-2.06670372913071E-16,-0.521018374829098,-0.853545460470879));
#2225=DIRECTION('center_axis',(-0.777332224189662,0.536957175002885,-0.32776760890801));
#2226=DIRECTION('ref_axis',(0.627237214887023,0.701495299945789,-0.338345711388128));
#2227=DIRECTION('',(-2.06670372913071E-16,-0.521018374829098,-0.853545460470879));
#2228=DIRECTION('center_axis',(-0.78618347084753,-0.527485259330523,0.32198579371634));
#2229=DIRECTION('ref_axis',(-0.61613125626241,0.709435224717285,-0.342175301544164));
#2230=DIRECTION('center_axis',(0.999785072542825,-0.00876164940067355,-0.0187894177748268));
#2231=DIRECTION('ref_axis',(-0.0187901390152743,0.,-0.999823449752898));
#2232=DIRECTION('',(-0.0204321212880063,-0.569967627708379,-0.82141307013229));
#2233=DIRECTION('',(1.62691888020152E-15,-0.906307787036651,0.422618261740698));
#2234=DIRECTION('',(-0.0204321212880063,-0.569967627708379,-0.82141307013229));
#2235=DIRECTION('center_axis',(-1.58633412133995E-15,0.821584582141446,
-0.570086637615253));
#2236=DIRECTION('ref_axis',(-1.,0.,2.7826193716376E-15));
#2237=DIRECTION('',(1.,1.80251360073973E-15,1.58848611054295E-17));
#2238=DIRECTION('',(-0.0204321212880062,-0.569967627708379,-0.82141307013229));
#2239=DIRECTION('center_axis',(1.,0.,0.));
#2240=DIRECTION('ref_axis',(0.,1.,0.));
#2241=DIRECTION('',(0.,1.,1.38777878078144E-17));
#2242=DIRECTION('',(0.,-0.673012513509773,-0.73963109497861));
#2243=DIRECTION('center_axis',(1.,0.,0.));
#2244=DIRECTION('ref_axis',(-6.93889390390723E-17,-0.71575153767641,0.698355021685858));
#2245=DIRECTION('center_axis',(-1.,0.,0.));
#2246=DIRECTION('ref_axis',(7.14757616264689E-17,0.708287002382527,-0.705924586805116));
#2247=DIRECTION('center_axis',(1.,0.,0.));
#2248=DIRECTION('ref_axis',(0.,-0.600027060971958,0.79997970355588));
#2249=DIRECTION('',(1.97056193396982E-17,0.,1.));
#2250=DIRECTION('center_axis',(0.,0.73963109497861,-0.673012513509773));
#2251=DIRECTION('ref_axis',(0.,0.673012513509773,0.73963109497861));
#2252=DIRECTION('',(-1.,-5.9990009632236E-17,-6.59281597613619E-17));
#2253=DIRECTION('',(-0.3967356631489,-0.617780329979206,-0.67893171783073));
#2254=DIRECTION('',(1.,0.,0.));
#2255=DIRECTION('center_axis',(1.,-1.28172522535055E-16,-8.1685115451857E-17));
#2256=DIRECTION('ref_axis',(7.14757616264689E-17,0.708287002382527,-0.705924586805116));
#2257=DIRECTION('',(-1.,1.28172522535055E-16,8.16851154518571E-17));
#2258=DIRECTION('',(-1.,1.28172522535055E-16,8.1685115451857E-17));
#2259=DIRECTION('center_axis',(1.,0.,0.));
#2260=DIRECTION('ref_axis',(7.14757616264689E-17,0.708287002382527,-0.705924586805116));
#2261=DIRECTION('center_axis',(0.,0.,-1.));
#2262=DIRECTION('ref_axis',(0.707106781186547,-0.707106781186548,0.));
#2263=DIRECTION('',(0.,0.,1.));
#2264=DIRECTION('center_axis',(6.59281597613619E-17,1.38777878078144E-17,
-1.));
#2265=DIRECTION('ref_axis',(0.707106781186547,-0.707106781186548,0.));
#2266=DIRECTION('center_axis',(-1.,1.28172522535055E-16,8.1685115451857E-17));
#2267=DIRECTION('ref_axis',(-6.93889390390723E-17,-0.71575153767641,0.698355021685858));
#2268=DIRECTION('',(1.,0.,0.));
#2269=DIRECTION('center_axis',(-1.,0.,0.));
#2270=DIRECTION('ref_axis',(-6.93889390390723E-17,-0.71575153767641,0.698355021685858));
#2271=DIRECTION('center_axis',(0.,0.73963109497861,-0.673012513509773));
#2272=DIRECTION('ref_axis',(0.,0.673012513509773,0.73963109497861));
#2273=DIRECTION('',(-1.,-5.9990009632236E-17,-6.59281597613619E-17));
#2274=DIRECTION('',(0.,-0.673012513509773,-0.73963109497861));
#2275=DIRECTION('',(1.,0.,0.));
#2276=DIRECTION('',(0.3967356631489,-0.617780329979206,-0.67893171783073));
#2277=DIRECTION('center_axis',(-1.,0.,0.));
#2278=DIRECTION('ref_axis',(0.,-1.,0.));
#2279=DIRECTION('',(0.,-1.,-1.38777878078144E-17));
#2280=DIRECTION('center_axis',(0.,0.,-1.));
#2281=DIRECTION('ref_axis',(1.,0.,0.));
#2282=DIRECTION('',(0.,0.,1.));
#2283=DIRECTION('center_axis',(0.833290350526451,0.282341456842877,0.475300424434217));
#2284=DIRECTION('ref_axis',(0.450162137934415,0.152527187863881,-0.879823565570196));
#2285=DIRECTION('center_axis',(0.,0.282341456842876,0.959313974540058));
#2286=DIRECTION('ref_axis',(0.,-0.959313974540058,0.282341456842876));
#2287=DIRECTION('center_axis',(-0.833290350526451,0.282341456842877,0.475300424434217));
#2288=DIRECTION('ref_axis',(0.450162137934415,-0.152527187863881,0.879823565570196));
#2289=DIRECTION('',(0.,0.,-1.));
#2290=DIRECTION('center_axis',(0.868631514438191,0.,-0.495458668432408));
#2291=DIRECTION('ref_axis',(0.495458668432408,0.,0.868631514438191));
#2292=DIRECTION('center_axis',(0.,0.,-1.));
#2293=DIRECTION('ref_axis',(1.,0.,0.));
#2294=DIRECTION('center_axis',(-0.868631514438191,0.,-0.495458668432408));
#2295=DIRECTION('ref_axis',(0.495458668432408,0.,-0.868631514438191));
#2296=DIRECTION('center_axis',(0.,0.,-1.));
#2297=DIRECTION('ref_axis',(1.,0.,0.));
#2298=DIRECTION('center_axis',(0.,0.,1.));
#2299=DIRECTION('ref_axis',(1.,0.,0.));
#2300=DIRECTION('',(0.,0.,-1.));
#2301=DIRECTION('center_axis',(0.,0.282341456842877,-0.959313974540058));
#2302=DIRECTION('ref_axis',(0.,-0.959313974540058,-0.282341456842877));
#2303=DIRECTION('',(0.,0.,1.));
#2304=DIRECTION('center_axis',(0.,-0.282341456842877,0.959313974540058));
#2305=DIRECTION('ref_axis',(0.,-0.959313974540057,-0.282341456842877));
#2306=DIRECTION('',(1.,0.,0.));
#2307=DIRECTION('',(0.162786321493201,0.946518018252835,0.278575402104057));
#2308=DIRECTION('',(1.,0.,0.));
#2309=DIRECTION('',(-0.162786321493201,0.946518018252835,0.278575402104057));
#2310=DIRECTION('',(1.,0.,0.));
#2311=DIRECTION('center_axis',(0.833290350526451,-0.282341456842877,-0.475300424434217));
#2312=DIRECTION('ref_axis',(-0.245250687246113,-0.959313974540057,0.139888522250638));
#2313=DIRECTION('',(0.161835128791407,0.946668115922631,-0.278619578250641));
#2314=DIRECTION('',(-0.495458668432408,0.,-0.868631514438191));
#2315=DIRECTION('',(0.27449104809809,0.957591083078993,-0.087601267808259));
#2316=DIRECTION('',(-0.495458668432408,0.,-0.868631514438191));
#2317=DIRECTION('center_axis',(0.,-0.282341456842876,-0.959313974540058));
#2318=DIRECTION('ref_axis',(3.13461986193171E-17,-0.959313974540057,0.282341456842877));
#2319=DIRECTION('',(-0.161835128791407,0.946668115922631,-0.278619578250641));
#2320=DIRECTION('',(-1.,0.,4.93038065763132E-32));
#2321=DIRECTION('center_axis',(-0.833290350526451,-0.282341456842877,-0.475300424434217));
#2322=DIRECTION('ref_axis',(0.245250687246113,-0.959313974540057,0.139888522250638));
#2323=DIRECTION('',(-0.495458668432408,0.,0.868631514438191));
#2324=DIRECTION('',(-0.27449104809809,0.957591083078993,-0.0876012678082589));
#2325=DIRECTION('',(-0.495458668432408,0.,0.868631514438191));
#2326=DIRECTION('center_axis',(0.,-1.,0.));
#2327=DIRECTION('ref_axis',(0.,0.,-1.));
#2328=DIRECTION('',(1.,0.,0.));
#2329=DIRECTION('',(0.490903753615141,0.,-0.871213811120189));
#2330=DIRECTION('',(-0.0993197497436385,0.,-0.995055569961226));
#2331=DIRECTION('',(-0.495458668432408,0.,-0.868631514438191));
#2332=DIRECTION('',(-0.0993197497436385,0.,-0.995055569961226));
#2333=DIRECTION('',(0.490903753615141,0.,-0.871213811120189));
#2334=DIRECTION('center_axis',(1.,-5.95624852734164E-32,6.5928159761362E-17));
#2335=DIRECTION('ref_axis',(-4.66182488384092E-17,-0.707106781186548,0.707106781186547));
#2336=DIRECTION('center_axis',(-0.871213811120189,-6.16297582203915E-33,
-0.490903753615142));
#2337=DIRECTION('ref_axis',(-0.490903753615142,-9.30040031227948E-17,0.871213811120189));
#2338=DIRECTION('',(-1.,5.95624852734164E-32,-6.5928159761362E-17));
#2339=DIRECTION('',(-1.,5.95624852734164E-32,-6.5928159761362E-17));
#2340=DIRECTION('',(-1.,5.95624852734164E-32,-6.5928159761362E-17));
#2341=DIRECTION('center_axis',(0.871213811120189,0.,-0.490903753615141));
#2342=DIRECTION('ref_axis',(0.490903753615141,-3.72016012491179E-16,0.871213811120189));
#2343=DIRECTION('center_axis',(0.333399091563345,-0.923879532511287,-0.187860733394349));
#2344=DIRECTION('ref_axis',(-0.942785789956943,-0.326713236595662,-0.0664335403877482));
#2345=DIRECTION('center_axis',(0.871213811120189,0.,-0.490903753615141));
#2346=DIRECTION('ref_axis',(0.490903753615141,-9.30040031227948E-17,0.871213811120189));
#2347=DIRECTION('',(1.,-5.95624852734164E-32,6.5928159761362E-17));
#2348=DIRECTION('center_axis',(0.586337796826428,0.73963109497861,-0.330384369111909));
#2349=DIRECTION('ref_axis',(0.810066656524468,-0.535355533030728,0.239136917352078));
#2350=DIRECTION('',(-1.,5.95624852734164E-32,-6.5928159761362E-17));
#2351=DIRECTION('center_axis',(-0.586337796826428,0.73963109497861,-0.330384369111909));
#2352=DIRECTION('ref_axis',(-0.810066656524468,-0.535355533030728,0.239136917352078));
#2353=DIRECTION('',(1.,-5.95624852734164E-32,6.5928159761362E-17));
#2354=DIRECTION('center_axis',(-0.871213811120189,0.,-0.490903753615141));
#2355=DIRECTION('ref_axis',(-0.490903753615141,-3.72016012491179E-16,0.871213811120189));
#2356=DIRECTION('center_axis',(-0.333399091563345,-0.923879532511287,-0.187860733394349));
#2357=DIRECTION('ref_axis',(0.942785789956943,-0.326713236595662,-0.0664335403877481));
#2358=DIRECTION('center_axis',(0.,-1.,-9.03445287855944E-16));
#2359=DIRECTION('ref_axis',(0.,9.03445287855944E-16,-1.));
#2360=DIRECTION('',(0.490903753615141,0.,0.871213811120189));
#2361=DIRECTION('',(-0.0993197497436383,0.,0.995055569961226));
#2362=DIRECTION('',(-0.495458668432408,0.,0.868631514438191));
#2363=DIRECTION('',(-1.,0.,0.));
#2364=DIRECTION('',(-0.495458668432408,0.,0.868631514438191));
#2365=DIRECTION('',(-0.0993197497436383,0.,0.995055569961226));
#2366=DIRECTION('',(0.490903753615141,0.,0.871213811120189));
#2367=DIRECTION('center_axis',(-0.871213811120189,0.,0.490903753615141));
#2368=DIRECTION('ref_axis',(0.,-1.,0.));
#2369=DIRECTION('',(-0.490903753615141,-3.00424185609825E-17,-0.871213811120189));
#2370=DIRECTION('',(0.,1.,0.));
#2371=DIRECTION('center_axis',(0.333399091563345,-0.923879532511287,-0.187860733394349));
#2372=DIRECTION('ref_axis',(0.804896608535097,0.38268343236509,-0.453535930397992));
#2373=DIRECTION('',(0.490903753615141,0.,0.871213811120189));
#2374=DIRECTION('',(0.0966171336731425,0.23169393140568,-0.967978848751648));
#2375=DIRECTION('center_axis',(0.871213811120189,0.,-0.490903753615141));
#2376=DIRECTION('ref_axis',(-3.00591855277102E-17,1.,-5.33464602580653E-17));
#2377=DIRECTION('',(0.,-1.,0.));
#2378=DIRECTION('',(0.490903753615141,0.,0.871213811120189));
#2379=DIRECTION('',(0.,1.,0.));
#2380=DIRECTION('center_axis',(0.,-0.73963109497861,0.673012513509774));
#2381=DIRECTION('ref_axis',(0.,-0.673012513509774,-0.73963109497861));
#2382=DIRECTION('',(0.3967356631489,0.617780329979207,0.678931717830729));
#2383=DIRECTION('',(-0.3967356631489,0.617780329979207,0.678931717830729));
#2384=DIRECTION('center_axis',(0.,0.,-1.));
#2385=DIRECTION('ref_axis',(0.,1.,0.));
#2386=DIRECTION('',(1.,0.,0.));
#2387=DIRECTION('',(0.,1.,0.));
#2388=DIRECTION('',(1.,0.,0.));
#2389=DIRECTION('',(0.,1.,0.));
#2390=DIRECTION('center_axis',(0.,0.55249146943777,-0.833518551802234));
#2391=DIRECTION('ref_axis',(0.,0.833518551802234,0.55249146943777));
#2392=DIRECTION('',(-0.307234893737796,-0.793204352708229,-0.525769507402859));
#2393=DIRECTION('',(0.307234893737796,-0.793204352708229,-0.525769507402859));
#2394=DIRECTION('center_axis',(0.,-1.,-9.03445287855944E-16));
#2395=DIRECTION('ref_axis',(0.,9.03445287855944E-16,-1.));
#2396=DIRECTION('',(0.490903753615141,0.,-0.871213811120189));
#2397=DIRECTION('',(-0.0993197497436385,0.,-0.995055569961226));
#2398=DIRECTION('',(-0.495458668432408,0.,-0.868631514438191));
#2399=DIRECTION('',(-1.,0.,0.));
#2400=DIRECTION('',(-0.495458668432408,0.,-0.868631514438191));
#2401=DIRECTION('',(-0.0993197497436385,0.,-0.995055569961226));
#2402=DIRECTION('',(0.490903753615141,0.,-0.871213811120189));
#2403=DIRECTION('center_axis',(0.,-1.,0.));
#2404=DIRECTION('ref_axis',(0.,0.,-1.));
#2405=DIRECTION('',(0.490903753615141,0.,0.871213811120189));
#2406=DIRECTION('',(-0.0993197497436383,0.,0.995055569961226));
#2407=DIRECTION('',(-0.495458668432408,0.,0.868631514438191));
#2408=DIRECTION('',(-0.0993197497436383,0.,0.995055569961226));
#2409=DIRECTION('',(0.490903753615141,0.,0.871213811120189));
#2410=DIRECTION('center_axis',(0.586337796826428,-0.73963109497861,0.330384369111909));
#2411=DIRECTION('ref_axis',(-0.644376825079313,-0.673012513509774,-0.363087680815476));
#2412=DIRECTION('',(0.490903753615141,0.,-0.871213811120189));
#2413=DIRECTION('',(0.739251260649526,0.655322929230838,0.155111031369146));
#2414=DIRECTION('center_axis',(0.8357675838199,-0.282341456842877,0.470930830997174));
#2415=DIRECTION('ref_axis',(-0.245979776653309,-0.959313974540057,-0.138602480965335));
#2416=DIRECTION('',(0.288665473947968,0.9555122835405,0.0605683098130831));
#2417=DIRECTION('center_axis',(-0.871213811120189,0.,-0.490903753615141));
#2418=DIRECTION('ref_axis',(0.,1.,0.));
#2419=DIRECTION('',(0.490903753615141,0.,-0.871213811120189));
#2420=DIRECTION('',(0.,1.,0.));
#2421=DIRECTION('center_axis',(-0.726172874155005,0.55249146943777,-0.409177385787573));
#2422=DIRECTION('ref_axis',(0.481338198700273,0.833518551802234,0.271220136187346));
#2423=DIRECTION('',(0.490903753615141,0.,-0.871213811120189));
#2424=DIRECTION('',(-0.558650017446245,-0.821078768391422,-0.117216953143027));
#2425=DIRECTION('center_axis',(-0.586337796826427,0.73963109497861,-0.330384369111908));
#2426=DIRECTION('ref_axis',(0.644376825079314,0.673012513509773,0.363087680815477));
#2427=DIRECTION('',(0.490903753615141,0.,-0.871213811120189));
#2428=DIRECTION('',(-0.739251260649526,-0.655322929230838,-0.155111031369147));
#2429=DIRECTION('center_axis',(0.669684850221505,-0.73963109497861,-0.0668434344161278));
#2430=DIRECTION('ref_axis',(-0.735974040774986,-0.673012513509773,0.0734599752558889));
#2431=DIRECTION('',(-0.0993197497436385,0.,-0.995055569961226));
#2432=DIRECTION('',(0.711619106689308,0.664846468883575,-0.227106626516604));
#2433=DIRECTION('center_axis',(0.954570713707726,-0.282341456842876,-0.0952788238768937));
#2434=DIRECTION('ref_axis',(-0.280945439262472,-0.959313974540057,0.0280420828358888));
#2435=DIRECTION('center_axis',(-0.995055569961226,0.,0.0993197497436385));
#2436=DIRECTION('ref_axis',(0.,1.,0.));
#2437=DIRECTION('',(-0.0993197497436385,0.,-0.995055569961226));
#2438=DIRECTION('',(0.,1.,0.));
#2439=DIRECTION('center_axis',(-0.829397277636828,0.55249146943777,0.0827848539716779));
#2440=DIRECTION('ref_axis',(0.549759714020116,0.833518551802234,-0.0548733144800545));
#2441=DIRECTION('',(-0.0993197497436385,0.,-0.995055569961226));
#2442=DIRECTION('',(-0.534423494943846,-0.827829740268366,0.17055629328528));
#2443=DIRECTION('center_axis',(-0.669684850221505,0.73963109497861,0.0668434344161278));
#2444=DIRECTION('ref_axis',(0.735974040774987,0.673012513509773,-0.0734599752558889));
#2445=DIRECTION('',(-0.0993197497436385,0.,-0.995055569961226));
#2446=DIRECTION('',(-0.711619106689308,-0.664846468883575,0.227106626516604));
#2447=DIRECTION('center_axis',(0.584599878845848,-0.73963109497861,-0.3334498837819));
#2448=DIRECTION('ref_axis',(-0.642466878156847,-0.673012513509773,0.366456637449306));
#2449=DIRECTION('',(0.394726807686929,0.618362911220595,-0.679571966255287));
#2450=DIRECTION('center_axis',(-0.584599878845848,0.73963109497861,0.3334498837819));
#2451=DIRECTION('ref_axis',(-0.811321749772197,-0.532943001511451,-0.240268132482329));
#2452=DIRECTION('center_axis',(-0.868631514438191,0.,0.495458668432408));
#2453=DIRECTION('ref_axis',(0.,1.,0.));
#2454=DIRECTION('',(-0.495458668432408,0.,-0.868631514438191));
#2455=DIRECTION('',(0.,1.,0.));
#2456=DIRECTION('center_axis',(-0.724020481964303,0.55249146943777,0.412973991789644));
#2457=DIRECTION('ref_axis',(0.479911501811912,0.833518551802234,-0.273736687767902));
#2458=DIRECTION('',(-0.495458668432408,0.,-0.868631514438191));
#2459=DIRECTION('',(-0.305563843139292,-0.793652685185449,0.526066681195333));
#2460=DIRECTION('center_axis',(-0.584599878845848,0.73963109497861,0.3334498837819));
#2461=DIRECTION('ref_axis',(0.642466878156848,0.673012513509773,-0.366456637449306));
#2462=DIRECTION('',(-0.495458668432408,0.,-0.868631514438191));
#2463=DIRECTION('',(-0.394726807686929,-0.618362911220595,0.679571966255287));
#2464=DIRECTION('center_axis',(0.,-0.739631094978609,-0.673012513509774));
#2465=DIRECTION('ref_axis',(8.21155471373968E-17,-0.673012513509773,0.73963109497861));
#2466=DIRECTION('',(-0.394726807686929,0.618362911220595,-0.679571966255287));
#2467=DIRECTION('',(1.,0.,0.));
#2468=DIRECTION('center_axis',(0.,0.,1.));
#2469=DIRECTION('ref_axis',(0.,1.,0.));
#2470=DIRECTION('',(-1.,0.,4.93038065763132E-32));
#2471=DIRECTION('',(0.,1.,0.));
#2472=DIRECTION('center_axis',(0.,0.55249146943777,0.833518551802234));
#2473=DIRECTION('ref_axis',(-6.13388750278798E-17,0.833518551802234,-0.55249146943777));
#2474=DIRECTION('',(-1.,0.,4.93038065763132E-32));
#2475=DIRECTION('',(0.305563843139292,-0.79365268518545,0.526066681195333));
#2476=DIRECTION('center_axis',(0.,0.73963109497861,0.673012513509773));
#2477=DIRECTION('ref_axis',(-8.21155471373969E-17,0.673012513509773,-0.73963109497861));
#2478=DIRECTION('',(-1.,0.,4.93038065763132E-32));
#2479=DIRECTION('',(0.394726807686929,-0.618362911220595,0.679571966255287));
#2480=DIRECTION('center_axis',(-0.868631514438191,0.,-0.495458668432408));
#2481=DIRECTION('ref_axis',(0.,-1.,0.));
#2482=DIRECTION('',(0.,-1.,0.));
#2483=DIRECTION('',(-0.495458668432408,2.4033934848786E-16,0.868631514438191));
#2484=DIRECTION('',(0.,1.,0.));
#2485=DIRECTION('',(-0.495458668432407,0.,0.868631514438191));
#2486=DIRECTION('center_axis',(-0.584599878845848,-0.73963109497861,-0.3334498837819));
#2487=DIRECTION('ref_axis',(0.642466878156847,-0.673012513509773,0.366456637449306));
#2488=DIRECTION('',(-0.711619106689308,0.664846468883575,-0.227106626516604));
#2489=DIRECTION('center_axis',(0.584599878845848,0.73963109497861,0.3334498837819));
#2490=DIRECTION('ref_axis',(0.811321749772197,-0.532943001511451,-0.240268132482329));
#2491=DIRECTION('center_axis',(0.868631514438191,0.,0.495458668432408));
#2492=DIRECTION('ref_axis',(0.,1.,0.));
#2493=DIRECTION('',(-0.495458668432408,0.,0.868631514438191));
#2494=DIRECTION('',(0.,1.,0.));
#2495=DIRECTION('center_axis',(0.724020481964303,0.55249146943777,0.412973991789644));
#2496=DIRECTION('ref_axis',(-0.479911501811912,0.833518551802234,-0.273736687767902));
#2497=DIRECTION('',(-0.495458668432408,0.,0.868631514438191));
#2498=DIRECTION('',(0.534423494943846,-0.827829740268366,0.17055629328528));
#2499=DIRECTION('center_axis',(0.584599878845848,0.73963109497861,0.3334498837819));
#2500=DIRECTION('ref_axis',(-0.642466878156848,0.673012513509773,-0.366456637449306));
#2501=DIRECTION('',(-0.495458668432408,0.,0.868631514438191));
#2502=DIRECTION('',(0.711619106689309,-0.664846468883575,0.227106626516604));
#2503=DIRECTION('center_axis',(-0.669684850221505,-0.73963109497861,-0.0668434344161277));
#2504=DIRECTION('ref_axis',(0.735974040774987,-0.673012513509773,0.0734599752558886));
#2505=DIRECTION('',(-0.0993197497436383,0.,0.995055569961226));
#2506=DIRECTION('',(-0.739251260649526,0.655322929230838,0.155111031369147));
#2507=DIRECTION('center_axis',(-0.954570713707726,-0.282341456842877,-0.0952788238768935));
#2508=DIRECTION('ref_axis',(0.280945439262472,-0.959313974540057,0.0280420828358887));
#2509=DIRECTION('',(-0.288665473947968,0.9555122835405,0.0605683098130832));
#2510=DIRECTION('center_axis',(0.995055569961226,0.,0.0993197497436383));
#2511=DIRECTION('ref_axis',(0.,1.,0.));
#2512=DIRECTION('',(-0.0993197497436383,0.,0.995055569961226));
#2513=DIRECTION('',(0.,1.,0.));
#2514=DIRECTION('center_axis',(0.829397277636828,0.55249146943777,0.0827848539716777));
#2515=DIRECTION('ref_axis',(-0.549759714020116,0.833518551802234,-0.0548733144800543));
#2516=DIRECTION('',(-0.0993197497436383,0.,0.995055569961226));
#2517=DIRECTION('',(0.558650017446245,-0.821078768391423,-0.117216953143027));
#2518=DIRECTION('center_axis',(0.669684850221505,0.73963109497861,0.0668434344161277));
#2519=DIRECTION('ref_axis',(-0.735974040774987,0.673012513509773,-0.0734599752558887));
#2520=DIRECTION('',(-0.0993197497436383,0.,0.995055569961226));
#2521=DIRECTION('',(0.739251260649526,-0.655322929230838,-0.155111031369147));
#2522=DIRECTION('center_axis',(-0.586337796826428,-0.73963109497861,0.330384369111909));
#2523=DIRECTION('ref_axis',(0.644376825079313,-0.673012513509773,-0.363087680815476));
#2524=DIRECTION('',(0.490903753615141,0.,0.871213811120189));
#2525=DIRECTION('center_axis',(-0.8357675838199,-0.282341456842877,0.470930830997174));
#2526=DIRECTION('ref_axis',(0.245979776653309,-0.959313974540057,-0.138602480965336));
#2527=DIRECTION('center_axis',(0.871213811120189,0.,-0.490903753615141));
#2528=DIRECTION('ref_axis',(0.,1.,0.));
#2529=DIRECTION('',(0.490903753615141,0.,0.871213811120189));
#2530=DIRECTION('center_axis',(0.726172874155005,0.55249146943777,-0.409177385787573));
#2531=DIRECTION('ref_axis',(-0.481338198700274,0.833518551802234,0.271220136187347));
#2532=DIRECTION('',(0.490903753615141,0.,0.871213811120189));
#2533=DIRECTION('center_axis',(0.586337796826427,0.73963109497861,-0.330384369111908));
#2534=DIRECTION('ref_axis',(-0.644376825079314,0.673012513509773,0.363087680815477));
#2535=DIRECTION('',(0.490903753615141,0.,0.871213811120189));
#2536=DIRECTION('center_axis',(0.616041193706462,0.707106781186547,-0.347121373091197));
#2537=DIRECTION('ref_axis',(-0.490903753615141,0.,-0.871213811120189));
#2538=DIRECTION('',(0.490903753615141,0.,0.871213811120189));
#2539=DIRECTION('',(-0.753989699956404,0.656886240044387,-1.1387155622954E-16));
#2540=DIRECTION('',(0.708325753855381,-0.690062368419067,-0.148622185817177));
#2541=DIRECTION('center_axis',(0.703610541177028,0.707106781186548,0.0702296685494773));
#2542=DIRECTION('ref_axis',(0.0993197497436381,0.,-0.995055569961226));
#2543=DIRECTION('',(-0.0993197497436381,0.,0.995055569961226));
#2544=DIRECTION('',(0.681033401138215,-0.699252778086876,0.217345482750163));
#2545=DIRECTION('center_axis',(0.614215234211586,0.707106781186547,0.350342184246213));
#2546=DIRECTION('ref_axis',(0.495458668432408,0.,-0.868631514438191));
#2547=DIRECTION('',(0.754954452515776,-0.655777229420635,0.));
#2548=DIRECTION('',(-0.495458668432408,0.,0.868631514438191));
#2549=DIRECTION('center_axis',(-0.614215234211586,0.707106781186548,0.350342184246212));
#2550=DIRECTION('ref_axis',(0.495458668432407,0.,0.868631514438192));
#2551=DIRECTION('',(-0.495458668432407,0.,-0.868631514438192));
#2552=DIRECTION('',(0.754954452515777,0.655777229420635,0.));
#2553=DIRECTION('',(-0.681033401138214,-0.699252778086875,0.217345482750167));
#2554=DIRECTION('center_axis',(-0.703610541177028,0.707106781186548,0.0702296685494776));
#2555=DIRECTION('ref_axis',(0.0993197497436384,0.,0.995055569961226));
#2556=DIRECTION('',(-0.0993197497436384,0.,-0.995055569961226));
#2557=DIRECTION('',(-0.70832575385538,-0.690062368419067,-0.148622185817178));
#2558=DIRECTION('center_axis',(-0.616041193706462,0.707106781186548,-0.347121373091196));
#2559=DIRECTION('ref_axis',(-0.490903753615141,0.,0.871213811120189));
#2560=DIRECTION('',(-0.753989699956404,-0.656886240044387,-1.1387155622954E-16));
#2561=DIRECTION('',(0.490903753615141,0.,-0.871213811120189));
#2562=DIRECTION('center_axis',(0.871213811120189,0.,0.490903753615141));
#2563=DIRECTION('ref_axis',(0.,-1.,0.));
#2564=DIRECTION('',(0.,1.,0.));
#2565=DIRECTION('',(-0.490903753615141,-2.70381767048843E-16,0.871213811120189));
#2566=DIRECTION('center_axis',(0.995055569961226,0.,-0.0993197497436385));
#2567=DIRECTION('ref_axis',(0.,-1.,0.));
#2568=DIRECTION('',(-0.0979395126288607,0.166134541238341,-0.981227377356312));
#2569=DIRECTION('',(0.,1.,0.));
#2570=DIRECTION('',(-0.0993197497436384,0.,-0.995055569961226));
#2571=DIRECTION('',(0.,1.,0.));
#2572=DIRECTION('',(-0.0966171336731427,-0.23169393140568,-0.967978848751648));
#2573=DIRECTION('',(1.06452108766991E-33,-1.,1.06651259227018E-32));
#2574=DIRECTION('',(0.0966171336731427,-0.23169393140568,0.967978848751648));
#2575=DIRECTION('',(0.,1.,0.));
#2576=DIRECTION('',(0.0979395126288607,0.166134541238341,0.981227377356312));
#2577=DIRECTION('',(1.5049178055171E-33,1.,1.50773320369701E-32));
#2578=DIRECTION('center_axis',(-0.871213811120189,0.,0.490903753615141));
#2579=DIRECTION('ref_axis',(0.,-1.,0.));
#2580=DIRECTION('',(0.,-1.,0.));
#2581=DIRECTION('',(0.490903753615141,0.,0.871213811120189));
#2582=DIRECTION('',(0.,1.,0.));
#2583=DIRECTION('',(0.490903753615141,-3.00424185609825E-17,0.871213811120189));
#2584=DIRECTION('center_axis',(0.333399091563345,0.923879532511287,-0.187860733394349));
#2585=DIRECTION('ref_axis',(-0.804896608535097,0.38268343236509,0.453535930397992));
#2586=DIRECTION('',(0.940626756577365,-0.339442638468926,6.20137910834443E-17));
#2587=DIRECTION('',(-0.0966171336731425,0.23169393140568,0.967978848751648));
#2588=DIRECTION('center_axis',(-0.868631514438191,0.,-0.495458668432408));
#2589=DIRECTION('ref_axis',(0.,-1.,0.));
#2590=DIRECTION('center_axis',(0.868631514438191,0.,0.495458668432408));
#2591=DIRECTION('ref_axis',(0.495458668432408,1.85456674470057E-16,-0.868631514438191));
#2592=DIRECTION('',(0.,1.,0.));
#2593=DIRECTION('',(0.495458668432408,2.4033934848786E-16,-0.868631514438191));
#2594=DIRECTION('center_axis',(-0.995055569961226,0.,-0.0993197497436383));
#2595=DIRECTION('ref_axis',(0.,-1.,0.));
#2596=DIRECTION('',(-0.0979395126288605,-0.166134541238341,0.981227377356312));
#2597=DIRECTION('',(-7.52458902758546E-34,-1.,7.53866601848504E-33));
#2598=DIRECTION('',(0.0979395126288605,-0.166134541238341,-0.981227377356312));
#2599=DIRECTION('',(-0.0993197497436382,0.,0.995055569961226));
#2600=DIRECTION('center_axis',(0.332410889405693,0.923879532511287,0.189603823830751));
#2601=DIRECTION('ref_axis',(0.802510877483728,-0.38268343236509,0.457744122969997));
#2602=DIRECTION('',(0.940947686059686,-0.338551993198862,0.));
#2603=DIRECTION('',(0.495458668432407,0.,-0.868631514438192));
#2604=DIRECTION('center_axis',(0.868631514438191,0.,-0.495458668432408));
#2605=DIRECTION('ref_axis',(0.,-1.,0.));
#2606=DIRECTION('',(0.,1.,0.));
#2607=DIRECTION('',(-0.495458668432408,0.,-0.868631514438191));
#2608=DIRECTION('',(-0.495458668432408,-1.50212092804912E-16,-0.868631514438191));
#2609=DIRECTION('center_axis',(-0.332410889405693,0.923879532511287,0.189603823830751));
#2610=DIRECTION('ref_axis',(-0.802510877483727,-0.38268343236509,0.457744122969997));
#2611=DIRECTION('',(0.940947686059686,0.338551993198862,0.));
#2612=DIRECTION('',(0.495458668432407,4.11193712824132E-17,0.868631514438192));
#2613=DIRECTION('center_axis',(0.332410889405693,-0.923879532511287,0.18960382383075));
#2614=DIRECTION('ref_axis',(-0.802510877483728,-0.38268343236509,-0.457744122969997));
#2615=DIRECTION('center_axis',(0.332410889405693,-0.923879532511287,0.18960382383075));
#2616=DIRECTION('ref_axis',(-0.943134667268952,-0.325624354361916,0.0668264860805154));
#2617=DIRECTION('',(0.495458668432407,0.,-0.868631514438192));
#2618=DIRECTION('center_axis',(0.868631514438192,3.08148791101958E-33,0.495458668432407));
#2619=DIRECTION('ref_axis',(3.03380936202779E-17,-1.,-5.31883401897625E-17));
#2620=DIRECTION('center_axis',(0.868631514438192,3.08148791101958E-33,0.495458668432407));
#2621=DIRECTION('ref_axis',(0.495458668432407,1.85456674470058E-16,-0.868631514438192));
#2622=DIRECTION('',(3.54752027735559E-33,-1.,0.));
#2623=DIRECTION('center_axis',(0.,0.,1.));
#2624=DIRECTION('ref_axis',(1.,0.,0.));
#2625=DIRECTION('',(1.,0.,0.));
#2626=DIRECTION('',(-1.,0.,0.));
#2627=DIRECTION('',(-1.,0.,0.));
#2628=DIRECTION('',(-7.09504055471118E-33,1.,0.));
#2629=DIRECTION('center_axis',(-0.868631514438191,-6.16297582203915E-33,
0.495458668432407));
#2630=DIRECTION('ref_axis',(3.03380936202779E-17,-1.,5.31883401897624E-17));
#2631=DIRECTION('center_axis',(-0.868631514438191,-6.16297582203915E-33,
0.495458668432407));
#2632=DIRECTION('ref_axis',(-0.495458668432407,-9.27283372350288E-17,-0.868631514438191));
#2633=DIRECTION('',(0.495458668432407,4.11193712824132E-17,0.868631514438192));
#2634=DIRECTION('center_axis',(-0.332410889405693,-0.923879532511287,0.18960382383075));
#2635=DIRECTION('ref_axis',(0.802510877483727,-0.382683432365089,-0.457744122969997));
#2636=DIRECTION('center_axis',(-0.332410889405693,-0.923879532511287,0.18960382383075));
#2637=DIRECTION('ref_axis',(0.943134667268952,-0.325624354361916,0.0668264860805153));
#2638=DIRECTION('',(0.495458668432408,-1.50212092804912E-16,0.868631514438191));
#2639=DIRECTION('center_axis',(0.868631514438191,0.,-0.495458668432408));
#2640=DIRECTION('ref_axis',(0.,-1.,0.));
#2641=DIRECTION('center_axis',(-0.868631514438191,0.,0.495458668432408));
#2642=DIRECTION('ref_axis',(-0.495458668432408,1.85456674470057E-16,-0.868631514438191));
#2643=DIRECTION('center_axis',(1.,0.,0.));
#2644=DIRECTION('ref_axis',(0.,-0.707106781186548,-0.707106781186547));
#2645=DIRECTION('center_axis',(-0.333399091563345,-0.923879532511287,-0.187860733394349));
#2646=DIRECTION('ref_axis',(0.804896608535097,-0.38268343236509,0.453535930397993));
#2647=DIRECTION('',(-0.490903753615142,0.,0.871213811120189));
#2648=DIRECTION('center_axis',(-0.871213811120189,-6.16297582203915E-33,
-0.490903753615142));
#2649=DIRECTION('ref_axis',(-3.00591855277102E-17,-1.,5.33464602580653E-17));
#2650=DIRECTION('',(-0.490903753615142,0.,0.871213811120189));
#2651=DIRECTION('',(-7.07401070021483E-33,1.,-4.66376507597347E-49));
#2652=DIRECTION('center_axis',(-0.333399091563345,0.923879532511287,-0.187860733394349));
#2653=DIRECTION('ref_axis',(-0.804896608535097,-0.38268343236509,-0.453535930397993));
#2654=DIRECTION('',(0.940626756577365,0.339442638468926,6.20137910834443E-17));
#2655=DIRECTION('',(0.490903753615141,-2.4033934848786E-16,-0.871213811120189));
#2656=DIRECTION('center_axis',(0.871213811120189,0.,0.490903753615141));
#2657=DIRECTION('ref_axis',(0.,-1.,0.));
#2658=DIRECTION('',(0.,1.,0.));
#2659=DIRECTION('',(0.490903753615141,0.,-0.871213811120189));
#2660=DIRECTION('center_axis',(0.,1.,0.));
#2661=DIRECTION('ref_axis',(0.,0.,1.));
#2662=DIRECTION('',(-1.,0.,-6.5928159761362E-17));
#2663=DIRECTION('center_axis',(0.,1.,0.));
#2664=DIRECTION('ref_axis',(0.,0.,1.));
#2665=DIRECTION('',(-1.,0.,-6.5928159761362E-17));
#2666=DIRECTION('center_axis',(-6.5928159761362E-17,0.,1.));
#2667=DIRECTION('ref_axis',(1.,0.,6.5928159761362E-17));
#2668=DIRECTION('center_axis',(0.,-0.960250724149069,0.2791389381136));
#2669=DIRECTION('ref_axis',(0.,-0.2791389381136,-0.960250724149069));
#2670=DIRECTION('',(-1.,-1.80251360073973E-15,-1.58848611054295E-17));
#2671=DIRECTION('',(-0.00954811819179035,0.279126213755069,0.960206951773291));
#2672=DIRECTION('center_axis',(1.,-1.28172522535055E-16,-8.1685115451857E-17));
#2673=DIRECTION('ref_axis',(0.,-0.600027060971958,0.79997970355588));
#2674=DIRECTION('',(-1.,1.28172522535055E-16,8.16851154518571E-17));
#2675=DIRECTION('center_axis',(-6.5928159761362E-17,0.,1.));
#2676=DIRECTION('ref_axis',(1.,0.,6.5928159761362E-17));
#2677=DIRECTION('center_axis',(-1.97056193396982E-17,0.,-1.));
#2678=DIRECTION('ref_axis',(-0.707106781186547,-0.707106781186548,0.));
#2679=DIRECTION('center_axis',(1.,-1.28172522535055E-16,-8.1685115451857E-17));
#2680=DIRECTION('ref_axis',(0.,0.474741293871115,-0.880125391006066));
#2681=DIRECTION('',(-1.38556604876126E-15,0.906307787036651,-0.422618261740698));
#2682=DIRECTION('',(-1.38556604876126E-15,0.906307787036651,-0.422618261740698));
#2683=DIRECTION('center_axis',(-0.00471783189681837,0.999988870969169,0.));
#2684=DIRECTION('ref_axis',(0.999937694342024,0.0047175904514074,0.0101169053711686));
#2685=DIRECTION('',(-1.38556604876126E-15,0.906307787036651,-0.422618261740698));
#2686=DIRECTION('center_axis',(-0.999785072542825,0.00876164940067356,0.0187894177748268));
#2687=DIRECTION('ref_axis',(0.0187901390152743,0.,0.999823449752898));
#2688=DIRECTION('',(-0.0204321212880063,-0.569967627708379,-0.82141307013229));
#2689=DIRECTION('center_axis',(1.24178700632444E-15,-0.821584582141446,
0.570086637615253));
#2690=DIRECTION('ref_axis',(1.,0.,-2.17824261154234E-15));
#2691=CARTESIAN_POINT('',(0.,0.,0.));
#2692=CARTESIAN_POINT('Ctrl Pts',(1.22926371451997,10.7927536477817,11.1294307123878));
#2693=CARTESIAN_POINT('Ctrl Pts',(1.23668999392946,10.6227119432046,11.6252870369871));
#2694=CARTESIAN_POINT('Ctrl Pts',(1.24411627333896,10.4526702386275,12.1211433615863));
#2695=CARTESIAN_POINT('Ctrl Pts',(1.25154255274845,10.2826285340505,12.6169996861855));
#2696=CARTESIAN_POINT('Ctrl Pts',(0.846120023675671,10.7927536477817,11.1294307123878));
#2697=CARTESIAN_POINT('Ctrl Pts',(0.844108721392888,10.7765098860033,11.5511071039853));
#2698=CARTESIAN_POINT('Ctrl Pts',(0.842097419110105,10.7602661242249,11.9727834955828));
#2699=CARTESIAN_POINT('Ctrl Pts',(0.840086116827322,10.7440223624465,12.3944598871803));
#2700=CARTESIAN_POINT('Ctrl Pts',(0.462976332831377,10.7927536477817,11.1294307123878));
#2701=CARTESIAN_POINT('Ctrl Pts',(0.451527448856316,10.930307828802,11.4769271709836));
#2702=CARTESIAN_POINT('Ctrl Pts',(0.440078564881255,11.0678620098222,11.8244236295794));
#2703=CARTESIAN_POINT('Ctrl Pts',(0.428629680906194,11.2054161908425,12.1719200881751));
#2704=CARTESIAN_POINT('Ctrl Pts',(0.0798326419870832,10.7927536477817,11.1294307123878));
#2705=CARTESIAN_POINT('Ctrl Pts',(0.058946176319744,11.0841057716006,11.4027472379819));
#2706=CARTESIAN_POINT('Ctrl Pts',(0.0380597106524048,11.3754578954195,11.6760637635759));
#2707=CARTESIAN_POINT('Ctrl Pts',(0.0171732449850656,11.6668100192385,11.9493802891699));
#2708=CARTESIAN_POINT('',(1.22926371451997,10.7927536475358,11.1294307118605));
#2709=CARTESIAN_POINT('',(0.269661533778361,10.7927536475358,11.1294307118605));
#2710=CARTESIAN_POINT('',(-0.525000000000012,10.7927536475358,11.1294307118605));
#2711=CARTESIAN_POINT('',(0.0798326419870833,10.7927536477817,11.1294307123878));
#2712=CARTESIAN_POINT('',(-0.525000000000012,10.7927536475358,11.1294307118605));
#2713=CARTESIAN_POINT('',(0.0171732449850656,11.6668100189738,11.9493802886212));
#2714=CARTESIAN_POINT('',(0.0798326419870833,10.7927536477817,11.1294307123878));
#2715=CARTESIAN_POINT('',(0.226248980103358,11.4323593082208,12.0624607219773));
#2716=CARTESIAN_POINT('',(1.25154255274845,10.2826285338623,12.6169996857953));
#2717=CARTESIAN_POINT('',(1.25154255274845,10.2826285338623,12.6169996857953));
#2718=CARTESIAN_POINT('',(1.25154255274845,10.2826285338623,12.6169996857953));
#2719=CARTESIAN_POINT('',(1.22926371451997,10.7927536477817,11.1294307123878));
#2720=CARTESIAN_POINT('Ctrl Pts',(0.0798326419870833,10.7927536477817,11.1294307123878));
#2721=CARTESIAN_POINT('Ctrl Pts',(0.058946176319744,11.0841057716006,11.4027472379819));
#2722=CARTESIAN_POINT('Ctrl Pts',(0.0380597106524047,11.3754578954195,11.6760637635759));
#2723=CARTESIAN_POINT('Ctrl Pts',(0.0171732449850653,11.6668100192385,11.9493802891699));
#2724=CARTESIAN_POINT('Ctrl Pts',(-0.303690333835289,10.7927536477817,11.1294307123878));
#2725=CARTESIAN_POINT('Ctrl Pts',(-0.334245598583872,10.9303163123429,11.4769230791961));
#2726=CARTESIAN_POINT('Ctrl Pts',(-0.364800863332454,11.067878976904,11.8244154460044));
#2727=CARTESIAN_POINT('Ctrl Pts',(-0.395356128081036,11.2054416414652,12.1719078128127));
#2728=CARTESIAN_POINT('Ctrl Pts',(-0.687213309657662,10.7927536477817,11.1294307123878));
#2729=CARTESIAN_POINT('Ctrl Pts',(-0.727437373487487,10.7765268530851,11.5510989204104));
#2730=CARTESIAN_POINT('Ctrl Pts',(-0.767661437317313,10.7603000583885,11.9727671284329));
#2731=CARTESIAN_POINT('Ctrl Pts',(-0.807885501147138,10.7440732636919,12.3944353364555));
#2732=CARTESIAN_POINT('Ctrl Pts',(-1.07073628548003,10.7927536477817,11.1294307123878));
#2733=CARTESIAN_POINT('Ctrl Pts',(-1.1206291483911,10.6227373938273,11.6252747616246));
#2734=CARTESIAN_POINT('Ctrl Pts',(-1.17052201130217,10.452721139873,12.1211188108614));
#2735=CARTESIAN_POINT('Ctrl Pts',(-1.22041487421324,10.2827048859187,12.6169628600982));
#2736=CARTESIAN_POINT('',(-0.110194648855893,10.7927536475358,11.1294307118605));
#2737=CARTESIAN_POINT('',(-0.525000000000012,10.7927536475358,11.1294307118605));
#2738=CARTESIAN_POINT('',(-1.07073628548003,10.7927536475358,11.1294307118605));
#2739=CARTESIAN_POINT('',(-0.525000000000012,10.7927536475358,11.1294307118605));
#2740=CARTESIAN_POINT('',(-1.22041487421324,10.2827048857305,12.616962859708));
#2741=CARTESIAN_POINT('',(-1.07073628548003,10.7927536477817,11.1294307123878));
#2742=CARTESIAN_POINT('',(-0.327774359399526,11.2810243585248,12.1354527024178));
#2743=CARTESIAN_POINT('',(-1.22041487421324,10.2827048857305,12.616962859708));
#2744=CARTESIAN_POINT('',(-1.22041487421324,10.2827048857305,12.616962859708));
#2745=CARTESIAN_POINT('Ctrl Pts',(-1.07073628548003,10.7927536477817,11.1294307123878));
#2746=CARTESIAN_POINT('Ctrl Pts',(-1.1206291483911,10.6227373938273,11.6252747616246));
#2747=CARTESIAN_POINT('Ctrl Pts',(-1.17052201130217,10.452721139873,12.1211188108614));
#2748=CARTESIAN_POINT('Ctrl Pts',(-1.22041487421324,10.2827048859187,12.6169628600982));
#2749=CARTESIAN_POINT('Ctrl Pts',(-1.07073628548003,10.0979176776831,11.4534380463094));
#2750=CARTESIAN_POINT('Ctrl Pts',(-1.05187425288008,10.0803466059521,11.8794634418746));
#2751=CARTESIAN_POINT('Ctrl Pts',(-1.03301222028014,10.0627755342211,12.3054888374398));
#2752=CARTESIAN_POINT('Ctrl Pts',(-1.01415018768019,10.0452044624901,12.7315142330049));
#2753=CARTESIAN_POINT('Ctrl Pts',(-1.07073628548003,9.40308170758457,11.777445380231));
#2754=CARTESIAN_POINT('Ctrl Pts',(-0.983119357369067,9.53795581807688,12.1336521221245));
#2755=CARTESIAN_POINT('Ctrl Pts',(-0.895502429258102,9.67282992856919,12.4898588640181));
#2756=CARTESIAN_POINT('Ctrl Pts',(-0.807885501147137,9.80770403906151,12.8460656059116));
#2757=CARTESIAN_POINT('Ctrl Pts',(-1.07073628548003,8.70824573748601,12.1014527141526));
#2758=CARTESIAN_POINT('Ctrl Pts',(-0.914364461858049,8.99556503020165,12.3878408023745));
#2759=CARTESIAN_POINT('Ctrl Pts',(-0.757992638236067,9.28288432291729,12.6742288905964));
#2760=CARTESIAN_POINT('Ctrl Pts',(-0.601620814614086,9.57020361563293,12.9606169788183));
#2761=CARTESIAN_POINT('',(-1.07073628548003,10.2092183669217,11.4015376820145));
#2762=CARTESIAN_POINT('',(-1.07073628548003,10.0538297047093,11.4739966051945));
#2763=CARTESIAN_POINT('',(-1.07073628548003,8.70824573735148,12.1014527138641));
#2764=CARTESIAN_POINT('',(-1.07073628548003,10.0538297047093,11.4739966051945));
#2765=CARTESIAN_POINT('',(-0.601620814614086,9.57020361563293,12.9606169788183));
#2766=CARTESIAN_POINT('',(-1.07073628548003,8.70824573748601,12.1014527141526));
#2767=CARTESIAN_POINT('',(-0.841179648349843,9.84604009239863,12.8275753330196));
#2768=CARTESIAN_POINT('',(-1.22041487421324,10.2827048857305,12.616962859708));
#2769=CARTESIAN_POINT('',(-1.22041487421324,10.2827048857305,12.616962859708));
#2770=CARTESIAN_POINT('Ctrl Pts',(-1.07073628548003,8.70824573748601,12.1014527141526));
#2771=CARTESIAN_POINT('Ctrl Pts',(-0.914364461858049,8.99556503020165,12.3878408023745));
#2772=CARTESIAN_POINT('Ctrl Pts',(-0.757992638236068,9.28288432291729,12.6742288905964));
#2773=CARTESIAN_POINT('Ctrl Pts',(-0.601620814614086,9.57020361563293,12.9606169788183));
#2774=CARTESIAN_POINT('Ctrl Pts',(-0.304069618813364,8.70824573748601,12.1014527141526));
#2775=CARTESIAN_POINT('Ctrl Pts',(-0.334498455235921,8.91639822239213,12.4260245933434));
#2776=CARTESIAN_POINT('Ctrl Pts',(-0.364927291658478,9.12455070729824,12.7505964725342));
#2777=CARTESIAN_POINT('Ctrl Pts',(-0.395356128081035,9.33270319220435,13.075168351725));
#2778=CARTESIAN_POINT('Ctrl Pts',(0.462597047853303,8.70824573748601,12.1014527141526));
#2779=CARTESIAN_POINT('Ctrl Pts',(0.245367551386207,8.8372314145826,12.4642083843123));
#2780=CARTESIAN_POINT('Ctrl Pts',(0.0281380549191117,8.96621709167919,12.826964054472));
#2781=CARTESIAN_POINT('Ctrl Pts',(-0.189091441547984,9.09520276877578,13.1897197246317));
#2782=CARTESIAN_POINT('Ctrl Pts',(1.22926371451997,8.70824573748602,12.1014527141526));
#2783=CARTESIAN_POINT('Ctrl Pts',(0.825233558008335,8.75806460677308,12.5023921752812));
#2784=CARTESIAN_POINT('Ctrl Pts',(0.421203401496701,8.80788347606014,12.9033316364098));
#2785=CARTESIAN_POINT('Ctrl Pts',(0.0171732449850677,8.8577023453472,13.3042710975384));
#2786=CARTESIAN_POINT('',(-0.427880596724197,8.70824573735148,12.1014527138641));
#2787=CARTESIAN_POINT('',(0.624999999999991,8.70824573735148,12.1014527138641));
#2788=CARTESIAN_POINT('',(1.22926371451997,8.70824573735148,12.1014527138641));
#2789=CARTESIAN_POINT('',(0.624999999999991,8.70824573735148,12.1014527138641));
#2790=CARTESIAN_POINT('',(0.0171732449850674,8.85770234523777,13.3042710973115));
#2791=CARTESIAN_POINT('',(1.22926371451997,8.70824573748602,12.1014527141526));
#2792=CARTESIAN_POINT('',(-0.414485209482757,9.3547290900002,13.0645448047069));
#2793=CARTESIAN_POINT('',(-1.22041487421324,10.2827048857305,12.616962859708));
#2794=CARTESIAN_POINT('',(-1.22041487421324,10.2827048857305,12.616962859708));
#2795=CARTESIAN_POINT('Ctrl Pts',(1.22926371451997,8.70824573748602,12.1014527141526));
#2796=CARTESIAN_POINT('Ctrl Pts',(0.825233558008335,8.75806460677308,12.5023921752812));
#2797=CARTESIAN_POINT('Ctrl Pts',(0.421203401496701,8.80788347606014,12.9033316364098));
#2798=CARTESIAN_POINT('Ctrl Pts',(0.0171732449850673,8.8577023453472,13.3042710975384));
#2799=CARTESIAN_POINT('Ctrl Pts',(1.22926371451997,9.40308170758457,11.777445380231));
#2800=CARTESIAN_POINT('Ctrl Pts',(0.962385703315377,9.37961371891693,12.2100237958498));
#2801=CARTESIAN_POINT('Ctrl Pts',(0.695507692110786,9.35614573024927,12.6426022114686));
#2802=CARTESIAN_POINT('Ctrl Pts',(0.428629680906195,9.33267774158163,13.0751806270875));
#2803=CARTESIAN_POINT('Ctrl Pts',(1.22926371451997,10.0979176776831,11.4534380463094));
#2804=CARTESIAN_POINT('Ctrl Pts',(1.09953784862242,10.0011628310608,11.9176554164184));
#2805=CARTESIAN_POINT('Ctrl Pts',(0.969811982724871,9.90440798443841,12.3818727865275));
#2806=CARTESIAN_POINT('Ctrl Pts',(0.840086116827322,9.80765313781605,12.8460901566365));
#2807=CARTESIAN_POINT('Ctrl Pts',(1.22926371451997,10.7927536477817,11.1294307123878));
#2808=CARTESIAN_POINT('Ctrl Pts',(1.23668999392946,10.6227119432046,11.6252870369871));
#2809=CARTESIAN_POINT('Ctrl Pts',(1.24411627333896,10.4526702386275,12.1211433615863));
#2810=CARTESIAN_POINT('Ctrl Pts',(1.25154255274845,10.2826285340505,12.6169996861855));
#2811=CARTESIAN_POINT('',(1.22926371451996,11.0960836598015,10.9879856041927));
#2812=CARTESIAN_POINT('',(0.582487054571389,9.51028698664482,12.9895160094943));
#2813=CARTESIAN_POINT('',(0.0171732449850672,8.85770234523776,13.3042710973115));
#2814=CARTESIAN_POINT('',(0.0171732449850672,8.85770234523776,13.3042710973115));
#2815=CARTESIAN_POINT('Origin',(0.0155638392676061,12.3320814597863,16.0176657383133));
#2816=CARTESIAN_POINT('',(-1.22041487421324,12.352530163411,16.007802905055));
#2817=CARTESIAN_POINT('',(0.0171732449850681,10.9275276229183,16.6951111426585));
#2818=CARTESIAN_POINT('',(-1.22041487421324,12.352530163411,16.007802905055));
#2819=CARTESIAN_POINT('',(1.25154255274845,12.3524538115428,16.0078397311423));
#2820=CARTESIAN_POINT('',(0.0171732449850681,10.9275276229183,16.6951111426585));
#2821=CARTESIAN_POINT('',(0.0171732449850664,13.7366352966543,15.3402203339681));
#2822=CARTESIAN_POINT('',(1.25154255274845,12.3524538115428,16.0078397311423));
#2823=CARTESIAN_POINT('',(-1.22041487421324,12.352530163411,16.007802905055));
#2824=CARTESIAN_POINT('Origin',(1.25154255274845,12.2855805749275,15.8982863059704));
#2825=CARTESIAN_POINT('',(0.0171732449850681,10.860654386303,16.5855577174866));
#2826=CARTESIAN_POINT('',(1.25154255274845,12.2855805749275,15.8982863059704));
#2827=CARTESIAN_POINT('Origin',(0.0171732449850664,13.669762060039,15.2306669087963));
#2828=CARTESIAN_POINT('',(0.0171732449850665,13.669762060039,15.2306669087963));
#2829=CARTESIAN_POINT('Origin',(-1.22041487421324,12.2856569267957,15.8982494798831));
#2830=CARTESIAN_POINT('',(-1.22041487421324,12.2856569267957,15.8982494798831));
#2831=CARTESIAN_POINT('Origin',(0.0171732449850677,10.860654386303,16.5855577174866));
#2832=CARTESIAN_POINT('Origin',(1.24999999999998,11.3712061379027,11.963071804686));
#2833=CARTESIAN_POINT('',(1.03848988810384,3.38648282597541,4.43195465986906));
#2834=CARTESIAN_POINT('',(1.24999999999998,9.28669822771844,12.9350938066896));
#2835=CARTESIAN_POINT('',(1.03848988810384,5.47099073615971,3.45993265786545));
#2836=CARTESIAN_POINT('',(1.03848988810384,3.38648282597541,4.43195465986906));
#2837=CARTESIAN_POINT('',(1.24999999999998,11.3712061379027,11.963071804686));
#2838=CARTESIAN_POINT('Origin',(-1.05000000000002,11.3712061379027,11.963071804686));
#2839=CARTESIAN_POINT('',(-1.26151011189616,5.47099073615971,3.45993265786545));
#2840=CARTESIAN_POINT('',(1.03848988810384,5.47099073615971,3.45993265786545));
#2841=CARTESIAN_POINT('',(-1.05000000000002,11.3712061379027,11.963071804686));
#2842=CARTESIAN_POINT('Origin',(2.5,3.05,3.2744383405643));
#2843=CARTESIAN_POINT('',(2.5,3.66603323097655,3.27443834056431));
#2844=CARTESIAN_POINT('',(2.5,4.19595037822609,3.27443834056431));
#2845=CARTESIAN_POINT('',(2.5,4.93948233853457,3.27443834056431));
#2846=CARTESIAN_POINT('',(2.5,0.969998715462551,0.311535094663832));
#2847=CARTESIAN_POINT('',(2.5,2.17850112755425,1.63966190419112));
#2848=CARTESIAN_POINT('',(2.5,2.54981897524493,1.56641192452731));
#2849=CARTESIAN_POINT('Origin',(2.5,6.69601101687383,-5.27530507882303));
#2850=CARTESIAN_POINT('',(2.5,3.2038434213917,2.00829129943061));
#2851=CARTESIAN_POINT('Origin',(2.5,-1.59637306638396,8.40812892787766));
#2852=CARTESIAN_POINT('',(2.50000000000006,4.19595037822604,2.65502300423585));
#2853=CARTESIAN_POINT('Origin',(2.5,8.60408697013932,-5.19152603257231));
#2854=CARTESIAN_POINT('',(2.5,4.19595037822609,8.2744383405643));
#2855=CARTESIAN_POINT('Origin',(-3.6,0.969998715462552,0.311535094663833));
#2856=CARTESIAN_POINT('',(5.51342727459354,3.66603323097654,3.2744383405643));
#2857=CARTESIAN_POINT('',(-1.8,3.66603323097655,3.27443834056431));
#2858=CARTESIAN_POINT('',(3.78204641075029,0.969998715462552,0.311535094663834));
#2859=CARTESIAN_POINT('',(4.32199577163437,1.81078547935334,1.23554768334066));
#2860=CARTESIAN_POINT('',(-3.6,0.969998715462552,0.311535094663833));
#2861=CARTESIAN_POINT('Origin',(-3.6,-1.59637306638396,8.40812892787766));
#2862=CARTESIAN_POINT('',(-1.23494148994144,3.2038434213917,2.00829129943061));
#2863=CARTESIAN_POINT('',(1.25000001375166,3.2038434213917,2.00829129943061));
#2864=CARTESIAN_POINT('',(-2.5,2.54981897524493,1.56641192452731));
#2865=CARTESIAN_POINT('',(-3.6,2.54981897524493,1.56641192452731));
#2866=CARTESIAN_POINT('',(-2.5,4.19595037822609,2.89006866062606));
#2867=CARTESIAN_POINT('Origin',(-2.5,-1.59637306638396,8.40812892787766));
#2868=CARTESIAN_POINT('',(-1.93947547893733,4.53919707450195,3.27443834056433));
#2869=CARTESIAN_POINT('Ctrl Pts',(-2.5,4.19595037822609,2.89006866062606));
#2870=CARTESIAN_POINT('Ctrl Pts',(-2.35197273742194,4.25583035426865,2.95292484056894));
#2871=CARTESIAN_POINT('Ctrl Pts',(-2.21865139545006,4.33105443585976,3.03417269750549));
#2872=CARTESIAN_POINT('Ctrl Pts',(-2.05015266520413,4.44837791868718,3.16746143404655));
#2873=CARTESIAN_POINT('Ctrl Pts',(-1.99304824185186,4.49272614286974,3.21889824602762));
#2874=CARTESIAN_POINT('Ctrl Pts',(-1.93947547893733,4.53919707450195,3.27443834056435));
#2875=CARTESIAN_POINT('',(-1.89900865208129,4.57527210025425,3.31786410763467));
#2876=CARTESIAN_POINT('Ctrl Pts',(-1.93947547893734,4.53919707450195,3.27443834056435));
#2877=CARTESIAN_POINT('Ctrl Pts',(-1.92575926221584,4.55109501171557,3.28865825254861));
#2878=CARTESIAN_POINT('Ctrl Pts',(-1.91223983308369,4.56315107722575,3.3031680840903));
#2879=CARTESIAN_POINT('Ctrl Pts',(-1.89900865230105,4.57527210020202,3.31786410787508));
#2880=CARTESIAN_POINT('',(-1.26151011189616,4.89288696027079,3.72950687577077));
#2881=CARTESIAN_POINT('Ctrl Pts',(-1.26151011189616,4.89288696027079,3.72950687577077));
#2882=CARTESIAN_POINT('Ctrl Pts',(-1.28154265708222,4.87703730553598,3.70752336657482));
#2883=CARTESIAN_POINT('Ctrl Pts',(-1.30229441096271,4.86131593666905,3.68598493911256));
#2884=CARTESIAN_POINT('Ctrl Pts',(-1.32372339131339,4.84580192441241,3.66498176888255));
#2885=CARTESIAN_POINT('Ctrl Pts',(-1.34523388077337,4.8302289017269,3.64389870919116));
#2886=CARTESIAN_POINT('Ctrl Pts',(-1.36742437967735,4.81486474933269,3.62335304031879));
#2887=CARTESIAN_POINT('Ctrl Pts',(-1.39027673836969,4.79979676845929,3.60339337469748));
#2888=CARTESIAN_POINT('Ctrl Pts',(-1.41287200598294,4.78489830371832,3.58365825709951));
#2889=CARTESIAN_POINT('Ctrl Pts',(-1.43611334499926,4.7702894604035,3.56449434138528));
#2890=CARTESIAN_POINT('Ctrl Pts',(-1.46003109194845,4.75606154660579,3.54593395980296));
#2891=CARTESIAN_POINT('Ctrl Pts',(-1.49089915554509,4.73769910850122,3.52198007149239));
#2892=CARTESIAN_POINT('Ctrl Pts',(-1.52298717372557,4.71987286319679,3.49897092236102));
#2893=CARTESIAN_POINT('Ctrl Pts',(-1.55625295513595,4.70283153396363,3.47717873452159));
#2894=CARTESIAN_POINT('Ctrl Pts',(-1.58786773849603,4.6866359747724,3.45646810431012));
#2895=CARTESIAN_POINT('Ctrl Pts',(-1.62054662615474,4.67114950309295,3.43685565194415));
#2896=CARTESIAN_POINT('Ctrl Pts',(-1.65429001113175,4.65660122956353,3.41860158086656));
#2897=CARTESIAN_POINT('Ctrl Pts',(-1.66725557586185,4.65101119814596,3.41158763308671));
#2898=CARTESIAN_POINT('Ctrl Pts',(-1.68037866699887,4.64555984141795,3.40477460053722));
#2899=CARTESIAN_POINT('Ctrl Pts',(-1.69366054250221,4.64026075293795,3.39817881062575));
#2900=CARTESIAN_POINT('Ctrl Pts',(-1.71108530754218,4.63330877001456,3.38952565848383));
#2901=CARTESIAN_POINT('Ctrl Pts',(-1.72878347904972,4.62661881923777,3.38124638553575));
#2902=CARTESIAN_POINT('Ctrl Pts',(-1.74674660187102,4.62022027143281,3.37336219876327));
#2903=CARTESIAN_POINT('Ctrl Pts',(-1.78212063849933,4.6076198752393,3.35783619504728));
#2904=CARTESIAN_POINT('Ctrl Pts',(-1.81853277726738,4.59614498731158,3.34383622392407));
#2905=CARTESIAN_POINT('Ctrl Pts',(-1.85588942863414,4.58603753018874,3.33156008796268));
#2906=CARTESIAN_POINT('Ctrl Pts',(-1.8704276621799,4.58210397172381,3.32678253630544));
#2907=CARTESIAN_POINT('Ctrl Pts',(-1.88510867066472,4.57837770444143,3.32226646818312));
#2908=CARTESIAN_POINT('Ctrl Pts',(-1.89992561628439,4.57487369978235,3.31802519300013));
#2909=CARTESIAN_POINT('',(-1.24999998624834,4.53919706965404,3.27443833477034));
#2910=CARTESIAN_POINT('Ctrl Pts',(-1.24999998624834,4.53919706965404,3.27443833477034));
#2911=CARTESIAN_POINT('Ctrl Pts',(-1.25293799102582,4.66275001774417,3.42210359912013));
#2912=CARTESIAN_POINT('Ctrl Pts',(-1.25644307938201,4.78078083616681,3.57401541230376));
#2913=CARTESIAN_POINT('Ctrl Pts',(-1.26151011189616,4.89288696027079,3.72950687577077));
#2914=CARTESIAN_POINT('Ctrl Pts',(-1.24999998624834,4.53919706965404,3.27443833477034));
#2915=CARTESIAN_POINT('Ctrl Pts',(-1.2441112082466,4.29155421749178,2.97846605896351));
#2916=CARTESIAN_POINT('Ctrl Pts',(-1.2407226034721,4.0226953346856,2.70066179659615));
#2917=CARTESIAN_POINT('Ctrl Pts',(-1.23682310372748,3.56408914175743,2.29077319166473));
#2918=CARTESIAN_POINT('Ctrl Pts',(-1.23575462017465,3.38694373096117,2.14562620946105));
#2919=CARTESIAN_POINT('Ctrl Pts',(-1.23494148994144,3.2038434213917,2.00829129943061));
#2920=CARTESIAN_POINT('Origin',(-3.25,6.05,8.67592568921797));
#2921=CARTESIAN_POINT('',(-2.5,4.19595037822609,3.27443834056431));
#2922=CARTESIAN_POINT('',(-2.5,4.19595037822609,8.67592568921797));
#2923=CARTESIAN_POINT('',(-2.22810264077948,4.33077756319372,3.2744383405643));
#2924=CARTESIAN_POINT('Origin',(-3.25,6.05,3.27443834056431));
#2925=CARTESIAN_POINT('Ctrl Pts',(-1.89900865213679,4.57527210035249,3.3178641074977));
#2926=CARTESIAN_POINT('Ctrl Pts',(-1.99921591696695,4.48347269260349,3.29257699292769));
#2927=CARTESIAN_POINT('Ctrl Pts',(-2.1092289705722,4.40143548800032,3.2744383405643));
#2928=CARTESIAN_POINT('Ctrl Pts',(-2.22810264077948,4.33077756319372,3.2744383405643));
#2929=CARTESIAN_POINT('Origin',(-3.6,6.69601101687383,-5.27530507882303));
#2930=CARTESIAN_POINT('',(-2.5,0.969998715462552,0.311535094663833));
#2931=CARTESIAN_POINT('',(-3.6,0.969998715462552,0.311535094663833));
#2932=CARTESIAN_POINT('Origin',(-2.5,6.69601101687383,-5.27530507882303));
#2933=CARTESIAN_POINT('Origin',(-3.6,0.969998715462552,0.311535094663833));
#2934=CARTESIAN_POINT('',(-2.5,3.66603323097655,3.27443834056431));
#2935=CARTESIAN_POINT('',(-5.51342727459354,3.66603323097654,3.2744383405643));
#2936=CARTESIAN_POINT('',(-1.8,3.66603323097655,3.27443834056431));
#2937=CARTESIAN_POINT('',(-2.5,2.40497404922462,1.88855239534189));
#2938=CARTESIAN_POINT('',(-3.78204641075029,0.969998715462552,0.311535094663833));
#2939=CARTESIAN_POINT('',(-3.6,0.969998715462552,0.311535094663833));
#2940=CARTESIAN_POINT('',(-4.32199577163437,1.81078547935334,1.23554768334066));
#2941=CARTESIAN_POINT('Origin',(-2.5,4.05,3.2744383405643));
#2942=CARTESIAN_POINT('',(-2.5,5.43948233853457,3.27443834056431));
#2943=CARTESIAN_POINT('Origin',(-3.2964079880681E-16,-15.7,8.2744383405643));
#2944=CARTESIAN_POINT('',(-3.08382878902186,0.,-11.7068947798378));
#2945=CARTESIAN_POINT('',(-3.08382878902186,0.,-10.697728865793));
#2946=CARTESIAN_POINT('',(-3.08382878902186,0.,8.2744383405643));
#2947=CARTESIAN_POINT('',(-2.83317169959061,0.0471628594054629,-12.1743594672763));
#2948=CARTESIAN_POINT('Origin',(-3.2964079880681E-16,-15.7,-7.78719262075965));
#2949=CARTESIAN_POINT('',(2.83317169959062,0.0471628594054629,-12.1743594672763));
#2950=CARTESIAN_POINT('Origin',(-3.2964079880681E-16,-15.7,-7.53971739923154));
#2951=CARTESIAN_POINT('',(3.08382878902186,0.,-11.7068947798378));
#2952=CARTESIAN_POINT('Origin',(-3.2964079880681E-16,-15.7,-7.78719262075966));
#2953=CARTESIAN_POINT('',(3.08382878902186,0.,-10.697728865793));
#2954=CARTESIAN_POINT('',(3.08382878902186,0.,8.2744383405643));
#2955=CARTESIAN_POINT('',(2.53468598855142,0.0979545175773033,-11.6604786828962));
#2956=CARTESIAN_POINT('Origin',(-3.2964079880681E-16,-15.7,-16.1042562755392));
#2957=CARTESIAN_POINT('',(-2.53468598855142,0.0979545175773033,-11.6604786828962));
#2958=CARTESIAN_POINT('Origin',(-3.2964079880681E-16,-15.7,-11.6604786828962));
#2959=CARTESIAN_POINT('Origin',(-3.2964079880681E-16,-15.7,-16.1042562755392));
#2960=CARTESIAN_POINT('Origin',(-3.2964079880681E-16,-15.7,8.2744383405643));
#2961=CARTESIAN_POINT('',(3.08382878902186,0.,0.));
#2962=CARTESIAN_POINT('',(-3.08382878902186,0.,0.));
#2963=CARTESIAN_POINT('Origin',(-3.2964079880681E-16,-15.7,0.));
#2964=CARTESIAN_POINT('',(3.08382878902186,0.,0.5));
#2965=CARTESIAN_POINT('',(3.08382878902186,0.,8.2744383405643));
#2966=CARTESIAN_POINT('',(-3.08382878902186,0.,0.5));
#2967=CARTESIAN_POINT('Origin',(-3.2964079880681E-16,-15.7,-4.12076128366466));
#2968=CARTESIAN_POINT('',(-3.08382878902186,0.,8.2744383405643));
#2969=CARTESIAN_POINT('Origin',(-3.6,0.441284428288426,0.629877070147723));
#2970=CARTESIAN_POINT('',(3.8921764094455,0.,0.500000000000002));
#2971=CARTESIAN_POINT('',(-3.6,0.,0.5));
#2972=CARTESIAN_POINT('',(3.96807044149563,0.441284428288426,0.629877070147725));
#2973=CARTESIAN_POINT('',(3.87309684761381,-0.110937755017806,0.467349243102998));
#2974=CARTESIAN_POINT('',(-3.96807044149563,0.441284428288426,0.629877070147723));
#2975=CARTESIAN_POINT('',(-3.6,0.441284428288426,0.629877070147723));
#2976=CARTESIAN_POINT('',(-3.8921764094455,0.,0.5));
#2977=CARTESIAN_POINT('',(-3.87309684761381,-0.110937755017806,0.467349243102997));
#2978=CARTESIAN_POINT('',(-3.6,0.,0.5));
#2979=CARTESIAN_POINT('Origin',(5.06365173563336,0.441284428288426,-8.49803067959493));
#2980=CARTESIAN_POINT('',(2.90054770369052,0.441284428288426,-12.2903557530439));
#2981=CARTESIAN_POINT('',(2.80623013153277,-0.11043409537065,-12.1279761610946));
#2982=CARTESIAN_POINT('',(5.12998597386024,0.441284428288426,-8.38173437986033));
#2983=CARTESIAN_POINT('',(5.06365173563336,0.441284428288426,-8.49803067959493));
#2984=CARTESIAN_POINT('',(5.00349291500594,0.,-8.34136529532603));
#2985=CARTESIAN_POINT('',(4.98240506463851,-0.0735671986867432,-8.33463530380049));
#2986=CARTESIAN_POINT('',(4.95083641950014,0.,-8.43368195935964));
#2987=CARTESIAN_POINT('Origin',(2.53468598855142,0.441284428288426,-12.2903557530439));
#2988=CARTESIAN_POINT('',(-2.90054770369051,0.441284428288426,-12.2903557530439));
#2989=CARTESIAN_POINT('',(-2.80623013153276,-0.110434095370649,-12.1279761610946));
#2990=CARTESIAN_POINT('',(2.53468598855142,0.441284428288426,-12.2903557530439));
#2991=CARTESIAN_POINT('Origin',(-3.08181706190373,0.441284428288426,-11.9725567373477));
#2992=CARTESIAN_POINT('',(-5.00349291500594,0.,-8.34136529532604));
#2993=CARTESIAN_POINT('',(-2.96900174577051,0.,-11.9082080171124));
#2994=CARTESIAN_POINT('',(-5.12998597386023,0.441284428288426,-8.38173437986034));
#2995=CARTESIAN_POINT('',(-4.9824050646385,-0.0735671986867428,-8.33463530380049));
#2996=CARTESIAN_POINT('',(-3.08181706190373,0.441284428288426,-11.9725567373477));
#2997=CARTESIAN_POINT('Origin',(0.,0.,0.5));
#2998=CARTESIAN_POINT('',(3.6,0.,0.));
#2999=CARTESIAN_POINT('',(-3.6,0.,0.));
#3000=CARTESIAN_POINT('',(5.07271126084542,0.,-2.61364143336057));
#3001=CARTESIAN_POINT('',(3.6,0.,0.));
#3002=CARTESIAN_POINT('',(4.51652066228105,0.,-8.18595262514344));
#3003=CARTESIAN_POINT('',(5.07271126084542,0.,-2.61364143336057));
#3004=CARTESIAN_POINT('',(4.51652066228105,0.,-8.18595262514343));
#3005=CARTESIAN_POINT('',(5.58594440198755,0.,-2.50595393102823));
#3006=CARTESIAN_POINT('',(5.57023904582604,0.,-2.66330130823239));
#3007=CARTESIAN_POINT('',(4.03560690556009,0.,0.245451876807571));
#3008=CARTESIAN_POINT('Origin',(4.26727046093216E-16,3.05,1.9744383405643));
#3009=CARTESIAN_POINT('',(6.15783626171145,2.71603323097654,3.23080858742151));
#3010=CARTESIAN_POINT('',(6.13325215926298,3.05,3.2744383405643));
#3011=CARTESIAN_POINT('Origin',(6.86576451335334,3.05,1.9744383405643));
#3012=CARTESIAN_POINT('',(2.50000000000001,3.05000000113171,3.2744383405643));
#3013=CARTESIAN_POINT('',(3.41020438403445E-16,3.05,3.2744383405643));
#3014=CARTESIAN_POINT('',(-2.25906166271237,3.0499999940236,3.2744383405643));
#3015=CARTESIAN_POINT('',(3.41020438403445E-16,3.05,3.2744383405643));
#3016=CARTESIAN_POINT('',(-6.13325215926298,3.05,3.2744383405643));
#3017=CARTESIAN_POINT('',(3.41020438403445E-16,3.05,3.2744383405643));
#3018=CARTESIAN_POINT('',(-6.15783626171145,2.71603323097654,3.23080858742151));
#3019=CARTESIAN_POINT('Origin',(-6.86576451335334,3.05,1.9744383405643));
#3020=CARTESIAN_POINT('',(-7.67985097358997,2.21897695612883,2.97413864593341));
#3021=CARTESIAN_POINT('Origin',(-5.94031189441279,3.05,1.9744383405643));
#3022=CARTESIAN_POINT('',(-8.24315314595211,1.75,1.9744383405643));
#3023=CARTESIAN_POINT('Origin',(-8.24315314595211,3.05,1.9744383405643));
#3024=CARTESIAN_POINT('',(-4.8613178273822,1.75,1.9744383405643));
#3025=CARTESIAN_POINT('',(4.26727046093216E-16,1.75,1.9744383405643));
#3026=CARTESIAN_POINT('',(-4.81088456610761,1.75367964852481,2.07218058501993));
#3027=CARTESIAN_POINT('Origin',(-6.50119236502323,3.05,1.9744383405643));
#3028=CARTESIAN_POINT('',(4.81088456610761,1.75367964852481,2.07218058501993));
#3029=CARTESIAN_POINT('',(5.51756226344695E-16,1.75367964852481,2.07218058501993));
#3030=CARTESIAN_POINT('',(4.86131782738221,1.75,1.9744383405643));
#3031=CARTESIAN_POINT('Origin',(6.50119236502323,3.05,1.9744383405643));
#3032=CARTESIAN_POINT('',(8.24315314595211,1.75,1.9744383405643));
#3033=CARTESIAN_POINT('',(4.26727046093216E-16,1.75,1.9744383405643));
#3034=CARTESIAN_POINT('',(7.67985097358998,2.21897695612883,2.97413864593341));
#3035=CARTESIAN_POINT('Origin',(8.24315314595211,3.05,1.9744383405643));
#3036=CARTESIAN_POINT('Origin',(5.94031189441279,3.05,1.9744383405643));
#3037=CARTESIAN_POINT('Origin',(0.,1.75,5.0144383405643));
#3038=CARTESIAN_POINT('',(-10.219863142028,1.75,-1.53365675237078));
#3039=CARTESIAN_POINT('',(-9.44135919815565,1.75,-0.152034829705873));
#3040=CARTESIAN_POINT('',(-9.40030533199042,1.75,-9.74456712908965));
#3041=CARTESIAN_POINT('',(-9.50616546328669,1.75,-8.68398538623319));
#3042=CARTESIAN_POINT('',(-7.18128892933572,1.75,-13.6349170234605));
#3043=CARTESIAN_POINT('',(-6.89038515837272,1.75,-14.1449256260486));
#3044=CARTESIAN_POINT('',(-3.78939997815284,1.75,-13.6349170234605));
#3045=CARTESIAN_POINT('',(5.55111512312578E-16,1.75000000000002,-13.6349170234605));
#3046=CARTESIAN_POINT('',(-6.53077104175064,1.75,-8.82878192011465));
#3047=CARTESIAN_POINT('',(-4.3311347058922,1.75,-12.6851549404419));
#3048=CARTESIAN_POINT('',(-7.19558385475049,1.75,-2.16821648106952));
#3049=CARTESIAN_POINT('',(-6.5744316091292,1.75,-8.3913594450295));
#3050=CARTESIAN_POINT('',(-6.87450052073509,1.75,-1.59838536233248));
#3051=CARTESIAN_POINT('Origin',(-9.44135919815565,3.66603323097654,-0.152034829705873));
#3052=CARTESIAN_POINT('',(-10.219863142028,2.21897695612883,-1.53365675237078));
#3053=CARTESIAN_POINT('',(-7.98578018880977,2.21897695612883,2.43120175542922));
#3054=CARTESIAN_POINT('',(-10.219863142028,0.875,-1.53365675237078));
#3055=CARTESIAN_POINT('Origin',(-7.32318678434622,1.84195654148852,5.46126276532748));
#3056=CARTESIAN_POINT('',(-10.0125890358023,2.71603323097654,-3.61027549578288));
#3057=CARTESIAN_POINT('',(-5.48474460611966,2.71603323097654,4.42535383622613));
#3058=CARTESIAN_POINT('',(-10.1837680657323,2.30553520737693,-1.89528278152382));
#3059=CARTESIAN_POINT('Origin',(-5.48474460611966,2.71603323097654,4.42535383622613));
#3060=CARTESIAN_POINT('',(-6.13325215926298,3.71603323097654,3.2744383405643));
#3061=CARTESIAN_POINT('',(-6.13325215926298,2.52452492323241,3.2744383405643));
#3062=CARTESIAN_POINT('',(-10.0125890358023,3.71603323097654,-3.61027549578288));
#3063=CARTESIAN_POINT('',(-5.48474460611966,3.71603323097654,4.42535383622613));
#3064=CARTESIAN_POINT('',(-10.0125890358023,3.19103323097654,-3.61027549578288));
#3065=CARTESIAN_POINT('Origin',(-3.6,1.75,2.06813670409215));
#3066=CARTESIAN_POINT('',(3.7712273241159,0.134768485043505,0.293020446860957));
#3067=CARTESIAN_POINT('',(-3.7712273241159,0.134768485043506,0.293020446860956));
#3068=CARTESIAN_POINT('Origin',(-3.6,0.,0.));
#3069=CARTESIAN_POINT('',(-3.6,0.,0.));
#3070=CARTESIAN_POINT('',(-3.6,0.,0.));
#3071=CARTESIAN_POINT('',(-3.6,0.5,0.));
#3072=CARTESIAN_POINT('',(-3.6,0.,0.));
#3073=CARTESIAN_POINT('',(3.6,0.5,0.));
#3074=CARTESIAN_POINT('',(-3.6,0.5,0.));
#3075=CARTESIAN_POINT('',(3.6,0.,0.));
#3076=CARTESIAN_POINT('Origin',(-3.6,0.5,0.));
#3077=CARTESIAN_POINT('',(3.62150621271587,0.555523711284739,0.0368034721842921));
#3078=CARTESIAN_POINT('',(-3.62150621271587,0.55552371128474,0.0368034721842916));
#3079=CARTESIAN_POINT('Origin',(0.,1.75,5.0144383405643));
#3080=CARTESIAN_POINT('',(7.19558385475049,1.75,-2.16821648106952));
#3081=CARTESIAN_POINT('',(5.40178925988967,1.75,1.01525607102809));
#3082=CARTESIAN_POINT('',(6.53077104175065,1.75,-8.82878192011464));
#3083=CARTESIAN_POINT('',(7.13062220769358,1.75,-2.81904825324663));
#3084=CARTESIAN_POINT('',(3.78939997815284,1.75,-13.6349170234605));
#3085=CARTESIAN_POINT('',(6.31296937962183,1.75,-9.21062888268912));
#3086=CARTESIAN_POINT('',(7.18128892933572,1.75,-13.6349170234605));
#3087=CARTESIAN_POINT('',(5.55111512312578E-16,1.75000000000002,-13.6349170234605));
#3088=CARTESIAN_POINT('',(9.40030533199042,1.75,-9.74456712908965));
#3089=CARTESIAN_POINT('',(8.87221983210235,1.75,-10.6703995682958));
#3090=CARTESIAN_POINT('',(10.219863142028,1.75,-1.53365675237078));
#3091=CARTESIAN_POINT('',(10.0623560618511,1.75,-3.11167419445032));
#3092=CARTESIAN_POINT('',(7.96864793731022,1.75,2.46160660365469));
#3093=CARTESIAN_POINT('Origin',(0.,0.,0.5));
#3094=CARTESIAN_POINT('',(-5.58594440198754,0.,-2.50595393102823));
#3095=CARTESIAN_POINT('',(-5.50831816640551,0.,-2.368189556553));
#3096=CARTESIAN_POINT('',(-5.01404844726166,0.,-8.23561250001525));
#3097=CARTESIAN_POINT('',(-4.51652066228105,0.,-8.18595262514343));
#3098=CARTESIAN_POINT('',(-2.53468598855142,0.,-11.6604786828962));
#3099=CARTESIAN_POINT('',(-5.07271126084542,0.,-2.61364143336056));
#3100=CARTESIAN_POINT('',(-4.51652066228105,0.,-8.18595262514343));
#3101=CARTESIAN_POINT('',(-5.07271126084542,0.,-2.61364143336057));
#3102=CARTESIAN_POINT('Origin',(5.40178925988967,1.75,1.01525607102809));
#3103=CARTESIAN_POINT('',(5.71925883533605,0.441284428288426,-2.47798165643933));
#3104=CARTESIAN_POINT('',(4.14875760282062,0.441284428288426,0.309209018051625));
#3105=CARTESIAN_POINT('',(5.41115399075373,0.168159200088615,-2.54262877002153));
#3106=CARTESIAN_POINT('Origin',(4.14875760282062,0.441284428288426,0.309209018051625));
#3107=CARTESIAN_POINT('',(5.56158984075836,-0.080616092033645,-2.51106404894332));
#3108=CARTESIAN_POINT('Origin',(3.6,0.,0.));
#3109=CARTESIAN_POINT('',(5.07271126084542,0.5,-2.61364143336057));
#3110=CARTESIAN_POINT('',(3.6,0.5,0.));
#3111=CARTESIAN_POINT('',(5.07271126084542,0.,-2.61364143336057));
#3112=CARTESIAN_POINT('Origin',(3.6,0.5,0.));
#3113=CARTESIAN_POINT('',(5.39249153126608,0.969998715462552,-2.54654456089413));
#3114=CARTESIAN_POINT('',(3.87141367711977,0.969998715462552,0.152933747353324));
#3115=CARTESIAN_POINT('',(5.11319055664757,0.559494655517084,-2.60514799458652));
#3116=CARTESIAN_POINT('Origin',(3.87141367711977,0.969998715462552,0.152933747353324));
#3117=CARTESIAN_POINT('',(8.43381181085346,3.66603323097654,-1.90840926048732));
#3118=CARTESIAN_POINT('',(6.45273590596109,3.66603323097654,1.60743407236435));
#3119=CARTESIAN_POINT('',(6.49978618125233,1.95158050257112,-2.31421000249514));
#3120=CARTESIAN_POINT('Origin',(7.13062220769358,1.75,-2.81904825324663));
#3121=CARTESIAN_POINT('',(5.69947394788677,0.441284428288426,-2.6762006663369));
#3122=CARTESIAN_POINT('',(4.84704749232612,0.176942663725083,-8.29143719215287));
#3123=CARTESIAN_POINT('Origin',(5.69947394788677,0.441284428288426,-2.6762006663369));
#3124=CARTESIAN_POINT('Origin',(5.07271126084542,0.,-2.61364143336057));
#3125=CARTESIAN_POINT('',(4.51652066228105,0.5,-8.18595262514344));
#3126=CARTESIAN_POINT('',(5.07271126084542,0.5,-2.61364143336057));
#3127=CARTESIAN_POINT('',(4.51652066228105,0.,-8.18595262514344));
#3128=CARTESIAN_POINT('Origin',(5.07271126084542,0.5,-2.61364143336057));
#3129=CARTESIAN_POINT('',(4.81993855598367,0.969998715462552,-8.28278562697802));
#3130=CARTESIAN_POINT('',(5.38270599202907,0.969998715462552,-2.64458302099894));
#3131=CARTESIAN_POINT('',(4.55556291580898,0.560477016641856,-8.1984125976301));
#3132=CARTESIAN_POINT('Origin',(5.38270599202907,0.969998715462552,-2.64458302099894));
#3133=CARTESIAN_POINT('',(7.70564189250778,3.66603323097654,-9.2037310368542));
#3134=CARTESIAN_POINT('',(8.33095937011853,3.66603323097654,-2.93885782989639));
#3135=CARTESIAN_POINT('',(5.91021746234736,1.98861678541078,-8.63073801057609));
#3136=CARTESIAN_POINT('Origin',(6.31296937962183,1.75,-9.21062888268912));
#3137=CARTESIAN_POINT('',(3.73830424811996,1.75367964852482,-13.7326592679161));
#3138=CARTESIAN_POINT('',(2.70520696358207,0.135271595156381,-11.9540520405518));
#3139=CARTESIAN_POINT('Origin',(5.43414958940917,3.05000000000002,-13.6349170234605));
#3140=CARTESIAN_POINT('Origin',(4.51652066228105,0.,-8.18595262514343));
#3141=CARTESIAN_POINT('',(2.53468598855142,0.5,-11.6604786828962));
#3142=CARTESIAN_POINT('',(4.51652066228105,0.5,-8.18595262514343));
#3143=CARTESIAN_POINT('',(2.53468598855142,0.,-11.6604786828962));
#3144=CARTESIAN_POINT('Origin',(4.51652066228105,0.5,-8.18595262514343));
#3145=CARTESIAN_POINT('',(2.71563997062446,0.969998715462552,-11.97201377756));
#3146=CARTESIAN_POINT('',(4.78712986335954,0.969998715462552,-8.34030538831554));
#3147=CARTESIAN_POINT('',(2.55608731853493,0.555586494898913,-11.6973237707244));
#3148=CARTESIAN_POINT('Origin',(4.78712986335954,0.969998715462552,-8.34030538831554));
#3149=CARTESIAN_POINT('',(4.43663112066285,3.66603323097654,-14.9349170234605));
#3150=CARTESIAN_POINT('',(7.3608009969799,3.66603323097654,-9.80830148522345));
#3151=CARTESIAN_POINT('',(3.25370337425653,1.81290688944976,-12.8983577654917));
#3152=CARTESIAN_POINT('Origin',(2.53468598855142,1.75,-13.7286153869884));
#3153=CARTESIAN_POINT('',(-3.73830424811996,1.75367964852482,-13.7326592679161));
#3154=CARTESIAN_POINT('',(-2.70520696358206,0.135271595156381,-11.9540520405518));
#3155=CARTESIAN_POINT('',(5.55111512312578E-16,1.75367964852482,-13.7326592679161));
#3156=CARTESIAN_POINT('Origin',(2.53468598855142,0.,-11.6604786828962));
#3157=CARTESIAN_POINT('',(-2.53468598855142,0.5,-11.6604786828962));
#3158=CARTESIAN_POINT('',(2.53468598855142,0.5,-11.6604786828962));
#3159=CARTESIAN_POINT('',(-2.53468598855142,0.,-11.6604786828962));
#3160=CARTESIAN_POINT('Origin',(2.53468598855142,0.5,-11.6604786828962));
#3161=CARTESIAN_POINT('',(-2.71563997062446,0.969998715462552,-11.97201377756));
#3162=CARTESIAN_POINT('',(2.53468598855142,0.969998715462552,-11.97201377756));
#3163=CARTESIAN_POINT('',(-2.55608731853493,0.555586494898911,-11.6973237707244));
#3164=CARTESIAN_POINT('Origin',(2.53468598855142,0.969998715462552,-11.97201377756));
#3165=CARTESIAN_POINT('',(-4.43663112066284,3.66603323097654,-14.9349170234605));
#3166=CARTESIAN_POINT('',(2.53468598855142,3.66603323097654,-14.9349170234605));
#3167=CARTESIAN_POINT('',(-3.25370337425653,1.81290688944976,-12.8983577654917));
#3168=CARTESIAN_POINT('Origin',(-6.89038515837272,3.66603323097654,-14.1449256260486));
#3169=CARTESIAN_POINT('',(-6.43978202076044,4.66603323097654,-14.9349170234605));
#3170=CARTESIAN_POINT('',(-6.43978202076044,4.21308950582426,-14.9349170234605));
#3171=CARTESIAN_POINT('',(-6.43978202076044,2.99952492323241,-14.9349170234605));
#3172=CARTESIAN_POINT('',(-9.40030533199042,4.21308950582426,-9.74456712908965));
#3173=CARTESIAN_POINT('',(-6.16884435075081,4.21308950582426,-15.4099213247546));
#3174=CARTESIAN_POINT('',(-9.40030533199042,4.66603323097654,-9.74456712908965));
#3175=CARTESIAN_POINT('',(-9.40030533199042,0.875,-9.74456712908965));
#3176=CARTESIAN_POINT('',(-5.4473035431289,4.66603323097654,-16.6749170234605));
#3177=CARTESIAN_POINT('Origin',(-4.3311347058922,1.75,-12.6851549404419));
#3178=CARTESIAN_POINT('',(-4.84704749232611,0.176942663725084,-8.29143719215287));
#3179=CARTESIAN_POINT('Origin',(-5.43414958940917,3.05000000000002,-13.6349170234605));
#3180=CARTESIAN_POINT('Origin',(-2.53468598855142,0.,-11.6604786828962));
#3181=CARTESIAN_POINT('',(-4.51652066228105,0.5,-8.18595262514343));
#3182=CARTESIAN_POINT('',(-2.53468598855142,0.5,-11.6604786828962));
#3183=CARTESIAN_POINT('',(-4.51652066228105,0.,-8.18595262514343));
#3184=CARTESIAN_POINT('Origin',(-2.53468598855142,0.5,-11.6604786828962));
#3185=CARTESIAN_POINT('',(-4.81993855598367,0.969998715462552,-8.28278562697803));
#3186=CARTESIAN_POINT('',(-2.80529518962991,0.969998715462552,-11.8148314460683));
#3187=CARTESIAN_POINT('',(-4.55556291580898,0.560477016641857,-8.1984125976301));
#3188=CARTESIAN_POINT('Origin',(-2.80529518962991,0.969998715462552,-11.8148314460683));
#3189=CARTESIAN_POINT('',(-7.70564189250778,3.66603323097654,-9.2037310368542));
#3190=CARTESIAN_POINT('',(-5.37896632325027,3.66603323097654,-13.2828275429762));
#3191=CARTESIAN_POINT('',(-5.91021746234736,1.98861678541078,-8.63073801057609));
#3192=CARTESIAN_POINT('Origin',(-6.5744316091292,1.75,-8.3913594450295));
#3193=CARTESIAN_POINT('',(-5.71925883533605,0.441284428288426,-2.47798165643933));
#3194=CARTESIAN_POINT('',(-5.1432833493224,0.441284428288426,-8.24851185811976));
#3195=CARTESIAN_POINT('',(-5.41115399075372,0.168159200088616,-2.54262877002153));
#3196=CARTESIAN_POINT('Origin',(-5.1432833493224,0.441284428288426,-8.24851185811976));
#3197=CARTESIAN_POINT('',(-5.56158984075836,-0.0806160920336442,-2.51106404894332));
#3198=CARTESIAN_POINT('Origin',(-4.51652066228105,0.,-8.18595262514343));
#3199=CARTESIAN_POINT('',(-5.07271126084542,0.5,-2.61364143336056));
#3200=CARTESIAN_POINT('',(-4.51652066228105,0.5,-8.18595262514343));
#3201=CARTESIAN_POINT('',(-5.07271126084542,0.,-2.61364143336056));
#3202=CARTESIAN_POINT('Origin',(-4.51652066228105,0.5,-8.18595262514343));
#3203=CARTESIAN_POINT('',(-5.39249153126607,0.969998715462552,-2.54654456089413));
#3204=CARTESIAN_POINT('',(-4.82651539346469,0.969998715462552,-8.21689421278181));
#3205=CARTESIAN_POINT('',(-5.11319055664757,0.559494655517085,-2.60514799458652));
#3206=CARTESIAN_POINT('Origin',(-4.82651539346469,0.969998715462552,-8.21689421278181));
#3207=CARTESIAN_POINT('',(-8.43381181085345,3.66603323097654,-1.90840926048732));
#3208=CARTESIAN_POINT('',(-7.77476877155415,3.66603323097654,-8.51116902167925));
#3209=CARTESIAN_POINT('',(-6.49978618125232,1.95158050257112,-2.31421000249514));
#3210=CARTESIAN_POINT('Origin',(-6.87450052073509,1.75,-1.59838536233248));
#3211=CARTESIAN_POINT('',(-5.62146886366604,0.441284428288426,-2.30443241530894));
#3212=CARTESIAN_POINT('Origin',(-5.62146886366604,0.441284428288426,-2.30443241530894));
#3213=CARTESIAN_POINT('Origin',(-5.07271126084542,0.,-2.61364143336057));
#3214=CARTESIAN_POINT('',(-5.07271126084542,0.5,-2.61364143336057));
#3215=CARTESIAN_POINT('Origin',(-5.07271126084542,0.5,-2.61364143336057));
#3216=CARTESIAN_POINT('',(-5.34412493796519,0.969998715462552,-2.46070768600725));
#3217=CARTESIAN_POINT('Origin',(-5.34412493796519,0.969998715462552,-2.46070768600725));
#3218=CARTESIAN_POINT('',(-7.92544716680652,3.66603323097654,-1.00620736099622));
#3219=CARTESIAN_POINT('Origin',(-7.23165739448733,4.16603323097654,1.24360071955935));
#3220=CARTESIAN_POINT('',(-9.4602780931377,4.66603323097654,-1.69303425582264));
#3221=CARTESIAN_POINT('',(-6.66125113509251,4.66603323097654,3.2744383405643));
#3222=CARTESIAN_POINT('',(-7.66726430004743,4.66603323097654,1.48905259636692));
#3223=CARTESIAN_POINT('',(-2.99126996878188,1.46869495233574,3.2744383405643));
#3224=CARTESIAN_POINT('',(-9.4602780931377,4.66603323097654,-1.69303425582264));
#3225=CARTESIAN_POINT('Origin',(-8.69594766990628,4.16603323097654,-4.31639210357973));
#3226=CARTESIAN_POINT('',(-8.67958639795757,4.66603323097654,-9.5145563772194));
#3227=CARTESIAN_POINT('',(-9.1934754548869,4.66603323097654,-4.36605197845155));
#3228=CARTESIAN_POINT('',(-8.67958639795757,4.66603323097654,-9.5145563772194));
#3229=CARTESIAN_POINT('Origin',(-7.92009641115302,4.16603323097654,-9.83691815553688));
#3230=CARTESIAN_POINT('',(-5.58786727014422,4.66603323097654,-14.9349170234605));
#3231=CARTESIAN_POINT('',(-5.55311296955874,4.63584455022574,-14.9349170234605));
#3232=CARTESIAN_POINT('',(-8.35441216837211,4.66603323097654,-10.0846474897531));
#3233=CARTESIAN_POINT('Origin',(6.28559102523055,4.16603323097654,-12.70251114884));
#3234=CARTESIAN_POINT('',(8.67958639795758,4.66603323097654,-9.5145563772194));
#3235=CARTESIAN_POINT('',(5.58786727014422,4.66603323097654,-14.9349170234605));
#3236=CARTESIAN_POINT('',(6.71990678244965,4.66603323097654,-12.9502404830562));
#3237=CARTESIAN_POINT('',(2.55862918259519,2.03474156339497,-14.9349170234605));
#3238=CARTESIAN_POINT('',(8.67958639795758,4.66603323097654,-9.5145563772194));
#3239=CARTESIAN_POINT('Origin',(8.33186271073345,4.16603323097654,-7.96405299176317));
#3240=CARTESIAN_POINT('',(9.4602780931377,4.66603323097654,-1.69303425582264));
#3241=CARTESIAN_POINT('',(8.82939049571406,4.66603323097654,-8.01371286663499));
#3242=CARTESIAN_POINT('',(9.4602780931377,4.66603323097654,-1.69303425582264));
#3243=CARTESIAN_POINT('Origin',(8.6918496626173,4.16603323097654,-1.34782308096647));
#3244=CARTESIAN_POINT('',(6.66125113509251,4.66603323097654,3.2744383405643));
#3245=CARTESIAN_POINT('',(6.54071594632771,4.56102130979867,3.2744383405643));
#3246=CARTESIAN_POINT('',(9.12745656817739,4.66603323097654,-1.1023712041589));
#3247=CARTESIAN_POINT('Origin',(7.96864793731022,3.66603323097654,2.46160660365469));
#3248=CARTESIAN_POINT('',(10.219863142028,2.21897695612883,-1.53365675237078));
#3249=CARTESIAN_POINT('',(10.219863142028,0.875,-1.53365675237078));
#3250=CARTESIAN_POINT('',(7.24942455838706,2.21897695612883,3.7380224721095));
#3251=CARTESIAN_POINT('Origin',(10.0623560618511,3.66603323097654,-3.11167419445032));
#3252=CARTESIAN_POINT('',(9.69332958176316,3.71603323097654,-6.80884273769041));
#3253=CARTESIAN_POINT('',(9.40030533199042,4.21308950582426,-9.74456712908965));
#3254=CARTESIAN_POINT('',(9.35967608555436,4.28200879117024,-10.151619684839));
#3255=CARTESIAN_POINT('',(9.40030533199042,4.66603323097654,-9.74456712908965));
#3256=CARTESIAN_POINT('',(9.40030533199042,0.875,-9.74456712908965));
#3257=CARTESIAN_POINT('',(10.219863142028,4.66603323097654,-1.53365675237078));
#3258=CARTESIAN_POINT('',(10.219863142028,4.66603323097654,-1.53365675237078));
#3259=CARTESIAN_POINT('',(10.219863142028,4.21308950582426,-1.53365675237078));
#3260=CARTESIAN_POINT('',(10.219863142028,0.875,-1.53365675237078));
#3261=CARTESIAN_POINT('',(10.0125890358023,3.71603323097654,-3.61027549578288));
#3262=CARTESIAN_POINT('',(10.4512962857461,4.76808066409046,0.785004332909117));
#3263=CARTESIAN_POINT('',(10.0125890358023,2.71603323097654,-3.61027549578288));
#3264=CARTESIAN_POINT('',(10.0125890358023,3.69103323097654,-3.61027549578288));
#3265=CARTESIAN_POINT('',(10.3801296221085,1.83464790981284,0.0720063115589684));
#3266=CARTESIAN_POINT('',(9.40030533199042,2.21897695612883,-9.74456712908965));
#3267=CARTESIAN_POINT('',(9.40030533199042,0.875,-9.74456712908965));
#3268=CARTESIAN_POINT('',(9.69332958176316,2.71603323097654,-6.80884273769041));
#3269=CARTESIAN_POINT('',(9.40961439973283,2.23476790359455,-9.65130229775314));
#3270=CARTESIAN_POINT('',(9.69332958176316,3.69103323097654,-6.80884273769041));
#3271=CARTESIAN_POINT('Origin',(-9.44135919815565,3.66603323097654,-0.152034829705873));
#3272=CARTESIAN_POINT('',(-7.51064079186175,4.66603323097654,3.2744383405643));
#3273=CARTESIAN_POINT('',(-7.51064079186175,4.21308950582426,3.2744383405643));
#3274=CARTESIAN_POINT('',(-7.51064079186175,2.99952492323241,3.2744383405643));
#3275=CARTESIAN_POINT('',(-10.219863142028,4.66603323097654,-1.53365675237078));
#3276=CARTESIAN_POINT('',(-10.219863142028,4.66603323097654,-1.53365675237078));
#3277=CARTESIAN_POINT('',(-10.219863142028,4.21308950582426,-1.53365675237078));
#3278=CARTESIAN_POINT('',(-10.219863142028,0.875,-1.53365675237078));
#3279=CARTESIAN_POINT('',(-7.98578018880977,4.21308950582426,2.43120175542921));
#3280=CARTESIAN_POINT('Origin',(-5.48474460611966,3.71603323097654,4.42535383622613));
#3281=CARTESIAN_POINT('',(-2.91228302736975,2.55368668606739,3.2744383405643));
#3282=CARTESIAN_POINT('',(-10.127036577926,3.99048559740725,-2.46365899148783));
#3283=CARTESIAN_POINT('Origin',(-6.89038515837272,3.66603323097654,-14.1449256260486));
#3284=CARTESIAN_POINT('',(-6.61106994246187,2.21897695612883,-14.6346173288296));
#3285=CARTESIAN_POINT('Origin',(-7.18128892933572,3.05000000000002,-13.6349170234605));
#3286=CARTESIAN_POINT('',(-9.40030533199042,2.21897695612883,-9.74456712908965));
#3287=CARTESIAN_POINT('',(-9.40030533199042,0.875,-9.74456712908965));
#3288=CARTESIAN_POINT('',(-6.16884435075081,2.21897695612883,-15.4099213247546));
#3289=CARTESIAN_POINT('Origin',(-9.50616546328669,3.66603323097654,-8.68398538623319));
#3290=CARTESIAN_POINT('',(-9.69332958176315,3.71603323097654,-6.80884273769041));
#3291=CARTESIAN_POINT('',(-9.09540878488951,4.73028472783558,-12.7992366005473));
#3292=CARTESIAN_POINT('',(-9.69332958176315,2.71603323097654,-6.80884273769041));
#3293=CARTESIAN_POINT('',(-9.69332958176316,3.69103323097654,-6.80884273769041));
#3294=CARTESIAN_POINT('',(-9.13919472142649,1.7760557046939,-12.3605580884734));
#3295=CARTESIAN_POINT('',(-9.40030533199042,4.66603323097654,-9.74456712908965));
#3296=CARTESIAN_POINT('Origin',(-5.78141375124497,4.37241250669244,-16.865490121571));
#3297=CARTESIAN_POINT('',(-5.05829864138279,3.71603323097654,-14.9349170234605));
#3298=CARTESIAN_POINT('',(-3.02341202921261,2.98388315643967,-14.9349170234605));
#3299=CARTESIAN_POINT('',(-4.40494572580308,3.71603323097654,-16.0803666213416));
#3300=CARTESIAN_POINT('Origin',(8.87221983210235,3.66603323097654,-10.6703995682958));
#3301=CARTESIAN_POINT('',(6.43978202076044,4.21308950582426,-14.9349170234605));
#3302=CARTESIAN_POINT('',(6.43978202076044,4.66603323097654,-14.9349170234605));
#3303=CARTESIAN_POINT('',(6.43978202076044,2.99952492323241,-14.9349170234605));
#3304=CARTESIAN_POINT('',(9.40030533199042,4.66603323097654,-9.74456712908965));
#3305=CARTESIAN_POINT('',(7.15976168761563,4.21308950582426,-13.6726582958782));
#3306=CARTESIAN_POINT('Origin',(6.01365838825707,4.48316013309079,-16.9979601237433));
#3307=CARTESIAN_POINT('',(5.05829864138279,3.71603323097654,-14.9349170234605));
#3308=CARTESIAN_POINT('',(3.14386456956935,3.02722185446486,-14.9349170234605));
#3309=CARTESIAN_POINT('',(4.40494572580308,3.71603323097654,-16.0803666213416));
#3310=CARTESIAN_POINT('Origin',(-4.40494572580308,2.71603323097654,-16.0803666213416));
#3311=CARTESIAN_POINT('',(-5.08318461320957,2.71603323097654,-14.8912872703177));
#3312=CARTESIAN_POINT('Origin',(-4.8716017146645,3.05000000000002,-13.6349170234605));
#3313=CARTESIAN_POINT('',(-4.40494572580308,2.71603323097654,-16.0803666213416));
#3314=CARTESIAN_POINT('Origin',(-4.40494572580308,3.71603323097654,-16.0803666213416));
#3315=CARTESIAN_POINT('',(-5.05829864138279,3.05000000000002,-14.9349170234605));
#3316=CARTESIAN_POINT('Origin',(-5.79980554995807,3.05000000000002,-13.6349170234605));
#3317=CARTESIAN_POINT('',(-5.05829864138279,3.02452492323241,-14.9349170234605));
#3318=CARTESIAN_POINT('Origin',(1.11022302462516E-15,2.33301661548827,-14.9349170234605));
#3319=CARTESIAN_POINT('',(5.05829864138279,3.05000000000002,-14.9349170234605));
#3320=CARTESIAN_POINT('',(5.55111512312578E-16,3.05000000000002,-14.9349170234605));
#3321=CARTESIAN_POINT('',(1.66533453693773E-15,4.66603323097654,-14.9349170234605));
#3322=CARTESIAN_POINT('',(1.66533453693773E-15,4.66603323097654,-14.9349170234605));
#3323=CARTESIAN_POINT('',(5.05829864138279,3.02452492323241,-14.9349170234605));
#3324=CARTESIAN_POINT('Origin',(4.40494572580308,3.71603323097654,-16.0803666213416));
#3325=CARTESIAN_POINT('',(5.08318461320957,2.71603323097654,-14.8912872703177));
#3326=CARTESIAN_POINT('Origin',(5.79980554995807,3.05000000000002,-13.6349170234605));
#3327=CARTESIAN_POINT('',(4.40494572580308,2.71603323097654,-16.0803666213416));
#3328=CARTESIAN_POINT('Origin',(4.40494572580308,2.71603323097654,-16.0803666213416));
#3329=CARTESIAN_POINT('',(6.61106994246187,2.21897695612883,-14.6346173288296));
#3330=CARTESIAN_POINT('Origin',(4.87160171466449,3.05000000000002,-13.6349170234605));
#3331=CARTESIAN_POINT('',(7.15976168761563,2.21897695612883,-13.6726582958782));
#3332=CARTESIAN_POINT('Origin',(8.87221983210235,3.66603323097654,-10.6703995682958));
#3333=CARTESIAN_POINT('Origin',(7.18128892933572,3.05000000000002,-13.6349170234605));
#3334=CARTESIAN_POINT('Origin',(5.55111512312578E-16,3.05000000000002,-13.6349170234605));
#3335=CARTESIAN_POINT('Origin',(5.48474460611966,2.71603323097654,4.42535383622613));
#3336=CARTESIAN_POINT('',(5.48474460611966,2.71603323097654,4.42535383622613));
#3337=CARTESIAN_POINT('Origin',(5.48474460611966,3.71603323097654,4.42535383622613));
#3338=CARTESIAN_POINT('',(6.13325215926298,3.71603323097654,3.2744383405643));
#3339=CARTESIAN_POINT('',(5.48474460611966,3.71603323097654,4.42535383622613));
#3340=CARTESIAN_POINT('',(6.13325215926298,3.02452492323241,3.2744383405643));
#3341=CARTESIAN_POINT('Origin',(7.16599890339776,4.51537585254865,5.3726919463213));
#3342=CARTESIAN_POINT('',(7.51064079186175,4.21308950582426,3.2744383405643));
#3343=CARTESIAN_POINT('',(3.78366260351619,2.86814019312192,3.2744383405643));
#3344=CARTESIAN_POINT('',(7.24942455838706,4.21308950582426,3.7380224721095));
#3345=CARTESIAN_POINT('Origin',(7.96864793731022,3.66603323097654,2.46160660365469));
#3346=CARTESIAN_POINT('',(7.51064079186175,4.66603323097654,3.2744383405643));
#3347=CARTESIAN_POINT('',(7.51064079186175,2.99952492323241,3.2744383405643));
#3348=CARTESIAN_POINT('',(6.53020117946389,4.66603323097654,5.0144383405643));
#3349=CARTESIAN_POINT('Origin',(2.22044604925031E-15,4.66603323097654,-5.8302393414481));
#3350=CARTESIAN_POINT('',(1.09375864163851E-15,4.66603323097654,3.2744383405643));
#3351=CARTESIAN_POINT('Origin',(2.22044604925031E-15,4.66603323097654,-5.8302393414481));
#3352=CARTESIAN_POINT('',(1.09375864163851E-15,4.66603323097654,3.2744383405643));
#3353=CARTESIAN_POINT('Origin',(5.6732587882212E-16,2.33301661548827,3.2744383405643));
#3354=CARTESIAN_POINT('',(-2.26144780623818,3.69786429878363,3.2744383405643));
#3355=CARTESIAN_POINT('Ctrl Pts',(-2.22810264634344,4.33077756381158,3.27444069531168));
#3356=CARTESIAN_POINT('Ctrl Pts',(-2.2512595707919,4.12040221756877,3.2744411790621));
#3357=CARTESIAN_POINT('Ctrl Pts',(-2.26084654202546,3.90847004931429,3.27444122871683));
#3358=CARTESIAN_POINT('Ctrl Pts',(-2.25976797766424,3.69787222402066,3.27443980201594));
#3359=CARTESIAN_POINT('Ctrl Pts',(-2.26144780623818,3.69786429878363,3.2744383405643));
#3360=CARTESIAN_POINT('Ctrl Pts',(-2.26042896090115,3.48191044104679,3.2744383405643));
#3361=CARTESIAN_POINT('Ctrl Pts',(-2.2596844951158,3.26595536465928,3.2744383405643));
#3362=CARTESIAN_POINT('Ctrl Pts',(-2.25906166271838,3.04999999402364,3.2744383405643));
#3363=CARTESIAN_POINT('Origin',(-1.24999998624834,3.05,3.27443833667119));
#3364=CARTESIAN_POINT('Ctrl Pts',(1.03848988810384,3.38648282597541,4.43195465986906));
#3365=CARTESIAN_POINT('Ctrl Pts',(1.22456142327365,3.33650567079046,4.26003095842642));
#3366=CARTESIAN_POINT('Ctrl Pts',(1.42509475291148,3.2824594069976,4.07410933725551));
#3367=CARTESIAN_POINT('Ctrl Pts',(1.91451472719659,3.16298837492274,3.66312351836546));
#3368=CARTESIAN_POINT('Ctrl Pts',(2.19355946413929,3.10299963672812,3.45675951297051));
#3369=CARTESIAN_POINT('Ctrl Pts',(2.5,3.05000000113171,3.27443834056431));
#3370=CARTESIAN_POINT('',(-1.26151011189616,3.38648282597541,4.43195465986906));
#3371=CARTESIAN_POINT('',(-1.26151011189616,3.38648282597541,4.43195465986906));
#3372=CARTESIAN_POINT('',(-1.26003245998616,3.34328568758656,4.28335452654699));
#3373=CARTESIAN_POINT('',(-1.24999998624834,3.05,3.27443833667119));
#3374=CARTESIAN_POINT('Ctrl Pts',(-2.25906166273888,3.0500000011318,3.2744383405643));
#3375=CARTESIAN_POINT('Ctrl Pts',(-2.21597019104787,3.05000000126344,3.2744383395777));
#3376=CARTESIAN_POINT('Ctrl Pts',(-2.17311250222623,3.05080925918758,3.27740879045506));
#3377=CARTESIAN_POINT('Ctrl Pts',(-2.13071120692679,3.05240944111886,3.28314606002346));
#3378=CARTESIAN_POINT('Ctrl Pts',(-2.0867408246763,3.05406883880216,3.28909564090808));
#3379=CARTESIAN_POINT('Ctrl Pts',(-2.04326025518365,3.05657878452665,3.29802080593104));
#3380=CARTESIAN_POINT('Ctrl Pts',(-2.00051728054118,3.05991878737035,3.30975118044854));
#3381=CARTESIAN_POINT('Ctrl Pts',(-1.96461262455253,3.0627244333065,3.31960484798553));
#3382=CARTESIAN_POINT('Ctrl Pts',(-1.92922810628579,3.06611578606126,3.3314390877852));
#3383=CARTESIAN_POINT('Ctrl Pts',(-1.89451833007961,3.07008064712184,3.3451801952843));
#3384=CARTESIAN_POINT('Ctrl Pts',(-1.85349534787873,3.07476665903247,3.36142061138515));
#3385=CARTESIAN_POINT('Ctrl Pts',(-1.81372756872215,3.0802167757046,3.38019942010517));
#3386=CARTESIAN_POINT('Ctrl Pts',(-1.77543452610935,3.0863780769771,3.40132080824887));
#3387=CARTESIAN_POINT('Ctrl Pts',(-1.73644610240401,3.09265126417242,3.4228257494602));
#3388=CARTESIAN_POINT('Ctrl Pts',(-1.69898540026976,3.09966170413716,3.44675955300965));
#3389=CARTESIAN_POINT('Ctrl Pts',(-1.6632958480991,3.10735338407434,3.47296804611747));
#3390=CARTESIAN_POINT('Ctrl Pts',(-1.63310397013836,3.11386022565268,3.49513934212203));
#3391=CARTESIAN_POINT('Ctrl Pts',(-1.604179471461,3.12085459250705,3.51893958170615));
#3392=CARTESIAN_POINT('Ctrl Pts',(-1.5766846811104,3.12830245296103,3.54430042820358));
#3393=CARTESIAN_POINT('Ctrl Pts',(-1.54389586509855,3.1371843728809,3.57454441694128));
#3394=CARTESIAN_POINT('Ctrl Pts',(-1.51335560974687,3.14665165338642,3.60680813040676));
#3395=CARTESIAN_POINT('Ctrl Pts',(-1.48528612894554,3.15662838457879,3.64092866962568));
#3396=CARTESIAN_POINT('Ctrl Pts',(-1.4816412523351,3.15792388250514,3.64535928792656));
#3397=CARTESIAN_POINT('Ctrl Pts',(-1.47803806824764,3.15922797019829,3.64982127982924));
#3398=CARTESIAN_POINT('Ctrl Pts',(-1.47447709418355,3.16054048112742,3.65431434496175));
#3399=CARTESIAN_POINT('Ctrl Pts',(-1.4474865616579,3.17048870548552,3.6883696956653));
#3400=CARTESIAN_POINT('Ctrl Pts',(-1.42291778356016,3.18092086025578,3.7242068767043));
#3401=CARTESIAN_POINT('Ctrl Pts',(-1.40080617875483,3.19176493941728,3.76151278689054));
#3402=CARTESIAN_POINT('Ctrl Pts',(-1.38271165065152,3.20063894457746,3.79204122868514));
#3403=CARTESIAN_POINT('Ctrl Pts',(-1.36626318938591,3.20978879488848,3.82355434837638));
#3404=CARTESIAN_POINT('Ctrl Pts',(-1.35150080460809,3.21917489617153,3.85589618527821));
#3405=CARTESIAN_POINT('Ctrl Pts',(-1.33304541449877,3.23090905453359,3.89632875940894));
#3406=CARTESIAN_POINT('Ctrl Pts',(-1.31730408177111,3.24296265718836,3.93788001263099));
#3407=CARTESIAN_POINT('Ctrl Pts',(-1.30432881286829,3.25525271498869,3.98023502701753));
#3408=CARTESIAN_POINT('Ctrl Pts',(-1.2958019393121,3.2633292927958,4.00806919791986));
#3409=CARTESIAN_POINT('Ctrl Pts',(-1.28847049940431,3.27150798113113,4.0362512354373));
#3410=CARTESIAN_POINT('Ctrl Pts',(-1.28236023240871,3.27976515157999,4.06469708712442));
#3411=CARTESIAN_POINT('Ctrl Pts',(-1.27300750954772,3.29240404720922,4.10823792872202));
#3412=CARTESIAN_POINT('Ctrl Pts',(-1.26653857411109,3.30519313750778,4.15227971813602));
#3413=CARTESIAN_POINT('Ctrl Pts',(-1.26304111041517,3.31804672394002,4.19652245424817));
#3414=CARTESIAN_POINT('Ctrl Pts',(-1.26075773376195,3.32643839908555,4.22540705162957));
#3415=CARTESIAN_POINT('Ctrl Pts',(-1.25974187320033,3.33485755796339,4.25437770986097));
#3416=CARTESIAN_POINT('Ctrl Pts',(-1.26002987402169,3.34328026963401,4.28335239892404));
#3417=CARTESIAN_POINT('Origin',(1.25000001375166,8.60408697013932,-5.19152603257231));
#3418=CARTESIAN_POINT('',(2.22703044234745,4.33141532529929,2.72960248648228));
#3419=CARTESIAN_POINT('',(-1.23992752146892,4.33141532529929,2.72960248648228));
#3420=CARTESIAN_POINT('',(1.03848988810385,4.33141532529929,2.72960248648228));
#3421=CARTESIAN_POINT('Ctrl Pts',(2.22703044234745,4.33141532529929,2.72960248648228));
#3422=CARTESIAN_POINT('Ctrl Pts',(2.31019345485676,4.28191341167696,2.70290106102369));
#3423=CARTESIAN_POINT('Ctrl Pts',(2.39806454331882,4.23784503066586,2.67852967415728));
#3424=CARTESIAN_POINT('Ctrl Pts',(2.49275859672309,4.19889203061119,2.65667506411902));
#3425=CARTESIAN_POINT('Ctrl Pts',(2.49637680219566,4.19741603390291,2.65584639938575));
#3426=CARTESIAN_POINT('Ctrl Pts',(2.50000000000007,4.19595037822606,2.65502300423587));
#3427=CARTESIAN_POINT('Ctrl Pts',(-1.23494148994144,3.2038434213917,2.00829129943061));
#3428=CARTESIAN_POINT('Ctrl Pts',(-1.2365312462682,3.56182405436154,2.27679569539342));
#3429=CARTESIAN_POINT('Ctrl Pts',(-1.23807288058612,3.93877639385553,2.51781230721622));
#3430=CARTESIAN_POINT('Ctrl Pts',(-1.23992752146892,4.33141532529929,2.72960248648228));
#3431=CARTESIAN_POINT('Origin',(5.6732587882212E-16,2.33301661548827,3.2744383405643));
#3432=CARTESIAN_POINT('Ctrl Pts',(2.5,3.66603322887356,3.27443834056431));
#3433=CARTESIAN_POINT('Ctrl Pts',(2.5,3.46523724416168,3.27443834056431));
#3434=CARTESIAN_POINT('Ctrl Pts',(2.5,3.25978911741838,3.27443834056431));
#3435=CARTESIAN_POINT('Ctrl Pts',(2.5,3.0500000011317,3.27443834056431));
#3436=CARTESIAN_POINT('Origin',(3.25,6.05,8.2744383405643));
#3437=CARTESIAN_POINT('',(1.43249795120615,5.21532263560694,3.2744383405643));
#3438=CARTESIAN_POINT('Ctrl Pts',(1.43249795120615,5.21532263560694,3.2744383405643));
#3439=CARTESIAN_POINT('Ctrl Pts',(1.53801539781478,4.98555939585005,3.11381669218218));
#3440=CARTESIAN_POINT('Ctrl Pts',(1.69380148987357,4.76655478212864,2.97743394152818));
#3441=CARTESIAN_POINT('Ctrl Pts',(1.98498605732063,4.49497362311571,2.81930039091365));
#3442=CARTESIAN_POINT('Ctrl Pts',(2.09998276614941,4.40703912611302,2.7703941070998));
#3443=CARTESIAN_POINT('Ctrl Pts',(2.22703044234745,4.33141532529929,2.72960248648228));
#3444=CARTESIAN_POINT('',(1.34192882144262,5.45061333217691,3.44464041084612));
#3445=CARTESIAN_POINT('Ctrl Pts',(1.341928821444,5.45061333217705,3.44464041084652));
#3446=CARTESIAN_POINT('Ctrl Pts',(1.36685089255342,5.37127709040423,3.38527803277548));
#3447=CARTESIAN_POINT('Ctrl Pts',(1.39701537021418,5.29258561936624,3.32845093119225));
#3448=CARTESIAN_POINT('Ctrl Pts',(1.43249795120636,5.21532263560649,3.27443834056399));
#3449=CARTESIAN_POINT('Ctrl Pts',(2.5,4.19595037822609,3.27443834056431));
#3450=CARTESIAN_POINT('Ctrl Pts',(2.27536983627685,4.28681775351844,3.36863614038729));
#3451=CARTESIAN_POINT('Ctrl Pts',(2.06618208622648,4.41897360493357,3.4616455084017));
#3452=CARTESIAN_POINT('Ctrl Pts',(1.75565887376347,4.70905556340925,3.54912914216215));
#3453=CARTESIAN_POINT('Ctrl Pts',(1.64363574406284,4.84497205040861,3.56275735484381));
#3454=CARTESIAN_POINT('Ctrl Pts',(1.44570725647872,5.16513078149373,3.53192872775114));
#3455=CARTESIAN_POINT('Ctrl Pts',(1.38169517947331,5.32402219209131,3.48626351409724));
#3456=CARTESIAN_POINT('Ctrl Pts',(1.34192882144396,5.45061333217717,3.44464041084563));
#3457=CARTESIAN_POINT('Origin',(1.03848988810385,0.0587436804592589,10.6507310055369));
#3458=CARTESIAN_POINT('Ctrl Pts',(-1.23992752146892,4.33141532529929,2.72960248648228));
#3459=CARTESIAN_POINT('Ctrl Pts',(-1.24010353426915,4.3686783223806,2.74970221730322));
#3460=CARTESIAN_POINT('Ctrl Pts',(-1.24029430291109,4.40578448826534,2.77003174505341));
#3461=CARTESIAN_POINT('Ctrl Pts',(-1.24050336620577,4.44275125937535,2.79063783824099));
#3462=CARTESIAN_POINT('Ctrl Pts',(-1.24071239921205,4.47971267486027,2.81124094608509));
#3463=CARTESIAN_POINT('Ctrl Pts',(-1.24093972157051,4.51653478293277,2.83212064913242));
#3464=CARTESIAN_POINT('Ctrl Pts',(-1.24118887055436,4.55321436165176,2.85327538413482));
#3465=CARTESIAN_POINT('Ctrl Pts',(-1.24143801953821,4.58989394037074,2.87443011913723));
#3466=CARTESIAN_POINT('Ctrl Pts',(-1.24170899514744,4.62643105603495,2.89586004119718));
#3467=CARTESIAN_POINT('Ctrl Pts',(-1.24200533465524,4.66280098416164,2.91751328299571));
#3468=CARTESIAN_POINT('Ctrl Pts',(-1.2422356123689,4.69106310809323,2.93433945326195));
#3469=CARTESIAN_POINT('Ctrl Pts',(-1.2424805827771,4.71921177464923,2.95127157821125));
#3470=CARTESIAN_POINT('Ctrl Pts',(-1.24274431328516,4.7472712182734,2.96837128847026));
#3471=CARTESIAN_POINT('Ctrl Pts',(-1.24300499792676,4.77500659882668,2.98527351139872));
#3472=CARTESIAN_POINT('Ctrl Pts',(-1.24328401184363,4.80265484474005,3.00233956297274));
#3473=CARTESIAN_POINT('Ctrl Pts',(-1.24358528313705,4.83021957308,3.01958267151144));
#3474=CARTESIAN_POINT('Ctrl Pts',(-1.24388018855091,4.8572018571423,3.03646143218597));
#3475=CARTESIAN_POINT('Ctrl Pts',(-1.24419642067951,4.88410413852394,3.053509899581));
#3476=CARTESIAN_POINT('Ctrl Pts',(-1.2445376638455,4.91091032894008,3.07069490657506));
#3477=CARTESIAN_POINT('Ctrl Pts',(-1.24475435682301,4.92793254006613,3.08160756565546));
#3478=CARTESIAN_POINT('Ctrl Pts',(-1.2449811352081,4.94491561438448,3.09257437209256));
#3479=CARTESIAN_POINT('Ctrl Pts',(-1.24521894241037,4.96185112005236,3.10357674477031));
#3480=CARTESIAN_POINT('Ctrl Pts',(-1.2459761120789,5.0157731673685,3.13860790780461));
#3481=CARTESIAN_POINT('Ctrl Pts',(-1.24681178365989,5.0665553468809,3.17241330968251));
#3482=CARTESIAN_POINT('Ctrl Pts',(-1.24773648084274,5.11385640854671,3.20451746828041));
#3483=CARTESIAN_POINT('Ctrl Pts',(-1.24901047963723,5.17902530562842,3.24874887734145));
#3484=CARTESIAN_POINT('Ctrl Pts',(-1.25045346566027,5.23758541475575,3.28974872599612));
#3485=CARTESIAN_POINT('Ctrl Pts',(-1.25209296068864,5.28860323821337,3.32617748114455));
#3486=CARTESIAN_POINT('Ctrl Pts',(-1.25339586108324,5.3291469063331,3.35512727277924));
#3487=CARTESIAN_POINT('Ctrl Pts',(-1.25482286516379,5.36492547736047,3.38118595261951));
#3488=CARTESIAN_POINT('Ctrl Pts',(-1.25638778566923,5.39547455016728,3.40369083721899));
#3489=CARTESIAN_POINT('Ctrl Pts',(-1.25774403870136,5.4219501906098,3.42319490651185));
#3490=CARTESIAN_POINT('Ctrl Pts',(-1.25920388055027,5.44449751430576,3.44002867614786));
#3491=CARTESIAN_POINT('Ctrl Pts',(-1.26077630257057,5.46282952359342,3.45379657436941));
#3492=CARTESIAN_POINT('Ctrl Pts',(-1.26101822890893,5.46565001060286,3.45591484615685));
#3493=CARTESIAN_POINT('Ctrl Pts',(-1.26126282020287,5.46837075396389,3.45796063664611));
#3494=CARTESIAN_POINT('Ctrl Pts',(-1.26151010919907,5.47099075504707,3.45993261422565));
#3495=CARTESIAN_POINT('Ctrl Pts',(1.34192882144191,5.45061333217646,3.44464041084608));
#3496=CARTESIAN_POINT('Ctrl Pts',(1.24207555588935,5.45928096225007,3.45112585963861));
#3497=CARTESIAN_POINT('Ctrl Pts',(1.14162537647084,5.46567489008191,3.45593155302713));
#3498=CARTESIAN_POINT('Ctrl Pts',(1.03848988810384,5.47099078927713,3.45993263309639));
#3499=CARTESIAN_POINT('Ctrl Pts',(2.5,7.15872983473613,3.27443834056431));
#3500=CARTESIAN_POINT('Ctrl Pts',(2.5,6.68183352145401,3.27443834056431));
#3501=CARTESIAN_POINT('Ctrl Pts',(2.5,5.5306606853853,3.27443834056431));
#3502=CARTESIAN_POINT('Ctrl Pts',(2.5,4.00989093141042,3.27443834056431));
#3503=CARTESIAN_POINT('Ctrl Pts',(2.5,3.0500000011317,3.27443834056431));
#3504=CARTESIAN_POINT('Ctrl Pts',(2.05376656609298,6.56475995961153,3.12970242607509));
#3505=CARTESIAN_POINT('Ctrl Pts',(2.0221684386875,6.09250334231767,3.19391268864613));
#3506=CARTESIAN_POINT('Ctrl Pts',(1.94178680367637,5.00243175276688,3.35758711815341));
#3507=CARTESIAN_POINT('Ctrl Pts',(1.89584124249645,3.63767909074119,3.55381656233274));
#3508=CARTESIAN_POINT('Ctrl Pts',(1.85349840623788,2.76170243811198,3.65908369502474));
#3509=CARTESIAN_POINT('Ctrl Pts',(1.54029055743986,5.97180237303283,3.19487260052823));
#3510=CARTESIAN_POINT('Ctrl Pts',(1.50851025143553,5.5041921664942,3.33498165087848));
#3511=CARTESIAN_POINT('Ctrl Pts',(1.42892084540025,4.47503699404925,3.6595879743212));
#3512=CARTESIAN_POINT('Ctrl Pts',(1.38289029564812,3.26611475728236,4.03004240940135));
#3513=CARTESIAN_POINT('Ctrl Pts',(1.33650371413683,2.47403424858978,4.25818889635626));
#3514=CARTESIAN_POINT('Ctrl Pts',(1.03848988810384,5.47099078927713,3.45993263309639));
#3515=CARTESIAN_POINT('Ctrl Pts',(1.03848988810384,5.00791644732817,3.67586774504228));
#3516=CARTESIAN_POINT('Ctrl Pts',(1.03848988810384,4.02667975914775,4.13342592720345));
#3517=CARTESIAN_POINT('Ctrl Pts',(1.03848988810384,2.95318580116356,4.6340043807946));
#3518=CARTESIAN_POINT('Ctrl Pts',(1.03848988810385,2.23678088248091,4.96806948071623));
#3519=CARTESIAN_POINT('Ctrl Pts',(-1.23494148994144,5.65336644016179,3.03175934964019));
#3520=CARTESIAN_POINT('Ctrl Pts',(-1.24379769725968,5.59257453895233,3.17448378565719));
#3521=CARTESIAN_POINT('Ctrl Pts',(-1.25265390457792,5.53178263774287,3.31720822167419));
#3522=CARTESIAN_POINT('Ctrl Pts',(-1.26151011189616,5.4709907365334,3.45993265769119));
#3523=CARTESIAN_POINT('Ctrl Pts',(-1.23494148994144,4.83685876723843,2.69060333290366));
#3524=CARTESIAN_POINT('Ctrl Pts',(-1.24379769725968,4.86183103226914,3.03396854726193));
#3525=CARTESIAN_POINT('Ctrl Pts',(-1.25265390457792,4.88680329729985,3.3773337616202));
#3526=CARTESIAN_POINT('Ctrl Pts',(-1.26151011189616,4.91177556233055,3.72069897597846));
#3527=CARTESIAN_POINT('Ctrl Pts',(-1.23494148994144,4.02035109431507,2.34944731616714));
#3528=CARTESIAN_POINT('Ctrl Pts',(-1.24379769725968,4.13108752558595,2.89345330886667));
#3529=CARTESIAN_POINT('Ctrl Pts',(-1.25265390457792,4.24182395685683,3.4374593015662));
#3530=CARTESIAN_POINT('Ctrl Pts',(-1.26151011189616,4.35256038812771,3.98146529426573));
#3531=CARTESIAN_POINT('Ctrl Pts',(-1.23494148994144,3.2038434213917,2.00829129943061));
#3532=CARTESIAN_POINT('Ctrl Pts',(-1.24379769725968,3.40034401890275,2.75293807047141));
#3533=CARTESIAN_POINT('Ctrl Pts',(-1.25265390457792,3.59684461641381,3.4975848415122));
#3534=CARTESIAN_POINT('Ctrl Pts',(-1.26151011189616,3.79334521392486,4.242231612553));
#3535=CARTESIAN_POINT('',(-1.26151011189616,5.47099073615971,3.45993265786545));
#3536=CARTESIAN_POINT('Ctrl Pts',(-1.26003245998616,3.66747337202725,4.15487801853814));
#3537=CARTESIAN_POINT('Ctrl Pts',(-1.26052501062283,3.67917621109651,4.19810376100392));
#3538=CARTESIAN_POINT('Ctrl Pts',(-1.26101756125949,3.69087905016577,4.24132950346969));
#3539=CARTESIAN_POINT('Ctrl Pts',(-1.26151011189616,3.70258188923504,4.28455524593547));
#3540=CARTESIAN_POINT('Ctrl Pts',(-1.26003245998616,3.55941081054702,4.19770352120775));
#3541=CARTESIAN_POINT('Ctrl Pts',(-1.26052501062283,3.57201238530307,4.24303180877628));
#3542=CARTESIAN_POINT('Ctrl Pts',(-1.26101756125949,3.58461396005911,4.28836009634481));
#3543=CARTESIAN_POINT('Ctrl Pts',(-1.26151011189616,3.59721553481516,4.33368838391334));
#3544=CARTESIAN_POINT('Ctrl Pts',(-1.26003245998616,3.45134824906679,4.24052902387737));
#3545=CARTESIAN_POINT('Ctrl Pts',(-1.26052501062283,3.46484855950962,4.28795985654865));
#3546=CARTESIAN_POINT('Ctrl Pts',(-1.26101756125949,3.47834886995245,4.33539068921992));
#3547=CARTESIAN_POINT('Ctrl Pts',(-1.26151011189616,3.49184918039529,4.3828215218912));
#3548=CARTESIAN_POINT('Ctrl Pts',(-1.26003245998616,3.34328568758656,4.28335452654699));
#3549=CARTESIAN_POINT('Ctrl Pts',(-1.26052501062283,3.35768473371618,4.33288790432101));
#3550=CARTESIAN_POINT('Ctrl Pts',(-1.26101756125949,3.37208377984579,4.38242128209503));
#3551=CARTESIAN_POINT('Ctrl Pts',(-1.26151011189616,3.38648282597541,4.43195465986906));
#3552=CARTESIAN_POINT('',(-1.26151011189616,3.70258188923504,4.28455524593547));
#3553=CARTESIAN_POINT('Ctrl Pts',(-1.26002989333758,3.34328570284455,4.28335241470284));
#3554=CARTESIAN_POINT('Ctrl Pts',(-1.26045537960816,3.4629670621733,4.2836999866338));
#3555=CARTESIAN_POINT('Ctrl Pts',(-1.26093994029416,3.58271793090195,4.28409393769817));
#3556=CARTESIAN_POINT('Ctrl Pts',(-1.26151011189616,3.70258188923504,4.28455524593547));
#3557=CARTESIAN_POINT('',(-1.26151011189616,5.47099073615971,3.45993265786545));
#3558=CARTESIAN_POINT('Ctrl Pts',(-1.26151011189616,4.89288696027079,3.72950687577077));
#3559=CARTESIAN_POINT('Ctrl Pts',(-1.26151011189616,4.50993106812361,3.90808214101458));
#3560=CARTESIAN_POINT('Ctrl Pts',(-1.26151011189616,4.10333614199905,4.09768046883343));
#3561=CARTESIAN_POINT('Ctrl Pts',(-1.26151011189616,3.70258188923504,4.28455524593547));
#3562=CARTESIAN_POINT('Ctrl Pts',(-1.35988022589577,4.92416964113997,3.57067646010889));
#3563=CARTESIAN_POINT('Ctrl Pts',(-1.35296114258933,4.52301602435335,3.69296874223903));
#3564=CARTESIAN_POINT('Ctrl Pts',(-1.31683856406913,4.10252290231461,3.83175708969134));
#3565=CARTESIAN_POINT('Ctrl Pts',(-1.25846367888306,3.70259626195383,3.98344429392818));
#3566=CARTESIAN_POINT('Ctrl Pts',(-1.60911011324737,5.00342723993784,3.3459276451482));
#3567=CARTESIAN_POINT('Ctrl Pts',(-1.63943875004437,4.5733592858498,3.37711304296404));
#3568=CARTESIAN_POINT('Ctrl Pts',(-1.5983172956486,4.12329188334673,3.41351945175287));
#3569=CARTESIAN_POINT('Ctrl Pts',(-1.50747841667715,3.70142143920645,3.45938402173565));
#3570=CARTESIAN_POINT('Ctrl Pts',(-1.92517079525374,5.1039377003663,3.2744383405643));
#3571=CARTESIAN_POINT('Ctrl Pts',(-2.03811785381143,4.64856852823133,3.27434922313518));
#3572=CARTESIAN_POINT('Ctrl Pts',(-2.06427670635819,4.1670580588347,3.27493304758769));
#3573=CARTESIAN_POINT('Ctrl Pts',(-2.03560554756382,3.69892979645321,3.2744383405643));
#3574=CARTESIAN_POINT('Ctrl Pts',(-2.06055953726309,5.14699267547363,3.2744383405643));
#3575=CARTESIAN_POINT('Ctrl Pts',(-2.20882435994653,4.68076576958621,3.2744383405643));
#3576=CARTESIAN_POINT('Ctrl Pts',(-2.26374964030014,4.18575969122634,3.2744383405643));
#3577=CARTESIAN_POINT('Ctrl Pts',(-2.26144780623818,3.69786429878363,3.2744383405643));
#3578=CARTESIAN_POINT('Origin',(-2.26144780623818,3.69786429878363,4.2744383405643));
#3579=CARTESIAN_POINT('',(-1.26151011189616,5.47099073615971,3.45993265786545));
#3580=CARTESIAN_POINT('Ctrl Pts',(-2.25906062048374,3.04963857948162,3.2744383405643));
#3581=CARTESIAN_POINT('Ctrl Pts',(-2.25968366459512,3.26571442195937,3.2744383405643));
#3582=CARTESIAN_POINT('Ctrl Pts',(-2.26042839253445,3.48178997037685,3.2744383405643));
#3583=CARTESIAN_POINT('Ctrl Pts',(-2.26144780623818,3.69786429878363,3.2744383405643));
#3584=CARTESIAN_POINT('Ctrl Pts',(-1.95831026940795,3.05050577839236,3.2744383405643));
#3585=CARTESIAN_POINT('Ctrl Pts',(-1.9588328102859,3.26670655305435,3.27443421550762));
#3586=CARTESIAN_POINT('Ctrl Pts',(-1.95946669888105,3.48293861485773,3.27444501273264));
#3587=CARTESIAN_POINT('Ctrl Pts',(-1.96032479467237,3.69928496234307,3.2744383405643));
#3588=CARTESIAN_POINT('Ctrl Pts',(-1.43738383516346,3.05200784425774,3.5280440723505));
#3589=CARTESIAN_POINT('Ctrl Pts',(-1.43774676096063,3.26842309465544,3.52822195765715));
#3590=CARTESIAN_POINT('Ctrl Pts',(-1.43817785252807,3.48493227982097,3.5284277619469));
#3591=CARTESIAN_POINT('Ctrl Pts',(-1.4387799671685,3.70174555054985,3.52871493323403));
#3592=CARTESIAN_POINT('Ctrl Pts',(-1.25725976362372,3.05252722319804,4.05703162001105));
#3593=CARTESIAN_POINT('Ctrl Pts',(-1.25776965403782,3.26901709039982,4.05747770731537));
#3594=CARTESIAN_POINT('Ctrl Pts',(-1.25838477292768,3.48561792053638,4.05800260885028));
#3595=CARTESIAN_POINT('Ctrl Pts',(-1.25922528713634,3.70259266877413,4.05872203193001));
#3596=CARTESIAN_POINT('Ctrl Pts',(-1.25909798510978,3.0525219227764,4.28258783057372));
#3597=CARTESIAN_POINT('Ctrl Pts',(-1.25972644088593,3.26901034710542,4.2831058810826));
#3598=CARTESIAN_POINT('Ctrl Pts',(-1.26047801908711,3.48561084222924,4.28372021151285));
#3599=CARTESIAN_POINT('Ctrl Pts',(-1.26151011189616,3.70258188923504,4.28455524593547));
#3600=CARTESIAN_POINT('Origin',(-1.05000000000002,9.28669822771844,12.9350938066896));
#3601=CARTESIAN_POINT('',(-1.05000000000002,9.28669822771844,12.9350938066896));
#3602=CARTESIAN_POINT('Origin',(1.24999999999998,9.28669822771844,12.9350938066896));
#3603=UNCERTAINTY_MEASURE_WITH_UNIT(LENGTH_MEASURE(0.01),#3607,
'DISTANCE_ACCURACY_VALUE',
'Maximum model space distance between geometric entities at asserted c
onnectivities');
#3604=UNCERTAINTY_MEASURE_WITH_UNIT(LENGTH_MEASURE(0.01),#3607,
'DISTANCE_ACCURACY_VALUE',
'Maximum model space distance between geometric entities at asserted c
onnectivities');
#3605=(
GEOMETRIC_REPRESENTATION_CONTEXT(3)
GLOBAL_UNCERTAINTY_ASSIGNED_CONTEXT((#3603))
GLOBAL_UNIT_ASSIGNED_CONTEXT((#3607,#3609,#3610))
REPRESENTATION_CONTEXT('','3D')
);
#3606=(
GEOMETRIC_REPRESENTATION_CONTEXT(3)
GLOBAL_UNCERTAINTY_ASSIGNED_CONTEXT((#3604))
GLOBAL_UNIT_ASSIGNED_CONTEXT((#3607,#3609,#3610))
REPRESENTATION_CONTEXT('','3D')
);
#3607=(
LENGTH_UNIT()
NAMED_UNIT(*)
SI_UNIT(.MILLI.,.METRE.)
);
#3608=(
LENGTH_UNIT()
NAMED_UNIT(*)
SI_UNIT($,.METRE.)
);
#3609=(
NAMED_UNIT(*)
PLANE_ANGLE_UNIT()
SI_UNIT($,.RADIAN.)
);
#3610=(
NAMED_UNIT(*)
SI_UNIT($,.STERADIAN.)
SOLID_ANGLE_UNIT()
);
#3611=SHAPE_DEFINITION_REPRESENTATION(#3612,#3613);
#3612=PRODUCT_DEFINITION_SHAPE('',$,#3615);
#3613=SHAPE_REPRESENTATION('',(#2054),#3605);
#3614=PRODUCT_DEFINITION_CONTEXT('part definition',#3619,'design');
#3615=PRODUCT_DEFINITION('2026-08-05-14-29-09-898','mouse_base',#3616,#3614);
#3616=PRODUCT_DEFINITION_FORMATION('',$,#3621);
#3617=PRODUCT_RELATED_PRODUCT_CATEGORY('mouse_base','mouse_base',(#3621));
#3618=APPLICATION_PROTOCOL_DEFINITION('international standard',
'automotive_design',2009,#3619);
#3619=APPLICATION_CONTEXT(
'Core Data for Automotive Mechanical Design Process');
#3620=PRODUCT_CONTEXT('part definition',#3619,'mechanical');
#3621=PRODUCT('2026-08-05-14-29-09-898','mouse_base',$,(#3620));
#3622=PRESENTATION_STYLE_ASSIGNMENT((#3623));
#3623=SURFACE_STYLE_USAGE(.BOTH.,#3624);
#3624=SURFACE_SIDE_STYLE('',(#3625));
#3625=SURFACE_STYLE_FILL_AREA(#3626);
#3626=FILL_AREA_STYLE('Plastic - Glossy (White)',(#3627));
#3627=FILL_AREA_STYLE_COLOUR('Plastic - Glossy (White)',#3628);
#3628=COLOUR_RGB('Plastic - Glossy (White)',0.964705882352941,0.964705882352941,
0.952941176470588);
ENDSEC;
END-ISO-10303-21;
